split,L,code_id,count,prob
test-clean,1,0,474,0.0035862903835968828
test-clean,1,1,493,0.003730044639479458
test-clean,1,2,65,0.0004917908753877581
test-clean,1,3,250,0.001891503366875993
test-clean,1,4,1059,0.008012408262086707
test-clean,1,5,185,0.0013997124914882349
test-clean,1,6,369,0.0027918589695089657
test-clean,1,7,362,0.002738896875236438
test-clean,1,8,454,0.0034349701142468033
test-clean,1,9,127,0.0009608837103730045
test-clean,1,10,220,0.0016645229628508738
test-clean,1,11,483,0.0036543845048044184
test-clean,1,12,302,0.0022849360671861997
test-clean,1,13,115,0.0008700915487629568
test-clean,1,14,337,0.0025497465385488386
test-clean,1,15,891,0.006741317999546039
test-clean,1,16,356,0.002693500794431414
test-clean,1,17,149,0.0011273360066580919
test-clean,1,18,287,0.00217144586517364
test-clean,1,19,396,0.002996141333131573
test-clean,1,20,227,0.0017174850571234016
test-clean,1,21,277,0.0020957857304986
test-clean,1,22,360,0.00272376484830143
test-clean,1,23,113,0.0008549595218279489
test-clean,1,24,117,0.0008852235756979648
test-clean,1,25,82,0.0006204131043353257
test-clean,1,26,90,0.0006809412120753575
test-clean,1,27,206,0.0015585987743058183
test-clean,1,28,295,0.002231973972913672
test-clean,1,29,270,0.0020428236362260723
test-clean,1,30,356,0.002693500794431414
test-clean,1,31,423,0.0032004236967541804
test-clean,1,32,209,0.0015812968147083301
test-clean,1,33,220,0.0016645229628508738
test-clean,1,34,248,0.001876371339940985
test-clean,1,35,2986,0.02259211621396686
test-clean,1,36,321,0.002428690323068775
test-clean,1,37,398,0.003011273360066581
test-clean,1,38,360,0.00272376484830143
test-clean,1,39,340,0.0025724445789513505
test-clean,1,40,571,0.004320193689944768
test-clean,1,41,333,0.0025194824846788227
test-clean,1,42,388,0.002935613225391541
test-clean,1,43,317,0.002398426269198759
test-clean,1,44,353,0.002670802754028902
test-clean,1,45,195,0.0014753726261632746
test-clean,1,46,126,0.0009533176969055005
test-clean,1,47,140,0.001059241885450556
test-clean,1,48,209,0.0015812968147083301
test-clean,1,49,858,0.006491639555118408
test-clean,1,50,194,0.0014678066126957705
test-clean,1,51,257,0.0019444654611485209
test-clean,1,52,288,0.002179011878641144
test-clean,1,53,356,0.002693500794431414
test-clean,1,54,62,0.00046909283498524626
test-clean,1,55,202,0.0015283347204358023
test-clean,1,56,164,0.0012408262086706515
test-clean,1,57,366,0.0027691609291064538
test-clean,1,58,132,0.0009987137777105243
test-clean,1,59,223,0.0016872210032533859
test-clean,1,60,222,0.0016796549897858818
test-clean,1,61,30,0.00022698040402511916
test-clean,1,62,216,0.001634258908980858
test-clean,1,63,942,0.007127184686388742
test-clean,1,64,303,0.0022925020806537034
test-clean,1,65,119,0.0009003556026329726
test-clean,1,66,58,0.0004388287811152304
test-clean,1,67,417,0.003155027615949156
test-clean,1,68,361,0.002731330861768934
test-clean,1,69,238,0.0018007112052659453
test-clean,1,70,646,0.004887644700007566
test-clean,1,71,926,0.007006128470908678
test-clean,1,72,288,0.002179011878641144
test-clean,1,73,495,0.0037451766664144664
test-clean,1,74,254,0.001921767420746009
test-clean,1,75,427,0.003230687750624196
test-clean,1,76,270,0.0020428236362260723
test-clean,1,77,258,0.0019520314746160248
test-clean,1,78,103,0.0007792993871529091
test-clean,1,79,392,0.002965877279261557
test-clean,1,80,375,0.0028372550503139894
test-clean,1,81,413,0.0031247635620791406
test-clean,1,82,453,0.003427404100779299
test-clean,1,83,467,0.003533328289324355
test-clean,1,84,543,0.0041083453128546565
test-clean,1,85,416,0.0031474616024816525
test-clean,1,86,362,0.002738896875236438
test-clean,1,87,568,0.004297495649542256
test-clean,1,88,159,0.0012029961413331316
test-clean,1,89,302,0.0022849360671861997
test-clean,1,90,570,0.004312627676477264
test-clean,1,91,188,0.0014224105318907468
test-clean,1,92,219,0.0016569569493833699
test-clean,1,93,309,0.0023378981614587276
test-clean,1,94,223,0.0016872210032533859
test-clean,1,95,64,0.0004842248619202542
test-clean,1,96,389,0.002943179238859045
test-clean,1,97,303,0.0022925020806537034
test-clean,1,98,315,0.0023832942422637514
test-clean,1,99,590,0.004463947945827344
test-clean,1,100,564,0.0042672315956722405
test-clean,1,101,477,0.0036089884239993947
test-clean,1,102,242,0.0018309752591359613
test-clean,1,103,325,0.002458954376938791
test-clean,1,104,277,0.0020957857304986
test-clean,1,105,263,0.001989861541953545
test-clean,1,106,317,0.002398426269198759
test-clean,1,107,7,5.2962094272527805e-05
test-clean,1,108,51,0.00038586668684270257
test-clean,1,109,450,0.0034047060603767873
test-clean,1,110,181,0.001369448437618219
test-clean,1,111,330,0.0024967844442763108
test-clean,1,112,360,0.00272376484830143
test-clean,1,113,209,0.0015812968147083301
test-clean,1,114,471,0.003563592343194371
test-clean,1,115,278,0.0021033517439661043
test-clean,1,116,184,0.0013921464780207308
test-clean,1,117,1,7.566013467503972e-06
test-clean,1,118,346,0.0026178406597563743
test-clean,1,119,381,0.002882651131119013
test-clean,1,120,378,0.0028599530907165013
test-clean,1,121,156,0.0011802981009306197
test-clean,1,122,365,0.0027615949156389497
test-clean,1,123,604,0.0045698721343723995
test-clean,1,124,412,0.0031171975486116365
test-clean,1,125,264,0.0019974275554210485
test-clean,1,126,272,0.0020579556631610805
test-clean,1,127,201,0.0015207687069682984
test-clean,1,128,300,0.0022698040402511915
test-clean,1,129,215,0.0016266928955133541
test-clean,1,130,769,0.005818264356510555
test-clean,1,131,253,0.001914201407278505
test-clean,1,132,147,0.0011122039797230839
test-clean,1,133,212,0.001603994855110842
test-clean,1,134,899,0.006801846107286071
test-clean,1,135,364,0.002754028902171446
test-clean,1,136,205,0.0015510327608383144
test-clean,1,137,312,0.0023605962018612395
test-clean,1,138,274,0.0020730876900960883
test-clean,1,139,350,0.0026481047136263903
test-clean,1,140,161,0.0012181281682681396
test-clean,1,141,259,0.001959597488083529
test-clean,1,142,370,0.0027994249829764698
test-clean,1,143,120,0.0009079216161004766
test-clean,1,145,124,0.0009381856699704925
test-clean,1,146,206,0.0015585987743058183
test-clean,1,147,185,0.0013997124914882349
test-clean,1,148,301,0.0022773700537186956
test-clean,1,149,358,0.0027086328213664222
test-clean,1,150,390,0.0029507452523265493
test-clean,1,151,383,0.0028977831580540214
test-clean,1,152,422,0.0031928576832866763
test-clean,1,153,267,0.0020201255958235604
test-clean,1,154,111,0.0008398274948929409
test-clean,1,156,321,0.002428690323068775
test-clean,1,157,404,0.0030566694408716046
test-clean,1,158,353,0.002670802754028902
test-clean,1,159,327,0.002474086403873799
test-clean,1,160,1211,0.00916244230914731
test-clean,1,161,331,0.002504350457743815
test-clean,1,162,201,0.0015207687069682984
test-clean,1,163,535,0.004047817205114625
test-clean,1,164,249,0.0018839373534084891
test-clean,1,165,85,0.0006431111447378376
test-clean,1,166,214,0.00161912688204585
test-clean,1,167,378,0.0028599530907165013
test-clean,1,168,137,0.0010365438450480441
test-clean,1,169,400,0.003026405387001589
test-clean,1,170,231,0.0017477491109934176
test-clean,1,171,379,0.0028675191041840054
test-clean,1,172,122,0.0009230536430354846
test-clean,1,174,349,0.002640538700158886
test-clean,1,175,59,0.0004463947945827344
test-clean,1,176,226,0.0017099190436558978
test-clean,1,177,273,0.0020655216766285846
test-clean,1,178,348,0.0026329726866913825
test-clean,1,179,177,0.0013391843837482031
test-clean,1,180,583,0.0044109858515548155
test-clean,1,181,320,0.002421124309601271
test-clean,1,182,433,0.00327608383142922
test-clean,1,183,525,0.003972157070439585
test-clean,1,184,775,0.005863660437315578
test-clean,1,185,456,0.0034501021411818115
test-clean,1,186,340,0.0025724445789513505
test-clean,1,187,89,0.0006733751986078535
test-clean,1,188,277,0.0020957857304986
test-clean,1,189,343,0.0025951426193538624
test-clean,1,190,174,0.0013164863433456912
test-clean,1,191,1032,0.007808125898464099
test-clean,1,192,426,0.0032231217371566923
test-clean,1,193,432,0.003268517817961716
test-clean,1,194,194,0.0014678066126957705
test-clean,1,195,870,0.006582431716728456
test-clean,1,196,608,0.004600136188242415
test-clean,1,197,762,0.005765302262238026
test-clean,1,198,191,0.0014451085722932586
test-clean,1,199,194,0.0014678066126957705
test-clean,1,200,73,0.00055231898312779
test-clean,1,201,186,0.0014072785049557388
test-clean,1,202,158,0.0011954301278656275
test-clean,1,203,161,0.0012181281682681396
test-clean,1,204,559,0.00422940152833472
test-clean,1,205,220,0.0016645229628508738
test-clean,1,206,356,0.002693500794431414
test-clean,1,207,427,0.003230687750624196
test-clean,1,208,202,0.0015283347204358023
test-clean,1,209,442,0.0033441779526367558
test-clean,1,210,317,0.002398426269198759
test-clean,1,211,982,0.007429825225088901
test-clean,1,212,532,0.0040251191647121135
test-clean,1,213,433,0.00327608383142922
test-clean,1,214,136,0.0010289778315805403
test-clean,1,215,371,0.002806990996443974
test-clean,1,216,441,0.0033366119391692517
test-clean,1,217,247,0.0018688053264734811
test-clean,1,218,292,0.00220927593251116
test-clean,1,219,324,0.002451388363471287
test-clean,1,220,299,0.002262238026783688
test-clean,1,221,491,0.0037149126125444504
test-clean,1,222,167,0.0012635242490731634
test-clean,1,223,1252,0.009472648861314973
test-clean,1,224,1133,0.008572293258682001
test-clean,1,225,613,0.004637966255579935
test-clean,1,226,258,0.0019520314746160248
test-clean,1,227,294,0.0022244079594461678
test-clean,1,228,121,0.0009154876295679806
test-clean,1,229,541,0.004093213285919649
test-clean,1,230,256,0.0019368994476810168
test-clean,1,231,58,0.0004388287811152304
test-clean,1,232,324,0.002451388363471287
test-clean,1,233,457,0.003457668154649315
test-clean,1,234,266,0.0020125595823560567
test-clean,1,235,91,0.0006885072255428615
test-clean,1,236,451,0.0034122720738442914
test-clean,1,237,643,0.004864946659605054
test-clean,1,238,264,0.0019974275554210485
test-clean,1,239,121,0.0009154876295679806
test-clean,1,240,460,0.003480366195051827
test-clean,1,241,1135,0.008587425285617008
test-clean,1,242,300,0.0022698040402511915
test-clean,1,243,505,0.003820836801089506
test-clean,1,244,343,0.0025951426193538624
test-clean,1,245,255,0.0019293334342135129
test-clean,1,246,180,0.001361882424150715
test-clean,1,247,414,0.0031323295755466443
test-clean,1,248,288,0.002179011878641144
test-clean,1,249,185,0.0013997124914882349
test-clean,1,250,57,0.00043126276764772644
test-clean,1,251,1337,0.01011576000605281
test-clean,1,252,112,0.0008473935083604449
test-clean,1,253,319,0.002413558296133767
test-clean,1,254,238,0.0018007112052659453
test-clean,1,255,317,0.002398426269198759
test-clean,1,256,267,0.0020201255958235604
test-clean,1,257,159,0.0012029961413331316
test-clean,1,258,248,0.001876371339940985
test-clean,1,259,335,0.002534614511613831
test-clean,1,260,459,0.0034728001815843234
test-clean,1,261,500,0.003783006733751986
test-clean,1,262,97,0.0007339033063478853
test-clean,1,263,39,0.00029507452523265494
test-clean,1,264,343,0.0025951426193538624
test-clean,1,265,459,0.0034728001815843234
test-clean,1,266,412,0.0031171975486116365
test-clean,1,267,53,0.0004009987137777105
test-clean,1,268,307,0.0023227661345237194
test-clean,1,269,248,0.001876371339940985
test-clean,1,270,204,0.0015434667473708103
test-clean,1,271,370,0.0027994249829764698
test-clean,1,272,287,0.00217144586517364
test-clean,1,273,337,0.0025497465385488386
test-clean,1,274,511,0.00386623288189453
test-clean,1,275,561,0.004244533555269729
test-clean,1,276,335,0.002534614511613831
test-clean,1,277,382,0.0028902171445865173
test-clean,1,278,126,0.0009533176969055005
test-clean,1,279,384,0.0029053491715215255
test-clean,1,280,49,0.00037073465990769463
test-clean,1,281,230,0.0017401830975259135
test-clean,1,282,177,0.0013391843837482031
test-clean,1,283,175,0.0013240523568131951
test-clean,1,284,247,0.0018688053264734811
test-clean,1,285,258,0.0019520314746160248
test-clean,1,286,248,0.001876371339940985
test-clean,1,287,184,0.0013921464780207308
test-clean,1,288,443,0.00335174396610426
test-clean,1,289,274,0.0020730876900960883
test-clean,1,290,478,0.0036165544374668988
test-clean,1,291,2,1.5132026935007944e-05
test-clean,1,292,50,0.0003783006733751986
test-clean,1,293,156,0.0011802981009306197
test-clean,1,294,428,0.0032382537640917
test-clean,1,295,230,0.0017401830975259135
test-clean,1,296,486,0.0036770825452069303
test-clean,1,297,339,0.0025648785654838464
test-clean,1,298,314,0.0023757282287962473
test-clean,1,299,64,0.0004842248619202542
test-clean,1,300,619,0.004683362336384959
test-clean,1,301,4,3.0264053870015887e-05
test-clean,1,302,221,0.0016720889763183779
test-clean,1,303,159,0.0012029961413331316
test-clean,1,304,435,0.003291215858364228
test-clean,1,305,110,0.0008322614814254369
test-clean,1,306,300,0.0022698040402511915
test-clean,1,307,187,0.0014148445184232429
test-clean,1,309,1,7.566013467503972e-06
test-clean,1,310,244,0.0018461072860709693
test-clean,1,311,246,0.0018612393130059772
test-clean,1,312,64,0.0004842248619202542
test-clean,1,313,372,0.0028145570099114775
test-clean,1,314,326,0.002466520390406295
test-clean,1,315,183,0.0013845804645532269
test-clean,1,316,93,0.0007036392524778694
test-clean,1,317,175,0.0013240523568131951
test-clean,1,318,65,0.0004917908753877581
test-clean,1,319,305,0.0023076341075887116
test-clean,1,321,2,1.5132026935007944e-05
test-clean,1,326,192,0.0014526745857607627
test-clean,1,331,358,0.0027086328213664222
test-clean,1,332,100,0.0007566013467503973
test-clean,1,334,207,0.0015661647877733222
test-clean,1,342,332,0.0025119164712113186
test-clean,1,345,395,0.002988575319664069
test-clean,1,348,168,0.0012710902625406673
test-clean,1,356,256,0.0019368994476810168
test-clean,1,359,137,0.0010365438450480441
test-clean,1,367,566,0.004282363622607248
test-clean,1,370,356,0.002693500794431414
test-clean,1,373,187,0.0014148445184232429
test-clean,1,378,149,0.0011273360066580919
test-clean,1,383,85,0.0006431111447378376
test-clean,1,390,241,0.0018234092456684574
test-clean,1,391,364,0.002754028902171446
test-clean,1,392,127,0.0009608837103730045
test-clean,1,406,154,0.0011651660739956118
test-clean,1,413,235,0.0017780131648634334
test-clean,1,414,356,0.002693500794431414
test-clean,1,418,128,0.0009684497238405084
test-clean,1,433,93,0.0007036392524778694
test-clean,1,440,155,0.0011727320874631156
test-clean,1,441,390,0.0029507452523265493
test-clean,1,448,139,0.0010516758719830521
test-clean,1,457,356,0.002693500794431414
test-clean,1,470,76,0.0005750170235303019
test-clean,1,474,376,0.0028448210637814935
test-clean,1,478,484,0.0036619505182719225
test-clean,1,485,760,0.005750170235303019
test-clean,1,486,208,0.0015737308012408263
test-clean,1,507,427,0.003230687750624196
test-clean,1,514,377,0.0028523870772489976
test-clean,1,516,433,0.00327608383142922
test-clean,1,520,896,0.006779148066883559
test-clean,1,536,505,0.003820836801089506
test-clean,1,537,601,0.004547174093969888
test-clean,1,539,344,0.0026027086328213665
test-clean,1,543,171,0.0012937883029431791
test-clean,1,565,375,0.0028372550503139894
test-clean,1,578,404,0.0030566694408716046
test-clean,1,603,138,0.0010441098585155482
test-clean,1,611,643,0.004864946659605054
test-clean,1,612,136,0.0010289778315805403
test-clean,1,643,659,0.004986002875085118
test-clean,1,648,185,0.0013997124914882349
test-clean,1,657,277,0.0020957857304986
test-clean,1,660,73,0.00055231898312779
test-clean,1,663,277,0.0020957857304986
test-clean,1,666,627,0.004743890444124991
test-clean,1,670,311,0.0023530301883937354
test-clean,1,671,288,0.002179011878641144
test-clean,1,681,172,0.0013013543164106833
test-clean,1,692,2214,0.016751153817053794
test-clean,1,731,351,0.0026556707270938944
test-clean,1,742,569,0.00430506166300976
test-clean,1,770,522,0.003949459030037073
test-clean,1,787,603,0.004562306120904895
test-clean,1,792,412,0.0031171975486116365
test-clean,1,799,142,0.001074373912385564
test-clean,1,805,311,0.0023530301883937354
test-clean,1,811,329,0.0024892184308088067
test-clean,1,814,310,0.0023454641749262313
test-clean,1,819,152,0.0011500340470606038
test-clean,1,821,35,0.000264810471362639
test-clean,1,828,353,0.002670802754028902
test-clean,1,830,353,0.002670802754028902
test-clean,1,835,249,0.0018839373534084891
test-clean,1,840,197,0.0014905046530982826
test-clean,1,848,464,0.003510630248921843
test-clean,1,852,317,0.002398426269198759
test-clean,1,886,157,0.0011878641143981236
test-clean,1,891,526,0.00397972308390709
test-clean,1,924,774,0.005856094423848075
test-clean,1,928,119,0.0009003556026329726
test-clean,1,943,108,0.000817129454490429
test-clean,1,953,319,0.002413558296133767
test-clean,1,987,209,0.0015812968147083301
test-clean,2,0,16,0.00012105621548006355
test-clean,2,1,233,0.0017628811379284254
test-clean,2,2,2,1.5132026935007944e-05
test-clean,2,3,1841,0.013929030793674814
test-clean,2,4,47,0.0003556026329726867
test-clean,2,5,120,0.0009079216161004766
test-clean,2,6,84,0.0006355451312703336
test-clean,2,7,98,0.0007414693198153893
test-clean,2,8,32,0.0002421124309601271
test-clean,2,9,157,0.0011878641143981236
test-clean,2,10,40,0.0003026405387001589
test-clean,2,11,154,0.0011651660739956118
test-clean,2,12,128,0.0009684497238405084
test-clean,2,13,28,0.00021184837709011122
test-clean,2,14,115,0.0008700915487629568
test-clean,2,15,115,0.0008700915487629568
test-clean,2,16,36,0.000272376484830143
test-clean,2,17,320,0.002421124309601271
test-clean,2,18,48,0.0003631686464401907
test-clean,2,19,56,0.00042369675418022244
test-clean,2,20,88,0.0006658091851403495
test-clean,2,21,102,0.0007717333736854051
test-clean,2,22,67,0.0005069229023227661
test-clean,2,23,136,0.0010289778315805403
test-clean,2,24,35,0.000264810471362639
test-clean,2,25,74,0.0005598849965952939
test-clean,2,26,85,0.0006431111447378376
test-clean,2,27,106,0.000801997427555421
test-clean,2,28,431,0.003260951804494212
test-clean,2,29,125,0.0009457516834379965
test-clean,2,30,117,0.0008852235756979648
test-clean,2,31,92,0.0006960732390103654
test-clean,2,32,81,0.0006128470908678218
test-clean,2,33,162,0.0012256941817356435
test-clean,2,34,11,8.322614814254369e-05
test-clean,2,35,477,0.0036089884239993947
test-clean,2,36,172,0.0013013543164106833
test-clean,2,37,189,0.0014299765453582506
test-clean,2,38,55,0.00041613074071271844
test-clean,2,39,153,0.0011576000605281076
test-clean,2,40,97,0.0007339033063478853
test-clean,2,41,29,0.0002194143905576152
test-clean,2,42,108,0.000817129454490429
test-clean,2,43,252,0.001906635393811001
test-clean,2,44,44,0.00033290459257017476
test-clean,2,45,506,0.00382840281455701
test-clean,2,46,571,0.004320193689944768
test-clean,2,47,414,0.0031323295755466443
test-clean,2,48,151,0.0011424680335930999
test-clean,2,49,50,0.0003783006733751986
test-clean,2,50,97,0.0007339033063478853
test-clean,2,51,66,0.0004993568888552621
test-clean,2,52,61,0.0004615268215177423
test-clean,2,53,232,0.0017553151244609215
test-clean,2,54,160,0.0012105621548006355
test-clean,2,55,54,0.0004085647272452145
test-clean,2,56,100,0.0007566013467503973
test-clean,2,57,109,0.000824695467957933
test-clean,2,58,44,0.00033290459257017476
test-clean,2,59,122,0.0009230536430354846
test-clean,2,60,72,0.000544752969660286
test-clean,2,61,40,0.0003026405387001589
test-clean,2,62,50,0.0003783006733751986
test-clean,2,63,95,0.0007187712794128774
test-clean,2,64,13,9.835817507755164e-05
test-clean,2,65,62,0.00046909283498524626
test-clean,2,66,40,0.0003026405387001589
test-clean,2,67,174,0.0013164863433456912
test-clean,2,68,95,0.0007187712794128774
test-clean,2,69,94,0.0007112052659453734
test-clean,2,70,54,0.0004085647272452145
test-clean,2,71,90,0.0006809412120753575
test-clean,2,72,87,0.0006582431716728456
test-clean,2,73,250,0.001891503366875993
test-clean,2,74,30,0.00022698040402511916
test-clean,2,75,34,0.00025724445789513506
test-clean,2,76,129,0.0009760157373080124
test-clean,2,77,204,0.0015434667473708103
test-clean,2,78,127,0.0009608837103730045
test-clean,2,79,62,0.00046909283498524626
test-clean,2,80,123,0.0009306196565029886
test-clean,2,81,1,7.566013467503972e-06
test-clean,2,82,163,0.0012332601952031474
test-clean,2,83,79,0.0005977150639328138
test-clean,2,84,95,0.0007187712794128774
test-clean,2,85,115,0.0008700915487629568
test-clean,2,86,7,5.2962094272527805e-05
test-clean,2,87,121,0.0009154876295679806
test-clean,2,88,81,0.0006128470908678218
test-clean,2,89,129,0.0009760157373080124
test-clean,2,90,85,0.0006431111447378376
test-clean,2,91,3,2.2698040402511918e-05
test-clean,2,92,36,0.000272376484830143
test-clean,2,93,153,0.0011576000605281076
test-clean,2,94,56,0.00042369675418022244
test-clean,2,95,75,0.0005674510100627979
test-clean,2,96,63,0.00047665884845275025
test-clean,2,97,2,1.5132026935007944e-05
test-clean,2,98,92,0.0006960732390103654
test-clean,2,99,218,0.001649390935915866
test-clean,2,100,185,0.0013997124914882349
test-clean,2,101,44,0.00033290459257017476
test-clean,2,102,186,0.0014072785049557388
test-clean,2,103,195,0.0014753726261632746
test-clean,2,104,14,0.00010592418854505561
test-clean,2,105,67,0.0005069229023227661
test-clean,2,106,59,0.0004463947945827344
test-clean,2,107,36,0.000272376484830143
test-clean,2,108,63,0.00047665884845275025
test-clean,2,109,85,0.0006431111447378376
test-clean,2,110,123,0.0009306196565029886
test-clean,2,111,70,0.000529620942725278
test-clean,2,112,77,0.0005825830369978059
test-clean,2,113,76,0.0005750170235303019
test-clean,2,114,9,6.809412120753575e-05
test-clean,2,115,25,0.0001891503366875993
test-clean,2,116,145,0.001097071952788076
test-clean,2,117,187,0.0014148445184232429
test-clean,2,118,33,0.00024967844442763107
test-clean,2,119,225,0.0017023530301883937
test-clean,2,120,30,0.00022698040402511916
test-clean,2,121,1,7.566013467503972e-06
test-clean,2,122,138,0.0010441098585155482
test-clean,2,124,28,0.00021184837709011122
test-clean,2,125,113,0.0008549595218279489
test-clean,2,126,46,0.0003480366195051827
test-clean,2,127,90,0.0006809412120753575
test-clean,2,128,97,0.0007339033063478853
test-clean,2,130,53,0.0004009987137777105
test-clean,2,131,42,0.0003177725656351668
test-clean,2,132,73,0.00055231898312779
test-clean,2,133,126,0.0009533176969055005
test-clean,2,134,65,0.0004917908753877581
test-clean,2,135,110,0.0008322614814254369
test-clean,2,136,125,0.0009457516834379965
test-clean,2,137,109,0.000824695467957933
test-clean,2,138,140,0.001059241885450556
test-clean,2,139,44,0.00033290459257017476
test-clean,2,140,81,0.0006128470908678218
test-clean,2,141,65,0.0004917908753877581
test-clean,2,142,82,0.0006204131043353257
test-clean,2,143,4,3.0264053870015887e-05
test-clean,2,144,48,0.0003631686464401907
test-clean,2,145,57,0.00043126276764772644
test-clean,2,146,157,0.0011878641143981236
test-clean,2,147,85,0.0006431111447378376
test-clean,2,148,34,0.00025724445789513506
test-clean,2,149,110,0.0008322614814254369
test-clean,2,150,52,0.00039343270031020656
test-clean,2,151,24,0.00018158432322009534
test-clean,2,152,52,0.00039343270031020656
test-clean,2,153,242,0.0018309752591359613
test-clean,2,154,45,0.00034047060603767875
test-clean,2,155,100,0.0007566013467503973
test-clean,2,156,58,0.0004388287811152304
test-clean,2,157,81,0.0006128470908678218
test-clean,2,158,81,0.0006128470908678218
test-clean,2,159,144,0.001089505939320572
test-clean,2,160,16,0.00012105621548006355
test-clean,2,161,38,0.00028750851176515094
test-clean,2,162,72,0.000544752969660286
test-clean,2,163,87,0.0006582431716728456
test-clean,2,164,98,0.0007414693198153893
test-clean,2,165,9,6.809412120753575e-05
test-clean,2,166,261,0.0019747295150185367
test-clean,2,167,77,0.0005825830369978059
test-clean,2,168,176,0.001331618370280699
test-clean,2,169,74,0.0005598849965952939
test-clean,2,170,203,0.0015359007339033064
test-clean,2,171,294,0.0022244079594461678
test-clean,2,172,107,0.000809563441022925
test-clean,2,173,45,0.00034047060603767875
test-clean,2,174,59,0.0004463947945827344
test-clean,2,175,51,0.00038586668684270257
test-clean,2,176,113,0.0008549595218279489
test-clean,2,177,24,0.00018158432322009534
test-clean,2,178,92,0.0006960732390103654
test-clean,2,179,62,0.00046909283498524626
test-clean,2,180,75,0.0005674510100627979
test-clean,2,181,122,0.0009230536430354846
test-clean,2,182,30,0.00022698040402511916
test-clean,2,183,40,0.0003026405387001589
test-clean,2,184,45,0.00034047060603767875
test-clean,2,185,44,0.00033290459257017476
test-clean,2,186,143,0.0010819399258530681
test-clean,2,187,98,0.0007414693198153893
test-clean,2,188,91,0.0006885072255428615
test-clean,2,189,56,0.00042369675418022244
test-clean,2,190,188,0.0014224105318907468
test-clean,2,191,141,0.0010668078989180601
test-clean,2,192,247,0.0018688053264734811
test-clean,2,193,65,0.0004917908753877581
test-clean,2,194,186,0.0014072785049557388
test-clean,2,195,219,0.0016569569493833699
test-clean,2,196,22,0.00016645229628508738
test-clean,2,197,19,0.00014375425588257547
test-clean,2,198,71,0.000537186956192782
test-clean,2,199,49,0.00037073465990769463
test-clean,2,200,260,0.0019671635015510325
test-clean,2,202,39,0.00029507452523265494
test-clean,2,203,196,0.0014829386396307785
test-clean,2,204,62,0.00046909283498524626
test-clean,2,205,856,0.0064765075281834
test-clean,2,206,1,7.566013467503972e-06
test-clean,2,207,109,0.000824695467957933
test-clean,2,208,213,0.0016115608685783461
test-clean,2,209,54,0.0004085647272452145
test-clean,2,210,157,0.0011878641143981236
test-clean,2,211,145,0.001097071952788076
test-clean,2,212,52,0.00039343270031020656
test-clean,2,213,74,0.0005598849965952939
test-clean,2,214,266,0.0020125595823560567
test-clean,2,215,19,0.00014375425588257547
test-clean,2,216,29,0.0002194143905576152
test-clean,2,217,73,0.00055231898312779
test-clean,2,218,87,0.0006582431716728456
test-clean,2,219,58,0.0004388287811152304
test-clean,2,220,74,0.0005598849965952939
test-clean,2,221,31,0.00023454641749262313
test-clean,2,222,21,0.0001588862828175834
test-clean,2,223,68,0.0005144889157902701
test-clean,2,224,132,0.0009987137777105243
test-clean,2,225,70,0.000529620942725278
test-clean,2,226,50,0.0003783006733751986
test-clean,2,227,153,0.0011576000605281076
test-clean,2,228,43,0.0003253385791026708
test-clean,2,229,19,0.00014375425588257547
test-clean,2,231,47,0.0003556026329726867
test-clean,2,232,40,0.0003026405387001589
test-clean,2,233,60,0.0004539608080502383
test-clean,2,234,304,0.0023000680941212075
test-clean,2,236,48,0.0003631686464401907
test-clean,2,237,175,0.0013240523568131951
test-clean,2,238,54,0.0004085647272452145
test-clean,2,239,69,0.0005220549292577741
test-clean,2,240,58,0.0004388287811152304
test-clean,2,241,89,0.0006733751986078535
test-clean,2,242,76,0.0005750170235303019
test-clean,2,243,1,7.566013467503972e-06
test-clean,2,244,157,0.0011878641143981236
test-clean,2,245,321,0.002428690323068775
test-clean,2,246,104,0.0007868654006204131
test-clean,2,247,83,0.0006279791178028296
test-clean,2,248,725,0.00548535976394038
test-clean,2,249,153,0.0011576000605281076
test-clean,2,250,77,0.0005825830369978059
test-clean,2,251,23,0.00017401830975259135
test-clean,2,252,118,0.0008927895891654688
test-clean,2,253,110,0.0008322614814254369
test-clean,2,254,98,0.0007414693198153893
test-clean,2,255,115,0.0008700915487629568
test-clean,2,256,58,0.0004388287811152304
test-clean,2,257,66,0.0004993568888552621
test-clean,2,258,227,0.0017174850571234016
test-clean,2,259,195,0.0014753726261632746
test-clean,2,260,188,0.0014224105318907468
test-clean,2,261,6,4.5396080805023836e-05
test-clean,2,262,81,0.0006128470908678218
test-clean,2,263,348,0.0026329726866913825
test-clean,2,264,230,0.0017401830975259135
test-clean,2,265,70,0.000529620942725278
test-clean,2,266,99,0.0007490353332828933
test-clean,2,267,19,0.00014375425588257547
test-clean,2,268,99,0.0007490353332828933
test-clean,2,269,33,0.00024967844442763107
test-clean,2,270,57,0.00043126276764772644
test-clean,2,271,58,0.0004388287811152304
test-clean,2,272,34,0.00025724445789513506
test-clean,2,273,26,0.00019671635015510328
test-clean,2,274,186,0.0014072785049557388
test-clean,2,275,50,0.0003783006733751986
test-clean,2,277,172,0.0013013543164106833
test-clean,2,278,189,0.0014299765453582506
test-clean,2,279,36,0.000272376484830143
test-clean,2,280,205,0.0015510327608383144
test-clean,2,281,126,0.0009533176969055005
test-clean,2,282,174,0.0013164863433456912
test-clean,2,283,34,0.00025724445789513506
test-clean,2,284,245,0.0018536732995384731
test-clean,2,285,84,0.0006355451312703336
test-clean,2,287,82,0.0006204131043353257
test-clean,2,288,32,0.0002421124309601271
test-clean,2,289,236,0.0017855791783309375
test-clean,2,290,78,0.0005901490504653099
test-clean,2,291,114,0.0008625255352954529
test-clean,2,292,96,0.0007263372928803814
test-clean,2,293,132,0.0009987137777105243
test-clean,2,294,42,0.0003177725656351668
test-clean,2,295,90,0.0006809412120753575
test-clean,2,296,34,0.00025724445789513506
test-clean,2,297,243,0.0018385412726034652
test-clean,2,298,123,0.0009306196565029886
test-clean,2,299,240,0.0018158432322009533
test-clean,2,300,74,0.0005598849965952939
test-clean,2,301,152,0.0011500340470606038
test-clean,2,302,253,0.001914201407278505
test-clean,2,303,91,0.0006885072255428615
test-clean,2,304,48,0.0003631686464401907
test-clean,2,305,195,0.0014753726261632746
test-clean,2,307,49,0.00037073465990769463
test-clean,2,308,83,0.0006279791178028296
test-clean,2,309,49,0.00037073465990769463
test-clean,2,310,123,0.0009306196565029886
test-clean,2,311,106,0.000801997427555421
test-clean,2,312,225,0.0017023530301883937
test-clean,2,313,193,0.0014602405992282666
test-clean,2,314,31,0.00023454641749262313
test-clean,2,315,111,0.0008398274948929409
test-clean,2,316,40,0.0003026405387001589
test-clean,2,317,104,0.0007868654006204131
test-clean,2,318,9,6.809412120753575e-05
test-clean,2,319,93,0.0007036392524778694
test-clean,2,320,77,0.0005825830369978059
test-clean,2,321,78,0.0005901490504653099
test-clean,2,322,106,0.000801997427555421
test-clean,2,323,4,3.0264053870015887e-05
test-clean,2,324,46,0.0003480366195051827
test-clean,2,325,227,0.0017174850571234016
test-clean,2,326,53,0.0004009987137777105
test-clean,2,327,424,0.003207989710221684
test-clean,2,328,50,0.0003783006733751986
test-clean,2,329,70,0.000529620942725278
test-clean,2,330,80,0.0006052810774003178
test-clean,2,331,167,0.0012635242490731634
test-clean,2,332,76,0.0005750170235303019
test-clean,2,333,61,0.0004615268215177423
test-clean,2,334,117,0.0008852235756979648
test-clean,2,335,105,0.0007944314140879171
test-clean,2,336,82,0.0006204131043353257
test-clean,2,337,204,0.0015434667473708103
test-clean,2,338,263,0.001989861541953545
test-clean,2,339,123,0.0009306196565029886
test-clean,2,340,118,0.0008927895891654688
test-clean,2,341,243,0.0018385412726034652
test-clean,2,342,143,0.0010819399258530681
test-clean,2,343,71,0.000537186956192782
test-clean,2,344,56,0.00042369675418022244
test-clean,2,345,12,9.079216161004767e-05
test-clean,2,346,44,0.00033290459257017476
test-clean,2,347,29,0.0002194143905576152
test-clean,2,348,143,0.0010819399258530681
test-clean,2,349,223,0.0016872210032533859
test-clean,2,350,67,0.0005069229023227661
test-clean,2,351,85,0.0006431111447378376
test-clean,2,352,162,0.0012256941817356435
test-clean,2,353,67,0.0005069229023227661
test-clean,2,354,108,0.000817129454490429
test-clean,2,355,21,0.0001588862828175834
test-clean,2,356,165,0.0012483922221381554
test-clean,2,357,48,0.0003631686464401907
test-clean,2,358,79,0.0005977150639328138
test-clean,2,360,143,0.0010819399258530681
test-clean,2,361,28,0.00021184837709011122
test-clean,2,362,140,0.001059241885450556
test-clean,2,363,71,0.000537186956192782
test-clean,2,364,106,0.000801997427555421
test-clean,2,365,87,0.0006582431716728456
test-clean,2,366,102,0.0007717333736854051
test-clean,2,367,44,0.00033290459257017476
test-clean,2,368,48,0.0003631686464401907
test-clean,2,369,39,0.00029507452523265494
test-clean,2,370,51,0.00038586668684270257
test-clean,2,371,83,0.0006279791178028296
test-clean,2,372,175,0.0013240523568131951
test-clean,2,373,42,0.0003177725656351668
test-clean,2,374,15,0.00011349020201255958
test-clean,2,375,51,0.00038586668684270257
test-clean,2,376,139,0.0010516758719830521
test-clean,2,377,158,0.0011954301278656275
test-clean,2,378,60,0.0004539608080502383
test-clean,2,379,200,0.0015132026935007945
test-clean,2,380,115,0.0008700915487629568
test-clean,2,381,5,3.783006733751986e-05
test-clean,2,382,151,0.0011424680335930999
test-clean,2,383,164,0.0012408262086706515
test-clean,2,384,78,0.0005901490504653099
test-clean,2,385,306,0.0023152001210562153
test-clean,2,386,300,0.0022698040402511915
test-clean,2,387,41,0.0003102065521676629
test-clean,2,388,30,0.00022698040402511916
test-clean,2,389,47,0.0003556026329726867
test-clean,2,390,42,0.0003177725656351668
test-clean,2,391,117,0.0008852235756979648
test-clean,2,392,145,0.001097071952788076
test-clean,2,393,159,0.0012029961413331316
test-clean,2,394,69,0.0005220549292577741
test-clean,2,395,42,0.0003177725656351668
test-clean,2,396,92,0.0006960732390103654
test-clean,2,397,260,0.0019671635015510325
test-clean,2,398,304,0.0023000680941212075
test-clean,2,399,77,0.0005825830369978059
test-clean,2,400,36,0.000272376484830143
test-clean,2,401,82,0.0006204131043353257
test-clean,2,402,176,0.001331618370280699
test-clean,2,403,115,0.0008700915487629568
test-clean,2,404,80,0.0006052810774003178
test-clean,2,405,203,0.0015359007339033064
test-clean,2,406,36,0.000272376484830143
test-clean,2,407,44,0.00033290459257017476
test-clean,2,408,8,6.0528107740031774e-05
test-clean,2,409,153,0.0011576000605281076
test-clean,2,410,42,0.0003177725656351668
test-clean,2,411,254,0.001921767420746009
test-clean,2,412,67,0.0005069229023227661
test-clean,2,413,89,0.0006733751986078535
test-clean,2,414,52,0.00039343270031020656
test-clean,2,415,24,0.00018158432322009534
test-clean,2,417,9,6.809412120753575e-05
test-clean,2,418,83,0.0006279791178028296
test-clean,2,419,53,0.0004009987137777105
test-clean,2,420,152,0.0011500340470606038
test-clean,2,421,6,4.5396080805023836e-05
test-clean,2,422,22,0.00016645229628508738
test-clean,2,423,52,0.00039343270031020656
test-clean,2,425,193,0.0014602405992282666
test-clean,2,426,60,0.0004539608080502383
test-clean,2,427,41,0.0003102065521676629
test-clean,2,429,123,0.0009306196565029886
test-clean,2,430,164,0.0012408262086706515
test-clean,2,431,196,0.0014829386396307785
test-clean,2,432,271,0.0020503896496935764
test-clean,2,433,94,0.0007112052659453734
test-clean,2,434,138,0.0010441098585155482
test-clean,2,435,40,0.0003026405387001589
test-clean,2,436,8,6.0528107740031774e-05
test-clean,2,437,7,5.2962094272527805e-05
test-clean,2,438,156,0.0011802981009306197
test-clean,2,439,83,0.0006279791178028296
test-clean,2,440,119,0.0009003556026329726
test-clean,2,441,174,0.0013164863433456912
test-clean,2,442,94,0.0007112052659453734
test-clean,2,443,505,0.003820836801089506
test-clean,2,444,345,0.00261027464628887
test-clean,2,445,111,0.0008398274948929409
test-clean,2,446,59,0.0004463947945827344
test-clean,2,447,71,0.000537186956192782
test-clean,2,448,108,0.000817129454490429
test-clean,2,449,99,0.0007490353332828933
test-clean,2,450,47,0.0003556026329726867
test-clean,2,451,43,0.0003253385791026708
test-clean,2,452,22,0.00016645229628508738
test-clean,2,453,61,0.0004615268215177423
test-clean,2,454,33,0.00024967844442763107
test-clean,2,455,120,0.0009079216161004766
test-clean,2,456,57,0.00043126276764772644
test-clean,2,457,125,0.0009457516834379965
test-clean,2,458,79,0.0005977150639328138
test-clean,2,459,61,0.0004615268215177423
test-clean,2,460,246,0.0018612393130059772
test-clean,2,461,91,0.0006885072255428615
test-clean,2,462,98,0.0007414693198153893
test-clean,2,463,1,7.566013467503972e-06
test-clean,2,464,94,0.0007112052659453734
test-clean,2,465,62,0.00046909283498524626
test-clean,2,466,113,0.0008549595218279489
test-clean,2,468,159,0.0012029961413331316
test-clean,2,470,110,0.0008322614814254369
test-clean,2,471,175,0.0013240523568131951
test-clean,2,472,46,0.0003480366195051827
test-clean,2,473,5,3.783006733751986e-05
test-clean,2,474,98,0.0007414693198153893
test-clean,2,475,113,0.0008549595218279489
test-clean,2,476,96,0.0007263372928803814
test-clean,2,477,60,0.0004539608080502383
test-clean,2,478,124,0.0009381856699704925
test-clean,2,479,200,0.0015132026935007945
test-clean,2,480,158,0.0011954301278656275
test-clean,2,481,169,0.0012786562760081714
test-clean,2,482,87,0.0006582431716728456
test-clean,2,483,52,0.00039343270031020656
test-clean,2,484,169,0.0012786562760081714
test-clean,2,485,196,0.0014829386396307785
test-clean,2,486,454,0.0034349701142468033
test-clean,2,487,56,0.00042369675418022244
test-clean,2,488,3,2.2698040402511918e-05
test-clean,2,489,81,0.0006128470908678218
test-clean,2,490,144,0.001089505939320572
test-clean,2,491,124,0.0009381856699704925
test-clean,2,492,106,0.000801997427555421
test-clean,2,493,78,0.0005901490504653099
test-clean,2,494,503,0.003805704774154498
test-clean,2,495,173,0.0013089203298781871
test-clean,2,497,98,0.0007414693198153893
test-clean,2,498,89,0.0006733751986078535
test-clean,2,499,167,0.0012635242490731634
test-clean,2,500,543,0.0041083453128546565
test-clean,2,501,114,0.0008625255352954529
test-clean,2,502,52,0.00039343270031020656
test-clean,2,503,463,0.003503064235454339
test-clean,2,504,244,0.0018461072860709693
test-clean,2,505,74,0.0005598849965952939
test-clean,2,506,142,0.001074373912385564
test-clean,2,507,29,0.0002194143905576152
test-clean,2,508,201,0.0015207687069682984
test-clean,2,509,65,0.0004917908753877581
test-clean,2,510,604,0.0045698721343723995
test-clean,2,511,42,0.0003177725656351668
test-clean,2,512,25,0.0001891503366875993
test-clean,2,513,24,0.00018158432322009534
test-clean,2,514,310,0.0023454641749262313
test-clean,2,515,286,0.0021638798517061362
test-clean,2,516,161,0.0012181281682681396
test-clean,2,517,110,0.0008322614814254369
test-clean,2,518,281,0.002126049784368616
test-clean,2,519,49,0.00037073465990769463
test-clean,2,520,147,0.0011122039797230839
test-clean,2,521,124,0.0009381856699704925
test-clean,2,522,114,0.0008625255352954529
test-clean,2,523,122,0.0009230536430354846
test-clean,2,524,16,0.00012105621548006355
test-clean,2,525,104,0.0007868654006204131
test-clean,2,526,12,9.079216161004767e-05
test-clean,2,527,102,0.0007717333736854051
test-clean,2,528,119,0.0009003556026329726
test-clean,2,529,113,0.0008549595218279489
test-clean,2,530,166,0.0012559582356056593
test-clean,2,531,61,0.0004615268215177423
test-clean,2,532,85,0.0006431111447378376
test-clean,2,533,172,0.0013013543164106833
test-clean,2,534,153,0.0011576000605281076
test-clean,2,535,197,0.0014905046530982826
test-clean,2,536,159,0.0012029961413331316
test-clean,2,537,17,0.00012862222894756753
test-clean,2,538,39,0.00029507452523265494
test-clean,2,539,102,0.0007717333736854051
test-clean,2,540,72,0.000544752969660286
test-clean,2,541,41,0.0003102065521676629
test-clean,2,542,26,0.00019671635015510328
test-clean,2,543,8,6.0528107740031774e-05
test-clean,2,544,75,0.0005674510100627979
test-clean,2,545,145,0.001097071952788076
test-clean,2,546,690,0.00522054929257774
test-clean,2,547,139,0.0010516758719830521
test-clean,2,548,123,0.0009306196565029886
test-clean,2,549,144,0.001089505939320572
test-clean,2,550,33,0.00024967844442763107
test-clean,2,551,30,0.00022698040402511916
test-clean,2,552,40,0.0003026405387001589
test-clean,2,553,278,0.0021033517439661043
test-clean,2,554,130,0.0009835817507755163
test-clean,2,555,10,7.566013467503972e-05
test-clean,2,556,115,0.0008700915487629568
test-clean,2,557,14,0.00010592418854505561
test-clean,2,558,74,0.0005598849965952939
test-clean,2,559,51,0.00038586668684270257
test-clean,2,560,4,3.0264053870015887e-05
test-clean,2,561,50,0.0003783006733751986
test-clean,2,562,54,0.0004085647272452145
test-clean,2,563,43,0.0003253385791026708
test-clean,2,565,58,0.0004388287811152304
test-clean,2,566,288,0.002179011878641144
test-clean,2,567,122,0.0009230536430354846
test-clean,2,568,42,0.0003177725656351668
test-clean,2,569,136,0.0010289778315805403
test-clean,2,570,563,0.004259665582204736
test-clean,2,571,17,0.00012862222894756753
test-clean,2,572,285,0.002156313838238632
test-clean,2,573,55,0.00041613074071271844
test-clean,2,574,2,1.5132026935007944e-05
test-clean,2,575,2,1.5132026935007944e-05
test-clean,2,576,25,0.0001891503366875993
test-clean,2,577,58,0.0004388287811152304
test-clean,2,578,51,0.00038586668684270257
test-clean,2,579,475,0.003593856397064387
test-clean,2,580,152,0.0011500340470606038
test-clean,2,581,28,0.00021184837709011122
test-clean,2,582,55,0.00041613074071271844
test-clean,2,583,133,0.0010062797911780284
test-clean,2,584,152,0.0011500340470606038
test-clean,2,585,254,0.001921767420746009
test-clean,2,586,85,0.0006431111447378376
test-clean,2,587,140,0.001059241885450556
test-clean,2,588,33,0.00024967844442763107
test-clean,2,589,138,0.0010441098585155482
test-clean,2,590,74,0.0005598849965952939
test-clean,2,591,147,0.0011122039797230839
test-clean,2,592,115,0.0008700915487629568
test-clean,2,593,70,0.000529620942725278
test-clean,2,594,73,0.00055231898312779
test-clean,2,595,200,0.0015132026935007945
test-clean,2,596,146,0.00110463796625558
test-clean,2,598,40,0.0003026405387001589
test-clean,2,599,953,0.007210410834531286
test-clean,2,600,459,0.0034728001815843234
test-clean,2,601,91,0.0006885072255428615
test-clean,2,602,120,0.0009079216161004766
test-clean,2,603,53,0.0004009987137777105
test-clean,2,604,81,0.0006128470908678218
test-clean,2,605,259,0.001959597488083529
test-clean,2,606,88,0.0006658091851403495
test-clean,2,607,95,0.0007187712794128774
test-clean,2,608,83,0.0006279791178028296
test-clean,2,609,19,0.00014375425588257547
test-clean,2,610,232,0.0017553151244609215
test-clean,2,611,3,2.2698040402511918e-05
test-clean,2,612,89,0.0006733751986078535
test-clean,2,613,32,0.0002421124309601271
test-clean,2,614,56,0.00042369675418022244
test-clean,2,615,40,0.0003026405387001589
test-clean,2,616,240,0.0018158432322009533
test-clean,2,617,209,0.0015812968147083301
test-clean,2,618,154,0.0011651660739956118
test-clean,2,619,363,0.002746462888703942
test-clean,2,620,166,0.0012559582356056593
test-clean,2,621,60,0.0004539608080502383
test-clean,2,622,23,0.00017401830975259135
test-clean,2,623,385,0.002912915184989029
test-clean,2,624,172,0.0013013543164106833
test-clean,2,625,294,0.0022244079594461678
test-clean,2,626,91,0.0006885072255428615
test-clean,2,627,77,0.0005825830369978059
test-clean,2,628,265,0.0020049935688885526
test-clean,2,629,81,0.0006128470908678218
test-clean,2,630,130,0.0009835817507755163
test-clean,2,631,63,0.00047665884845275025
test-clean,2,632,74,0.0005598849965952939
test-clean,2,633,89,0.0006733751986078535
test-clean,2,634,193,0.0014602405992282666
test-clean,2,635,77,0.0005825830369978059
test-clean,2,636,157,0.0011878641143981236
test-clean,2,637,99,0.0007490353332828933
test-clean,2,638,62,0.00046909283498524626
test-clean,2,639,62,0.00046909283498524626
test-clean,2,640,116,0.0008776575622304608
test-clean,2,641,20,0.00015132026935007944
test-clean,2,642,114,0.0008625255352954529
test-clean,2,643,57,0.00043126276764772644
test-clean,2,644,127,0.0009608837103730045
test-clean,2,645,41,0.0003102065521676629
test-clean,2,646,380,0.0028750851176515095
test-clean,2,647,70,0.000529620942725278
test-clean,2,649,74,0.0005598849965952939
test-clean,2,650,85,0.0006431111447378376
test-clean,2,651,88,0.0006658091851403495
test-clean,2,652,36,0.000272376484830143
test-clean,2,653,77,0.0005825830369978059
test-clean,2,654,190,0.0014375425588257548
test-clean,2,655,174,0.0013164863433456912
test-clean,2,656,134,0.0010138458046455323
test-clean,2,657,13,9.835817507755164e-05
test-clean,2,658,155,0.0011727320874631156
test-clean,2,659,136,0.0010289778315805403
test-clean,2,661,109,0.000824695467957933
test-clean,2,662,199,0.0015056366800332904
test-clean,2,663,97,0.0007339033063478853
test-clean,2,664,205,0.0015510327608383144
test-clean,2,665,193,0.0014602405992282666
test-clean,2,666,52,0.00039343270031020656
test-clean,2,667,48,0.0003631686464401907
test-clean,2,668,27,0.00020428236362260725
test-clean,2,669,73,0.00055231898312779
test-clean,2,670,65,0.0004917908753877581
test-clean,2,671,317,0.002398426269198759
test-clean,2,672,21,0.0001588862828175834
test-clean,2,673,165,0.0012483922221381554
test-clean,2,674,12,9.079216161004767e-05
test-clean,2,675,99,0.0007490353332828933
test-clean,2,676,109,0.000824695467957933
test-clean,2,677,38,0.00028750851176515094
test-clean,2,678,63,0.00047665884845275025
test-clean,2,679,43,0.0003253385791026708
test-clean,2,680,157,0.0011878641143981236
test-clean,2,681,55,0.00041613074071271844
test-clean,2,682,37,0.00027994249829764694
test-clean,2,683,252,0.001906635393811001
test-clean,2,684,118,0.0008927895891654688
test-clean,2,685,88,0.0006658091851403495
test-clean,2,686,38,0.00028750851176515094
test-clean,2,687,1,7.566013467503972e-06
test-clean,2,688,188,0.0014224105318907468
test-clean,2,689,82,0.0006204131043353257
test-clean,2,690,925,0.006998562457441174
test-clean,2,691,399,0.003018839373534085
test-clean,2,692,886,0.00670348793220852
test-clean,2,693,90,0.0006809412120753575
test-clean,2,694,179,0.0013543164106832111
test-clean,2,695,61,0.0004615268215177423
test-clean,2,696,78,0.0005901490504653099
test-clean,2,697,743,0.005621548006355451
test-clean,2,698,345,0.00261027464628887
test-clean,2,699,33,0.00024967844442763107
test-clean,2,700,303,0.0022925020806537034
test-clean,2,701,72,0.000544752969660286
test-clean,2,702,34,0.00025724445789513506
test-clean,2,703,143,0.0010819399258530681
test-clean,2,704,604,0.0045698721343723995
test-clean,2,705,82,0.0006204131043353257
test-clean,2,706,20,0.00015132026935007944
test-clean,2,707,108,0.000817129454490429
test-clean,2,708,41,0.0003102065521676629
test-clean,2,709,132,0.0009987137777105243
test-clean,2,710,49,0.00037073465990769463
test-clean,2,712,213,0.0016115608685783461
test-clean,2,713,70,0.000529620942725278
test-clean,2,714,397,0.003003707346599077
test-clean,2,715,162,0.0012256941817356435
test-clean,2,716,222,0.0016796549897858818
test-clean,2,717,53,0.0004009987137777105
test-clean,2,718,30,0.00022698040402511916
test-clean,2,719,37,0.00027994249829764694
test-clean,2,720,127,0.0009608837103730045
test-clean,2,721,129,0.0009760157373080124
test-clean,2,722,56,0.00042369675418022244
test-clean,2,723,332,0.0025119164712113186
test-clean,2,724,18,0.0001361882424150715
test-clean,2,725,310,0.0023454641749262313
test-clean,2,726,58,0.0004388287811152304
test-clean,2,727,99,0.0007490353332828933
test-clean,2,729,284,0.002148747824771128
test-clean,2,730,123,0.0009306196565029886
test-clean,2,731,130,0.0009835817507755163
test-clean,2,732,68,0.0005144889157902701
test-clean,2,733,56,0.00042369675418022244
test-clean,2,734,632,0.00478172051146251
test-clean,2,735,99,0.0007490353332828933
test-clean,2,736,536,0.004055383218582129
test-clean,2,737,147,0.0011122039797230839
test-clean,2,738,77,0.0005825830369978059
test-clean,2,739,75,0.0005674510100627979
test-clean,2,740,168,0.0012710902625406673
test-clean,2,741,34,0.00025724445789513506
test-clean,2,742,54,0.0004085647272452145
test-clean,2,743,159,0.0012029961413331316
test-clean,2,744,464,0.003510630248921843
test-clean,2,745,60,0.0004539608080502383
test-clean,2,746,290,0.002194143905576152
test-clean,2,747,75,0.0005674510100627979
test-clean,2,748,108,0.000817129454490429
test-clean,2,749,9,6.809412120753575e-05
test-clean,2,750,78,0.0005901490504653099
test-clean,2,751,84,0.0006355451312703336
test-clean,2,752,89,0.0006733751986078535
test-clean,2,753,87,0.0006582431716728456
test-clean,2,755,139,0.0010516758719830521
test-clean,2,756,60,0.0004539608080502383
test-clean,2,757,67,0.0005069229023227661
test-clean,2,758,90,0.0006809412120753575
test-clean,2,759,9,6.809412120753575e-05
test-clean,2,760,97,0.0007339033063478853
test-clean,2,761,76,0.0005750170235303019
test-clean,2,762,181,0.001369448437618219
test-clean,2,763,40,0.0003026405387001589
test-clean,2,764,4,3.0264053870015887e-05
test-clean,2,765,102,0.0007717333736854051
test-clean,2,766,41,0.0003102065521676629
test-clean,2,767,37,0.00027994249829764694
test-clean,2,768,3,2.2698040402511918e-05
test-clean,2,769,16,0.00012105621548006355
test-clean,2,770,424,0.003207989710221684
test-clean,2,771,111,0.0008398274948929409
test-clean,2,772,140,0.001059241885450556
test-clean,2,773,8,6.0528107740031774e-05
test-clean,2,774,86,0.0006506771582053416
test-clean,2,775,61,0.0004615268215177423
test-clean,2,776,208,0.0015737308012408263
test-clean,2,777,24,0.00018158432322009534
test-clean,2,778,289,0.002186577892108648
test-clean,2,779,11,8.322614814254369e-05
test-clean,2,781,24,0.00018158432322009534
test-clean,2,782,425,0.003215555723689188
test-clean,2,783,53,0.0004009987137777105
test-clean,2,784,118,0.0008927895891654688
test-clean,2,785,816,0.006173866989483241
test-clean,2,786,34,0.00025724445789513506
test-clean,2,787,130,0.0009835817507755163
test-clean,2,788,91,0.0006885072255428615
test-clean,2,789,44,0.00033290459257017476
test-clean,2,790,271,0.0020503896496935764
test-clean,2,791,45,0.00034047060603767875
test-clean,2,792,43,0.0003253385791026708
test-clean,2,793,515,0.003896496935764546
test-clean,2,794,228,0.0017250510705909057
test-clean,2,795,67,0.0005069229023227661
test-clean,2,796,189,0.0014299765453582506
test-clean,2,797,859,0.006499205568585912
test-clean,2,798,112,0.0008473935083604449
test-clean,2,799,2,1.5132026935007944e-05
test-clean,2,800,415,0.0031398955890141484
test-clean,2,801,122,0.0009230536430354846
test-clean,2,802,87,0.0006582431716728456
test-clean,2,803,198,0.0014980706665657865
test-clean,2,804,118,0.0008927895891654688
test-clean,2,805,50,0.0003783006733751986
test-clean,2,806,178,0.001346750397215707
test-clean,2,807,85,0.0006431111447378376
test-clean,2,808,166,0.0012559582356056593
test-clean,2,809,89,0.0006733751986078535
test-clean,2,810,910,0.006885072255428615
test-clean,2,811,129,0.0009760157373080124
test-clean,2,812,244,0.0018461072860709693
test-clean,2,813,58,0.0004388287811152304
test-clean,2,814,63,0.00047665884845275025
test-clean,2,815,113,0.0008549595218279489
test-clean,2,816,30,0.00022698040402511916
test-clean,2,817,257,0.0019444654611485209
test-clean,2,818,106,0.000801997427555421
test-clean,2,819,46,0.0003480366195051827
test-clean,2,820,332,0.0025119164712113186
test-clean,2,821,8,6.0528107740031774e-05
test-clean,2,822,578,0.004373155784217296
test-clean,2,823,89,0.0006733751986078535
test-clean,2,824,72,0.000544752969660286
test-clean,2,825,15,0.00011349020201255958
test-clean,2,826,72,0.000544752969660286
test-clean,2,827,88,0.0006658091851403495
test-clean,2,828,78,0.0005901490504653099
test-clean,2,829,39,0.00029507452523265494
test-clean,2,830,70,0.000529620942725278
test-clean,2,831,18,0.0001361882424150715
test-clean,2,832,70,0.000529620942725278
test-clean,2,833,26,0.00019671635015510328
test-clean,2,834,31,0.00023454641749262313
test-clean,2,835,58,0.0004388287811152304
test-clean,2,836,53,0.0004009987137777105
test-clean,2,837,93,0.0007036392524778694
test-clean,2,838,489,0.003699780585609442
test-clean,2,839,30,0.00022698040402511916
test-clean,2,840,35,0.000264810471362639
test-clean,2,841,50,0.0003783006733751986
test-clean,2,842,182,0.001377014451085723
test-clean,2,843,83,0.0006279791178028296
test-clean,2,844,58,0.0004388287811152304
test-clean,2,845,250,0.001891503366875993
test-clean,2,846,71,0.000537186956192782
test-clean,2,848,38,0.00028750851176515094
test-clean,2,849,68,0.0005144889157902701
test-clean,2,850,118,0.0008927895891654688
test-clean,2,851,293,0.0022168419459786637
test-clean,2,852,86,0.0006506771582053416
test-clean,2,853,45,0.00034047060603767875
test-clean,2,854,171,0.0012937883029431791
test-clean,2,855,79,0.0005977150639328138
test-clean,2,856,22,0.00016645229628508738
test-clean,2,857,15,0.00011349020201255958
test-clean,2,858,115,0.0008700915487629568
test-clean,2,859,2,1.5132026935007944e-05
test-clean,2,860,1,7.566013467503972e-06
test-clean,2,861,28,0.00021184837709011122
test-clean,2,862,69,0.0005220549292577741
test-clean,2,864,205,0.0015510327608383144
test-clean,2,865,62,0.00046909283498524626
test-clean,2,866,113,0.0008549595218279489
test-clean,2,867,105,0.0007944314140879171
test-clean,2,868,93,0.0007036392524778694
test-clean,2,869,32,0.0002421124309601271
test-clean,2,870,319,0.002413558296133767
test-clean,2,871,7,5.2962094272527805e-05
test-clean,2,872,338,0.0025573125520163427
test-clean,2,873,428,0.0032382537640917
test-clean,2,874,127,0.0009608837103730045
test-clean,2,875,76,0.0005750170235303019
test-clean,2,876,66,0.0004993568888552621
test-clean,2,877,304,0.0023000680941212075
test-clean,2,878,244,0.0018461072860709693
test-clean,2,879,29,0.0002194143905576152
test-clean,2,880,131,0.0009911477642430204
test-clean,2,881,135,0.0010214118181130361
test-clean,2,882,4,3.0264053870015887e-05
test-clean,2,883,100,0.0007566013467503973
test-clean,2,884,296,0.0022395399863811755
test-clean,2,885,37,0.00027994249829764694
test-clean,2,886,366,0.0027691609291064538
test-clean,2,887,8,6.0528107740031774e-05
test-clean,2,888,186,0.0014072785049557388
test-clean,2,889,91,0.0006885072255428615
test-clean,2,890,230,0.0017401830975259135
test-clean,2,891,193,0.0014602405992282666
test-clean,2,892,61,0.0004615268215177423
test-clean,2,893,81,0.0006128470908678218
test-clean,2,894,1,7.566013467503972e-06
test-clean,2,895,213,0.0016115608685783461
test-clean,2,896,121,0.0009154876295679806
test-clean,2,897,212,0.001603994855110842
test-clean,2,898,39,0.00029507452523265494
test-clean,2,899,214,0.00161912688204585
test-clean,2,900,601,0.004547174093969888
test-clean,2,901,249,0.0018839373534084891
test-clean,2,902,359,0.002716198834833926
test-clean,2,903,148,0.0011197699931905878
test-clean,2,904,305,0.0023076341075887116
test-clean,2,905,167,0.0012635242490731634
test-clean,2,906,31,0.00023454641749262313
test-clean,2,907,482,0.0036468184913369148
test-clean,2,908,167,0.0012635242490731634
test-clean,2,909,23,0.00017401830975259135
test-clean,2,910,26,0.00019671635015510328
test-clean,2,911,158,0.0011954301278656275
test-clean,2,912,35,0.000264810471362639
test-clean,2,913,600,0.004539608080502383
test-clean,2,914,476,0.0036014224105318906
test-clean,2,915,88,0.0006658091851403495
test-clean,2,916,120,0.0009079216161004766
test-clean,2,917,78,0.0005901490504653099
test-clean,2,919,22,0.00016645229628508738
test-clean,2,920,21,0.0001588862828175834
test-clean,2,921,229,0.0017326170840584096
test-clean,2,922,110,0.0008322614814254369
test-clean,2,923,43,0.0003253385791026708
test-clean,2,924,1161,0.00878414163577211
test-clean,2,925,183,0.0013845804645532269
test-clean,2,926,136,0.0010289778315805403
test-clean,2,927,125,0.0009457516834379965
test-clean,2,928,549,0.004153741393659681
test-clean,2,929,146,0.00110463796625558
test-clean,2,930,94,0.0007112052659453734
test-clean,2,931,597,0.004516910040099871
test-clean,2,932,69,0.0005220549292577741
test-clean,2,933,116,0.0008776575622304608
test-clean,2,934,75,0.0005674510100627979
test-clean,2,935,56,0.00042369675418022244
test-clean,2,936,328,0.002481652417341303
test-clean,2,937,102,0.0007717333736854051
test-clean,2,938,155,0.0011727320874631156
test-clean,2,939,89,0.0006733751986078535
test-clean,2,940,5,3.783006733751986e-05
test-clean,2,941,31,0.00023454641749262313
test-clean,2,942,29,0.0002194143905576152
test-clean,2,943,76,0.0005750170235303019
test-clean,2,944,194,0.0014678066126957705
test-clean,2,945,13,9.835817507755164e-05
test-clean,2,946,176,0.001331618370280699
test-clean,2,947,42,0.0003177725656351668
test-clean,2,948,9,6.809412120753575e-05
test-clean,2,949,74,0.0005598849965952939
test-clean,2,950,1,7.566013467503972e-06
test-clean,2,951,66,0.0004993568888552621
test-clean,2,952,186,0.0014072785049557388
test-clean,2,953,288,0.002179011878641144
test-clean,2,954,60,0.0004539608080502383
test-clean,2,955,62,0.00046909283498524626
test-clean,2,956,1,7.566013467503972e-06
test-clean,2,957,103,0.0007792993871529091
test-clean,2,958,36,0.000272376484830143
test-clean,2,959,616,0.004660664295982447
test-clean,2,960,505,0.003820836801089506
test-clean,2,961,166,0.0012559582356056593
test-clean,2,962,95,0.0007187712794128774
test-clean,2,963,222,0.0016796549897858818
test-clean,2,964,5,3.783006733751986e-05
test-clean,2,965,124,0.0009381856699704925
test-clean,2,966,488,0.0036922145721419385
test-clean,2,967,263,0.001989861541953545
test-clean,2,968,455,0.0034425361277143074
test-clean,2,969,534,0.004040251191647121
test-clean,2,970,27,0.00020428236362260725
test-clean,2,971,220,0.0016645229628508738
test-clean,2,972,71,0.000537186956192782
test-clean,2,973,53,0.0004009987137777105
test-clean,2,974,1102,0.008337746841189377
test-clean,2,975,88,0.0006658091851403495
test-clean,2,976,71,0.000537186956192782
test-clean,2,977,300,0.0022698040402511915
test-clean,2,978,158,0.0011954301278656275
test-clean,2,979,36,0.000272376484830143
test-clean,2,980,268,0.0020276916092910645
test-clean,2,981,103,0.0007792993871529091
test-clean,2,982,32,0.0002421124309601271
test-clean,2,983,395,0.002988575319664069
test-clean,2,984,176,0.001331618370280699
test-clean,2,985,136,0.0010289778315805403
test-clean,2,987,257,0.0019444654611485209
test-clean,2,988,123,0.0009306196565029886
test-clean,2,989,100,0.0007566013467503973
test-clean,2,990,121,0.0009154876295679806
test-clean,2,991,116,0.0008776575622304608
test-clean,2,992,133,0.0010062797911780284
test-clean,2,993,67,0.0005069229023227661
test-clean,2,994,64,0.0004842248619202542
test-clean,2,995,76,0.0005750170235303019
test-clean,2,996,268,0.0020276916092910645
test-clean,2,997,301,0.0022773700537186956
test-clean,2,998,49,0.00037073465990769463
test-clean,2,999,189,0.0014299765453582506
test-clean,2,1000,214,0.00161912688204585
test-clean,2,1001,37,0.00027994249829764694
test-clean,2,1002,427,0.003230687750624196
test-clean,2,1003,71,0.000537186956192782
test-clean,2,1004,136,0.0010289778315805403
test-clean,2,1005,61,0.0004615268215177423
test-clean,2,1006,120,0.0009079216161004766
test-clean,2,1007,69,0.0005220549292577741
test-clean,2,1008,119,0.0009003556026329726
test-clean,2,1009,41,0.0003102065521676629
test-clean,2,1010,17,0.00012862222894756753
test-clean,2,1011,1,7.566013467503972e-06
test-clean,2,1012,69,0.0005220549292577741
test-clean,2,1013,305,0.0023076341075887116
test-clean,2,1014,344,0.0026027086328213665
test-clean,2,1015,202,0.0015283347204358023
test-clean,2,1016,393,0.002973443292729061
test-clean,2,1017,48,0.0003631686464401907
test-clean,2,1018,27,0.00020428236362260725
test-clean,2,1019,69,0.0005220549292577741
test-clean,2,1020,113,0.0008549595218279489
test-clean,2,1021,64,0.0004842248619202542
test-clean,2,1022,1129,0.008542029204811985
test-clean,2,1023,5,3.783006733751986e-05
test-clean,3,0,18,0.0001361882424150715
test-clean,3,1,93,0.0007036392524778694
test-clean,3,2,70,0.000529620942725278
test-clean,3,3,11,8.322614814254369e-05
test-clean,3,4,3,2.2698040402511918e-05
test-clean,3,5,338,0.0025573125520163427
test-clean,3,6,77,0.0005825830369978059
test-clean,3,7,117,0.0008852235756979648
test-clean,3,8,242,0.0018309752591359613
test-clean,3,9,65,0.0004917908753877581
test-clean,3,10,243,0.0018385412726034652
test-clean,3,11,89,0.0006733751986078535
test-clean,3,12,217,0.001641824922448362
test-clean,3,13,150,0.0011349020201255958
test-clean,3,14,100,0.0007566013467503973
test-clean,3,15,67,0.0005069229023227661
test-clean,3,16,88,0.0006658091851403495
test-clean,3,17,119,0.0009003556026329726
test-clean,3,18,37,0.00027994249829764694
test-clean,3,19,1,7.566013467503972e-06
test-clean,3,20,148,0.0011197699931905878
test-clean,3,21,38,0.00028750851176515094
test-clean,3,22,707,0.005349171521525308
test-clean,3,23,71,0.000537186956192782
test-clean,3,24,191,0.0014451085722932586
test-clean,3,25,80,0.0006052810774003178
test-clean,3,26,63,0.00047665884845275025
test-clean,3,27,61,0.0004615268215177423
test-clean,3,28,85,0.0006431111447378376
test-clean,3,29,66,0.0004993568888552621
test-clean,3,30,38,0.00028750851176515094
test-clean,3,31,120,0.0009079216161004766
test-clean,3,32,58,0.0004388287811152304
test-clean,3,33,161,0.0012181281682681396
test-clean,3,34,81,0.0006128470908678218
test-clean,3,35,98,0.0007414693198153893
test-clean,3,36,165,0.0012483922221381554
test-clean,3,37,143,0.0010819399258530681
test-clean,3,38,67,0.0005069229023227661
test-clean,3,39,81,0.0006128470908678218
test-clean,3,40,110,0.0008322614814254369
test-clean,3,41,80,0.0006052810774003178
test-clean,3,42,70,0.000529620942725278
test-clean,3,43,45,0.00034047060603767875
test-clean,3,44,72,0.000544752969660286
test-clean,3,45,409,0.0030944995082091246
test-clean,3,46,38,0.00028750851176515094
test-clean,3,47,108,0.000817129454490429
test-clean,3,48,132,0.0009987137777105243
test-clean,3,49,139,0.0010516758719830521
test-clean,3,50,99,0.0007490353332828933
test-clean,3,51,8,6.0528107740031774e-05
test-clean,3,52,33,0.00024967844442763107
test-clean,3,53,63,0.00047665884845275025
test-clean,3,54,64,0.0004842248619202542
test-clean,3,55,214,0.00161912688204585
test-clean,3,56,1,7.566013467503972e-06
test-clean,3,57,185,0.0013997124914882349
test-clean,3,58,38,0.00028750851176515094
test-clean,3,59,88,0.0006658091851403495
test-clean,3,60,2,1.5132026935007944e-05
test-clean,3,61,92,0.0006960732390103654
test-clean,3,63,163,0.0012332601952031474
test-clean,3,64,101,0.0007641673602179011
test-clean,3,65,103,0.0007792993871529091
test-clean,3,66,276,0.0020882197170310965
test-clean,3,67,210,0.0015888628281758342
test-clean,3,68,102,0.0007717333736854051
test-clean,3,69,37,0.00027994249829764694
test-clean,3,71,77,0.0005825830369978059
test-clean,3,72,76,0.0005750170235303019
test-clean,3,73,160,0.0012105621548006355
test-clean,3,74,135,0.0010214118181130361
test-clean,3,75,94,0.0007112052659453734
test-clean,3,76,75,0.0005674510100627979
test-clean,3,77,162,0.0012256941817356435
test-clean,3,78,71,0.000537186956192782
test-clean,3,79,136,0.0010289778315805403
test-clean,3,80,174,0.0013164863433456912
test-clean,3,81,72,0.000544752969660286
test-clean,3,82,104,0.0007868654006204131
test-clean,3,83,61,0.0004615268215177423
test-clean,3,84,74,0.0005598849965952939
test-clean,3,85,114,0.0008625255352954529
test-clean,3,86,155,0.0011727320874631156
test-clean,3,87,122,0.0009230536430354846
test-clean,3,88,52,0.00039343270031020656
test-clean,3,89,100,0.0007566013467503973
test-clean,3,90,158,0.0011954301278656275
test-clean,3,91,404,0.0030566694408716046
test-clean,3,92,113,0.0008549595218279489
test-clean,3,93,47,0.0003556026329726867
test-clean,3,94,86,0.0006506771582053416
test-clean,3,95,63,0.00047665884845275025
test-clean,3,96,87,0.0006582431716728456
test-clean,3,97,59,0.0004463947945827344
test-clean,3,98,239,0.0018082772187334494
test-clean,3,99,170,0.0012862222894756753
test-clean,3,101,74,0.0005598849965952939
test-clean,3,102,80,0.0006052810774003178
test-clean,3,103,68,0.0005144889157902701
test-clean,3,104,80,0.0006052810774003178
test-clean,3,105,111,0.0008398274948929409
test-clean,3,106,213,0.0016115608685783461
test-clean,3,107,208,0.0015737308012408263
test-clean,3,108,45,0.00034047060603767875
test-clean,3,109,127,0.0009608837103730045
test-clean,3,110,324,0.002451388363471287
test-clean,3,111,430,0.0032533857910267082
test-clean,3,112,50,0.0003783006733751986
test-clean,3,113,68,0.0005144889157902701
test-clean,3,114,96,0.0007263372928803814
test-clean,3,115,61,0.0004615268215177423
test-clean,3,116,48,0.0003631686464401907
test-clean,3,117,117,0.0008852235756979648
test-clean,3,118,53,0.0004009987137777105
test-clean,3,119,92,0.0006960732390103654
test-clean,3,120,179,0.0013543164106832111
test-clean,3,121,18,0.0001361882424150715
test-clean,3,122,72,0.000544752969660286
test-clean,3,123,36,0.000272376484830143
test-clean,3,124,94,0.0007112052659453734
test-clean,3,125,220,0.0016645229628508738
test-clean,3,126,191,0.0014451085722932586
test-clean,3,128,133,0.0010062797911780284
test-clean,3,129,285,0.002156313838238632
test-clean,3,130,339,0.0025648785654838464
test-clean,3,131,159,0.0012029961413331316
test-clean,3,132,96,0.0007263372928803814
test-clean,3,133,648,0.004902776726942574
test-clean,3,134,90,0.0006809412120753575
test-clean,3,135,69,0.0005220549292577741
test-clean,3,136,77,0.0005825830369978059
test-clean,3,137,210,0.0015888628281758342
test-clean,3,138,309,0.0023378981614587276
test-clean,3,139,238,0.0018007112052659453
test-clean,3,140,48,0.0003631686464401907
test-clean,3,141,56,0.00042369675418022244
test-clean,3,142,28,0.00021184837709011122
test-clean,3,143,29,0.0002194143905576152
test-clean,3,144,107,0.000809563441022925
test-clean,3,145,62,0.00046909283498524626
test-clean,3,146,60,0.0004539608080502383
test-clean,3,147,188,0.0014224105318907468
test-clean,3,148,192,0.0014526745857607627
test-clean,3,149,102,0.0007717333736854051
test-clean,3,150,89,0.0006733751986078535
test-clean,3,151,214,0.00161912688204585
test-clean,3,152,127,0.0009608837103730045
test-clean,3,153,72,0.000544752969660286
test-clean,3,154,67,0.0005069229023227661
test-clean,3,155,135,0.0010214118181130361
test-clean,3,156,113,0.0008549595218279489
test-clean,3,157,128,0.0009684497238405084
test-clean,3,158,30,0.00022698040402511916
test-clean,3,159,104,0.0007868654006204131
test-clean,3,160,571,0.004320193689944768
test-clean,3,161,89,0.0006733751986078535
test-clean,3,162,40,0.0003026405387001589
test-clean,3,163,140,0.001059241885450556
test-clean,3,164,569,0.00430506166300976
test-clean,3,165,108,0.000817129454490429
test-clean,3,166,105,0.0007944314140879171
test-clean,3,167,79,0.0005977150639328138
test-clean,3,168,283,0.002141181811303624
test-clean,3,169,84,0.0006355451312703336
test-clean,3,170,39,0.00029507452523265494
test-clean,3,171,108,0.000817129454490429
test-clean,3,172,159,0.0012029961413331316
test-clean,3,173,93,0.0007036392524778694
test-clean,3,174,108,0.000817129454490429
test-clean,3,175,414,0.0031323295755466443
test-clean,3,176,111,0.0008398274948929409
test-clean,3,177,115,0.0008700915487629568
test-clean,3,178,81,0.0006128470908678218
test-clean,3,179,78,0.0005901490504653099
test-clean,3,180,540,0.004085647272452145
test-clean,3,181,57,0.00043126276764772644
test-clean,3,182,117,0.0008852235756979648
test-clean,3,183,46,0.0003480366195051827
test-clean,3,185,108,0.000817129454490429
test-clean,3,186,90,0.0006809412120753575
test-clean,3,187,34,0.00025724445789513506
test-clean,3,188,122,0.0009230536430354846
test-clean,3,189,100,0.0007566013467503973
test-clean,3,190,140,0.001059241885450556
test-clean,3,191,70,0.000529620942725278
test-clean,3,192,34,0.00025724445789513506
test-clean,3,193,111,0.0008398274948929409
test-clean,3,194,176,0.001331618370280699
test-clean,3,195,68,0.0005144889157902701
test-clean,3,196,184,0.0013921464780207308
test-clean,3,197,103,0.0007792993871529091
test-clean,3,198,65,0.0004917908753877581
test-clean,3,199,132,0.0009987137777105243
test-clean,3,200,100,0.0007566013467503973
test-clean,3,201,211,0.0015964288416433381
test-clean,3,202,62,0.00046909283498524626
test-clean,3,203,43,0.0003253385791026708
test-clean,3,204,73,0.00055231898312779
test-clean,3,205,32,0.0002421124309601271
test-clean,3,206,132,0.0009987137777105243
test-clean,3,207,66,0.0004993568888552621
test-clean,3,208,185,0.0013997124914882349
test-clean,3,209,42,0.0003177725656351668
test-clean,3,210,327,0.002474086403873799
test-clean,3,211,79,0.0005977150639328138
test-clean,3,212,85,0.0006431111447378376
test-clean,3,213,160,0.0012105621548006355
test-clean,3,214,86,0.0006506771582053416
test-clean,3,215,158,0.0011954301278656275
test-clean,3,216,103,0.0007792993871529091
test-clean,3,217,145,0.001097071952788076
test-clean,3,218,216,0.001634258908980858
test-clean,3,219,281,0.002126049784368616
test-clean,3,220,5,3.783006733751986e-05
test-clean,3,221,65,0.0004917908753877581
test-clean,3,222,105,0.0007944314140879171
test-clean,3,223,170,0.0012862222894756753
test-clean,3,224,161,0.0012181281682681396
test-clean,3,225,191,0.0014451085722932586
test-clean,3,226,41,0.0003102065521676629
test-clean,3,227,49,0.00037073465990769463
test-clean,3,228,159,0.0012029961413331316
test-clean,3,229,81,0.0006128470908678218
test-clean,3,230,71,0.000537186956192782
test-clean,3,231,88,0.0006658091851403495
test-clean,3,232,42,0.0003177725656351668
test-clean,3,233,57,0.00043126276764772644
test-clean,3,235,138,0.0010441098585155482
test-clean,3,236,20,0.00015132026935007944
test-clean,3,237,153,0.0011576000605281076
test-clean,3,238,101,0.0007641673602179011
test-clean,3,239,84,0.0006355451312703336
test-clean,3,240,138,0.0010441098585155482
test-clean,3,241,107,0.000809563441022925
test-clean,3,242,263,0.001989861541953545
test-clean,3,244,49,0.00037073465990769463
test-clean,3,245,72,0.000544752969660286
test-clean,3,246,104,0.0007868654006204131
test-clean,3,247,43,0.0003253385791026708
test-clean,3,248,58,0.0004388287811152304
test-clean,3,249,56,0.00042369675418022244
test-clean,3,250,30,0.00022698040402511916
test-clean,3,251,82,0.0006204131043353257
test-clean,3,252,121,0.0009154876295679806
test-clean,3,253,144,0.001089505939320572
test-clean,3,254,47,0.0003556026329726867
test-clean,3,255,52,0.00039343270031020656
test-clean,3,256,231,0.0017477491109934176
test-clean,3,257,88,0.0006658091851403495
test-clean,3,258,177,0.0013391843837482031
test-clean,3,259,113,0.0008549595218279489
test-clean,3,261,591,0.004471513959294847
test-clean,3,262,92,0.0006960732390103654
test-clean,3,263,45,0.00034047060603767875
test-clean,3,264,78,0.0005901490504653099
test-clean,3,265,359,0.002716198834833926
test-clean,3,266,233,0.0017628811379284254
test-clean,3,267,152,0.0011500340470606038
test-clean,3,268,59,0.0004463947945827344
test-clean,3,269,115,0.0008700915487629568
test-clean,3,270,81,0.0006128470908678218
test-clean,3,271,181,0.001369448437618219
test-clean,3,272,100,0.0007566013467503973
test-clean,3,273,89,0.0006733751986078535
test-clean,3,274,125,0.0009457516834379965
test-clean,3,275,88,0.0006658091851403495
test-clean,3,276,95,0.0007187712794128774
test-clean,3,277,40,0.0003026405387001589
test-clean,3,278,122,0.0009230536430354846
test-clean,3,279,110,0.0008322614814254369
test-clean,3,280,117,0.0008852235756979648
test-clean,3,281,99,0.0007490353332828933
test-clean,3,282,202,0.0015283347204358023
test-clean,3,283,73,0.00055231898312779
test-clean,3,284,82,0.0006204131043353257
test-clean,3,285,121,0.0009154876295679806
test-clean,3,286,78,0.0005901490504653099
test-clean,3,287,116,0.0008776575622304608
test-clean,3,288,70,0.000529620942725278
test-clean,3,289,93,0.0007036392524778694
test-clean,3,290,60,0.0004539608080502383
test-clean,3,291,80,0.0006052810774003178
test-clean,3,292,125,0.0009457516834379965
test-clean,3,293,156,0.0011802981009306197
test-clean,3,294,87,0.0006582431716728456
test-clean,3,295,522,0.003949459030037073
test-clean,3,296,79,0.0005977150639328138
test-clean,3,297,679,0.005137323144435197
test-clean,3,298,90,0.0006809412120753575
test-clean,3,299,142,0.001074373912385564
test-clean,3,300,48,0.0003631686464401907
test-clean,3,301,138,0.0010441098585155482
test-clean,3,302,89,0.0006733751986078535
test-clean,3,303,94,0.0007112052659453734
test-clean,3,304,62,0.00046909283498524626
test-clean,3,305,120,0.0009079216161004766
test-clean,3,306,82,0.0006204131043353257
test-clean,3,307,164,0.0012408262086706515
test-clean,3,308,384,0.0029053491715215255
test-clean,3,309,102,0.0007717333736854051
test-clean,3,310,1,7.566013467503972e-06
test-clean,3,311,67,0.0005069229023227661
test-clean,3,312,115,0.0008700915487629568
test-clean,3,313,167,0.0012635242490731634
test-clean,3,314,40,0.0003026405387001589
test-clean,3,315,34,0.00025724445789513506
test-clean,3,316,101,0.0007641673602179011
test-clean,3,317,167,0.0012635242490731634
test-clean,3,318,77,0.0005825830369978059
test-clean,3,319,115,0.0008700915487629568
test-clean,3,320,60,0.0004539608080502383
test-clean,3,321,54,0.0004085647272452145
test-clean,3,322,124,0.0009381856699704925
test-clean,3,323,90,0.0006809412120753575
test-clean,3,324,50,0.0003783006733751986
test-clean,3,325,76,0.0005750170235303019
test-clean,3,326,107,0.000809563441022925
test-clean,3,327,53,0.0004009987137777105
test-clean,3,328,379,0.0028675191041840054
test-clean,3,329,137,0.0010365438450480441
test-clean,3,330,71,0.000537186956192782
test-clean,3,331,102,0.0007717333736854051
test-clean,3,332,444,0.0033593099795717635
test-clean,3,333,85,0.0006431111447378376
test-clean,3,334,74,0.0005598849965952939
test-clean,3,335,92,0.0006960732390103654
test-clean,3,336,189,0.0014299765453582506
test-clean,3,337,151,0.0011424680335930999
test-clean,3,338,241,0.0018234092456684574
test-clean,3,339,198,0.0014980706665657865
test-clean,3,340,96,0.0007263372928803814
test-clean,3,341,20,0.00015132026935007944
test-clean,3,342,172,0.0013013543164106833
test-clean,3,343,89,0.0006733751986078535
test-clean,3,344,322,0.0024362563365362792
test-clean,3,345,39,0.00029507452523265494
test-clean,3,346,235,0.0017780131648634334
test-clean,3,347,110,0.0008322614814254369
test-clean,3,348,43,0.0003253385791026708
test-clean,3,349,82,0.0006204131043353257
test-clean,3,350,72,0.000544752969660286
test-clean,3,351,119,0.0009003556026329726
test-clean,3,352,2,1.5132026935007944e-05
test-clean,3,353,128,0.0009684497238405084
test-clean,3,354,1433,0.010842097298933193
test-clean,3,355,75,0.0005674510100627979
test-clean,3,356,61,0.0004615268215177423
test-clean,3,357,66,0.0004993568888552621
test-clean,3,358,125,0.0009457516834379965
test-clean,3,359,63,0.00047665884845275025
test-clean,3,360,180,0.001361882424150715
test-clean,3,361,224,0.0016947870167208898
test-clean,3,362,123,0.0009306196565029886
test-clean,3,363,141,0.0010668078989180601
test-clean,3,364,69,0.0005220549292577741
test-clean,3,365,59,0.0004463947945827344
test-clean,3,366,84,0.0006355451312703336
test-clean,3,367,248,0.001876371339940985
test-clean,3,368,13,9.835817507755164e-05
test-clean,3,369,32,0.0002421124309601271
test-clean,3,370,324,0.002451388363471287
test-clean,3,371,84,0.0006355451312703336
test-clean,3,372,90,0.0006809412120753575
test-clean,3,373,59,0.0004463947945827344
test-clean,3,374,52,0.00039343270031020656
test-clean,3,375,47,0.0003556026329726867
test-clean,3,376,124,0.0009381856699704925
test-clean,3,377,102,0.0007717333736854051
test-clean,3,378,73,0.00055231898312779
test-clean,3,379,82,0.0006204131043353257
test-clean,3,380,185,0.0013997124914882349
test-clean,3,381,47,0.0003556026329726867
test-clean,3,382,69,0.0005220549292577741
test-clean,3,383,274,0.0020730876900960883
test-clean,3,384,63,0.00047665884845275025
test-clean,3,385,332,0.0025119164712113186
test-clean,3,386,25,0.0001891503366875993
test-clean,3,387,14,0.00010592418854505561
test-clean,3,388,107,0.000809563441022925
test-clean,3,390,111,0.0008398274948929409
test-clean,3,391,153,0.0011576000605281076
test-clean,3,392,56,0.00042369675418022244
test-clean,3,393,165,0.0012483922221381554
test-clean,3,394,82,0.0006204131043353257
test-clean,3,395,94,0.0007112052659453734
test-clean,3,396,167,0.0012635242490731634
test-clean,3,397,170,0.0012862222894756753
test-clean,3,398,182,0.001377014451085723
test-clean,3,399,33,0.00024967844442763107
test-clean,3,400,63,0.00047665884845275025
test-clean,3,401,153,0.0011576000605281076
test-clean,3,402,132,0.0009987137777105243
test-clean,3,403,208,0.0015737308012408263
test-clean,3,404,454,0.0034349701142468033
test-clean,3,405,123,0.0009306196565029886
test-clean,3,406,307,0.0023227661345237194
test-clean,3,407,74,0.0005598849965952939
test-clean,3,408,318,0.0024059922826662633
test-clean,3,409,85,0.0006431111447378376
test-clean,3,410,74,0.0005598849965952939
test-clean,3,411,95,0.0007187712794128774
test-clean,3,412,130,0.0009835817507755163
test-clean,3,413,58,0.0004388287811152304
test-clean,3,414,146,0.00110463796625558
test-clean,3,415,131,0.0009911477642430204
test-clean,3,416,58,0.0004388287811152304
test-clean,3,417,39,0.00029507452523265494
test-clean,3,418,122,0.0009230536430354846
test-clean,3,419,46,0.0003480366195051827
test-clean,3,420,138,0.0010441098585155482
test-clean,3,421,84,0.0006355451312703336
test-clean,3,422,271,0.0020503896496935764
test-clean,3,423,94,0.0007112052659453734
test-clean,3,424,110,0.0008322614814254369
test-clean,3,425,70,0.000529620942725278
test-clean,3,426,94,0.0007112052659453734
test-clean,3,427,167,0.0012635242490731634
test-clean,3,428,441,0.0033366119391692517
test-clean,3,429,96,0.0007263372928803814
test-clean,3,430,144,0.001089505939320572
test-clean,3,431,65,0.0004917908753877581
test-clean,3,432,62,0.00046909283498524626
test-clean,3,433,39,0.00029507452523265494
test-clean,3,434,74,0.0005598849965952939
test-clean,3,435,58,0.0004388287811152304
test-clean,3,436,59,0.0004463947945827344
test-clean,3,437,74,0.0005598849965952939
test-clean,3,438,92,0.0006960732390103654
test-clean,3,439,178,0.001346750397215707
test-clean,3,440,159,0.0012029961413331316
test-clean,3,441,82,0.0006204131043353257
test-clean,3,442,1,7.566013467503972e-06
test-clean,3,443,22,0.00016645229628508738
test-clean,3,444,50,0.0003783006733751986
test-clean,3,445,53,0.0004009987137777105
test-clean,3,446,61,0.0004615268215177423
test-clean,3,447,91,0.0006885072255428615
test-clean,3,448,67,0.0005069229023227661
test-clean,3,449,561,0.004244533555269729
test-clean,3,450,43,0.0003253385791026708
test-clean,3,451,33,0.00024967844442763107
test-clean,3,452,116,0.0008776575622304608
test-clean,3,453,159,0.0012029961413331316
test-clean,3,454,982,0.007429825225088901
test-clean,3,455,264,0.0019974275554210485
test-clean,3,456,176,0.001331618370280699
test-clean,3,457,23,0.00017401830975259135
test-clean,3,458,84,0.0006355451312703336
test-clean,3,459,82,0.0006204131043353257
test-clean,3,460,180,0.001361882424150715
test-clean,3,461,94,0.0007112052659453734
test-clean,3,462,59,0.0004463947945827344
test-clean,3,463,57,0.00043126276764772644
test-clean,3,464,326,0.002466520390406295
test-clean,3,466,106,0.000801997427555421
test-clean,3,467,39,0.00029507452523265494
test-clean,3,468,213,0.0016115608685783461
test-clean,3,470,66,0.0004993568888552621
test-clean,3,471,138,0.0010441098585155482
test-clean,3,473,303,0.0022925020806537034
test-clean,3,474,113,0.0008549595218279489
test-clean,3,475,179,0.0013543164106832111
test-clean,3,476,2,1.5132026935007944e-05
test-clean,3,477,107,0.000809563441022925
test-clean,3,478,61,0.0004615268215177423
test-clean,3,479,135,0.0010214118181130361
test-clean,3,480,85,0.0006431111447378376
test-clean,3,481,71,0.000537186956192782
test-clean,3,482,91,0.0006885072255428615
test-clean,3,483,97,0.0007339033063478853
test-clean,3,484,294,0.0022244079594461678
test-clean,3,485,43,0.0003253385791026708
test-clean,3,486,94,0.0007112052659453734
test-clean,3,487,263,0.001989861541953545
test-clean,3,488,102,0.0007717333736854051
test-clean,3,489,115,0.0008700915487629568
test-clean,3,490,93,0.0007036392524778694
test-clean,3,491,27,0.00020428236362260725
test-clean,3,492,29,0.0002194143905576152
test-clean,3,493,61,0.0004615268215177423
test-clean,3,494,122,0.0009230536430354846
test-clean,3,495,141,0.0010668078989180601
test-clean,3,496,60,0.0004539608080502383
test-clean,3,497,138,0.0010441098585155482
test-clean,3,498,411,0.0031096315351441324
test-clean,3,499,544,0.004115911326322161
test-clean,3,500,87,0.0006582431716728456
test-clean,3,501,90,0.0006809412120753575
test-clean,3,502,62,0.00046909283498524626
test-clean,3,503,61,0.0004615268215177423
test-clean,3,504,4,3.0264053870015887e-05
test-clean,3,505,123,0.0009306196565029886
test-clean,3,506,122,0.0009230536430354846
test-clean,3,507,145,0.001097071952788076
test-clean,3,508,55,0.00041613074071271844
test-clean,3,509,32,0.0002421124309601271
test-clean,3,510,79,0.0005977150639328138
test-clean,3,511,83,0.0006279791178028296
test-clean,3,512,89,0.0006733751986078535
test-clean,3,513,85,0.0006431111447378376
test-clean,3,514,48,0.0003631686464401907
test-clean,3,515,466,0.003525762275856851
test-clean,3,516,96,0.0007263372928803814
test-clean,3,517,113,0.0008549595218279489
test-clean,3,518,216,0.001634258908980858
test-clean,3,519,110,0.0008322614814254369
test-clean,3,520,41,0.0003102065521676629
test-clean,3,521,39,0.00029507452523265494
test-clean,3,522,119,0.0009003556026329726
test-clean,3,523,60,0.0004539608080502383
test-clean,3,524,52,0.00039343270031020656
test-clean,3,525,67,0.0005069229023227661
test-clean,3,526,118,0.0008927895891654688
test-clean,3,527,98,0.0007414693198153893
test-clean,3,528,97,0.0007339033063478853
test-clean,3,529,63,0.00047665884845275025
test-clean,3,530,79,0.0005977150639328138
test-clean,3,531,92,0.0006960732390103654
test-clean,3,532,80,0.0006052810774003178
test-clean,3,533,126,0.0009533176969055005
test-clean,3,534,73,0.00055231898312779
test-clean,3,535,125,0.0009457516834379965
test-clean,3,536,118,0.0008927895891654688
test-clean,3,537,68,0.0005144889157902701
test-clean,3,538,190,0.0014375425588257548
test-clean,3,539,47,0.0003556026329726867
test-clean,3,541,132,0.0009987137777105243
test-clean,3,542,71,0.000537186956192782
test-clean,3,543,61,0.0004615268215177423
test-clean,3,544,71,0.000537186956192782
test-clean,3,545,81,0.0006128470908678218
test-clean,3,546,123,0.0009306196565029886
test-clean,3,547,153,0.0011576000605281076
test-clean,3,548,92,0.0006960732390103654
test-clean,3,549,122,0.0009230536430354846
test-clean,3,550,107,0.000809563441022925
test-clean,3,551,135,0.0010214118181130361
test-clean,3,552,110,0.0008322614814254369
test-clean,3,553,70,0.000529620942725278
test-clean,3,554,291,0.002201709919043656
test-clean,3,555,101,0.0007641673602179011
test-clean,3,556,49,0.00037073465990769463
test-clean,3,557,27,0.00020428236362260725
test-clean,3,558,49,0.00037073465990769463
test-clean,3,559,71,0.000537186956192782
test-clean,3,560,122,0.0009230536430354846
test-clean,3,562,28,0.00021184837709011122
test-clean,3,563,601,0.004547174093969888
test-clean,3,564,119,0.0009003556026329726
test-clean,3,565,101,0.0007641673602179011
test-clean,3,566,176,0.001331618370280699
test-clean,3,567,116,0.0008776575622304608
test-clean,3,568,107,0.000809563441022925
test-clean,3,569,52,0.00039343270031020656
test-clean,3,570,88,0.0006658091851403495
test-clean,3,571,51,0.00038586668684270257
test-clean,3,572,178,0.001346750397215707
test-clean,3,573,67,0.0005069229023227661
test-clean,3,574,125,0.0009457516834379965
test-clean,3,575,175,0.0013240523568131951
test-clean,3,576,120,0.0009079216161004766
test-clean,3,577,105,0.0007944314140879171
test-clean,3,578,82,0.0006204131043353257
test-clean,3,579,55,0.00041613074071271844
test-clean,3,580,124,0.0009381856699704925
test-clean,3,581,108,0.000817129454490429
test-clean,3,582,129,0.0009760157373080124
test-clean,3,583,112,0.0008473935083604449
test-clean,3,584,59,0.0004463947945827344
test-clean,3,587,110,0.0008322614814254369
test-clean,3,588,71,0.000537186956192782
test-clean,3,589,129,0.0009760157373080124
test-clean,3,590,104,0.0007868654006204131
test-clean,3,591,209,0.0015812968147083301
test-clean,3,592,66,0.0004993568888552621
test-clean,3,593,64,0.0004842248619202542
test-clean,3,594,81,0.0006128470908678218
test-clean,3,595,68,0.0005144889157902701
test-clean,3,596,67,0.0005069229023227661
test-clean,3,597,54,0.0004085647272452145
test-clean,3,598,2,1.5132026935007944e-05
test-clean,3,599,196,0.0014829386396307785
test-clean,3,600,68,0.0005144889157902701
test-clean,3,601,660,0.0049935688885526215
test-clean,3,602,57,0.00043126276764772644
test-clean,3,604,267,0.0020201255958235604
test-clean,3,605,354,0.0026783687674964063
test-clean,3,606,226,0.0017099190436558978
test-clean,3,607,102,0.0007717333736854051
test-clean,3,608,92,0.0006960732390103654
test-clean,3,609,69,0.0005220549292577741
test-clean,3,610,124,0.0009381856699704925
test-clean,3,611,59,0.0004463947945827344
test-clean,3,612,98,0.0007414693198153893
test-clean,3,613,67,0.0005069229023227661
test-clean,3,614,112,0.0008473935083604449
test-clean,3,615,42,0.0003177725656351668
test-clean,3,616,93,0.0007036392524778694
test-clean,3,617,36,0.000272376484830143
test-clean,3,618,94,0.0007112052659453734
test-clean,3,619,76,0.0005750170235303019
test-clean,3,620,211,0.0015964288416433381
test-clean,3,621,68,0.0005144889157902701
test-clean,3,622,93,0.0007036392524778694
test-clean,3,623,96,0.0007263372928803814
test-clean,3,624,155,0.0011727320874631156
test-clean,3,625,80,0.0006052810774003178
test-clean,3,626,1089,0.008239388666111826
test-clean,3,627,61,0.0004615268215177423
test-clean,3,628,75,0.0005674510100627979
test-clean,3,629,395,0.002988575319664069
test-clean,3,630,35,0.000264810471362639
test-clean,3,631,93,0.0007036392524778694
test-clean,3,632,35,0.000264810471362639
test-clean,3,633,157,0.0011878641143981236
test-clean,3,634,197,0.0014905046530982826
test-clean,3,635,315,0.0023832942422637514
test-clean,3,636,261,0.0019747295150185367
test-clean,3,637,141,0.0010668078989180601
test-clean,3,638,154,0.0011651660739956118
test-clean,3,639,659,0.004986002875085118
test-clean,3,640,182,0.001377014451085723
test-clean,3,641,349,0.002640538700158886
test-clean,3,642,115,0.0008700915487629568
test-clean,3,643,109,0.000824695467957933
test-clean,3,644,126,0.0009533176969055005
test-clean,3,645,147,0.0011122039797230839
test-clean,3,646,24,0.00018158432322009534
test-clean,3,648,103,0.0007792993871529091
test-clean,3,649,6,4.5396080805023836e-05
test-clean,3,650,78,0.0005901490504653099
test-clean,3,651,74,0.0005598849965952939
test-clean,3,652,63,0.00047665884845275025
test-clean,3,653,64,0.0004842248619202542
test-clean,3,654,64,0.0004842248619202542
test-clean,3,655,93,0.0007036392524778694
test-clean,3,656,54,0.0004085647272452145
test-clean,3,657,76,0.0005750170235303019
test-clean,3,658,154,0.0011651660739956118
test-clean,3,659,60,0.0004539608080502383
test-clean,3,660,86,0.0006506771582053416
test-clean,3,661,64,0.0004842248619202542
test-clean,3,662,45,0.00034047060603767875
test-clean,3,663,97,0.0007339033063478853
test-clean,3,664,359,0.002716198834833926
test-clean,3,665,130,0.0009835817507755163
test-clean,3,666,135,0.0010214118181130361
test-clean,3,667,655,0.0049557388212151015
test-clean,3,668,175,0.0013240523568131951
test-clean,3,669,107,0.000809563441022925
test-clean,3,670,596,0.0045093440266323675
test-clean,3,671,66,0.0004993568888552621
test-clean,3,672,93,0.0007036392524778694
test-clean,3,673,131,0.0009911477642430204
test-clean,3,674,165,0.0012483922221381554
test-clean,3,676,80,0.0006052810774003178
test-clean,3,677,114,0.0008625255352954529
test-clean,3,678,90,0.0006809412120753575
test-clean,3,679,266,0.0020125595823560567
test-clean,3,680,126,0.0009533176969055005
test-clean,3,681,5,3.783006733751986e-05
test-clean,3,682,288,0.002179011878641144
test-clean,3,683,86,0.0006506771582053416
test-clean,3,684,93,0.0007036392524778694
test-clean,3,685,78,0.0005901490504653099
test-clean,3,686,163,0.0012332601952031474
test-clean,3,687,1,7.566013467503972e-06
test-clean,3,688,44,0.00033290459257017476
test-clean,3,689,116,0.0008776575622304608
test-clean,3,690,165,0.0012483922221381554
test-clean,3,691,90,0.0006809412120753575
test-clean,3,692,66,0.0004993568888552621
test-clean,3,693,74,0.0005598849965952939
test-clean,3,694,121,0.0009154876295679806
test-clean,3,695,122,0.0009230536430354846
test-clean,3,696,16,0.00012105621548006355
test-clean,3,697,45,0.00034047060603767875
test-clean,3,698,99,0.0007490353332828933
test-clean,3,699,304,0.0023000680941212075
test-clean,3,700,242,0.0018309752591359613
test-clean,3,701,70,0.000529620942725278
test-clean,3,702,83,0.0006279791178028296
test-clean,3,704,311,0.0023530301883937354
test-clean,3,705,48,0.0003631686464401907
test-clean,3,706,583,0.0044109858515548155
test-clean,3,708,154,0.0011651660739956118
test-clean,3,709,152,0.0011500340470606038
test-clean,3,710,196,0.0014829386396307785
test-clean,3,711,56,0.00042369675418022244
test-clean,3,713,62,0.00046909283498524626
test-clean,3,714,47,0.0003556026329726867
test-clean,3,715,434,0.003283649844896724
test-clean,3,716,49,0.00037073465990769463
test-clean,3,717,108,0.000817129454490429
test-clean,3,718,91,0.0006885072255428615
test-clean,3,719,12,9.079216161004767e-05
test-clean,3,720,129,0.0009760157373080124
test-clean,3,721,173,0.0013089203298781871
test-clean,3,722,126,0.0009533176969055005
test-clean,3,723,55,0.00041613074071271844
test-clean,3,724,124,0.0009381856699704925
test-clean,3,725,57,0.00043126276764772644
test-clean,3,726,126,0.0009533176969055005
test-clean,3,727,146,0.00110463796625558
test-clean,3,728,270,0.0020428236362260723
test-clean,3,729,162,0.0012256941817356435
test-clean,3,730,55,0.00041613074071271844
test-clean,3,731,110,0.0008322614814254369
test-clean,3,732,41,0.0003102065521676629
test-clean,3,733,29,0.0002194143905576152
test-clean,3,734,75,0.0005674510100627979
test-clean,3,735,29,0.0002194143905576152
test-clean,3,736,72,0.000544752969660286
test-clean,3,737,231,0.0017477491109934176
test-clean,3,738,157,0.0011878641143981236
test-clean,3,739,43,0.0003253385791026708
test-clean,3,740,79,0.0005977150639328138
test-clean,3,741,77,0.0005825830369978059
test-clean,3,742,107,0.000809563441022925
test-clean,3,743,570,0.004312627676477264
test-clean,3,744,243,0.0018385412726034652
test-clean,3,745,407,0.003079367481274117
test-clean,3,746,120,0.0009079216161004766
test-clean,3,747,157,0.0011878641143981236
test-clean,3,748,66,0.0004993568888552621
test-clean,3,749,35,0.000264810471362639
test-clean,3,751,3,2.2698040402511918e-05
test-clean,3,752,234,0.0017704471513959295
test-clean,3,753,104,0.0007868654006204131
test-clean,3,754,76,0.0005750170235303019
test-clean,3,755,70,0.000529620942725278
test-clean,3,756,100,0.0007566013467503973
test-clean,3,757,71,0.000537186956192782
test-clean,3,758,63,0.00047665884845275025
test-clean,3,759,54,0.0004085647272452145
test-clean,3,760,30,0.00022698040402511916
test-clean,3,761,242,0.0018309752591359613
test-clean,3,762,36,0.000272376484830143
test-clean,3,763,37,0.00027994249829764694
test-clean,3,764,173,0.0013089203298781871
test-clean,3,765,46,0.0003480366195051827
test-clean,3,766,114,0.0008625255352954529
test-clean,3,767,98,0.0007414693198153893
test-clean,3,768,104,0.0007868654006204131
test-clean,3,769,118,0.0008927895891654688
test-clean,3,770,173,0.0013089203298781871
test-clean,3,771,110,0.0008322614814254369
test-clean,3,772,86,0.0006506771582053416
test-clean,3,773,64,0.0004842248619202542
test-clean,3,774,104,0.0007868654006204131
test-clean,3,775,80,0.0006052810774003178
test-clean,3,776,52,0.00039343270031020656
test-clean,3,777,4,3.0264053870015887e-05
test-clean,3,778,61,0.0004615268215177423
test-clean,3,779,308,0.0023303321479912235
test-clean,3,780,109,0.000824695467957933
test-clean,3,781,168,0.0012710902625406673
test-clean,3,782,54,0.0004085647272452145
test-clean,3,783,84,0.0006355451312703336
test-clean,3,784,194,0.0014678066126957705
test-clean,3,785,29,0.0002194143905576152
test-clean,3,786,149,0.0011273360066580919
test-clean,3,787,94,0.0007112052659453734
test-clean,3,788,78,0.0005901490504653099
test-clean,3,789,217,0.001641824922448362
test-clean,3,790,77,0.0005825830369978059
test-clean,3,791,66,0.0004993568888552621
test-clean,3,792,88,0.0006658091851403495
test-clean,3,793,83,0.0006279791178028296
test-clean,3,795,215,0.0016266928955133541
test-clean,3,796,30,0.00022698040402511916
test-clean,3,797,52,0.00039343270031020656
test-clean,3,798,490,0.0037073465990769463
test-clean,3,799,233,0.0017628811379284254
test-clean,3,800,171,0.0012937883029431791
test-clean,3,801,100,0.0007566013467503973
test-clean,3,802,68,0.0005144889157902701
test-clean,3,803,79,0.0005977150639328138
test-clean,3,804,77,0.0005825830369978059
test-clean,3,805,81,0.0006128470908678218
test-clean,3,806,161,0.0012181281682681396
test-clean,3,807,59,0.0004463947945827344
test-clean,3,808,107,0.000809563441022925
test-clean,3,809,68,0.0005144889157902701
test-clean,3,810,58,0.0004388287811152304
test-clean,3,811,634,0.004796852538397518
test-clean,3,812,83,0.0006279791178028296
test-clean,3,813,62,0.00046909283498524626
test-clean,3,814,81,0.0006128470908678218
test-clean,3,815,140,0.001059241885450556
test-clean,3,816,66,0.0004993568888552621
test-clean,3,817,128,0.0009684497238405084
test-clean,3,818,129,0.0009760157373080124
test-clean,3,819,19,0.00014375425588257547
test-clean,3,820,58,0.0004388287811152304
test-clean,3,821,68,0.0005144889157902701
test-clean,3,822,169,0.0012786562760081714
test-clean,3,824,302,0.0022849360671861997
test-clean,3,825,64,0.0004842248619202542
test-clean,3,826,92,0.0006960732390103654
test-clean,3,827,8,6.0528107740031774e-05
test-clean,3,828,83,0.0006279791178028296
test-clean,3,829,103,0.0007792993871529091
test-clean,3,830,83,0.0006279791178028296
test-clean,3,831,218,0.001649390935915866
test-clean,3,832,42,0.0003177725656351668
test-clean,3,833,120,0.0009079216161004766
test-clean,3,834,58,0.0004388287811152304
test-clean,3,835,63,0.00047665884845275025
test-clean,3,836,79,0.0005977150639328138
test-clean,3,837,103,0.0007792993871529091
test-clean,3,838,144,0.001089505939320572
test-clean,3,839,101,0.0007641673602179011
test-clean,3,840,69,0.0005220549292577741
test-clean,3,841,51,0.00038586668684270257
test-clean,3,842,68,0.0005144889157902701
test-clean,3,844,690,0.00522054929257774
test-clean,3,845,61,0.0004615268215177423
test-clean,3,846,119,0.0009003556026329726
test-clean,3,847,72,0.000544752969660286
test-clean,3,848,68,0.0005144889157902701
test-clean,3,849,143,0.0010819399258530681
test-clean,3,850,87,0.0006582431716728456
test-clean,3,851,45,0.00034047060603767875
test-clean,3,852,78,0.0005901490504653099
test-clean,3,853,142,0.001074373912385564
test-clean,3,854,64,0.0004842248619202542
test-clean,3,855,77,0.0005825830369978059
test-clean,3,856,134,0.0010138458046455323
test-clean,3,857,124,0.0009381856699704925
test-clean,3,858,119,0.0009003556026329726
test-clean,3,859,76,0.0005750170235303019
test-clean,3,860,127,0.0009608837103730045
test-clean,3,861,64,0.0004842248619202542
test-clean,3,862,104,0.0007868654006204131
test-clean,3,863,79,0.0005977150639328138
test-clean,3,864,78,0.0005901490504653099
test-clean,3,865,49,0.00037073465990769463
test-clean,3,866,111,0.0008398274948929409
test-clean,3,867,121,0.0009154876295679806
test-clean,3,868,117,0.0008852235756979648
test-clean,3,869,95,0.0007187712794128774
test-clean,3,870,139,0.0010516758719830521
test-clean,3,871,71,0.000537186956192782
test-clean,3,872,74,0.0005598849965952939
test-clean,3,873,45,0.00034047060603767875
test-clean,3,874,81,0.0006128470908678218
test-clean,3,875,77,0.0005825830369978059
test-clean,3,876,67,0.0005069229023227661
test-clean,3,877,67,0.0005069229023227661
test-clean,3,878,47,0.0003556026329726867
test-clean,3,879,256,0.0019368994476810168
test-clean,3,880,462,0.0034954982219868353
test-clean,3,881,58,0.0004388287811152304
test-clean,3,882,198,0.0014980706665657865
test-clean,3,883,157,0.0011878641143981236
test-clean,3,884,64,0.0004842248619202542
test-clean,3,885,73,0.00055231898312779
test-clean,3,886,66,0.0004993568888552621
test-clean,3,887,87,0.0006582431716728456
test-clean,3,888,392,0.002965877279261557
test-clean,3,889,441,0.0033366119391692517
test-clean,3,890,140,0.001059241885450556
test-clean,3,891,70,0.000529620942725278
test-clean,3,892,61,0.0004615268215177423
test-clean,3,893,164,0.0012408262086706515
test-clean,3,894,100,0.0007566013467503973
test-clean,3,895,78,0.0005901490504653099
test-clean,3,896,101,0.0007641673602179011
test-clean,3,897,80,0.0006052810774003178
test-clean,3,898,107,0.000809563441022925
test-clean,3,899,274,0.0020730876900960883
test-clean,3,900,124,0.0009381856699704925
test-clean,3,901,56,0.00042369675418022244
test-clean,3,902,76,0.0005750170235303019
test-clean,3,903,118,0.0008927895891654688
test-clean,3,905,202,0.0015283347204358023
test-clean,3,907,39,0.00029507452523265494
test-clean,3,908,121,0.0009154876295679806
test-clean,3,909,378,0.0028599530907165013
test-clean,3,910,255,0.0019293334342135129
test-clean,3,911,101,0.0007641673602179011
test-clean,3,912,73,0.00055231898312779
test-clean,3,913,62,0.00046909283498524626
test-clean,3,914,4,3.0264053870015887e-05
test-clean,3,915,193,0.0014602405992282666
test-clean,3,916,92,0.0006960732390103654
test-clean,3,917,65,0.0004917908753877581
test-clean,3,918,138,0.0010441098585155482
test-clean,3,919,349,0.002640538700158886
test-clean,3,921,41,0.0003102065521676629
test-clean,3,922,105,0.0007944314140879171
test-clean,3,923,107,0.000809563441022925
test-clean,3,924,15,0.00011349020201255958
test-clean,3,925,55,0.00041613074071271844
test-clean,3,926,93,0.0007036392524778694
test-clean,3,927,86,0.0006506771582053416
test-clean,3,928,81,0.0006128470908678218
test-clean,3,929,110,0.0008322614814254369
test-clean,3,930,77,0.0005825830369978059
test-clean,3,931,80,0.0006052810774003178
test-clean,3,932,151,0.0011424680335930999
test-clean,3,933,153,0.0011576000605281076
test-clean,3,934,88,0.0006658091851403495
test-clean,3,935,63,0.00047665884845275025
test-clean,3,936,469,0.003548460316259363
test-clean,3,937,115,0.0008700915487629568
test-clean,3,938,103,0.0007792993871529091
test-clean,3,939,397,0.003003707346599077
test-clean,3,940,190,0.0014375425588257548
test-clean,3,941,145,0.001097071952788076
test-clean,3,942,124,0.0009381856699704925
test-clean,3,943,83,0.0006279791178028296
test-clean,3,944,65,0.0004917908753877581
test-clean,3,945,218,0.001649390935915866
test-clean,3,946,263,0.001989861541953545
test-clean,3,947,132,0.0009987137777105243
test-clean,3,948,110,0.0008322614814254369
test-clean,3,949,191,0.0014451085722932586
test-clean,3,950,104,0.0007868654006204131
test-clean,3,951,45,0.00034047060603767875
test-clean,3,952,285,0.002156313838238632
test-clean,3,953,69,0.0005220549292577741
test-clean,3,954,100,0.0007566013467503973
test-clean,3,955,713,0.005394567602330332
test-clean,3,956,81,0.0006128470908678218
test-clean,3,957,82,0.0006204131043353257
test-clean,3,958,100,0.0007566013467503973
test-clean,3,959,61,0.0004615268215177423
test-clean,3,960,128,0.0009684497238405084
test-clean,3,961,61,0.0004615268215177423
test-clean,3,962,407,0.003079367481274117
test-clean,3,963,189,0.0014299765453582506
test-clean,3,964,89,0.0006733751986078535
test-clean,3,965,416,0.0031474616024816525
test-clean,3,966,234,0.0017704471513959295
test-clean,3,967,56,0.00042369675418022244
test-clean,3,968,117,0.0008852235756979648
test-clean,3,969,263,0.001989861541953545
test-clean,3,970,120,0.0009079216161004766
test-clean,3,971,105,0.0007944314140879171
test-clean,3,972,172,0.0013013543164106833
test-clean,3,973,1243,0.009404554740107438
test-clean,3,974,108,0.000817129454490429
test-clean,3,975,38,0.00028750851176515094
test-clean,3,976,196,0.0014829386396307785
test-clean,3,977,474,0.0035862903835968828
test-clean,3,978,103,0.0007792993871529091
test-clean,3,979,620,0.0046909283498524626
test-clean,3,980,445,0.0033668759930392676
test-clean,3,981,86,0.0006506771582053416
test-clean,3,982,102,0.0007717333736854051
test-clean,3,983,110,0.0008322614814254369
test-clean,3,984,275,0.0020806537035635924
test-clean,3,985,548,0.0041461753801921766
test-clean,3,986,35,0.000264810471362639
test-clean,3,987,485,0.0036695165317394266
test-clean,3,988,107,0.000809563441022925
test-clean,3,989,222,0.0016796549897858818
test-clean,3,992,87,0.0006582431716728456
test-clean,3,993,124,0.0009381856699704925
test-clean,3,994,86,0.0006506771582053416
test-clean,3,995,135,0.0010214118181130361
test-clean,3,996,519,0.003926760989634561
test-clean,3,997,215,0.0016266928955133541
test-clean,3,998,118,0.0008927895891654688
test-clean,3,999,140,0.001059241885450556
test-clean,3,1000,86,0.0006506771582053416
test-clean,3,1001,50,0.0003783006733751986
test-clean,3,1002,94,0.0007112052659453734
test-clean,3,1003,100,0.0007566013467503973
test-clean,3,1004,37,0.00027994249829764694
test-clean,3,1005,474,0.0035862903835968828
test-clean,3,1006,121,0.0009154876295679806
test-clean,3,1007,105,0.0007944314140879171
test-clean,3,1008,68,0.0005144889157902701
test-clean,3,1009,1,7.566013467503972e-06
test-clean,3,1010,58,0.0004388287811152304
test-clean,3,1011,123,0.0009306196565029886
test-clean,3,1012,78,0.0005901490504653099
test-clean,3,1013,91,0.0006885072255428615
test-clean,3,1014,89,0.0006733751986078535
test-clean,3,1015,120,0.0009079216161004766
test-clean,3,1016,53,0.0004009987137777105
test-clean,3,1017,142,0.001074373912385564
test-clean,3,1018,207,0.0015661647877733222
test-clean,3,1019,438,0.0033139138987667398
test-clean,3,1020,698,0.005281077400317772
test-clean,3,1021,533,0.004032685178179617
test-clean,3,1022,29,0.0002194143905576152
test-clean,3,1023,15,0.00011349020201255958
test-other,1,0,199,0.001973971352616752
test-other,1,1,246,0.0024401856921795026
test-other,1,2,50,0.0004959727016625005
test-other,1,3,102,0.001011784311391501
test-other,1,4,955,0.009473078601753759
test-other,1,5,4,3.967781613300004e-05
test-other,1,6,192,0.001904535174384002
test-other,1,7,273,0.002708010951077253
test-other,1,8,439,0.004354640320596755
test-other,1,9,194,0.001924374082450502
test-other,1,10,123,0.0012200928460897513
test-other,1,11,345,0.0034222116414712534
test-other,1,12,168,0.0016664682775860017
test-other,1,13,175,0.0017359044558187518
test-other,1,14,221,0.0021921993413482523
test-other,1,15,55,0.0005455699718287506
test-other,1,16,146,0.0014482402888545015
test-other,1,17,184,0.0018251795421180019
test-other,1,18,146,0.0014482402888545015
test-other,1,19,150,0.0014879181049875015
test-other,1,20,158,0.0015672737372535016
test-other,1,21,305,0.003025433480141253
test-other,1,22,213,0.002112843709082252
test-other,1,23,248,0.0024600246002460025
test-other,1,24,179,0.0017755822719517519
test-other,1,25,142,0.0014085624727215014
test-other,1,26,50,0.0004959727016625005
test-other,1,27,53,0.0005257310637622506
test-other,1,28,120,0.0011903344839900012
test-other,1,29,377,0.003739634170535254
test-other,1,30,183,0.001815260088084752
test-other,1,31,364,0.0036106812681030035
test-other,1,32,149,0.0014779986509542516
test-other,1,33,183,0.001815260088084752
test-other,1,34,160,0.0015871126453200015
test-other,1,35,776,0.007697496329802008
test-other,1,36,105,0.001041542673491251
test-other,1,37,344,0.0034122921874380034
test-other,1,38,371,0.0036801174463357536
test-other,1,39,180,0.0017855017259850018
test-other,1,40,152,0.0015077570130540014
test-other,1,41,67,0.0006646034202277506
test-other,1,42,74,0.0007340395984605007
test-other,1,43,241,0.0023905884220132524
test-other,1,44,208,0.002063246438916002
test-other,1,45,20,0.0001983890806650002
test-other,1,46,60,0.0005951672419950006
test-other,1,47,73,0.0007241201444272507
test-other,1,48,174,0.0017259850017855016
test-other,1,49,305,0.003025433480141253
test-other,1,50,77,0.0007637979605602508
test-other,1,51,138,0.0013688846565885014
test-other,1,52,104,0.001031623219458001
test-other,1,53,448,0.004443915406896004
test-other,1,54,105,0.001041542673491251
test-other,1,55,104,0.001031623219458001
test-other,1,56,25,0.00024798635083125023
test-other,1,57,102,0.001011784311391501
test-other,1,58,94,0.000932428679125501
test-other,1,59,7,6.943617823275007e-05
test-other,1,60,321,0.003184144744673253
test-other,1,61,155,0.0015375153751537515
test-other,1,62,119,0.0011804150299567513
test-other,1,63,126,0.0012498512081895012
test-other,1,64,132,0.0013093679323890014
test-other,1,65,164,0.0016267904614530016
test-other,1,66,58,0.0005753283339285006
test-other,1,67,592,0.0058723167876840055
test-other,1,68,88,0.0008729119549260009
test-other,1,69,10,9.91945403325001e-05
test-other,1,70,1455,0.014432805618378765
test-other,1,71,4025,0.03992580248383129
test-other,1,72,50,0.0004959727016625005
test-other,1,73,239,0.0023707495139467525
test-other,1,74,47,0.0004662143395627505
test-other,1,75,247,0.0024501051462127526
test-other,1,76,149,0.0014779986509542516
test-other,1,77,161,0.0015970320993532515
test-other,1,78,67,0.0006646034202277506
test-other,1,79,591,0.0058623973336507556
test-other,1,80,179,0.0017755822719517519
test-other,1,81,163,0.0016168710074197516
test-other,1,82,341,0.0033825338253382535
test-other,1,83,146,0.0014482402888545015
test-other,1,84,250,0.0024798635083125025
test-other,1,85,263,0.002608816410744753
test-other,1,86,346,0.0034321310955045033
test-other,1,87,191,0.0018946157203507518
test-other,1,88,84,0.0008332341387930008
test-other,1,89,222,0.0022021187953815023
test-other,1,90,236,0.002340991151847002
test-other,1,91,103,0.001021703765424751
test-other,1,92,144,0.0014284013807880013
test-other,1,93,356,0.0035313256358370034
test-other,1,94,73,0.0007241201444272507
test-other,1,95,29,0.0002876641669642503
test-other,1,96,363,0.0036007618140697535
test-other,1,97,3,2.975836209975003e-05
test-other,1,98,157,0.0015573542832202517
test-other,1,99,379,0.0037594730786017537
test-other,1,100,457,0.004533190493195255
test-other,1,101,200,0.001983890806650002
test-other,1,102,93,0.0009225092250922509
test-other,1,103,312,0.003094869658374003
test-other,1,104,132,0.0013093679323890014
test-other,1,105,201,0.001993810260683252
test-other,1,106,436,0.004324881958497004
test-other,1,107,916,0.00908621989445701
test-other,1,108,35,0.00034718089116375037
test-other,1,109,211,0.0020930048010157523
test-other,1,110,49,0.0004860532476292505
test-other,1,111,253,0.0025096218704122523
test-other,1,112,91,0.0009026703170257509
test-other,1,113,114,0.0011308177597905012
test-other,1,114,143,0.0014184819267547514
test-other,1,115,375,0.003719795262468754
test-other,1,116,124,0.0012300123001230013
test-other,1,117,765,0.007588382335436257
test-other,1,118,117,0.0011605761218902511
test-other,1,119,178,0.0017656628179185017
test-other,1,120,357,0.0035412450898702538
test-other,1,121,224,0.002221957703448002
test-other,1,122,330,0.003273419830972503
test-other,1,123,360,0.0035710034519700036
test-other,1,124,259,0.0025691385946117525
test-other,1,125,213,0.002112843709082252
test-other,1,126,261,0.0025889775026782524
test-other,1,127,224,0.002221957703448002
test-other,1,128,278,0.0027576082212435026
test-other,1,129,145,0.0014383208348212515
test-other,1,130,147,0.0014581597428877514
test-other,1,131,198,0.001964051898583502
test-other,1,132,63,0.0006249256040947506
test-other,1,133,238,0.0023608300599135025
test-other,1,134,297,0.002946077847875253
test-other,1,135,106,0.0010514621275245011
test-other,1,136,67,0.0006646034202277506
test-other,1,137,112,0.001110978851724001
test-other,1,138,167,0.0016565488235527517
test-other,1,139,112,0.001110978851724001
test-other,1,140,196,0.001944212990517002
test-other,1,141,97,0.000962187041225251
test-other,1,142,299,0.002965916755941753
test-other,1,143,21,0.0002083085346982502
test-other,1,144,14,0.00013887235646550014
test-other,1,145,75,0.0007439590524937508
test-other,1,146,311,0.003084950204340753
test-other,1,147,178,0.0017656628179185017
test-other,1,148,99,0.000982025949291751
test-other,1,149,423,0.0041959290560647546
test-other,1,150,208,0.002063246438916002
test-other,1,151,381,0.0037793119866682537
test-other,1,152,166,0.0016466293695195017
test-other,1,153,166,0.0016466293695195017
test-other,1,154,52,0.0005158116097290005
test-other,1,155,21,0.0002083085346982502
test-other,1,156,102,0.001011784311391501
test-other,1,157,157,0.0015573542832202517
test-other,1,158,265,0.0026286553188112527
test-other,1,159,490,0.0048605324762925044
test-other,1,160,203,0.002013649168749752
test-other,1,161,114,0.0011308177597905012
test-other,1,162,549,0.0054457802642542555
test-other,1,163,442,0.004384398682696505
test-other,1,164,209,0.002073165892949252
test-other,1,165,21,0.0002083085346982502
test-other,1,166,47,0.0004662143395627505
test-other,1,167,137,0.0013589652025552514
test-other,1,168,75,0.0007439590524937508
test-other,1,169,130,0.0012895290243225012
test-other,1,170,232,0.0023013133357140023
test-other,1,171,119,0.0011804150299567513
test-other,1,172,297,0.002946077847875253
test-other,1,173,24,0.00023806689679800025
test-other,1,174,274,0.0027179304051105028
test-other,1,175,61,0.0006050866960282506
test-other,1,176,131,0.0012994484783557512
test-other,1,177,157,0.0015573542832202517
test-other,1,178,150,0.0014879181049875015
test-other,1,179,7,6.943617823275007e-05
test-other,1,180,195,0.0019342935364837519
test-other,1,181,187,0.0018549379042177518
test-other,1,182,370,0.0036701979923025037
test-other,1,183,269,0.0026683331349442525
test-other,1,184,340,0.0033726143713050036
test-other,1,185,152,0.0015077570130540014
test-other,1,186,159,0.0015771931912867516
test-other,1,187,129,0.0012796095702892513
test-other,1,188,476,0.004721660119827005
test-other,1,189,264,0.0026187358647780028
test-other,1,190,76,0.0007538785065270007
test-other,1,191,175,0.0017359044558187518
test-other,1,192,258,0.0025592191405785026
test-other,1,193,184,0.0018251795421180019
test-other,1,194,520,0.005158116097290005
test-other,1,195,869,0.008620005554894259
test-other,1,196,580,0.005753283339285006
test-other,1,197,1108,0.01099075506884101
test-other,1,198,182,0.0018053406340515017
test-other,1,199,292,0.002896480577709003
test-other,1,200,60,0.0005951672419950006
test-other,1,201,210,0.002083085346982502
test-other,1,202,89,0.0008828314089592508
test-other,1,203,78,0.0007737174145935007
test-other,1,204,403,0.003997539975399754
test-other,1,205,75,0.0007439590524937508
test-other,1,206,44,0.00043645597746300044
test-other,1,207,196,0.001944212990517002
test-other,1,208,170,0.0016863071856525018
test-other,1,209,186,0.0018450184501845018
test-other,1,210,126,0.0012498512081895012
test-other,1,211,1676,0.016625004959727015
test-other,1,212,227,0.002251716065547752
test-other,1,213,213,0.002112843709082252
test-other,1,214,117,0.0011605761218902511
test-other,1,215,191,0.0018946157203507518
test-other,1,216,207,0.002053326984882752
test-other,1,217,172,0.0017061460937190017
test-other,1,218,142,0.0014085624727215014
test-other,1,219,654,0.0064873229377455065
test-other,1,220,285,0.0028270443994762528
test-other,1,221,133,0.0013192873864222513
test-other,1,222,96,0.000952267587192001
test-other,1,223,4135,0.04101694242748879
test-other,1,224,24,0.00023806689679800025
test-other,1,225,505,0.005009324286791255
test-other,1,226,274,0.0027179304051105028
test-other,1,227,4,3.967781613300004e-05
test-other,1,228,122,0.0012101733920565011
test-other,1,229,179,0.0017755822719517519
test-other,1,230,73,0.0007241201444272507
test-other,1,231,49,0.0004860532476292505
test-other,1,232,82,0.0008133952307265008
test-other,1,233,455,0.004513351585128754
test-other,1,234,139,0.0013788041106217513
test-other,1,235,169,0.0016763877316192516
test-other,1,236,120,0.0011903344839900012
test-other,1,237,583,0.005783041701384756
test-other,1,238,287,0.0028468833075427527
test-other,1,239,54,0.0005356505177955005
test-other,1,240,189,0.0018747768122842519
test-other,1,241,2012,0.01995794151489902
test-other,1,242,317,0.003144466928540253
test-other,1,243,492,0.004880371384359005
test-other,1,244,116,0.0011506566678570012
test-other,1,245,96,0.000952267587192001
test-other,1,246,112,0.001110978851724001
test-other,1,247,164,0.0016267904614530016
test-other,1,248,560,0.005554894258620006
test-other,1,249,403,0.003997539975399754
test-other,1,250,43,0.0004265365234297504
test-other,1,251,604,0.005991350236083006
test-other,1,252,84,0.0008332341387930008
test-other,1,253,70,0.0006943617823275007
test-other,1,254,687,0.006814664920842757
test-other,1,255,219,0.002172360433281752
test-other,1,256,91,0.0009026703170257509
test-other,1,257,132,0.0013093679323890014
test-other,1,258,228,0.0022616355195810025
test-other,1,259,149,0.0014779986509542516
test-other,1,260,380,0.0037693925326350037
test-other,1,261,284,0.002817124945443003
test-other,1,262,66,0.0006546839661945007
test-other,1,263,71,0.0007042812363607507
test-other,1,264,215,0.002132682617148752
test-other,1,265,241,0.0023905884220132524
test-other,1,266,231,0.0022913938816807524
test-other,1,267,147,0.0014581597428877514
test-other,1,268,251,0.0024897829623457524
test-other,1,269,41,0.0004066976153632504
test-other,1,270,252,0.0024997024163790024
test-other,1,271,107,0.001061381581557751
test-other,1,272,418,0.004146331785898504
test-other,1,273,238,0.0023608300599135025
test-other,1,274,320,0.003174225290640003
test-other,1,275,184,0.0018251795421180019
test-other,1,276,352,0.0034916478197040035
test-other,1,277,433,0.004295123596397254
test-other,1,278,204,0.002023568622783002
test-other,1,279,177,0.0017557433638852517
test-other,1,280,89,0.0008828314089592508
test-other,1,281,53,0.0005257310637622506
test-other,1,282,41,0.0004066976153632504
test-other,1,283,101,0.001001864857358251
test-other,1,284,161,0.0015970320993532515
test-other,1,285,283,0.002807205491409753
test-other,1,286,211,0.0020930048010157523
test-other,1,287,472,0.004681982303694004
test-other,1,288,477,0.004731579573860255
test-other,1,289,158,0.0015672737372535016
test-other,1,290,420,0.004166170693965004
test-other,1,291,12,0.00011903344839900012
test-other,1,292,431,0.004275284688330754
test-other,1,293,64,0.0006348450581280007
test-other,1,294,615,0.006100464230448756
test-other,1,295,579,0.005743363885251756
test-other,1,296,490,0.0048605324762925044
test-other,1,297,328,0.003253580922906003
test-other,1,298,260,0.0025790580486450025
test-other,1,299,39,0.00038685870729675037
test-other,1,300,193,0.001914454628417252
test-other,1,301,178,0.0017656628179185017
test-other,1,302,450,0.004463754314962504
test-other,1,303,98,0.000972106495258501
test-other,1,304,228,0.0022616355195810025
test-other,1,305,127,0.0012597706622227514
test-other,1,306,91,0.0009026703170257509
test-other,1,307,122,0.0012101733920565011
test-other,1,308,1,9.91945403325001e-06
test-other,1,309,29,0.0002876641669642503
test-other,1,310,201,0.001993810260683252
test-other,1,311,308,0.003055191842241003
test-other,1,312,99,0.000982025949291751
test-other,1,313,680,0.006745228742610007
test-other,1,314,217,0.002152521525215252
test-other,1,315,54,0.0005356505177955005
test-other,1,316,120,0.0011903344839900012
test-other,1,317,1217,0.012071975558465262
test-other,1,318,80,0.0007935563226600008
test-other,1,319,150,0.0014879181049875015
test-other,1,320,6,5.951672419950006e-05
test-other,1,321,52,0.0005158116097290005
test-other,1,322,1,9.91945403325001e-06
test-other,1,326,33,0.00032734198309725034
test-other,1,331,302,0.002995675118041503
test-other,1,332,252,0.0024997024163790024
test-other,1,334,117,0.0011605761218902511
test-other,1,342,137,0.0013589652025552514
test-other,1,345,319,0.003164305836606753
test-other,1,348,56,0.0005554894258620006
test-other,1,356,1020,0.01011784311391501
test-other,1,359,13,0.00012895290243225012
test-other,1,367,528,0.0052374717295560055
test-other,1,370,134,0.0013292068404555013
test-other,1,373,131,0.0012994484783557512
test-other,1,378,195,0.0019342935364837519
test-other,1,383,54,0.0005356505177955005
test-other,1,386,22,0.00021822798873150022
test-other,1,391,217,0.002152521525215252
test-other,1,392,80,0.0007935563226600008
test-other,1,406,277,0.0027476887672102527
test-other,1,413,56,0.0005554894258620006
test-other,1,414,319,0.003164305836606753
test-other,1,418,54,0.0005356505177955005
test-other,1,433,103,0.001021703765424751
test-other,1,440,320,0.003174225290640003
test-other,1,441,363,0.0036007618140697535
test-other,1,448,238,0.0023608300599135025
test-other,1,457,138,0.0013688846565885014
test-other,1,470,105,0.001041542673491251
test-other,1,474,223,0.0022120382494147522
test-other,1,478,198,0.001964051898583502
test-other,1,485,128,0.0012696901162560013
test-other,1,486,199,0.001973971352616752
test-other,1,507,950,0.00942348133158751
test-other,1,514,79,0.0007836368686267508
test-other,1,516,377,0.003739634170535254
test-other,1,520,527,0.0052275522755227555
test-other,1,536,291,0.002886561123675753
test-other,1,537,321,0.003184144744673253
test-other,1,539,179,0.0017755822719517519
test-other,1,543,53,0.0005257310637622506
test-other,1,565,455,0.004513351585128754
test-other,1,578,147,0.0014581597428877514
test-other,1,603,66,0.0006546839661945007
test-other,1,611,789,0.007826449232234257
test-other,1,612,156,0.0015474348291870015
test-other,1,643,653,0.0064774034837122565
test-other,1,657,77,0.0007637979605602508
test-other,1,660,51,0.0005058921556957505
test-other,1,663,455,0.004513351585128754
test-other,1,666,367,0.003640439630202754
test-other,1,670,104,0.001031623219458001
test-other,1,671,166,0.0016466293695195017
test-other,1,681,96,0.000952267587192001
test-other,1,692,31,0.0003075030750307503
test-other,1,731,115,0.0011407372138237512
test-other,1,742,467,0.0046323850335277545
test-other,1,770,215,0.002132682617148752
test-other,1,787,458,0.004543109947228505
test-other,1,792,102,0.001011784311391501
test-other,1,799,84,0.0008332341387930008
test-other,1,805,36,0.00035710034519700033
test-other,1,811,159,0.0015771931912867516
test-other,1,814,212,0.0021029242550490023
test-other,1,819,139,0.0013788041106217513
test-other,1,821,1225,0.012151331190731262
test-other,1,828,187,0.0018549379042177518
test-other,1,830,176,0.0017458239098520018
test-other,1,835,556,0.005515216442487005
test-other,1,840,300,0.002975836209975003
test-other,1,848,414,0.004106653969765504
test-other,1,852,62,0.0006150061500615006
test-other,1,886,93,0.0009225092250922509
test-other,1,891,310,0.003075030750307503
test-other,1,924,324,0.0032139031067730034
test-other,1,928,12,0.00011903344839900012
test-other,1,943,4,3.967781613300004e-05
test-other,1,953,305,0.003025433480141253
test-other,1,987,92,0.0009125897710590009
test-other,2,0,28,0.0002777447129310003
test-other,2,1,86,0.0008530730468595009
test-other,2,3,269,0.0026683331349442525
test-other,2,4,57,0.0005654088798952506
test-other,2,5,462,0.004582787763361505
test-other,2,6,48,0.0004761337935960005
test-other,2,7,70,0.0006943617823275007
test-other,2,8,37,0.00036701979923025034
test-other,2,9,59,0.0005852477879617505
test-other,2,10,38,0.00037693925326350036
test-other,2,11,19,0.00018846962663175018
test-other,2,12,10,9.91945403325001e-05
test-other,2,13,28,0.0002777447129310003
test-other,2,14,31,0.0003075030750307503
test-other,2,15,65,0.0006447645121612506
test-other,2,16,6,5.951672419950006e-05
test-other,2,17,405,0.004017378883466254
test-other,2,18,24,0.00023806689679800025
test-other,2,19,27,0.00026782525889775026
test-other,2,20,41,0.0004066976153632504
test-other,2,21,42,0.0004166170693965004
test-other,2,22,96,0.000952267587192001
test-other,2,23,9,8.927508629925008e-05
test-other,2,24,1,9.91945403325001e-06
test-other,2,25,94,0.000932428679125501
test-other,2,26,173,0.0017160655477522517
test-other,2,27,204,0.002023568622783002
test-other,2,28,149,0.0014779986509542516
test-other,2,29,1,9.91945403325001e-06
test-other,2,30,66,0.0006546839661945007
test-other,2,32,46,0.00045629488552950047
test-other,2,33,41,0.0004066976153632504
test-other,2,34,37,0.00036701979923025034
test-other,2,35,274,0.0027179304051105028
test-other,2,36,152,0.0015077570130540014
test-other,2,37,30,0.0002975836209975003
test-other,2,38,37,0.00036701979923025034
test-other,2,39,118,0.001170495575923501
test-other,2,40,1,9.91945403325001e-06
test-other,2,41,59,0.0005852477879617505
test-other,2,42,70,0.0006943617823275007
test-other,2,43,79,0.0007836368686267508
test-other,2,44,37,0.00036701979923025034
test-other,2,45,276,0.0027377693131770027
test-other,2,46,213,0.002112843709082252
test-other,2,47,192,0.001904535174384002
test-other,2,48,4,3.967781613300004e-05
test-other,2,49,182,0.0018053406340515017
test-other,2,50,129,0.0012796095702892513
test-other,2,51,9,8.927508629925008e-05
test-other,2,52,187,0.0018549379042177518
test-other,2,53,37,0.00036701979923025034
test-other,2,54,147,0.0014581597428877514
test-other,2,55,140,0.0013887235646550015
test-other,2,56,7,6.943617823275007e-05
test-other,2,57,114,0.0011308177597905012
test-other,2,58,75,0.0007439590524937508
test-other,2,59,61,0.0006050866960282506
test-other,2,60,304,0.003015514026108003
test-other,2,61,3,2.975836209975003e-05
test-other,2,62,28,0.0002777447129310003
test-other,2,63,14,0.00013887235646550014
test-other,2,64,87,0.0008629925008927508
test-other,2,65,140,0.0013887235646550015
test-other,2,66,9,8.927508629925008e-05
test-other,2,67,1,9.91945403325001e-06
test-other,2,68,22,0.00021822798873150022
test-other,2,69,22,0.00021822798873150022
test-other,2,70,15,0.00014879181049875015
test-other,2,71,46,0.00045629488552950047
test-other,2,72,75,0.0007439590524937508
test-other,2,73,75,0.0007439590524937508
test-other,2,74,13,0.00012895290243225012
test-other,2,75,61,0.0006050866960282506
test-other,2,76,89,0.0008828314089592508
test-other,2,77,74,0.0007340395984605007
test-other,2,78,15,0.00014879181049875015
test-other,2,79,24,0.00023806689679800025
test-other,2,80,6,5.951672419950006e-05
test-other,2,82,42,0.0004166170693965004
test-other,2,83,13,0.00012895290243225012
test-other,2,84,78,0.0007737174145935007
test-other,2,85,15,0.00014879181049875015
test-other,2,86,2,1.983890806650002e-05
test-other,2,87,127,0.0012597706622227514
test-other,2,88,17,0.00016863071856525018
test-other,2,89,58,0.0005753283339285006
test-other,2,90,119,0.0011804150299567513
test-other,2,92,76,0.0007538785065270007
test-other,2,93,24,0.00023806689679800025
test-other,2,94,3,2.975836209975003e-05
test-other,2,95,13,0.00012895290243225012
test-other,2,96,36,0.00035710034519700033
test-other,2,97,23,0.00022814744276475023
test-other,2,98,103,0.001021703765424751
test-other,2,99,9,8.927508629925008e-05
test-other,2,100,118,0.001170495575923501
test-other,2,101,36,0.00035710034519700033
test-other,2,102,232,0.0023013133357140023
test-other,2,103,82,0.0008133952307265008
test-other,2,104,60,0.0005951672419950006
test-other,2,105,71,0.0007042812363607507
test-other,2,106,47,0.0004662143395627505
test-other,2,107,106,0.0010514621275245011
test-other,2,108,24,0.00023806689679800025
test-other,2,109,9,8.927508629925008e-05
test-other,2,110,13,0.00012895290243225012
test-other,2,111,22,0.00021822798873150022
test-other,2,112,99,0.000982025949291751
test-other,2,113,31,0.0003075030750307503
test-other,2,114,17,0.00016863071856525018
test-other,2,115,94,0.000932428679125501
test-other,2,116,124,0.0012300123001230013
test-other,2,117,83,0.0008233146847597509
test-other,2,118,248,0.0024600246002460025
test-other,2,119,83,0.0008233146847597509
test-other,2,120,348,0.0034519700035710033
test-other,2,121,2,1.983890806650002e-05
test-other,2,122,88,0.0008729119549260009
test-other,2,123,2,1.983890806650002e-05
test-other,2,124,68,0.0006745228742610007
test-other,2,125,27,0.00026782525889775026
test-other,2,126,15,0.00014879181049875015
test-other,2,127,43,0.0004265365234297504
test-other,2,128,29,0.0002876641669642503
test-other,2,130,29,0.0002876641669642503
test-other,2,131,21,0.0002083085346982502
test-other,2,132,26,0.00025790580486450025
test-other,2,133,25,0.00024798635083125023
test-other,2,134,71,0.0007042812363607507
test-other,2,135,7,6.943617823275007e-05
test-other,2,136,54,0.0005356505177955005
test-other,2,137,21,0.0002083085346982502
test-other,2,138,22,0.00021822798873150022
test-other,2,139,49,0.0004860532476292505
test-other,2,140,9,8.927508629925008e-05
test-other,2,141,24,0.00023806689679800025
test-other,2,142,44,0.00043645597746300044
test-other,2,143,24,0.00023806689679800025
test-other,2,144,285,0.0028270443994762528
test-other,2,145,15,0.00014879181049875015
test-other,2,146,64,0.0006348450581280007
test-other,2,147,69,0.0006844423282942507
test-other,2,148,11,0.00010911399436575011
test-other,2,149,145,0.0014383208348212515
test-other,2,150,97,0.000962187041225251
test-other,2,151,4,3.967781613300004e-05
test-other,2,152,37,0.00036701979923025034
test-other,2,153,102,0.001011784311391501
test-other,2,154,47,0.0004662143395627505
test-other,2,155,41,0.0004066976153632504
test-other,2,156,42,0.0004166170693965004
test-other,2,157,135,0.0013391262944887513
test-other,2,158,19,0.00018846962663175018
test-other,2,159,17,0.00016863071856525018
test-other,2,160,9,8.927508629925008e-05
test-other,2,161,64,0.0006348450581280007
test-other,2,162,36,0.00035710034519700033
test-other,2,163,124,0.0012300123001230013
test-other,2,164,26,0.00025790580486450025
test-other,2,165,16,0.00015871126453200017
test-other,2,166,239,0.0023707495139467525
test-other,2,168,117,0.0011605761218902511
test-other,2,169,105,0.001041542673491251
test-other,2,170,100,0.000991945403325001
test-other,2,171,309,0.003065111296274253
test-other,2,172,63,0.0006249256040947506
test-other,2,173,7,6.943617823275007e-05
test-other,2,174,72,0.0007142006903940007
test-other,2,175,36,0.00035710034519700033
test-other,2,176,87,0.0008629925008927508
test-other,2,178,2,1.983890806650002e-05
test-other,2,179,93,0.0009225092250922509
test-other,2,180,3,2.975836209975003e-05
test-other,2,181,238,0.0023608300599135025
test-other,2,182,14,0.00013887235646550014
test-other,2,183,71,0.0007042812363607507
test-other,2,184,29,0.0002876641669642503
test-other,2,185,30,0.0002975836209975003
test-other,2,186,175,0.0017359044558187518
test-other,2,187,22,0.00021822798873150022
test-other,2,188,56,0.0005554894258620006
test-other,2,189,200,0.001983890806650002
test-other,2,190,91,0.0009026703170257509
test-other,2,191,73,0.0007241201444272507
test-other,2,192,128,0.0012696901162560013
test-other,2,193,71,0.0007042812363607507
test-other,2,194,51,0.0005058921556957505
test-other,2,195,206,0.002043407530849502
test-other,2,196,9,8.927508629925008e-05
test-other,2,197,133,0.0013192873864222513
test-other,2,198,38,0.00037693925326350036
test-other,2,199,7,6.943617823275007e-05
test-other,2,200,126,0.0012498512081895012
test-other,2,202,30,0.0002975836209975003
test-other,2,203,1,9.91945403325001e-06
test-other,2,204,64,0.0006348450581280007
test-other,2,205,149,0.0014779986509542516
test-other,2,207,98,0.000972106495258501
test-other,2,208,30,0.0002975836209975003
test-other,2,209,61,0.0006050866960282506
test-other,2,210,93,0.0009225092250922509
test-other,2,211,169,0.0016763877316192516
test-other,2,212,12,0.00011903344839900012
test-other,2,213,11,0.00010911399436575011
test-other,2,214,126,0.0012498512081895012
test-other,2,215,8,7.935563226600008e-05
test-other,2,216,39,0.00038685870729675037
test-other,2,217,61,0.0006050866960282506
test-other,2,218,51,0.0005058921556957505
test-other,2,219,371,0.0036801174463357536
test-other,2,220,168,0.0016664682775860017
test-other,2,221,19,0.00018846962663175018
test-other,2,222,16,0.00015871126453200017
test-other,2,223,42,0.0004166170693965004
test-other,2,224,72,0.0007142006903940007
test-other,2,225,49,0.0004860532476292505
test-other,2,226,5,4.959727016625005e-05
test-other,2,227,236,0.002340991151847002
test-other,2,228,15,0.00014879181049875015
test-other,2,229,6,5.951672419950006e-05
test-other,2,230,5,4.959727016625005e-05
test-other,2,231,23,0.00022814744276475023
test-other,2,232,14,0.00013887235646550014
test-other,2,233,28,0.0002777447129310003
test-other,2,234,87,0.0008629925008927508
test-other,2,235,6,5.951672419950006e-05
test-other,2,236,74,0.0007340395984605007
test-other,2,237,136,0.0013490457485220014
test-other,2,238,16,0.00015871126453200017
test-other,2,239,13,0.00012895290243225012
test-other,2,240,45,0.00044637543149625045
test-other,2,241,98,0.000972106495258501
test-other,2,242,51,0.0005058921556957505
test-other,2,243,11,0.00010911399436575011
test-other,2,244,13,0.00012895290243225012
test-other,2,245,52,0.0005158116097290005
test-other,2,246,26,0.00025790580486450025
test-other,2,247,166,0.0016466293695195017
test-other,2,248,476,0.004721660119827005
test-other,2,249,49,0.0004860532476292505
test-other,2,250,18,0.00017855017259850017
test-other,2,251,122,0.0012101733920565011
test-other,2,252,14,0.00013887235646550014
test-other,2,253,38,0.00037693925326350036
test-other,2,254,2,1.983890806650002e-05
test-other,2,255,89,0.0008828314089592508
test-other,2,256,24,0.00023806689679800025
test-other,2,257,19,0.00018846962663175018
test-other,2,258,79,0.0007836368686267508
test-other,2,259,82,0.0008133952307265008
test-other,2,260,24,0.00023806689679800025
test-other,2,261,2,1.983890806650002e-05
test-other,2,262,84,0.0008332341387930008
test-other,2,263,230,0.0022814744276475024
test-other,2,264,60,0.0005951672419950006
test-other,2,265,22,0.00021822798873150022
test-other,2,266,65,0.0006447645121612506
test-other,2,267,20,0.0001983890806650002
test-other,2,268,237,0.0023509106058802525
test-other,2,269,176,0.0017458239098520018
test-other,2,270,1,9.91945403325001e-06
test-other,2,271,4,3.967781613300004e-05
test-other,2,272,4,3.967781613300004e-05
test-other,2,273,23,0.00022814744276475023
test-other,2,274,98,0.000972106495258501
test-other,2,275,103,0.001021703765424751
test-other,2,277,74,0.0007340395984605007
test-other,2,278,97,0.000962187041225251
test-other,2,279,125,0.0012399317541562512
test-other,2,280,92,0.0009125897710590009
test-other,2,281,21,0.0002083085346982502
test-other,2,282,55,0.0005455699718287506
test-other,2,283,160,0.0015871126453200015
test-other,2,284,242,0.0024005078760465023
test-other,2,285,69,0.0006844423282942507
test-other,2,287,37,0.00036701979923025034
test-other,2,288,24,0.00023806689679800025
test-other,2,289,138,0.0013688846565885014
test-other,2,290,16,0.00015871126453200017
test-other,2,291,47,0.0004662143395627505
test-other,2,292,75,0.0007439590524937508
test-other,2,293,62,0.0006150061500615006
test-other,2,294,32,0.00031742252906400033
test-other,2,295,8,7.935563226600008e-05
test-other,2,296,59,0.0005852477879617505
test-other,2,297,87,0.0008629925008927508
test-other,2,298,8,7.935563226600008e-05
test-other,2,299,67,0.0006646034202277506
test-other,2,300,176,0.0017458239098520018
test-other,2,301,78,0.0007737174145935007
test-other,2,302,51,0.0005058921556957505
test-other,2,303,24,0.00023806689679800025
test-other,2,304,10,9.91945403325001e-05
test-other,2,305,38,0.00037693925326350036
test-other,2,306,12,0.00011903344839900012
test-other,2,307,199,0.001973971352616752
test-other,2,308,14,0.00013887235646550014
test-other,2,309,66,0.0006546839661945007
test-other,2,310,118,0.001170495575923501
test-other,2,311,34,0.00033726143713050036
test-other,2,312,23,0.00022814744276475023
test-other,2,313,46,0.00045629488552950047
test-other,2,314,29,0.0002876641669642503
test-other,2,316,30,0.0002975836209975003
test-other,2,317,124,0.0012300123001230013
test-other,2,318,539,0.005346585723921755
test-other,2,319,32,0.00031742252906400033
test-other,2,320,70,0.0006943617823275007
test-other,2,321,9,8.927508629925008e-05
test-other,2,322,72,0.0007142006903940007
test-other,2,323,53,0.0005257310637622506
test-other,2,324,18,0.00017855017259850017
test-other,2,325,175,0.0017359044558187518
test-other,2,326,33,0.00032734198309725034
test-other,2,327,115,0.0011407372138237512
test-other,2,328,37,0.00036701979923025034
test-other,2,329,80,0.0007935563226600008
test-other,2,330,78,0.0007737174145935007
test-other,2,331,124,0.0012300123001230013
test-other,2,332,96,0.000952267587192001
test-other,2,333,25,0.00024798635083125023
test-other,2,334,118,0.001170495575923501
test-other,2,335,258,0.0025592191405785026
test-other,2,336,34,0.00033726143713050036
test-other,2,337,15,0.00014879181049875015
test-other,2,338,75,0.0007439590524937508
test-other,2,339,122,0.0012101733920565011
test-other,2,340,30,0.0002975836209975003
test-other,2,341,153,0.0015176764670872516
test-other,2,342,127,0.0012597706622227514
test-other,2,343,15,0.00014879181049875015
test-other,2,344,32,0.00031742252906400033
test-other,2,345,120,0.0011903344839900012
test-other,2,346,39,0.00038685870729675037
test-other,2,347,19,0.00018846962663175018
test-other,2,348,18,0.00017855017259850017
test-other,2,349,9,8.927508629925008e-05
test-other,2,350,55,0.0005455699718287506
test-other,2,351,38,0.00037693925326350036
test-other,2,352,109,0.001081220489624251
test-other,2,353,2,1.983890806650002e-05
test-other,2,354,16,0.00015871126453200017
test-other,2,355,16,0.00015871126453200017
test-other,2,356,25,0.00024798635083125023
test-other,2,357,108,0.001071301035591001
test-other,2,358,33,0.00032734198309725034
test-other,2,360,218,0.002162440979248502
test-other,2,361,13,0.00012895290243225012
test-other,2,362,64,0.0006348450581280007
test-other,2,363,67,0.0006646034202277506
test-other,2,364,38,0.00037693925326350036
test-other,2,365,14,0.00013887235646550014
test-other,2,367,11,0.00010911399436575011
test-other,2,368,4,3.967781613300004e-05
test-other,2,369,43,0.0004265365234297504
test-other,2,370,22,0.00021822798873150022
test-other,2,371,34,0.00033726143713050036
test-other,2,372,53,0.0005257310637622506
test-other,2,373,6,5.951672419950006e-05
test-other,2,374,14,0.00013887235646550014
test-other,2,375,52,0.0005158116097290005
test-other,2,376,85,0.0008431535928262509
test-other,2,377,7,6.943617823275007e-05
test-other,2,378,57,0.0005654088798952506
test-other,2,379,90,0.0008927508629925009
test-other,2,380,456,0.004523271039162005
test-other,2,381,9,8.927508629925008e-05
test-other,2,382,18,0.00017855017259850017
test-other,2,383,81,0.0008034757766932508
test-other,2,384,134,0.0013292068404555013
test-other,2,385,128,0.0012696901162560013
test-other,2,386,4,3.967781613300004e-05
test-other,2,387,26,0.00025790580486450025
test-other,2,388,9,8.927508629925008e-05
test-other,2,389,56,0.0005554894258620006
test-other,2,390,7,6.943617823275007e-05
test-other,2,391,20,0.0001983890806650002
test-other,2,392,15,0.00014879181049875015
test-other,2,393,49,0.0004860532476292505
test-other,2,394,138,0.0013688846565885014
test-other,2,395,98,0.000972106495258501
test-other,2,396,38,0.00037693925326350036
test-other,2,397,23,0.00022814744276475023
test-other,2,398,34,0.00033726143713050036
test-other,2,399,89,0.0008828314089592508
test-other,2,400,44,0.00043645597746300044
test-other,2,401,76,0.0007538785065270007
test-other,2,402,450,0.004463754314962504
test-other,2,403,13,0.00012895290243225012
test-other,2,404,42,0.0004166170693965004
test-other,2,405,59,0.0005852477879617505
test-other,2,406,27,0.00026782525889775026
test-other,2,407,182,0.0018053406340515017
test-other,2,408,6,5.951672419950006e-05
test-other,2,409,83,0.0008233146847597509
test-other,2,410,93,0.0009225092250922509
test-other,2,411,448,0.004443915406896004
test-other,2,412,59,0.0005852477879617505
test-other,2,413,303,0.003005594572074753
test-other,2,414,33,0.00032734198309725034
test-other,2,415,281,0.002787366583343253
test-other,2,417,19,0.00018846962663175018
test-other,2,418,261,0.0025889775026782524
test-other,2,419,21,0.0002083085346982502
test-other,2,420,34,0.00033726143713050036
test-other,2,421,429,0.004255445780264254
test-other,2,422,54,0.0005356505177955005
test-other,2,423,33,0.00032734198309725034
test-other,2,424,1,9.91945403325001e-06
test-other,2,425,102,0.001011784311391501
test-other,2,426,1,9.91945403325001e-06
test-other,2,427,69,0.0006844423282942507
test-other,2,429,55,0.0005455699718287506
test-other,2,430,74,0.0007340395984605007
test-other,2,431,42,0.0004166170693965004
test-other,2,432,102,0.001011784311391501
test-other,2,433,35,0.00034718089116375037
test-other,2,434,410,0.004066976153632504
test-other,2,435,43,0.0004265365234297504
test-other,2,436,46,0.00045629488552950047
test-other,2,437,81,0.0008034757766932508
test-other,2,438,45,0.00044637543149625045
test-other,2,439,89,0.0008828314089592508
test-other,2,440,71,0.0007042812363607507
test-other,2,441,45,0.00044637543149625045
test-other,2,442,10,9.91945403325001e-05
test-other,2,443,1268,0.012577867714161013
test-other,2,444,77,0.0007637979605602508
test-other,2,445,65,0.0006447645121612506
test-other,2,446,178,0.0017656628179185017
test-other,2,447,5,4.959727016625005e-05
test-other,2,448,164,0.0016267904614530016
test-other,2,449,212,0.0021029242550490023
test-other,2,450,23,0.00022814744276475023
test-other,2,451,28,0.0002777447129310003
test-other,2,452,23,0.00022814744276475023
test-other,2,453,129,0.0012796095702892513
test-other,2,454,57,0.0005654088798952506
test-other,2,455,165,0.0016367099154862516
test-other,2,456,57,0.0005654088798952506
test-other,2,457,42,0.0004166170693965004
test-other,2,458,80,0.0007935563226600008
test-other,2,459,98,0.000972106495258501
test-other,2,460,5,4.959727016625005e-05
test-other,2,461,6,5.951672419950006e-05
test-other,2,462,100,0.000991945403325001
test-other,2,463,31,0.0003075030750307503
test-other,2,464,227,0.002251716065547752
test-other,2,465,58,0.0005753283339285006
test-other,2,466,76,0.0007538785065270007
test-other,2,467,11,0.00010911399436575011
test-other,2,468,1,9.91945403325001e-06
test-other,2,470,142,0.0014085624727215014
test-other,2,471,51,0.0005058921556957505
test-other,2,472,58,0.0005753283339285006
test-other,2,473,6,5.951672419950006e-05
test-other,2,474,95,0.0009423481331587509
test-other,2,476,107,0.001061381581557751
test-other,2,477,46,0.00045629488552950047
test-other,2,478,84,0.0008332341387930008
test-other,2,479,113,0.001120898305757251
test-other,2,480,47,0.0004662143395627505
test-other,2,481,55,0.0005455699718287506
test-other,2,482,19,0.00018846962663175018
test-other,2,483,7,6.943617823275007e-05
test-other,2,484,292,0.002896480577709003
test-other,2,485,40,0.0003967781613300004
test-other,2,486,67,0.0006646034202277506
test-other,2,487,44,0.00043645597746300044
test-other,2,488,4,3.967781613300004e-05
test-other,2,489,6,5.951672419950006e-05
test-other,2,490,112,0.001110978851724001
test-other,2,491,51,0.0005058921556957505
test-other,2,492,96,0.000952267587192001
test-other,2,493,16,0.00015871126453200017
test-other,2,494,57,0.0005654088798952506
test-other,2,495,111,0.0011010593976907511
test-other,2,497,47,0.0004662143395627505
test-other,2,498,22,0.00021822798873150022
test-other,2,499,169,0.0016763877316192516
test-other,2,500,144,0.0014284013807880013
test-other,2,501,62,0.0006150061500615006
test-other,2,502,216,0.002142602071182002
test-other,2,503,156,0.0015474348291870015
test-other,2,504,35,0.00034718089116375037
test-other,2,505,11,0.00010911399436575011
test-other,2,506,116,0.0011506566678570012
test-other,2,507,73,0.0007241201444272507
test-other,2,508,78,0.0007737174145935007
test-other,2,509,194,0.001924374082450502
test-other,2,510,640,0.006348450581280006
test-other,2,511,14,0.00013887235646550014
test-other,2,512,6,5.951672419950006e-05
test-other,2,513,19,0.00018846962663175018
test-other,2,514,235,0.002331071697813752
test-other,2,515,44,0.00043645597746300044
test-other,2,516,120,0.0011903344839900012
test-other,2,517,45,0.00044637543149625045
test-other,2,518,115,0.0011407372138237512
test-other,2,519,47,0.0004662143395627505
test-other,2,520,9,8.927508629925008e-05
test-other,2,521,59,0.0005852477879617505
test-other,2,522,118,0.001170495575923501
test-other,2,523,90,0.0008927508629925009
test-other,2,524,35,0.00034718089116375037
test-other,2,525,56,0.0005554894258620006
test-other,2,526,12,0.00011903344839900012
test-other,2,527,42,0.0004166170693965004
test-other,2,528,224,0.002221957703448002
test-other,2,529,20,0.0001983890806650002
test-other,2,530,131,0.0012994484783557512
test-other,2,531,111,0.0011010593976907511
test-other,2,532,66,0.0006546839661945007
test-other,2,533,14,0.00013887235646550014
test-other,2,534,279,0.0027675276752767526
test-other,2,535,27,0.00026782525889775026
test-other,2,536,91,0.0009026703170257509
test-other,2,537,40,0.0003967781613300004
test-other,2,538,66,0.0006546839661945007
test-other,2,539,1089,0.01080228544220926
test-other,2,540,74,0.0007340395984605007
test-other,2,541,46,0.00045629488552950047
test-other,2,542,609,0.006040947506249256
test-other,2,543,9,8.927508629925008e-05
test-other,2,544,95,0.0009423481331587509
test-other,2,545,18,0.00017855017259850017
test-other,2,546,362,0.0035908423600365036
test-other,2,547,52,0.0005158116097290005
test-other,2,548,30,0.0002975836209975003
test-other,2,549,30,0.0002975836209975003
test-other,2,550,8,7.935563226600008e-05
test-other,2,551,74,0.0007340395984605007
test-other,2,552,38,0.00037693925326350036
test-other,2,553,15,0.00014879181049875015
test-other,2,554,24,0.00023806689679800025
test-other,2,555,19,0.00018846962663175018
test-other,2,556,35,0.00034718089116375037
test-other,2,557,188,0.001864857358251002
test-other,2,558,18,0.00017855017259850017
test-other,2,559,60,0.0005951672419950006
test-other,2,561,25,0.00024798635083125023
test-other,2,562,9,8.927508629925008e-05
test-other,2,563,29,0.0002876641669642503
test-other,2,564,1,9.91945403325001e-06
test-other,2,565,189,0.0018747768122842519
test-other,2,566,28,0.0002777447129310003
test-other,2,567,3,2.975836209975003e-05
test-other,2,568,35,0.00034718089116375037
test-other,2,569,29,0.0002876641669642503
test-other,2,570,238,0.0023608300599135025
test-other,2,571,25,0.00024798635083125023
test-other,2,572,91,0.0009026703170257509
test-other,2,573,44,0.00043645597746300044
test-other,2,575,1,9.91945403325001e-06
test-other,2,576,210,0.002083085346982502
test-other,2,577,17,0.00016863071856525018
test-other,2,578,3,2.975836209975003e-05
test-other,2,579,315,0.0031246280204737533
test-other,2,580,27,0.00026782525889775026
test-other,2,581,185,0.0018350989961512518
test-other,2,582,19,0.00018846962663175018
test-other,2,583,81,0.0008034757766932508
test-other,2,584,213,0.002112843709082252
test-other,2,585,31,0.0003075030750307503
test-other,2,586,41,0.0004066976153632504
test-other,2,587,101,0.001001864857358251
test-other,2,588,46,0.00045629488552950047
test-other,2,589,21,0.0002083085346982502
test-other,2,590,31,0.0003075030750307503
test-other,2,591,50,0.0004959727016625005
test-other,2,592,13,0.00012895290243225012
test-other,2,593,30,0.0002975836209975003
test-other,2,594,57,0.0005654088798952506
test-other,2,595,29,0.0002876641669642503
test-other,2,596,64,0.0006348450581280007
test-other,2,598,11,0.00010911399436575011
test-other,2,599,834,0.008272824663730508
test-other,2,600,131,0.0012994484783557512
test-other,2,601,48,0.0004761337935960005
test-other,2,602,57,0.0005654088798952506
test-other,2,603,6,5.951672419950006e-05
test-other,2,604,32,0.00031742252906400033
test-other,2,605,78,0.0007737174145935007
test-other,2,606,120,0.0011903344839900012
test-other,2,607,130,0.0012895290243225012
test-other,2,608,44,0.00043645597746300044
test-other,2,609,55,0.0005455699718287506
test-other,2,610,27,0.00026782525889775026
test-other,2,611,18,0.00017855017259850017
test-other,2,612,141,0.0013986430186882514
test-other,2,613,5,4.959727016625005e-05
test-other,2,614,19,0.00018846962663175018
test-other,2,615,1,9.91945403325001e-06
test-other,2,616,160,0.0015871126453200015
test-other,2,617,177,0.0017557433638852517
test-other,2,618,608,0.006031028052216006
test-other,2,619,193,0.001914454628417252
test-other,2,620,60,0.0005951672419950006
test-other,2,621,9,8.927508629925008e-05
test-other,2,622,7,6.943617823275007e-05
test-other,2,623,114,0.0011308177597905012
test-other,2,624,55,0.0005455699718287506
test-other,2,625,153,0.0015176764670872516
test-other,2,626,149,0.0014779986509542516
test-other,2,627,19,0.00018846962663175018
test-other,2,628,45,0.00044637543149625045
test-other,2,629,14,0.00013887235646550014
test-other,2,630,5,4.959727016625005e-05
test-other,2,631,21,0.0002083085346982502
test-other,2,632,138,0.0013688846565885014
test-other,2,633,1,9.91945403325001e-06
test-other,2,634,66,0.0006546839661945007
test-other,2,635,29,0.0002876641669642503
test-other,2,636,40,0.0003967781613300004
test-other,2,638,100,0.000991945403325001
test-other,2,639,41,0.0004066976153632504
test-other,2,640,81,0.0008034757766932508
test-other,2,641,25,0.00024798635083125023
test-other,2,642,14,0.00013887235646550014
test-other,2,643,31,0.0003075030750307503
test-other,2,644,21,0.0002083085346982502
test-other,2,645,78,0.0007737174145935007
test-other,2,646,576,0.005713605523152005
test-other,2,647,50,0.0004959727016625005
test-other,2,648,1,9.91945403325001e-06
test-other,2,649,22,0.00021822798873150022
test-other,2,650,35,0.00034718089116375037
test-other,2,651,20,0.0001983890806650002
test-other,2,652,46,0.00045629488552950047
test-other,2,653,53,0.0005257310637622506
test-other,2,654,69,0.0006844423282942507
test-other,2,655,298,0.002955997301908503
test-other,2,656,63,0.0006249256040947506
test-other,2,657,16,0.00015871126453200017
test-other,2,658,35,0.00034718089116375037
test-other,2,659,48,0.0004761337935960005
test-other,2,661,15,0.00014879181049875015
test-other,2,662,99,0.000982025949291751
test-other,2,663,16,0.00015871126453200017
test-other,2,664,114,0.0011308177597905012
test-other,2,665,27,0.00026782525889775026
test-other,2,666,14,0.00013887235646550014
test-other,2,668,20,0.0001983890806650002
test-other,2,669,40,0.0003967781613300004
test-other,2,670,201,0.001993810260683252
test-other,2,671,252,0.0024997024163790024
test-other,2,672,2,1.983890806650002e-05
test-other,2,673,146,0.0014482402888545015
test-other,2,674,190,0.0018846962663175018
test-other,2,675,65,0.0006447645121612506
test-other,2,676,7,6.943617823275007e-05
test-other,2,677,6,5.951672419950006e-05
test-other,2,678,31,0.0003075030750307503
test-other,2,679,33,0.00032734198309725034
test-other,2,680,132,0.0013093679323890014
test-other,2,681,92,0.0009125897710590009
test-other,2,682,104,0.001031623219458001
test-other,2,683,163,0.0016168710074197516
test-other,2,684,92,0.0009125897710590009
test-other,2,685,21,0.0002083085346982502
test-other,2,686,50,0.0004959727016625005
test-other,2,687,2,1.983890806650002e-05
test-other,2,688,13,0.00012895290243225012
test-other,2,689,10,9.91945403325001e-05
test-other,2,690,1386,0.013748363290084513
test-other,2,691,708,0.007022973455541007
test-other,2,692,673,0.006675792564377257
test-other,2,693,44,0.00043645597746300044
test-other,2,694,11,0.00010911399436575011
test-other,2,695,82,0.0008133952307265008
test-other,2,696,9,8.927508629925008e-05
test-other,2,697,1469,0.014571677974844264
test-other,2,698,118,0.001170495575923501
test-other,2,699,1066,0.01057413799944451
test-other,2,700,44,0.00043645597746300044
test-other,2,701,185,0.0018350989961512518
test-other,2,702,53,0.0005257310637622506
test-other,2,703,20,0.0001983890806650002
test-other,2,704,143,0.0014184819267547514
test-other,2,705,56,0.0005554894258620006
test-other,2,706,19,0.00018846962663175018
test-other,2,707,1,9.91945403325001e-06
test-other,2,708,57,0.0005654088798952506
test-other,2,709,183,0.001815260088084752
test-other,2,710,52,0.0005158116097290005
test-other,2,712,8,7.935563226600008e-05
test-other,2,713,80,0.0007935563226600008
test-other,2,714,27,0.00026782525889775026
test-other,2,715,40,0.0003967781613300004
test-other,2,716,31,0.0003075030750307503
test-other,2,717,3,2.975836209975003e-05
test-other,2,718,28,0.0002777447129310003
test-other,2,719,1,9.91945403325001e-06
test-other,2,720,25,0.00024798635083125023
test-other,2,721,11,0.00010911399436575011
test-other,2,722,6,5.951672419950006e-05
test-other,2,723,216,0.002142602071182002
test-other,2,724,8,7.935563226600008e-05
test-other,2,725,180,0.0017855017259850018
test-other,2,726,10,9.91945403325001e-05
test-other,2,727,56,0.0005554894258620006
test-other,2,729,272,0.002698091497044003
test-other,2,730,47,0.0004662143395627505
test-other,2,731,66,0.0006546839661945007
test-other,2,732,21,0.0002083085346982502
test-other,2,733,68,0.0006745228742610007
test-other,2,734,177,0.0017557433638852517
test-other,2,735,1208,0.011982700472166012
test-other,2,736,97,0.000962187041225251
test-other,2,737,95,0.0009423481331587509
test-other,2,738,37,0.00036701979923025034
test-other,2,739,62,0.0006150061500615006
test-other,2,740,103,0.001021703765424751
test-other,2,741,40,0.0003967781613300004
test-other,2,743,18,0.00017855017259850017
test-other,2,744,233,0.0023112327897472523
test-other,2,745,2,1.983890806650002e-05
test-other,2,746,61,0.0006050866960282506
test-other,2,747,28,0.0002777447129310003
test-other,2,748,111,0.0011010593976907511
test-other,2,749,73,0.0007241201444272507
test-other,2,750,20,0.0001983890806650002
test-other,2,751,58,0.0005753283339285006
test-other,2,752,72,0.0007142006903940007
test-other,2,753,37,0.00036701979923025034
test-other,2,754,139,0.0013788041106217513
test-other,2,755,107,0.001061381581557751
test-other,2,756,44,0.00043645597746300044
test-other,2,757,19,0.00018846962663175018
test-other,2,758,93,0.0009225092250922509
test-other,2,759,228,0.0022616355195810025
test-other,2,760,111,0.0011010593976907511
test-other,2,761,94,0.000932428679125501
test-other,2,762,89,0.0008828314089592508
test-other,2,763,2,1.983890806650002e-05
test-other,2,764,47,0.0004662143395627505
test-other,2,765,112,0.001110978851724001
test-other,2,766,13,0.00012895290243225012
test-other,2,767,108,0.001071301035591001
test-other,2,768,6,5.951672419950006e-05
test-other,2,769,12,0.00011903344839900012
test-other,2,770,191,0.0018946157203507518
test-other,2,771,49,0.0004860532476292505
test-other,2,772,76,0.0007538785065270007
test-other,2,774,79,0.0007836368686267508
test-other,2,776,140,0.0013887235646550015
test-other,2,777,14,0.00013887235646550014
test-other,2,778,230,0.0022814744276475024
test-other,2,779,20,0.0001983890806650002
test-other,2,780,2,1.983890806650002e-05
test-other,2,781,14,0.00013887235646550014
test-other,2,782,101,0.001001864857358251
test-other,2,783,13,0.00012895290243225012
test-other,2,784,5,4.959727016625005e-05
test-other,2,785,895,0.00887791135975876
test-other,2,786,152,0.0015077570130540014
test-other,2,787,175,0.0017359044558187518
test-other,2,788,85,0.0008431535928262509
test-other,2,789,97,0.000962187041225251
test-other,2,790,302,0.002995675118041503
test-other,2,791,12,0.00011903344839900012
test-other,2,792,7,6.943617823275007e-05
test-other,2,793,158,0.0015672737372535016
test-other,2,794,404,0.004007459429433004
test-other,2,795,7,6.943617823275007e-05
test-other,2,796,80,0.0007935563226600008
test-other,2,797,776,0.007697496329802008
test-other,2,798,85,0.0008431535928262509
test-other,2,799,28,0.0002777447129310003
test-other,2,800,117,0.0011605761218902511
test-other,2,801,33,0.00032734198309725034
test-other,2,802,22,0.00021822798873150022
test-other,2,803,175,0.0017359044558187518
test-other,2,804,85,0.0008431535928262509
test-other,2,805,35,0.00034718089116375037
test-other,2,806,160,0.0015871126453200015
test-other,2,807,116,0.0011506566678570012
test-other,2,808,1,9.91945403325001e-06
test-other,2,809,1,9.91945403325001e-06
test-other,2,810,1065,0.01056421854541126
test-other,2,811,28,0.0002777447129310003
test-other,2,812,104,0.001031623219458001
test-other,2,813,183,0.001815260088084752
test-other,2,814,47,0.0004662143395627505
test-other,2,815,88,0.0008729119549260009
test-other,2,816,52,0.0005158116097290005
test-other,2,817,239,0.0023707495139467525
test-other,2,818,135,0.0013391262944887513
test-other,2,819,292,0.002896480577709003
test-other,2,820,1483,0.014710550331309765
test-other,2,821,7,6.943617823275007e-05
test-other,2,822,177,0.0017557433638852517
test-other,2,823,94,0.000932428679125501
test-other,2,824,56,0.0005554894258620006
test-other,2,825,18,0.00017855017259850017
test-other,2,826,80,0.0007935563226600008
test-other,2,827,64,0.0006348450581280007
test-other,2,828,80,0.0007935563226600008
test-other,2,829,3,2.975836209975003e-05
test-other,2,830,3,2.975836209975003e-05
test-other,2,831,55,0.0005455699718287506
test-other,2,832,8,7.935563226600008e-05
test-other,2,833,61,0.0006050866960282506
test-other,2,834,188,0.001864857358251002
test-other,2,835,8,7.935563226600008e-05
test-other,2,837,10,9.91945403325001e-05
test-other,2,838,117,0.0011605761218902511
test-other,2,839,22,0.00021822798873150022
test-other,2,840,45,0.00044637543149625045
test-other,2,841,94,0.000932428679125501
test-other,2,842,6,5.951672419950006e-05
test-other,2,843,78,0.0007737174145935007
test-other,2,844,10,9.91945403325001e-05
test-other,2,845,156,0.0015474348291870015
test-other,2,846,146,0.0014482402888545015
test-other,2,847,101,0.001001864857358251
test-other,2,848,557,0.005525135896520255
test-other,2,849,28,0.0002777447129310003
test-other,2,850,103,0.001021703765424751
test-other,2,851,58,0.0005753283339285006
test-other,2,852,27,0.00026782525889775026
test-other,2,853,51,0.0005058921556957505
test-other,2,854,94,0.000932428679125501
test-other,2,855,136,0.0013490457485220014
test-other,2,856,25,0.00024798635083125023
test-other,2,857,151,0.0014978375590207515
test-other,2,858,95,0.0009423481331587509
test-other,2,859,4,3.967781613300004e-05
test-other,2,860,1263,0.012528270443994762
test-other,2,861,52,0.0005158116097290005
test-other,2,862,72,0.0007142006903940007
test-other,2,863,105,0.001041542673491251
test-other,2,864,48,0.0004761337935960005
test-other,2,865,142,0.0014085624727215014
test-other,2,866,4,3.967781613300004e-05
test-other,2,867,36,0.00035710034519700033
test-other,2,868,20,0.0001983890806650002
test-other,2,869,7,6.943617823275007e-05
test-other,2,870,41,0.0004066976153632504
test-other,2,871,122,0.0012101733920565011
test-other,2,872,44,0.00043645597746300044
test-other,2,873,43,0.0004265365234297504
test-other,2,874,71,0.0007042812363607507
test-other,2,875,96,0.000952267587192001
test-other,2,876,32,0.00031742252906400033
test-other,2,877,187,0.0018549379042177518
test-other,2,878,141,0.0013986430186882514
test-other,2,879,24,0.00023806689679800025
test-other,2,880,66,0.0006546839661945007
test-other,2,881,220,0.0021822798873150024
test-other,2,882,492,0.004880371384359005
test-other,2,883,24,0.00023806689679800025
test-other,2,884,177,0.0017557433638852517
test-other,2,885,3,2.975836209975003e-05
test-other,2,886,29,0.0002876641669642503
test-other,2,887,7,6.943617823275007e-05
test-other,2,888,132,0.0013093679323890014
test-other,2,889,254,0.0025195413244455027
test-other,2,890,51,0.0005058921556957505
test-other,2,892,586,0.005812800063484506
test-other,2,893,63,0.0006249256040947506
test-other,2,895,93,0.0009225092250922509
test-other,2,896,29,0.0002876641669642503
test-other,2,897,61,0.0006050866960282506
test-other,2,898,56,0.0005554894258620006
test-other,2,899,17,0.00016863071856525018
test-other,2,900,521,0.005168035551323255
test-other,2,901,172,0.0017061460937190017
test-other,2,902,155,0.0015375153751537515
test-other,2,903,32,0.00031742252906400033
test-other,2,904,136,0.0013490457485220014
test-other,2,905,5,4.959727016625005e-05
test-other,2,906,4,3.967781613300004e-05
test-other,2,907,138,0.0013688846565885014
test-other,2,908,137,0.0013589652025552514
test-other,2,909,36,0.00035710034519700033
test-other,2,910,3,2.975836209975003e-05
test-other,2,911,108,0.001071301035591001
test-other,2,912,18,0.00017855017259850017
test-other,2,913,144,0.0014284013807880013
test-other,2,914,60,0.0005951672419950006
test-other,2,915,46,0.00045629488552950047
test-other,2,916,88,0.0008729119549260009
test-other,2,917,74,0.0007340395984605007
test-other,2,918,39,0.00038685870729675037
test-other,2,919,12,0.00011903344839900012
test-other,2,920,5,4.959727016625005e-05
test-other,2,921,105,0.001041542673491251
test-other,2,922,121,0.0012002539380232512
test-other,2,923,13,0.00012895290243225012
test-other,2,924,163,0.0016168710074197516
test-other,2,925,52,0.0005158116097290005
test-other,2,926,91,0.0009026703170257509
test-other,2,927,99,0.000982025949291751
test-other,2,928,463,0.004592707217394755
test-other,2,929,65,0.0006447645121612506
test-other,2,930,4,3.967781613300004e-05
test-other,2,931,231,0.0022913938816807524
test-other,2,932,102,0.001011784311391501
test-other,2,933,129,0.0012796095702892513
test-other,2,934,41,0.0004066976153632504
test-other,2,935,39,0.00038685870729675037
test-other,2,936,449,0.004453834860929254
test-other,2,938,132,0.0013093679323890014
test-other,2,939,69,0.0006844423282942507
test-other,2,940,175,0.0017359044558187518
test-other,2,941,21,0.0002083085346982502
test-other,2,942,3,2.975836209975003e-05
test-other,2,943,179,0.0017755822719517519
test-other,2,944,4,3.967781613300004e-05
test-other,2,945,8,7.935563226600008e-05
test-other,2,946,169,0.0016763877316192516
test-other,2,947,7,6.943617823275007e-05
test-other,2,949,43,0.0004265365234297504
test-other,2,950,3,2.975836209975003e-05
test-other,2,951,71,0.0007042812363607507
test-other,2,952,40,0.0003967781613300004
test-other,2,953,91,0.0009026703170257509
test-other,2,954,33,0.00032734198309725034
test-other,2,955,17,0.00016863071856525018
test-other,2,957,4,3.967781613300004e-05
test-other,2,958,36,0.00035710034519700033
test-other,2,959,688,0.006824584374876007
test-other,2,960,1109,0.011000674522874261
test-other,2,961,1,9.91945403325001e-06
test-other,2,962,22,0.00021822798873150022
test-other,2,963,128,0.0012696901162560013
test-other,2,964,22,0.00021822798873150022
test-other,2,965,129,0.0012796095702892513
test-other,2,966,520,0.005158116097290005
test-other,2,967,36,0.00035710034519700033
test-other,2,968,190,0.0018846962663175018
test-other,2,969,307,0.003045272388207753
test-other,2,970,24,0.00023806689679800025
test-other,2,971,54,0.0005356505177955005
test-other,2,972,33,0.00032734198309725034
test-other,2,973,88,0.0008729119549260009
test-other,2,974,234,0.0023211522437805022
test-other,2,975,89,0.0008828314089592508
test-other,2,976,1165,0.011556163948736261
test-other,2,977,54,0.0005356505177955005
test-other,2,978,68,0.0006745228742610007
test-other,2,979,312,0.003094869658374003
test-other,2,980,37,0.00036701979923025034
test-other,2,981,67,0.0006646034202277506
test-other,2,982,2,1.983890806650002e-05
test-other,2,983,129,0.0012796095702892513
test-other,2,984,3042,0.03017497916914653
test-other,2,985,26,0.00025790580486450025
test-other,2,987,57,0.0005654088798952506
test-other,2,988,49,0.0004860532476292505
test-other,2,989,108,0.001071301035591001
test-other,2,990,237,0.0023509106058802525
test-other,2,991,20,0.0001983890806650002
test-other,2,992,32,0.00031742252906400033
test-other,2,993,241,0.0023905884220132524
test-other,2,994,38,0.00037693925326350036
test-other,2,995,5,4.959727016625005e-05
test-other,2,996,1697,0.016833313494425267
test-other,2,997,140,0.0013887235646550015
test-other,2,998,51,0.0005058921556957505
test-other,2,999,31,0.0003075030750307503
test-other,2,1000,62,0.0006150061500615006
test-other,2,1001,28,0.0002777447129310003
test-other,2,1002,426,0.004225687418164504
test-other,2,1003,5,4.959727016625005e-05
test-other,2,1004,4,3.967781613300004e-05
test-other,2,1005,39,0.00038685870729675037
test-other,2,1006,21,0.0002083085346982502
test-other,2,1007,103,0.001021703765424751
test-other,2,1008,28,0.0002777447129310003
test-other,2,1009,13,0.00012895290243225012
test-other,2,1010,3,2.975836209975003e-05
test-other,2,1011,1,9.91945403325001e-06
test-other,2,1012,45,0.00044637543149625045
test-other,2,1013,250,0.0024798635083125025
test-other,2,1014,189,0.0018747768122842519
test-other,2,1015,61,0.0006050866960282506
test-other,2,1016,380,0.0037693925326350037
test-other,2,1017,142,0.0014085624727215014
test-other,2,1018,151,0.0014978375590207515
test-other,2,1019,57,0.0005654088798952506
test-other,2,1020,65,0.0006447645121612506
test-other,2,1022,725,0.007191604174106257
test-other,2,1023,2,1.983890806650002e-05
test-other,3,0,15,0.00014879181049875015
test-other,3,1,2,1.983890806650002e-05
test-other,3,2,18,0.00017855017259850017
test-other,3,3,68,0.0006745228742610007
test-other,3,4,61,0.0006050866960282506
test-other,3,5,263,0.002608816410744753
test-other,3,6,2,1.983890806650002e-05
test-other,3,7,64,0.0006348450581280007
test-other,3,8,74,0.0007340395984605007
test-other,3,9,29,0.0002876641669642503
test-other,3,10,93,0.0009225092250922509
test-other,3,11,75,0.0007439590524937508
test-other,3,12,129,0.0012796095702892513
test-other,3,13,158,0.0015672737372535016
test-other,3,14,164,0.0016267904614530016
test-other,3,15,47,0.0004662143395627505
test-other,3,16,21,0.0002083085346982502
test-other,3,17,136,0.0013490457485220014
test-other,3,18,22,0.00021822798873150022
test-other,3,19,13,0.00012895290243225012
test-other,3,20,45,0.00044637543149625045
test-other,3,21,25,0.00024798635083125023
test-other,3,22,440,0.004364559774630005
test-other,3,23,13,0.00012895290243225012
test-other,3,24,110,0.0010911399436575012
test-other,3,25,55,0.0005455699718287506
test-other,3,26,55,0.0005455699718287506
test-other,3,27,47,0.0004662143395627505
test-other,3,28,38,0.00037693925326350036
test-other,3,29,134,0.0013292068404555013
test-other,3,30,72,0.0007142006903940007
test-other,3,31,53,0.0005257310637622506
test-other,3,32,36,0.00035710034519700033
test-other,3,33,129,0.0012796095702892513
test-other,3,34,15,0.00014879181049875015
test-other,3,35,86,0.0008530730468595009
test-other,3,36,35,0.00034718089116375037
test-other,3,37,131,0.0012994484783557512
test-other,3,38,55,0.0005455699718287506
test-other,3,39,48,0.0004761337935960005
test-other,3,40,21,0.0002083085346982502
test-other,3,41,79,0.0007836368686267508
test-other,3,42,226,0.002241796611514502
test-other,3,43,78,0.0007737174145935007
test-other,3,44,140,0.0013887235646550015
test-other,3,45,274,0.0027179304051105028
test-other,3,46,15,0.00014879181049875015
test-other,3,47,33,0.00032734198309725034
test-other,3,48,99,0.000982025949291751
test-other,3,49,194,0.001924374082450502
test-other,3,50,65,0.0006447645121612506
test-other,3,51,66,0.0006546839661945007
test-other,3,52,19,0.00018846962663175018
test-other,3,53,29,0.0002876641669642503
test-other,3,54,62,0.0006150061500615006
test-other,3,55,146,0.0014482402888545015
test-other,3,56,8,7.935563226600008e-05
test-other,3,57,78,0.0007737174145935007
test-other,3,58,21,0.0002083085346982502
test-other,3,59,43,0.0004265365234297504
test-other,3,60,3,2.975836209975003e-05
test-other,3,61,84,0.0008332341387930008
test-other,3,63,96,0.000952267587192001
test-other,3,64,23,0.00022814744276475023
test-other,3,65,79,0.0007836368686267508
test-other,3,66,420,0.004166170693965004
test-other,3,67,113,0.001120898305757251
test-other,3,68,98,0.000972106495258501
test-other,3,69,15,0.00014879181049875015
test-other,3,71,21,0.0002083085346982502
test-other,3,72,165,0.0016367099154862516
test-other,3,73,57,0.0005654088798952506
test-other,3,74,141,0.0013986430186882514
test-other,3,76,14,0.00013887235646550014
test-other,3,77,168,0.0016664682775860017
test-other,3,78,66,0.0006546839661945007
test-other,3,79,32,0.00031742252906400033
test-other,3,80,476,0.004721660119827005
test-other,3,81,22,0.00021822798873150022
test-other,3,82,68,0.0006745228742610007
test-other,3,83,45,0.00044637543149625045
test-other,3,84,39,0.00038685870729675037
test-other,3,85,106,0.0010514621275245011
test-other,3,86,48,0.0004761337935960005
test-other,3,87,130,0.0012895290243225012
test-other,3,88,110,0.0010911399436575012
test-other,3,89,115,0.0011407372138237512
test-other,3,90,95,0.0009423481331587509
test-other,3,91,116,0.0011506566678570012
test-other,3,92,10,9.91945403325001e-05
test-other,3,93,42,0.0004166170693965004
test-other,3,94,98,0.000972106495258501
test-other,3,95,15,0.00014879181049875015
test-other,3,96,21,0.0002083085346982502
test-other,3,97,112,0.001110978851724001
test-other,3,98,153,0.0015176764670872516
test-other,3,99,55,0.0005455699718287506
test-other,3,100,3,2.975836209975003e-05
test-other,3,101,55,0.0005455699718287506
test-other,3,102,13,0.00012895290243225012
test-other,3,103,64,0.0006348450581280007
test-other,3,104,104,0.001031623219458001
test-other,3,105,8,7.935563226600008e-05
test-other,3,106,148,0.0014680791969210014
test-other,3,107,33,0.00032734198309725034
test-other,3,108,55,0.0005455699718287506
test-other,3,109,69,0.0006844423282942507
test-other,3,110,228,0.0022616355195810025
test-other,3,111,192,0.001904535174384002
test-other,3,112,60,0.0005951672419950006
test-other,3,113,55,0.0005455699718287506
test-other,3,114,33,0.00032734198309725034
test-other,3,115,142,0.0014085624727215014
test-other,3,116,30,0.0002975836209975003
test-other,3,117,48,0.0004761337935960005
test-other,3,118,124,0.0012300123001230013
test-other,3,119,84,0.0008332341387930008
test-other,3,120,142,0.0014085624727215014
test-other,3,121,17,0.00016863071856525018
test-other,3,122,26,0.00025790580486450025
test-other,3,123,48,0.0004761337935960005
test-other,3,124,70,0.0006943617823275007
test-other,3,125,72,0.0007142006903940007
test-other,3,126,67,0.0006646034202277506
test-other,3,127,5,4.959727016625005e-05
test-other,3,128,477,0.004731579573860255
test-other,3,129,136,0.0013490457485220014
test-other,3,130,77,0.0007637979605602508
test-other,3,131,130,0.0012895290243225012
test-other,3,132,39,0.00038685870729675037
test-other,3,133,269,0.0026683331349442525
test-other,3,134,32,0.00031742252906400033
test-other,3,135,15,0.00014879181049875015
test-other,3,136,13,0.00012895290243225012
test-other,3,137,53,0.0005257310637622506
test-other,3,138,61,0.0006050866960282506
test-other,3,139,115,0.0011407372138237512
test-other,3,140,35,0.00034718089116375037
test-other,3,141,55,0.0005455699718287506
test-other,3,142,101,0.001001864857358251
test-other,3,143,146,0.0014482402888545015
test-other,3,144,166,0.0016466293695195017
test-other,3,145,62,0.0006150061500615006
test-other,3,146,55,0.0005455699718287506
test-other,3,147,111,0.0011010593976907511
test-other,3,148,106,0.0010514621275245011
test-other,3,149,16,0.00015871126453200017
test-other,3,150,1,9.91945403325001e-06
test-other,3,151,88,0.0008729119549260009
test-other,3,152,180,0.0017855017259850018
test-other,3,153,26,0.00025790580486450025
test-other,3,154,70,0.0006943617823275007
test-other,3,155,201,0.001993810260683252
test-other,3,156,36,0.00035710034519700033
test-other,3,157,25,0.00024798635083125023
test-other,3,158,14,0.00013887235646550014
test-other,3,159,130,0.0012895290243225012
test-other,3,160,135,0.0013391262944887513
test-other,3,161,10,9.91945403325001e-05
test-other,3,162,14,0.00013887235646550014
test-other,3,163,40,0.0003967781613300004
test-other,3,164,1006,0.00997897075744951
test-other,3,165,38,0.00037693925326350036
test-other,3,166,156,0.0015474348291870015
test-other,3,167,123,0.0012200928460897513
test-other,3,168,198,0.001964051898583502
test-other,3,169,151,0.0014978375590207515
test-other,3,170,23,0.00022814744276475023
test-other,3,171,38,0.00037693925326350036
test-other,3,172,2,1.983890806650002e-05
test-other,3,173,99,0.000982025949291751
test-other,3,174,42,0.0004166170693965004
test-other,3,175,253,0.0025096218704122523
test-other,3,176,76,0.0007538785065270007
test-other,3,177,79,0.0007836368686267508
test-other,3,178,128,0.0012696901162560013
test-other,3,179,11,0.00010911399436575011
test-other,3,180,444,0.004404237590763005
test-other,3,181,80,0.0007935563226600008
test-other,3,182,35,0.00034718089116375037
test-other,3,183,20,0.0001983890806650002
test-other,3,184,92,0.0009125897710590009
test-other,3,185,91,0.0009026703170257509
test-other,3,186,67,0.0006646034202277506
test-other,3,187,74,0.0007340395984605007
test-other,3,188,34,0.00033726143713050036
test-other,3,189,42,0.0004166170693965004
test-other,3,190,69,0.0006844423282942507
test-other,3,191,94,0.000932428679125501
test-other,3,192,25,0.00024798635083125023
test-other,3,193,74,0.0007340395984605007
test-other,3,194,41,0.0004066976153632504
test-other,3,195,85,0.0008431535928262509
test-other,3,196,302,0.002995675118041503
test-other,3,197,88,0.0008729119549260009
test-other,3,198,37,0.00036701979923025034
test-other,3,199,51,0.0005058921556957505
test-other,3,200,115,0.0011407372138237512
test-other,3,201,104,0.001031623219458001
test-other,3,202,20,0.0001983890806650002
test-other,3,203,47,0.0004662143395627505
test-other,3,204,35,0.00034718089116375037
test-other,3,205,25,0.00024798635083125023
test-other,3,206,70,0.0006943617823275007
test-other,3,207,304,0.003015514026108003
test-other,3,208,75,0.0007439590524937508
test-other,3,209,44,0.00043645597746300044
test-other,3,210,114,0.0011308177597905012
test-other,3,211,44,0.00043645597746300044
test-other,3,212,67,0.0006646034202277506
test-other,3,213,97,0.000962187041225251
test-other,3,214,17,0.00016863071856525018
test-other,3,215,226,0.002241796611514502
test-other,3,216,33,0.00032734198309725034
test-other,3,217,58,0.0005753283339285006
test-other,3,218,277,0.0027476887672102527
test-other,3,219,129,0.0012796095702892513
test-other,3,220,3,2.975836209975003e-05
test-other,3,221,101,0.001001864857358251
test-other,3,222,72,0.0007142006903940007
test-other,3,223,43,0.0004265365234297504
test-other,3,224,31,0.0003075030750307503
test-other,3,225,29,0.0002876641669642503
test-other,3,226,75,0.0007439590524937508
test-other,3,227,40,0.0003967781613300004
test-other,3,228,34,0.00033726143713050036
test-other,3,229,54,0.0005356505177955005
test-other,3,230,61,0.0006050866960282506
test-other,3,231,63,0.0006249256040947506
test-other,3,232,22,0.00021822798873150022
test-other,3,233,67,0.0006646034202277506
test-other,3,235,20,0.0001983890806650002
test-other,3,236,11,0.00010911399436575011
test-other,3,237,186,0.0018450184501845018
test-other,3,238,63,0.0006249256040947506
test-other,3,239,66,0.0006546839661945007
test-other,3,240,58,0.0005753283339285006
test-other,3,241,29,0.0002876641669642503
test-other,3,242,98,0.000972106495258501
test-other,3,243,1,9.91945403325001e-06
test-other,3,244,26,0.00025790580486450025
test-other,3,245,101,0.001001864857358251
test-other,3,246,164,0.0016267904614530016
test-other,3,247,24,0.00023806689679800025
test-other,3,248,36,0.00035710034519700033
test-other,3,249,112,0.001110978851724001
test-other,3,250,2,1.983890806650002e-05
test-other,3,251,91,0.0009026703170257509
test-other,3,252,64,0.0006348450581280007
test-other,3,253,154,0.0015275959211205016
test-other,3,254,16,0.00015871126453200017
test-other,3,255,38,0.00037693925326350036
test-other,3,256,433,0.004295123596397254
test-other,3,257,6,5.951672419950006e-05
test-other,3,258,129,0.0012796095702892513
test-other,3,259,60,0.0005951672419950006
test-other,3,260,25,0.00024798635083125023
test-other,3,261,200,0.001983890806650002
test-other,3,262,121,0.0012002539380232512
test-other,3,263,28,0.0002777447129310003
test-other,3,264,166,0.0016466293695195017
test-other,3,265,95,0.0009423481331587509
test-other,3,266,385,0.003818989802801254
test-other,3,267,260,0.0025790580486450025
test-other,3,268,78,0.0007737174145935007
test-other,3,269,87,0.0008629925008927508
test-other,3,270,42,0.0004166170693965004
test-other,3,271,118,0.001170495575923501
test-other,3,272,126,0.0012498512081895012
test-other,3,273,28,0.0002777447129310003
test-other,3,274,36,0.00035710034519700033
test-other,3,275,59,0.0005852477879617505
test-other,3,276,80,0.0007935563226600008
test-other,3,277,523,0.005187874459389755
test-other,3,278,16,0.00015871126453200017
test-other,3,279,314,0.0031147085664405033
test-other,3,280,226,0.002241796611514502
test-other,3,281,54,0.0005356505177955005
test-other,3,282,151,0.0014978375590207515
test-other,3,283,44,0.00043645597746300044
test-other,3,284,24,0.00023806689679800025
test-other,3,285,215,0.002132682617148752
test-other,3,286,4,3.967781613300004e-05
test-other,3,287,130,0.0012895290243225012
test-other,3,288,80,0.0007935563226600008
test-other,3,289,56,0.0005554894258620006
test-other,3,290,33,0.00032734198309725034
test-other,3,291,34,0.00033726143713050036
test-other,3,292,208,0.002063246438916002
test-other,3,293,158,0.0015672737372535016
test-other,3,294,61,0.0006050866960282506
test-other,3,295,164,0.0016267904614530016
test-other,3,296,66,0.0006546839661945007
test-other,3,297,269,0.0026683331349442525
test-other,3,298,55,0.0005455699718287506
test-other,3,299,102,0.001011784311391501
test-other,3,300,43,0.0004265365234297504
test-other,3,301,72,0.0007142006903940007
test-other,3,302,82,0.0008133952307265008
test-other,3,303,56,0.0005554894258620006
test-other,3,304,33,0.00032734198309725034
test-other,3,305,110,0.0010911399436575012
test-other,3,306,4,3.967781613300004e-05
test-other,3,307,230,0.0022814744276475024
test-other,3,308,84,0.0008332341387930008
test-other,3,309,165,0.0016367099154862516
test-other,3,311,32,0.00031742252906400033
test-other,3,312,191,0.0018946157203507518
test-other,3,313,224,0.002221957703448002
test-other,3,314,23,0.00022814744276475023
test-other,3,315,45,0.00044637543149625045
test-other,3,316,38,0.00037693925326350036
test-other,3,317,36,0.00035710034519700033
test-other,3,318,88,0.0008729119549260009
test-other,3,319,64,0.0006348450581280007
test-other,3,320,41,0.0004066976153632504
test-other,3,321,59,0.0005852477879617505
test-other,3,322,484,0.004801015752093005
test-other,3,323,11,0.00010911399436575011
test-other,3,324,111,0.0011010593976907511
test-other,3,325,46,0.00045629488552950047
test-other,3,326,97,0.000962187041225251
test-other,3,327,20,0.0001983890806650002
test-other,3,328,355,0.0035214061818037534
test-other,3,329,45,0.00044637543149625045
test-other,3,330,40,0.0003967781613300004
test-other,3,331,30,0.0002975836209975003
test-other,3,332,87,0.0008629925008927508
test-other,3,333,41,0.0004066976153632504
test-other,3,334,30,0.0002975836209975003
test-other,3,335,25,0.00024798635083125023
test-other,3,336,72,0.0007142006903940007
test-other,3,337,82,0.0008133952307265008
test-other,3,338,165,0.0016367099154862516
test-other,3,339,74,0.0007340395984605007
test-other,3,340,172,0.0017061460937190017
test-other,3,341,176,0.0017458239098520018
test-other,3,342,234,0.0023211522437805022
test-other,3,343,76,0.0007538785065270007
test-other,3,344,170,0.0016863071856525018
test-other,3,345,21,0.0002083085346982502
test-other,3,346,74,0.0007340395984605007
test-other,3,347,58,0.0005753283339285006
test-other,3,348,42,0.0004166170693965004
test-other,3,349,230,0.0022814744276475024
test-other,3,350,96,0.000952267587192001
test-other,3,351,54,0.0005356505177955005
test-other,3,352,1,9.91945403325001e-06
test-other,3,353,164,0.0016267904614530016
test-other,3,354,893,0.008858072451692258
test-other,3,355,10,9.91945403325001e-05
test-other,3,356,327,0.0032436614688727532
test-other,3,357,36,0.00035710034519700033
test-other,3,358,148,0.0014680791969210014
test-other,3,359,31,0.0003075030750307503
test-other,3,360,89,0.0008828314089592508
test-other,3,361,239,0.0023707495139467525
test-other,3,362,132,0.0013093679323890014
test-other,3,363,112,0.001110978851724001
test-other,3,364,92,0.0009125897710590009
test-other,3,365,14,0.00013887235646550014
test-other,3,366,25,0.00024798635083125023
test-other,3,367,299,0.002965916755941753
test-other,3,368,24,0.00023806689679800025
test-other,3,369,28,0.0002777447129310003
test-other,3,370,65,0.0006447645121612506
test-other,3,371,36,0.00035710034519700033
test-other,3,372,45,0.00044637543149625045
test-other,3,373,39,0.00038685870729675037
test-other,3,374,40,0.0003967781613300004
test-other,3,375,77,0.0007637979605602508
test-other,3,376,12,0.00011903344839900012
test-other,3,377,145,0.0014383208348212515
test-other,3,378,23,0.00022814744276475023
test-other,3,379,81,0.0008034757766932508
test-other,3,380,65,0.0006447645121612506
test-other,3,381,280,0.002777447129310003
test-other,3,382,95,0.0009423481331587509
test-other,3,383,2,1.983890806650002e-05
test-other,3,384,36,0.00035710034519700033
test-other,3,385,63,0.0006249256040947506
test-other,3,386,20,0.0001983890806650002
test-other,3,387,6,5.951672419950006e-05
test-other,3,388,70,0.0006943617823275007
test-other,3,389,22,0.00021822798873150022
test-other,3,390,71,0.0007042812363607507
test-other,3,391,51,0.0005058921556957505
test-other,3,392,5,4.959727016625005e-05
test-other,3,393,5,4.959727016625005e-05
test-other,3,394,63,0.0006249256040947506
test-other,3,395,24,0.00023806689679800025
test-other,3,396,67,0.0006646034202277506
test-other,3,397,88,0.0008729119549260009
test-other,3,398,48,0.0004761337935960005
test-other,3,399,26,0.00025790580486450025
test-other,3,400,40,0.0003967781613300004
test-other,3,401,46,0.00045629488552950047
test-other,3,402,67,0.0006646034202277506
test-other,3,403,127,0.0012597706622227514
test-other,3,404,161,0.0015970320993532515
test-other,3,405,42,0.0004166170693965004
test-other,3,406,95,0.0009423481331587509
test-other,3,407,10,9.91945403325001e-05
test-other,3,408,156,0.0015474348291870015
test-other,3,409,81,0.0008034757766932508
test-other,3,410,74,0.0007340395984605007
test-other,3,411,56,0.0005554894258620006
test-other,3,412,33,0.00032734198309725034
test-other,3,413,170,0.0016863071856525018
test-other,3,414,69,0.0006844423282942507
test-other,3,415,57,0.0005654088798952506
test-other,3,416,41,0.0004066976153632504
test-other,3,417,42,0.0004166170693965004
test-other,3,418,102,0.001011784311391501
test-other,3,419,119,0.0011804150299567513
test-other,3,420,115,0.0011407372138237512
test-other,3,421,86,0.0008530730468595009
test-other,3,422,66,0.0006546839661945007
test-other,3,423,42,0.0004166170693965004
test-other,3,424,30,0.0002975836209975003
test-other,3,425,59,0.0005852477879617505
test-other,3,426,78,0.0007737174145935007
test-other,3,427,1,9.91945403325001e-06
test-other,3,428,211,0.0020930048010157523
test-other,3,429,32,0.00031742252906400033
test-other,3,430,180,0.0017855017259850018
test-other,3,431,54,0.0005356505177955005
test-other,3,432,26,0.00025790580486450025
test-other,3,433,18,0.00017855017259850017
test-other,3,434,86,0.0008530730468595009
test-other,3,435,36,0.00035710034519700033
test-other,3,436,35,0.00034718089116375037
test-other,3,437,19,0.00018846962663175018
test-other,3,438,117,0.0011605761218902511
test-other,3,439,53,0.0005257310637622506
test-other,3,440,120,0.0011903344839900012
test-other,3,441,48,0.0004761337935960005
test-other,3,442,7,6.943617823275007e-05
test-other,3,443,14,0.00013887235646550014
test-other,3,444,104,0.001031623219458001
test-other,3,445,84,0.0008332341387930008
test-other,3,446,47,0.0004662143395627505
test-other,3,447,37,0.00036701979923025034
test-other,3,448,55,0.0005455699718287506
test-other,3,449,157,0.0015573542832202517
test-other,3,450,6,5.951672419950006e-05
test-other,3,451,78,0.0007737174145935007
test-other,3,452,160,0.0015871126453200015
test-other,3,453,213,0.002112843709082252
test-other,3,454,199,0.001973971352616752
test-other,3,455,234,0.0023211522437805022
test-other,3,456,48,0.0004761337935960005
test-other,3,457,2,1.983890806650002e-05
test-other,3,458,154,0.0015275959211205016
test-other,3,459,57,0.0005654088798952506
test-other,3,460,29,0.0002876641669642503
test-other,3,461,112,0.001110978851724001
test-other,3,462,63,0.0006249256040947506
test-other,3,463,52,0.0005158116097290005
test-other,3,464,189,0.0018747768122842519
test-other,3,466,139,0.0013788041106217513
test-other,3,467,23,0.00022814744276475023
test-other,3,468,132,0.0013093679323890014
test-other,3,469,1,9.91945403325001e-06
test-other,3,470,261,0.0025889775026782524
test-other,3,471,97,0.000962187041225251
test-other,3,473,134,0.0013292068404555013
test-other,3,474,77,0.0007637979605602508
test-other,3,475,25,0.00024798635083125023
test-other,3,476,1,9.91945403325001e-06
test-other,3,477,29,0.0002876641669642503
test-other,3,478,67,0.0006646034202277506
test-other,3,479,87,0.0008629925008927508
test-other,3,480,48,0.0004761337935960005
test-other,3,481,72,0.0007142006903940007
test-other,3,482,62,0.0006150061500615006
test-other,3,483,108,0.001071301035591001
test-other,3,484,125,0.0012399317541562512
test-other,3,485,44,0.00043645597746300044
test-other,3,486,36,0.00035710034519700033
test-other,3,487,388,0.003848748164901004
test-other,3,488,81,0.0008034757766932508
test-other,3,489,122,0.0012101733920565011
test-other,3,490,69,0.0006844423282942507
test-other,3,491,12,0.00011903344839900012
test-other,3,492,7,6.943617823275007e-05
test-other,3,493,35,0.00034718089116375037
test-other,3,494,41,0.0004066976153632504
test-other,3,495,70,0.0006943617823275007
test-other,3,496,22,0.00021822798873150022
test-other,3,497,43,0.0004265365234297504
test-other,3,498,248,0.0024600246002460025
test-other,3,499,241,0.0023905884220132524
test-other,3,500,17,0.00016863071856525018
test-other,3,501,7,6.943617823275007e-05
test-other,3,502,45,0.00044637543149625045
test-other,3,503,81,0.0008034757766932508
test-other,3,504,1,9.91945403325001e-06
test-other,3,505,88,0.0008729119549260009
test-other,3,506,153,0.0015176764670872516
test-other,3,507,106,0.0010514621275245011
test-other,3,508,39,0.00038685870729675037
test-other,3,509,145,0.0014383208348212515
test-other,3,510,66,0.0006546839661945007
test-other,3,511,35,0.00034718089116375037
test-other,3,512,24,0.00023806689679800025
test-other,3,513,61,0.0006050866960282506
test-other,3,514,5,4.959727016625005e-05
test-other,3,515,51,0.0005058921556957505
test-other,3,516,123,0.0012200928460897513
test-other,3,517,6,5.951672419950006e-05
test-other,3,518,61,0.0006050866960282506
test-other,3,519,110,0.0010911399436575012
test-other,3,520,62,0.0006150061500615006
test-other,3,521,20,0.0001983890806650002
test-other,3,522,34,0.00033726143713050036
test-other,3,523,37,0.00036701979923025034
test-other,3,524,7,6.943617823275007e-05
test-other,3,525,65,0.0006447645121612506
test-other,3,526,47,0.0004662143395627505
test-other,3,527,74,0.0007340395984605007
test-other,3,528,30,0.0002975836209975003
test-other,3,529,70,0.0006943617823275007
test-other,3,530,16,0.00015871126453200017
test-other,3,531,120,0.0011903344839900012
test-other,3,532,47,0.0004662143395627505
test-other,3,533,170,0.0016863071856525018
test-other,3,534,67,0.0006646034202277506
test-other,3,535,48,0.0004761337935960005
test-other,3,536,68,0.0006745228742610007
test-other,3,537,97,0.000962187041225251
test-other,3,538,113,0.001120898305757251
test-other,3,539,18,0.00017855017259850017
test-other,3,540,7,6.943617823275007e-05
test-other,3,541,48,0.0004761337935960005
test-other,3,542,21,0.0002083085346982502
test-other,3,543,24,0.00023806689679800025
test-other,3,544,43,0.0004265365234297504
test-other,3,545,16,0.00015871126453200017
test-other,3,546,87,0.0008629925008927508
test-other,3,547,102,0.001011784311391501
test-other,3,548,68,0.0006745228742610007
test-other,3,549,88,0.0008729119549260009
test-other,3,550,48,0.0004761337935960005
test-other,3,551,31,0.0003075030750307503
test-other,3,552,22,0.00021822798873150022
test-other,3,553,97,0.000962187041225251
test-other,3,554,253,0.0025096218704122523
test-other,3,555,27,0.00026782525889775026
test-other,3,556,62,0.0006150061500615006
test-other,3,557,29,0.0002876641669642503
test-other,3,558,73,0.0007241201444272507
test-other,3,559,74,0.0007340395984605007
test-other,3,560,172,0.0017061460937190017
test-other,3,562,22,0.00021822798873150022
test-other,3,563,531,0.005267230091655755
test-other,3,564,210,0.002083085346982502
test-other,3,565,77,0.0007637979605602508
test-other,3,566,30,0.0002975836209975003
test-other,3,567,64,0.0006348450581280007
test-other,3,568,23,0.00022814744276475023
test-other,3,569,67,0.0006646034202277506
test-other,3,570,28,0.0002777447129310003
test-other,3,571,78,0.0007737174145935007
test-other,3,572,364,0.0036106812681030035
test-other,3,573,19,0.00018846962663175018
test-other,3,574,55,0.0005455699718287506
test-other,3,575,52,0.0005158116097290005
test-other,3,576,66,0.0006546839661945007
test-other,3,577,109,0.001081220489624251
test-other,3,578,49,0.0004860532476292505
test-other,3,579,44,0.00043645597746300044
test-other,3,580,99,0.000982025949291751
test-other,3,581,131,0.0012994484783557512
test-other,3,582,119,0.0011804150299567513
test-other,3,583,35,0.00034718089116375037
test-other,3,584,19,0.00018846962663175018
test-other,3,585,3,2.975836209975003e-05
test-other,3,587,105,0.001041542673491251
test-other,3,588,60,0.0005951672419950006
test-other,3,589,35,0.00034718089116375037
test-other,3,590,124,0.0012300123001230013
test-other,3,591,116,0.0011506566678570012
test-other,3,592,33,0.00032734198309725034
test-other,3,593,46,0.00045629488552950047
test-other,3,594,51,0.0005058921556957505
test-other,3,595,45,0.00044637543149625045
test-other,3,596,36,0.00035710034519700033
test-other,3,597,49,0.0004860532476292505
test-other,3,600,74,0.0007340395984605007
test-other,3,601,62,0.0006150061500615006
test-other,3,602,28,0.0002777447129310003
test-other,3,603,2,1.983890806650002e-05
test-other,3,604,240,0.0023806689679800024
test-other,3,605,137,0.0013589652025552514
test-other,3,606,228,0.0022616355195810025
test-other,3,607,92,0.0009125897710590009
test-other,3,608,22,0.00021822798873150022
test-other,3,609,102,0.001011784311391501
test-other,3,610,121,0.0012002539380232512
test-other,3,611,24,0.00023806689679800025
test-other,3,612,79,0.0007836368686267508
test-other,3,613,101,0.001001864857358251
test-other,3,614,87,0.0008629925008927508
test-other,3,615,39,0.00038685870729675037
test-other,3,616,49,0.0004860532476292505
test-other,3,617,92,0.0009125897710590009
test-other,3,618,25,0.00024798635083125023
test-other,3,619,62,0.0006150061500615006
test-other,3,620,188,0.001864857358251002
test-other,3,621,92,0.0009125897710590009
test-other,3,622,42,0.0004166170693965004
test-other,3,623,95,0.0009423481331587509
test-other,3,624,87,0.0008629925008927508
test-other,3,625,18,0.00017855017259850017
test-other,3,626,388,0.003848748164901004
test-other,3,627,173,0.0017160655477522517
test-other,3,628,87,0.0008629925008927508
test-other,3,629,280,0.002777447129310003
test-other,3,630,18,0.00017855017259850017
test-other,3,631,40,0.0003967781613300004
test-other,3,632,39,0.00038685870729675037
test-other,3,633,23,0.00022814744276475023
test-other,3,634,205,0.002033488076816252
test-other,3,635,203,0.002013649168749752
test-other,3,636,457,0.004533190493195255
test-other,3,637,51,0.0005058921556957505
test-other,3,638,157,0.0015573542832202517
test-other,3,639,557,0.005525135896520255
test-other,3,640,241,0.0023905884220132524
test-other,3,641,135,0.0013391262944887513
test-other,3,642,82,0.0008133952307265008
test-other,3,643,18,0.00017855017259850017
test-other,3,644,95,0.0009423481331587509
test-other,3,645,47,0.0004662143395627505
test-other,3,646,113,0.001120898305757251
test-other,3,647,5,4.959727016625005e-05
test-other,3,648,194,0.001924374082450502
test-other,3,649,38,0.00037693925326350036
test-other,3,650,54,0.0005356505177955005
test-other,3,651,45,0.00044637543149625045
test-other,3,652,168,0.0016664682775860017
test-other,3,653,23,0.00022814744276475023
test-other,3,654,90,0.0008927508629925009
test-other,3,655,52,0.0005158116097290005
test-other,3,656,60,0.0005951672419950006
test-other,3,657,34,0.00033726143713050036
test-other,3,658,1,9.91945403325001e-06
test-other,3,659,25,0.00024798635083125023
test-other,3,660,266,0.0026385747728445027
test-other,3,661,91,0.0009026703170257509
test-other,3,662,57,0.0005654088798952506
test-other,3,663,31,0.0003075030750307503
test-other,3,664,151,0.0014978375590207515
test-other,3,665,30,0.0002975836209975003
test-other,3,666,69,0.0006844423282942507
test-other,3,667,1208,0.011982700472166012
test-other,3,668,47,0.0004662143395627505
test-other,3,669,48,0.0004761337935960005
test-other,3,670,97,0.000962187041225251
test-other,3,671,120,0.0011903344839900012
test-other,3,672,28,0.0002777447129310003
test-other,3,673,44,0.00043645597746300044
test-other,3,674,60,0.0005951672419950006
test-other,3,675,1,9.91945403325001e-06
test-other,3,676,117,0.0011605761218902511
test-other,3,677,184,0.0018251795421180019
test-other,3,678,151,0.0014978375590207515
test-other,3,679,290,0.002876641669642503
test-other,3,680,43,0.0004265365234297504
test-other,3,681,8,7.935563226600008e-05
test-other,3,682,48,0.0004761337935960005
test-other,3,683,22,0.00021822798873150022
test-other,3,684,54,0.0005356505177955005
test-other,3,685,100,0.000991945403325001
test-other,3,686,7,6.943617823275007e-05
test-other,3,687,3,2.975836209975003e-05
test-other,3,688,43,0.0004265365234297504
test-other,3,689,291,0.002886561123675753
test-other,3,690,100,0.000991945403325001
test-other,3,691,64,0.0006348450581280007
test-other,3,692,18,0.00017855017259850017
test-other,3,693,95,0.0009423481331587509
test-other,3,694,79,0.0007836368686267508
test-other,3,695,185,0.0018350989961512518
test-other,3,696,3,2.975836209975003e-05
test-other,3,697,64,0.0006348450581280007
test-other,3,698,83,0.0008233146847597509
test-other,3,699,219,0.002172360433281752
test-other,3,700,213,0.002112843709082252
test-other,3,701,37,0.00036701979923025034
test-other,3,702,195,0.0019342935364837519
test-other,3,704,264,0.0026187358647780028
test-other,3,705,59,0.0005852477879617505
test-other,3,706,539,0.005346585723921755
test-other,3,708,41,0.0004066976153632504
test-other,3,709,142,0.0014085624727215014
test-other,3,710,323,0.0032039836527397534
test-other,3,711,30,0.0002975836209975003
test-other,3,713,27,0.00026782525889775026
test-other,3,714,195,0.0019342935364837519
test-other,3,715,192,0.001904535174384002
test-other,3,716,14,0.00013887235646550014
test-other,3,717,142,0.0014085624727215014
test-other,3,718,61,0.0006050866960282506
test-other,3,719,67,0.0006646034202277506
test-other,3,720,33,0.00032734198309725034
test-other,3,721,1,9.91945403325001e-06
test-other,3,722,18,0.00017855017259850017
test-other,3,723,19,0.00018846962663175018
test-other,3,724,82,0.0008133952307265008
test-other,3,725,84,0.0008332341387930008
test-other,3,726,96,0.000952267587192001
test-other,3,727,3,2.975836209975003e-05
test-other,3,728,143,0.0014184819267547514
test-other,3,729,713,0.007072570725707257
test-other,3,730,21,0.0002083085346982502
test-other,3,731,190,0.0018846962663175018
test-other,3,732,93,0.0009225092250922509
test-other,3,733,37,0.00036701979923025034
test-other,3,734,40,0.0003967781613300004
test-other,3,735,19,0.00018846962663175018
test-other,3,736,25,0.00024798635083125023
test-other,3,737,53,0.0005257310637622506
test-other,3,738,125,0.0012399317541562512
test-other,3,739,25,0.00024798635083125023
test-other,3,740,253,0.0025096218704122523
test-other,3,741,144,0.0014284013807880013
test-other,3,742,38,0.00037693925326350036
test-other,3,743,417,0.004136412331865254
test-other,3,744,70,0.0006943617823275007
test-other,3,745,367,0.003640439630202754
test-other,3,746,304,0.003015514026108003
test-other,3,747,117,0.0011605761218902511
test-other,3,748,67,0.0006646034202277506
test-other,3,749,101,0.001001864857358251
test-other,3,751,2,1.983890806650002e-05
test-other,3,752,480,0.004761337935960005
test-other,3,753,2,1.983890806650002e-05
test-other,3,754,74,0.0007340395984605007
test-other,3,755,127,0.0012597706622227514
test-other,3,756,63,0.0006249256040947506
test-other,3,757,29,0.0002876641669642503
test-other,3,758,40,0.0003967781613300004
test-other,3,759,31,0.0003075030750307503
test-other,3,760,17,0.00016863071856525018
test-other,3,761,74,0.0007340395984605007
test-other,3,762,50,0.0004959727016625005
test-other,3,763,26,0.00025790580486450025
test-other,3,764,199,0.001973971352616752
test-other,3,765,56,0.0005554894258620006
test-other,3,766,19,0.00018846962663175018
test-other,3,767,97,0.000962187041225251
test-other,3,768,80,0.0007935563226600008
test-other,3,769,60,0.0005951672419950006
test-other,3,770,103,0.001021703765424751
test-other,3,771,3,2.975836209975003e-05
test-other,3,772,168,0.0016664682775860017
test-other,3,773,29,0.0002876641669642503
test-other,3,774,49,0.0004860532476292505
test-other,3,775,9,8.927508629925008e-05
test-other,3,776,64,0.0006348450581280007
test-other,3,777,22,0.00021822798873150022
test-other,3,778,42,0.0004166170693965004
test-other,3,779,103,0.001021703765424751
test-other,3,780,178,0.0017656628179185017
test-other,3,781,35,0.00034718089116375037
test-other,3,782,162,0.0016069515533865017
test-other,3,783,182,0.0018053406340515017
test-other,3,784,176,0.0017458239098520018
test-other,3,785,7,6.943617823275007e-05
test-other,3,786,73,0.0007241201444272507
test-other,3,787,63,0.0006249256040947506
test-other,3,788,68,0.0006745228742610007
test-other,3,789,438,0.004344720866563504
test-other,3,790,48,0.0004761337935960005
test-other,3,791,50,0.0004959727016625005
test-other,3,792,120,0.0011903344839900012
test-other,3,793,17,0.00016863071856525018
test-other,3,794,1,9.91945403325001e-06
test-other,3,795,120,0.0011903344839900012
test-other,3,796,20,0.0001983890806650002
test-other,3,797,43,0.0004265365234297504
test-other,3,798,1132,0.011228821965639011
test-other,3,799,427,0.004235606872197754
test-other,3,800,108,0.001071301035591001
test-other,3,801,61,0.0006050866960282506
test-other,3,802,90,0.0008927508629925009
test-other,3,803,24,0.00023806689679800025
test-other,3,804,163,0.0016168710074197516
test-other,3,805,57,0.0005654088798952506
test-other,3,806,157,0.0015573542832202517
test-other,3,807,19,0.00018846962663175018
test-other,3,808,8,7.935563226600008e-05
test-other,3,809,72,0.0007142006903940007
test-other,3,810,43,0.0004265365234297504
test-other,3,811,607,0.006021108598182756
test-other,3,812,96,0.000952267587192001
test-other,3,813,65,0.0006447645121612506
test-other,3,814,43,0.0004265365234297504
test-other,3,815,65,0.0006447645121612506
test-other,3,816,14,0.00013887235646550014
test-other,3,817,99,0.000982025949291751
test-other,3,818,594,0.005892155695750506
test-other,3,819,14,0.00013887235646550014
test-other,3,820,35,0.00034718089116375037
test-other,3,821,39,0.00038685870729675037
test-other,3,822,204,0.002023568622783002
test-other,3,823,2,1.983890806650002e-05
test-other,3,824,200,0.001983890806650002
test-other,3,825,17,0.00016863071856525018
test-other,3,826,172,0.0017061460937190017
test-other,3,827,14,0.00013887235646550014
test-other,3,828,130,0.0012895290243225012
test-other,3,829,78,0.0007737174145935007
test-other,3,830,43,0.0004265365234297504
test-other,3,831,127,0.0012597706622227514
test-other,3,832,38,0.00037693925326350036
test-other,3,833,32,0.00031742252906400033
test-other,3,834,21,0.0002083085346982502
test-other,3,835,95,0.0009423481331587509
test-other,3,836,19,0.00018846962663175018
test-other,3,837,128,0.0012696901162560013
test-other,3,838,4,3.967781613300004e-05
test-other,3,839,84,0.0008332341387930008
test-other,3,840,37,0.00036701979923025034
test-other,3,841,58,0.0005753283339285006
test-other,3,842,52,0.0005158116097290005
test-other,3,843,2,1.983890806650002e-05
test-other,3,844,335,0.0033230171011387533
test-other,3,845,49,0.0004860532476292505
test-other,3,846,63,0.0006249256040947506
test-other,3,847,62,0.0006150061500615006
test-other,3,848,35,0.00034718089116375037
test-other,3,849,57,0.0005654088798952506
test-other,3,850,54,0.0005356505177955005
test-other,3,851,21,0.0002083085346982502
test-other,3,852,31,0.0003075030750307503
test-other,3,853,64,0.0006348450581280007
test-other,3,854,74,0.0007340395984605007
test-other,3,855,112,0.001110978851724001
test-other,3,856,641,0.006358370035313256
test-other,3,857,69,0.0006844423282942507
test-other,3,858,67,0.0006646034202277506
test-other,3,859,38,0.00037693925326350036
test-other,3,860,73,0.0007241201444272507
test-other,3,861,63,0.0006249256040947506
test-other,3,862,132,0.0013093679323890014
test-other,3,863,168,0.0016664682775860017
test-other,3,864,82,0.0008133952307265008
test-other,3,865,23,0.00022814744276475023
test-other,3,866,96,0.000952267587192001
test-other,3,867,23,0.00022814744276475023
test-other,3,868,69,0.0006844423282942507
test-other,3,869,18,0.00017855017259850017
test-other,3,870,88,0.0008729119549260009
test-other,3,871,15,0.00014879181049875015
test-other,3,872,80,0.0007935563226600008
test-other,3,873,12,0.00011903344839900012
test-other,3,874,140,0.0013887235646550015
test-other,3,875,117,0.0011605761218902511
test-other,3,876,92,0.0009125897710590009
test-other,3,877,37,0.00036701979923025034
test-other,3,878,121,0.0012002539380232512
test-other,3,879,256,0.0025393802325120026
test-other,3,880,441,0.004374479228663255
test-other,3,881,21,0.0002083085346982502
test-other,3,882,111,0.0011010593976907511
test-other,3,883,78,0.0007737174145935007
test-other,3,884,69,0.0006844423282942507
test-other,3,885,113,0.001120898305757251
test-other,3,886,89,0.0008828314089592508
test-other,3,887,70,0.0006943617823275007
test-other,3,888,169,0.0016763877316192516
test-other,3,889,192,0.001904535174384002
test-other,3,890,99,0.000982025949291751
test-other,3,891,79,0.0007836368686267508
test-other,3,892,38,0.00037693925326350036
test-other,3,893,51,0.0005058921556957505
test-other,3,894,65,0.0006447645121612506
test-other,3,895,58,0.0005753283339285006
test-other,3,896,28,0.0002777447129310003
test-other,3,897,72,0.0007142006903940007
test-other,3,898,142,0.0014085624727215014
test-other,3,899,174,0.0017259850017855016
test-other,3,900,111,0.0011010593976907511
test-other,3,901,67,0.0006646034202277506
test-other,3,902,62,0.0006150061500615006
test-other,3,903,86,0.0008530730468595009
test-other,3,905,151,0.0014978375590207515
test-other,3,906,3,2.975836209975003e-05
test-other,3,907,76,0.0007538785065270007
test-other,3,908,107,0.001061381581557751
test-other,3,909,87,0.0008629925008927508
test-other,3,910,69,0.0006844423282942507
test-other,3,911,112,0.001110978851724001
test-other,3,912,193,0.001914454628417252
test-other,3,913,27,0.00026782525889775026
test-other,3,914,16,0.00015871126453200017
test-other,3,915,104,0.001031623219458001
test-other,3,916,53,0.0005257310637622506
test-other,3,917,99,0.000982025949291751
test-other,3,918,102,0.001011784311391501
test-other,3,919,270,0.0026782525889775025
test-other,3,921,42,0.0004166170693965004
test-other,3,922,57,0.0005654088798952506
test-other,3,923,91,0.0009026703170257509
test-other,3,924,62,0.0006150061500615006
test-other,3,925,48,0.0004761337935960005
test-other,3,926,87,0.0008629925008927508
test-other,3,927,96,0.000952267587192001
test-other,3,928,15,0.00014879181049875015
test-other,3,929,19,0.00018846962663175018
test-other,3,930,69,0.0006844423282942507
test-other,3,931,113,0.001120898305757251
test-other,3,932,10,9.91945403325001e-05
test-other,3,933,106,0.0010514621275245011
test-other,3,934,11,0.00010911399436575011
test-other,3,935,61,0.0006050866960282506
test-other,3,936,341,0.0033825338253382535
test-other,3,937,72,0.0007142006903940007
test-other,3,938,141,0.0013986430186882514
test-other,3,939,171,0.0016962266396857517
test-other,3,940,236,0.002340991151847002
test-other,3,941,59,0.0005852477879617505
test-other,3,942,95,0.0009423481331587509
test-other,3,943,111,0.0011010593976907511
test-other,3,944,97,0.000962187041225251
test-other,3,945,189,0.0018747768122842519
test-other,3,946,80,0.0007935563226600008
test-other,3,947,96,0.000952267587192001
test-other,3,948,16,0.00015871126453200017
test-other,3,949,154,0.0015275959211205016
test-other,3,950,291,0.002886561123675753
test-other,3,951,38,0.00037693925326350036
test-other,3,952,297,0.002946077847875253
test-other,3,953,46,0.00045629488552950047
test-other,3,954,44,0.00043645597746300044
test-other,3,955,173,0.0017160655477522517
test-other,3,956,105,0.001041542673491251
test-other,3,957,19,0.00018846962663175018
test-other,3,958,18,0.00017855017259850017
test-other,3,959,71,0.0007042812363607507
test-other,3,960,277,0.0027476887672102527
test-other,3,961,25,0.00024798635083125023
test-other,3,962,607,0.006021108598182756
test-other,3,963,70,0.0006943617823275007
test-other,3,964,57,0.0005654088798952506
test-other,3,965,493,0.004890290838392255
test-other,3,966,41,0.0004066976153632504
test-other,3,967,97,0.000962187041225251
test-other,3,968,77,0.0007637979605602508
test-other,3,969,265,0.0026286553188112527
test-other,3,970,236,0.002340991151847002
test-other,3,971,47,0.0004662143395627505
test-other,3,972,198,0.001964051898583502
test-other,3,973,1688,0.01674403840812602
test-other,3,974,6,5.951672419950006e-05
test-other,3,975,15,0.00014879181049875015
test-other,3,976,162,0.0016069515533865017
test-other,3,977,156,0.0015474348291870015
test-other,3,978,19,0.00018846962663175018
test-other,3,979,144,0.0014284013807880013
test-other,3,980,152,0.0015077570130540014
test-other,3,981,583,0.005783041701384756
test-other,3,982,72,0.0007142006903940007
test-other,3,983,57,0.0005654088798952506
test-other,3,984,11,0.00010911399436575011
test-other,3,985,876,0.008689441733127008
test-other,3,986,4,3.967781613300004e-05
test-other,3,987,850,0.008431535928262509
test-other,3,988,71,0.0007042812363607507
test-other,3,989,220,0.0021822798873150024
test-other,3,990,1,9.91945403325001e-06
test-other,3,992,45,0.00044637543149625045
test-other,3,993,74,0.0007340395984605007
test-other,3,994,89,0.0008828314089592508
test-other,3,995,175,0.0017359044558187518
test-other,3,996,260,0.0025790580486450025
test-other,3,997,9,8.927508629925008e-05
test-other,3,998,47,0.0004662143395627505
test-other,3,999,121,0.0012002539380232512
test-other,3,1000,79,0.0007836368686267508
test-other,3,1001,90,0.0008927508629925009
test-other,3,1002,88,0.0008729119549260009
test-other,3,1003,104,0.001031623219458001
test-other,3,1004,116,0.0011506566678570012
test-other,3,1005,305,0.003025433480141253
test-other,3,1006,77,0.0007637979605602508
test-other,3,1007,94,0.000932428679125501
test-other,3,1008,23,0.00022814744276475023
test-other,3,1009,17,0.00016863071856525018
test-other,3,1010,37,0.00036701979923025034
test-other,3,1011,55,0.0005455699718287506
test-other,3,1012,38,0.00037693925326350036
test-other,3,1013,35,0.00034718089116375037
test-other,3,1014,88,0.0008729119549260009
test-other,3,1015,131,0.0012994484783557512
test-other,3,1016,19,0.00018846962663175018
test-other,3,1017,81,0.0008034757766932508
test-other,3,1018,174,0.0017259850017855016
test-other,3,1019,443,0.004394318136729755
test-other,3,1020,161,0.0015970320993532515
test-other,3,1021,580,0.005753283339285006
test-other,3,1022,42,0.0004166170693965004
test-other,3,1023,17,0.00016863071856525018
