"RelativePath","Bytes","LastWriteTime"
"manifest.csv","0","2026-05-26 19:48:14"
"README.md","1704","2026-05-26 19:48:00"
"nas\best_seanet_config.json","425","2026-01-09 09:35:48"
"nas\artifacts\nas_records.csv","1118","2026-01-06 04:26:18"
"nas\artifacts\seanet_nas_micro_v1.db","1388544","2026-01-06 04:41:44"
"nas\artifacts\train_subset_nas.txt","1309680","2026-03-04 10:02:29"
"nas\架构搜索结果\best_audio_trial_0.wav","317520","2026-01-05 22:29:25"
"nas\架构搜索结果\best_audio_trial_1.wav","317520","2026-01-05 22:50:35"
"nas\架构搜索结果\best_audio_trial_162.wav","317520","2026-01-06 02:34:40"
"nas\架构搜索结果\best_audio_trial_2.wav","317520","2026-01-05 23:03:00"
"nas\架构搜索结果\best_audio_trial_20.wav","317520","2026-01-05 23:28:08"
"nas\架构搜索结果\best_audio_trial_24.wav","317520","2026-01-05 23:41:51"
"nas\架构搜索结果\best_audio_trial_25.wav","317520","2026-01-05 23:56:41"
"nas\架构搜索结果\best_audio_trial_29.wav","317520","2026-01-06 00:25:28"
"nas\架构搜索结果\best_audio_trial_3.wav","317520","2026-01-05 23:00:24"
"nas\架构搜索结果\best_audio_trial_34.wav","317520","2026-01-06 00:39:26"
"nas\架构搜索结果\best_audio_trial_39.wav","317520","2026-01-06 00:46:19"
"nas\架构搜索结果\best_audio_trial_44.wav","317520","2026-01-06 01:01:56"
"nas\架构搜索结果\best_audio_trial_5.wav","317520","2026-01-05 23:09:55"
"nas\架构搜索结果\best_audio_trial_52.wav","317520","2026-01-06 01:08:59"
"nas\架构搜索结果\best_audio_trial_562.wav","317520","2026-01-06 04:26:18"
"nas\架构搜索结果\best_audio_trial_6.wav","64080","2026-01-05 21:59:53"
"nas\架构搜索结果\best_audio_trial_7.wav","317520","2026-01-05 23:14:21"
"nas\架构搜索结果\best_audio_trial_8.wav","317520","2026-01-05 23:25:27"
"nas\架构搜索结果\best_spec_trial_0.png","282904","2026-01-05 22:29:25"
"nas\架构搜索结果\best_spec_trial_1.png","460945","2026-01-05 22:50:35"
"nas\架构搜索结果\best_spec_trial_162.png","488102","2026-01-06 02:34:40"
"nas\架构搜索结果\best_spec_trial_2.png","468870","2026-01-05 23:03:00"
"nas\架构搜索结果\best_spec_trial_20.png","480030","2026-01-05 23:28:08"
"nas\架构搜索结果\best_spec_trial_24.png","482845","2026-01-05 23:41:52"
"nas\架构搜索结果\best_spec_trial_25.png","487798","2026-01-05 23:56:41"
"nas\架构搜索结果\best_spec_trial_29.png","488622","2026-01-06 00:25:28"
"nas\架构搜索结果\best_spec_trial_3.png","470731","2026-01-05 23:00:24"
"nas\架构搜索结果\best_spec_trial_34.png","488041","2026-01-06 00:39:26"
"nas\架构搜索结果\best_spec_trial_39.png","487419","2026-01-06 00:46:19"
"nas\架构搜索结果\best_spec_trial_44.png","485579","2026-01-06 01:01:56"
"nas\架构搜索结果\best_spec_trial_5.png","472617","2026-01-05 23:09:55"
"nas\架构搜索结果\best_spec_trial_52.png","487162","2026-01-06 01:09:00"
"nas\架构搜索结果\best_spec_trial_562.png","487282","2026-01-06 04:26:18"
"nas\架构搜索结果\best_spec_trial_7.png","476889","2026-01-05 23:14:21"
"nas\架构搜索结果\best_spec_trial_8.png","483545","2026-01-05 23:25:27"
"notebooks\Untitled.ipynb","16795","2025-12-17 15:51:26"
"notebooks\Untitled1.ipynb","84887","2025-12-17 15:51:34"
"notebooks\Untitled2.ipynb","39263","2025-12-17 15:51:56"
"notebooks\Untitled3.ipynb","1749","2025-12-17 15:51:59"
"notebooks\Untitled4.ipynb","2194","2025-12-17 16:15:06"
"notebooks\对比wav语音差距.ipynb","117416","2025-11-21 10:32:27"
"notebooks\读取wav文件信息.ipynb","59435","2025-11-21 10:32:27"
"root\SpeechTokenizer-main.zip","1397151","2026-03-02 17:34:07"
"root\speechtokenizer_now.rar","529344152","2026-01-18 18:35:22"
"root\speechtokenizer_now.zip","1055283558","2026-01-28 11:20:49"
"root\tmp_manuscript_extract.txt","40446","2026-05-06 10:27:42"
"root\.ipynb_checkpoints\Untitled-checkpoint.ipynb","72","2025-10-30 21:51:59"
"root\.ipynb_checkpoints\Untitled4-checkpoint.ipynb","5411","2025-12-17 16:13:06"
"root\Log\spt_base\config.json","1521","2026-02-14 16:43:05"
"root\Log\spt_base\SpeechTokenizerTrainer_00112500","2124241779","2026-02-14 18:42:48"
"root\Log\spt_base\SpeechTokenizerTrainer_00115000","2124241779","2026-02-14 19:06:41"
"root\Log\spt_base\SpeechTokenizerTrainer_00117500","2124241779","2026-02-14 19:30:40"
"root\Log\spt_base\SpeechTokenizerTrainer_00120000","2124241779","2026-02-14 19:54:38"
"root\Log\spt_base\SpeechTokenizerTrainer_00122500","2124241779","2026-02-14 20:18:35"
"root\Log\spt_base\SpeechTokenizerTrainer_00125000","2124241779","2026-02-14 20:42:33"
"root\Log\spt_base\SpeechTokenizerTrainer_00127500","2124241779","2026-02-14 21:06:32"
"root\Log\spt_base\SpeechTokenizer_best_dev.pt","439937146","2026-02-14 21:06:30"
"root\Log\spt_base\logs\events.out.tfevents.1770876469.Ubuntu.240935.0","339357827","2026-02-13 06:21:05"
"root\Log\spt_base\logs\events.out.tfevents.1771038791.Ubuntu.2303133.0","88","2026-02-14 11:13:11"
"root\Log\spt_base\logs\events.out.tfevents.1771057708.Ubuntu.2325888.0","88","2026-02-14 16:28:28"
"root\Log\spt_base\logs\events.out.tfevents.1771058585.Ubuntu.9902.0","97389570","2026-02-14 21:09:43"
"root\runs\Jan04_20-22-05_Ubuntu\events.out.tfevents.1767529325.Ubuntu.3873425.0","88","2026-01-04 20:22:05"
"root\runs\Jan04_20-35-59_Ubuntu\events.out.tfevents.1767530159.Ubuntu.3875426.0","88","2026-01-04 20:35:59"
"root\runs\Jan04_20-40-36_Ubuntu\events.out.tfevents.1767530436.Ubuntu.3876205.0","88","2026-01-04 20:40:36"
"root\runs\Jan04_20-40-55_Ubuntu\events.out.tfevents.1767530455.Ubuntu.3876465.0","88","2026-01-04 20:40:55"
"root\runs\Jan04_20-46-33_Ubuntu\events.out.tfevents.1767530793.Ubuntu.3877634.0","88","2026-01-04 20:46:33"
"root\runs\Jan04_20-56-09_Ubuntu\events.out.tfevents.1767531369.Ubuntu.3879274.0","88","2026-01-04 20:56:09"
"root\SpeechTokenizer-main\SpeechTokenizer-main\example.py","2360","2025-11-30 12:36:30"
"root\SpeechTokenizer-main\SpeechTokenizer-main\LICENSE","11357","2025-11-30 12:36:30"
"root\SpeechTokenizer-main\SpeechTokenizer-main\README.md","9083","2025-11-30 12:36:30"
"root\SpeechTokenizer-main\SpeechTokenizer-main\setup.py","1530","2025-11-30 12:36:30"
"root\SpeechTokenizer-main\SpeechTokenizer-main\config\spt_base_cfg.json","1296","2025-11-30 12:36:30"
"root\SpeechTokenizer-main\SpeechTokenizer-main\images\overview.png","187662","2025-11-30 12:36:30"
"root\SpeechTokenizer-main\SpeechTokenizer-main\images\READ.me","1","2025-11-30 12:36:30"
"root\SpeechTokenizer-main\SpeechTokenizer-main\images\speechtokenizer_framework.jpg","217670","2025-11-30 12:36:30"
"root\SpeechTokenizer-main\SpeechTokenizer-main\samples\example_input.wav","317498","2025-11-30 12:36:30"
"root\SpeechTokenizer-main\SpeechTokenizer-main\scripts\hubert_rep_extract.py","3278","2025-11-30 12:36:30"
"root\SpeechTokenizer-main\SpeechTokenizer-main\scripts\hubert_rep_extract.sh","460","2025-11-30 12:36:30"
"root\SpeechTokenizer-main\SpeechTokenizer-main\scripts\train_example.py","1002","2025-11-30 12:36:30"
"root\SpeechTokenizer-main\SpeechTokenizer-main\scripts\train_example.sh","352","2025-11-30 12:36:30"
"root\SpeechTokenizer-main\SpeechTokenizer-main\speechtokenizer\discriminators.py","11151","2025-11-30 12:36:30"
"root\SpeechTokenizer-main\SpeechTokenizer-main\speechtokenizer\model.py","6392","2025-11-30 12:36:30"
"root\SpeechTokenizer-main\SpeechTokenizer-main\speechtokenizer\__init__.py","101","2025-11-30 12:36:30"
"root\SpeechTokenizer-main\SpeechTokenizer-main\speechtokenizer\modules\conv.py","10731","2025-11-30 12:36:30"
"root\SpeechTokenizer-main\SpeechTokenizer-main\speechtokenizer\modules\lstm.py","946","2025-11-30 12:36:30"
"root\SpeechTokenizer-main\SpeechTokenizer-main\speechtokenizer\modules\norm.py","843","2025-11-30 12:36:30"
"root\SpeechTokenizer-main\SpeechTokenizer-main\speechtokenizer\modules\seanet.py","13082","2025-11-30 12:36:31"
"root\SpeechTokenizer-main\SpeechTokenizer-main\speechtokenizer\modules\__init__.py","471","2025-11-30 12:36:30"
"root\SpeechTokenizer-main\SpeechTokenizer-main\speechtokenizer\quantization\ac.py","12953","2025-11-30 12:36:31"
"root\SpeechTokenizer-main\SpeechTokenizer-main\speechtokenizer\quantization\core_vq.py","13467","2025-11-30 12:36:31"
"root\SpeechTokenizer-main\SpeechTokenizer-main\speechtokenizer\quantization\distrib.py","4150","2025-11-30 12:36:31"
"root\SpeechTokenizer-main\SpeechTokenizer-main\speechtokenizer\quantization\vq.py","4393","2025-11-30 12:36:31"
"root\SpeechTokenizer-main\SpeechTokenizer-main\speechtokenizer\quantization\__init__.py","271","2025-11-30 12:36:31"
"root\SpeechTokenizer-main\SpeechTokenizer-main\speechtokenizer\trainer\dataset.py","2645","2025-11-30 12:36:31"
"root\SpeechTokenizer-main\SpeechTokenizer-main\speechtokenizer\trainer\loss.py","3368","2025-11-30 12:36:31"
"root\SpeechTokenizer-main\SpeechTokenizer-main\speechtokenizer\trainer\optimizer.py","1118","2025-11-30 12:36:31"
"root\SpeechTokenizer-main\SpeechTokenizer-main\speechtokenizer\trainer\trainer.py","19345","2025-11-30 12:36:31"
"root\SpeechTokenizer-main\SpeechTokenizer-main\speechtokenizer\trainer\__init__.py","43","2025-11-30 12:36:31"
"root\speechtokenizer_now\speechtokenizer.zip","527619468","2026-01-27 15:47:01"
"root\speechtokenizer_now\speechtokenizer\两用户通信demo\demo_recv_B_double.py","16395","2026-01-18 22:04:46"
"root\speechtokenizer_now\speechtokenizer\两用户通信demo\demo_send_A_double.py","22316","2026-01-18 22:12:59"
"root\speechtokenizer_now\speechtokenizer\两用户通信demo\requirements.txt","1882","2026-01-18 18:43:19"
"root\speechtokenizer_now\speechtokenizer\两用户通信demo\双机通信使用说明.md","5846","2026-03-04 11:08:24"
"root\speechtokenizer_now\speechtokenizer\两用户通信demo\model_hub\.gitattributes","1519","2025-10-23 15:54:08"
"root\speechtokenizer_now\speechtokenizer\两用户通信demo\model_hub\README.md","4047","2025-10-23 15:54:08"
"root\speechtokenizer_now\speechtokenizer\两用户通信demo\model_hub\.cache\huggingface\.gitignore","1","2025-10-23 15:54:06"
"root\speechtokenizer_now\speechtokenizer\两用户通信demo\model_hub\.cache\huggingface\download\.gitattributes.lock","0","2025-10-27 16:14:04"
"root\speechtokenizer_now\speechtokenizer\两用户通信demo\model_hub\.cache\huggingface\download\.gitattributes.metadata","101","2025-10-23 15:54:08"
"root\speechtokenizer_now\speechtokenizer\两用户通信demo\model_hub\.cache\huggingface\download\README.md.lock","0","2025-10-27 16:14:04"
"root\speechtokenizer_now\speechtokenizer\两用户通信demo\model_hub\.cache\huggingface\download\README.md.metadata","101","2025-10-23 15:54:08"
"root\speechtokenizer_now\speechtokenizer\两用户通信demo\model_hub\.cache\huggingface\download\images\overview.png.lock","0","2025-10-27 16:14:04"
"root\speechtokenizer_now\speechtokenizer\两用户通信demo\model_hub\.cache\huggingface\download\images\overview.png.metadata","99","2025-10-23 15:54:08"
"root\speechtokenizer_now\speechtokenizer\两用户通信demo\model_hub\.cache\huggingface\download\images\READ.me.lock","0","2025-10-27 16:14:04"
"root\speechtokenizer_now\speechtokenizer\两用户通信demo\model_hub\.cache\huggingface\download\images\READ.me.metadata","100","2025-10-23 15:54:08"
"root\speechtokenizer_now\speechtokenizer\两用户通信demo\model_hub\.cache\huggingface\download\images\speechtokenizer_framework.jpg.lock","0","2025-10-27 16:14:04"
"root\speechtokenizer_now\speechtokenizer\两用户通信demo\model_hub\.cache\huggingface\download\images\speechtokenizer_framework.jpg.metadata","101","2025-10-23 15:54:08"
"root\speechtokenizer_now\speechtokenizer\两用户通信demo\model_hub\.cache\huggingface\download\speechtokenizer_hubert_avg\config.json.lock","0","2025-10-27 16:14:04"
"root\speechtokenizer_now\speechtokenizer\两用户通信demo\model_hub\.cache\huggingface\download\speechtokenizer_hubert_avg\config.json.metadata","100","2025-10-27 15:30:12"
"root\speechtokenizer_now\speechtokenizer\两用户通信demo\model_hub\.cache\huggingface\download\speechtokenizer_hubert_avg\SpeechTokenizer.pt.lock","0","2025-10-27 16:14:04"
"root\speechtokenizer_now\speechtokenizer\两用户通信demo\model_hub\.cache\huggingface\download\speechtokenizer_hubert_avg\SpeechTokenizer.pt.metadata","125","2025-10-23 15:54:50"
"root\speechtokenizer_now\speechtokenizer\两用户通信demo\model_hub\images\overview.png","187662","2025-10-23 15:54:08"
"root\speechtokenizer_now\speechtokenizer\两用户通信demo\model_hub\images\READ.me","1","2025-10-23 15:54:06"
"root\speechtokenizer_now\speechtokenizer\两用户通信demo\model_hub\images\speechtokenizer_framework.jpg","217670","2025-10-23 15:54:08"
"root\speechtokenizer_now\speechtokenizer\两用户通信demo\model_hub\speechtokenizer_hubert_avg\config.json","906","2025-10-27 15:30:12"
"root\speechtokenizer_now\speechtokenizer\两用户通信demo\model_hub\speechtokenizer_hubert_avg\config.txt","1792","2025-10-25 11:10:46"
"root\speechtokenizer_now\speechtokenizer\两用户通信demo\model_hub\speechtokenizer_hubert_avg\model_structure_summary.csv","17251","2025-10-25 20:45:36"
"root\speechtokenizer_now\speechtokenizer\两用户通信demo\model_hub\speechtokenizer_hubert_avg\SpeechTokenizer.pt","481906997","2025-10-23 15:54:50"
"root\speechtokenizer_now\speechtokenizer\两用户通信demo\speechtokenizer\discriminators.py","13962","2026-01-18 17:09:27"
"root\speechtokenizer_now\speechtokenizer\两用户通信demo\speechtokenizer\model.py","8004","2026-01-18 17:09:27"
"root\speechtokenizer_now\speechtokenizer\两用户通信demo\speechtokenizer\__init__.py","101","2026-01-18 17:09:27"
"root\speechtokenizer_now\speechtokenizer\两用户通信demo\speechtokenizer\modules\conv.py","10731","2026-01-18 17:09:28"
"root\speechtokenizer_now\speechtokenizer\两用户通信demo\speechtokenizer\modules\lstm.py","1515","2026-01-18 17:09:28"
"root\speechtokenizer_now\speechtokenizer\两用户通信demo\speechtokenizer\modules\norm.py","843","2026-01-18 17:09:28"
"root\speechtokenizer_now\speechtokenizer\两用户通信demo\speechtokenizer\modules\seanet.py","12724","2026-01-18 17:09:28"
"root\speechtokenizer_now\speechtokenizer\两用户通信demo\speechtokenizer\modules\__init__.py","471","2026-01-18 17:09:28"
"root\speechtokenizer_now\speechtokenizer\两用户通信demo\speechtokenizer\modules\__pycache__\conv.cpython-310.pyc","9188","2026-01-18 17:09:45"
"root\speechtokenizer_now\speechtokenizer\两用户通信demo\speechtokenizer\modules\__pycache__\lstm.cpython-310.pyc","1125","2026-01-18 17:10:22"
"root\speechtokenizer_now\speechtokenizer\两用户通信demo\speechtokenizer\modules\__pycache__\norm.cpython-310.pyc","1136","2026-01-18 17:09:45"
"root\speechtokenizer_now\speechtokenizer\两用户通信demo\speechtokenizer\modules\__pycache__\seanet.cpython-310.pyc","7439","2026-01-18 17:10:22"
"root\speechtokenizer_now\speechtokenizer\两用户通信demo\speechtokenizer\modules\__pycache__\__init__.cpython-310.pyc","484","2026-01-18 17:09:45"
"root\speechtokenizer_now\speechtokenizer\两用户通信demo\speechtokenizer\quantization\ac.py","12953","2026-01-18 17:09:28"
"root\speechtokenizer_now\speechtokenizer\两用户通信demo\speechtokenizer\quantization\core_vq.py","19857","2026-01-18 17:09:28"
"root\speechtokenizer_now\speechtokenizer\两用户通信demo\speechtokenizer\quantization\distrib.py","4150","2026-01-18 17:09:28"
"root\speechtokenizer_now\speechtokenizer\两用户通信demo\speechtokenizer\quantization\vq.py","8254","2026-01-18 17:09:28"
"root\speechtokenizer_now\speechtokenizer\两用户通信demo\speechtokenizer\quantization\__init__.py","271","2026-01-18 17:09:28"
"root\speechtokenizer_now\speechtokenizer\两用户通信demo\speechtokenizer\quantization\__pycache__\core_vq.cpython-310.pyc","13321","2026-01-18 17:10:22"
"root\speechtokenizer_now\speechtokenizer\两用户通信demo\speechtokenizer\quantization\__pycache__\distrib.cpython-310.pyc","3744","2026-01-18 17:10:22"
"root\speechtokenizer_now\speechtokenizer\两用户通信demo\speechtokenizer\quantization\__pycache__\vq.cpython-310.pyc","7249","2026-01-18 17:10:22"
"root\speechtokenizer_now\speechtokenizer\两用户通信demo\speechtokenizer\quantization\__pycache__\__init__.cpython-310.pyc","233","2026-01-18 17:10:22"
"root\speechtokenizer_now\speechtokenizer\两用户通信demo\speechtokenizer\trainer\dataset.py","7704","2026-01-18 17:09:28"
"root\speechtokenizer_now\speechtokenizer\两用户通信demo\speechtokenizer\trainer\loss.py","6871","2026-01-18 17:09:28"
"root\speechtokenizer_now\speechtokenizer\两用户通信demo\speechtokenizer\trainer\optimizer.py","1118","2026-01-18 17:09:28"
"root\speechtokenizer_now\speechtokenizer\两用户通信demo\speechtokenizer\trainer\trainer.py","23763","2026-01-18 17:09:28"
"root\speechtokenizer_now\speechtokenizer\两用户通信demo\speechtokenizer\trainer\__init__.py","43","2026-01-18 17:09:28"
"root\speechtokenizer_now\speechtokenizer\两用户通信demo\speechtokenizer\trainer\__pycache__\dataset.cpython-310.pyc","4747","2026-01-18 17:11:40"
"root\speechtokenizer_now\speechtokenizer\两用户通信demo\speechtokenizer\trainer\__pycache__\loss.cpython-310.pyc","5432","2026-01-18 17:14:32"
"root\speechtokenizer_now\speechtokenizer\两用户通信demo\speechtokenizer\trainer\__pycache__\optimizer.cpython-310.pyc","1208","2026-01-18 17:11:40"
"root\speechtokenizer_now\speechtokenizer\两用户通信demo\speechtokenizer\trainer\__pycache__\trainer.cpython-310.pyc","14022","2026-01-18 17:10:22"
"root\speechtokenizer_now\speechtokenizer\两用户通信demo\speechtokenizer\trainer\__pycache__\__init__.cpython-310.pyc","206","2026-01-18 17:10:22"
"root\speechtokenizer_now\speechtokenizer\两用户通信demo\speechtokenizer\__pycache__\discriminators.cpython-310.pyc","10313","2026-01-18 17:09:28"
"root\speechtokenizer_now\speechtokenizer\两用户通信demo\speechtokenizer\__pycache__\model.cpython-310.pyc","5647","2026-01-18 17:09:45"
"root\speechtokenizer_now\speechtokenizer\两用户通信demo\speechtokenizer\__pycache__\__init__.cpython-310.pyc","269","2026-01-18 17:09:45"
"root\speechtokenizer_now\speechtokenizer\两用户通信demo\userA\46.txt","434000","2025-12-19 17:04:56"
"root\speechtokenizer_now\speechtokenizer\两用户通信demo\userA\common_config.py","462","2026-01-04 10:48:32"
"root\speechtokenizer_now\speechtokenizer\两用户通信demo\userA\encryption_utils.py","4874","2026-01-04 11:47:14"
"root\speechtokenizer_now\speechtokenizer\两用户通信demo\userA\__init__.py","0","2026-01-04 10:25:02"
"root\speechtokenizer_now\speechtokenizer\两用户通信demo\userB\46.txt","434000","2025-12-19 17:04:56"
"root\speechtokenizer_now\speechtokenizer\两用户通信demo\userB\common_config.py","460","2026-01-04 10:48:30"
"root\speechtokenizer_now\speechtokenizer\两用户通信demo\userB\encryption_utils.py","4874","2026-01-04 12:10:12"
"root\speechtokenizer_now\speechtokenizer\两用户通信demo\userB\__init__.py","0","2026-01-04 10:25:14"
"root\speechtokenizer_now\speechtokenizer\两用户通信demo\__pycache__\demo_recv_B_double.cpython-313.pyc","16011","2026-03-04 10:55:49"
"root\speechtokenizer_now\speechtokenizer\两用户通信demo\__pycache__\demo_send_A_double.cpython-313.pyc","13723","2026-03-04 10:55:49"
"root\speechtokenizer_now\speechtokenizer\废代码文件夹\common_config.py","462","2026-01-18 16:51:59"
"root\speechtokenizer_now\speechtokenizer\废代码文件夹\demo_duplex.py","16507","2026-01-18 17:28:18"
"root\speechtokenizer_now\speechtokenizer\废代码文件夹\demo_duplex_1.py","5198","2026-01-18 16:51:40"
"root\speechtokenizer_now\speechtokenizer\废代码文件夹\demo_recv_B.py","16215","2026-01-18 16:51:55"
"root\speechtokenizer_now\speechtokenizer\废代码文件夹\demo_send_A.py","22154","2026-01-18 16:51:49"
"root\speechtokenizer_now\speechtokenizer\废代码文件夹\encryption_utils.py","4874","2026-01-18 16:52:05"
"root\speechtokenizer_now\speechtokenizer\废代码文件夹\A_tmp_send\d75b7fb0b9d24cd88731928d71fa90f3.npz","64264","2026-01-04 10:45:02"
"root\speechtokenizer_now\speechtokenizer\废代码文件夹\B_tmp_send\4cf9d33e2ca348b2ae68059b3097e47f.npz","64264","2026-01-04 10:45:02"
"root\speechtokenizer_now\speechtokenizer\废代码文件夹\train_images\bacterial_leaf_blight\100023.jpg","92309","2022-08-22 11:32:40"
"root\speechtokenizer_now\speechtokenizer\废代码文件夹\train_images\bacterial_leaf_blight\100049.jpg","88561","2022-08-22 11:32:40"
"root\speechtokenizer_now\speechtokenizer\废代码文件夹\train_images\bacterial_leaf_blight\100126.jpg","83527","2022-08-22 11:32:40"
"root\speechtokenizer_now\speechtokenizer\废代码文件夹\train_images\bacterial_leaf_blight\100133.jpg","79964","2022-08-22 11:32:40"
"root\speechtokenizer_now\speechtokenizer\废代码文件夹\train_images\bacterial_leaf_blight\100148.jpg","79690","2022-08-22 11:32:40"
"root\speechtokenizer_now\speechtokenizer\废代码文件夹\train_images\bacterial_leaf_blight\100162.jpg","80111","2022-08-22 11:32:42"
"root\speechtokenizer_now\speechtokenizer\废代码文件夹\train_images\bacterial_leaf_blight\100169.jpg","99360","2022-08-22 11:32:42"
"root\speechtokenizer_now\speechtokenizer\废代码文件夹\train_images\bacterial_leaf_blight\100234.jpg","92538","2022-08-22 11:32:42"
"root\speechtokenizer_now\speechtokenizer\废代码文件夹\train_images\bacterial_leaf_blight\100248.jpg","82009","2022-08-22 11:32:42"
"root\speechtokenizer_now\speechtokenizer\废代码文件夹\train_images\bacterial_leaf_blight\100268.jpg","85698","2022-08-22 11:32:42"
"root\speechtokenizer_now\speechtokenizer\废代码文件夹\train_images\bacterial_leaf_blight\100289.jpg","87369","2022-08-22 11:32:42"
"root\speechtokenizer_now\speechtokenizer\废代码文件夹\train_images\bacterial_leaf_blight\100330.jpg","67533","2022-08-22 11:32:42"
"root\speechtokenizer_now\speechtokenizer\废代码文件夹\train_images\bacterial_leaf_blight\100365.jpg","72725","2022-08-22 11:32:42"
"root\speechtokenizer_now\speechtokenizer\废代码文件夹\train_images\bacterial_leaf_blight\100382.jpg","77221","2022-08-22 11:32:42"
"root\speechtokenizer_now\speechtokenizer\废代码文件夹\train_images\bacterial_leaf_blight\100445.jpg","84928","2022-08-22 11:32:42"
"root\speechtokenizer_now\speechtokenizer\废代码文件夹\train_images\bacterial_leaf_blight\100447.jpg","95748","2022-08-22 11:32:42"
"root\speechtokenizer_now\speechtokenizer\废代码文件夹\train_images\bacterial_leaf_blight\100513.jpg","99360","2022-08-22 11:32:42"
"root\speechtokenizer_now\speechtokenizer\废代码文件夹\train_images\bacterial_leaf_blight\100516.jpg","81520","2022-08-22 11:32:42"
"root\speechtokenizer_now\speechtokenizer\废代码文件夹\train_images\bacterial_leaf_blight\100523.jpg","93157","2022-08-22 11:32:42"
"root\speechtokenizer_now\speechtokenizer\废代码文件夹\train_images\bacterial_leaf_blight\100541.jpg","80334","2022-08-22 11:32:42"
"root\speechtokenizer_now\speechtokenizer\废代码文件夹\train_images\bacterial_leaf_blight\100542.jpg","98958","2022-08-22 11:32:42"
"root\speechtokenizer_now\speechtokenizer\废代码文件夹\train_images\bacterial_leaf_blight\100548.jpg","86400","2022-08-22 11:32:42"
"root\speechtokenizer_now\speechtokenizer\废代码文件夹\train_images\bacterial_leaf_blight\100582.jpg","84663","2022-08-22 11:32:42"
"root\speechtokenizer_now\speechtokenizer\废代码文件夹\train_images\bacterial_leaf_blight\100622.jpg","87180","2022-08-22 11:32:42"
"root\speechtokenizer_now\speechtokenizer\废代码文件夹\train_images\bacterial_leaf_blight\100623.jpg","83874","2022-08-22 11:32:42"
"root\speechtokenizer_now\speechtokenizer\废代码文件夹\train_images\bacterial_leaf_blight\100632.jpg","76496","2022-08-22 11:32:42"
"root\speechtokenizer_now\speechtokenizer\废代码文件夹\train_images\bacterial_leaf_blight\100635.jpg","95747","2022-08-22 11:32:42"
"root\speechtokenizer_now\speechtokenizer\废代码文件夹\train_images\bacterial_leaf_blight\100649.jpg","101395","2022-08-22 11:32:42"
"root\speechtokenizer_now\speechtokenizer\废代码文件夹\train_images\bacterial_leaf_blight\100653.jpg","80736","2022-08-22 11:32:42"
"root\speechtokenizer_now\speechtokenizer\废代码文件夹\train_images\bacterial_leaf_blight\100681.jpg","81742","2022-08-22 11:32:42"
"root\speechtokenizer_now\speechtokenizer\废代码文件夹\train_images\bacterial_leaf_blight\100709.jpg","78582","2022-08-22 11:32:42"
"root\speechtokenizer_now\speechtokenizer\废代码文件夹\train_images\bacterial_leaf_blight\100733.jpg","100119","2022-08-22 11:32:42"
"root\speechtokenizer_now\speechtokenizer\废代码文件夹\train_images\bacterial_leaf_blight\100760.jpg","81158","2022-08-22 11:32:42"
"root\speechtokenizer_now\speechtokenizer\废代码文件夹\train_images\bacterial_leaf_blight\100795.jpg","88635","2022-08-22 11:32:42"
"root\speechtokenizer_now\speechtokenizer\废代码文件夹\train_images\bacterial_leaf_blight\100883.jpg","98834","2022-08-22 11:32:42"
"root\speechtokenizer_now\speechtokenizer\废代码文件夹\train_images\bacterial_leaf_blight\100925.jpg","78788","2022-08-22 11:32:42"
"root\speechtokenizer_now\speechtokenizer\废代码文件夹\train_images\bacterial_leaf_blight\100956.jpg","82315","2022-08-22 11:32:42"
"root\speechtokenizer_now\speechtokenizer\废代码文件夹\train_images\bacterial_leaf_blight\100967.jpg","79691","2022-08-22 11:32:42"
"root\speechtokenizer_now\speechtokenizer\废代码文件夹\train_images\bacterial_leaf_blight\100982.jpg","102645","2022-08-22 11:32:42"
"root\speechtokenizer_now\speechtokenizer\废代码文件夹\train_images\bacterial_leaf_blight\100998.jpg","85225","2022-08-22 11:32:42"
"root\speechtokenizer_now\speechtokenizer\废代码文件夹\train_images\bacterial_leaf_blight\101004.jpg","85978","2022-08-22 11:32:42"
"root\speechtokenizer_now\speechtokenizer\废代码文件夹\train_images\bacterial_leaf_blight\101013.jpg","81292","2022-08-22 11:32:42"
"root\speechtokenizer_now\speechtokenizer\废代码文件夹\train_images\bacterial_leaf_blight\101169.jpg","94634","2022-08-22 11:32:42"
"root\speechtokenizer_now\speechtokenizer\废代码文件夹\train_images\bacterial_leaf_blight\101173.jpg","109612","2022-08-22 11:32:42"
"root\speechtokenizer_now\speechtokenizer\废代码文件夹\train_images\bacterial_leaf_blight\101176.jpg","89635","2022-08-22 11:32:42"
"root\speechtokenizer_now\speechtokenizer\废代码文件夹\train_images\bacterial_leaf_blight\101187.jpg","81621","2022-08-22 11:32:42"
"root\speechtokenizer_now\speechtokenizer\废代码文件夹\train_images\bacterial_leaf_blight\101198.jpg","96161","2022-08-22 11:32:42"
"root\speechtokenizer_now\speechtokenizer\废代码文件夹\train_images\bacterial_leaf_blight\101229.jpg","104102","2022-08-22 11:32:42"
"root\speechtokenizer_now\speechtokenizer\废代码文件夹\train_images\bacterial_leaf_blight\101355.jpg","81288","2022-08-22 11:32:42"
"root\speechtokenizer_now\speechtokenizer\废代码文件夹\train_images\bacterial_leaf_blight\101391.jpg","78613","2022-08-22 11:32:42"
"root\speechtokenizer_now\speechtokenizer\废代码文件夹\train_images\bacterial_leaf_blight\101394.jpg","89678","2022-08-22 11:32:42"
"root\speechtokenizer_now\speechtokenizer\废代码文件夹\train_images\bacterial_leaf_blight\101406.jpg","86874","2022-08-22 11:32:42"
"root\speechtokenizer_now\speechtokenizer\废代码文件夹\train_images\bacterial_leaf_blight\101420.jpg","59524","2022-08-22 11:32:42"
"root\speechtokenizer_now\speechtokenizer\废代码文件夹\train_images\bacterial_leaf_blight\101425.jpg","85587","2022-08-22 11:32:42"
"root\speechtokenizer_now\speechtokenizer\废代码文件夹\train_images\bacterial_leaf_blight\101428.jpg","85440","2022-08-22 11:32:42"
"root\speechtokenizer_now\speechtokenizer\废代码文件夹\train_images\bacterial_leaf_blight\101467.jpg","59872","2022-08-22 11:32:42"
"root\speechtokenizer_now\speechtokenizer\废代码文件夹\train_images\bacterial_leaf_blight\101469.jpg","93097","2022-08-22 11:32:42"
"root\speechtokenizer_now\speechtokenizer\废代码文件夹\train_images\bacterial_leaf_blight\101473.jpg","91459","2022-08-22 11:32:42"
"root\speechtokenizer_now\speechtokenizer\废代码文件夹\train_images\bacterial_leaf_blight\101485.jpg","77413","2022-08-22 11:32:42"
"root\speechtokenizer_now\speechtokenizer\废代码文件夹\train_images\bacterial_leaf_blight\101516.jpg","68257","2022-08-22 11:32:42"
"root\speechtokenizer_now\speechtokenizer\废代码文件夹\train_images\bacterial_leaf_blight\101530.jpg","81379","2022-08-22 11:32:42"
"root\speechtokenizer_now\speechtokenizer\废代码文件夹\train_images\bacterial_leaf_blight\101544.jpg","79240","2022-08-22 11:32:42"
"root\speechtokenizer_now\speechtokenizer\废代码文件夹\train_images\bacterial_leaf_blight\101553.jpg","82223","2022-08-22 11:32:42"
"root\speechtokenizer_now\speechtokenizer\废代码文件夹\train_images\bacterial_leaf_blight\101593.jpg","60306","2022-08-22 11:32:42"
"root\speechtokenizer_now\speechtokenizer\废代码文件夹\train_images\bacterial_leaf_blight\101638.jpg","93256","2022-08-22 11:32:42"
"root\speechtokenizer_now\speechtokenizer\废代码文件夹\train_images\bacterial_leaf_blight\101647.jpg","103117","2022-08-22 11:32:42"
"root\speechtokenizer_now\speechtokenizer\废代码文件夹\train_images\bacterial_leaf_blight\101649.jpg","71709","2022-08-22 11:32:42"
"root\speechtokenizer_now\speechtokenizer\废代码文件夹\train_images\bacterial_leaf_blight\101652.jpg","60648","2022-08-22 11:32:42"
"root\speechtokenizer_now\speechtokenizer\废代码文件夹\train_images\bacterial_leaf_blight\101658.jpg","92310","2022-08-22 11:32:42"
"root\speechtokenizer_now\speechtokenizer\废代码文件夹\train_images\bacterial_leaf_blight\101659.jpg","103501","2022-08-22 11:32:42"
"root\speechtokenizer_now\speechtokenizer\废代码文件夹\train_images\bacterial_leaf_blight\101676.jpg","82128","2022-08-22 11:32:42"
"root\speechtokenizer_now\speechtokenizer\废代码文件夹\train_images\bacterial_leaf_blight\101702.jpg","98020","2022-08-22 11:32:42"
"root\speechtokenizer_now\speechtokenizer\废代码文件夹\train_images\bacterial_leaf_blight\101718.jpg","96373","2022-08-22 11:32:42"
"root\speechtokenizer_now\speechtokenizer\废代码文件夹\train_images\bacterial_leaf_blight\101731.jpg","96320","2022-08-22 11:32:42"
"root\speechtokenizer_now\speechtokenizer\废代码文件夹\train_images\bacterial_leaf_blight\101761.jpg","77820","2022-08-22 11:32:42"
"root\speechtokenizer_now\speechtokenizer\废代码文件夹\train_images\bacterial_leaf_blight\101767.jpg","79557","2022-08-22 11:32:42"
"root\speechtokenizer_now\speechtokenizer\废代码文件夹\train_images\bacterial_leaf_blight\101768.jpg","79662","2022-08-22 11:32:42"
"root\speechtokenizer_now\speechtokenizer\废代码文件夹\train_images\bacterial_leaf_blight\101780.jpg","77762","2022-08-22 11:32:42"
"root\speechtokenizer_now\speechtokenizer\废代码文件夹\train_images\bacterial_leaf_blight\101798.jpg","80881","2022-08-22 11:32:42"
"root\speechtokenizer_now\speechtokenizer\废代码文件夹\train_images\bacterial_leaf_blight\101800.jpg","89751","2022-08-22 11:32:42"
"root\speechtokenizer_now\speechtokenizer\废代码文件夹\train_images\bacterial_leaf_blight\101805.jpg","85295","2022-08-22 11:32:42"
"root\speechtokenizer_now\speechtokenizer\废代码文件夹\train_images\bacterial_leaf_blight\101809.jpg","81984","2022-08-22 11:32:42"
"root\speechtokenizer_now\speechtokenizer\废代码文件夹\train_images\bacterial_leaf_blight\101812.jpg","85446","2022-08-22 11:32:42"
"root\speechtokenizer_now\speechtokenizer\废代码文件夹\train_images\bacterial_leaf_blight\101818.jpg","103432","2022-08-22 11:32:42"
"root\speechtokenizer_now\speechtokenizer\废代码文件夹\train_images\bacterial_leaf_blight\101849.jpg","77888","2022-08-22 11:32:42"
"root\speechtokenizer_now\speechtokenizer\废代码文件夹\train_images\bacterial_leaf_blight\101857.jpg","81680","2022-08-22 11:32:42"
"root\speechtokenizer_now\speechtokenizer\废代码文件夹\train_images\bacterial_leaf_blight\101886.jpg","103322","2022-08-22 11:32:42"
"root\speechtokenizer_now\speechtokenizer\废代码文件夹\train_images\bacterial_leaf_blight\101888.jpg","78617","2022-08-22 11:32:42"
"root\speechtokenizer_now\speechtokenizer\废代码文件夹\train_images\bacterial_leaf_blight\101918.jpg","69194","2022-08-22 11:32:42"
"root\speechtokenizer_now\speechtokenizer\废代码文件夹\train_images\bacterial_leaf_blight\101930.jpg","45352","2022-08-22 11:32:42"
"root\speechtokenizer_now\speechtokenizer\废代码文件夹\train_images\bacterial_leaf_blight\101933.jpg","81563","2022-08-22 11:32:42"
"root\speechtokenizer_now\speechtokenizer\废代码文件夹\train_images\bacterial_leaf_blight\101938.jpg","101054","2022-08-22 11:32:42"
"root\speechtokenizer_now\speechtokenizer\废代码文件夹\train_images\bacterial_leaf_blight\101973.jpg","84705","2022-08-22 11:32:42"
"root\speechtokenizer_now\speechtokenizer\废代码文件夹\train_images\bacterial_leaf_blight\101979.jpg","88584","2022-08-22 11:32:42"
"root\speechtokenizer_now\speechtokenizer\废代码文件夹\train_images\bacterial_leaf_blight\101995.jpg","91551","2022-08-22 11:32:42"
"root\speechtokenizer_now\speechtokenizer\废代码文件夹\train_images\bacterial_leaf_blight\102038.jpg","82535","2022-08-22 11:32:42"
"root\speechtokenizer_now\speechtokenizer\废代码文件夹\train_images\bacterial_leaf_blight\102062.jpg","61867","2022-08-22 11:32:42"
"root\speechtokenizer_now\speechtokenizer\废代码文件夹\train_images\bacterial_leaf_blight\102071.jpg","101784","2022-08-22 11:32:42"
"root\speechtokenizer_now\speechtokenizer\废代码文件夹\train_images\bacterial_leaf_blight\102106.jpg","81621","2022-08-22 11:32:42"
"root\speechtokenizer_now\speechtokenizer\废代码文件夹\train_images\bacterial_leaf_blight\102117.jpg","95646","2022-08-22 11:32:42"
"root\speechtokenizer_now\speechtokenizer\废代码文件夹\train_images\bacterial_leaf_blight\102119.jpg","47915","2022-08-22 11:32:42"
"root\speechtokenizer_now\speechtokenizer\废代码文件夹\train_images\bacterial_leaf_blight\102127.jpg","100853","2022-08-22 11:32:42"
"root\speechtokenizer_now\speechtokenizer\废代码文件夹\train_images\bacterial_leaf_blight\102128.jpg","84222","2022-08-22 11:32:42"
"root\speechtokenizer_now\speechtokenizer\废代码文件夹\train_images\bacterial_leaf_blight\102130.jpg","59235","2022-08-22 11:32:42"
"root\speechtokenizer_now\speechtokenizer\废代码文件夹\train_images\bacterial_leaf_blight\102166.jpg","96726","2022-08-22 11:32:42"
"root\speechtokenizer_now\speechtokenizer\废代码文件夹\train_images\bacterial_leaf_blight\102167.jpg","97165","2022-08-22 11:32:42"
"root\speechtokenizer_now\speechtokenizer\废代码文件夹\train_images\bacterial_leaf_blight\102190.jpg","111841","2022-08-22 11:32:42"
"root\speechtokenizer_now\speechtokenizer\废代码文件夹\train_images\bacterial_leaf_blight\102206.jpg","79107","2022-08-22 11:32:42"
"root\speechtokenizer_now\speechtokenizer\废代码文件夹\train_images\bacterial_leaf_blight\102238.jpg","101697","2022-08-22 11:32:42"
"root\speechtokenizer_now\speechtokenizer\废代码文件夹\train_images\bacterial_leaf_blight\102259.jpg","85646","2022-08-22 11:32:42"
"root\speechtokenizer_now\speechtokenizer\废代码文件夹\train_images\bacterial_leaf_blight\102314.jpg","103743","2022-08-22 11:32:42"
"root\speechtokenizer_now\speechtokenizer\废代码文件夹\train_images\bacterial_leaf_blight\102323.jpg","66701","2022-08-22 11:32:42"
"root\speechtokenizer_now\speechtokenizer\废代码文件夹\train_images\bacterial_leaf_blight\102338.jpg","83211","2022-08-22 11:32:42"
"root\speechtokenizer_now\speechtokenizer\废代码文件夹\train_images\bacterial_leaf_blight\102353.jpg","77603","2022-08-22 11:32:42"
"root\speechtokenizer_now\speechtokenizer\废代码文件夹\train_images\bacterial_leaf_blight\102420.jpg","91492","2022-08-22 11:32:42"
"root\speechtokenizer_now\speechtokenizer\废代码文件夹\train_images\bacterial_leaf_blight\102427.jpg","80545","2022-08-22 11:32:42"
"root\speechtokenizer_now\speechtokenizer\废代码文件夹\train_images\bacterial_leaf_blight\102475.jpg","87677","2022-08-22 11:32:42"
"root\speechtokenizer_now\speechtokenizer\废代码文件夹\train_images\bacterial_leaf_blight\102488.jpg","92061","2022-08-22 11:32:42"
"root\speechtokenizer_now\speechtokenizer\废代码文件夹\train_images\bacterial_leaf_blight\102516.jpg","87941","2022-08-22 11:32:42"
"root\speechtokenizer_now\speechtokenizer\废代码文件夹\train_images\bacterial_leaf_blight\102544.jpg","90392","2022-08-22 11:32:42"
"root\speechtokenizer_now\speechtokenizer\废代码文件夹\train_images\bacterial_leaf_blight\102555.jpg","90579","2022-08-22 11:32:42"
"root\speechtokenizer_now\speechtokenizer\废代码文件夹\train_images\bacterial_leaf_blight\102560.jpg","92113","2022-08-22 11:32:42"
"root\speechtokenizer_now\speechtokenizer\废代码文件夹\train_images\bacterial_leaf_blight\102582.jpg","77925","2022-08-22 11:32:42"
"root\speechtokenizer_now\speechtokenizer\废代码文件夹\train_images\bacterial_leaf_blight\102617.jpg","80174","2022-08-22 11:32:42"
"root\speechtokenizer_now\speechtokenizer\废代码文件夹\train_images\bacterial_leaf_blight\102639.jpg","72447","2022-08-22 11:32:42"
"root\speechtokenizer_now\speechtokenizer\废代码文件夹\train_images\bacterial_leaf_blight\102648.jpg","73211","2022-08-22 11:32:42"
"root\speechtokenizer_now\speechtokenizer\废代码文件夹\train_images\bacterial_leaf_blight\102659.jpg","53846","2022-08-22 11:32:42"
"root\speechtokenizer_now\speechtokenizer\废代码文件夹\train_images\bacterial_leaf_blight\102667.jpg","54775","2022-08-22 11:32:42"
"root\speechtokenizer_now\speechtokenizer\废代码文件夹\train_images\bacterial_leaf_blight\102726.jpg","80456","2022-08-22 11:32:42"
"root\speechtokenizer_now\speechtokenizer\废代码文件夹\train_images\bacterial_leaf_blight\102738.jpg","86520","2022-08-22 11:32:42"
"root\speechtokenizer_now\speechtokenizer\废代码文件夹\train_images\bacterial_leaf_blight\102773.jpg","96728","2022-08-22 11:32:42"
"root\speechtokenizer_now\speechtokenizer\废代码文件夹\train_images\bacterial_leaf_blight\102817.jpg","71568","2022-08-22 11:32:42"
"root\speechtokenizer_now\speechtokenizer\废代码文件夹\train_images\bacterial_leaf_blight\102835.jpg","93522","2022-08-22 11:32:42"
"root\speechtokenizer_now\speechtokenizer\废代码文件夹\train_images\bacterial_leaf_blight\102841.jpg","43443","2022-08-22 11:32:42"
"root\speechtokenizer_now\speechtokenizer\废代码文件夹\train_images\bacterial_leaf_blight\102848.jpg","58032","2022-08-22 11:32:42"
"root\speechtokenizer_now\speechtokenizer\废代码文件夹\train_images\bacterial_leaf_blight\102890.jpg","72278","2022-08-22 11:32:42"
"root\speechtokenizer_now\speechtokenizer\废代码文件夹\train_images\bacterial_leaf_blight\102902.jpg","85392","2022-08-22 11:32:42"
"root\speechtokenizer_now\speechtokenizer\废代码文件夹\train_images\bacterial_leaf_blight\102935.jpg","85098","2022-08-22 11:32:42"
"root\speechtokenizer_now\speechtokenizer\废代码文件夹\train_images\bacterial_leaf_blight\102940.jpg","79975","2022-08-22 11:32:42"
"root\speechtokenizer_now\speechtokenizer\废代码文件夹\train_images\bacterial_leaf_blight\102981.jpg","85775","2022-08-22 11:32:42"
"root\speechtokenizer_now\speechtokenizer\废代码文件夹\train_images\bacterial_leaf_blight\103032.jpg","79964","2022-08-22 11:32:42"
"root\speechtokenizer_now\speechtokenizer\废代码文件夹\train_images\bacterial_leaf_blight\103033.jpg","103517","2022-08-22 11:32:42"
"root\speechtokenizer_now\speechtokenizer\废代码文件夹\train_images\bacterial_leaf_blight\103048.jpg","82983","2022-08-22 11:32:42"
"root\speechtokenizer_now\speechtokenizer\废代码文件夹\train_images\bacterial_leaf_blight\103051.jpg","64087","2022-08-22 11:32:42"
"root\speechtokenizer_now\speechtokenizer\废代码文件夹\train_images\bacterial_leaf_blight\103056.jpg","76746","2022-08-22 11:32:42"
"root\speechtokenizer_now\speechtokenizer\废代码文件夹\train_images\bacterial_leaf_blight\103070.jpg","79192","2022-08-22 11:32:42"
"root\speechtokenizer_now\speechtokenizer\废代码文件夹\train_images\bacterial_leaf_blight\103097.jpg","48188","2022-08-22 11:32:42"
"root\speechtokenizer_now\speechtokenizer\废代码文件夹\train_images\bacterial_leaf_blight\103107.jpg","81092","2022-08-22 11:32:42"
"root\speechtokenizer_now\speechtokenizer\废代码文件夹\train_images\bacterial_leaf_blight\103127.jpg","71650","2022-08-22 11:32:42"
"root\speechtokenizer_now\speechtokenizer\废代码文件夹\train_images\bacterial_leaf_blight\103169.jpg","94203","2022-08-22 11:32:42"
"root\speechtokenizer_now\speechtokenizer\废代码文件夹\train_images\bacterial_leaf_blight\103174.jpg","99375","2022-08-22 11:32:42"
"root\speechtokenizer_now\speechtokenizer\废代码文件夹\train_images\bacterial_leaf_blight\103177.jpg","85000","2022-08-22 11:32:42"
"root\speechtokenizer_now\speechtokenizer\废代码文件夹\train_images\bacterial_leaf_blight\103187.jpg","103200","2022-08-22 11:32:42"
"root\speechtokenizer_now\speechtokenizer\废代码文件夹\train_images\bacterial_leaf_blight\103205.jpg","79914","2022-08-22 11:32:42"
"root\speechtokenizer_now\speechtokenizer\废代码文件夹\train_images\bacterial_leaf_blight\103230.jpg","80014","2022-08-22 11:32:42"
"root\speechtokenizer_now\speechtokenizer\废代码文件夹\train_images\bacterial_leaf_blight\103276.jpg","81300","2022-08-22 11:32:42"
"root\speechtokenizer_now\speechtokenizer\废代码文件夹\train_images\bacterial_leaf_blight\103313.jpg","95992","2022-08-22 11:32:42"
"root\speechtokenizer_now\speechtokenizer\废代码文件夹\train_images\bacterial_leaf_blight\103319.jpg","98717","2022-08-22 11:32:42"
"root\speechtokenizer_now\speechtokenizer\废代码文件夹\train_images\bacterial_leaf_blight\103323.jpg","44921","2022-08-22 11:32:42"
"root\speechtokenizer_now\speechtokenizer\废代码文件夹\train_images\bacterial_leaf_blight\103344.jpg","76392","2022-08-22 11:32:42"
"root\speechtokenizer_now\speechtokenizer\废代码文件夹\train_images\bacterial_leaf_blight\103355.jpg","86354","2022-08-22 11:32:42"
"root\speechtokenizer_now\speechtokenizer\废代码文件夹\train_images\bacterial_leaf_blight\103357.jpg","84456","2022-08-22 11:32:42"
"root\speechtokenizer_now\speechtokenizer\废代码文件夹\train_images\bacterial_leaf_blight\103380.jpg","101176","2022-08-22 11:32:42"
"root\speechtokenizer_now\speechtokenizer\废代码文件夹\train_images\bacterial_leaf_blight\103389.jpg","95389","2022-08-22 11:32:42"
"root\speechtokenizer_now\speechtokenizer\废代码文件夹\train_images\bacterial_leaf_blight\103392.jpg","73197","2022-08-22 11:32:42"
"root\speechtokenizer_now\speechtokenizer\废代码文件夹\train_images\bacterial_leaf_blight\103435.jpg","55291","2022-08-22 11:32:42"
"root\speechtokenizer_now\speechtokenizer\废代码文件夹\train_images\bacterial_leaf_blight\103447.jpg","89793","2022-08-22 11:32:42"
"root\speechtokenizer_now\speechtokenizer\废代码文件夹\train_images\bacterial_leaf_blight\103458.jpg","79948","2022-08-22 11:32:42"
"root\speechtokenizer_now\speechtokenizer\废代码文件夹\train_images\bacterial_leaf_blight\103487.jpg","101345","2022-08-22 11:32:42"
"root\speechtokenizer_now\speechtokenizer\废代码文件夹\train_images\bacterial_leaf_blight\103500.jpg","76542","2022-08-22 11:32:42"
"root\speechtokenizer_now\speechtokenizer\废代码文件夹\train_images\bacterial_leaf_blight\103552.jpg","96046","2022-08-22 11:32:42"
"root\speechtokenizer_now\speechtokenizer\废代码文件夹\train_images\bacterial_leaf_blight\103606.jpg","89340","2022-08-22 11:32:42"
"root\speechtokenizer_now\speechtokenizer\废代码文件夹\train_images\bacterial_leaf_blight\103615.jpg","94739","2022-08-22 11:32:42"
"root\speechtokenizer_now\speechtokenizer\废代码文件夹\train_images\bacterial_leaf_blight\103629.jpg","102120","2022-08-22 11:32:42"
"root\speechtokenizer_now\speechtokenizer\废代码文件夹\train_images\bacterial_leaf_blight\103637.jpg","98673","2022-08-22 11:32:42"
"root\speechtokenizer_now\speechtokenizer\废代码文件夹\train_images\bacterial_leaf_blight\103679.jpg","79014","2022-08-22 11:32:42"
"root\speechtokenizer_now\speechtokenizer\废代码文件夹\train_images\bacterial_leaf_blight\103686.jpg","53588","2022-08-22 11:32:42"
"root\speechtokenizer_now\speechtokenizer\废代码文件夹\train_images\bacterial_leaf_blight\103702.jpg","70541","2022-08-22 11:32:42"
"root\speechtokenizer_now\speechtokenizer\废代码文件夹\train_images\bacterial_leaf_blight\103734.jpg","89589","2022-08-22 11:32:42"
"root\speechtokenizer_now\speechtokenizer\废代码文件夹\train_images\bacterial_leaf_blight\103839.jpg","86371","2022-08-22 11:32:42"
"root\speechtokenizer_now\speechtokenizer\废代码文件夹\train_images\bacterial_leaf_blight\103920.jpg","48506","2022-08-22 11:32:42"
"root\speechtokenizer_now\speechtokenizer\废代码文件夹\train_images\bacterial_leaf_blight\103923.jpg","104045","2022-08-22 11:32:42"
"root\speechtokenizer_now\speechtokenizer\废代码文件夹\train_images\bacterial_leaf_blight\104017.jpg","87109","2022-08-22 11:32:42"
"root\speechtokenizer_now\speechtokenizer\废代码文件夹\train_images\bacterial_leaf_blight\104018.jpg","84776","2022-08-22 11:32:42"
"root\speechtokenizer_now\speechtokenizer\废代码文件夹\train_images\bacterial_leaf_blight\104053.jpg","60758","2022-08-22 11:32:42"
"root\speechtokenizer_now\speechtokenizer\废代码文件夹\train_images\bacterial_leaf_blight\104055.jpg","93583","2022-08-22 11:32:42"
"root\speechtokenizer_now\speechtokenizer\废代码文件夹\train_images\bacterial_leaf_blight\104086.jpg","54639","2022-08-22 11:32:42"
"root\speechtokenizer_now\speechtokenizer\废代码文件夹\train_images\bacterial_leaf_blight\104092.jpg","89170","2022-08-22 11:32:42"
"root\speechtokenizer_now\speechtokenizer\废代码文件夹\train_images\bacterial_leaf_blight\104106.jpg","89835","2022-08-22 11:32:42"
"root\speechtokenizer_now\speechtokenizer\废代码文件夹\train_images\bacterial_leaf_blight\104108.jpg","50182","2022-08-22 11:32:42"
"root\speechtokenizer_now\speechtokenizer\废代码文件夹\train_images\bacterial_leaf_blight\104110.jpg","66228","2022-08-22 11:32:42"
"root\speechtokenizer_now\speechtokenizer\废代码文件夹\train_images\bacterial_leaf_blight\104175.jpg","92173","2022-08-22 11:32:42"
"root\speechtokenizer_now\speechtokenizer\废代码文件夹\train_images\bacterial_leaf_blight\104255.jpg","72757","2022-08-22 11:32:42"
"root\speechtokenizer_now\speechtokenizer\废代码文件夹\train_images\bacterial_leaf_blight\104271.jpg","86442","2022-08-22 11:32:42"
"root\speechtokenizer_now\speechtokenizer\废代码文件夹\train_images\bacterial_leaf_blight\104273.jpg","87483","2022-08-22 11:32:42"
"root\speechtokenizer_now\speechtokenizer\废代码文件夹\train_images\bacterial_leaf_blight\104316.jpg","89117","2022-08-22 11:32:42"
"root\speechtokenizer_now\speechtokenizer\废代码文件夹\train_images\bacterial_leaf_blight\104324.jpg","82702","2022-08-22 11:32:42"
"root\speechtokenizer_now\speechtokenizer\废代码文件夹\train_images\bacterial_leaf_blight\104347.jpg","78498","2022-08-22 11:32:42"
"root\speechtokenizer_now\speechtokenizer\废代码文件夹\train_images\bacterial_leaf_blight\104361.jpg","94863","2022-08-22 11:32:42"
"root\speechtokenizer_now\speechtokenizer\废代码文件夹\train_images\bacterial_leaf_blight\104401.jpg","93084","2022-08-22 11:32:42"
"root\speechtokenizer_now\speechtokenizer\废代码文件夹\train_images\bacterial_leaf_blight\104428.jpg","82772","2022-08-22 11:32:42"
"root\speechtokenizer_now\speechtokenizer\废代码文件夹\train_images\bacterial_leaf_blight\104430.jpg","86924","2022-08-22 11:32:42"
"root\speechtokenizer_now\speechtokenizer\废代码文件夹\train_images\bacterial_leaf_blight\104432.jpg","95968","2022-08-22 11:32:42"
"root\speechtokenizer_now\speechtokenizer\废代码文件夹\train_images\bacterial_leaf_blight\104438.jpg","80599","2022-08-22 11:32:42"
"root\speechtokenizer_now\speechtokenizer\废代码文件夹\train_images\bacterial_leaf_blight\104439.jpg","94561","2022-08-22 11:32:42"
"root\speechtokenizer_now\speechtokenizer\废代码文件夹\train_images\bacterial_leaf_blight\104448.jpg","82754","2022-08-22 11:32:42"
"root\speechtokenizer_now\speechtokenizer\废代码文件夹\train_images\bacterial_leaf_blight\104458.jpg","92563","2022-08-22 11:32:42"
"root\speechtokenizer_now\speechtokenizer\废代码文件夹\train_images\bacterial_leaf_blight\104494.jpg","77166","2022-08-22 11:32:42"
"root\speechtokenizer_now\speechtokenizer\废代码文件夹\train_images\bacterial_leaf_blight\104518.jpg","95928","2022-08-22 11:32:42"
"root\speechtokenizer_now\speechtokenizer\废代码文件夹\train_images\bacterial_leaf_blight\104532.jpg","82359","2022-08-22 11:32:42"
"root\speechtokenizer_now\speechtokenizer\废代码文件夹\train_images\bacterial_leaf_blight\104535.jpg","88234","2022-08-22 11:32:42"
"root\speechtokenizer_now\speechtokenizer\废代码文件夹\train_images\bacterial_leaf_blight\104576.jpg","82659","2022-08-22 11:32:42"
"root\speechtokenizer_now\speechtokenizer\废代码文件夹\train_images\bacterial_leaf_blight\104605.jpg","58457","2022-08-22 11:32:42"
"root\speechtokenizer_now\speechtokenizer\废代码文件夹\train_images\bacterial_leaf_blight\104635.jpg","99817","2022-08-22 11:32:42"
"root\speechtokenizer_now\speechtokenizer\废代码文件夹\train_images\bacterial_leaf_blight\104639.jpg","75131","2022-08-22 11:32:42"
"root\speechtokenizer_now\speechtokenizer\废代码文件夹\train_images\bacterial_leaf_blight\104657.jpg","62501","2022-08-22 11:32:42"
"root\speechtokenizer_now\speechtokenizer\废代码文件夹\train_images\bacterial_leaf_blight\104690.jpg","62688","2022-08-22 11:32:42"
"root\speechtokenizer_now\speechtokenizer\废代码文件夹\train_images\bacterial_leaf_blight\104691.jpg","88475","2022-08-22 11:32:42"
"root\speechtokenizer_now\speechtokenizer\废代码文件夹\train_images\bacterial_leaf_blight\104697.jpg","60314","2022-08-22 11:32:42"
"root\speechtokenizer_now\speechtokenizer\废代码文件夹\train_images\bacterial_leaf_blight\104702.jpg","92437","2022-08-22 11:32:42"
"root\speechtokenizer_now\speechtokenizer\废代码文件夹\train_images\bacterial_leaf_blight\104704.jpg","101196","2022-08-22 11:32:42"
"root\speechtokenizer_now\speechtokenizer\废代码文件夹\train_images\bacterial_leaf_blight\104732.jpg","90117","2022-08-22 11:32:42"
"root\speechtokenizer_now\speechtokenizer\废代码文件夹\train_images\bacterial_leaf_blight\104751.jpg","82521","2022-08-22 11:32:42"
"root\speechtokenizer_now\speechtokenizer\废代码文件夹\train_images\bacterial_leaf_blight\104752.jpg","76260","2022-08-22 11:32:42"
"root\speechtokenizer_now\speechtokenizer\废代码文件夹\train_images\bacterial_leaf_blight\104776.jpg","79153","2022-08-22 11:32:42"
"root\speechtokenizer_now\speechtokenizer\废代码文件夹\train_images\bacterial_leaf_blight\104778.jpg","81926","2022-08-22 11:32:42"
"root\speechtokenizer_now\speechtokenizer\废代码文件夹\train_images\bacterial_leaf_blight\104799.jpg","81315","2022-08-22 11:32:42"
"root\speechtokenizer_now\speechtokenizer\废代码文件夹\train_images\bacterial_leaf_blight\104800.jpg","77603","2022-08-22 11:32:42"
"root\speechtokenizer_now\speechtokenizer\废代码文件夹\train_images\bacterial_leaf_blight\104819.jpg","71408","2022-08-22 11:32:42"
"root\speechtokenizer_now\speechtokenizer\废代码文件夹\train_images\bacterial_leaf_blight\104827.jpg","80945","2022-08-22 11:32:42"
"root\speechtokenizer_now\speechtokenizer\废代码文件夹\train_images\bacterial_leaf_blight\104842.jpg","83344","2022-08-22 11:32:42"
"root\speechtokenizer_now\speechtokenizer\废代码文件夹\train_images\bacterial_leaf_blight\104937.jpg","92398","2022-08-22 11:32:42"
"root\speechtokenizer_now\speechtokenizer\废代码文件夹\train_images\bacterial_leaf_blight\104942.jpg","94022","2022-08-22 11:32:42"
"root\speechtokenizer_now\speechtokenizer\废代码文件夹\train_images\bacterial_leaf_blight\104975.jpg","71149","2022-08-22 11:32:42"
"root\speechtokenizer_now\speechtokenizer\废代码文件夹\train_images\bacterial_leaf_blight\104997.jpg","86421","2022-08-22 11:32:42"
"root\speechtokenizer_now\speechtokenizer\废代码文件夹\train_images\bacterial_leaf_blight\105008.jpg","51154","2022-08-22 11:32:42"
"root\speechtokenizer_now\speechtokenizer\废代码文件夹\train_images\bacterial_leaf_blight\105014.jpg","80360","2022-08-22 11:32:42"
"root\speechtokenizer_now\speechtokenizer\废代码文件夹\train_images\bacterial_leaf_blight\105031.jpg","97415","2022-08-22 11:32:42"
"root\speechtokenizer_now\speechtokenizer\废代码文件夹\train_images\bacterial_leaf_blight\105046.jpg","80307","2022-08-22 11:32:42"
"root\speechtokenizer_now\speechtokenizer\废代码文件夹\train_images\bacterial_leaf_blight\105059.jpg","82712","2022-08-22 11:32:42"
"root\speechtokenizer_now\speechtokenizer\废代码文件夹\train_images\bacterial_leaf_blight\105122.jpg","64094","2022-08-22 11:32:42"
"root\speechtokenizer_now\speechtokenizer\废代码文件夹\train_images\bacterial_leaf_blight\105125.jpg","68214","2022-08-22 11:32:42"
"root\speechtokenizer_now\speechtokenizer\废代码文件夹\train_images\bacterial_leaf_blight\105151.jpg","94695","2022-08-22 11:32:42"
"root\speechtokenizer_now\speechtokenizer\废代码文件夹\train_images\bacterial_leaf_blight\105180.jpg","60227","2022-08-22 11:32:42"
"root\speechtokenizer_now\speechtokenizer\废代码文件夹\train_images\bacterial_leaf_blight\105209.jpg","71997","2022-08-22 11:32:42"
"root\speechtokenizer_now\speechtokenizer\废代码文件夹\train_images\bacterial_leaf_blight\105236.jpg","81068","2022-08-22 11:32:42"
"root\speechtokenizer_now\speechtokenizer\废代码文件夹\train_images\bacterial_leaf_blight\105239.jpg","89777","2022-08-22 11:32:42"
"root\speechtokenizer_now\speechtokenizer\废代码文件夹\train_images\bacterial_leaf_blight\105250.jpg","58085","2022-08-22 11:32:42"
"root\speechtokenizer_now\speechtokenizer\废代码文件夹\train_images\bacterial_leaf_blight\105255.jpg","80363","2022-08-22 11:32:42"
"root\speechtokenizer_now\speechtokenizer\废代码文件夹\train_images\bacterial_leaf_blight\105272.jpg","78842","2022-08-22 11:32:42"
"root\speechtokenizer_now\speechtokenizer\废代码文件夹\train_images\bacterial_leaf_blight\105273.jpg","93750","2022-08-22 11:32:42"
"root\speechtokenizer_now\speechtokenizer\废代码文件夹\train_images\bacterial_leaf_blight\105291.jpg","79860","2022-08-22 11:32:42"
"root\speechtokenizer_now\speechtokenizer\废代码文件夹\train_images\bacterial_leaf_blight\105306.jpg","86329","2022-08-22 11:32:42"
"root\speechtokenizer_now\speechtokenizer\废代码文件夹\train_images\bacterial_leaf_blight\105324.jpg","85523","2022-08-22 11:32:42"
"root\speechtokenizer_now\speechtokenizer\废代码文件夹\train_images\bacterial_leaf_blight\105374.jpg","96420","2022-08-22 11:32:42"
"root\speechtokenizer_now\speechtokenizer\废代码文件夹\train_images\bacterial_leaf_blight\105416.jpg","91022","2022-08-22 11:32:42"
"root\speechtokenizer_now\speechtokenizer\废代码文件夹\train_images\bacterial_leaf_blight\105426.jpg","93613","2022-08-22 11:32:42"
"root\speechtokenizer_now\speechtokenizer\废代码文件夹\train_images\bacterial_leaf_blight\105429.jpg","78838","2022-08-22 11:32:42"
"root\speechtokenizer_now\speechtokenizer\废代码文件夹\train_images\bacterial_leaf_blight\105443.jpg","104436","2022-08-22 11:32:42"
"root\speechtokenizer_now\speechtokenizer\废代码文件夹\train_images\bacterial_leaf_blight\105477.jpg","91585","2022-08-22 11:32:42"
"root\speechtokenizer_now\speechtokenizer\废代码文件夹\train_images\bacterial_leaf_blight\105486.jpg","87902","2022-08-22 11:32:42"
"root\speechtokenizer_now\speechtokenizer\废代码文件夹\train_images\bacterial_leaf_blight\105521.jpg","70918","2022-08-22 11:32:42"
"root\speechtokenizer_now\speechtokenizer\废代码文件夹\train_images\bacterial_leaf_blight\105522.jpg","78866","2022-08-22 11:32:42"
"root\speechtokenizer_now\speechtokenizer\废代码文件夹\train_images\bacterial_leaf_blight\105532.jpg","88784","2022-08-22 11:32:42"
"root\speechtokenizer_now\speechtokenizer\废代码文件夹\train_images\bacterial_leaf_blight\105544.jpg","86050","2022-08-22 11:32:42"
"root\speechtokenizer_now\speechtokenizer\废代码文件夹\train_images\bacterial_leaf_blight\105561.jpg","99372","2022-08-22 11:32:42"
"root\speechtokenizer_now\speechtokenizer\废代码文件夹\train_images\bacterial_leaf_blight\105570.jpg","77628","2022-08-22 11:32:42"
"root\speechtokenizer_now\speechtokenizer\废代码文件夹\train_images\bacterial_leaf_blight\105623.jpg","95995","2022-08-22 11:32:42"
"root\speechtokenizer_now\speechtokenizer\废代码文件夹\train_images\bacterial_leaf_blight\105648.jpg","99744","2022-08-22 11:32:42"
"root\speechtokenizer_now\speechtokenizer\废代码文件夹\train_images\bacterial_leaf_blight\105662.jpg","111200","2022-08-22 11:32:42"
"root\speechtokenizer_now\speechtokenizer\废代码文件夹\train_images\bacterial_leaf_blight\105675.jpg","95049","2022-08-22 11:32:42"
"root\speechtokenizer_now\speechtokenizer\废代码文件夹\train_images\bacterial_leaf_blight\105677.jpg","83097","2022-08-22 11:32:42"
"root\speechtokenizer_now\speechtokenizer\废代码文件夹\train_images\bacterial_leaf_blight\105794.jpg","106175","2022-08-22 11:32:42"
"root\speechtokenizer_now\speechtokenizer\废代码文件夹\train_images\bacterial_leaf_blight\105823.jpg","85943","2022-08-22 11:32:42"
"root\speechtokenizer_now\speechtokenizer\废代码文件夹\train_images\bacterial_leaf_blight\105851.jpg","88752","2022-08-22 11:32:42"
"root\speechtokenizer_now\speechtokenizer\废代码文件夹\train_images\bacterial_leaf_blight\105852.jpg","96078","2022-08-22 11:32:42"
"root\speechtokenizer_now\speechtokenizer\废代码文件夹\train_images\bacterial_leaf_blight\105857.jpg","95262","2022-08-22 11:32:42"
"root\speechtokenizer_now\speechtokenizer\废代码文件夹\train_images\bacterial_leaf_blight\105878.jpg","76392","2022-08-22 11:32:42"
"root\speechtokenizer_now\speechtokenizer\废代码文件夹\train_images\bacterial_leaf_blight\105948.jpg","74444","2022-08-22 11:32:42"
"root\speechtokenizer_now\speechtokenizer\废代码文件夹\train_images\bacterial_leaf_blight\105979.jpg","90371","2022-08-22 11:32:42"
"root\speechtokenizer_now\speechtokenizer\废代码文件夹\train_images\bacterial_leaf_blight\105993.jpg","94568","2022-08-22 11:32:42"
"root\speechtokenizer_now\speechtokenizer\废代码文件夹\train_images\bacterial_leaf_blight\106005.jpg","86762","2022-08-22 11:32:42"
"root\speechtokenizer_now\speechtokenizer\废代码文件夹\train_images\bacterial_leaf_blight\106016.jpg","82854","2022-08-22 11:32:42"
"root\speechtokenizer_now\speechtokenizer\废代码文件夹\train_images\bacterial_leaf_blight\106028.jpg","56581","2022-08-22 11:32:42"
"root\speechtokenizer_now\speechtokenizer\废代码文件夹\train_images\bacterial_leaf_blight\106089.jpg","43790","2022-08-22 11:32:42"
"root\speechtokenizer_now\speechtokenizer\废代码文件夹\train_images\bacterial_leaf_blight\106092.jpg","79746","2022-08-22 11:32:42"
"root\speechtokenizer_now\speechtokenizer\废代码文件夹\train_images\bacterial_leaf_blight\106117.jpg","77955","2022-08-22 11:32:42"
"root\speechtokenizer_now\speechtokenizer\废代码文件夹\train_images\bacterial_leaf_blight\106141.jpg","92974","2022-08-22 11:32:42"
"root\speechtokenizer_now\speechtokenizer\废代码文件夹\train_images\bacterial_leaf_blight\106142.jpg","85500","2022-08-22 11:32:42"
"root\speechtokenizer_now\speechtokenizer\废代码文件夹\train_images\bacterial_leaf_blight\106202.jpg","84984","2022-08-22 11:32:42"
"root\speechtokenizer_now\speechtokenizer\废代码文件夹\train_images\bacterial_leaf_blight\106232.jpg","54186","2022-08-22 11:32:42"
"root\speechtokenizer_now\speechtokenizer\废代码文件夹\train_images\bacterial_leaf_blight\106263.jpg","81774","2022-08-22 11:32:42"
"root\speechtokenizer_now\speechtokenizer\废代码文件夹\train_images\bacterial_leaf_blight\106272.jpg","91001","2022-08-22 11:32:42"
"root\speechtokenizer_now\speechtokenizer\废代码文件夹\train_images\bacterial_leaf_blight\106280.jpg","49467","2022-08-22 11:32:42"
"root\speechtokenizer_now\speechtokenizer\废代码文件夹\train_images\bacterial_leaf_blight\106292.jpg","94524","2022-08-22 11:32:42"
"root\speechtokenizer_now\speechtokenizer\废代码文件夹\train_images\bacterial_leaf_blight\106295.jpg","99400","2022-08-22 11:32:42"
"root\speechtokenizer_now\speechtokenizer\废代码文件夹\train_images\bacterial_leaf_blight\106339.jpg","43078","2022-08-22 11:32:42"
"root\speechtokenizer_now\speechtokenizer\废代码文件夹\train_images\bacterial_leaf_blight\106340.jpg","93767","2022-08-22 11:32:42"
"root\speechtokenizer_now\speechtokenizer\废代码文件夹\train_images\bacterial_leaf_blight\106388.jpg","91222","2022-08-22 11:32:42"
"root\speechtokenizer_now\speechtokenizer\废代码文件夹\train_images\bacterial_leaf_blight\106395.jpg","79447","2022-08-22 11:32:42"
"root\speechtokenizer_now\speechtokenizer\废代码文件夹\train_images\bacterial_leaf_blight\106413.jpg","89374","2022-08-22 11:32:42"
"root\speechtokenizer_now\speechtokenizer\废代码文件夹\train_images\bacterial_leaf_blight\106419.jpg","85103","2022-08-22 11:32:42"
"root\speechtokenizer_now\speechtokenizer\废代码文件夹\train_images\bacterial_leaf_blight\106510.jpg","80490","2022-08-22 11:32:42"
"root\speechtokenizer_now\speechtokenizer\废代码文件夹\train_images\bacterial_leaf_blight\106514.jpg","94221","2022-08-22 11:32:42"
"root\speechtokenizer_now\speechtokenizer\废代码文件夹\train_images\bacterial_leaf_blight\106539.jpg","73025","2022-08-22 11:32:42"
"root\speechtokenizer_now\speechtokenizer\废代码文件夹\train_images\bacterial_leaf_blight\106545.jpg","86269","2022-08-22 11:32:42"
"root\speechtokenizer_now\speechtokenizer\废代码文件夹\train_images\bacterial_leaf_blight\106562.jpg","80687","2022-08-22 11:32:42"
"root\speechtokenizer_now\speechtokenizer\废代码文件夹\train_images\bacterial_leaf_blight\106599.jpg","85322","2022-08-22 11:32:42"
"root\speechtokenizer_now\speechtokenizer\废代码文件夹\train_images\bacterial_leaf_blight\106615.jpg","86002","2022-08-22 11:32:42"
"root\speechtokenizer_now\speechtokenizer\废代码文件夹\train_images\bacterial_leaf_blight\106624.jpg","79653","2022-08-22 11:32:42"
"root\speechtokenizer_now\speechtokenizer\废代码文件夹\train_images\bacterial_leaf_blight\106629.jpg","96954","2022-08-22 11:32:42"
"root\speechtokenizer_now\speechtokenizer\废代码文件夹\train_images\bacterial_leaf_blight\106645.jpg","88300","2022-08-22 11:32:42"
"root\speechtokenizer_now\speechtokenizer\废代码文件夹\train_images\bacterial_leaf_blight\106698.jpg","85725","2022-08-22 11:32:42"
"root\speechtokenizer_now\speechtokenizer\废代码文件夹\train_images\bacterial_leaf_blight\106713.jpg","83724","2022-08-22 11:32:42"
"root\speechtokenizer_now\speechtokenizer\废代码文件夹\train_images\bacterial_leaf_blight\106754.jpg","79224","2022-08-22 11:32:42"
"root\speechtokenizer_now\speechtokenizer\废代码文件夹\train_images\bacterial_leaf_blight\106760.jpg","84916","2022-08-22 11:32:42"
"root\speechtokenizer_now\speechtokenizer\废代码文件夹\train_images\bacterial_leaf_blight\106794.jpg","83879","2022-08-22 11:32:42"
"root\speechtokenizer_now\speechtokenizer\废代码文件夹\train_images\bacterial_leaf_blight\106811.jpg","79964","2022-08-22 11:32:42"
"root\speechtokenizer_now\speechtokenizer\废代码文件夹\train_images\bacterial_leaf_blight\106812.jpg","83432","2022-08-22 11:32:42"
"root\speechtokenizer_now\speechtokenizer\废代码文件夹\train_images\bacterial_leaf_blight\106853.jpg","83856","2022-08-22 11:32:42"
"root\speechtokenizer_now\speechtokenizer\废代码文件夹\train_images\bacterial_leaf_blight\106861.jpg","81489","2022-08-22 11:32:42"
"root\speechtokenizer_now\speechtokenizer\废代码文件夹\train_images\bacterial_leaf_blight\106916.jpg","87971","2022-08-22 11:32:42"
"root\speechtokenizer_now\speechtokenizer\废代码文件夹\train_images\bacterial_leaf_blight\106934.jpg","90337","2022-08-22 11:32:42"
"root\speechtokenizer_now\speechtokenizer\废代码文件夹\train_images\bacterial_leaf_blight\106938.jpg","82477","2022-08-22 11:32:42"
"root\speechtokenizer_now\speechtokenizer\废代码文件夹\train_images\bacterial_leaf_blight\106949.jpg","94409","2022-08-22 11:32:42"
"root\speechtokenizer_now\speechtokenizer\废代码文件夹\train_images\bacterial_leaf_blight\106964.jpg","78309","2022-08-22 11:32:44"
"root\speechtokenizer_now\speechtokenizer\废代码文件夹\train_images\bacterial_leaf_blight\106984.jpg","85225","2022-08-22 11:32:44"
"root\speechtokenizer_now\speechtokenizer\废代码文件夹\train_images\bacterial_leaf_blight\107021.jpg","73138","2022-08-22 11:32:44"
"root\speechtokenizer_now\speechtokenizer\废代码文件夹\train_images\bacterial_leaf_blight\107036.jpg","89307","2022-08-22 11:32:44"
"root\speechtokenizer_now\speechtokenizer\废代码文件夹\train_images\bacterial_leaf_blight\107064.jpg","81541","2022-08-22 11:32:44"
"root\speechtokenizer_now\speechtokenizer\废代码文件夹\train_images\bacterial_leaf_blight\107104.jpg","58887","2022-08-22 11:32:44"
"root\speechtokenizer_now\speechtokenizer\废代码文件夹\train_images\bacterial_leaf_blight\107162.jpg","83596","2022-08-22 11:32:44"
"root\speechtokenizer_now\speechtokenizer\废代码文件夹\train_images\bacterial_leaf_blight\107177.jpg","84896","2022-08-22 11:32:44"
"root\speechtokenizer_now\speechtokenizer\废代码文件夹\train_images\bacterial_leaf_blight\107178.jpg","96182","2022-08-22 11:32:44"
"root\speechtokenizer_now\speechtokenizer\废代码文件夹\train_images\bacterial_leaf_blight\107246.jpg","92839","2022-08-22 11:32:44"
"root\speechtokenizer_now\speechtokenizer\废代码文件夹\train_images\bacterial_leaf_blight\107251.jpg","69814","2022-08-22 11:32:44"
"root\speechtokenizer_now\speechtokenizer\废代码文件夹\train_images\bacterial_leaf_blight\107254.jpg","94780","2022-08-22 11:32:44"
"root\speechtokenizer_now\speechtokenizer\废代码文件夹\train_images\bacterial_leaf_blight\107274.jpg","99013","2022-08-22 11:32:44"
"root\speechtokenizer_now\speechtokenizer\废代码文件夹\train_images\bacterial_leaf_blight\107284.jpg","51843","2022-08-22 11:32:44"
"root\speechtokenizer_now\speechtokenizer\废代码文件夹\train_images\bacterial_leaf_blight\107296.jpg","99594","2022-08-22 11:32:44"
"root\speechtokenizer_now\speechtokenizer\废代码文件夹\train_images\bacterial_leaf_blight\107326.jpg","85743","2022-08-22 11:32:44"
"root\speechtokenizer_now\speechtokenizer\废代码文件夹\train_images\bacterial_leaf_blight\107423.jpg","83927","2022-08-22 11:32:44"
"root\speechtokenizer_now\speechtokenizer\废代码文件夹\train_images\bacterial_leaf_blight\107466.jpg","54371","2022-08-22 11:32:44"
"root\speechtokenizer_now\speechtokenizer\废代码文件夹\train_images\bacterial_leaf_blight\107472.jpg","89183","2022-08-22 11:32:44"
"root\speechtokenizer_now\speechtokenizer\废代码文件夹\train_images\bacterial_leaf_blight\107474.jpg","100905","2022-08-22 11:32:44"
"root\speechtokenizer_now\speechtokenizer\废代码文件夹\train_images\bacterial_leaf_blight\107493.jpg","95885","2022-08-22 11:32:44"
"root\speechtokenizer_now\speechtokenizer\废代码文件夹\train_images\bacterial_leaf_blight\107532.jpg","78041","2022-08-22 11:32:44"
"root\speechtokenizer_now\speechtokenizer\废代码文件夹\train_images\bacterial_leaf_blight\107533.jpg","95750","2022-08-22 11:32:44"
"root\speechtokenizer_now\speechtokenizer\废代码文件夹\train_images\bacterial_leaf_blight\107547.jpg","81228","2022-08-22 11:32:44"
"root\speechtokenizer_now\speechtokenizer\废代码文件夹\train_images\bacterial_leaf_blight\107592.jpg","81328","2022-08-22 11:32:44"
"root\speechtokenizer_now\speechtokenizer\废代码文件夹\train_images\bacterial_leaf_blight\107594.jpg","64108","2022-08-22 11:32:44"
"root\speechtokenizer_now\speechtokenizer\废代码文件夹\train_images\bacterial_leaf_blight\107617.jpg","98462","2022-08-22 11:32:44"
"root\speechtokenizer_now\speechtokenizer\废代码文件夹\train_images\bacterial_leaf_blight\107619.jpg","102621","2022-08-22 11:32:44"
"root\speechtokenizer_now\speechtokenizer\废代码文件夹\train_images\bacterial_leaf_blight\107643.jpg","82223","2022-08-22 11:32:44"
"root\speechtokenizer_now\speechtokenizer\废代码文件夹\train_images\bacterial_leaf_blight\107761.jpg","91118","2022-08-22 11:32:44"
"root\speechtokenizer_now\speechtokenizer\废代码文件夹\train_images\bacterial_leaf_blight\107812.jpg","95747","2022-08-22 11:32:44"
"root\speechtokenizer_now\speechtokenizer\废代码文件夹\train_images\bacterial_leaf_blight\107829.jpg","82738","2022-08-22 11:32:44"
"root\speechtokenizer_now\speechtokenizer\废代码文件夹\train_images\bacterial_leaf_blight\107844.jpg","89396","2022-08-22 11:32:44"
"root\speechtokenizer_now\speechtokenizer\废代码文件夹\train_images\bacterial_leaf_blight\107863.jpg","101264","2022-08-22 11:32:44"
"root\speechtokenizer_now\speechtokenizer\废代码文件夹\train_images\bacterial_leaf_blight\107873.jpg","101437","2022-08-22 11:32:44"
"root\speechtokenizer_now\speechtokenizer\废代码文件夹\train_images\bacterial_leaf_blight\107904.jpg","89866","2022-08-22 11:32:44"
"root\speechtokenizer_now\speechtokenizer\废代码文件夹\train_images\bacterial_leaf_blight\107907.jpg","70407","2022-08-22 11:32:44"
"root\speechtokenizer_now\speechtokenizer\废代码文件夹\train_images\bacterial_leaf_blight\107928.jpg","60796","2022-08-22 11:32:44"
"root\speechtokenizer_now\speechtokenizer\废代码文件夹\train_images\bacterial_leaf_blight\107979.jpg","85328","2022-08-22 11:32:44"
"root\speechtokenizer_now\speechtokenizer\废代码文件夹\train_images\bacterial_leaf_blight\107998.jpg","50667","2022-08-22 11:32:44"
"root\speechtokenizer_now\speechtokenizer\废代码文件夹\train_images\bacterial_leaf_blight\108005.jpg","85662","2022-08-22 11:32:44"
"root\speechtokenizer_now\speechtokenizer\废代码文件夹\train_images\bacterial_leaf_blight\108018.jpg","84861","2022-08-22 11:32:44"
"root\speechtokenizer_now\speechtokenizer\废代码文件夹\train_images\bacterial_leaf_blight\108039.jpg","79367","2022-08-22 11:32:44"
"root\speechtokenizer_now\speechtokenizer\废代码文件夹\train_images\bacterial_leaf_blight\108046.jpg","80088","2022-08-22 11:32:44"
"root\speechtokenizer_now\speechtokenizer\废代码文件夹\train_images\bacterial_leaf_blight\108056.jpg","79945","2022-08-22 11:32:44"
"root\speechtokenizer_now\speechtokenizer\废代码文件夹\train_images\bacterial_leaf_blight\108078.jpg","84245","2022-08-22 11:32:44"
"root\speechtokenizer_now\speechtokenizer\废代码文件夹\train_images\bacterial_leaf_blight\108102.jpg","85396","2022-08-22 11:32:44"
"root\speechtokenizer_now\speechtokenizer\废代码文件夹\train_images\bacterial_leaf_blight\108117.jpg","81080","2022-08-22 11:32:44"
"root\speechtokenizer_now\speechtokenizer\废代码文件夹\train_images\bacterial_leaf_blight\108125.jpg","82535","2022-08-22 11:32:44"
"root\speechtokenizer_now\speechtokenizer\废代码文件夹\train_images\bacterial_leaf_blight\108129.jpg","81229","2022-08-22 11:32:44"
"root\speechtokenizer_now\speechtokenizer\废代码文件夹\train_images\bacterial_leaf_blight\108150.jpg","77980","2022-08-22 11:32:44"
"root\speechtokenizer_now\speechtokenizer\废代码文件夹\train_images\bacterial_leaf_blight\108183.jpg","94796","2022-08-22 11:32:44"
"root\speechtokenizer_now\speechtokenizer\废代码文件夹\train_images\bacterial_leaf_blight\108199.jpg","93655","2022-08-22 11:32:44"
"root\speechtokenizer_now\speechtokenizer\废代码文件夹\train_images\bacterial_leaf_blight\108231.jpg","72714","2022-08-22 11:32:44"
"root\speechtokenizer_now\speechtokenizer\废代码文件夹\train_images\bacterial_leaf_blight\108257.jpg","81566","2022-08-22 11:32:44"
"root\speechtokenizer_now\speechtokenizer\废代码文件夹\train_images\bacterial_leaf_blight\108265.jpg","83433","2022-08-22 11:32:44"
"root\speechtokenizer_now\speechtokenizer\废代码文件夹\train_images\bacterial_leaf_blight\108320.jpg","69763","2022-08-22 11:32:44"
"root\speechtokenizer_now\speechtokenizer\废代码文件夹\train_images\bacterial_leaf_blight\108340.jpg","94416","2022-08-22 11:32:44"
"root\speechtokenizer_now\speechtokenizer\废代码文件夹\train_images\bacterial_leaf_blight\108353.jpg","109612","2022-08-22 11:32:44"
"root\speechtokenizer_now\speechtokenizer\废代码文件夹\train_images\bacterial_leaf_blight\108396.jpg","96901","2022-08-22 11:32:44"
"root\speechtokenizer_now\speechtokenizer\废代码文件夹\train_images\bacterial_leaf_blight\108415.jpg","89719","2022-08-22 11:32:44"
"root\speechtokenizer_now\speechtokenizer\废代码文件夹\train_images\bacterial_leaf_blight\108422.jpg","85726","2022-08-22 11:32:44"
"root\speechtokenizer_now\speechtokenizer\废代码文件夹\train_images\bacterial_leaf_blight\108425.jpg","88714","2022-08-22 11:32:44"
"root\speechtokenizer_now\speechtokenizer\废代码文件夹\train_images\bacterial_leaf_blight\108429.jpg","92416","2022-08-22 11:32:44"
"root\speechtokenizer_now\speechtokenizer\废代码文件夹\train_images\bacterial_leaf_blight\108487.jpg","85155","2022-08-22 11:32:44"
"root\speechtokenizer_now\speechtokenizer\废代码文件夹\train_images\bacterial_leaf_blight\108520.jpg","67665","2022-08-22 11:32:44"
"root\speechtokenizer_now\speechtokenizer\废代码文件夹\train_images\bacterial_leaf_blight\108522.jpg","85588","2022-08-22 11:32:44"
"root\speechtokenizer_now\speechtokenizer\废代码文件夹\train_images\bacterial_leaf_blight\108526.jpg","83653","2022-08-22 11:32:44"
"root\speechtokenizer_now\speechtokenizer\废代码文件夹\train_images\bacterial_leaf_blight\108533.jpg","78625","2022-08-22 11:32:44"
"root\speechtokenizer_now\speechtokenizer\废代码文件夹\train_images\bacterial_leaf_blight\108541.jpg","50729","2022-08-22 11:32:44"
"root\speechtokenizer_now\speechtokenizer\废代码文件夹\train_images\bacterial_leaf_blight\108552.jpg","98232","2022-08-22 11:32:44"
"root\speechtokenizer_now\speechtokenizer\废代码文件夹\train_images\bacterial_leaf_blight\108631.jpg","98373","2022-08-22 11:32:44"
"root\speechtokenizer_now\speechtokenizer\废代码文件夹\train_images\bacterial_leaf_blight\108668.jpg","76754","2022-08-22 11:32:44"
"root\speechtokenizer_now\speechtokenizer\废代码文件夹\train_images\bacterial_leaf_blight\108673.jpg","109345","2022-08-22 11:32:44"
"root\speechtokenizer_now\speechtokenizer\废代码文件夹\train_images\bacterial_leaf_blight\108696.jpg","76615","2022-08-22 11:32:44"
"root\speechtokenizer_now\speechtokenizer\废代码文件夹\train_images\bacterial_leaf_blight\108697.jpg","83503","2022-08-22 11:32:44"
"root\speechtokenizer_now\speechtokenizer\废代码文件夹\train_images\bacterial_leaf_blight\108725.jpg","82597","2022-08-22 11:32:44"
"root\speechtokenizer_now\speechtokenizer\废代码文件夹\train_images\bacterial_leaf_blight\108748.jpg","107466","2022-08-22 11:32:44"
"root\speechtokenizer_now\speechtokenizer\废代码文件夹\train_images\bacterial_leaf_blight\108765.jpg","85604","2022-08-22 11:32:44"
"root\speechtokenizer_now\speechtokenizer\废代码文件夹\train_images\bacterial_leaf_blight\108796.jpg","81254","2022-08-22 11:32:44"
"root\speechtokenizer_now\speechtokenizer\废代码文件夹\train_images\bacterial_leaf_blight\108817.jpg","79114","2022-08-22 11:32:44"
"root\speechtokenizer_now\speechtokenizer\废代码文件夹\train_images\bacterial_leaf_blight\108828.jpg","77841","2022-08-22 11:32:44"
"root\speechtokenizer_now\speechtokenizer\废代码文件夹\train_images\bacterial_leaf_blight\108844.jpg","81260","2022-08-22 11:32:44"
"root\speechtokenizer_now\speechtokenizer\废代码文件夹\train_images\bacterial_leaf_blight\108855.jpg","82166","2022-08-22 11:32:44"
"root\speechtokenizer_now\speechtokenizer\废代码文件夹\train_images\bacterial_leaf_blight\108868.jpg","72707","2022-08-22 11:32:44"
"root\speechtokenizer_now\speechtokenizer\废代码文件夹\train_images\bacterial_leaf_blight\108876.jpg","83215","2022-08-22 11:32:44"
"root\speechtokenizer_now\speechtokenizer\废代码文件夹\train_images\bacterial_leaf_blight\108883.jpg","94464","2022-08-22 11:32:44"
"root\speechtokenizer_now\speechtokenizer\废代码文件夹\train_images\bacterial_leaf_blight\108884.jpg","95621","2022-08-22 11:32:44"
"root\speechtokenizer_now\speechtokenizer\废代码文件夹\train_images\bacterial_leaf_blight\108929.jpg","90870","2022-08-22 11:32:44"
"root\speechtokenizer_now\speechtokenizer\废代码文件夹\train_images\bacterial_leaf_blight\108974.jpg","80060","2022-08-22 11:32:44"
"root\speechtokenizer_now\speechtokenizer\废代码文件夹\train_images\bacterial_leaf_blight\108976.jpg","97522","2022-08-22 11:32:44"
"root\speechtokenizer_now\speechtokenizer\废代码文件夹\train_images\bacterial_leaf_blight\109021.jpg","94318","2022-08-22 11:32:44"
"root\speechtokenizer_now\speechtokenizer\废代码文件夹\train_images\bacterial_leaf_blight\109067.jpg","100176","2022-08-22 11:32:44"
"root\speechtokenizer_now\speechtokenizer\废代码文件夹\train_images\bacterial_leaf_blight\109115.jpg","81955","2022-08-22 11:32:44"
"root\speechtokenizer_now\speechtokenizer\废代码文件夹\train_images\bacterial_leaf_blight\109121.jpg","80840","2022-08-22 11:32:44"
"root\speechtokenizer_now\speechtokenizer\废代码文件夹\train_images\bacterial_leaf_blight\109173.jpg","94903","2022-08-22 11:32:44"
"root\speechtokenizer_now\speechtokenizer\废代码文件夹\train_images\bacterial_leaf_blight\109196.jpg","86539","2022-08-22 11:32:44"
"root\speechtokenizer_now\speechtokenizer\废代码文件夹\train_images\bacterial_leaf_blight\109214.jpg","85664","2022-08-22 11:32:44"
"root\speechtokenizer_now\speechtokenizer\废代码文件夹\train_images\bacterial_leaf_blight\109219.jpg","72181","2022-08-22 11:32:44"
"root\speechtokenizer_now\speechtokenizer\废代码文件夹\train_images\bacterial_leaf_blight\109249.jpg","49510","2022-08-22 11:32:44"
"root\speechtokenizer_now\speechtokenizer\废代码文件夹\train_images\bacterial_leaf_blight\109275.jpg","80191","2022-08-22 11:32:44"
"root\speechtokenizer_now\speechtokenizer\废代码文件夹\train_images\bacterial_leaf_blight\109289.jpg","80496","2022-08-22 11:32:44"
"root\speechtokenizer_now\speechtokenizer\废代码文件夹\train_images\bacterial_leaf_blight\109304.jpg","92591","2022-08-22 11:32:44"
"root\speechtokenizer_now\speechtokenizer\废代码文件夹\train_images\bacterial_leaf_blight\109306.jpg","62932","2022-08-22 11:32:44"
"root\speechtokenizer_now\speechtokenizer\废代码文件夹\train_images\bacterial_leaf_blight\109315.jpg","82589","2022-08-22 11:32:44"
"root\speechtokenizer_now\speechtokenizer\废代码文件夹\train_images\bacterial_leaf_blight\109320.jpg","101065","2022-08-22 11:32:44"
"root\speechtokenizer_now\speechtokenizer\废代码文件夹\train_images\bacterial_leaf_blight\109324.jpg","60564","2022-08-22 11:32:44"
"root\speechtokenizer_now\speechtokenizer\废代码文件夹\train_images\bacterial_leaf_blight\109332.jpg","106406","2022-08-22 11:32:44"
"root\speechtokenizer_now\speechtokenizer\废代码文件夹\train_images\bacterial_leaf_blight\109360.jpg","98748","2022-08-22 11:32:44"
"root\speechtokenizer_now\speechtokenizer\废代码文件夹\train_images\bacterial_leaf_blight\109366.jpg","74884","2022-08-22 11:32:44"
"root\speechtokenizer_now\speechtokenizer\废代码文件夹\train_images\bacterial_leaf_blight\109372.jpg","97348","2022-08-22 11:32:44"
"root\speechtokenizer_now\speechtokenizer\废代码文件夹\train_images\bacterial_leaf_blight\109375.jpg","81636","2022-08-22 11:32:44"
"root\speechtokenizer_now\speechtokenizer\废代码文件夹\train_images\bacterial_leaf_blight\109422.jpg","54411","2022-08-22 11:32:44"
"root\speechtokenizer_now\speechtokenizer\废代码文件夹\train_images\bacterial_leaf_blight\109428.jpg","81405","2022-08-22 11:32:44"
"root\speechtokenizer_now\speechtokenizer\废代码文件夹\train_images\bacterial_leaf_blight\109440.jpg","85738","2022-08-22 11:32:44"
"root\speechtokenizer_now\speechtokenizer\废代码文件夹\train_images\bacterial_leaf_blight\109441.jpg","94965","2022-08-22 11:32:44"
"root\speechtokenizer_now\speechtokenizer\废代码文件夹\train_images\bacterial_leaf_blight\109460.jpg","79585","2022-08-22 11:32:44"
"root\speechtokenizer_now\speechtokenizer\废代码文件夹\train_images\bacterial_leaf_blight\109514.jpg","106192","2022-08-22 11:32:44"
"root\speechtokenizer_now\speechtokenizer\废代码文件夹\train_images\bacterial_leaf_blight\109520.jpg","87346","2022-08-22 11:32:44"
"root\speechtokenizer_now\speechtokenizer\废代码文件夹\train_images\bacterial_leaf_blight\109588.jpg","98336","2022-08-22 11:32:44"
"root\speechtokenizer_now\speechtokenizer\废代码文件夹\train_images\bacterial_leaf_blight\109635.jpg","94576","2022-08-22 11:32:44"
"root\speechtokenizer_now\speechtokenizer\废代码文件夹\train_images\bacterial_leaf_blight\109666.jpg","84163","2022-08-22 11:32:44"
"root\speechtokenizer_now\speechtokenizer\废代码文件夹\train_images\bacterial_leaf_blight\109669.jpg","92842","2022-08-22 11:32:44"
"root\speechtokenizer_now\speechtokenizer\废代码文件夹\train_images\bacterial_leaf_blight\109673.jpg","97154","2022-08-22 11:32:44"
"root\speechtokenizer_now\speechtokenizer\废代码文件夹\train_images\bacterial_leaf_blight\109674.jpg","82995","2022-08-22 11:32:44"
"root\speechtokenizer_now\speechtokenizer\废代码文件夹\train_images\bacterial_leaf_blight\109768.jpg","85604","2022-08-22 11:32:44"
"root\speechtokenizer_now\speechtokenizer\废代码文件夹\train_images\bacterial_leaf_blight\109775.jpg","111465","2022-08-22 11:32:44"
"root\speechtokenizer_now\speechtokenizer\废代码文件夹\train_images\bacterial_leaf_blight\109785.jpg","81806","2022-08-22 11:32:44"
"root\speechtokenizer_now\speechtokenizer\废代码文件夹\train_images\bacterial_leaf_blight\109795.jpg","87031","2022-08-22 11:32:44"
"root\speechtokenizer_now\speechtokenizer\废代码文件夹\train_images\bacterial_leaf_blight\109818.jpg","79969","2022-08-22 11:32:44"
"root\speechtokenizer_now\speechtokenizer\废代码文件夹\train_images\bacterial_leaf_blight\109831.jpg","91149","2022-08-22 11:32:44"
"root\speechtokenizer_now\speechtokenizer\废代码文件夹\train_images\bacterial_leaf_blight\109844.jpg","80202","2022-08-22 11:32:44"
"root\speechtokenizer_now\speechtokenizer\废代码文件夹\train_images\bacterial_leaf_blight\109870.jpg","99392","2022-08-22 11:32:44"
"root\speechtokenizer_now\speechtokenizer\废代码文件夹\train_images\bacterial_leaf_blight\109905.jpg","95399","2022-08-22 11:32:44"
"root\speechtokenizer_now\speechtokenizer\废代码文件夹\train_images\bacterial_leaf_blight\109910.jpg","74822","2022-08-22 11:32:44"
"root\speechtokenizer_now\speechtokenizer\废代码文件夹\train_images\bacterial_leaf_blight\109940.jpg","60793","2022-08-22 11:32:44"
"root\speechtokenizer_now\speechtokenizer\废代码文件夹\train_images\bacterial_leaf_blight\109950.jpg","49387","2022-08-22 11:32:44"
"root\speechtokenizer_now\speechtokenizer\废代码文件夹\train_images\bacterial_leaf_blight\109972.jpg","80557","2022-08-22 11:32:44"
"root\speechtokenizer_now\speechtokenizer\废代码文件夹\train_images\bacterial_leaf_blight\109975.jpg","90523","2022-08-22 11:32:44"
"root\speechtokenizer_now\speechtokenizer\废代码文件夹\train_images\bacterial_leaf_blight\109995.jpg","59312","2022-08-22 11:32:44"
"root\speechtokenizer_now\speechtokenizer\废代码文件夹\train_images\bacterial_leaf_blight\110022.jpg","73769","2022-08-22 11:32:44"
"root\speechtokenizer_now\speechtokenizer\废代码文件夹\train_images\bacterial_leaf_blight\110079.jpg","97778","2022-08-22 11:32:44"
"root\speechtokenizer_now\speechtokenizer\废代码文件夹\train_images\bacterial_leaf_blight\110083.jpg","74061","2022-08-22 11:32:44"
"root\speechtokenizer_now\speechtokenizer\废代码文件夹\train_images\bacterial_leaf_blight\110090.jpg","76246","2022-08-22 11:32:44"
"root\speechtokenizer_now\speechtokenizer\废代码文件夹\train_images\bacterial_leaf_blight\110204.jpg","82876","2022-08-22 11:32:44"
"root\speechtokenizer_now\speechtokenizer\废代码文件夹\train_images\bacterial_leaf_blight\110213.jpg","82785","2022-08-22 11:32:44"
"root\speechtokenizer_now\speechtokenizer\废代码文件夹\train_images\bacterial_leaf_blight\110234.jpg","81022","2022-08-22 11:32:44"
"root\speechtokenizer_now\speechtokenizer\废代码文件夹\train_images\bacterial_leaf_blight\110277.jpg","57451","2022-08-22 11:32:44"
"root\speechtokenizer_now\speechtokenizer\废代码文件夹\train_images\bacterial_leaf_blight\110292.jpg","90306","2022-08-22 11:32:44"
"root\speechtokenizer_now\speechtokenizer\废代码文件夹\train_images\bacterial_leaf_blight\110315.jpg","83543","2022-08-22 11:32:44"
"root\speechtokenizer_now\speechtokenizer\废代码文件夹\train_images\bacterial_leaf_blight\110320.jpg","79227","2022-08-22 11:32:44"
"root\speechtokenizer_now\speechtokenizer\废代码文件夹\train_images\bacterial_leaf_blight\110382.jpg","94271","2022-08-22 11:32:44"
"root\speechtokenizer_now\speechtokenizer\废代码文件夹\train_images\bacterial_leaf_blight\110392.jpg","51321","2022-08-22 11:32:44"
"root\speechtokenizer_now\speechtokenizer\废代码文件夹\train_images\bacterial_leaf_blight\110400.jpg","83740","2022-08-22 11:32:44"
"root\speechtokenizer_now\speechtokenizer\废代码文件夹\train_images\bacterial_leaf_streak\100042.jpg","71476","2022-08-22 11:32:44"
"root\speechtokenizer_now\speechtokenizer\废代码文件夹\train_images\bacterial_leaf_streak\100081.jpg","103378","2022-08-22 11:32:44"
"root\speechtokenizer_now\speechtokenizer\废代码文件夹\train_images\bacterial_leaf_streak\100084.jpg","105310","2022-08-22 11:32:44"
"root\speechtokenizer_now\speechtokenizer\废代码文件夹\train_images\bacterial_leaf_streak\100105.jpg","77018","2022-08-22 11:32:44"
"root\speechtokenizer_now\speechtokenizer\废代码文件夹\train_images\bacterial_leaf_streak\100145.jpg","67787","2022-08-22 11:32:44"
"root\speechtokenizer_now\speechtokenizer\废代码文件夹\train_images\bacterial_leaf_streak\100150.jpg","108742","2022-08-22 11:32:44"
"root\speechtokenizer_now\speechtokenizer\废代码文件夹\train_images\bacterial_leaf_streak\100178.jpg","102806","2022-08-22 11:32:44"
"root\speechtokenizer_now\speechtokenizer\废代码文件夹\train_images\bacterial_leaf_streak\100200.jpg","88413","2022-08-22 11:32:44"
"root\speechtokenizer_now\speechtokenizer\废代码文件夹\train_images\bacterial_leaf_streak\100212.jpg","89856","2022-08-22 11:32:44"
"root\speechtokenizer_now\speechtokenizer\废代码文件夹\train_images\bacterial_leaf_streak\100235.jpg","67464","2022-08-22 11:32:44"
"root\speechtokenizer_now\speechtokenizer\废代码文件夹\train_images\bacterial_leaf_streak\100264.jpg","75405","2022-08-22 11:32:44"
"root\speechtokenizer_now\speechtokenizer\废代码文件夹\train_images\bacterial_leaf_streak\100279.jpg","105878","2022-08-22 11:32:44"
"root\speechtokenizer_now\speechtokenizer\废代码文件夹\train_images\bacterial_leaf_streak\100284.jpg","65247","2022-08-22 11:32:44"
"root\speechtokenizer_now\speechtokenizer\废代码文件夹\train_images\bacterial_leaf_streak\100299.jpg","68449","2022-08-22 11:32:44"
"root\speechtokenizer_now\speechtokenizer\废代码文件夹\train_images\bacterial_leaf_streak\100300.jpg","90087","2022-08-22 11:32:44"
"root\speechtokenizer_now\speechtokenizer\废代码文件夹\train_images\bacterial_leaf_streak\100327.jpg","87431","2022-08-22 11:32:44"
"root\speechtokenizer_now\speechtokenizer\废代码文件夹\train_images\bacterial_leaf_streak\100385.jpg","76797","2022-08-22 11:32:44"
"root\speechtokenizer_now\speechtokenizer\废代码文件夹\train_images\bacterial_leaf_streak\100394.jpg","99682","2022-08-22 11:32:44"
"root\speechtokenizer_now\speechtokenizer\废代码文件夹\train_images\bacterial_leaf_streak\100409.jpg","80918","2022-08-22 11:32:44"
"root\speechtokenizer_now\speechtokenizer\废代码文件夹\train_images\bacterial_leaf_streak\100485.jpg","75991","2022-08-22 11:32:44"
"root\speechtokenizer_now\speechtokenizer\废代码文件夹\train_images\bacterial_leaf_streak\100494.jpg","66026","2022-08-22 11:32:44"
"root\speechtokenizer_now\speechtokenizer\废代码文件夹\train_images\bacterial_leaf_streak\100545.jpg","107619","2022-08-22 11:32:44"
"root\speechtokenizer_now\speechtokenizer\废代码文件夹\train_images\bacterial_leaf_streak\100550.jpg","69288","2022-08-22 11:32:44"
"root\speechtokenizer_now\speechtokenizer\废代码文件夹\train_images\bacterial_leaf_streak\100552.jpg","65294","2022-08-22 11:32:44"
"root\speechtokenizer_now\speechtokenizer\废代码文件夹\train_images\bacterial_leaf_streak\100553.jpg","74333","2022-08-22 11:32:44"
"root\speechtokenizer_now\speechtokenizer\废代码文件夹\train_images\bacterial_leaf_streak\100580.jpg","99183","2022-08-22 11:32:44"
"root\speechtokenizer_now\speechtokenizer\废代码文件夹\train_images\bacterial_leaf_streak\100593.jpg","80590","2022-08-22 11:32:44"
"root\speechtokenizer_now\speechtokenizer\废代码文件夹\train_images\bacterial_leaf_streak\100676.jpg","93690","2022-08-22 11:32:44"
"root\speechtokenizer_now\speechtokenizer\废代码文件夹\train_images\bacterial_leaf_streak\100701.jpg","94397","2022-08-22 11:32:44"
"root\speechtokenizer_now\speechtokenizer\废代码文件夹\train_images\bacterial_leaf_streak\100734.jpg","97362","2022-08-22 11:32:44"
"root\speechtokenizer_now\speechtokenizer\废代码文件夹\train_images\bacterial_leaf_streak\100749.jpg","76195","2022-08-22 11:32:44"
"root\speechtokenizer_now\speechtokenizer\废代码文件夹\train_images\bacterial_leaf_streak\100755.jpg","102306","2022-08-22 11:32:44"
"root\speechtokenizer_now\speechtokenizer\废代码文件夹\train_images\bacterial_leaf_streak\100764.jpg","87885","2022-08-22 11:32:44"
"root\speechtokenizer_now\speechtokenizer\废代码文件夹\train_images\bacterial_leaf_streak\100837.jpg","81647","2022-08-22 11:32:44"
"root\speechtokenizer_now\speechtokenizer\废代码文件夹\train_images\bacterial_leaf_streak\100869.jpg","81144","2022-08-22 11:32:44"
"root\speechtokenizer_now\speechtokenizer\废代码文件夹\train_images\bacterial_leaf_streak\100889.jpg","68014","2022-08-22 11:32:44"
"root\speechtokenizer_now\speechtokenizer\废代码文件夹\train_images\bacterial_leaf_streak\100923.jpg","87883","2022-08-22 11:32:44"
"root\speechtokenizer_now\speechtokenizer\废代码文件夹\train_images\bacterial_leaf_streak\100951.jpg","68657","2022-08-22 11:32:44"
"root\speechtokenizer_now\speechtokenizer\废代码文件夹\train_images\bacterial_leaf_streak\100960.jpg","69869","2022-08-22 11:32:44"
"root\speechtokenizer_now\speechtokenizer\废代码文件夹\train_images\bacterial_leaf_streak\100964.jpg","68994","2022-08-22 11:32:44"
"root\speechtokenizer_now\speechtokenizer\废代码文件夹\train_images\bacterial_leaf_streak\100978.jpg","55859","2022-08-22 11:32:44"
"root\speechtokenizer_now\speechtokenizer\废代码文件夹\train_images\bacterial_leaf_streak\101001.jpg","72141","2022-08-22 11:32:44"
"root\speechtokenizer_now\speechtokenizer\废代码文件夹\train_images\bacterial_leaf_streak\101012.jpg","102830","2022-08-22 11:32:44"
"root\speechtokenizer_now\speechtokenizer\废代码文件夹\train_images\bacterial_leaf_streak\101023.jpg","76580","2022-08-22 11:32:44"
"root\speechtokenizer_now\speechtokenizer\废代码文件夹\train_images\bacterial_leaf_streak\101047.jpg","90281","2022-08-22 11:32:44"
"root\speechtokenizer_now\speechtokenizer\废代码文件夹\train_images\bacterial_leaf_streak\101104.jpg","88515","2022-08-22 11:32:44"
"root\speechtokenizer_now\speechtokenizer\废代码文件夹\train_images\bacterial_leaf_streak\101122.jpg","104021","2022-08-22 11:32:44"
"root\speechtokenizer_now\speechtokenizer\废代码文件夹\train_images\bacterial_leaf_streak\101151.jpg","76417","2022-08-22 11:32:44"
"root\speechtokenizer_now\speechtokenizer\废代码文件夹\train_images\bacterial_leaf_streak\101316.jpg","84981","2022-08-22 11:32:44"
"root\speechtokenizer_now\speechtokenizer\废代码文件夹\train_images\bacterial_leaf_streak\101320.jpg","88308","2022-08-22 11:32:44"
"root\speechtokenizer_now\speechtokenizer\废代码文件夹\train_images\bacterial_leaf_streak\101388.jpg","75464","2022-08-22 11:32:44"
"root\speechtokenizer_now\speechtokenizer\废代码文件夹\train_images\bacterial_leaf_streak\101422.jpg","68954","2022-08-22 11:32:44"
"root\speechtokenizer_now\speechtokenizer\废代码文件夹\train_images\bacterial_leaf_streak\101461.jpg","66905","2022-08-22 11:32:44"
"root\speechtokenizer_now\speechtokenizer\废代码文件夹\train_images\bacterial_leaf_streak\101479.jpg","91863","2022-08-22 11:32:44"
"root\speechtokenizer_now\speechtokenizer\废代码文件夹\train_images\bacterial_leaf_streak\101574.jpg","106589","2022-08-22 11:32:44"
"root\speechtokenizer_now\speechtokenizer\废代码文件夹\train_images\bacterial_leaf_streak\101600.jpg","68161","2022-08-22 11:32:44"
"root\speechtokenizer_now\speechtokenizer\废代码文件夹\train_images\bacterial_leaf_streak\101611.jpg","43092","2022-08-22 11:32:44"
"root\speechtokenizer_now\speechtokenizer\废代码文件夹\train_images\bacterial_leaf_streak\101619.jpg","99677","2022-08-22 11:32:44"
"root\speechtokenizer_now\speechtokenizer\废代码文件夹\train_images\bacterial_leaf_streak\101631.jpg","88359","2022-08-22 11:32:44"
"root\speechtokenizer_now\speechtokenizer\废代码文件夹\train_images\bacterial_leaf_streak\101651.jpg","102006","2022-08-22 11:32:44"
"root\speechtokenizer_now\speechtokenizer\废代码文件夹\train_images\bacterial_leaf_streak\101684.jpg","68404","2022-08-22 11:32:44"
"root\speechtokenizer_now\speechtokenizer\废代码文件夹\train_images\bacterial_leaf_streak\101709.jpg","100554","2022-08-22 11:32:44"
"root\speechtokenizer_now\speechtokenizer\废代码文件夹\train_images\bacterial_leaf_streak\101730.jpg","93241","2022-08-22 11:32:44"
"root\speechtokenizer_now\speechtokenizer\废代码文件夹\train_images\bacterial_leaf_streak\101738.jpg","82144","2022-08-22 11:32:44"
"root\speechtokenizer_now\speechtokenizer\废代码文件夹\train_images\bacterial_leaf_streak\101786.jpg","71416","2022-08-22 11:32:44"
"root\speechtokenizer_now\speechtokenizer\废代码文件夹\train_images\bacterial_leaf_streak\101806.jpg","79012","2022-08-22 11:32:44"
"root\speechtokenizer_now\speechtokenizer\废代码文件夹\train_images\bacterial_leaf_streak\101816.jpg","91479","2022-08-22 11:32:44"
"root\speechtokenizer_now\speechtokenizer\废代码文件夹\train_images\bacterial_leaf_streak\101874.jpg","95465","2022-08-22 11:32:44"
"root\speechtokenizer_now\speechtokenizer\废代码文件夹\train_images\bacterial_leaf_streak\101884.jpg","94381","2022-08-22 11:32:44"
"root\speechtokenizer_now\speechtokenizer\废代码文件夹\train_images\bacterial_leaf_streak\101915.jpg","102976","2022-08-22 11:32:44"
"root\speechtokenizer_now\speechtokenizer\废代码文件夹\train_images\bacterial_leaf_streak\101931.jpg","81390","2022-08-22 11:32:44"
"root\speechtokenizer_now\speechtokenizer\废代码文件夹\train_images\bacterial_leaf_streak\101959.jpg","74629","2022-08-22 11:32:44"
"root\speechtokenizer_now\speechtokenizer\废代码文件夹\train_images\bacterial_leaf_streak\102022.jpg","104607","2022-08-22 11:32:44"
"root\speechtokenizer_now\speechtokenizer\废代码文件夹\train_images\bacterial_leaf_streak\102043.jpg","67036","2022-08-22 11:32:44"
"root\speechtokenizer_now\speechtokenizer\废代码文件夹\train_images\bacterial_leaf_streak\102056.jpg","81287","2022-08-22 11:32:44"
"root\speechtokenizer_now\speechtokenizer\废代码文件夹\train_images\bacterial_leaf_streak\102087.jpg","106229","2022-08-22 11:32:44"
"root\speechtokenizer_now\speechtokenizer\废代码文件夹\train_images\bacterial_leaf_streak\102088.jpg","85543","2022-08-22 11:32:44"
"root\speechtokenizer_now\speechtokenizer\废代码文件夹\train_images\bacterial_leaf_streak\102137.jpg","66228","2022-08-22 11:32:44"
"root\speechtokenizer_now\speechtokenizer\废代码文件夹\train_images\bacterial_leaf_streak\102159.jpg","104018","2022-08-22 11:32:44"
"root\speechtokenizer_now\speechtokenizer\废代码文件夹\train_images\bacterial_leaf_streak\102175.jpg","55560","2022-08-22 11:32:44"
"root\speechtokenizer_now\speechtokenizer\废代码文件夹\train_images\bacterial_leaf_streak\102290.jpg","95232","2022-08-22 11:32:44"
"root\speechtokenizer_now\speechtokenizer\废代码文件夹\train_images\bacterial_leaf_streak\102295.jpg","109395","2022-08-22 11:32:44"
"root\speechtokenizer_now\speechtokenizer\废代码文件夹\train_images\bacterial_leaf_streak\102325.jpg","112275","2022-08-22 11:32:44"
"root\speechtokenizer_now\speechtokenizer\废代码文件夹\train_images\bacterial_leaf_streak\102336.jpg","68528","2022-08-22 11:32:44"
"root\speechtokenizer_now\speechtokenizer\废代码文件夹\train_images\bacterial_leaf_streak\102365.jpg","52352","2022-08-22 11:32:44"
"root\speechtokenizer_now\speechtokenizer\废代码文件夹\train_images\bacterial_leaf_streak\102396.jpg","94391","2022-08-22 11:32:44"
"root\speechtokenizer_now\speechtokenizer\废代码文件夹\train_images\bacterial_leaf_streak\102399.jpg","102652","2022-08-22 11:32:44"
"root\speechtokenizer_now\speechtokenizer\废代码文件夹\train_images\bacterial_leaf_streak\102428.jpg","101702","2022-08-22 11:32:44"
"root\speechtokenizer_now\speechtokenizer\废代码文件夹\train_images\bacterial_leaf_streak\102429.jpg","65829","2022-08-22 11:32:44"
"root\speechtokenizer_now\speechtokenizer\废代码文件夹\train_images\bacterial_leaf_streak\102442.jpg","57060","2022-08-22 11:32:44"
"root\speechtokenizer_now\speechtokenizer\废代码文件夹\train_images\bacterial_leaf_streak\102462.jpg","78976","2022-08-22 11:32:44"
"root\speechtokenizer_now\speechtokenizer\废代码文件夹\train_images\bacterial_leaf_streak\102545.jpg","76334","2022-08-22 11:32:44"
"root\speechtokenizer_now\speechtokenizer\废代码文件夹\train_images\bacterial_leaf_streak\102608.jpg","66678","2022-08-22 11:32:44"
"root\speechtokenizer_now\speechtokenizer\废代码文件夹\train_images\bacterial_leaf_streak\102609.jpg","86520","2022-08-22 11:32:44"
"root\speechtokenizer_now\speechtokenizer\废代码文件夹\train_images\bacterial_leaf_streak\102671.jpg","65359","2022-08-22 11:32:44"
"root\speechtokenizer_now\speechtokenizer\废代码文件夹\train_images\bacterial_leaf_streak\102771.jpg","68977","2022-08-22 11:32:44"
"root\speechtokenizer_now\speechtokenizer\废代码文件夹\train_images\bacterial_leaf_streak\102802.jpg","76799","2022-08-22 11:32:44"
"root\speechtokenizer_now\speechtokenizer\废代码文件夹\train_images\bacterial_leaf_streak\102822.jpg","88533","2022-08-22 11:32:44"
"root\speechtokenizer_now\speechtokenizer\废代码文件夹\train_images\bacterial_leaf_streak\102861.jpg","66819","2022-08-22 11:32:44"
"root\speechtokenizer_now\speechtokenizer\废代码文件夹\train_images\bacterial_leaf_streak\102865.jpg","69133","2022-08-22 11:32:44"
"root\speechtokenizer_now\speechtokenizer\废代码文件夹\train_images\bacterial_leaf_streak\102893.jpg","101922","2022-08-22 11:32:44"
"root\speechtokenizer_now\speechtokenizer\废代码文件夹\train_images\bacterial_leaf_streak\102911.jpg","104567","2022-08-22 11:32:44"
"root\speechtokenizer_now\speechtokenizer\废代码文件夹\train_images\bacterial_leaf_streak\102947.jpg","108134","2022-08-22 11:32:44"
"root\speechtokenizer_now\speechtokenizer\废代码文件夹\train_images\bacterial_leaf_streak\102954.jpg","77403","2022-08-22 11:32:44"
"root\speechtokenizer_now\speechtokenizer\废代码文件夹\train_images\bacterial_leaf_streak\102957.jpg","69382","2022-08-22 11:32:44"
"root\speechtokenizer_now\speechtokenizer\废代码文件夹\train_images\bacterial_leaf_streak\102984.jpg","113583","2022-08-22 11:32:44"
"root\speechtokenizer_now\speechtokenizer\废代码文件夹\train_images\bacterial_leaf_streak\102996.jpg","69965","2022-08-22 11:32:44"
"root\speechtokenizer_now\speechtokenizer\废代码文件夹\train_images\bacterial_leaf_streak\103030.jpg","100172","2022-08-22 11:32:44"
"root\speechtokenizer_now\speechtokenizer\废代码文件夹\train_images\bacterial_leaf_streak\103054.jpg","67710","2022-08-22 11:32:44"
"root\speechtokenizer_now\speechtokenizer\废代码文件夹\train_images\bacterial_leaf_streak\103060.jpg","59820","2022-08-22 11:32:44"
"root\speechtokenizer_now\speechtokenizer\废代码文件夹\train_images\bacterial_leaf_streak\103079.jpg","78418","2022-08-22 11:32:44"
"root\speechtokenizer_now\speechtokenizer\废代码文件夹\train_images\bacterial_leaf_streak\103138.jpg","112270","2022-08-22 11:32:44"
"root\speechtokenizer_now\speechtokenizer\废代码文件夹\train_images\bacterial_leaf_streak\103217.jpg","64626","2022-08-22 11:32:44"
"root\speechtokenizer_now\speechtokenizer\废代码文件夹\train_images\bacterial_leaf_streak\103273.jpg","68267","2022-08-22 11:32:44"
"root\speechtokenizer_now\speechtokenizer\废代码文件夹\train_images\bacterial_leaf_streak\103275.jpg","65890","2022-08-22 11:32:44"
"root\speechtokenizer_now\speechtokenizer\废代码文件夹\train_images\bacterial_leaf_streak\103307.jpg","95860","2022-08-22 11:32:44"
"root\speechtokenizer_now\speechtokenizer\废代码文件夹\train_images\bacterial_leaf_streak\103308.jpg","104334","2022-08-22 11:32:44"
"root\speechtokenizer_now\speechtokenizer\废代码文件夹\train_images\bacterial_leaf_streak\103322.jpg","101361","2022-08-22 11:32:44"
"root\speechtokenizer_now\speechtokenizer\废代码文件夹\train_images\bacterial_leaf_streak\103325.jpg","94981","2022-08-22 11:32:44"
"root\speechtokenizer_now\speechtokenizer\废代码文件夹\train_images\bacterial_leaf_streak\103326.jpg","80216","2022-08-22 11:32:44"
"root\speechtokenizer_now\speechtokenizer\废代码文件夹\train_images\bacterial_leaf_streak\103399.jpg","95570","2022-08-22 11:32:44"
"root\speechtokenizer_now\speechtokenizer\废代码文件夹\train_images\bacterial_leaf_streak\103431.jpg","92818","2022-08-22 11:32:44"
"root\speechtokenizer_now\speechtokenizer\废代码文件夹\train_images\bacterial_leaf_streak\103494.jpg","107430","2022-08-22 11:32:44"
"root\speechtokenizer_now\speechtokenizer\废代码文件夹\train_images\bacterial_leaf_streak\103519.jpg","54409","2022-08-22 11:32:44"
"root\speechtokenizer_now\speechtokenizer\废代码文件夹\train_images\bacterial_leaf_streak\103563.jpg","103882","2022-08-22 11:32:44"
"root\speechtokenizer_now\speechtokenizer\废代码文件夹\train_images\bacterial_leaf_streak\103600.jpg","66649","2022-08-22 11:32:46"
"root\speechtokenizer_now\speechtokenizer\废代码文件夹\train_images\bacterial_leaf_streak\103617.jpg","92603","2022-08-22 11:32:46"
"root\speechtokenizer_now\speechtokenizer\废代码文件夹\train_images\bacterial_leaf_streak\103634.jpg","66833","2022-08-22 11:32:46"
"root\speechtokenizer_now\speechtokenizer\废代码文件夹\train_images\bacterial_leaf_streak\103671.jpg","102232","2022-08-22 11:32:46"
"root\speechtokenizer_now\speechtokenizer\废代码文件夹\train_images\bacterial_leaf_streak\103674.jpg","86427","2022-08-22 11:32:46"
"root\speechtokenizer_now\speechtokenizer\废代码文件夹\train_images\bacterial_leaf_streak\103675.jpg","102816","2022-08-22 11:32:46"
"root\speechtokenizer_now\speechtokenizer\废代码文件夹\train_images\bacterial_leaf_streak\103692.jpg","68984","2022-08-22 11:32:46"
"root\speechtokenizer_now\speechtokenizer\废代码文件夹\train_images\bacterial_leaf_streak\103728.jpg","104902","2022-08-22 11:32:46"
"root\speechtokenizer_now\speechtokenizer\废代码文件夹\train_images\bacterial_leaf_streak\103755.jpg","84550","2022-08-22 11:32:46"
"root\speechtokenizer_now\speechtokenizer\废代码文件夹\train_images\bacterial_leaf_streak\103768.jpg","71294","2022-08-22 11:32:46"
"root\speechtokenizer_now\speechtokenizer\废代码文件夹\train_images\bacterial_leaf_streak\103791.jpg","66361","2022-08-22 11:32:46"
"root\speechtokenizer_now\speechtokenizer\废代码文件夹\train_images\bacterial_leaf_streak\103793.jpg","75392","2022-08-22 11:32:46"
"root\speechtokenizer_now\speechtokenizer\废代码文件夹\train_images\bacterial_leaf_streak\103805.jpg","86803","2022-08-22 11:32:46"
"root\speechtokenizer_now\speechtokenizer\废代码文件夹\train_images\bacterial_leaf_streak\103821.jpg","72345","2022-08-22 11:32:46"
"root\speechtokenizer_now\speechtokenizer\废代码文件夹\train_images\bacterial_leaf_streak\103843.jpg","85644","2022-08-22 11:32:46"
"root\speechtokenizer_now\speechtokenizer\废代码文件夹\train_images\bacterial_leaf_streak\103845.jpg","74726","2022-08-22 11:32:46"
"root\speechtokenizer_now\speechtokenizer\废代码文件夹\train_images\bacterial_leaf_streak\103874.jpg","86512","2022-08-22 11:32:46"
"root\speechtokenizer_now\speechtokenizer\废代码文件夹\train_images\bacterial_leaf_streak\103928.jpg","81240","2022-08-22 11:32:46"
"root\speechtokenizer_now\speechtokenizer\废代码文件夹\train_images\bacterial_leaf_streak\103981.jpg","69451","2022-08-22 11:32:46"
"root\speechtokenizer_now\speechtokenizer\废代码文件夹\train_images\bacterial_leaf_streak\104005.jpg","87667","2022-08-22 11:32:46"
"root\speechtokenizer_now\speechtokenizer\废代码文件夹\train_images\bacterial_leaf_streak\104015.jpg","65850","2022-08-22 11:32:46"
"root\speechtokenizer_now\speechtokenizer\废代码文件夹\train_images\bacterial_leaf_streak\104020.jpg","89017","2022-08-22 11:32:46"
"root\speechtokenizer_now\speechtokenizer\废代码文件夹\train_images\bacterial_leaf_streak\104032.jpg","96443","2022-08-22 11:32:46"
"root\speechtokenizer_now\speechtokenizer\废代码文件夹\train_images\bacterial_leaf_streak\104068.jpg","77352","2022-08-22 11:32:46"
"root\speechtokenizer_now\speechtokenizer\废代码文件夹\train_images\bacterial_leaf_streak\104070.jpg","86224","2022-08-22 11:32:46"
"root\speechtokenizer_now\speechtokenizer\废代码文件夹\train_images\bacterial_leaf_streak\104096.jpg","107949","2022-08-22 11:32:46"
"root\speechtokenizer_now\speechtokenizer\废代码文件夹\train_images\bacterial_leaf_streak\104135.jpg","81703","2022-08-22 11:32:46"
"root\speechtokenizer_now\speechtokenizer\废代码文件夹\train_images\bacterial_leaf_streak\104181.jpg","113609","2022-08-22 11:32:46"
"root\speechtokenizer_now\speechtokenizer\废代码文件夹\train_images\bacterial_leaf_streak\104232.jpg","87937","2022-08-22 11:32:46"
"root\speechtokenizer_now\speechtokenizer\废代码文件夹\train_images\bacterial_leaf_streak\104312.jpg","64283","2022-08-22 11:32:46"
"root\speechtokenizer_now\speechtokenizer\废代码文件夹\train_images\bacterial_leaf_streak\104321.jpg","75861","2022-08-22 11:32:46"
"root\speechtokenizer_now\speechtokenizer\废代码文件夹\train_images\bacterial_leaf_streak\104372.jpg","75499","2022-08-22 11:32:46"
"root\speechtokenizer_now\speechtokenizer\废代码文件夹\train_images\bacterial_leaf_streak\104385.jpg","102823","2022-08-22 11:32:46"
"root\speechtokenizer_now\speechtokenizer\废代码文件夹\train_images\bacterial_leaf_streak\104389.jpg","69608","2022-08-22 11:32:46"
"root\speechtokenizer_now\speechtokenizer\废代码文件夹\train_images\bacterial_leaf_streak\104391.jpg","76537","2022-08-22 11:32:46"
"root\speechtokenizer_now\speechtokenizer\废代码文件夹\train_images\bacterial_leaf_streak\104402.jpg","67748","2022-08-22 11:32:46"
"root\speechtokenizer_now\speechtokenizer\废代码文件夹\train_images\bacterial_leaf_streak\104405.jpg","101658","2022-08-22 11:32:46"
"root\speechtokenizer_now\speechtokenizer\废代码文件夹\train_images\bacterial_leaf_streak\104415.jpg","111029","2022-08-22 11:32:46"
"root\speechtokenizer_now\speechtokenizer\废代码文件夹\train_images\bacterial_leaf_streak\104419.jpg","68720","2022-08-22 11:32:46"
"root\speechtokenizer_now\speechtokenizer\废代码文件夹\train_images\bacterial_leaf_streak\104442.jpg","94060","2022-08-22 11:32:46"
"root\speechtokenizer_now\speechtokenizer\废代码文件夹\train_images\bacterial_leaf_streak\104444.jpg","112715","2022-08-22 11:32:46"
"root\speechtokenizer_now\speechtokenizer\废代码文件夹\train_images\bacterial_leaf_streak\104447.jpg","65190","2022-08-22 11:32:46"
"root\speechtokenizer_now\speechtokenizer\废代码文件夹\train_images\bacterial_leaf_streak\104461.jpg","75893","2022-08-22 11:32:46"
"root\speechtokenizer_now\speechtokenizer\废代码文件夹\train_images\bacterial_leaf_streak\104479.jpg","65075","2022-08-22 11:32:46"
"root\speechtokenizer_now\speechtokenizer\废代码文件夹\train_images\bacterial_leaf_streak\104487.jpg","87644","2022-08-22 11:32:46"
"root\speechtokenizer_now\speechtokenizer\废代码文件夹\train_images\bacterial_leaf_streak\104510.jpg","98869","2022-08-22 11:32:46"
"root\speechtokenizer_now\speechtokenizer\废代码文件夹\train_images\bacterial_leaf_streak\104530.jpg","65778","2022-08-22 11:32:46"
"root\speechtokenizer_now\speechtokenizer\废代码文件夹\train_images\bacterial_leaf_streak\104563.jpg","59248","2022-08-22 11:32:46"
"root\speechtokenizer_now\speechtokenizer\废代码文件夹\train_images\bacterial_leaf_streak\104567.jpg","78440","2022-08-22 11:32:46"
"root\speechtokenizer_now\speechtokenizer\废代码文件夹\train_images\bacterial_leaf_streak\104582.jpg","67904","2022-08-22 11:32:46"
"root\speechtokenizer_now\speechtokenizer\废代码文件夹\train_images\bacterial_leaf_streak\104590.jpg","103488","2022-08-22 11:32:46"
"root\speechtokenizer_now\speechtokenizer\废代码文件夹\train_images\bacterial_leaf_streak\104620.jpg","77099","2022-08-22 11:32:46"
"root\speechtokenizer_now\speechtokenizer\废代码文件夹\train_images\bacterial_leaf_streak\104621.jpg","95379","2022-08-22 11:32:46"
"root\speechtokenizer_now\speechtokenizer\废代码文件夹\train_images\bacterial_leaf_streak\104622.jpg","103092","2022-08-22 11:32:46"
"root\speechtokenizer_now\speechtokenizer\废代码文件夹\train_images\bacterial_leaf_streak\104724.jpg","87547","2022-08-22 11:32:46"
"root\speechtokenizer_now\speechtokenizer\废代码文件夹\train_images\bacterial_leaf_streak\104726.jpg","69834","2022-08-22 11:32:46"
"root\speechtokenizer_now\speechtokenizer\废代码文件夹\train_images\bacterial_leaf_streak\104787.jpg","94396","2022-08-22 11:32:46"
"root\speechtokenizer_now\speechtokenizer\废代码文件夹\train_images\bacterial_leaf_streak\104797.jpg","63912","2022-08-22 11:32:46"
"root\speechtokenizer_now\speechtokenizer\废代码文件夹\train_images\bacterial_leaf_streak\104808.jpg","97337","2022-08-22 11:32:46"
"root\speechtokenizer_now\speechtokenizer\废代码文件夹\train_images\bacterial_leaf_streak\104809.jpg","88239","2022-08-22 11:32:46"
"root\speechtokenizer_now\speechtokenizer\废代码文件夹\train_images\bacterial_leaf_streak\104872.jpg","93813","2022-08-22 11:32:46"
"root\speechtokenizer_now\speechtokenizer\废代码文件夹\train_images\bacterial_leaf_streak\104881.jpg","92892","2022-08-22 11:32:46"
"root\speechtokenizer_now\speechtokenizer\废代码文件夹\train_images\bacterial_leaf_streak\104885.jpg","94075","2022-08-22 11:32:46"
"root\speechtokenizer_now\speechtokenizer\废代码文件夹\train_images\bacterial_leaf_streak\104926.jpg","65281","2022-08-22 11:32:46"
"root\speechtokenizer_now\speechtokenizer\废代码文件夹\train_images\bacterial_leaf_streak\104988.jpg","90576","2022-08-22 11:32:46"
"root\speechtokenizer_now\speechtokenizer\废代码文件夹\train_images\bacterial_leaf_streak\104998.jpg","112156","2022-08-22 11:32:46"
"root\speechtokenizer_now\speechtokenizer\废代码文件夹\train_images\bacterial_leaf_streak\105025.jpg","66477","2022-08-22 11:32:46"
"root\speechtokenizer_now\speechtokenizer\废代码文件夹\train_images\bacterial_leaf_streak\105027.jpg","57321","2022-08-22 11:32:46"
"root\speechtokenizer_now\speechtokenizer\废代码文件夹\train_images\bacterial_leaf_streak\105069.jpg","68936","2022-08-22 11:32:46"
"root\speechtokenizer_now\speechtokenizer\废代码文件夹\train_images\bacterial_leaf_streak\105152.jpg","105099","2022-08-22 11:32:46"
"root\speechtokenizer_now\speechtokenizer\废代码文件夹\train_images\bacterial_leaf_streak\105174.jpg","100234","2022-08-22 11:32:46"
"root\speechtokenizer_now\speechtokenizer\废代码文件夹\train_images\bacterial_leaf_streak\105201.jpg","71108","2022-08-22 11:32:46"
"root\speechtokenizer_now\speechtokenizer\废代码文件夹\train_images\bacterial_leaf_streak\105219.jpg","65622","2022-08-22 11:32:46"
"root\speechtokenizer_now\speechtokenizer\废代码文件夹\train_images\bacterial_leaf_streak\105221.jpg","73166","2022-08-22 11:32:46"
"root\speechtokenizer_now\speechtokenizer\废代码文件夹\train_images\bacterial_leaf_streak\105224.jpg","54457","2022-08-22 11:32:46"
"root\speechtokenizer_now\speechtokenizer\废代码文件夹\train_images\bacterial_leaf_streak\105230.jpg","68105","2022-08-22 11:32:46"
"root\speechtokenizer_now\speechtokenizer\废代码文件夹\train_images\bacterial_leaf_streak\105256.jpg","105508","2022-08-22 11:32:46"
"root\speechtokenizer_now\speechtokenizer\废代码文件夹\train_images\bacterial_leaf_streak\105265.jpg","105217","2022-08-22 11:32:46"
"root\speechtokenizer_now\speechtokenizer\废代码文件夹\train_images\bacterial_leaf_streak\105297.jpg","95510","2022-08-22 11:32:46"
"root\speechtokenizer_now\speechtokenizer\废代码文件夹\train_images\bacterial_leaf_streak\105302.jpg","95291","2022-08-22 11:32:46"
"root\speechtokenizer_now\speechtokenizer\废代码文件夹\train_images\bacterial_leaf_streak\105309.jpg","76443","2022-08-22 11:32:46"
"root\speechtokenizer_now\speechtokenizer\废代码文件夹\train_images\bacterial_leaf_streak\105323.jpg","65315","2022-08-22 11:32:46"
"root\speechtokenizer_now\speechtokenizer\废代码文件夹\train_images\bacterial_leaf_streak\105340.jpg","76969","2022-08-22 11:32:46"
"root\speechtokenizer_now\speechtokenizer\废代码文件夹\train_images\bacterial_leaf_streak\105364.jpg","65321","2022-08-22 11:32:46"
"root\speechtokenizer_now\speechtokenizer\废代码文件夹\train_images\bacterial_leaf_streak\105378.jpg","68416","2022-08-22 11:32:46"
"root\speechtokenizer_now\speechtokenizer\废代码文件夹\train_images\bacterial_leaf_streak\105386.jpg","72703","2022-08-22 11:32:46"
"root\speechtokenizer_now\speechtokenizer\废代码文件夹\train_images\bacterial_leaf_streak\105403.jpg","77713","2022-08-22 11:32:46"
"root\speechtokenizer_now\speechtokenizer\废代码文件夹\train_images\bacterial_leaf_streak\105424.jpg","65897","2022-08-22 11:32:46"
"root\speechtokenizer_now\speechtokenizer\废代码文件夹\train_images\bacterial_leaf_streak\105454.jpg","65645","2022-08-22 11:32:46"
"root\speechtokenizer_now\speechtokenizer\废代码文件夹\train_images\bacterial_leaf_streak\105457.jpg","88156","2022-08-22 11:32:46"
"root\speechtokenizer_now\speechtokenizer\废代码文件夹\train_images\bacterial_leaf_streak\105564.jpg","82973","2022-08-22 11:32:46"
"root\speechtokenizer_now\speechtokenizer\废代码文件夹\train_images\bacterial_leaf_streak\105580.jpg","75879","2022-08-22 11:32:46"
"root\speechtokenizer_now\speechtokenizer\废代码文件夹\train_images\bacterial_leaf_streak\105584.jpg","67604","2022-08-22 11:32:46"
"root\speechtokenizer_now\speechtokenizer\废代码文件夹\train_images\bacterial_leaf_streak\105588.jpg","112951","2022-08-22 11:32:46"
"root\speechtokenizer_now\speechtokenizer\废代码文件夹\train_images\bacterial_leaf_streak\105589.jpg","65439","2022-08-22 11:32:46"
"root\speechtokenizer_now\speechtokenizer\废代码文件夹\train_images\bacterial_leaf_streak\105591.jpg","108001","2022-08-22 11:32:46"
"root\speechtokenizer_now\speechtokenizer\废代码文件夹\train_images\bacterial_leaf_streak\105603.jpg","79320","2022-08-22 11:32:46"
"root\speechtokenizer_now\speechtokenizer\废代码文件夹\train_images\bacterial_leaf_streak\105635.jpg","102805","2022-08-22 11:32:46"
"root\speechtokenizer_now\speechtokenizer\废代码文件夹\train_images\bacterial_leaf_streak\105684.jpg","87850","2022-08-22 11:32:46"
"root\speechtokenizer_now\speechtokenizer\废代码文件夹\train_images\bacterial_leaf_streak\105707.jpg","56594","2022-08-22 11:32:46"
"root\speechtokenizer_now\speechtokenizer\废代码文件夹\train_images\bacterial_leaf_streak\105745.jpg","97315","2022-08-22 11:32:46"
"root\speechtokenizer_now\speechtokenizer\废代码文件夹\train_images\bacterial_leaf_streak\105772.jpg","103727","2022-08-22 11:32:46"
"root\speechtokenizer_now\speechtokenizer\废代码文件夹\train_images\bacterial_leaf_streak\105776.jpg","66437","2022-08-22 11:32:46"
"root\speechtokenizer_now\speechtokenizer\废代码文件夹\train_images\bacterial_leaf_streak\105815.jpg","78332","2022-08-22 11:32:46"
"root\speechtokenizer_now\speechtokenizer\废代码文件夹\train_images\bacterial_leaf_streak\105828.jpg","76220","2022-08-22 11:32:46"
"root\speechtokenizer_now\speechtokenizer\废代码文件夹\train_images\bacterial_leaf_streak\105850.jpg","70752","2022-08-22 11:32:46"
"root\speechtokenizer_now\speechtokenizer\废代码文件夹\train_images\bacterial_leaf_streak\105894.jpg","98449","2022-08-22 11:32:46"
"root\speechtokenizer_now\speechtokenizer\废代码文件夹\train_images\bacterial_leaf_streak\106019.jpg","76158","2022-08-22 11:32:46"
"root\speechtokenizer_now\speechtokenizer\废代码文件夹\train_images\bacterial_leaf_streak\106054.jpg","103717","2022-08-22 11:32:46"
"root\speechtokenizer_now\speechtokenizer\废代码文件夹\train_images\bacterial_leaf_streak\106055.jpg","103442","2022-08-22 11:32:46"
"root\speechtokenizer_now\speechtokenizer\废代码文件夹\train_images\bacterial_leaf_streak\106095.jpg","68831","2022-08-22 11:32:46"
"root\speechtokenizer_now\speechtokenizer\废代码文件夹\train_images\bacterial_leaf_streak\106096.jpg","69435","2022-08-22 11:32:46"
"root\speechtokenizer_now\speechtokenizer\废代码文件夹\train_images\bacterial_leaf_streak\106104.jpg","70704","2022-08-22 11:32:46"
"root\speechtokenizer_now\speechtokenizer\废代码文件夹\train_images\bacterial_leaf_streak\106123.jpg","101578","2022-08-22 11:32:46"
"root\speechtokenizer_now\speechtokenizer\废代码文件夹\train_images\bacterial_leaf_streak\106131.jpg","71163","2022-08-22 11:32:46"
"root\speechtokenizer_now\speechtokenizer\废代码文件夹\train_images\bacterial_leaf_streak\106225.jpg","107458","2022-08-22 11:32:46"
"root\speechtokenizer_now\speechtokenizer\废代码文件夹\train_images\bacterial_leaf_streak\106378.jpg","113548","2022-08-22 11:32:46"
"root\speechtokenizer_now\speechtokenizer\废代码文件夹\train_images\bacterial_leaf_streak\106379.jpg","65776","2022-08-22 11:32:46"
"root\speechtokenizer_now\speechtokenizer\废代码文件夹\train_images\bacterial_leaf_streak\106423.jpg","91249","2022-08-22 11:32:46"
"root\speechtokenizer_now\speechtokenizer\废代码文件夹\train_images\bacterial_leaf_streak\106455.jpg","112744","2022-08-22 11:32:46"
"root\speechtokenizer_now\speechtokenizer\废代码文件夹\train_images\bacterial_leaf_streak\106459.jpg","95735","2022-08-22 11:32:46"
"root\speechtokenizer_now\speechtokenizer\废代码文件夹\train_images\bacterial_leaf_streak\106492.jpg","68691","2022-08-22 11:32:46"
"root\speechtokenizer_now\speechtokenizer\废代码文件夹\train_images\bacterial_leaf_streak\106496.jpg","66969","2022-08-22 11:32:46"
"root\speechtokenizer_now\speechtokenizer\废代码文件夹\train_images\bacterial_leaf_streak\106529.jpg","100093","2022-08-22 11:32:46"
"root\speechtokenizer_now\speechtokenizer\废代码文件夹\train_images\bacterial_leaf_streak\106586.jpg","78178","2022-08-22 11:32:46"
"root\speechtokenizer_now\speechtokenizer\废代码文件夹\train_images\bacterial_leaf_streak\106777.jpg","111263","2022-08-22 11:32:46"
"root\speechtokenizer_now\speechtokenizer\废代码文件夹\train_images\bacterial_leaf_streak\106805.jpg","87951","2022-08-22 11:32:46"
"root\speechtokenizer_now\speechtokenizer\废代码文件夹\train_images\bacterial_leaf_streak\106827.jpg","86112","2022-08-22 11:32:46"
"root\speechtokenizer_now\speechtokenizer\废代码文件夹\train_images\bacterial_leaf_streak\106848.jpg","65255","2022-08-22 11:32:46"
"root\speechtokenizer_now\speechtokenizer\废代码文件夹\train_images\bacterial_leaf_streak\106911.jpg","66117","2022-08-22 11:32:46"
"root\speechtokenizer_now\speechtokenizer\废代码文件夹\train_images\bacterial_leaf_streak\106974.jpg","88876","2022-08-22 11:32:46"
"root\speechtokenizer_now\speechtokenizer\废代码文件夹\train_images\bacterial_leaf_streak\107006.jpg","96381","2022-08-22 11:32:46"
"root\speechtokenizer_now\speechtokenizer\废代码文件夹\train_images\bacterial_leaf_streak\107038.jpg","68995","2022-08-22 11:32:46"
"root\speechtokenizer_now\speechtokenizer\废代码文件夹\train_images\bacterial_leaf_streak\107051.jpg","113286","2022-08-22 11:32:46"
"root\speechtokenizer_now\speechtokenizer\废代码文件夹\train_images\bacterial_leaf_streak\107084.jpg","87926","2022-08-22 11:32:46"
"root\speechtokenizer_now\speechtokenizer\废代码文件夹\train_images\bacterial_leaf_streak\107113.jpg","76909","2022-08-22 11:32:46"
"root\speechtokenizer_now\speechtokenizer\废代码文件夹\train_images\bacterial_leaf_streak\107150.jpg","77621","2022-08-22 11:32:46"
"root\speechtokenizer_now\speechtokenizer\废代码文件夹\train_images\bacterial_leaf_streak\107179.jpg","105205","2022-08-22 11:32:46"
"root\speechtokenizer_now\speechtokenizer\废代码文件夹\train_images\bacterial_leaf_streak\107200.jpg","89240","2022-08-22 11:32:46"
"root\speechtokenizer_now\speechtokenizer\废代码文件夹\train_images\bacterial_leaf_streak\107219.jpg","79586","2022-08-22 11:32:46"
"root\speechtokenizer_now\speechtokenizer\废代码文件夹\train_images\bacterial_leaf_streak\107224.jpg","68153","2022-08-22 11:32:46"
"root\speechtokenizer_now\speechtokenizer\废代码文件夹\train_images\bacterial_leaf_streak\107226.jpg","78045","2022-08-22 11:32:46"
"root\speechtokenizer_now\speechtokenizer\废代码文件夹\train_images\bacterial_leaf_streak\107278.jpg","93650","2022-08-22 11:32:46"
"root\speechtokenizer_now\speechtokenizer\废代码文件夹\train_images\bacterial_leaf_streak\107305.jpg","88397","2022-08-22 11:32:46"
"root\speechtokenizer_now\speechtokenizer\废代码文件夹\train_images\bacterial_leaf_streak\107328.jpg","96331","2022-08-22 11:32:46"
"root\speechtokenizer_now\speechtokenizer\废代码文件夹\train_images\bacterial_leaf_streak\107334.jpg","111797","2022-08-22 11:32:46"
"root\speechtokenizer_now\speechtokenizer\废代码文件夹\train_images\bacterial_leaf_streak\107341.jpg","67204","2022-08-22 11:32:46"
"root\speechtokenizer_now\speechtokenizer\废代码文件夹\train_images\bacterial_leaf_streak\107350.jpg","75555","2022-08-22 11:32:46"
"root\speechtokenizer_now\speechtokenizer\废代码文件夹\train_images\bacterial_leaf_streak\107382.jpg","67972","2022-08-22 11:32:46"
"root\speechtokenizer_now\speechtokenizer\废代码文件夹\train_images\bacterial_leaf_streak\107409.jpg","95312","2022-08-22 11:32:46"
"root\speechtokenizer_now\speechtokenizer\废代码文件夹\train_images\bacterial_leaf_streak\107479.jpg","74384","2022-08-22 11:32:46"
"root\speechtokenizer_now\speechtokenizer\废代码文件夹\train_images\bacterial_leaf_streak\107549.jpg","69655","2022-08-22 11:32:46"
"root\speechtokenizer_now\speechtokenizer\废代码文件夹\train_images\bacterial_leaf_streak\107554.jpg","69720","2022-08-22 11:32:46"
"root\speechtokenizer_now\speechtokenizer\废代码文件夹\train_images\bacterial_leaf_streak\107570.jpg","69080","2022-08-22 11:32:46"
"root\speechtokenizer_now\speechtokenizer\废代码文件夹\train_images\bacterial_leaf_streak\107630.jpg","79988","2022-08-22 11:32:46"
"root\speechtokenizer_now\speechtokenizer\废代码文件夹\train_images\bacterial_leaf_streak\107634.jpg","69426","2022-08-22 11:32:46"
"root\speechtokenizer_now\speechtokenizer\废代码文件夹\train_images\bacterial_leaf_streak\107644.jpg","74342","2022-08-22 11:32:46"
"root\speechtokenizer_now\speechtokenizer\废代码文件夹\train_images\bacterial_leaf_streak\107666.jpg","75904","2022-08-22 11:32:46"
"root\speechtokenizer_now\speechtokenizer\废代码文件夹\train_images\bacterial_leaf_streak\107674.jpg","90577","2022-08-22 11:32:46"
"root\speechtokenizer_now\speechtokenizer\废代码文件夹\train_images\bacterial_leaf_streak\107734.jpg","86502","2022-08-22 11:32:46"
"root\speechtokenizer_now\speechtokenizer\废代码文件夹\train_images\bacterial_leaf_streak\107736.jpg","95311","2022-08-22 11:32:46"
"root\speechtokenizer_now\speechtokenizer\废代码文件夹\train_images\bacterial_leaf_streak\107742.jpg","90880","2022-08-22 11:32:46"
"root\speechtokenizer_now\speechtokenizer\废代码文件夹\train_images\bacterial_leaf_streak\107749.jpg","80029","2022-08-22 11:32:46"
"root\speechtokenizer_now\speechtokenizer\废代码文件夹\train_images\bacterial_leaf_streak\107825.jpg","85629","2022-08-22 11:32:46"
"root\speechtokenizer_now\speechtokenizer\废代码文件夹\train_images\bacterial_leaf_streak\107828.jpg","96431","2022-08-22 11:32:46"
"root\speechtokenizer_now\speechtokenizer\废代码文件夹\train_images\bacterial_leaf_streak\107841.jpg","56636","2022-08-22 11:32:46"
"root\speechtokenizer_now\speechtokenizer\废代码文件夹\train_images\bacterial_leaf_streak\107892.jpg","68949","2022-08-22 11:32:46"
"root\speechtokenizer_now\speechtokenizer\废代码文件夹\train_images\bacterial_leaf_streak\107912.jpg","74958","2022-08-22 11:32:46"
"root\speechtokenizer_now\speechtokenizer\废代码文件夹\train_images\bacterial_leaf_streak\107925.jpg","67026","2022-08-22 11:32:46"
"root\speechtokenizer_now\speechtokenizer\废代码文件夹\train_images\bacterial_leaf_streak\107956.jpg","81614","2022-08-22 11:32:46"
"root\speechtokenizer_now\speechtokenizer\废代码文件夹\train_images\bacterial_leaf_streak\107982.jpg","69207","2022-08-22 11:32:46"
"root\speechtokenizer_now\speechtokenizer\废代码文件夹\train_images\bacterial_leaf_streak\107984.jpg","65809","2022-08-22 11:32:46"
"root\speechtokenizer_now\speechtokenizer\废代码文件夹\train_images\bacterial_leaf_streak\108019.jpg","76062","2022-08-22 11:32:46"
"root\speechtokenizer_now\speechtokenizer\废代码文件夹\train_images\bacterial_leaf_streak\108022.jpg","69752","2022-08-22 11:32:46"
"root\speechtokenizer_now\speechtokenizer\废代码文件夹\train_images\bacterial_leaf_streak\108071.jpg","86014","2022-08-22 11:32:46"
"root\speechtokenizer_now\speechtokenizer\废代码文件夹\train_images\bacterial_leaf_streak\108076.jpg","91166","2022-08-22 11:32:46"
"root\speechtokenizer_now\speechtokenizer\废代码文件夹\train_images\bacterial_leaf_streak\108089.jpg","69491","2022-08-22 11:32:46"
"root\speechtokenizer_now\speechtokenizer\废代码文件夹\train_images\bacterial_leaf_streak\108241.jpg","80372","2022-08-22 11:32:46"
"root\speechtokenizer_now\speechtokenizer\废代码文件夹\train_images\bacterial_leaf_streak\108246.jpg","107796","2022-08-22 11:32:46"
"root\speechtokenizer_now\speechtokenizer\废代码文件夹\train_images\bacterial_leaf_streak\108249.jpg","65028","2022-08-22 11:32:46"
"root\speechtokenizer_now\speechtokenizer\废代码文件夹\train_images\bacterial_leaf_streak\108253.jpg","88247","2022-08-22 11:32:46"
"root\speechtokenizer_now\speechtokenizer\废代码文件夹\train_images\bacterial_leaf_streak\108304.jpg","66335","2022-08-22 11:32:46"
"root\speechtokenizer_now\speechtokenizer\废代码文件夹\train_images\bacterial_leaf_streak\108321.jpg","103129","2022-08-22 11:32:46"
"root\speechtokenizer_now\speechtokenizer\废代码文件夹\train_images\bacterial_leaf_streak\108329.jpg","69254","2022-08-22 11:32:46"
"root\speechtokenizer_now\speechtokenizer\废代码文件夹\train_images\bacterial_leaf_streak\108342.jpg","109317","2022-08-22 11:32:46"
"root\speechtokenizer_now\speechtokenizer\废代码文件夹\train_images\bacterial_leaf_streak\108347.jpg","100388","2022-08-22 11:32:46"
"root\speechtokenizer_now\speechtokenizer\废代码文件夹\train_images\bacterial_leaf_streak\108370.jpg","68496","2022-08-22 11:32:46"
"root\speechtokenizer_now\speechtokenizer\废代码文件夹\train_images\bacterial_leaf_streak\108466.jpg","79688","2022-08-22 11:32:46"
"root\speechtokenizer_now\speechtokenizer\废代码文件夹\train_images\bacterial_leaf_streak\108477.jpg","73439","2022-08-22 11:32:46"
"root\speechtokenizer_now\speechtokenizer\废代码文件夹\train_images\bacterial_leaf_streak\108482.jpg","72036","2022-08-22 11:32:46"
"root\speechtokenizer_now\speechtokenizer\废代码文件夹\train_images\bacterial_leaf_streak\108486.jpg","105886","2022-08-22 11:32:46"
"root\speechtokenizer_now\speechtokenizer\废代码文件夹\train_images\bacterial_leaf_streak\108577.jpg","92502","2022-08-22 11:32:46"
"root\speechtokenizer_now\speechtokenizer\废代码文件夹\train_images\bacterial_leaf_streak\108603.jpg","104488","2022-08-22 11:32:46"
"root\speechtokenizer_now\speechtokenizer\废代码文件夹\train_images\bacterial_leaf_streak\108656.jpg","79340","2022-08-22 11:32:46"
"root\speechtokenizer_now\speechtokenizer\废代码文件夹\train_images\bacterial_leaf_streak\108674.jpg","105239","2022-08-22 11:32:46"
"root\speechtokenizer_now\speechtokenizer\废代码文件夹\train_images\bacterial_leaf_streak\108793.jpg","67241","2022-08-22 11:32:46"
"root\speechtokenizer_now\speechtokenizer\废代码文件夹\train_images\bacterial_leaf_streak\108861.jpg","97609","2022-08-22 11:32:46"
"root\speechtokenizer_now\speechtokenizer\废代码文件夹\train_images\bacterial_leaf_streak\108864.jpg","66654","2022-08-22 11:32:46"
"root\speechtokenizer_now\speechtokenizer\废代码文件夹\train_images\bacterial_leaf_streak\108907.jpg","102973","2022-08-22 11:32:46"
"root\speechtokenizer_now\speechtokenizer\废代码文件夹\train_images\bacterial_leaf_streak\108944.jpg","62300","2022-08-22 11:32:46"
"root\speechtokenizer_now\speechtokenizer\废代码文件夹\train_images\bacterial_leaf_streak\108946.jpg","105913","2022-08-22 11:32:46"
"root\speechtokenizer_now\speechtokenizer\废代码文件夹\train_images\bacterial_leaf_streak\108960.jpg","97458","2022-08-22 11:32:46"
"root\speechtokenizer_now\speechtokenizer\废代码文件夹\train_images\bacterial_leaf_streak\109008.jpg","82110","2022-08-22 11:32:46"
"root\speechtokenizer_now\speechtokenizer\废代码文件夹\train_images\bacterial_leaf_streak\109040.jpg","102346","2022-08-22 11:32:46"
"root\speechtokenizer_now\speechtokenizer\废代码文件夹\train_images\bacterial_leaf_streak\109045.jpg","93899","2022-08-22 11:32:46"
"root\speechtokenizer_now\speechtokenizer\废代码文件夹\train_images\bacterial_leaf_streak\109065.jpg","100861","2022-08-22 11:32:46"
"root\speechtokenizer_now\speechtokenizer\废代码文件夹\train_images\bacterial_leaf_streak\109091.jpg","87421","2022-08-22 11:32:46"
"root\speechtokenizer_now\speechtokenizer\废代码文件夹\train_images\bacterial_leaf_streak\109106.jpg","110359","2022-08-22 11:32:46"
"root\speechtokenizer_now\speechtokenizer\废代码文件夹\train_images\bacterial_leaf_streak\109138.jpg","82661","2022-08-22 11:32:46"
"root\speechtokenizer_now\speechtokenizer\废代码文件夹\train_images\bacterial_leaf_streak\109186.jpg","86148","2022-08-22 11:32:46"
"root\speechtokenizer_now\speechtokenizer\废代码文件夹\train_images\bacterial_leaf_streak\109191.jpg","97689","2022-08-22 11:32:46"
"root\speechtokenizer_now\speechtokenizer\废代码文件夹\train_images\bacterial_leaf_streak\109210.jpg","103571","2022-08-22 11:32:46"
"root\speechtokenizer_now\speechtokenizer\废代码文件夹\train_images\bacterial_leaf_streak\109233.jpg","102202","2022-08-22 11:32:46"
"root\speechtokenizer_now\speechtokenizer\废代码文件夹\train_images\bacterial_leaf_streak\109234.jpg","97255","2022-08-22 11:32:46"
"root\speechtokenizer_now\speechtokenizer\废代码文件夹\train_images\bacterial_leaf_streak\109261.jpg","104057","2022-08-22 11:32:46"
"root\speechtokenizer_now\speechtokenizer\废代码文件夹\train_images\bacterial_leaf_streak\109268.jpg","87969","2022-08-22 11:32:46"
"root\speechtokenizer_now\speechtokenizer\废代码文件夹\train_images\bacterial_leaf_streak\109341.jpg","101781","2022-08-22 11:32:46"
"root\speechtokenizer_now\speechtokenizer\废代码文件夹\train_images\bacterial_leaf_streak\109391.jpg","94660","2022-08-22 11:32:46"
"root\speechtokenizer_now\speechtokenizer\废代码文件夹\train_images\bacterial_leaf_streak\109396.jpg","87753","2022-08-22 11:32:46"
"root\speechtokenizer_now\speechtokenizer\废代码文件夹\train_images\bacterial_leaf_streak\109474.jpg","87351","2022-08-22 11:32:46"
"root\speechtokenizer_now\speechtokenizer\废代码文件夹\train_images\bacterial_leaf_streak\109476.jpg","95517","2022-08-22 11:32:46"
"root\speechtokenizer_now\speechtokenizer\废代码文件夹\train_images\bacterial_leaf_streak\109496.jpg","81828","2022-08-22 11:32:46"
"root\speechtokenizer_now\speechtokenizer\废代码文件夹\train_images\bacterial_leaf_streak\109563.jpg","84742","2022-08-22 11:32:46"
"root\speechtokenizer_now\speechtokenizer\废代码文件夹\train_images\bacterial_leaf_streak\109566.jpg","85414","2022-08-22 11:32:46"
"root\speechtokenizer_now\speechtokenizer\废代码文件夹\train_images\bacterial_leaf_streak\109594.jpg","65672","2022-08-22 11:32:46"
"root\speechtokenizer_now\speechtokenizer\废代码文件夹\train_images\bacterial_leaf_streak\109623.jpg","68603","2022-08-22 11:32:46"
"root\speechtokenizer_now\speechtokenizer\废代码文件夹\train_images\bacterial_leaf_streak\109678.jpg","69603","2022-08-22 11:32:46"
"root\speechtokenizer_now\speechtokenizer\废代码文件夹\train_images\bacterial_leaf_streak\109679.jpg","78532","2022-08-22 11:32:46"
"root\speechtokenizer_now\speechtokenizer\废代码文件夹\train_images\bacterial_leaf_streak\109703.jpg","71933","2022-08-22 11:32:46"
"root\speechtokenizer_now\speechtokenizer\废代码文件夹\train_images\bacterial_leaf_streak\109754.jpg","86416","2022-08-22 11:32:46"
"root\speechtokenizer_now\speechtokenizer\废代码文件夹\train_images\bacterial_leaf_streak\109788.jpg","76882","2022-08-22 11:32:46"
"root\speechtokenizer_now\speechtokenizer\废代码文件夹\train_images\bacterial_leaf_streak\109794.jpg","68200","2022-08-22 11:32:46"
"root\speechtokenizer_now\speechtokenizer\废代码文件夹\train_images\bacterial_leaf_streak\109814.jpg","103649","2022-08-22 11:32:46"
"root\speechtokenizer_now\speechtokenizer\废代码文件夹\train_images\bacterial_leaf_streak\109824.jpg","101657","2022-08-22 11:32:46"
"root\speechtokenizer_now\speechtokenizer\废代码文件夹\train_images\bacterial_leaf_streak\109849.jpg","75458","2022-08-22 11:32:46"
"root\speechtokenizer_now\speechtokenizer\废代码文件夹\train_images\bacterial_leaf_streak\109858.jpg","97286","2022-08-22 11:32:46"
"root\speechtokenizer_now\speechtokenizer\废代码文件夹\train_images\bacterial_leaf_streak\109887.jpg","94870","2022-08-22 11:32:46"
"root\speechtokenizer_now\speechtokenizer\废代码文件夹\train_images\bacterial_leaf_streak\109893.jpg","65561","2022-08-22 11:32:46"
"root\speechtokenizer_now\speechtokenizer\废代码文件夹\train_images\bacterial_leaf_streak\109906.jpg","66342","2022-08-22 11:32:46"
"root\speechtokenizer_now\speechtokenizer\废代码文件夹\train_images\bacterial_leaf_streak\109916.jpg","77205","2022-08-22 11:32:46"
"root\speechtokenizer_now\speechtokenizer\废代码文件夹\train_images\bacterial_leaf_streak\109925.jpg","100167","2022-08-22 11:32:46"
"root\speechtokenizer_now\speechtokenizer\废代码文件夹\train_images\bacterial_leaf_streak\109962.jpg","68071","2022-08-22 11:32:46"
"root\speechtokenizer_now\speechtokenizer\废代码文件夹\train_images\bacterial_leaf_streak\109973.jpg","83345","2022-08-22 11:32:46"
"root\speechtokenizer_now\speechtokenizer\废代码文件夹\train_images\bacterial_leaf_streak\109979.jpg","95464","2022-08-22 11:32:46"
"root\speechtokenizer_now\speechtokenizer\废代码文件夹\train_images\bacterial_leaf_streak\110061.jpg","108924","2022-08-22 11:32:46"
"root\speechtokenizer_now\speechtokenizer\废代码文件夹\train_images\bacterial_leaf_streak\110112.jpg","105182","2022-08-22 11:32:46"
"root\speechtokenizer_now\speechtokenizer\废代码文件夹\train_images\bacterial_leaf_streak\110173.jpg","96319","2022-08-22 11:32:46"
"root\speechtokenizer_now\speechtokenizer\废代码文件夹\train_images\bacterial_leaf_streak\110178.jpg","104120","2022-08-22 11:32:46"
"root\speechtokenizer_now\speechtokenizer\废代码文件夹\train_images\bacterial_leaf_streak\110194.jpg","74240","2022-08-22 11:32:46"
"root\speechtokenizer_now\speechtokenizer\废代码文件夹\train_images\bacterial_leaf_streak\110210.jpg","88266","2022-08-22 11:32:46"
"root\speechtokenizer_now\speechtokenizer\废代码文件夹\train_images\bacterial_leaf_streak\110217.jpg","65641","2022-08-22 11:32:46"
"root\speechtokenizer_now\speechtokenizer\废代码文件夹\train_images\bacterial_leaf_streak\110226.jpg","68708","2022-08-22 11:32:46"
"root\speechtokenizer_now\speechtokenizer\废代码文件夹\train_images\bacterial_leaf_streak\110260.jpg","67082","2022-08-22 11:32:46"
"root\speechtokenizer_now\speechtokenizer\废代码文件夹\train_images\bacterial_leaf_streak\110363.jpg","68132","2022-08-22 11:32:46"
"root\speechtokenizer_now\speechtokenizer\废代码文件夹\train_images\bacterial_leaf_streak\110366.jpg","72799","2022-08-22 11:32:46"
"root\speechtokenizer_now\speechtokenizer\废代码文件夹\train_images\bacterial_panicle_blight\100043.jpg","57932","2022-08-22 11:32:46"
"root\speechtokenizer_now\speechtokenizer\废代码文件夹\train_images\bacterial_panicle_blight\100058.jpg","82569","2022-08-22 11:32:46"
"root\speechtokenizer_now\speechtokenizer\废代码文件夹\train_images\bacterial_panicle_blight\100068.jpg","66733","2022-08-22 11:32:46"
"root\speechtokenizer_now\speechtokenizer\废代码文件夹\train_images\bacterial_panicle_blight\100071.jpg","69376","2022-08-22 11:32:46"
"root\speechtokenizer_now\speechtokenizer\废代码文件夹\train_images\bacterial_panicle_blight\100180.jpg","48689","2022-08-22 11:32:46"
"root\speechtokenizer_now\speechtokenizer\废代码文件夹\train_images\bacterial_panicle_blight\100190.jpg","95778","2022-08-22 11:32:46"
"root\speechtokenizer_now\speechtokenizer\废代码文件夹\train_images\bacterial_panicle_blight\100243.jpg","77915","2022-08-22 11:32:46"
"root\speechtokenizer_now\speechtokenizer\废代码文件夹\train_images\bacterial_panicle_blight\100251.jpg","77680","2022-08-22 11:32:46"
"root\speechtokenizer_now\speechtokenizer\废代码文件夹\train_images\bacterial_panicle_blight\100254.jpg","87505","2022-08-22 11:32:46"
"root\speechtokenizer_now\speechtokenizer\废代码文件夹\train_images\bacterial_panicle_blight\100314.jpg","100798","2022-08-22 11:32:46"
"root\speechtokenizer_now\speechtokenizer\废代码文件夹\train_images\bacterial_panicle_blight\100352.jpg","57920","2022-08-22 11:32:46"
"root\speechtokenizer_now\speechtokenizer\废代码文件夹\train_images\bacterial_panicle_blight\100375.jpg","93613","2022-08-22 11:32:46"
"root\speechtokenizer_now\speechtokenizer\废代码文件夹\train_images\bacterial_panicle_blight\100377.jpg","70239","2022-08-22 11:32:46"
"root\speechtokenizer_now\speechtokenizer\废代码文件夹\train_images\bacterial_panicle_blight\100383.jpg","76889","2022-08-22 11:32:46"
"root\speechtokenizer_now\speechtokenizer\废代码文件夹\train_images\bacterial_panicle_blight\100397.jpg","59335","2022-08-22 11:32:46"
"root\speechtokenizer_now\speechtokenizer\废代码文件夹\train_images\bacterial_panicle_blight\100402.jpg","87612","2022-08-22 11:32:46"
"root\speechtokenizer_now\speechtokenizer\废代码文件夹\train_images\bacterial_panicle_blight\100414.jpg","61045","2022-08-22 11:32:46"
"root\speechtokenizer_now\speechtokenizer\废代码文件夹\train_images\bacterial_panicle_blight\100446.jpg","66422","2022-08-22 11:32:46"
"root\speechtokenizer_now\speechtokenizer\废代码文件夹\train_images\bacterial_panicle_blight\100466.jpg","63128","2022-08-22 11:32:46"
"root\speechtokenizer_now\speechtokenizer\废代码文件夹\train_images\bacterial_panicle_blight\100495.jpg","58140","2022-08-22 11:32:46"
"root\speechtokenizer_now\speechtokenizer\废代码文件夹\train_images\bacterial_panicle_blight\100601.jpg","77361","2022-08-22 11:32:46"
"root\speechtokenizer_now\speechtokenizer\废代码文件夹\train_images\bacterial_panicle_blight\100610.jpg","55991","2022-08-22 11:32:46"
"root\speechtokenizer_now\speechtokenizer\废代码文件夹\train_images\bacterial_panicle_blight\100634.jpg","60170","2022-08-22 11:32:46"
"root\speechtokenizer_now\speechtokenizer\废代码文件夹\train_images\bacterial_panicle_blight\100694.jpg","53983","2022-08-22 11:32:46"
"root\speechtokenizer_now\speechtokenizer\废代码文件夹\train_images\bacterial_panicle_blight\100750.jpg","101204","2022-08-22 11:32:46"
"root\speechtokenizer_now\speechtokenizer\废代码文件夹\train_images\bacterial_panicle_blight\100824.jpg","82075","2022-08-22 11:32:46"
"root\speechtokenizer_now\speechtokenizer\废代码文件夹\train_images\bacterial_panicle_blight\100828.jpg","48906","2022-08-22 11:32:46"
"root\speechtokenizer_now\speechtokenizer\废代码文件夹\train_images\bacterial_panicle_blight\100868.jpg","46523","2022-08-22 11:32:46"
"root\speechtokenizer_now\speechtokenizer\废代码文件夹\train_images\bacterial_panicle_blight\100915.jpg","78886","2022-08-22 11:32:46"
"root\speechtokenizer_now\speechtokenizer\废代码文件夹\train_images\bacterial_panicle_blight\100922.jpg","52510","2022-08-22 11:32:46"
"root\speechtokenizer_now\speechtokenizer\废代码文件夹\train_images\bacterial_panicle_blight\101031.jpg","84237","2022-08-22 11:32:46"
"root\speechtokenizer_now\speechtokenizer\废代码文件夹\train_images\bacterial_panicle_blight\101033.jpg","66760","2022-08-22 11:32:46"
"root\speechtokenizer_now\speechtokenizer\废代码文件夹\train_images\bacterial_panicle_blight\101073.jpg","77844","2022-08-22 11:32:46"
"root\speechtokenizer_now\speechtokenizer\废代码文件夹\train_images\bacterial_panicle_blight\101139.jpg","47307","2022-08-22 11:32:46"
"root\speechtokenizer_now\speechtokenizer\废代码文件夹\train_images\bacterial_panicle_blight\101141.jpg","72531","2022-08-22 11:32:46"
"root\speechtokenizer_now\speechtokenizer\废代码文件夹\train_images\bacterial_panicle_blight\101192.jpg","51349","2022-08-22 11:32:46"
"root\speechtokenizer_now\speechtokenizer\废代码文件夹\train_images\bacterial_panicle_blight\101210.jpg","56541","2022-08-22 11:32:46"
"root\speechtokenizer_now\speechtokenizer\废代码文件夹\train_images\bacterial_panicle_blight\101223.jpg","79650","2022-08-22 11:32:46"
"root\speechtokenizer_now\speechtokenizer\废代码文件夹\train_images\bacterial_panicle_blight\101225.jpg","69212","2022-08-22 11:32:46"
"root\speechtokenizer_now\speechtokenizer\废代码文件夹\train_images\bacterial_panicle_blight\101267.jpg","110704","2022-08-22 11:32:46"
"root\speechtokenizer_now\speechtokenizer\废代码文件夹\train_images\bacterial_panicle_blight\101281.jpg","54745","2022-08-22 11:32:46"
"root\speechtokenizer_now\speechtokenizer\废代码文件夹\train_images\bacterial_panicle_blight\101303.jpg","74197","2022-08-22 11:32:46"
"root\speechtokenizer_now\speechtokenizer\废代码文件夹\train_images\bacterial_panicle_blight\101351.jpg","60294","2022-08-22 11:32:46"
"root\speechtokenizer_now\speechtokenizer\废代码文件夹\train_images\bacterial_panicle_blight\101354.jpg","50806","2022-08-22 11:32:46"
"root\speechtokenizer_now\speechtokenizer\废代码文件夹\train_images\bacterial_panicle_blight\101392.jpg","57536","2022-08-22 11:32:46"
"root\speechtokenizer_now\speechtokenizer\废代码文件夹\train_images\bacterial_panicle_blight\101432.jpg","49857","2022-08-22 11:32:46"
"root\speechtokenizer_now\speechtokenizer\废代码文件夹\train_images\bacterial_panicle_blight\101474.jpg","82551","2022-08-22 11:32:46"
"root\speechtokenizer_now\speechtokenizer\废代码文件夹\train_images\bacterial_panicle_blight\101543.jpg","79127","2022-08-22 11:32:46"
"root\speechtokenizer_now\speechtokenizer\废代码文件夹\train_images\bacterial_panicle_blight\101592.jpg","63272","2022-08-22 11:32:46"
"root\speechtokenizer_now\speechtokenizer\废代码文件夹\train_images\bacterial_panicle_blight\101597.jpg","57911","2022-08-22 11:32:46"
"root\speechtokenizer_now\speechtokenizer\废代码文件夹\train_images\bacterial_panicle_blight\101629.jpg","54047","2022-08-22 11:32:46"
"root\speechtokenizer_now\speechtokenizer\废代码文件夹\train_images\bacterial_panicle_blight\101644.jpg","73284","2022-08-22 11:32:46"
"root\speechtokenizer_now\speechtokenizer\废代码文件夹\train_images\bacterial_panicle_blight\101645.jpg","64303","2022-08-22 11:32:46"
"root\speechtokenizer_now\speechtokenizer\废代码文件夹\train_images\bacterial_panicle_blight\101672.jpg","74656","2022-08-22 11:32:46"
"root\speechtokenizer_now\speechtokenizer\废代码文件夹\train_images\bacterial_panicle_blight\101706.jpg","74054","2022-08-22 11:32:46"
"root\speechtokenizer_now\speechtokenizer\废代码文件夹\train_images\bacterial_panicle_blight\101732.jpg","49331","2022-08-22 11:32:46"
"root\speechtokenizer_now\speechtokenizer\废代码文件夹\train_images\bacterial_panicle_blight\101765.jpg","47217","2022-08-22 11:32:46"
"root\speechtokenizer_now\speechtokenizer\废代码文件夹\train_images\bacterial_panicle_blight\101793.jpg","96679","2022-08-22 11:32:46"
"root\speechtokenizer_now\speechtokenizer\废代码文件夹\train_images\bacterial_panicle_blight\101872.jpg","49533","2022-08-22 11:32:46"
"root\speechtokenizer_now\speechtokenizer\废代码文件夹\train_images\bacterial_panicle_blight\101873.jpg","94136","2022-08-22 11:32:46"
"root\speechtokenizer_now\speechtokenizer\废代码文件夹\train_images\bacterial_panicle_blight\101887.jpg","75290","2022-08-22 11:32:46"
"root\speechtokenizer_now\speechtokenizer\废代码文件夹\train_images\bacterial_panicle_blight\101906.jpg","67491","2022-08-22 11:32:46"
"root\speechtokenizer_now\speechtokenizer\废代码文件夹\train_images\bacterial_panicle_blight\101934.jpg","53891","2022-08-22 11:32:46"
"root\speechtokenizer_now\speechtokenizer\废代码文件夹\train_images\bacterial_panicle_blight\101957.jpg","48519","2022-08-22 11:32:46"
"root\speechtokenizer_now\speechtokenizer\废代码文件夹\train_images\bacterial_panicle_blight\101960.jpg","55230","2022-08-22 11:32:46"
"root\speechtokenizer_now\speechtokenizer\废代码文件夹\train_images\bacterial_panicle_blight\101962.jpg","56935","2022-08-22 11:32:46"
"root\speechtokenizer_now\speechtokenizer\废代码文件夹\train_images\bacterial_panicle_blight\101964.jpg","51071","2022-08-22 11:32:46"
"root\speechtokenizer_now\speechtokenizer\废代码文件夹\train_images\bacterial_panicle_blight\101965.jpg","51939","2022-08-22 11:32:46"
"root\speechtokenizer_now\speechtokenizer\废代码文件夹\train_images\bacterial_panicle_blight\102013.jpg","66266","2022-08-22 11:32:46"
"root\speechtokenizer_now\speechtokenizer\废代码文件夹\train_images\bacterial_panicle_blight\102046.jpg","68169","2022-08-22 11:32:46"
"root\speechtokenizer_now\speechtokenizer\废代码文件夹\train_images\bacterial_panicle_blight\102078.jpg","52118","2022-08-22 11:32:46"
"root\speechtokenizer_now\speechtokenizer\废代码文件夹\train_images\bacterial_panicle_blight\102135.jpg","45789","2022-08-22 11:32:46"
"root\speechtokenizer_now\speechtokenizer\废代码文件夹\train_images\bacterial_panicle_blight\102136.jpg","42108","2022-08-22 11:32:46"
"root\speechtokenizer_now\speechtokenizer\废代码文件夹\train_images\bacterial_panicle_blight\102153.jpg","75775","2022-08-22 11:32:46"
"root\speechtokenizer_now\speechtokenizer\废代码文件夹\train_images\bacterial_panicle_blight\102197.jpg","56803","2022-08-22 11:32:46"
"root\speechtokenizer_now\speechtokenizer\废代码文件夹\train_images\bacterial_panicle_blight\102200.jpg","80434","2022-08-22 11:32:46"
"root\speechtokenizer_now\speechtokenizer\废代码文件夹\train_images\bacterial_panicle_blight\102202.jpg","58824","2022-08-22 11:32:46"
"root\speechtokenizer_now\speechtokenizer\废代码文件夹\train_images\bacterial_panicle_blight\102215.jpg","54985","2022-08-22 11:32:48"
"root\speechtokenizer_now\speechtokenizer\废代码文件夹\train_images\bacterial_panicle_blight\102308.jpg","62195","2022-08-22 11:32:48"
"root\speechtokenizer_now\speechtokenizer\废代码文件夹\train_images\bacterial_panicle_blight\102409.jpg","52835","2022-08-22 11:32:48"
"root\speechtokenizer_now\speechtokenizer\废代码文件夹\train_images\bacterial_panicle_blight\102424.jpg","76880","2022-08-22 11:32:48"
"root\speechtokenizer_now\speechtokenizer\废代码文件夹\train_images\bacterial_panicle_blight\102463.jpg","79349","2022-08-22 11:32:48"
"root\speechtokenizer_now\speechtokenizer\废代码文件夹\train_images\bacterial_panicle_blight\102464.jpg","43179","2022-08-22 11:32:48"
"root\speechtokenizer_now\speechtokenizer\废代码文件夹\train_images\bacterial_panicle_blight\102472.jpg","75108","2022-08-22 11:32:48"
"root\speechtokenizer_now\speechtokenizer\废代码文件夹\train_images\bacterial_panicle_blight\102477.jpg","55705","2022-08-22 11:32:48"
"root\speechtokenizer_now\speechtokenizer\废代码文件夹\train_images\bacterial_panicle_blight\102485.jpg","71913","2022-08-22 11:32:48"
"root\speechtokenizer_now\speechtokenizer\废代码文件夹\train_images\bacterial_panicle_blight\102491.jpg","61696","2022-08-22 11:32:48"
"root\speechtokenizer_now\speechtokenizer\废代码文件夹\train_images\bacterial_panicle_blight\102528.jpg","54408","2022-08-22 11:32:48"
"root\speechtokenizer_now\speechtokenizer\废代码文件夹\train_images\bacterial_panicle_blight\102548.jpg","62169","2022-08-22 11:32:48"
"root\speechtokenizer_now\speechtokenizer\废代码文件夹\train_images\bacterial_panicle_blight\102607.jpg","49784","2022-08-22 11:32:48"
"root\speechtokenizer_now\speechtokenizer\废代码文件夹\train_images\bacterial_panicle_blight\102689.jpg","88516","2022-08-22 11:32:48"
"root\speechtokenizer_now\speechtokenizer\废代码文件夹\train_images\bacterial_panicle_blight\102756.jpg","68279","2022-08-22 11:32:48"
"root\speechtokenizer_now\speechtokenizer\废代码文件夹\train_images\bacterial_panicle_blight\102765.jpg","94889","2022-08-22 11:32:48"
"root\speechtokenizer_now\speechtokenizer\废代码文件夹\train_images\bacterial_panicle_blight\102839.jpg","53289","2022-08-22 11:32:48"
"root\speechtokenizer_now\speechtokenizer\废代码文件夹\userA\common_transfer_functions.py","3395","2026-01-04 10:31:34"
"root\speechtokenizer_now\speechtokenizer\废代码文件夹\userA\test.npz","4972","2025-12-17 17:07:46"
"root\speechtokenizer_now\speechtokenizer\废代码文件夹\userA\user_A.py","973","2026-01-04 12:10:14"
"root\speechtokenizer_now\speechtokenizer\废代码文件夹\userA\.idea\.gitignore","50","2025-12-17 17:11:00"
"root\speechtokenizer_now\speechtokenizer\废代码文件夹\userA\.idea\misc.xml","189","2025-12-17 17:11:00"
"root\speechtokenizer_now\speechtokenizer\废代码文件夹\userA\.idea\modules.xml","269","2025-12-17 17:11:00"
"root\speechtokenizer_now\speechtokenizer\废代码文件夹\userA\.idea\userA.iml","291","2025-12-17 17:11:00"
"root\speechtokenizer_now\speechtokenizer\废代码文件夹\userA\.idea\workspace.xml","4661","2025-12-30 17:04:28"
"root\speechtokenizer_now\speechtokenizer\废代码文件夹\userA\.idea\inspectionProfiles\profiles_settings.xml","174","2025-12-17 17:11:00"
"root\speechtokenizer_now\speechtokenizer\废代码文件夹\userA\__pycache__\common_config.cpython-310.pyc","345","2026-01-18 17:18:12"
"root\speechtokenizer_now\speechtokenizer\废代码文件夹\userA\__pycache__\common_transfer_functions.cpython-310.pyc","2753","2026-01-04 10:31:40"
"root\speechtokenizer_now\speechtokenizer\废代码文件夹\userA\__pycache__\encryption_utils.cpython-310.pyc","3109","2026-01-18 17:18:12"
"root\speechtokenizer_now\speechtokenizer\废代码文件夹\userA\__pycache__\user_A.cpython-310.pyc","6299","2026-01-04 10:43:54"
"root\speechtokenizer_now\speechtokenizer\废代码文件夹\userA\__pycache__\__init__.cpython-310.pyc","134","2026-01-18 17:18:12"
"root\speechtokenizer_now\speechtokenizer\废代码文件夹\userB\common_transfer_functions.py","3395","2026-01-04 10:31:32"
"root\speechtokenizer_now\speechtokenizer\废代码文件夹\userB\test.npz","4972","2025-12-17 17:07:46"
"root\speechtokenizer_now\speechtokenizer\废代码文件夹\userB\user_B.py","1037","2026-01-04 12:05:50"
"root\speechtokenizer_now\speechtokenizer\废代码文件夹\userB\.idea\.gitignore","50","2025-12-17 17:06:34"
"root\speechtokenizer_now\speechtokenizer\废代码文件夹\userB\.idea\misc.xml","189","2025-12-17 17:06:32"
"root\speechtokenizer_now\speechtokenizer\废代码文件夹\userB\.idea\modules.xml","269","2025-12-17 17:06:32"
"root\speechtokenizer_now\speechtokenizer\废代码文件夹\userB\.idea\userB.iml","291","2025-12-17 17:06:32"
"root\speechtokenizer_now\speechtokenizer\废代码文件夹\userB\.idea\workspace.xml","3428","2025-12-30 17:07:42"
"root\speechtokenizer_now\speechtokenizer\废代码文件夹\userB\.idea\inspectionProfiles\profiles_settings.xml","174","2025-12-17 17:06:32"
"root\speechtokenizer_now\speechtokenizer\废代码文件夹\userB\__pycache__\common_config.cpython-310.pyc","345","2026-01-18 17:45:05"
"root\speechtokenizer_now\speechtokenizer\废代码文件夹\userB\__pycache__\common_transfer_functions.cpython-310.pyc","2753","2026-01-04 10:31:58"
"root\speechtokenizer_now\speechtokenizer\废代码文件夹\userB\__pycache__\encryption_utils.cpython-310.pyc","3111","2026-01-18 17:45:05"
"root\speechtokenizer_now\speechtokenizer\废代码文件夹\userB\__pycache__\user_B.cpython-310.pyc","6257","2026-01-04 10:45:00"
"root\speechtokenizer_now\speechtokenizer\废代码文件夹\userB\__pycache__\__init__.cpython-310.pyc","134","2026-01-18 17:45:05"
"root\speechtokenizer_now\speechtokenizer\测试文件夹\check_device.py","580","2026-01-18 17:35:42"
"root\speechtokenizer_now\speechtokenizer\测试文件夹\debug_codes.npz","1602","2026-01-27 15:42:58"
"root\speechtokenizer_now\speechtokenizer\测试文件夹\test_mic_1.wav","320058","2026-01-18 18:00:22"
"root\speechtokenizer_now\speechtokenizer\测试文件夹\test_mic_only.py","1305","2026-01-18 17:59:30"
"root\speechtokenizer_now\speechtokenizer\测试文件夹\test_spk_only.py","772","2026-01-18 18:01:38"
"root\tmp\docs\fill_docx_tables.py","5103","2026-05-14 16:04:34"
"root\tmp\docs\Nature_Communications_语音语义通信_正式稿.before_table_fill.docx","63258","2026-05-10 17:26:31"
"root\tmp\docs\Nature_Communications_语音语义通信_正式稿.output_before_table_fill.docx","63119","2026-05-10 00:10:54"
"root\tmp\docs\Nature_Communications_语音语义通信_正式稿.pre_final_output_table_fill.docx","63119","2026-05-10 00:10:54"
"root\tmp\docs\Nature_Communications_语音语义通信_正式稿.pre_final_table_fill.docx","63258","2026-05-10 17:26:31"
"root\旧结果\Log\spt_base\config.json","1521","2026-01-09 19:25:56"
"root\旧结果\Log\spt_base\SpeechTokenizerTrainer_00255000","1089047251","2026-01-10 12:44:03"
"root\旧结果\Log\spt_base\SpeechTokenizerTrainer_00257500","1089047251","2026-01-10 12:57:54"
"root\旧结果\Log\spt_base\SpeechTokenizerTrainer_00260000","1089047251","2026-01-10 13:11:44"
"root\旧结果\Log\spt_base\SpeechTokenizerTrainer_00262500","1089047251","2026-01-10 13:25:35"
"root\旧结果\Log\spt_base\SpeechTokenizerTrainer_00265000","1089047251","2026-01-10 13:39:26"
"root\旧结果\Log\spt_base\SpeechTokenizerTrainer_00267500","1089047251","2026-01-10 13:53:17"
"root\旧结果\Log\spt_base\SpeechTokenizerTrainer_00270000","1089047251","2026-01-10 14:07:08"
"root\旧结果\Log\spt_base\SpeechTokenizer_best_dev.pt","94875290","2026-01-10 08:21:13"
"root\旧结果\Log\spt_base\logs\events.out.tfevents.1767925554.Ubuntu.1855457.0","16216467","2026-01-09 10:39:56"
"root\旧结果\Log\spt_base\logs\events.out.tfevents.1767926594.Ubuntu.1874615.0","231734825","2026-01-09 16:56:58"
"root\旧结果\Log\spt_base\logs\events.out.tfevents.1767957956.Ubuntu.2243583.0","687340015","2026-01-10 14:08:08"
