model,L,sample_id,speaker_id,audio_path,predicted_speaker,top1_correct,verified,score,correct_score,max_impostor_score,margin,duration_sec
original,0,p225_007_mic1,p225,data\VCTK\wav48_silence_trimmed\p225\p225_007_mic1.flac,p225,1,1,0.8705431818962097,0.8705431818962097,0.5195346474647522,0.3510085344314575,5.6226875
base,1,p225_007_mic1,p225,data\VCTK\wav48_silence_trimmed\p225\p225_007_mic1.flac,p225,1,1,0.455024391412735,0.455024391412735,0.408141553401947,0.046882838010787964,5.6226875
base,2,p225_007_mic1,p225,data\VCTK\wav48_silence_trimmed\p225\p225_007_mic1.flac,p225,1,1,0.5383387804031372,0.5383387804031372,0.4373198449611664,0.10101893544197083,5.6226875
base,3,p225_007_mic1,p225,data\VCTK\wav48_silence_trimmed\p225\p225_007_mic1.flac,p225,1,1,0.577400803565979,0.577400803565979,0.46785861253738403,0.10954219102859497,5.6226875
lca,1,p225_007_mic1,p225,data\VCTK\wav48_silence_trimmed\p225\p225_007_mic1.flac,p280,0,1,0.4235592484474182,0.33762654662132263,0.4235592484474182,-0.08593270182609558,5.6226875
lca,2,p225_007_mic1,p225,data\VCTK\wav48_silence_trimmed\p225\p225_007_mic1.flac,p280,0,1,0.4889047145843506,0.4282771348953247,0.4889047145843506,-0.06062757968902588,5.6226875
lca,3,p225_007_mic1,p225,data\VCTK\wav48_silence_trimmed\p225\p225_007_mic1.flac,p280,0,1,0.5230557918548584,0.43602705001831055,0.5230557918548584,-0.08702874183654785,5.6226875
original,0,p225_064_mic1,p225,data\VCTK\wav48_silence_trimmed\p225\p225_064_mic1.flac,p225,1,1,0.7943978309631348,0.7943978309631348,0.4386940598487854,0.35570377111434937,1.80325
base,1,p225_064_mic1,p225,data\VCTK\wav48_silence_trimmed\p225\p225_064_mic1.flac,p225,1,1,0.478737473487854,0.478737473487854,0.4413830041885376,0.037354469299316406,1.80325
base,2,p225_064_mic1,p225,data\VCTK\wav48_silence_trimmed\p225\p225_064_mic1.flac,p225,1,1,0.6525762677192688,0.6525762677192688,0.43910926580429077,0.21346700191497803,1.80325
base,3,p225_064_mic1,p225,data\VCTK\wav48_silence_trimmed\p225\p225_064_mic1.flac,p225,1,1,0.6703340411186218,0.6703340411186218,0.458183616399765,0.2121504247188568,1.80325
lca,1,p225_064_mic1,p225,data\VCTK\wav48_silence_trimmed\p225\p225_064_mic1.flac,p280,0,1,0.31522300839424133,0.2371484637260437,0.31522300839424133,-0.07807454466819763,1.80325
lca,2,p225_064_mic1,p225,data\VCTK\wav48_silence_trimmed\p225\p225_064_mic1.flac,p280,0,1,0.47086507081985474,0.38536301255226135,0.47086507081985474,-0.08550205826759338,1.80325
lca,3,p225_064_mic1,p225,data\VCTK\wav48_silence_trimmed\p225\p225_064_mic1.flac,p280,0,1,0.4517623782157898,0.4020889401435852,0.4517623782157898,-0.04967343807220459,1.80325
original,0,p225_131_mic1,p225,data\VCTK\wav48_silence_trimmed\p225\p225_131_mic1.flac,p225,1,1,0.8048309087753296,0.8048309087753296,0.3381596803665161,0.4666712284088135,3.18975
base,1,p225_131_mic1,p225,data\VCTK\wav48_silence_trimmed\p225\p225_131_mic1.flac,p225,1,1,0.42931851744651794,0.42931851744651794,0.36390289664268494,0.06541562080383301,3.18975
base,2,p225_131_mic1,p225,data\VCTK\wav48_silence_trimmed\p225\p225_131_mic1.flac,p225,1,1,0.6551773548126221,0.6551773548126221,0.40534189343452454,0.24983546137809753,3.18975
base,3,p225_131_mic1,p225,data\VCTK\wav48_silence_trimmed\p225\p225_131_mic1.flac,p225,1,1,0.6453375816345215,0.6453375816345215,0.43189674615859985,0.21344083547592163,3.18975
lca,1,p225_131_mic1,p225,data\VCTK\wav48_silence_trimmed\p225\p225_131_mic1.flac,p280,0,1,0.49112528562545776,0.4051342010498047,0.49112528562545776,-0.08599108457565308,3.18975
lca,2,p225_131_mic1,p225,data\VCTK\wav48_silence_trimmed\p225\p225_131_mic1.flac,p225,1,1,0.5235164165496826,0.5235164165496826,0.49031296372413635,0.033203452825546265,3.18975
lca,3,p225_131_mic1,p225,data\VCTK\wav48_silence_trimmed\p225\p225_131_mic1.flac,p225,1,1,0.5020356178283691,0.5020356178283691,0.48645320534706116,0.015582412481307983,3.18975
original,0,p225_173_mic1,p225,data\VCTK\wav48_silence_trimmed\p225\p225_173_mic1.flac,p225,1,1,0.8530573844909668,0.8530573844909668,0.44820481538772583,0.40485256910324097,4.1010625
base,1,p225_173_mic1,p225,data\VCTK\wav48_silence_trimmed\p225\p225_173_mic1.flac,p293,0,1,0.4693785309791565,0.38036346435546875,0.4693785309791565,-0.08901506662368774,4.1010625
base,2,p225_173_mic1,p225,data\VCTK\wav48_silence_trimmed\p225\p225_173_mic1.flac,p225,1,1,0.5270441174507141,0.5270441174507141,0.40409934520721436,0.12294477224349976,4.1010625
base,3,p225_173_mic1,p225,data\VCTK\wav48_silence_trimmed\p225\p225_173_mic1.flac,p225,1,1,0.6135338544845581,0.6135338544845581,0.35521256923675537,0.25832128524780273,4.1010625
lca,1,p225_173_mic1,p225,data\VCTK\wav48_silence_trimmed\p225\p225_173_mic1.flac,p280,0,1,0.45664557814598083,0.2645193040370941,0.45664557814598083,-0.19212627410888672,4.1010625
lca,2,p225_173_mic1,p225,data\VCTK\wav48_silence_trimmed\p225\p225_173_mic1.flac,p280,0,1,0.43222776055336,0.33674222230911255,0.43222776055336,-0.09548553824424744,4.1010625
lca,3,p225_173_mic1,p225,data\VCTK\wav48_silence_trimmed\p225\p225_173_mic1.flac,p280,0,1,0.47805890440940857,0.4268403947353363,0.47805890440940857,-0.051218509674072266,4.1010625
original,0,p225_305_mic2,p225,data\VCTK\wav48_silence_trimmed\p225\p225_305_mic2.flac,p225,1,1,0.8156351447105408,0.8156351447105408,0.4306809902191162,0.38495415449142456,2.9623125
base,1,p225_305_mic2,p225,data\VCTK\wav48_silence_trimmed\p225\p225_305_mic2.flac,p343,0,1,0.36750227212905884,0.18655982613563538,0.36750227212905884,-0.18094244599342346,2.9623125
base,2,p225_305_mic2,p225,data\VCTK\wav48_silence_trimmed\p225\p225_305_mic2.flac,p343,0,1,0.34561780095100403,0.31086865067481995,0.34561780095100403,-0.03474915027618408,2.9623125
base,3,p225_305_mic2,p225,data\VCTK\wav48_silence_trimmed\p225\p225_305_mic2.flac,p225,1,1,0.2907940745353699,0.2907940745353699,0.2786363959312439,0.012157678604125977,2.9623125
lca,1,p225_305_mic2,p225,data\VCTK\wav48_silence_trimmed\p225\p225_305_mic2.flac,p280,0,1,0.3817768692970276,0.19486886262893677,0.3817768692970276,-0.18690800666809082,2.9623125
lca,2,p225_305_mic2,p225,data\VCTK\wav48_silence_trimmed\p225\p225_305_mic2.flac,p250,0,1,0.41970962285995483,0.23884347081184387,0.41970962285995483,-0.18086615204811096,2.9623125
lca,3,p225_305_mic2,p225,data\VCTK\wav48_silence_trimmed\p225\p225_305_mic2.flac,p250,0,1,0.3916475474834442,0.23467880487442017,0.3916475474834442,-0.15696874260902405,2.9623125
original,0,p226_057_mic1,p226,data\VCTK\wav48_silence_trimmed\p226\p226_057_mic1.flac,p226,1,1,0.6610040664672852,0.6610040664672852,0.38680899143218994,0.2741950750350952,2.3856875
base,1,p226_057_mic1,p226,data\VCTK\wav48_silence_trimmed\p226\p226_057_mic1.flac,p246,0,1,0.2679674029350281,0.2469751089811325,0.2679674029350281,-0.02099229395389557,2.3856875
base,2,p226_057_mic1,p226,data\VCTK\wav48_silence_trimmed\p226\p226_057_mic1.flac,p226,1,1,0.41798657178878784,0.41798657178878784,0.2999088764190674,0.11807769536972046,2.3856875
base,3,p226_057_mic1,p226,data\VCTK\wav48_silence_trimmed\p226\p226_057_mic1.flac,p226,1,1,0.43427324295043945,0.43427324295043945,0.3133850693702698,0.12088817358016968,2.3856875
lca,1,p226_057_mic1,p226,data\VCTK\wav48_silence_trimmed\p226\p226_057_mic1.flac,p347,0,1,0.36771059036254883,0.25942742824554443,0.36771059036254883,-0.1082831621170044,2.3856875
lca,2,p226_057_mic1,p226,data\VCTK\wav48_silence_trimmed\p226\p226_057_mic1.flac,p347,0,1,0.41145825386047363,0.3925797939300537,0.41145825386047363,-0.018878459930419922,2.3856875
lca,3,p226_057_mic1,p226,data\VCTK\wav48_silence_trimmed\p226\p226_057_mic1.flac,p347,0,1,0.42740920186042786,0.41561487317085266,0.42740920186042786,-0.011794328689575195,2.3856875
original,0,p226_174_mic1,p226,data\VCTK\wav48_silence_trimmed\p226\p226_174_mic1.flac,p226,1,1,0.7306342124938965,0.7306342124938965,0.35907793045043945,0.37155628204345703,3.016625
base,1,p226_174_mic1,p226,data\VCTK\wav48_silence_trimmed\p226\p226_174_mic1.flac,p226,1,1,0.2684387266635895,0.2684387266635895,0.26068609952926636,0.00775262713432312,3.016625
base,2,p226_174_mic1,p226,data\VCTK\wav48_silence_trimmed\p226\p226_174_mic1.flac,p364,0,1,0.4307684004306793,0.3067260682582855,0.4307684004306793,-0.1240423321723938,3.016625
base,3,p226_174_mic1,p226,data\VCTK\wav48_silence_trimmed\p226\p226_174_mic1.flac,p364,0,1,0.40787506103515625,0.37484318017959595,0.40787506103515625,-0.0330318808555603,3.016625
lca,1,p226_174_mic1,p226,data\VCTK\wav48_silence_trimmed\p226\p226_174_mic1.flac,p280,0,1,0.33756473660469055,0.18256914615631104,0.33756473660469055,-0.15499559044837952,3.016625
lca,2,p226_174_mic1,p226,data\VCTK\wav48_silence_trimmed\p226\p226_174_mic1.flac,p364,0,1,0.3966784179210663,0.3427610993385315,0.3966784179210663,-0.05391731858253479,3.016625
lca,3,p226_174_mic1,p226,data\VCTK\wav48_silence_trimmed\p226\p226_174_mic1.flac,p347,0,1,0.4140952527523041,0.36665400862693787,0.4140952527523041,-0.04744124412536621,3.016625
original,0,p226_198_mic2,p226,data\VCTK\wav48_silence_trimmed\p226\p226_198_mic2.flac,p226,1,1,0.4668654203414917,0.4668654203414917,0.31961575150489807,0.14724966883659363,1.862125
base,1,p226_198_mic2,p226,data\VCTK\wav48_silence_trimmed\p226\p226_198_mic2.flac,p364,0,0,0.1964704990386963,0.15175893902778625,0.1964704990386963,-0.044711560010910034,1.862125
base,2,p226_198_mic2,p226,data\VCTK\wav48_silence_trimmed\p226\p226_198_mic2.flac,p364,0,1,0.36701732873916626,0.17007727921009064,0.36701732873916626,-0.19694004952907562,1.862125
base,3,p226_198_mic2,p226,data\VCTK\wav48_silence_trimmed\p226\p226_198_mic2.flac,p364,0,1,0.39033788442611694,0.21594130992889404,0.39033788442611694,-0.1743965744972229,1.862125
lca,1,p226_198_mic2,p226,data\VCTK\wav48_silence_trimmed\p226\p226_198_mic2.flac,p364,0,1,0.2596248388290405,0.14745232462882996,0.2596248388290405,-0.11217251420021057,1.862125
lca,2,p226_198_mic2,p226,data\VCTK\wav48_silence_trimmed\p226\p226_198_mic2.flac,p364,0,1,0.34971117973327637,0.19883203506469727,0.34971117973327637,-0.1508791446685791,1.862125
lca,3,p226_198_mic2,p226,data\VCTK\wav48_silence_trimmed\p226\p226_198_mic2.flac,p364,0,1,0.4411957859992981,0.30799031257629395,0.4411957859992981,-0.13320547342300415,1.862125
original,0,p226_298_mic2,p226,data\VCTK\wav48_silence_trimmed\p226\p226_298_mic2.flac,p226,1,1,0.7904108166694641,0.7904108166694641,0.429350346326828,0.3610604703426361,4.7324375
base,1,p226_298_mic2,p226,data\VCTK\wav48_silence_trimmed\p226\p226_298_mic2.flac,p302,0,1,0.29369333386421204,0.26717710494995117,0.29369333386421204,-0.026516228914260864,4.7324375
base,2,p226_298_mic2,p226,data\VCTK\wav48_silence_trimmed\p226\p226_298_mic2.flac,p226,1,1,0.4884694814682007,0.4884694814682007,0.40653902292251587,0.08193045854568481,4.7324375
base,3,p226_298_mic2,p226,data\VCTK\wav48_silence_trimmed\p226\p226_298_mic2.flac,p226,1,1,0.5344648361206055,0.5344648361206055,0.3577675223350525,0.17669731378555298,4.7324375
lca,1,p226_298_mic2,p226,data\VCTK\wav48_silence_trimmed\p226\p226_298_mic2.flac,p364,0,1,0.4090372323989868,0.3061087727546692,0.4090372323989868,-0.10292845964431763,4.7324375
lca,2,p226_298_mic2,p226,data\VCTK\wav48_silence_trimmed\p226\p226_298_mic2.flac,p226,1,1,0.44389885663986206,0.44389885663986206,0.4151178300380707,0.028781026601791382,4.7324375
lca,3,p226_298_mic2,p226,data\VCTK\wav48_silence_trimmed\p226\p226_298_mic2.flac,p226,1,1,0.48407459259033203,0.48407459259033203,0.4347502589225769,0.04932433366775513,4.7324375
original,0,p226_331_mic2,p226,data\VCTK\wav48_silence_trimmed\p226\p226_331_mic2.flac,p226,1,1,0.7017662525177002,0.7017662525177002,0.37352174520492554,0.32824450731277466,2.327
base,1,p226_331_mic2,p226,data\VCTK\wav48_silence_trimmed\p226\p226_331_mic2.flac,p313,0,1,0.2747432589530945,0.14380894601345062,0.2747432589530945,-0.13093431293964386,2.327
base,2,p226_331_mic2,p226,data\VCTK\wav48_silence_trimmed\p226\p226_331_mic2.flac,p226,1,1,0.3645087778568268,0.3645087778568268,0.3036898970603943,0.060818880796432495,2.327
base,3,p226_331_mic2,p226,data\VCTK\wav48_silence_trimmed\p226\p226_331_mic2.flac,p226,1,1,0.3560969829559326,0.3560969829559326,0.33744990825653076,0.018647074699401855,2.327
lca,1,p226_331_mic2,p226,data\VCTK\wav48_silence_trimmed\p226\p226_331_mic2.flac,p364,0,1,0.4408514201641083,0.21558108925819397,0.4408514201641083,-0.2252703309059143,2.327
lca,2,p226_331_mic2,p226,data\VCTK\wav48_silence_trimmed\p226\p226_331_mic2.flac,p364,0,1,0.3575170636177063,0.29462718963623047,0.3575170636177063,-0.06288987398147583,2.327
lca,3,p226_331_mic2,p226,data\VCTK\wav48_silence_trimmed\p226\p226_331_mic2.flac,p226,1,1,0.36283352971076965,0.36283352971076965,0.32890933752059937,0.03392419219017029,2.327
original,0,p227_181_mic2,p227,data\VCTK\wav48_silence_trimmed\p227\p227_181_mic2.flac,p227,1,1,0.7672958374023438,0.7672958374023438,0.32079172134399414,0.4465041160583496,2.3375625
base,1,p227_181_mic2,p227,data\VCTK\wav48_silence_trimmed\p227\p227_181_mic2.flac,p302,0,1,0.3157768249511719,0.1998540461063385,0.3157768249511719,-0.11592277884483337,2.3375625
base,2,p227_181_mic2,p227,data\VCTK\wav48_silence_trimmed\p227\p227_181_mic2.flac,p302,0,1,0.3095727562904358,0.28510916233062744,0.3095727562904358,-0.02446359395980835,2.3375625
base,3,p227_181_mic2,p227,data\VCTK\wav48_silence_trimmed\p227\p227_181_mic2.flac,p364,0,1,0.3533713221549988,0.3134363889694214,0.3533713221549988,-0.03993493318557739,2.3375625
lca,1,p227_181_mic2,p227,data\VCTK\wav48_silence_trimmed\p227\p227_181_mic2.flac,p364,0,1,0.3862740397453308,0.14877569675445557,0.3862740397453308,-0.23749834299087524,2.3375625
lca,2,p227_181_mic2,p227,data\VCTK\wav48_silence_trimmed\p227\p227_181_mic2.flac,p252,0,1,0.3566294312477112,0.22267895936965942,0.3566294312477112,-0.13395047187805176,2.3375625
lca,3,p227_181_mic2,p227,data\VCTK\wav48_silence_trimmed\p227\p227_181_mic2.flac,p259,0,1,0.34148740768432617,0.29681652784347534,0.34148740768432617,-0.04467087984085083,2.3375625
original,0,p227_186_mic1,p227,data\VCTK\wav48_silence_trimmed\p227\p227_186_mic1.flac,p227,1,1,0.7425239086151123,0.7425239086151123,0.34387022256851196,0.39865368604660034,3.1135625
base,1,p227_186_mic1,p227,data\VCTK\wav48_silence_trimmed\p227\p227_186_mic1.flac,p246,0,0,0.2440214604139328,0.07290536165237427,0.2440214604139328,-0.17111609876155853,3.1135625
base,2,p227_186_mic1,p227,data\VCTK\wav48_silence_trimmed\p227\p227_186_mic1.flac,p252,0,1,0.4578966796398163,0.24430744349956512,0.4578966796398163,-0.21358923614025116,3.1135625
base,3,p227_186_mic1,p227,data\VCTK\wav48_silence_trimmed\p227\p227_186_mic1.flac,p252,0,1,0.4965311586856842,0.3602377772331238,0.4965311586856842,-0.13629338145256042,3.1135625
lca,1,p227_186_mic1,p227,data\VCTK\wav48_silence_trimmed\p227\p227_186_mic1.flac,p252,0,1,0.3612740635871887,0.03320104628801346,0.3612740635871887,-0.32807301729917526,3.1135625
lca,2,p227_186_mic1,p227,data\VCTK\wav48_silence_trimmed\p227\p227_186_mic1.flac,p347,0,1,0.3730011582374573,0.19849452376365662,0.3730011582374573,-0.17450663447380066,3.1135625
lca,3,p227_186_mic1,p227,data\VCTK\wav48_silence_trimmed\p227\p227_186_mic1.flac,p347,0,1,0.3957136869430542,0.2186245322227478,0.3957136869430542,-0.1770891547203064,3.1135625
original,0,p227_305_mic2,p227,data\VCTK\wav48_silence_trimmed\p227\p227_305_mic2.flac,p227,1,1,0.7560014724731445,0.7560014724731445,0.3203865587711334,0.4356149137020111,4.6840625
base,1,p227_305_mic2,p227,data\VCTK\wav48_silence_trimmed\p227\p227_305_mic2.flac,p374,0,1,0.2556234300136566,0.19306468963623047,0.2556234300136566,-0.06255874037742615,4.6840625
base,2,p227_305_mic2,p227,data\VCTK\wav48_silence_trimmed\p227\p227_305_mic2.flac,p227,1,1,0.334869384765625,0.334869384765625,0.33313822746276855,0.0017311573028564453,4.6840625
base,3,p227_305_mic2,p227,data\VCTK\wav48_silence_trimmed\p227\p227_305_mic2.flac,p227,1,1,0.35394442081451416,0.35394442081451416,0.34067603945732117,0.013268381357192993,4.6840625
lca,1,p227_305_mic2,p227,data\VCTK\wav48_silence_trimmed\p227\p227_305_mic2.flac,p364,0,1,0.32123827934265137,0.10402481257915497,0.32123827934265137,-0.2172134667634964,4.6840625
lca,2,p227_305_mic2,p227,data\VCTK\wav48_silence_trimmed\p227\p227_305_mic2.flac,p252,0,1,0.3878037631511688,0.21948346495628357,0.3878037631511688,-0.16832029819488525,4.6840625
lca,3,p227_305_mic2,p227,data\VCTK\wav48_silence_trimmed\p227\p227_305_mic2.flac,p364,0,1,0.3726237714290619,0.2723160684108734,0.3726237714290619,-0.10030770301818848,4.6840625
original,0,p227_351_mic1,p227,data\VCTK\wav48_silence_trimmed\p227\p227_351_mic1.flac,p227,1,1,0.7532665133476257,0.7532665133476257,0.3776176869869232,0.3756488263607025,2.8924375
base,1,p227_351_mic1,p227,data\VCTK\wav48_silence_trimmed\p227\p227_351_mic1.flac,p364,0,0,0.24715033173561096,0.18399114906787872,0.24715033173561096,-0.06315918266773224,2.8924375
base,2,p227_351_mic1,p227,data\VCTK\wav48_silence_trimmed\p227\p227_351_mic1.flac,p252,0,1,0.4001370072364807,0.272096186876297,0.4001370072364807,-0.12804082036018372,2.8924375
base,3,p227_351_mic1,p227,data\VCTK\wav48_silence_trimmed\p227\p227_351_mic1.flac,p252,0,1,0.4291965663433075,0.3034849762916565,0.4291965663433075,-0.125711590051651,2.8924375
lca,1,p227_351_mic1,p227,data\VCTK\wav48_silence_trimmed\p227\p227_351_mic1.flac,p364,0,1,0.34282469749450684,0.139021098613739,0.34282469749450684,-0.20380359888076782,2.8924375
lca,2,p227_351_mic1,p227,data\VCTK\wav48_silence_trimmed\p227\p227_351_mic1.flac,p252,0,1,0.43715840578079224,0.29165542125701904,0.43715840578079224,-0.1455029845237732,2.8924375
lca,3,p227_351_mic1,p227,data\VCTK\wav48_silence_trimmed\p227\p227_351_mic1.flac,p252,0,1,0.4884755611419678,0.3415469527244568,0.4884755611419678,-0.146928608417511,2.8924375
original,0,p227_360_mic1,p227,data\VCTK\wav48_silence_trimmed\p227\p227_360_mic1.flac,p227,1,1,0.764806866645813,0.764806866645813,0.34308260679244995,0.42172425985336304,3.105625
base,1,p227_360_mic1,p227,data\VCTK\wav48_silence_trimmed\p227\p227_360_mic1.flac,p347,0,1,0.25226160883903503,0.023373566567897797,0.25226160883903503,-0.22888804227113724,3.105625
base,2,p227_360_mic1,p227,data\VCTK\wav48_silence_trimmed\p227\p227_360_mic1.flac,p226,0,1,0.32642582058906555,0.22620441019535065,0.32642582058906555,-0.1002214103937149,3.105625
base,3,p227_360_mic1,p227,data\VCTK\wav48_silence_trimmed\p227\p227_360_mic1.flac,p227,1,1,0.33200719952583313,0.33200719952583313,0.3200967311859131,0.011910468339920044,3.105625
lca,1,p227_360_mic1,p227,data\VCTK\wav48_silence_trimmed\p227\p227_360_mic1.flac,p364,0,1,0.297916978597641,0.09425179660320282,0.297916978597641,-0.20366518199443817,3.105625
lca,2,p227_360_mic1,p227,data\VCTK\wav48_silence_trimmed\p227\p227_360_mic1.flac,p347,0,1,0.30525827407836914,0.19730335474014282,0.30525827407836914,-0.10795491933822632,3.105625
lca,3,p227_360_mic1,p227,data\VCTK\wav48_silence_trimmed\p227\p227_360_mic1.flac,p281,0,1,0.3256513476371765,0.2816183567047119,0.3256513476371765,-0.0440329909324646,3.105625
original,0,p228_159_mic2,p228,data\VCTK\wav48_silence_trimmed\p228\p228_159_mic2.flac,p228,1,1,0.7551994323730469,0.7551994323730469,0.5258206129074097,0.2293788194656372,5.7705625
base,1,p228_159_mic2,p228,data\VCTK\wav48_silence_trimmed\p228\p228_159_mic2.flac,p244,0,1,0.41526174545288086,0.2521531879901886,0.41526174545288086,-0.16310855746269226,5.7705625
base,2,p228_159_mic2,p228,data\VCTK\wav48_silence_trimmed\p228\p228_159_mic2.flac,p280,0,1,0.5145789384841919,0.44427233934402466,0.5145789384841919,-0.07030659914016724,5.7705625
base,3,p228_159_mic2,p228,data\VCTK\wav48_silence_trimmed\p228\p228_159_mic2.flac,p231,0,1,0.5756760835647583,0.4777728319168091,0.5756760835647583,-0.09790325164794922,5.7705625
lca,1,p228_159_mic2,p228,data\VCTK\wav48_silence_trimmed\p228\p228_159_mic2.flac,p244,0,1,0.4252629578113556,0.24171051383018494,0.4252629578113556,-0.18355244398117065,5.7705625
lca,2,p228_159_mic2,p228,data\VCTK\wav48_silence_trimmed\p228\p228_159_mic2.flac,p280,0,1,0.48566412925720215,0.3136540353298187,0.48566412925720215,-0.17201009392738342,5.7705625
lca,3,p228_159_mic2,p228,data\VCTK\wav48_silence_trimmed\p228\p228_159_mic2.flac,p280,0,1,0.5069212913513184,0.30173689126968384,0.5069212913513184,-0.20518440008163452,5.7705625
original,0,p228_225_mic1,p228,data\VCTK\wav48_silence_trimmed\p228\p228_225_mic1.flac,p228,1,1,0.7250795364379883,0.7250795364379883,0.47165364027023315,0.2534258961677551,4.56825
base,1,p228_225_mic1,p228,data\VCTK\wav48_silence_trimmed\p228\p228_225_mic1.flac,p262,0,1,0.3723127245903015,0.2967127561569214,0.3723127245903015,-0.07559996843338013,4.56825
base,2,p228_225_mic1,p228,data\VCTK\wav48_silence_trimmed\p228\p228_225_mic1.flac,p313,0,1,0.4529115557670593,0.37569335103034973,0.4529115557670593,-0.0772182047367096,4.56825
base,3,p228_225_mic1,p228,data\VCTK\wav48_silence_trimmed\p228\p228_225_mic1.flac,p280,0,1,0.4556662142276764,0.4299355745315552,0.4556662142276764,-0.025730639696121216,4.56825
lca,1,p228_225_mic1,p228,data\VCTK\wav48_silence_trimmed\p228\p228_225_mic1.flac,p280,0,1,0.4270729124546051,0.20623111724853516,0.4270729124546051,-0.22084179520606995,4.56825
lca,2,p228_225_mic1,p228,data\VCTK\wav48_silence_trimmed\p228\p228_225_mic1.flac,p280,0,1,0.5024176836013794,0.3668535649776459,0.5024176836013794,-0.13556411862373352,4.56825
lca,3,p228_225_mic1,p228,data\VCTK\wav48_silence_trimmed\p228\p228_225_mic1.flac,p280,0,1,0.5196371078491211,0.3841237425804138,0.5196371078491211,-0.13551336526870728,4.56825
original,0,p228_244_mic1,p228,data\VCTK\wav48_silence_trimmed\p228\p228_244_mic1.flac,p228,1,1,0.8073867559432983,0.8073867559432983,0.4989287555217743,0.30845800042152405,5.761875
base,1,p228_244_mic1,p228,data\VCTK\wav48_silence_trimmed\p228\p228_244_mic1.flac,p262,0,1,0.44932249188423157,0.370910108089447,0.44932249188423157,-0.07841238379478455,5.761875
base,2,p228_244_mic1,p228,data\VCTK\wav48_silence_trimmed\p228\p228_244_mic1.flac,p280,0,1,0.5704943537712097,0.5349350571632385,0.5704943537712097,-0.03555929660797119,5.761875
base,3,p228_244_mic1,p228,data\VCTK\wav48_silence_trimmed\p228\p228_244_mic1.flac,p280,0,1,0.6017515659332275,0.5547885894775391,0.6017515659332275,-0.04696297645568848,5.761875
lca,1,p228_244_mic1,p228,data\VCTK\wav48_silence_trimmed\p228\p228_244_mic1.flac,p280,0,1,0.4563329815864563,0.29440897703170776,0.4563329815864563,-0.16192400455474854,5.761875
lca,2,p228_244_mic1,p228,data\VCTK\wav48_silence_trimmed\p228\p228_244_mic1.flac,p280,0,1,0.5510082840919495,0.3695548176765442,0.5510082840919495,-0.18145346641540527,5.761875
lca,3,p228_244_mic1,p228,data\VCTK\wav48_silence_trimmed\p228\p228_244_mic1.flac,p280,0,1,0.6230120658874512,0.4135001599788666,0.6230120658874512,-0.2095119059085846,5.761875
original,0,p228_300_mic2,p228,data\VCTK\wav48_silence_trimmed\p228\p228_300_mic2.flac,p228,1,1,0.6878319382667542,0.6878319382667542,0.49639207124710083,0.19143986701965332,3.0775625
base,1,p228_300_mic2,p228,data\VCTK\wav48_silence_trimmed\p228\p228_300_mic2.flac,p280,0,1,0.3354254961013794,0.09068012237548828,0.3354254961013794,-0.2447453737258911,3.0775625
base,2,p228_300_mic2,p228,data\VCTK\wav48_silence_trimmed\p228\p228_300_mic2.flac,p262,0,1,0.47369906306266785,0.3572731614112854,0.47369906306266785,-0.11642590165138245,3.0775625
base,3,p228_300_mic2,p228,data\VCTK\wav48_silence_trimmed\p228\p228_300_mic2.flac,p262,0,1,0.5226172208786011,0.43780216574668884,0.5226172208786011,-0.08481505513191223,3.0775625
lca,1,p228_300_mic2,p228,data\VCTK\wav48_silence_trimmed\p228\p228_300_mic2.flac,p280,0,1,0.42794445157051086,0.19410525262355804,0.42794445157051086,-0.23383919894695282,3.0775625
lca,2,p228_300_mic2,p228,data\VCTK\wav48_silence_trimmed\p228\p228_300_mic2.flac,p280,0,1,0.48457419872283936,0.2779782712459564,0.48457419872283936,-0.20659592747688293,3.0775625
lca,3,p228_300_mic2,p228,data\VCTK\wav48_silence_trimmed\p228\p228_300_mic2.flac,p280,0,1,0.5518797636032104,0.3025277554988861,0.5518797636032104,-0.24935200810432434,3.0775625
original,0,p228_344_mic1,p228,data\VCTK\wav48_silence_trimmed\p228\p228_344_mic1.flac,p228,1,1,0.8323079347610474,0.8323079347610474,0.5253427028656006,0.3069652318954468,3.9854375
base,1,p228_344_mic1,p228,data\VCTK\wav48_silence_trimmed\p228\p228_344_mic1.flac,p339,0,1,0.36971938610076904,0.33124426007270813,0.36971938610076904,-0.03847512602806091,3.9854375
base,2,p228_344_mic1,p228,data\VCTK\wav48_silence_trimmed\p228\p228_344_mic1.flac,p228,1,1,0.5538876056671143,0.5538876056671143,0.5249238014221191,0.028963804244995117,3.9854375
base,3,p228_344_mic1,p228,data\VCTK\wav48_silence_trimmed\p228\p228_344_mic1.flac,p228,1,1,0.5604437589645386,0.5604437589645386,0.549237847328186,0.011205911636352539,3.9854375
lca,1,p228_344_mic1,p228,data\VCTK\wav48_silence_trimmed\p228\p228_344_mic1.flac,p250,0,1,0.486988365650177,0.29056859016418457,0.486988365650177,-0.19641977548599243,3.9854375
lca,2,p228_344_mic1,p228,data\VCTK\wav48_silence_trimmed\p228\p228_344_mic1.flac,p250,0,1,0.563124418258667,0.40588727593421936,0.563124418258667,-0.15723714232444763,3.9854375
lca,3,p228_344_mic1,p228,data\VCTK\wav48_silence_trimmed\p228\p228_344_mic1.flac,p280,0,1,0.5754419565200806,0.43223267793655396,0.5754419565200806,-0.1432092785835266,3.9854375
original,0,p229_019_mic2,p229,data\VCTK\wav48_silence_trimmed\p229\p229_019_mic2.flac,p229,1,1,0.7067542672157288,0.7067542672157288,0.4074212312698364,0.29933303594589233,7.866875
base,1,p229_019_mic2,p229,data\VCTK\wav48_silence_trimmed\p229\p229_019_mic2.flac,p262,0,1,0.48371946811676025,0.19465240836143494,0.48371946811676025,-0.2890670597553253,7.866875
base,2,p229_019_mic2,p229,data\VCTK\wav48_silence_trimmed\p229\p229_019_mic2.flac,p262,0,1,0.4463638365268707,0.33346885442733765,0.4463638365268707,-0.11289498209953308,7.866875
base,3,p229_019_mic2,p229,data\VCTK\wav48_silence_trimmed\p229\p229_019_mic2.flac,p313,0,1,0.39786410331726074,0.349010169506073,0.39786410331726074,-0.048853933811187744,7.866875
lca,1,p229_019_mic2,p229,data\VCTK\wav48_silence_trimmed\p229\p229_019_mic2.flac,p280,0,1,0.43630707263946533,0.04707728326320648,0.43630707263946533,-0.38922978937625885,7.866875
lca,2,p229_019_mic2,p229,data\VCTK\wav48_silence_trimmed\p229\p229_019_mic2.flac,p313,0,1,0.4744042158126831,0.11354096978902817,0.4744042158126831,-0.36086324602365494,7.866875
lca,3,p229_019_mic2,p229,data\VCTK\wav48_silence_trimmed\p229\p229_019_mic2.flac,p313,0,1,0.46341365575790405,0.16449598968029022,0.46341365575790405,-0.29891766607761383,7.866875
original,0,p229_066_mic2,p229,data\VCTK\wav48_silence_trimmed\p229\p229_066_mic2.flac,p229,1,1,0.6970163583755493,0.6970163583755493,0.344163715839386,0.35285264253616333,1.8826875
base,1,p229_066_mic2,p229,data\VCTK\wav48_silence_trimmed\p229\p229_066_mic2.flac,p257,0,1,0.38295575976371765,0.14531028270721436,0.38295575976371765,-0.2376454770565033,1.8826875
base,2,p229_066_mic2,p229,data\VCTK\wav48_silence_trimmed\p229\p229_066_mic2.flac,p229,1,1,0.3956378698348999,0.3956378698348999,0.37629252672195435,0.019345343112945557,1.8826875
base,3,p229_066_mic2,p229,data\VCTK\wav48_silence_trimmed\p229\p229_066_mic2.flac,p229,1,1,0.4130808711051941,0.4130808711051941,0.3229318857192993,0.09014898538589478,1.8826875
lca,1,p229_066_mic2,p229,data\VCTK\wav48_silence_trimmed\p229\p229_066_mic2.flac,p280,0,1,0.44512492418289185,0.09256558120250702,0.44512492418289185,-0.3525593429803848,1.8826875
lca,2,p229_066_mic2,p229,data\VCTK\wav48_silence_trimmed\p229\p229_066_mic2.flac,p262,0,1,0.501227617263794,0.23945805430412292,0.501227617263794,-0.261769562959671,1.8826875
lca,3,p229_066_mic2,p229,data\VCTK\wav48_silence_trimmed\p229\p229_066_mic2.flac,p262,0,1,0.47219860553741455,0.30402541160583496,0.47219860553741455,-0.1681731939315796,1.8826875
original,0,p229_089_mic1,p229,data\VCTK\wav48_silence_trimmed\p229\p229_089_mic1.flac,p229,1,1,0.7069286108016968,0.7069286108016968,0.3427923321723938,0.364136278629303,2.19725
base,1,p229_089_mic1,p229,data\VCTK\wav48_silence_trimmed\p229\p229_089_mic1.flac,p300,0,1,0.3538130521774292,0.09647062420845032,0.3538130521774292,-0.2573424279689789,2.19725
base,2,p229_089_mic1,p229,data\VCTK\wav48_silence_trimmed\p229\p229_089_mic1.flac,p313,0,1,0.35289567708969116,0.32933443784713745,0.35289567708969116,-0.02356123924255371,2.19725
base,3,p229_089_mic1,p229,data\VCTK\wav48_silence_trimmed\p229\p229_089_mic1.flac,p229,1,1,0.4063790440559387,0.4063790440559387,0.3419853746891022,0.06439366936683655,2.19725
lca,1,p229_089_mic1,p229,data\VCTK\wav48_silence_trimmed\p229\p229_089_mic1.flac,p280,0,1,0.4235139489173889,0.10815615952014923,0.4235139489173889,-0.3153577893972397,2.19725
lca,2,p229_089_mic1,p229,data\VCTK\wav48_silence_trimmed\p229\p229_089_mic1.flac,p313,0,1,0.4541659951210022,0.1267917901277542,0.4541659951210022,-0.327374204993248,2.19725
lca,3,p229_089_mic1,p229,data\VCTK\wav48_silence_trimmed\p229\p229_089_mic1.flac,p313,0,1,0.5112463235855103,0.23437663912773132,0.5112463235855103,-0.27686968445777893,2.19725
original,0,p229_251_mic2,p229,data\VCTK\wav48_silence_trimmed\p229\p229_251_mic2.flac,p229,1,1,0.6729203462600708,0.6729203462600708,0.3780268430709839,0.2948935031890869,2.862
base,1,p229_251_mic2,p229,data\VCTK\wav48_silence_trimmed\p229\p229_251_mic2.flac,p339,0,1,0.31484973430633545,-0.1224198192358017,0.31484973430633545,-0.43726955354213715,2.862
base,2,p229_251_mic2,p229,data\VCTK\wav48_silence_trimmed\p229\p229_251_mic2.flac,p313,0,1,0.3069305121898651,0.08495180308818817,0.3069305121898651,-0.22197870910167694,2.862
base,3,p229_251_mic2,p229,data\VCTK\wav48_silence_trimmed\p229\p229_251_mic2.flac,p313,0,1,0.3327248990535736,0.2932441234588623,0.3327248990535736,-0.039480775594711304,2.862
lca,1,p229_251_mic2,p229,data\VCTK\wav48_silence_trimmed\p229\p229_251_mic2.flac,p280,0,1,0.3471415936946869,-0.03500092774629593,0.3471415936946869,-0.3821425214409828,2.862
lca,2,p229_251_mic2,p229,data\VCTK\wav48_silence_trimmed\p229\p229_251_mic2.flac,p231,0,1,0.3798513412475586,0.09643171727657318,0.3798513412475586,-0.2834196239709854,2.862
lca,3,p229_251_mic2,p229,data\VCTK\wav48_silence_trimmed\p229\p229_251_mic2.flac,p313,0,1,0.3859575688838959,0.16581344604492188,0.3859575688838959,-0.220144122838974,2.862
original,0,p229_352_mic1,p229,data\VCTK\wav48_silence_trimmed\p229\p229_352_mic1.flac,p229,1,1,0.5784844756126404,0.5784844756126404,0.35162264108657837,0.226861834526062,1.8799375
base,1,p229_352_mic1,p229,data\VCTK\wav48_silence_trimmed\p229\p229_352_mic1.flac,p313,0,1,0.3595556616783142,0.014500404708087444,0.3595556616783142,-0.34505525697022676,1.8799375
base,2,p229_352_mic1,p229,data\VCTK\wav48_silence_trimmed\p229\p229_352_mic1.flac,p313,0,1,0.2907276451587677,0.2082376778125763,0.2907276451587677,-0.0824899673461914,1.8799375
base,3,p229_352_mic1,p229,data\VCTK\wav48_silence_trimmed\p229\p229_352_mic1.flac,p313,0,1,0.2987213134765625,0.24152740836143494,0.2987213134765625,-0.057193905115127563,1.8799375
lca,1,p229_352_mic1,p229,data\VCTK\wav48_silence_trimmed\p229\p229_352_mic1.flac,p280,0,1,0.35264453291893005,0.016820088028907776,0.35264453291893005,-0.3358244448900223,1.8799375
lca,2,p229_352_mic1,p229,data\VCTK\wav48_silence_trimmed\p229\p229_352_mic1.flac,p333,0,1,0.3483501672744751,0.14263904094696045,0.3483501672744751,-0.20571112632751465,1.8799375
lca,3,p229_352_mic1,p229,data\VCTK\wav48_silence_trimmed\p229\p229_352_mic1.flac,p333,0,1,0.37142473459243774,0.2117261439561844,0.37142473459243774,-0.15969859063625336,1.8799375
original,0,p230_053_mic2,p230,data\VCTK\wav48_silence_trimmed\p230\p230_053_mic2.flac,p230,1,1,0.5693093538284302,0.5693093538284302,0.4471413493156433,0.12216800451278687,3.2285
base,1,p230_053_mic2,p230,data\VCTK\wav48_silence_trimmed\p230\p230_053_mic2.flac,p330,0,1,0.35909101366996765,0.25552985072135925,0.35909101366996765,-0.1035611629486084,3.2285
base,2,p230_053_mic2,p230,data\VCTK\wav48_silence_trimmed\p230\p230_053_mic2.flac,p266,0,1,0.39326009154319763,0.33731791377067566,0.39326009154319763,-0.05594217777252197,3.2285
base,3,p230_053_mic2,p230,data\VCTK\wav48_silence_trimmed\p230\p230_053_mic2.flac,p244,0,1,0.41135644912719727,0.3903832733631134,0.41135644912719727,-0.020973175764083862,3.2285
lca,1,p230_053_mic2,p230,data\VCTK\wav48_silence_trimmed\p230\p230_053_mic2.flac,p280,0,1,0.4243871867656708,0.34583133459091187,0.4243871867656708,-0.07855585217475891,3.2285
lca,2,p230_053_mic2,p230,data\VCTK\wav48_silence_trimmed\p230\p230_053_mic2.flac,p308,0,1,0.4074023962020874,0.3390839993953705,0.4074023962020874,-0.06831839680671692,3.2285
lca,3,p230_053_mic2,p230,data\VCTK\wav48_silence_trimmed\p230\p230_053_mic2.flac,p280,0,1,0.42759379744529724,0.3519233167171478,0.42759379744529724,-0.07567048072814941,3.2285
original,0,p230_113_mic1,p230,data\VCTK\wav48_silence_trimmed\p230\p230_113_mic1.flac,p230,1,1,0.7554660439491272,0.7554660439491272,0.5165096521377563,0.23895639181137085,3.1584375
base,1,p230_113_mic1,p230,data\VCTK\wav48_silence_trimmed\p230\p230_113_mic1.flac,p250,0,1,0.3905600905418396,0.3063659369945526,0.3905600905418396,-0.08419415354728699,3.1584375
base,2,p230_113_mic1,p230,data\VCTK\wav48_silence_trimmed\p230\p230_113_mic1.flac,p230,1,1,0.4357565641403198,0.4357565641403198,0.39052748680114746,0.04522907733917236,3.1584375
base,3,p230_113_mic1,p230,data\VCTK\wav48_silence_trimmed\p230\p230_113_mic1.flac,p230,1,1,0.43500077724456787,0.43500077724456787,0.4188184440135956,0.01618233323097229,3.1584375
lca,1,p230_113_mic1,p230,data\VCTK\wav48_silence_trimmed\p230\p230_113_mic1.flac,p230,1,1,0.4326920509338379,0.4326920509338379,0.428401380777359,0.004290670156478882,3.1584375
lca,2,p230_113_mic1,p230,data\VCTK\wav48_silence_trimmed\p230\p230_113_mic1.flac,p250,0,1,0.5227920413017273,0.5047702789306641,0.5227920413017273,-0.018021762371063232,3.1584375
lca,3,p230_113_mic1,p230,data\VCTK\wav48_silence_trimmed\p230\p230_113_mic1.flac,p230,1,1,0.5529484152793884,0.5529484152793884,0.5058555603027344,0.04709285497665405,3.1584375
original,0,p230_174_mic1,p230,data\VCTK\wav48_silence_trimmed\p230\p230_174_mic1.flac,p230,1,1,0.6680989265441895,0.6680989265441895,0.41921040415763855,0.2488885223865509,3.3576875
base,1,p230_174_mic1,p230,data\VCTK\wav48_silence_trimmed\p230\p230_174_mic1.flac,p238,0,1,0.39063727855682373,0.2355179488658905,0.39063727855682373,-0.15511932969093323,3.3576875
base,2,p230_174_mic1,p230,data\VCTK\wav48_silence_trimmed\p230\p230_174_mic1.flac,p238,0,1,0.3752913177013397,0.3024386763572693,0.3752913177013397,-0.07285264134407043,3.3576875
base,3,p230_174_mic1,p230,data\VCTK\wav48_silence_trimmed\p230\p230_174_mic1.flac,p238,0,1,0.3583551049232483,0.29137635231018066,0.3583551049232483,-0.06697875261306763,3.3576875
lca,1,p230_174_mic1,p230,data\VCTK\wav48_silence_trimmed\p230\p230_174_mic1.flac,p280,0,1,0.4087817668914795,0.30993345379829407,0.4087817668914795,-0.09884831309318542,3.3576875
lca,2,p230_174_mic1,p230,data\VCTK\wav48_silence_trimmed\p230\p230_174_mic1.flac,p313,0,1,0.43399372696876526,0.3462614417076111,0.43399372696876526,-0.08773228526115417,3.3576875
lca,3,p230_174_mic1,p230,data\VCTK\wav48_silence_trimmed\p230\p230_174_mic1.flac,p340,0,1,0.4542309641838074,0.3711179494857788,0.4542309641838074,-0.08311301469802856,3.3576875
original,0,p230_296_mic2,p230,data\VCTK\wav48_silence_trimmed\p230\p230_296_mic2.flac,p230,1,1,0.6691421270370483,0.6691421270370483,0.383083701133728,0.2860584259033203,3.1720625
base,1,p230_296_mic2,p230,data\VCTK\wav48_silence_trimmed\p230\p230_296_mic2.flac,p226,0,1,0.2940928339958191,0.22174714505672455,0.2940928339958191,-0.07234568893909454,3.1720625
base,2,p230_296_mic2,p230,data\VCTK\wav48_silence_trimmed\p230\p230_296_mic2.flac,p238,0,1,0.3318372368812561,0.30773359537124634,0.3318372368812561,-0.024103641510009766,3.1720625
base,3,p230_296_mic2,p230,data\VCTK\wav48_silence_trimmed\p230\p230_296_mic2.flac,p230,1,1,0.3720105290412903,0.3720105290412903,0.3591178357601166,0.012892693281173706,3.1720625
lca,1,p230_296_mic2,p230,data\VCTK\wav48_silence_trimmed\p230\p230_296_mic2.flac,p280,0,1,0.3776717185974121,0.30301403999328613,0.3776717185974121,-0.07465767860412598,3.1720625
lca,2,p230_296_mic2,p230,data\VCTK\wav48_silence_trimmed\p230\p230_296_mic2.flac,p280,0,1,0.3570590615272522,0.3075251281261444,0.3570590615272522,-0.04953393340110779,3.1720625
lca,3,p230_296_mic2,p230,data\VCTK\wav48_silence_trimmed\p230\p230_296_mic2.flac,p280,0,1,0.3984586298465729,0.34590843319892883,0.3984586298465729,-0.05255019664764404,3.1720625
original,0,p230_377_mic1,p230,data\VCTK\wav48_silence_trimmed\p230\p230_377_mic1.flac,p230,1,1,0.722126305103302,0.722126305103302,0.5040892958641052,0.21803700923919678,3.9924375
base,1,p230_377_mic1,p230,data\VCTK\wav48_silence_trimmed\p230\p230_377_mic1.flac,p238,0,1,0.42579782009124756,0.34321659803390503,0.42579782009124756,-0.08258122205734253,3.9924375
base,2,p230_377_mic1,p230,data\VCTK\wav48_silence_trimmed\p230\p230_377_mic1.flac,p230,1,1,0.40475183725357056,0.40475183725357056,0.38687190413475037,0.01787993311882019,3.9924375
base,3,p230_377_mic1,p230,data\VCTK\wav48_silence_trimmed\p230\p230_377_mic1.flac,p231,0,1,0.42291516065597534,0.3570351302623749,0.42291516065597534,-0.06588003039360046,3.9924375
lca,1,p230_377_mic1,p230,data\VCTK\wav48_silence_trimmed\p230\p230_377_mic1.flac,p250,0,1,0.3933660686016083,0.34376752376556396,0.3933660686016083,-0.04959854483604431,3.9924375
lca,2,p230_377_mic1,p230,data\VCTK\wav48_silence_trimmed\p230\p230_377_mic1.flac,p280,0,1,0.5048295259475708,0.43519285321235657,0.5048295259475708,-0.06963667273521423,3.9924375
lca,3,p230_377_mic1,p230,data\VCTK\wav48_silence_trimmed\p230\p230_377_mic1.flac,p280,0,1,0.5333558320999146,0.4539310336112976,0.5333558320999146,-0.07942479848861694,3.9924375
original,0,p231_140_mic1,p231,data\VCTK\wav48_silence_trimmed\p231\p231_140_mic1.flac,p231,1,1,0.7820307016372681,0.7820307016372681,0.47294795513153076,0.3090827465057373,2.693125
base,1,p231_140_mic1,p231,data\VCTK\wav48_silence_trimmed\p231\p231_140_mic1.flac,p302,0,1,0.35487043857574463,0.25074875354766846,0.35487043857574463,-0.10412168502807617,2.693125
base,2,p231_140_mic1,p231,data\VCTK\wav48_silence_trimmed\p231\p231_140_mic1.flac,p231,1,1,0.4070175290107727,0.4070175290107727,0.39055418968200684,0.01646333932876587,2.693125
base,3,p231_140_mic1,p231,data\VCTK\wav48_silence_trimmed\p231\p231_140_mic1.flac,p231,1,1,0.4989404082298279,0.4989404082298279,0.3857380151748657,0.11320239305496216,2.693125
lca,1,p231_140_mic1,p231,data\VCTK\wav48_silence_trimmed\p231\p231_140_mic1.flac,p280,0,1,0.4005972743034363,0.28002554178237915,0.4005972743034363,-0.12057173252105713,2.693125
lca,2,p231_140_mic1,p231,data\VCTK\wav48_silence_trimmed\p231\p231_140_mic1.flac,p231,1,1,0.4450356066226959,0.4450356066226959,0.4137563109397888,0.031279295682907104,2.693125
lca,3,p231_140_mic1,p231,data\VCTK\wav48_silence_trimmed\p231\p231_140_mic1.flac,p340,0,1,0.4435507655143738,0.4431135654449463,0.4435507655143738,-0.00043720006942749023,2.693125
original,0,p231_193_mic1,p231,data\VCTK\wav48_silence_trimmed\p231\p231_193_mic1.flac,p231,1,1,0.7519400715827942,0.7519400715827942,0.40620774030685425,0.34573233127593994,3.030125
base,1,p231_193_mic1,p231,data\VCTK\wav48_silence_trimmed\p231\p231_193_mic1.flac,p268,0,1,0.28245440125465393,0.10144375264644623,0.28245440125465393,-0.1810106486082077,3.030125
base,2,p231_193_mic1,p231,data\VCTK\wav48_silence_trimmed\p231\p231_193_mic1.flac,p231,1,1,0.4644708037376404,0.4644708037376404,0.3979918956756592,0.0664789080619812,3.030125
base,3,p231_193_mic1,p231,data\VCTK\wav48_silence_trimmed\p231\p231_193_mic1.flac,p231,1,1,0.508413553237915,0.508413553237915,0.41774851083755493,0.09066504240036011,3.030125
lca,1,p231_193_mic1,p231,data\VCTK\wav48_silence_trimmed\p231\p231_193_mic1.flac,p280,0,1,0.39084649085998535,0.2728766202926636,0.39084649085998535,-0.11796987056732178,3.030125
lca,2,p231_193_mic1,p231,data\VCTK\wav48_silence_trimmed\p231\p231_193_mic1.flac,p280,0,1,0.48072972893714905,0.40687114000320435,0.48072972893714905,-0.0738585889339447,3.030125
lca,3,p231_193_mic1,p231,data\VCTK\wav48_silence_trimmed\p231\p231_193_mic1.flac,p231,1,1,0.4820765256881714,0.4820765256881714,0.46074360609054565,0.021332919597625732,3.030125
original,0,p231_288_mic2,p231,data\VCTK\wav48_silence_trimmed\p231\p231_288_mic2.flac,p231,1,1,0.7630507946014404,0.7630507946014404,0.47849327325820923,0.2845575213432312,3.629
base,1,p231_288_mic2,p231,data\VCTK\wav48_silence_trimmed\p231\p231_288_mic2.flac,p244,0,1,0.3904052972793579,0.37317997217178345,0.3904052972793579,-0.017225325107574463,3.629
base,2,p231_288_mic2,p231,data\VCTK\wav48_silence_trimmed\p231\p231_288_mic2.flac,p231,1,1,0.5547052621841431,0.5547052621841431,0.4926083981990814,0.062096863985061646,3.629
base,3,p231_288_mic2,p231,data\VCTK\wav48_silence_trimmed\p231\p231_288_mic2.flac,p231,1,1,0.6265652179718018,0.6265652179718018,0.4452998638153076,0.18126535415649414,3.629
lca,1,p231_288_mic2,p231,data\VCTK\wav48_silence_trimmed\p231\p231_288_mic2.flac,p231,1,1,0.3783653974533081,0.3783653974533081,0.36004525423049927,0.018320143222808838,3.629
lca,2,p231_288_mic2,p231,data\VCTK\wav48_silence_trimmed\p231\p231_288_mic2.flac,p231,1,1,0.49062585830688477,0.49062585830688477,0.4416062533855438,0.04901960492134094,3.629
lca,3,p231_288_mic2,p231,data\VCTK\wav48_silence_trimmed\p231\p231_288_mic2.flac,p231,1,1,0.5363468527793884,0.5363468527793884,0.4329586625099182,0.10338819026947021,3.629
original,0,p231_379_mic1,p231,data\VCTK\wav48_silence_trimmed\p231\p231_379_mic1.flac,p231,1,1,0.5908966064453125,0.5908966064453125,0.49164533615112305,0.09925127029418945,2.2619375
base,1,p231_379_mic1,p231,data\VCTK\wav48_silence_trimmed\p231\p231_379_mic1.flac,p244,0,1,0.3240635097026825,0.2782408595085144,0.3240635097026825,-0.04582265019416809,2.2619375
base,2,p231_379_mic1,p231,data\VCTK\wav48_silence_trimmed\p231\p231_379_mic1.flac,p262,0,1,0.5262634754180908,0.47910159826278687,0.5262634754180908,-0.047161877155303955,2.2619375
base,3,p231_379_mic1,p231,data\VCTK\wav48_silence_trimmed\p231\p231_379_mic1.flac,p231,1,1,0.5037577748298645,0.5037577748298645,0.47775503993034363,0.026002734899520874,2.2619375
lca,1,p231_379_mic1,p231,data\VCTK\wav48_silence_trimmed\p231\p231_379_mic1.flac,p255,0,1,0.32769742608070374,0.277454674243927,0.32769742608070374,-0.05024275183677673,2.2619375
lca,2,p231_379_mic1,p231,data\VCTK\wav48_silence_trimmed\p231\p231_379_mic1.flac,p250,0,1,0.4948961138725281,0.4299584627151489,0.4948961138725281,-0.06493765115737915,2.2619375
lca,3,p231_379_mic1,p231,data\VCTK\wav48_silence_trimmed\p231\p231_379_mic1.flac,p250,0,1,0.49803370237350464,0.4714162349700928,0.49803370237350464,-0.026617467403411865,2.2619375
original,0,p231_381_mic2,p231,data\VCTK\wav48_silence_trimmed\p231\p231_381_mic2.flac,p231,1,1,0.7702029943466187,0.7702029943466187,0.3432239890098572,0.4269790053367615,1.9668125
base,1,p231_381_mic2,p231,data\VCTK\wav48_silence_trimmed\p231\p231_381_mic2.flac,p244,0,1,0.33750778436660767,0.2629568576812744,0.33750778436660767,-0.07455092668533325,1.9668125
base,2,p231_381_mic2,p231,data\VCTK\wav48_silence_trimmed\p231\p231_381_mic2.flac,p231,1,1,0.44917720556259155,0.44917720556259155,0.3536795973777771,0.09549760818481445,1.9668125
base,3,p231_381_mic2,p231,data\VCTK\wav48_silence_trimmed\p231\p231_381_mic2.flac,p231,1,1,0.5696459412574768,0.5696459412574768,0.4470740854740143,0.12257185578346252,1.9668125
lca,1,p231_381_mic2,p231,data\VCTK\wav48_silence_trimmed\p231\p231_381_mic2.flac,p244,0,1,0.3952426612377167,0.3927508592605591,0.3952426612377167,-0.0024918019771575928,1.9668125
lca,2,p231_381_mic2,p231,data\VCTK\wav48_silence_trimmed\p231\p231_381_mic2.flac,p231,1,1,0.49375760555267334,0.49375760555267334,0.45004260540008545,0.04371500015258789,1.9668125
lca,3,p231_381_mic2,p231,data\VCTK\wav48_silence_trimmed\p231\p231_381_mic2.flac,p231,1,1,0.5685060024261475,0.5685060024261475,0.48788750171661377,0.08061850070953369,1.9668125
original,0,p232_151_mic1,p232,data\VCTK\wav48_silence_trimmed\p232\p232_151_mic1.flac,p232,1,1,0.7393548488616943,0.7393548488616943,0.4086902439594269,0.33066460490226746,2.9668125
base,1,p232_151_mic1,p232,data\VCTK\wav48_silence_trimmed\p232\p232_151_mic1.flac,p302,0,1,0.31263089179992676,0.17012332379817963,0.31263089179992676,-0.14250756800174713,2.9668125
base,2,p232_151_mic1,p232,data\VCTK\wav48_silence_trimmed\p232\p232_151_mic1.flac,p374,0,1,0.37399977445602417,0.2404477596282959,0.37399977445602417,-0.13355201482772827,2.9668125
base,3,p232_151_mic1,p232,data\VCTK\wav48_silence_trimmed\p232\p232_151_mic1.flac,p374,0,1,0.4129663109779358,0.3064996004104614,0.4129663109779358,-0.10646671056747437,2.9668125
lca,1,p232_151_mic1,p232,data\VCTK\wav48_silence_trimmed\p232\p232_151_mic1.flac,p347,0,1,0.26668083667755127,0.08094454556703568,0.26668083667755127,-0.1857362911105156,2.9668125
lca,2,p232_151_mic1,p232,data\VCTK\wav48_silence_trimmed\p232\p232_151_mic1.flac,p347,0,1,0.34821370244026184,0.1520104706287384,0.34821370244026184,-0.19620323181152344,2.9668125
lca,3,p232_151_mic1,p232,data\VCTK\wav48_silence_trimmed\p232\p232_151_mic1.flac,p347,0,1,0.31453371047973633,0.20367033779621124,0.31453371047973633,-0.11086337268352509,2.9668125
original,0,p232_298_mic2,p232,data\VCTK\wav48_silence_trimmed\p232\p232_298_mic2.flac,p232,1,1,0.5907151699066162,0.5907151699066162,0.3903404474258423,0.20037472248077393,1.9543125
base,1,p232_298_mic2,p232,data\VCTK\wav48_silence_trimmed\p232\p232_298_mic2.flac,p302,0,1,0.25993192195892334,0.0657540112733841,0.25993192195892334,-0.19417791068553925,1.9543125
base,2,p232_298_mic2,p232,data\VCTK\wav48_silence_trimmed\p232\p232_298_mic2.flac,p250,0,1,0.28546223044395447,0.2588008642196655,0.28546223044395447,-0.02666136622428894,1.9543125
base,3,p232_298_mic2,p232,data\VCTK\wav48_silence_trimmed\p232\p232_298_mic2.flac,p262,0,1,0.29876503348350525,0.266563355922699,0.29876503348350525,-0.032201677560806274,1.9543125
lca,1,p232_298_mic2,p232,data\VCTK\wav48_silence_trimmed\p232\p232_298_mic2.flac,p280,0,1,0.2616788446903229,0.06401573121547699,0.2616788446903229,-0.1976631134748459,1.9543125
lca,2,p232_298_mic2,p232,data\VCTK\wav48_silence_trimmed\p232\p232_298_mic2.flac,p252,0,1,0.3252115547657013,0.1416047066450119,0.3252115547657013,-0.1836068481206894,1.9543125
lca,3,p232_298_mic2,p232,data\VCTK\wav48_silence_trimmed\p232\p232_298_mic2.flac,p250,0,1,0.30456072092056274,0.18076086044311523,0.30456072092056274,-0.12379986047744751,1.9543125
original,0,p232_386_mic2,p232,data\VCTK\wav48_silence_trimmed\p232\p232_386_mic2.flac,p232,1,1,0.718409538269043,0.718409538269043,0.44701528549194336,0.2713942527770996,2.6035
base,1,p232_386_mic2,p232,data\VCTK\wav48_silence_trimmed\p232\p232_386_mic2.flac,p360,0,1,0.2922285795211792,0.2233884036540985,0.2922285795211792,-0.06884017586708069,2.6035
base,2,p232_386_mic2,p232,data\VCTK\wav48_silence_trimmed\p232\p232_386_mic2.flac,p232,1,1,0.4070267081260681,0.4070267081260681,0.3454608917236328,0.0615658164024353,2.6035
base,3,p232_386_mic2,p232,data\VCTK\wav48_silence_trimmed\p232\p232_386_mic2.flac,p232,1,1,0.5304933786392212,0.5304933786392212,0.3753734827041626,0.1551198959350586,2.6035
lca,1,p232_386_mic2,p232,data\VCTK\wav48_silence_trimmed\p232\p232_386_mic2.flac,p280,0,1,0.29374295473098755,0.15469156205654144,0.29374295473098755,-0.1390513926744461,2.6035
lca,2,p232_386_mic2,p232,data\VCTK\wav48_silence_trimmed\p232\p232_386_mic2.flac,p360,0,1,0.296663761138916,0.2909788489341736,0.296663761138916,-0.005684912204742432,2.6035
lca,3,p232_386_mic2,p232,data\VCTK\wav48_silence_trimmed\p232\p232_386_mic2.flac,p232,1,1,0.3662016987800598,0.3662016987800598,0.3163837790489197,0.04981791973114014,2.6035
original,0,p232_399_mic2,p232,data\VCTK\wav48_silence_trimmed\p232\p232_399_mic2.flac,p232,1,1,0.6738548874855042,0.6738548874855042,0.37062937021255493,0.3032255172729492,2.6273125
base,1,p232_399_mic2,p232,data\VCTK\wav48_silence_trimmed\p232\p232_399_mic2.flac,p374,0,1,0.31180882453918457,0.13964655995368958,0.31180882453918457,-0.172162264585495,2.6273125
base,2,p232_399_mic2,p232,data\VCTK\wav48_silence_trimmed\p232\p232_399_mic2.flac,p271,0,1,0.3956112861633301,0.16380028426647186,0.3956112861633301,-0.23181100189685822,2.6273125
base,3,p232_399_mic2,p232,data\VCTK\wav48_silence_trimmed\p232\p232_399_mic2.flac,p271,0,1,0.5004552602767944,0.25335466861724854,0.5004552602767944,-0.2471005916595459,2.6273125
lca,1,p232_399_mic2,p232,data\VCTK\wav48_silence_trimmed\p232\p232_399_mic2.flac,p364,0,1,0.34098851680755615,0.061438970267772675,0.34098851680755615,-0.2795495465397835,2.6273125
lca,2,p232_399_mic2,p232,data\VCTK\wav48_silence_trimmed\p232\p232_399_mic2.flac,p364,0,1,0.4005729556083679,0.14049501717090607,0.4005729556083679,-0.26007793843746185,2.6273125
lca,3,p232_399_mic2,p232,data\VCTK\wav48_silence_trimmed\p232\p232_399_mic2.flac,p252,0,1,0.34669169783592224,0.23664847016334534,0.34669169783592224,-0.1100432276725769,2.6273125
original,0,p232_406_mic1,p232,data\VCTK\wav48_silence_trimmed\p232\p232_406_mic1.flac,p232,1,1,0.5586317777633667,0.5586317777633667,0.30582699179649353,0.25280478596687317,2.02825
base,1,p232_406_mic1,p232,data\VCTK\wav48_silence_trimmed\p232\p232_406_mic1.flac,p315,0,1,0.25696349143981934,0.20468920469284058,0.25696349143981934,-0.05227428674697876,2.02825
base,2,p232_406_mic1,p232,data\VCTK\wav48_silence_trimmed\p232\p232_406_mic1.flac,p363,0,1,0.3082524538040161,0.17929628491401672,0.3082524538040161,-0.1289561688899994,2.02825
base,3,p232_406_mic1,p232,data\VCTK\wav48_silence_trimmed\p232\p232_406_mic1.flac,p285,0,1,0.2958049178123474,0.25019580125808716,0.2958049178123474,-0.045609116554260254,2.02825
lca,1,p232_406_mic1,p232,data\VCTK\wav48_silence_trimmed\p232\p232_406_mic1.flac,p313,0,1,0.253481388092041,0.06252992898225784,0.253481388092041,-0.19095145910978317,2.02825
lca,2,p232_406_mic1,p232,data\VCTK\wav48_silence_trimmed\p232\p232_406_mic1.flac,p313,0,1,0.2812325656414032,0.08617176860570908,0.2812325656414032,-0.19506079703569412,2.02825
lca,3,p232_406_mic1,p232,data\VCTK\wav48_silence_trimmed\p232\p232_406_mic1.flac,p281,0,1,0.2876144051551819,0.13504734635353088,0.2876144051551819,-0.152567058801651,2.02825
original,0,p233_046_mic1,p233,data\VCTK\wav48_silence_trimmed\p233\p233_046_mic1.flac,p233,1,1,0.7206491827964783,0.7206491827964783,0.4576093554496765,0.26303982734680176,2.758625
base,1,p233_046_mic1,p233,data\VCTK\wav48_silence_trimmed\p233\p233_046_mic1.flac,p268,0,1,0.48504638671875,0.2772069275379181,0.48504638671875,-0.2078394591808319,2.758625
base,2,p233_046_mic1,p233,data\VCTK\wav48_silence_trimmed\p233\p233_046_mic1.flac,p268,0,1,0.44324713945388794,0.31993603706359863,0.44324713945388794,-0.1233111023902893,2.758625
base,3,p233_046_mic1,p233,data\VCTK\wav48_silence_trimmed\p233\p233_046_mic1.flac,p351,0,1,0.4719419479370117,0.3112466335296631,0.4719419479370117,-0.16069531440734863,2.758625
lca,1,p233_046_mic1,p233,data\VCTK\wav48_silence_trimmed\p233\p233_046_mic1.flac,p280,0,1,0.450279176235199,0.32512494921684265,0.450279176235199,-0.12515422701835632,2.758625
lca,2,p233_046_mic1,p233,data\VCTK\wav48_silence_trimmed\p233\p233_046_mic1.flac,p250,0,1,0.538486123085022,0.3609551191329956,0.538486123085022,-0.17753100395202637,2.758625
lca,3,p233_046_mic1,p233,data\VCTK\wav48_silence_trimmed\p233\p233_046_mic1.flac,p250,0,1,0.5951209664344788,0.35532069206237793,0.5951209664344788,-0.23980027437210083,2.758625
original,0,p233_184_mic1,p233,data\VCTK\wav48_silence_trimmed\p233\p233_184_mic1.flac,p233,1,1,0.6331853270530701,0.6331853270530701,0.4476700723171234,0.18551525473594666,2.1700625
base,1,p233_184_mic1,p233,data\VCTK\wav48_silence_trimmed\p233\p233_184_mic1.flac,p244,0,1,0.36561042070388794,0.14593258500099182,0.36561042070388794,-0.21967783570289612,2.1700625
base,2,p233_184_mic1,p233,data\VCTK\wav48_silence_trimmed\p233\p233_184_mic1.flac,p244,0,1,0.3737339973449707,0.24026715755462646,0.3737339973449707,-0.13346683979034424,2.1700625
base,3,p233_184_mic1,p233,data\VCTK\wav48_silence_trimmed\p233\p233_184_mic1.flac,p244,0,1,0.38444072008132935,0.28585582971572876,0.38444072008132935,-0.09858489036560059,2.1700625
lca,1,p233_184_mic1,p233,data\VCTK\wav48_silence_trimmed\p233\p233_184_mic1.flac,p280,0,1,0.4418562948703766,0.28062283992767334,0.4418562948703766,-0.16123345494270325,2.1700625
lca,2,p233_184_mic1,p233,data\VCTK\wav48_silence_trimmed\p233\p233_184_mic1.flac,p280,0,1,0.4384761452674866,0.20237955451011658,0.4384761452674866,-0.23609659075737,2.1700625
lca,3,p233_184_mic1,p233,data\VCTK\wav48_silence_trimmed\p233\p233_184_mic1.flac,p280,0,1,0.47754859924316406,0.27241605520248413,0.47754859924316406,-0.20513254404067993,2.1700625
original,0,p233_255_mic2,p233,data\VCTK\wav48_silence_trimmed\p233\p233_255_mic2.flac,p233,1,1,0.8254026770591736,0.8254026770591736,0.48695337772369385,0.33844929933547974,4.795375
base,1,p233_255_mic2,p233,data\VCTK\wav48_silence_trimmed\p233\p233_255_mic2.flac,p262,0,1,0.38107508420944214,0.2914726734161377,0.38107508420944214,-0.08960241079330444,4.795375
base,2,p233_255_mic2,p233,data\VCTK\wav48_silence_trimmed\p233\p233_255_mic2.flac,p244,0,1,0.48910394310951233,0.46793073415756226,0.48910394310951233,-0.021173208951950073,4.795375
base,3,p233_255_mic2,p233,data\VCTK\wav48_silence_trimmed\p233\p233_255_mic2.flac,p233,1,1,0.49186623096466064,0.49186623096466064,0.48803919553756714,0.003827035427093506,4.795375
lca,1,p233_255_mic2,p233,data\VCTK\wav48_silence_trimmed\p233\p233_255_mic2.flac,p280,0,1,0.4633950889110565,0.295740008354187,0.4633950889110565,-0.1676550805568695,4.795375
lca,2,p233_255_mic2,p233,data\VCTK\wav48_silence_trimmed\p233\p233_255_mic2.flac,p280,0,1,0.4742032289505005,0.37392717599868774,0.4742032289505005,-0.10027605295181274,4.795375
lca,3,p233_255_mic2,p233,data\VCTK\wav48_silence_trimmed\p233\p233_255_mic2.flac,p280,0,1,0.5072231888771057,0.4413110017776489,0.5072231888771057,-0.06591218709945679,4.795375
original,0,p233_332_mic2,p233,data\VCTK\wav48_silence_trimmed\p233\p233_332_mic2.flac,p233,1,1,0.775214433670044,0.775214433670044,0.5137706398963928,0.2614437937736511,3.617875
base,1,p233_332_mic2,p233,data\VCTK\wav48_silence_trimmed\p233\p233_332_mic2.flac,p244,0,1,0.4447430372238159,0.2603832185268402,0.4447430372238159,-0.1843598186969757,3.617875
base,2,p233_332_mic2,p233,data\VCTK\wav48_silence_trimmed\p233\p233_332_mic2.flac,p244,0,1,0.4769653081893921,0.3164807856082916,0.4769653081893921,-0.16048452258110046,3.617875
base,3,p233_332_mic2,p233,data\VCTK\wav48_silence_trimmed\p233\p233_332_mic2.flac,p280,0,1,0.4023517966270447,0.37669456005096436,0.4023517966270447,-0.025657236576080322,3.617875
lca,1,p233_332_mic2,p233,data\VCTK\wav48_silence_trimmed\p233\p233_332_mic2.flac,p280,0,1,0.4672890901565552,0.34290027618408203,0.4672890901565552,-0.12438881397247314,3.617875
lca,2,p233_332_mic2,p233,data\VCTK\wav48_silence_trimmed\p233\p233_332_mic2.flac,p280,0,1,0.48495474457740784,0.36553800106048584,0.48495474457740784,-0.119416743516922,3.617875
lca,3,p233_332_mic2,p233,data\VCTK\wav48_silence_trimmed\p233\p233_332_mic2.flac,p280,0,1,0.5042099356651306,0.37705227732658386,0.5042099356651306,-0.12715765833854675,3.617875
original,0,p233_386_mic1,p233,data\VCTK\wav48_silence_trimmed\p233\p233_386_mic1.flac,p233,1,1,0.6378045082092285,0.6378045082092285,0.5120016932487488,0.12580281496047974,2.17075
base,1,p233_386_mic1,p233,data\VCTK\wav48_silence_trimmed\p233\p233_386_mic1.flac,p225,0,1,0.3346893787384033,0.23194974660873413,0.3346893787384033,-0.10273963212966919,2.17075
base,2,p233_386_mic1,p233,data\VCTK\wav48_silence_trimmed\p233\p233_386_mic1.flac,p244,0,1,0.426696240901947,0.33050382137298584,0.426696240901947,-0.09619241952896118,2.17075
base,3,p233_386_mic1,p233,data\VCTK\wav48_silence_trimmed\p233\p233_386_mic1.flac,p280,0,1,0.43946021795272827,0.4166802763938904,0.43946021795272827,-0.02277994155883789,2.17075
lca,1,p233_386_mic1,p233,data\VCTK\wav48_silence_trimmed\p233\p233_386_mic1.flac,p280,0,1,0.3892389237880707,0.26436659693717957,0.3892389237880707,-0.12487232685089111,2.17075
lca,2,p233_386_mic1,p233,data\VCTK\wav48_silence_trimmed\p233\p233_386_mic1.flac,p244,0,1,0.5140455961227417,0.30263739824295044,0.5140455961227417,-0.21140819787979126,2.17075
lca,3,p233_386_mic1,p233,data\VCTK\wav48_silence_trimmed\p233\p233_386_mic1.flac,p280,0,1,0.5336446762084961,0.34109336137771606,0.5336446762084961,-0.19255131483078003,2.17075
original,0,p234_090_mic1,p234,data\VCTK\wav48_silence_trimmed\p234\p234_090_mic1.flac,p234,1,1,0.6196688413619995,0.6196688413619995,0.40163302421569824,0.21803581714630127,2.17625
base,1,p234_090_mic1,p234,data\VCTK\wav48_silence_trimmed\p234\p234_090_mic1.flac,p244,0,1,0.2765931189060211,0.09838909655809402,0.2765931189060211,-0.1782040223479271,2.17625
base,2,p234_090_mic1,p234,data\VCTK\wav48_silence_trimmed\p234\p234_090_mic1.flac,p301,0,1,0.47568267583847046,0.38277098536491394,0.47568267583847046,-0.09291169047355652,2.17625
base,3,p234_090_mic1,p234,data\VCTK\wav48_silence_trimmed\p234\p234_090_mic1.flac,p293,0,1,0.41424745321273804,0.3747631013393402,0.41424745321273804,-0.03948435187339783,2.17625
lca,1,p234_090_mic1,p234,data\VCTK\wav48_silence_trimmed\p234\p234_090_mic1.flac,p250,0,1,0.4213380217552185,0.26207518577575684,0.4213380217552185,-0.15926283597946167,2.17625
lca,2,p234_090_mic1,p234,data\VCTK\wav48_silence_trimmed\p234\p234_090_mic1.flac,p250,0,1,0.42162197828292847,0.4064251780509949,0.42162197828292847,-0.015196800231933594,2.17625
lca,3,p234_090_mic1,p234,data\VCTK\wav48_silence_trimmed\p234\p234_090_mic1.flac,p234,1,1,0.49121591448783875,0.49121591448783875,0.43429163098335266,0.056924283504486084,2.17625
original,0,p234_132_mic1,p234,data\VCTK\wav48_silence_trimmed\p234\p234_132_mic1.flac,p234,1,1,0.6302541494369507,0.6302541494369507,0.4216349422931671,0.20861920714378357,5.39825
base,1,p234_132_mic1,p234,data\VCTK\wav48_silence_trimmed\p234\p234_132_mic1.flac,p248,0,1,0.27306872606277466,0.12976202368736267,0.27306872606277466,-0.143306702375412,5.39825
base,2,p234_132_mic1,p234,data\VCTK\wav48_silence_trimmed\p234\p234_132_mic1.flac,p301,0,1,0.33885088562965393,0.2707361578941345,0.33885088562965393,-0.06811472773551941,5.39825
base,3,p234_132_mic1,p234,data\VCTK\wav48_silence_trimmed\p234\p234_132_mic1.flac,p301,0,1,0.4058566391468048,0.33254769444465637,0.4058566391468048,-0.07330894470214844,5.39825
lca,1,p234_132_mic1,p234,data\VCTK\wav48_silence_trimmed\p234\p234_132_mic1.flac,p250,0,1,0.29023998975753784,0.1522194892168045,0.29023998975753784,-0.13802050054073334,5.39825
lca,2,p234_132_mic1,p234,data\VCTK\wav48_silence_trimmed\p234\p234_132_mic1.flac,p308,0,1,0.38121873140335083,0.3088568449020386,0.38121873140335083,-0.07236188650131226,5.39825
lca,3,p234_132_mic1,p234,data\VCTK\wav48_silence_trimmed\p234\p234_132_mic1.flac,p308,0,1,0.4148585796356201,0.3447631597518921,0.4148585796356201,-0.07009541988372803,5.39825
original,0,p234_204_mic1,p234,data\VCTK\wav48_silence_trimmed\p234\p234_204_mic1.flac,p234,1,1,0.7592434883117676,0.7592434883117676,0.5317936539649963,0.22744983434677124,2.22225
base,1,p234_204_mic1,p234,data\VCTK\wav48_silence_trimmed\p234\p234_204_mic1.flac,p268,0,1,0.3140561282634735,0.1310921162366867,0.3140561282634735,-0.1829640120267868,2.22225
base,2,p234_204_mic1,p234,data\VCTK\wav48_silence_trimmed\p234\p234_204_mic1.flac,p262,0,1,0.3637871742248535,0.2558114230632782,0.3637871742248535,-0.10797575116157532,2.22225
base,3,p234_204_mic1,p234,data\VCTK\wav48_silence_trimmed\p234\p234_204_mic1.flac,p262,0,1,0.35895010828971863,0.25288307666778564,0.35895010828971863,-0.10606703162193298,2.22225
lca,1,p234_204_mic1,p234,data\VCTK\wav48_silence_trimmed\p234\p234_204_mic1.flac,p250,0,1,0.42681464552879333,0.2434975802898407,0.42681464552879333,-0.18331706523895264,2.22225
lca,2,p234_204_mic1,p234,data\VCTK\wav48_silence_trimmed\p234\p234_204_mic1.flac,p250,0,1,0.3749294877052307,0.27994251251220703,0.3749294877052307,-0.09498697519302368,2.22225
lca,3,p234_204_mic1,p234,data\VCTK\wav48_silence_trimmed\p234\p234_204_mic1.flac,p250,0,1,0.4191363751888275,0.316736102104187,0.4191363751888275,-0.1024002730846405,2.22225
original,0,p234_205_mic1,p234,data\VCTK\wav48_silence_trimmed\p234\p234_205_mic1.flac,p234,1,1,0.6068357825279236,0.6068357825279236,0.43793830275535583,0.16889747977256775,1.9209375
base,1,p234_205_mic1,p234,data\VCTK\wav48_silence_trimmed\p234\p234_205_mic1.flac,p294,0,1,0.2984507381916046,0.10257872939109802,0.2984507381916046,-0.1958720088005066,1.9209375
base,2,p234_205_mic1,p234,data\VCTK\wav48_silence_trimmed\p234\p234_205_mic1.flac,p301,0,1,0.33378010988235474,0.10877802222967148,0.33378010988235474,-0.22500208765268326,1.9209375
base,3,p234_205_mic1,p234,data\VCTK\wav48_silence_trimmed\p234\p234_205_mic1.flac,p301,0,1,0.31589263677597046,0.16556209325790405,0.31589263677597046,-0.1503305435180664,1.9209375
lca,1,p234_205_mic1,p234,data\VCTK\wav48_silence_trimmed\p234\p234_205_mic1.flac,p250,0,1,0.3790786564350128,0.28035736083984375,0.3790786564350128,-0.09872129559516907,1.9209375
lca,2,p234_205_mic1,p234,data\VCTK\wav48_silence_trimmed\p234\p234_205_mic1.flac,p250,0,1,0.48759931325912476,0.4025142192840576,0.48759931325912476,-0.08508509397506714,1.9209375
lca,3,p234_205_mic1,p234,data\VCTK\wav48_silence_trimmed\p234\p234_205_mic1.flac,p250,0,1,0.45142120122909546,0.3746109902858734,0.45142120122909546,-0.07681021094322205,1.9209375
original,0,p234_360_mic2,p234,data\VCTK\wav48_silence_trimmed\p234\p234_360_mic2.flac,p234,1,1,0.7512019872665405,0.7512019872665405,0.4427438974380493,0.3084580898284912,3.882875
base,1,p234_360_mic2,p234,data\VCTK\wav48_silence_trimmed\p234\p234_360_mic2.flac,p301,0,1,0.4037529230117798,0.14718055725097656,0.4037529230117798,-0.2565723657608032,3.882875
base,2,p234_360_mic2,p234,data\VCTK\wav48_silence_trimmed\p234\p234_360_mic2.flac,p301,0,1,0.4582222104072571,0.2967584729194641,0.4582222104072571,-0.16146373748779297,3.882875
base,3,p234_360_mic2,p234,data\VCTK\wav48_silence_trimmed\p234\p234_360_mic2.flac,p301,0,1,0.4783092737197876,0.3263784646987915,0.4783092737197876,-0.1519308090209961,3.882875
lca,1,p234_360_mic2,p234,data\VCTK\wav48_silence_trimmed\p234\p234_360_mic2.flac,p313,0,1,0.4038308262825012,0.20789510011672974,0.4038308262825012,-0.19593572616577148,3.882875
lca,2,p234_360_mic2,p234,data\VCTK\wav48_silence_trimmed\p234\p234_360_mic2.flac,p280,0,1,0.3912729024887085,0.2762013375759125,0.3912729024887085,-0.11507156491279602,3.882875
lca,3,p234_360_mic2,p234,data\VCTK\wav48_silence_trimmed\p234\p234_360_mic2.flac,p340,0,1,0.4031081795692444,0.28866809606552124,0.4031081795692444,-0.11444008350372314,3.882875
original,0,p236_023_mic2,p236,data\VCTK\wav48_silence_trimmed\p236\p236_023_mic2.flac,p236,1,1,0.7217210531234741,0.7217210531234741,0.43612873554229736,0.28559231758117676,10.3605625
base,1,p236_023_mic2,p236,data\VCTK\wav48_silence_trimmed\p236\p236_023_mic2.flac,p238,0,1,0.36468416452407837,0.06373508274555206,0.36468416452407837,-0.3009490817785263,10.3605625
base,2,p236_023_mic2,p236,data\VCTK\wav48_silence_trimmed\p236\p236_023_mic2.flac,p238,0,1,0.3841036558151245,0.19094018638134003,0.3841036558151245,-0.19316346943378448,10.3605625
base,3,p236_023_mic2,p236,data\VCTK\wav48_silence_trimmed\p236\p236_023_mic2.flac,p317,0,1,0.39713355898857117,0.29739728569984436,0.39713355898857117,-0.0997362732887268,10.3605625
lca,1,p236_023_mic2,p236,data\VCTK\wav48_silence_trimmed\p236\p236_023_mic2.flac,p250,0,1,0.40309202671051025,0.15168048441410065,0.40309202671051025,-0.2514115422964096,10.3605625
lca,2,p236_023_mic2,p236,data\VCTK\wav48_silence_trimmed\p236\p236_023_mic2.flac,p250,0,1,0.4786171019077301,0.23828056454658508,0.4786171019077301,-0.24033653736114502,10.3605625
lca,3,p236_023_mic2,p236,data\VCTK\wav48_silence_trimmed\p236\p236_023_mic2.flac,p340,0,1,0.46642157435417175,0.2934495210647583,0.46642157435417175,-0.17297205328941345,10.3605625
original,0,p236_197_mic1,p236,data\VCTK\wav48_silence_trimmed\p236\p236_197_mic1.flac,p236,1,1,0.7590572834014893,0.7590572834014893,0.4514216184616089,0.30763566493988037,2.3501875
base,1,p236_197_mic1,p236,data\VCTK\wav48_silence_trimmed\p236\p236_197_mic1.flac,p283,0,1,0.33460676670074463,0.08182213455438614,0.33460676670074463,-0.2527846321463585,2.3501875
base,2,p236_197_mic1,p236,data\VCTK\wav48_silence_trimmed\p236\p236_197_mic1.flac,p250,0,1,0.40172266960144043,0.2276691496372223,0.40172266960144043,-0.17405351996421814,2.3501875
base,3,p236_197_mic1,p236,data\VCTK\wav48_silence_trimmed\p236\p236_197_mic1.flac,p250,0,1,0.37384647130966187,0.28556084632873535,0.37384647130966187,-0.08828562498092651,2.3501875
lca,1,p236_197_mic1,p236,data\VCTK\wav48_silence_trimmed\p236\p236_197_mic1.flac,p250,0,1,0.40677595138549805,0.13850298523902893,0.40677595138549805,-0.2682729661464691,2.3501875
lca,2,p236_197_mic1,p236,data\VCTK\wav48_silence_trimmed\p236\p236_197_mic1.flac,p250,0,1,0.49088093638420105,0.23151163756847382,0.49088093638420105,-0.25936929881572723,2.3501875
lca,3,p236_197_mic1,p236,data\VCTK\wav48_silence_trimmed\p236\p236_197_mic1.flac,p250,0,1,0.4890879690647125,0.2927051782608032,0.4890879690647125,-0.1963827908039093,2.3501875
original,0,p236_341_mic2,p236,data\VCTK\wav48_silence_trimmed\p236\p236_341_mic2.flac,p236,1,1,0.7033286690711975,0.7033286690711975,0.4098244905471802,0.29350417852401733,2.307625
base,1,p236_341_mic2,p236,data\VCTK\wav48_silence_trimmed\p236\p236_341_mic2.flac,p238,0,1,0.4061893820762634,0.0601184107363224,0.4061893820762634,-0.346070971339941,2.307625
base,2,p236_341_mic2,p236,data\VCTK\wav48_silence_trimmed\p236\p236_341_mic2.flac,p238,0,1,0.4414900839328766,0.13485777378082275,0.4414900839328766,-0.30663231015205383,2.307625
base,3,p236_341_mic2,p236,data\VCTK\wav48_silence_trimmed\p236\p236_341_mic2.flac,p283,0,1,0.402043879032135,0.1750047653913498,0.402043879032135,-0.22703911364078522,2.307625
lca,1,p236_341_mic2,p236,data\VCTK\wav48_silence_trimmed\p236\p236_341_mic2.flac,p250,0,1,0.42868566513061523,0.10411021113395691,0.42868566513061523,-0.3245754539966583,2.307625
lca,2,p236_341_mic2,p236,data\VCTK\wav48_silence_trimmed\p236\p236_341_mic2.flac,p250,0,1,0.4425470232963562,0.1709444522857666,0.4425470232963562,-0.2716025710105896,2.307625
lca,3,p236_341_mic2,p236,data\VCTK\wav48_silence_trimmed\p236\p236_341_mic2.flac,p340,0,1,0.37342023849487305,0.22811049222946167,0.37342023849487305,-0.14530974626541138,2.307625
original,0,p236_451_mic1,p236,data\VCTK\wav48_silence_trimmed\p236\p236_451_mic1.flac,p236,1,1,0.7011688351631165,0.7011688351631165,0.43981868028640747,0.261350154876709,3.8413125
base,1,p236_451_mic1,p236,data\VCTK\wav48_silence_trimmed\p236\p236_451_mic1.flac,p335,0,1,0.3315355181694031,0.05448836088180542,0.3315355181694031,-0.27704715728759766,3.8413125
base,2,p236_451_mic1,p236,data\VCTK\wav48_silence_trimmed\p236\p236_451_mic1.flac,p257,0,1,0.43431586027145386,0.20802181959152222,0.43431586027145386,-0.22629404067993164,3.8413125
base,3,p236_451_mic1,p236,data\VCTK\wav48_silence_trimmed\p236\p236_451_mic1.flac,p257,0,1,0.4460781216621399,0.25318723917007446,0.4460781216621399,-0.19289088249206543,3.8413125
lca,1,p236_451_mic1,p236,data\VCTK\wav48_silence_trimmed\p236\p236_451_mic1.flac,p280,0,1,0.4090708792209625,0.08712917566299438,0.4090708792209625,-0.32194170355796814,3.8413125
lca,2,p236_451_mic1,p236,data\VCTK\wav48_silence_trimmed\p236\p236_451_mic1.flac,p250,0,1,0.4369370639324188,0.2296355813741684,0.4369370639324188,-0.20730148255825043,3.8413125
lca,3,p236_451_mic1,p236,data\VCTK\wav48_silence_trimmed\p236\p236_451_mic1.flac,p250,0,1,0.44368046522140503,0.3351694643497467,0.44368046522140503,-0.10851100087165833,3.8413125
original,0,p236_492_mic1,p236,data\VCTK\wav48_silence_trimmed\p236\p236_492_mic1.flac,p236,1,1,0.6238722205162048,0.6238722205162048,0.37345248460769653,0.2504197359085083,2.2233125
base,1,p236_492_mic1,p236,data\VCTK\wav48_silence_trimmed\p236\p236_492_mic1.flac,p230,0,1,0.3213209807872772,0.005456484854221344,0.3213209807872772,-0.3158644959330559,2.2233125
base,2,p236_492_mic1,p236,data\VCTK\wav48_silence_trimmed\p236\p236_492_mic1.flac,p233,0,1,0.4110208749771118,0.30572110414505005,0.4110208749771118,-0.10529977083206177,2.2233125
base,3,p236_492_mic1,p236,data\VCTK\wav48_silence_trimmed\p236\p236_492_mic1.flac,p250,0,1,0.3683985769748688,0.32385584712028503,0.3683985769748688,-0.04454272985458374,2.2233125
lca,1,p236_492_mic1,p236,data\VCTK\wav48_silence_trimmed\p236\p236_492_mic1.flac,p266,0,1,0.369983971118927,0.050382159650325775,0.369983971118927,-0.3196018114686012,2.2233125
lca,2,p236_492_mic1,p236,data\VCTK\wav48_silence_trimmed\p236\p236_492_mic1.flac,p300,0,1,0.4022654891014099,0.2654080390930176,0.4022654891014099,-0.13685745000839233,2.2233125
lca,3,p236_492_mic1,p236,data\VCTK\wav48_silence_trimmed\p236\p236_492_mic1.flac,p250,0,1,0.43018561601638794,0.3012206554412842,0.43018561601638794,-0.12896496057510376,2.2233125
original,0,p237_124_mic2,p237,data\VCTK\wav48_silence_trimmed\p237\p237_124_mic2.flac,p237,1,1,0.7686681151390076,0.7686681151390076,0.3147059679031372,0.45396214723587036,3.2039375
base,1,p237_124_mic2,p237,data\VCTK\wav48_silence_trimmed\p237\p237_124_mic2.flac,p364,0,1,0.37046635150909424,0.21274660527706146,0.37046635150909424,-0.15771974623203278,3.2039375
base,2,p237_124_mic2,p237,data\VCTK\wav48_silence_trimmed\p237\p237_124_mic2.flac,p326,0,1,0.33140185475349426,0.2613964378833771,0.33140185475349426,-0.07000541687011719,3.2039375
base,3,p237_124_mic2,p237,data\VCTK\wav48_silence_trimmed\p237\p237_124_mic2.flac,p364,0,1,0.39524930715560913,0.33478134870529175,0.39524930715560913,-0.06046795845031738,3.2039375
lca,1,p237_124_mic2,p237,data\VCTK\wav48_silence_trimmed\p237\p237_124_mic2.flac,p364,0,1,0.4469000995159149,0.18179640173912048,0.4469000995159149,-0.26510369777679443,3.2039375
lca,2,p237_124_mic2,p237,data\VCTK\wav48_silence_trimmed\p237\p237_124_mic2.flac,p364,0,1,0.38106197118759155,0.1307714432477951,0.38106197118759155,-0.25029052793979645,3.2039375
lca,3,p237_124_mic2,p237,data\VCTK\wav48_silence_trimmed\p237\p237_124_mic2.flac,p364,0,1,0.39151066541671753,0.23781317472457886,0.39151066541671753,-0.15369749069213867,3.2039375
original,0,p237_253_mic2,p237,data\VCTK\wav48_silence_trimmed\p237\p237_253_mic2.flac,p237,1,1,0.6469827890396118,0.6469827890396118,0.35180899500846863,0.2951737940311432,2.906125
base,1,p237_253_mic2,p237,data\VCTK\wav48_silence_trimmed\p237\p237_253_mic2.flac,p364,0,1,0.37151429057121277,0.08756712824106216,0.37151429057121277,-0.2839471623301506,2.906125
base,2,p237_253_mic2,p237,data\VCTK\wav48_silence_trimmed\p237\p237_253_mic2.flac,p364,0,1,0.45273080468177795,0.1611294448375702,0.45273080468177795,-0.29160135984420776,2.906125
base,3,p237_253_mic2,p237,data\VCTK\wav48_silence_trimmed\p237\p237_253_mic2.flac,p364,0,1,0.37665966153144836,0.21798580884933472,0.37665966153144836,-0.15867385268211365,2.906125
lca,1,p237_253_mic2,p237,data\VCTK\wav48_silence_trimmed\p237\p237_253_mic2.flac,p364,0,1,0.3449874818325043,0.15752354264259338,0.3449874818325043,-0.1874639391899109,2.906125
lca,2,p237_253_mic2,p237,data\VCTK\wav48_silence_trimmed\p237\p237_253_mic2.flac,p364,0,1,0.38127976655960083,0.24428564310073853,0.38127976655960083,-0.1369941234588623,2.906125
lca,3,p237_253_mic2,p237,data\VCTK\wav48_silence_trimmed\p237\p237_253_mic2.flac,p237,1,1,0.3396958112716675,0.3396958112716675,0.32845205068588257,0.011243760585784912,2.906125
original,0,p237_280_mic1,p237,data\VCTK\wav48_silence_trimmed\p237\p237_280_mic1.flac,p237,1,1,0.7758755087852478,0.7758755087852478,0.3012949824333191,0.4745805263519287,4.324375
base,1,p237_280_mic1,p237,data\VCTK\wav48_silence_trimmed\p237\p237_280_mic1.flac,p364,0,1,0.341477632522583,0.05235946178436279,0.341477632522583,-0.2891181707382202,4.324375
base,2,p237_280_mic1,p237,data\VCTK\wav48_silence_trimmed\p237\p237_280_mic1.flac,p364,0,1,0.40967750549316406,0.19924694299697876,0.40967750549316406,-0.2104305624961853,4.324375
base,3,p237_280_mic1,p237,data\VCTK\wav48_silence_trimmed\p237\p237_280_mic1.flac,p237,1,1,0.3576645851135254,0.3576645851135254,0.34550711512565613,0.012157469987869263,4.324375
lca,1,p237_280_mic1,p237,data\VCTK\wav48_silence_trimmed\p237\p237_280_mic1.flac,p364,0,1,0.4379526376724243,0.07826171815395355,0.4379526376724243,-0.35969091951847076,4.324375
lca,2,p237_280_mic1,p237,data\VCTK\wav48_silence_trimmed\p237\p237_280_mic1.flac,p364,0,1,0.43689674139022827,0.14404399693012238,0.43689674139022827,-0.2928527444601059,4.324375
lca,3,p237_280_mic1,p237,data\VCTK\wav48_silence_trimmed\p237\p237_280_mic1.flac,p364,0,1,0.45266497135162354,0.29397547245025635,0.45266497135162354,-0.1586894989013672,4.324375
original,0,p237_283_mic1,p237,data\VCTK\wav48_silence_trimmed\p237\p237_283_mic1.flac,p237,1,1,0.8570083975791931,0.8570083975791931,0.3200909197330475,0.5369174778461456,4.501875
base,1,p237_283_mic1,p237,data\VCTK\wav48_silence_trimmed\p237\p237_283_mic1.flac,p364,0,1,0.2915124297142029,0.09132376313209534,0.2915124297142029,-0.20018866658210754,4.501875
base,2,p237_283_mic1,p237,data\VCTK\wav48_silence_trimmed\p237\p237_283_mic1.flac,p364,0,1,0.3571476936340332,0.23935994505882263,0.3571476936340332,-0.11778774857521057,4.501875
base,3,p237_283_mic1,p237,data\VCTK\wav48_silence_trimmed\p237\p237_283_mic1.flac,p364,0,1,0.4346778988838196,0.3733217120170593,0.4346778988838196,-0.061356186866760254,4.501875
lca,1,p237_283_mic1,p237,data\VCTK\wav48_silence_trimmed\p237\p237_283_mic1.flac,p364,0,1,0.39311400055885315,0.05463356152176857,0.39311400055885315,-0.3384804390370846,4.501875
lca,2,p237_283_mic1,p237,data\VCTK\wav48_silence_trimmed\p237\p237_283_mic1.flac,p364,0,1,0.3826636075973511,0.14040009677410126,0.3826636075973511,-0.24226351082324982,4.501875
lca,3,p237_283_mic1,p237,data\VCTK\wav48_silence_trimmed\p237\p237_283_mic1.flac,p364,0,1,0.3865107297897339,0.2492489516735077,0.3865107297897339,-0.1372617781162262,4.501875
original,0,p237_320_mic2,p237,data\VCTK\wav48_silence_trimmed\p237\p237_320_mic2.flac,p237,1,1,0.7654334306716919,0.7654334306716919,0.3131018280982971,0.4523316025733948,2.5833125
base,1,p237_320_mic2,p237,data\VCTK\wav48_silence_trimmed\p237\p237_320_mic2.flac,p364,0,1,0.3522093892097473,0.2370147854089737,0.3522093892097473,-0.11519460380077362,2.5833125
base,2,p237_320_mic2,p237,data\VCTK\wav48_silence_trimmed\p237\p237_320_mic2.flac,p364,0,1,0.381393164396286,0.26605546474456787,0.381393164396286,-0.11533769965171814,2.5833125
base,3,p237_320_mic2,p237,data\VCTK\wav48_silence_trimmed\p237\p237_320_mic2.flac,p364,0,1,0.3675413727760315,0.3202020823955536,0.3675413727760315,-0.047339290380477905,2.5833125
lca,1,p237_320_mic2,p237,data\VCTK\wav48_silence_trimmed\p237\p237_320_mic2.flac,p364,0,1,0.3442913889884949,0.19366170465946198,0.3442913889884949,-0.1506296843290329,2.5833125
lca,2,p237_320_mic2,p237,data\VCTK\wav48_silence_trimmed\p237\p237_320_mic2.flac,p364,0,1,0.38647496700286865,0.2740362882614136,0.38647496700286865,-0.11243867874145508,2.5833125
lca,3,p237_320_mic2,p237,data\VCTK\wav48_silence_trimmed\p237\p237_320_mic2.flac,p364,0,1,0.42975711822509766,0.32895466685295105,0.42975711822509766,-0.1008024513721466,2.5833125
original,0,p238_093_mic1,p238,data\VCTK\wav48_silence_trimmed\p238\p238_093_mic1.flac,p238,1,1,0.7353854179382324,0.7353854179382324,0.38018596172332764,0.3551994562149048,2.7341875
base,1,p238_093_mic1,p238,data\VCTK\wav48_silence_trimmed\p238\p238_093_mic1.flac,p280,0,1,0.36651724576950073,0.2953193187713623,0.36651724576950073,-0.07119792699813843,2.7341875
base,2,p238_093_mic1,p238,data\VCTK\wav48_silence_trimmed\p238\p238_093_mic1.flac,p280,0,1,0.42643457651138306,0.4244723618030548,0.42643457651138306,-0.001962214708328247,2.7341875
base,3,p238_093_mic1,p238,data\VCTK\wav48_silence_trimmed\p238\p238_093_mic1.flac,p238,1,1,0.5086284279823303,0.5086284279823303,0.4741855561733246,0.03444287180900574,2.7341875
lca,1,p238_093_mic1,p238,data\VCTK\wav48_silence_trimmed\p238\p238_093_mic1.flac,p250,0,1,0.4208219051361084,0.3455670177936554,0.4208219051361084,-0.075254887342453,2.7341875
lca,2,p238_093_mic1,p238,data\VCTK\wav48_silence_trimmed\p238\p238_093_mic1.flac,p280,0,1,0.48752763867378235,0.4348444938659668,0.48752763867378235,-0.05268314480781555,2.7341875
lca,3,p238_093_mic1,p238,data\VCTK\wav48_silence_trimmed\p238\p238_093_mic1.flac,p280,0,1,0.49115926027297974,0.4728061556816101,0.49115926027297974,-0.01835310459136963,2.7341875
original,0,p238_169_mic2,p238,data\VCTK\wav48_silence_trimmed\p238\p238_169_mic2.flac,p238,1,1,0.7593175172805786,0.7593175172805786,0.40274128317832947,0.35657623410224915,2.603625
base,1,p238_169_mic2,p238,data\VCTK\wav48_silence_trimmed\p238\p238_169_mic2.flac,p280,0,1,0.40539056062698364,0.3077056109905243,0.40539056062698364,-0.09768494963645935,2.603625
base,2,p238_169_mic2,p238,data\VCTK\wav48_silence_trimmed\p238\p238_169_mic2.flac,p280,0,1,0.4358717203140259,0.4121783375740051,0.4358717203140259,-0.023693382740020752,2.603625
base,3,p238_169_mic2,p238,data\VCTK\wav48_silence_trimmed\p238\p238_169_mic2.flac,p238,1,1,0.4740573763847351,0.4740573763847351,0.4338642954826355,0.04019308090209961,2.603625
lca,1,p238_169_mic2,p238,data\VCTK\wav48_silence_trimmed\p238\p238_169_mic2.flac,p280,0,1,0.4006105661392212,0.31608253717422485,0.4006105661392212,-0.08452802896499634,2.603625
lca,2,p238_169_mic2,p238,data\VCTK\wav48_silence_trimmed\p238\p238_169_mic2.flac,p280,0,1,0.5445005297660828,0.356010377407074,0.5445005297660828,-0.1884901523590088,2.603625
lca,3,p238_169_mic2,p238,data\VCTK\wav48_silence_trimmed\p238\p238_169_mic2.flac,p280,0,1,0.5080540180206299,0.43845757842063904,0.5080540180206299,-0.06959643959999084,2.603625
original,0,p238_244_mic1,p238,data\VCTK\wav48_silence_trimmed\p238\p238_244_mic1.flac,p238,1,1,0.7914197444915771,0.7914197444915771,0.3688388764858246,0.42258086800575256,2.819625
base,1,p238_244_mic1,p238,data\VCTK\wav48_silence_trimmed\p238\p238_244_mic1.flac,p244,0,1,0.33535414934158325,0.22482821345329285,0.33535414934158325,-0.1105259358882904,2.819625
base,2,p238_244_mic1,p238,data\VCTK\wav48_silence_trimmed\p238\p238_244_mic1.flac,p313,0,1,0.3395422399044037,0.2804811894893646,0.3395422399044037,-0.05906105041503906,2.819625
base,3,p238_244_mic1,p238,data\VCTK\wav48_silence_trimmed\p238\p238_244_mic1.flac,p238,1,1,0.4671286940574646,0.4671286940574646,0.3904600143432617,0.07666867971420288,2.819625
lca,1,p238_244_mic1,p238,data\VCTK\wav48_silence_trimmed\p238\p238_244_mic1.flac,p313,0,1,0.36206555366516113,0.2763858139514923,0.36206555366516113,-0.08567973971366882,2.819625
lca,2,p238_244_mic1,p238,data\VCTK\wav48_silence_trimmed\p238\p238_244_mic1.flac,p313,0,1,0.3930274248123169,0.3400801420211792,0.3930274248123169,-0.052947282791137695,2.819625
lca,3,p238_244_mic1,p238,data\VCTK\wav48_silence_trimmed\p238\p238_244_mic1.flac,p238,1,1,0.5069908499717712,0.5069908499717712,0.4291612505912781,0.07782959938049316,2.819625
original,0,p238_252_mic1,p238,data\VCTK\wav48_silence_trimmed\p238\p238_252_mic1.flac,p238,1,1,0.7159196138381958,0.7159196138381958,0.35642170906066895,0.35949790477752686,3.11875
base,1,p238_252_mic1,p238,data\VCTK\wav48_silence_trimmed\p238\p238_252_mic1.flac,p238,1,1,0.35105979442596436,0.35105979442596436,0.3396679759025574,0.011391818523406982,3.11875
base,2,p238_252_mic1,p238,data\VCTK\wav48_silence_trimmed\p238\p238_252_mic1.flac,p238,1,1,0.4527871012687683,0.4527871012687683,0.35230809450149536,0.10047900676727295,3.11875
base,3,p238_252_mic1,p238,data\VCTK\wav48_silence_trimmed\p238\p238_252_mic1.flac,p238,1,1,0.5007427930831909,0.5007427930831909,0.3610991835594177,0.1396436095237732,3.11875
lca,1,p238_252_mic1,p238,data\VCTK\wav48_silence_trimmed\p238\p238_252_mic1.flac,p313,0,1,0.35208210349082947,0.32874155044555664,0.35208210349082947,-0.023340553045272827,3.11875
lca,2,p238_252_mic1,p238,data\VCTK\wav48_silence_trimmed\p238\p238_252_mic1.flac,p313,0,1,0.40134209394454956,0.35270506143569946,0.40134209394454956,-0.0486370325088501,3.11875
lca,3,p238_252_mic1,p238,data\VCTK\wav48_silence_trimmed\p238\p238_252_mic1.flac,p313,0,1,0.4408048391342163,0.39896976947784424,0.4408048391342163,-0.04183506965637207,3.11875
original,0,p238_314_mic1,p238,data\VCTK\wav48_silence_trimmed\p238\p238_314_mic1.flac,p238,1,1,0.8633836507797241,0.8633836507797241,0.39421480894088745,0.46916884183883667,4.7541875
base,1,p238_314_mic1,p238,data\VCTK\wav48_silence_trimmed\p238\p238_314_mic1.flac,p262,0,1,0.4095626473426819,0.3355390429496765,0.4095626473426819,-0.07402360439300537,4.7541875
base,2,p238_314_mic1,p238,data\VCTK\wav48_silence_trimmed\p238\p238_314_mic1.flac,p238,1,1,0.5054464340209961,0.5054464340209961,0.4435795843601227,0.06186684966087341,4.7541875
base,3,p238_314_mic1,p238,data\VCTK\wav48_silence_trimmed\p238\p238_314_mic1.flac,p238,1,1,0.6442761421203613,0.6442761421203613,0.4897465407848358,0.1545296013355255,4.7541875
lca,1,p238_314_mic1,p238,data\VCTK\wav48_silence_trimmed\p238\p238_314_mic1.flac,p280,0,1,0.4978933334350586,0.3784204423427582,0.4978933334350586,-0.11947289109230042,4.7541875
lca,2,p238_314_mic1,p238,data\VCTK\wav48_silence_trimmed\p238\p238_314_mic1.flac,p280,0,1,0.5237840414047241,0.46364283561706543,0.5237840414047241,-0.06014120578765869,4.7541875
lca,3,p238_314_mic1,p238,data\VCTK\wav48_silence_trimmed\p238\p238_314_mic1.flac,p238,1,1,0.5506118535995483,0.5506118535995483,0.5471854209899902,0.0034264326095581055,4.7541875
original,0,p239_024_mic2,p239,data\VCTK\wav48_silence_trimmed\p239\p239_024_mic2.flac,p239,1,1,0.8022344708442688,0.8022344708442688,0.36708420515060425,0.43515026569366455,6.0340625
base,1,p239_024_mic2,p239,data\VCTK\wav48_silence_trimmed\p239\p239_024_mic2.flac,p244,0,1,0.40105822682380676,0.1503753960132599,0.40105822682380676,-0.2506828308105469,6.0340625
base,2,p239_024_mic2,p239,data\VCTK\wav48_silence_trimmed\p239\p239_024_mic2.flac,p244,0,1,0.4111212491989136,0.40965521335601807,0.4111212491989136,-0.0014660358428955078,6.0340625
base,3,p239_024_mic2,p239,data\VCTK\wav48_silence_trimmed\p239\p239_024_mic2.flac,p239,1,1,0.4690484404563904,0.4690484404563904,0.341336190700531,0.12771224975585938,6.0340625
lca,1,p239_024_mic2,p239,data\VCTK\wav48_silence_trimmed\p239\p239_024_mic2.flac,p250,0,1,0.4100612998008728,0.1796882152557373,0.4100612998008728,-0.2303730845451355,6.0340625
lca,2,p239_024_mic2,p239,data\VCTK\wav48_silence_trimmed\p239\p239_024_mic2.flac,p280,0,1,0.42710137367248535,0.22990277409553528,0.42710137367248535,-0.19719859957695007,6.0340625
lca,3,p239_024_mic2,p239,data\VCTK\wav48_silence_trimmed\p239\p239_024_mic2.flac,p262,0,1,0.36983299255371094,0.30751216411590576,0.36983299255371094,-0.062320828437805176,6.0340625
original,0,p239_194_mic1,p239,data\VCTK\wav48_silence_trimmed\p239\p239_194_mic1.flac,p239,1,1,0.8364704847335815,0.8364704847335815,0.38190487027168274,0.4545656144618988,3.626875
base,1,p239_194_mic1,p239,data\VCTK\wav48_silence_trimmed\p239\p239_194_mic1.flac,p262,0,1,0.40263473987579346,0.281480997800827,0.40263473987579346,-0.12115374207496643,3.626875
base,2,p239_194_mic1,p239,data\VCTK\wav48_silence_trimmed\p239\p239_194_mic1.flac,p239,1,1,0.38821691274642944,0.38821691274642944,0.3596476912498474,0.02856922149658203,3.626875
base,3,p239_194_mic1,p239,data\VCTK\wav48_silence_trimmed\p239\p239_194_mic1.flac,p293,0,1,0.3712120056152344,0.3631874918937683,0.3712120056152344,-0.008024513721466064,3.626875
lca,1,p239_194_mic1,p239,data\VCTK\wav48_silence_trimmed\p239\p239_194_mic1.flac,p300,0,1,0.3639836311340332,0.19025544822216034,0.3639836311340332,-0.17372818291187286,3.626875
lca,2,p239_194_mic1,p239,data\VCTK\wav48_silence_trimmed\p239\p239_194_mic1.flac,p300,0,1,0.41225117444992065,0.25130605697631836,0.41225117444992065,-0.1609451174736023,3.626875
lca,3,p239_194_mic1,p239,data\VCTK\wav48_silence_trimmed\p239\p239_194_mic1.flac,p300,0,1,0.44867587089538574,0.3453907370567322,0.44867587089538574,-0.10328513383865356,3.626875
original,0,p239_225_mic2,p239,data\VCTK\wav48_silence_trimmed\p239\p239_225_mic2.flac,p239,1,1,0.7844266295433044,0.7844266295433044,0.4271167516708374,0.35730987787246704,3.3744375
base,1,p239_225_mic2,p239,data\VCTK\wav48_silence_trimmed\p239\p239_225_mic2.flac,p339,0,1,0.4153709411621094,0.32919129729270935,0.4153709411621094,-0.08617964386940002,3.3744375
base,2,p239_225_mic2,p239,data\VCTK\wav48_silence_trimmed\p239\p239_225_mic2.flac,p239,1,1,0.49157482385635376,0.49157482385635376,0.46015387773513794,0.03142094612121582,3.3744375
base,3,p239_225_mic2,p239,data\VCTK\wav48_silence_trimmed\p239\p239_225_mic2.flac,p239,1,1,0.49939069151878357,0.49939069151878357,0.4312146306037903,0.06817606091499329,3.3744375
lca,1,p239_225_mic2,p239,data\VCTK\wav48_silence_trimmed\p239\p239_225_mic2.flac,p280,0,1,0.5428298711776733,0.1766732931137085,0.5428298711776733,-0.36615657806396484,3.3744375
lca,2,p239_225_mic2,p239,data\VCTK\wav48_silence_trimmed\p239\p239_225_mic2.flac,p280,0,1,0.46772539615631104,0.2691307067871094,0.46772539615631104,-0.19859468936920166,3.3744375
lca,3,p239_225_mic2,p239,data\VCTK\wav48_silence_trimmed\p239\p239_225_mic2.flac,p244,0,1,0.4279107451438904,0.3936852514743805,0.4279107451438904,-0.03422549366950989,3.3744375
original,0,p239_393_mic2,p239,data\VCTK\wav48_silence_trimmed\p239\p239_393_mic2.flac,p239,1,1,0.5841466188430786,0.5841466188430786,0.3663114607334137,0.21783515810966492,2.309125
base,1,p239_393_mic2,p239,data\VCTK\wav48_silence_trimmed\p239\p239_393_mic2.flac,p280,0,1,0.3323834240436554,0.23370975255966187,0.3323834240436554,-0.09867367148399353,2.309125
base,2,p239_393_mic2,p239,data\VCTK\wav48_silence_trimmed\p239\p239_393_mic2.flac,p239,1,1,0.35487842559814453,0.35487842559814453,0.31842970848083496,0.03644871711730957,2.309125
base,3,p239_393_mic2,p239,data\VCTK\wav48_silence_trimmed\p239\p239_393_mic2.flac,p231,0,1,0.39407098293304443,0.3692782521247864,0.39407098293304443,-0.024792730808258057,2.309125
lca,1,p239_393_mic2,p239,data\VCTK\wav48_silence_trimmed\p239\p239_393_mic2.flac,p280,0,1,0.39526158571243286,0.15977756679058075,0.39526158571243286,-0.2354840189218521,2.309125
lca,2,p239_393_mic2,p239,data\VCTK\wav48_silence_trimmed\p239\p239_393_mic2.flac,p262,0,1,0.4121675193309784,0.29726341366767883,0.4121675193309784,-0.11490410566329956,2.309125
lca,3,p239_393_mic2,p239,data\VCTK\wav48_silence_trimmed\p239\p239_393_mic2.flac,p293,0,1,0.4141486883163452,0.35160189867019653,0.4141486883163452,-0.06254678964614868,2.309125
original,0,p239_437_mic2,p239,data\VCTK\wav48_silence_trimmed\p239\p239_437_mic2.flac,p239,1,1,0.7936567664146423,0.7936567664146423,0.3607884347438812,0.4328683316707611,3.285875
base,1,p239_437_mic2,p239,data\VCTK\wav48_silence_trimmed\p239\p239_437_mic2.flac,p262,0,1,0.48871898651123047,0.32211917638778687,0.48871898651123047,-0.1665998101234436,3.285875
base,2,p239_437_mic2,p239,data\VCTK\wav48_silence_trimmed\p239\p239_437_mic2.flac,p239,1,1,0.4967205822467804,0.4967205822467804,0.41085106134414673,0.08586952090263367,3.285875
base,3,p239_437_mic2,p239,data\VCTK\wav48_silence_trimmed\p239\p239_437_mic2.flac,p239,1,1,0.5703622698783875,0.5703622698783875,0.40028470754623413,0.17007756233215332,3.285875
lca,1,p239_437_mic2,p239,data\VCTK\wav48_silence_trimmed\p239\p239_437_mic2.flac,p280,0,1,0.455157995223999,0.27908334136009216,0.455157995223999,-0.17607465386390686,3.285875
lca,2,p239_437_mic2,p239,data\VCTK\wav48_silence_trimmed\p239\p239_437_mic2.flac,p280,0,1,0.47473376989364624,0.40313613414764404,0.47473376989364624,-0.0715976357460022,3.285875
lca,3,p239_437_mic2,p239,data\VCTK\wav48_silence_trimmed\p239\p239_437_mic2.flac,p262,0,1,0.4400580823421478,0.39554160833358765,0.4400580823421478,-0.04451647400856018,3.285875
original,0,p240_058_mic1,p240,data\VCTK\wav48_silence_trimmed\p240\p240_058_mic1.flac,p240,1,1,0.7747843265533447,0.7747843265533447,0.4849473237991333,0.2898370027542114,3.2870625
base,1,p240_058_mic1,p240,data\VCTK\wav48_silence_trimmed\p240\p240_058_mic1.flac,p244,0,1,0.44205161929130554,0.26841193437576294,0.44205161929130554,-0.1736396849155426,3.2870625
base,2,p240_058_mic1,p240,data\VCTK\wav48_silence_trimmed\p240\p240_058_mic1.flac,p244,0,1,0.45428788661956787,0.3753601610660553,0.45428788661956787,-0.07892772555351257,3.2870625
base,3,p240_058_mic1,p240,data\VCTK\wav48_silence_trimmed\p240\p240_058_mic1.flac,p240,1,1,0.4394688606262207,0.4394688606262207,0.4138225317001343,0.025646328926086426,3.2870625
lca,1,p240_058_mic1,p240,data\VCTK\wav48_silence_trimmed\p240\p240_058_mic1.flac,p244,0,1,0.3897404074668884,0.2132171094417572,0.3897404074668884,-0.17652329802513123,3.2870625
lca,2,p240_058_mic1,p240,data\VCTK\wav48_silence_trimmed\p240\p240_058_mic1.flac,p280,0,1,0.4199978709220886,0.3304518163204193,0.4199978709220886,-0.08954605460166931,3.2870625
lca,3,p240_058_mic1,p240,data\VCTK\wav48_silence_trimmed\p240\p240_058_mic1.flac,p280,0,1,0.43005144596099854,0.4007546305656433,0.43005144596099854,-0.029296815395355225,3.2870625
original,0,p240_093_mic1,p240,data\VCTK\wav48_silence_trimmed\p240\p240_093_mic1.flac,p240,1,1,0.7421931624412537,0.7421931624412537,0.5099114179611206,0.23228174448013306,2.4671875
base,1,p240_093_mic1,p240,data\VCTK\wav48_silence_trimmed\p240\p240_093_mic1.flac,p280,0,1,0.3657568693161011,0.33165544271469116,0.3657568693161011,-0.03410142660140991,2.4671875
base,2,p240_093_mic1,p240,data\VCTK\wav48_silence_trimmed\p240\p240_093_mic1.flac,p266,0,1,0.4137454032897949,0.39542055130004883,0.4137454032897949,-0.018324851989746094,2.4671875
base,3,p240_093_mic1,p240,data\VCTK\wav48_silence_trimmed\p240\p240_093_mic1.flac,p266,0,1,0.45802009105682373,0.39647573232650757,0.45802009105682373,-0.06154435873031616,2.4671875
lca,1,p240_093_mic1,p240,data\VCTK\wav48_silence_trimmed\p240\p240_093_mic1.flac,p280,0,1,0.4457848072052002,0.28402766585350037,0.4457848072052002,-0.16175714135169983,2.4671875
lca,2,p240_093_mic1,p240,data\VCTK\wav48_silence_trimmed\p240\p240_093_mic1.flac,p280,0,1,0.5158209800720215,0.3820129930973053,0.5158209800720215,-0.1338079869747162,2.4671875
lca,3,p240_093_mic1,p240,data\VCTK\wav48_silence_trimmed\p240\p240_093_mic1.flac,p280,0,1,0.4885947108268738,0.3973811864852905,0.4885947108268738,-0.09121352434158325,2.4671875
original,0,p240_204_mic2,p240,data\VCTK\wav48_silence_trimmed\p240\p240_204_mic2.flac,p240,1,1,0.8169752359390259,0.8169752359390259,0.5124395489692688,0.3045356869697571,4.2690625
base,1,p240_204_mic2,p240,data\VCTK\wav48_silence_trimmed\p240\p240_204_mic2.flac,p244,0,1,0.3651863932609558,0.25148630142211914,0.3651863932609558,-0.11370009183883667,4.2690625
base,2,p240_204_mic2,p240,data\VCTK\wav48_silence_trimmed\p240\p240_204_mic2.flac,p240,1,1,0.4570450782775879,0.4570450782775879,0.40702950954437256,0.05001556873321533,4.2690625
base,3,p240_204_mic2,p240,data\VCTK\wav48_silence_trimmed\p240\p240_204_mic2.flac,p240,1,1,0.5074267983436584,0.5074267983436584,0.448225736618042,0.059201061725616455,4.2690625
lca,1,p240_204_mic2,p240,data\VCTK\wav48_silence_trimmed\p240\p240_204_mic2.flac,p280,0,1,0.4556489586830139,0.3058757781982422,0.4556489586830139,-0.14977318048477173,4.2690625
lca,2,p240_204_mic2,p240,data\VCTK\wav48_silence_trimmed\p240\p240_204_mic2.flac,p313,0,1,0.47212204337120056,0.3574545085430145,0.47212204337120056,-0.11466753482818604,4.2690625
lca,3,p240_204_mic2,p240,data\VCTK\wav48_silence_trimmed\p240\p240_204_mic2.flac,p266,0,1,0.45583170652389526,0.428567498922348,0.45583170652389526,-0.02726420760154724,4.2690625
original,0,p240_225_mic1,p240,data\VCTK\wav48_silence_trimmed\p240\p240_225_mic1.flac,p240,1,1,0.779465913772583,0.779465913772583,0.4881964921951294,0.2912694215774536,3.07375
base,1,p240_225_mic1,p240,data\VCTK\wav48_silence_trimmed\p240\p240_225_mic1.flac,p244,0,1,0.35995566844940186,0.30790942907333374,0.35995566844940186,-0.052046239376068115,3.07375
base,2,p240_225_mic1,p240,data\VCTK\wav48_silence_trimmed\p240\p240_225_mic1.flac,p240,1,1,0.5056422352790833,0.5056422352790833,0.39741402864456177,0.10822820663452148,3.07375
base,3,p240_225_mic1,p240,data\VCTK\wav48_silence_trimmed\p240\p240_225_mic1.flac,p240,1,1,0.5269391536712646,0.5269391536712646,0.39951610565185547,0.12742304801940918,3.07375
lca,1,p240_225_mic1,p240,data\VCTK\wav48_silence_trimmed\p240\p240_225_mic1.flac,p266,0,1,0.4615042805671692,0.3148634135723114,0.4615042805671692,-0.1466408669948578,3.07375
lca,2,p240_225_mic1,p240,data\VCTK\wav48_silence_trimmed\p240\p240_225_mic1.flac,p266,0,1,0.45682641863822937,0.39455124735832214,0.45682641863822937,-0.06227517127990723,3.07375
lca,3,p240_225_mic1,p240,data\VCTK\wav48_silence_trimmed\p240\p240_225_mic1.flac,p280,0,1,0.48949018120765686,0.4276132583618164,0.48949018120765686,-0.061876922845840454,3.07375
original,0,p240_366_mic2,p240,data\VCTK\wav48_silence_trimmed\p240\p240_366_mic2.flac,p240,1,1,0.720332145690918,0.720332145690918,0.5157763957977295,0.20455574989318848,3.330375
base,1,p240_366_mic2,p240,data\VCTK\wav48_silence_trimmed\p240\p240_366_mic2.flac,p240,1,1,0.37290871143341064,0.37290871143341064,0.34666505455970764,0.026243656873703003,3.330375
base,2,p240_366_mic2,p240,data\VCTK\wav48_silence_trimmed\p240\p240_366_mic2.flac,p244,0,1,0.39987170696258545,0.33723005652427673,0.39987170696258545,-0.06264165043830872,3.330375
base,3,p240_366_mic2,p240,data\VCTK\wav48_silence_trimmed\p240\p240_366_mic2.flac,p250,0,1,0.43739035725593567,0.38553470373153687,0.43739035725593567,-0.051855653524398804,3.330375
lca,1,p240_366_mic2,p240,data\VCTK\wav48_silence_trimmed\p240\p240_366_mic2.flac,p280,0,1,0.43731430172920227,0.2993088960647583,0.43731430172920227,-0.13800540566444397,3.330375
lca,2,p240_366_mic2,p240,data\VCTK\wav48_silence_trimmed\p240\p240_366_mic2.flac,p280,0,1,0.46779221296310425,0.3531704246997833,0.46779221296310425,-0.11462178826332092,3.330375
lca,3,p240_366_mic2,p240,data\VCTK\wav48_silence_trimmed\p240\p240_366_mic2.flac,p310,0,1,0.4344103932380676,0.35319164395332336,0.4344103932380676,-0.08121874928474426,3.330375
original,0,p241_071_mic1,p241,data\VCTK\wav48_silence_trimmed\p241\p241_071_mic1.flac,p241,1,1,0.6915324926376343,0.6915324926376343,0.37400203943252563,0.31753045320510864,2.7638125
base,1,p241_071_mic1,p241,data\VCTK\wav48_silence_trimmed\p241\p241_071_mic1.flac,p302,0,1,0.35051530599594116,0.22991281747817993,0.35051530599594116,-0.12060248851776123,2.7638125
base,2,p241_071_mic1,p241,data\VCTK\wav48_silence_trimmed\p241\p241_071_mic1.flac,p271,0,1,0.3760090172290802,0.2791344225406647,0.3760090172290802,-0.09687459468841553,2.7638125
base,3,p241_071_mic1,p241,data\VCTK\wav48_silence_trimmed\p241\p241_071_mic1.flac,p271,0,1,0.35996657609939575,0.34987321496009827,0.35996657609939575,-0.010093361139297485,2.7638125
lca,1,p241_071_mic1,p241,data\VCTK\wav48_silence_trimmed\p241\p241_071_mic1.flac,p364,0,1,0.39710626006126404,0.09074319154024124,0.39710626006126404,-0.3063630685210228,2.7638125
lca,2,p241_071_mic1,p241,data\VCTK\wav48_silence_trimmed\p241\p241_071_mic1.flac,p347,0,1,0.39125293493270874,0.12253741919994354,0.39125293493270874,-0.2687155157327652,2.7638125
lca,3,p241_071_mic1,p241,data\VCTK\wav48_silence_trimmed\p241\p241_071_mic1.flac,p252,0,1,0.3628425598144531,0.19928769767284393,0.3628425598144531,-0.1635548621416092,2.7638125
original,0,p241_144_mic2,p241,data\VCTK\wav48_silence_trimmed\p241\p241_144_mic2.flac,p241,1,1,0.7274256944656372,0.7274256944656372,0.44978776574134827,0.27763792872428894,3.3295
base,1,p241_144_mic2,p241,data\VCTK\wav48_silence_trimmed\p241\p241_144_mic2.flac,p299,0,1,0.3055645823478699,0.2509666085243225,0.3055645823478699,-0.05459797382354736,3.3295
base,2,p241_144_mic2,p241,data\VCTK\wav48_silence_trimmed\p241\p241_144_mic2.flac,p374,0,1,0.4042660593986511,0.3098854124546051,0.4042660593986511,-0.09438064694404602,3.3295
base,3,p241_144_mic2,p241,data\VCTK\wav48_silence_trimmed\p241\p241_144_mic2.flac,p271,0,1,0.42860668897628784,0.3594287037849426,0.42860668897628784,-0.06917798519134521,3.3295
lca,1,p241_144_mic2,p241,data\VCTK\wav48_silence_trimmed\p241\p241_144_mic2.flac,p252,0,1,0.3519783616065979,0.10228946805000305,0.3519783616065979,-0.24968889355659485,3.3295
lca,2,p241_144_mic2,p241,data\VCTK\wav48_silence_trimmed\p241\p241_144_mic2.flac,p271,0,1,0.3666452169418335,0.28868669271469116,0.3666452169418335,-0.07795852422714233,3.3295
lca,3,p241_144_mic2,p241,data\VCTK\wav48_silence_trimmed\p241\p241_144_mic2.flac,p271,0,1,0.3853771686553955,0.308890700340271,0.3853771686553955,-0.07648646831512451,3.3295
original,0,p241_250_mic1,p241,data\VCTK\wav48_silence_trimmed\p241\p241_250_mic1.flac,p241,1,1,0.6876364350318909,0.6876364350318909,0.35101357102394104,0.33662286400794983,2.668375
base,1,p241_250_mic1,p241,data\VCTK\wav48_silence_trimmed\p241\p241_250_mic1.flac,p364,0,1,0.29560890793800354,-0.007026975043118,0.29560890793800354,-0.30263588298112154,2.668375
base,2,p241_250_mic1,p241,data\VCTK\wav48_silence_trimmed\p241\p241_250_mic1.flac,p271,0,1,0.29470640420913696,0.1916508972644806,0.29470640420913696,-0.10305550694465637,2.668375
base,3,p241_250_mic1,p241,data\VCTK\wav48_silence_trimmed\p241\p241_250_mic1.flac,p271,0,1,0.3491043150424957,0.3235311806201935,0.3491043150424957,-0.025573134422302246,2.668375
lca,1,p241_250_mic1,p241,data\VCTK\wav48_silence_trimmed\p241\p241_250_mic1.flac,p364,0,1,0.3015451431274414,0.001655425876379013,0.3015451431274414,-0.2998897172510624,2.668375
lca,2,p241_250_mic1,p241,data\VCTK\wav48_silence_trimmed\p241\p241_250_mic1.flac,p252,0,1,0.3497229516506195,0.1548435539007187,0.3497229516506195,-0.19487939774990082,2.668375
lca,3,p241_250_mic1,p241,data\VCTK\wav48_silence_trimmed\p241\p241_250_mic1.flac,p271,0,1,0.36127063632011414,0.242479145526886,0.36127063632011414,-0.11879149079322815,2.668375
original,0,p241_272_mic2,p241,data\VCTK\wav48_silence_trimmed\p241\p241_272_mic2.flac,p241,1,1,0.7431947588920593,0.7431947588920593,0.3055291175842285,0.4376656413078308,3.8345
base,1,p241_272_mic2,p241,data\VCTK\wav48_silence_trimmed\p241\p241_272_mic2.flac,p302,0,1,0.3483850955963135,0.15060880780220032,0.3483850955963135,-0.19777628779411316,3.8345
base,2,p241_272_mic2,p241,data\VCTK\wav48_silence_trimmed\p241\p241_272_mic2.flac,p241,1,1,0.3735882639884949,0.3735882639884949,0.36152392625808716,0.012064337730407715,3.8345
base,3,p241_272_mic2,p241,data\VCTK\wav48_silence_trimmed\p241\p241_272_mic2.flac,p241,1,1,0.4692307114601135,0.4692307114601135,0.34854447841644287,0.12068623304367065,3.8345
lca,1,p241_272_mic2,p241,data\VCTK\wav48_silence_trimmed\p241\p241_272_mic2.flac,p364,0,1,0.2993951439857483,0.062260765582323074,0.2993951439857483,-0.23713437840342522,3.8345
lca,2,p241_272_mic2,p241,data\VCTK\wav48_silence_trimmed\p241\p241_272_mic2.flac,p252,0,1,0.39047813415527344,0.25792479515075684,0.39047813415527344,-0.1325533390045166,3.8345
lca,3,p241_272_mic2,p241,data\VCTK\wav48_silence_trimmed\p241\p241_272_mic2.flac,p252,0,1,0.4319765269756317,0.3038303852081299,0.4319765269756317,-0.12814614176750183,3.8345
original,0,p241_319_mic2,p241,data\VCTK\wav48_silence_trimmed\p241\p241_319_mic2.flac,p241,1,1,0.7712589502334595,0.7712589502334595,0.3719370365142822,0.39932191371917725,3.861125
base,1,p241_319_mic2,p241,data\VCTK\wav48_silence_trimmed\p241\p241_319_mic2.flac,p364,0,1,0.3849491477012634,0.18403910100460052,0.3849491477012634,-0.2009100466966629,3.861125
base,2,p241_319_mic2,p241,data\VCTK\wav48_silence_trimmed\p241\p241_319_mic2.flac,p271,0,1,0.40019911527633667,0.3489818572998047,0.40019911527633667,-0.05121725797653198,3.861125
base,3,p241_319_mic2,p241,data\VCTK\wav48_silence_trimmed\p241\p241_319_mic2.flac,p241,1,1,0.4922315180301666,0.4922315180301666,0.47248220443725586,0.019749313592910767,3.861125
lca,1,p241_319_mic2,p241,data\VCTK\wav48_silence_trimmed\p241\p241_319_mic2.flac,p364,0,1,0.3214440643787384,0.058125678449869156,0.3214440643787384,-0.26331838592886925,3.861125
lca,2,p241_319_mic2,p241,data\VCTK\wav48_silence_trimmed\p241\p241_319_mic2.flac,p252,0,1,0.3439785838127136,0.2437392771244049,0.3439785838127136,-0.10023930668830872,3.861125
lca,3,p241_319_mic2,p241,data\VCTK\wav48_silence_trimmed\p241\p241_319_mic2.flac,p241,1,1,0.34197941422462463,0.34197941422462463,0.3271912932395935,0.014788120985031128,3.861125
original,0,p243_018_mic2,p243,data\VCTK\wav48_silence_trimmed\p243\p243_018_mic2.flac,p243,1,1,0.8145174980163574,0.8145174980163574,0.2947402000427246,0.5197772979736328,6.017625
base,1,p243_018_mic2,p243,data\VCTK\wav48_silence_trimmed\p243\p243_018_mic2.flac,p292,0,1,0.33229804039001465,0.20942991971969604,0.33229804039001465,-0.1228681206703186,6.017625
base,2,p243_018_mic2,p243,data\VCTK\wav48_silence_trimmed\p243\p243_018_mic2.flac,p243,1,1,0.4876052737236023,0.4876052737236023,0.27405017614364624,0.21355509757995605,6.017625
base,3,p243_018_mic2,p243,data\VCTK\wav48_silence_trimmed\p243\p243_018_mic2.flac,p243,1,1,0.5628914833068848,0.5628914833068848,0.28537410497665405,0.2775173783302307,6.017625
lca,1,p243_018_mic2,p243,data\VCTK\wav48_silence_trimmed\p243\p243_018_mic2.flac,p313,0,1,0.2920650541782379,0.19811780750751495,0.2920650541782379,-0.09394724667072296,6.017625
lca,2,p243_018_mic2,p243,data\VCTK\wav48_silence_trimmed\p243\p243_018_mic2.flac,p364,0,1,0.2878892421722412,0.2417503446340561,0.2878892421722412,-0.04613889753818512,6.017625
lca,3,p243_018_mic2,p243,data\VCTK\wav48_silence_trimmed\p243\p243_018_mic2.flac,p243,1,1,0.3442813754081726,0.3442813754081726,0.279353529214859,0.0649278461933136,6.017625
original,0,p243_131_mic2,p243,data\VCTK\wav48_silence_trimmed\p243\p243_131_mic2.flac,p243,1,1,0.7561310529708862,0.7561310529708862,0.30712926387786865,0.4490017890930176,2.85575
base,1,p243_131_mic2,p243,data\VCTK\wav48_silence_trimmed\p243\p243_131_mic2.flac,p302,0,1,0.2759258449077606,0.1698373705148697,0.2759258449077606,-0.10608847439289093,2.85575
base,2,p243_131_mic2,p243,data\VCTK\wav48_silence_trimmed\p243\p243_131_mic2.flac,p302,0,1,0.40675878524780273,0.38297197222709656,0.40675878524780273,-0.023786813020706177,2.85575
base,3,p243_131_mic2,p243,data\VCTK\wav48_silence_trimmed\p243\p243_131_mic2.flac,p243,1,1,0.5078718066215515,0.5078718066215515,0.3608367145061493,0.14703509211540222,2.85575
lca,1,p243_131_mic2,p243,data\VCTK\wav48_silence_trimmed\p243\p243_131_mic2.flac,p364,0,1,0.29473310708999634,0.13975033164024353,0.29473310708999634,-0.1549827754497528,2.85575
lca,2,p243_131_mic2,p243,data\VCTK\wav48_silence_trimmed\p243\p243_131_mic2.flac,p364,0,1,0.2726404666900635,0.25161582231521606,0.2726404666900635,-0.021024644374847412,2.85575
lca,3,p243_131_mic2,p243,data\VCTK\wav48_silence_trimmed\p243\p243_131_mic2.flac,p243,1,1,0.3309518098831177,0.3309518098831177,0.2840263247489929,0.046925485134124756,2.85575
original,0,p243_149_mic1,p243,data\VCTK\wav48_silence_trimmed\p243\p243_149_mic1.flac,p243,1,1,0.6766488552093506,0.6766488552093506,0.3408794701099396,0.335769385099411,2.554
base,1,p243_149_mic1,p243,data\VCTK\wav48_silence_trimmed\p243\p243_149_mic1.flac,p364,0,1,0.33558571338653564,0.27024927735328674,0.33558571338653564,-0.0653364360332489,2.554
base,2,p243_149_mic1,p243,data\VCTK\wav48_silence_trimmed\p243\p243_149_mic1.flac,p243,1,1,0.47822797298431396,0.47822797298431396,0.3365933299064636,0.14163464307785034,2.554
base,3,p243_149_mic1,p243,data\VCTK\wav48_silence_trimmed\p243\p243_149_mic1.flac,p243,1,1,0.4670887291431427,0.4670887291431427,0.3607880771160126,0.10630065202713013,2.554
lca,1,p243_149_mic1,p243,data\VCTK\wav48_silence_trimmed\p243\p243_149_mic1.flac,p364,0,1,0.3337414860725403,0.13069763779640198,0.3337414860725403,-0.2030438482761383,2.554
lca,2,p243_149_mic1,p243,data\VCTK\wav48_silence_trimmed\p243\p243_149_mic1.flac,p364,0,1,0.35613903403282166,0.21908339858055115,0.35613903403282166,-0.1370556354522705,2.554
lca,3,p243_149_mic1,p243,data\VCTK\wav48_silence_trimmed\p243\p243_149_mic1.flac,p226,0,1,0.34325283765792847,0.283137708902359,0.34325283765792847,-0.06011512875556946,2.554
original,0,p243_221_mic2,p243,data\VCTK\wav48_silence_trimmed\p243\p243_221_mic2.flac,p243,1,1,0.8102856874465942,0.8102856874465942,0.27812889218330383,0.5321567952632904,4.2716875
base,1,p243_221_mic2,p243,data\VCTK\wav48_silence_trimmed\p243\p243_221_mic2.flac,p302,0,1,0.38339346647262573,0.174313485622406,0.38339346647262573,-0.20907998085021973,4.2716875
base,2,p243_221_mic2,p243,data\VCTK\wav48_silence_trimmed\p243\p243_221_mic2.flac,p243,1,1,0.4621293544769287,0.4621293544769287,0.32821428775787354,0.13391506671905518,4.2716875
base,3,p243_221_mic2,p243,data\VCTK\wav48_silence_trimmed\p243\p243_221_mic2.flac,p243,1,1,0.5518143177032471,0.5518143177032471,0.36550718545913696,0.1863071322441101,4.2716875
lca,1,p243_221_mic2,p243,data\VCTK\wav48_silence_trimmed\p243\p243_221_mic2.flac,p364,0,1,0.36993998289108276,0.20970267057418823,0.36993998289108276,-0.16023731231689453,4.2716875
lca,2,p243_221_mic2,p243,data\VCTK\wav48_silence_trimmed\p243\p243_221_mic2.flac,p364,0,1,0.33842188119888306,0.30852729082107544,0.33842188119888306,-0.029894590377807617,4.2716875
lca,3,p243_221_mic2,p243,data\VCTK\wav48_silence_trimmed\p243\p243_221_mic2.flac,p364,0,1,0.3479519784450531,0.3418179154396057,0.3479519784450531,-0.006134063005447388,4.2716875
original,0,p243_361_mic1,p243,data\VCTK\wav48_silence_trimmed\p243\p243_361_mic1.flac,p243,1,1,0.7301522493362427,0.7301522493362427,0.3931693732738495,0.3369828760623932,3.499875
base,1,p243_361_mic1,p243,data\VCTK\wav48_silence_trimmed\p243\p243_361_mic1.flac,p259,0,1,0.372714102268219,0.2754356861114502,0.372714102268219,-0.0972784161567688,3.499875
base,2,p243_361_mic1,p243,data\VCTK\wav48_silence_trimmed\p243\p243_361_mic1.flac,p243,1,1,0.3809645175933838,0.3809645175933838,0.37517181038856506,0.005792707204818726,3.499875
base,3,p243_361_mic1,p243,data\VCTK\wav48_silence_trimmed\p243\p243_361_mic1.flac,p243,1,1,0.45248451828956604,0.45248451828956604,0.3781026005744934,0.07438191771507263,3.499875
lca,1,p243_361_mic1,p243,data\VCTK\wav48_silence_trimmed\p243\p243_361_mic1.flac,p364,0,1,0.3438199758529663,0.20159144699573517,0.3438199758529663,-0.14222852885723114,3.499875
lca,2,p243_361_mic1,p243,data\VCTK\wav48_silence_trimmed\p243\p243_361_mic1.flac,p226,0,1,0.3311372399330139,0.316494882106781,0.3311372399330139,-0.01464235782623291,3.499875
lca,3,p243_361_mic1,p243,data\VCTK\wav48_silence_trimmed\p243\p243_361_mic1.flac,p226,0,1,0.3310132622718811,0.318702757358551,0.3310132622718811,-0.012310504913330078,3.499875
original,0,p244_122_mic2,p244,data\VCTK\wav48_silence_trimmed\p244\p244_122_mic2.flac,p244,1,1,0.7699657678604126,0.7699657678604126,0.514966607093811,0.25499916076660156,2.9220625
base,1,p244_122_mic2,p244,data\VCTK\wav48_silence_trimmed\p244\p244_122_mic2.flac,p244,1,1,0.4230124056339264,0.4230124056339264,0.42291533946990967,9.706616401672363e-05,2.9220625
base,2,p244_122_mic2,p244,data\VCTK\wav48_silence_trimmed\p244\p244_122_mic2.flac,p244,1,1,0.5335357189178467,0.5335357189178467,0.38405925035476685,0.14947646856307983,2.9220625
base,3,p244_122_mic2,p244,data\VCTK\wav48_silence_trimmed\p244\p244_122_mic2.flac,p244,1,1,0.5970859527587891,0.5970859527587891,0.4480854272842407,0.14900052547454834,2.9220625
lca,1,p244_122_mic2,p244,data\VCTK\wav48_silence_trimmed\p244\p244_122_mic2.flac,p244,1,1,0.45742106437683105,0.45742106437683105,0.3822949528694153,0.07512611150741577,2.9220625
lca,2,p244_122_mic2,p244,data\VCTK\wav48_silence_trimmed\p244\p244_122_mic2.flac,p244,1,1,0.492460697889328,0.492460697889328,0.4475516676902771,0.0449090301990509,2.9220625
lca,3,p244_122_mic2,p244,data\VCTK\wav48_silence_trimmed\p244\p244_122_mic2.flac,p250,0,1,0.4910891652107239,0.44943952560424805,0.4910891652107239,-0.04164963960647583,2.9220625
original,0,p244_230_mic1,p244,data\VCTK\wav48_silence_trimmed\p244\p244_230_mic1.flac,p244,1,1,0.8067758083343506,0.8067758083343506,0.5609384775161743,0.24583733081817627,3.758875
base,1,p244_230_mic1,p244,data\VCTK\wav48_silence_trimmed\p244\p244_230_mic1.flac,p244,1,1,0.42585086822509766,0.42585086822509766,0.40295088291168213,0.022899985313415527,3.758875
base,2,p244_230_mic1,p244,data\VCTK\wav48_silence_trimmed\p244\p244_230_mic1.flac,p244,1,1,0.5700948238372803,0.5700948238372803,0.4449371099472046,0.12515771389007568,3.758875
base,3,p244_230_mic1,p244,data\VCTK\wav48_silence_trimmed\p244\p244_230_mic1.flac,p244,1,1,0.6037629842758179,0.6037629842758179,0.4816548824310303,0.1221081018447876,3.758875
lca,1,p244_230_mic1,p244,data\VCTK\wav48_silence_trimmed\p244\p244_230_mic1.flac,p250,0,1,0.4523455500602722,0.45104336738586426,0.4523455500602722,-0.001302182674407959,3.758875
lca,2,p244_230_mic1,p244,data\VCTK\wav48_silence_trimmed\p244\p244_230_mic1.flac,p244,1,1,0.5073084831237793,0.5073084831237793,0.48402783274650574,0.02328065037727356,3.758875
lca,3,p244_230_mic1,p244,data\VCTK\wav48_silence_trimmed\p244\p244_230_mic1.flac,p244,1,1,0.5673166513442993,0.5673166513442993,0.5397864580154419,0.027530193328857422,3.758875
original,0,p244_246_mic1,p244,data\VCTK\wav48_silence_trimmed\p244\p244_246_mic1.flac,p244,1,1,0.7142536640167236,0.7142536640167236,0.42966538667678833,0.2845882773399353,2.7184375
base,1,p244_246_mic1,p244,data\VCTK\wav48_silence_trimmed\p244\p244_246_mic1.flac,p262,0,1,0.3134269714355469,0.2603864073753357,0.3134269714355469,-0.05304056406021118,2.7184375
base,2,p244_246_mic1,p244,data\VCTK\wav48_silence_trimmed\p244\p244_246_mic1.flac,p244,1,1,0.4279111623764038,0.4279111623764038,0.3655826449394226,0.0623285174369812,2.7184375
base,3,p244_246_mic1,p244,data\VCTK\wav48_silence_trimmed\p244\p244_246_mic1.flac,p244,1,1,0.46049025654792786,0.46049025654792786,0.32907626032829285,0.131413996219635,2.7184375
lca,1,p244_246_mic1,p244,data\VCTK\wav48_silence_trimmed\p244\p244_246_mic1.flac,p244,1,1,0.4082660675048828,0.4082660675048828,0.39080578088760376,0.017460286617279053,2.7184375
lca,2,p244_246_mic1,p244,data\VCTK\wav48_silence_trimmed\p244\p244_246_mic1.flac,p244,1,1,0.4093555808067322,0.4093555808067322,0.3485998511314392,0.06075572967529297,2.7184375
lca,3,p244_246_mic1,p244,data\VCTK\wav48_silence_trimmed\p244\p244_246_mic1.flac,p244,1,1,0.42455124855041504,0.42455124855041504,0.4023473858833313,0.02220386266708374,2.7184375
original,0,p244_295_mic2,p244,data\VCTK\wav48_silence_trimmed\p244\p244_295_mic2.flac,p244,1,1,0.5983600616455078,0.5983600616455078,0.4999169111251831,0.09844315052032471,2.5416875
base,1,p244_295_mic2,p244,data\VCTK\wav48_silence_trimmed\p244\p244_295_mic2.flac,p301,0,1,0.3043513000011444,0.265792578458786,0.3043513000011444,-0.0385587215423584,2.5416875
base,2,p244_295_mic2,p244,data\VCTK\wav48_silence_trimmed\p244\p244_295_mic2.flac,p280,0,1,0.33500099182128906,0.320930540561676,0.33500099182128906,-0.014070451259613037,2.5416875
base,3,p244_295_mic2,p244,data\VCTK\wav48_silence_trimmed\p244\p244_295_mic2.flac,p280,0,1,0.3964889645576477,0.38945478200912476,0.3964889645576477,-0.007034182548522949,2.5416875
lca,1,p244_295_mic2,p244,data\VCTK\wav48_silence_trimmed\p244\p244_295_mic2.flac,p280,0,1,0.43551158905029297,0.39901620149612427,0.43551158905029297,-0.0364953875541687,2.5416875
lca,2,p244_295_mic2,p244,data\VCTK\wav48_silence_trimmed\p244\p244_295_mic2.flac,p280,0,1,0.4964722990989685,0.38860368728637695,0.4964722990989685,-0.10786861181259155,2.5416875
lca,3,p244_295_mic2,p244,data\VCTK\wav48_silence_trimmed\p244\p244_295_mic2.flac,p280,0,1,0.44507861137390137,0.372855007648468,0.44507861137390137,-0.07222360372543335,2.5416875
original,0,p244_301_mic1,p244,data\VCTK\wav48_silence_trimmed\p244\p244_301_mic1.flac,p244,1,1,0.8679904937744141,0.8679904937744141,0.49527275562286377,0.3727177381515503,4.652125
base,1,p244_301_mic1,p244,data\VCTK\wav48_silence_trimmed\p244\p244_301_mic1.flac,p244,1,1,0.45806175470352173,0.45806175470352173,0.4264368414878845,0.03162491321563721,4.652125
base,2,p244_301_mic1,p244,data\VCTK\wav48_silence_trimmed\p244\p244_301_mic1.flac,p244,1,1,0.5682645440101624,0.5682645440101624,0.4243830442428589,0.14388149976730347,4.652125
base,3,p244_301_mic1,p244,data\VCTK\wav48_silence_trimmed\p244\p244_301_mic1.flac,p244,1,1,0.6126573085784912,0.6126573085784912,0.46314001083374023,0.14951729774475098,4.652125
lca,1,p244_301_mic1,p244,data\VCTK\wav48_silence_trimmed\p244\p244_301_mic1.flac,p244,1,1,0.39083415269851685,0.39083415269851685,0.3440173268318176,0.04681682586669922,4.652125
lca,2,p244_301_mic1,p244,data\VCTK\wav48_silence_trimmed\p244\p244_301_mic1.flac,p244,1,1,0.56251060962677,0.56251060962677,0.41569870710372925,0.14681190252304077,4.652125
lca,3,p244_301_mic1,p244,data\VCTK\wav48_silence_trimmed\p244\p244_301_mic1.flac,p244,1,1,0.5903352499008179,0.5903352499008179,0.43265867233276367,0.1576765775680542,4.652125
original,0,p245_070_mic2,p245,data\VCTK\wav48_silence_trimmed\p245\p245_070_mic2.flac,p245,1,1,0.7212423086166382,0.7212423086166382,0.3852626085281372,0.335979700088501,2.742875
base,1,p245_070_mic2,p245,data\VCTK\wav48_silence_trimmed\p245\p245_070_mic2.flac,p364,0,1,0.4343090355396271,0.17973493039608002,0.4343090355396271,-0.25457410514354706,2.742875
base,2,p245_070_mic2,p245,data\VCTK\wav48_silence_trimmed\p245\p245_070_mic2.flac,p347,0,1,0.41970449686050415,0.2805708944797516,0.41970449686050415,-0.13913360238075256,2.742875
base,3,p245_070_mic2,p245,data\VCTK\wav48_silence_trimmed\p245\p245_070_mic2.flac,p347,0,1,0.4558261036872864,0.34019362926483154,0.4558261036872864,-0.11563247442245483,2.742875
lca,1,p245_070_mic2,p245,data\VCTK\wav48_silence_trimmed\p245\p245_070_mic2.flac,p347,0,1,0.36509424448013306,0.15488079190254211,0.36509424448013306,-0.21021345257759094,2.742875
lca,2,p245_070_mic2,p245,data\VCTK\wav48_silence_trimmed\p245\p245_070_mic2.flac,p347,0,1,0.538124144077301,0.2596627473831177,0.538124144077301,-0.27846139669418335,2.742875
lca,3,p245_070_mic2,p245,data\VCTK\wav48_silence_trimmed\p245\p245_070_mic2.flac,p347,0,1,0.49762725830078125,0.3044053316116333,0.49762725830078125,-0.19322192668914795,2.742875
original,0,p245_072_mic2,p245,data\VCTK\wav48_silence_trimmed\p245\p245_072_mic2.flac,p245,1,1,0.7832506895065308,0.7832506895065308,0.38600021600723267,0.3972504734992981,2.9121875
base,1,p245_072_mic2,p245,data\VCTK\wav48_silence_trimmed\p245\p245_072_mic2.flac,p316,0,1,0.2627633213996887,0.14216721057891846,0.2627633213996887,-0.12059611082077026,2.9121875
base,2,p245_072_mic2,p245,data\VCTK\wav48_silence_trimmed\p245\p245_072_mic2.flac,p347,0,1,0.4204482436180115,0.35494542121887207,0.4204482436180115,-0.0655028223991394,2.9121875
base,3,p245_072_mic2,p245,data\VCTK\wav48_silence_trimmed\p245\p245_072_mic2.flac,p347,0,1,0.467104971408844,0.44193869829177856,0.467104971408844,-0.02516627311706543,2.9121875
lca,1,p245_072_mic2,p245,data\VCTK\wav48_silence_trimmed\p245\p245_072_mic2.flac,p364,0,1,0.4291161894798279,0.22902575135231018,0.4291161894798279,-0.2000904381275177,2.9121875
lca,2,p245_072_mic2,p245,data\VCTK\wav48_silence_trimmed\p245\p245_072_mic2.flac,p347,0,1,0.40003901720046997,0.29578468203544617,0.40003901720046997,-0.1042543351650238,2.9121875
lca,3,p245_072_mic2,p245,data\VCTK\wav48_silence_trimmed\p245\p245_072_mic2.flac,p347,0,1,0.4522430896759033,0.3956388831138611,0.4522430896759033,-0.056604206562042236,2.9121875
original,0,p245_177_mic2,p245,data\VCTK\wav48_silence_trimmed\p245\p245_177_mic2.flac,p245,1,1,0.8383104801177979,0.8383104801177979,0.4363808333873749,0.401929646730423,4.3740625
base,1,p245_177_mic2,p245,data\VCTK\wav48_silence_trimmed\p245\p245_177_mic2.flac,p302,0,1,0.3162349462509155,0.2399124950170517,0.3162349462509155,-0.07632245123386383,4.3740625
base,2,p245_177_mic2,p245,data\VCTK\wav48_silence_trimmed\p245\p245_177_mic2.flac,p364,0,1,0.4194689393043518,0.2942652106285095,0.4194689393043518,-0.12520372867584229,4.3740625
base,3,p245_177_mic2,p245,data\VCTK\wav48_silence_trimmed\p245\p245_177_mic2.flac,p245,1,1,0.4117290675640106,0.4117290675640106,0.3918583393096924,0.019870728254318237,4.3740625
lca,1,p245_177_mic2,p245,data\VCTK\wav48_silence_trimmed\p245\p245_177_mic2.flac,p364,0,1,0.39538782835006714,0.23654310405254364,0.39538782835006714,-0.1588447242975235,4.3740625
lca,2,p245_177_mic2,p245,data\VCTK\wav48_silence_trimmed\p245\p245_177_mic2.flac,p347,0,1,0.4008631706237793,0.32488492131233215,0.4008631706237793,-0.07597824931144714,4.3740625
lca,3,p245_177_mic2,p245,data\VCTK\wav48_silence_trimmed\p245\p245_177_mic2.flac,p347,0,1,0.4261532425880432,0.4099372625350952,0.4261532425880432,-0.016215980052947998,4.3740625
original,0,p245_209_mic2,p245,data\VCTK\wav48_silence_trimmed\p245\p245_209_mic2.flac,p245,1,1,0.651236355304718,0.651236355304718,0.449052631855011,0.20218372344970703,2.5908125
base,1,p245_209_mic2,p245,data\VCTK\wav48_silence_trimmed\p245\p245_209_mic2.flac,p364,0,1,0.32831907272338867,0.2260560244321823,0.32831907272338867,-0.10226304829120636,2.5908125
base,2,p245_209_mic2,p245,data\VCTK\wav48_silence_trimmed\p245\p245_209_mic2.flac,p364,0,1,0.42503148317337036,0.3303526043891907,0.42503148317337036,-0.09467887878417969,2.5908125
base,3,p245_209_mic2,p245,data\VCTK\wav48_silence_trimmed\p245\p245_209_mic2.flac,p364,0,1,0.39782607555389404,0.3905525505542755,0.39782607555389404,-0.00727352499961853,2.5908125
lca,1,p245_209_mic2,p245,data\VCTK\wav48_silence_trimmed\p245\p245_209_mic2.flac,p364,0,1,0.43934059143066406,0.22468732297420502,0.43934059143066406,-0.21465326845645905,2.5908125
lca,2,p245_209_mic2,p245,data\VCTK\wav48_silence_trimmed\p245\p245_209_mic2.flac,p364,0,1,0.41239356994628906,0.387076735496521,0.41239356994628906,-0.025316834449768066,2.5908125
lca,3,p245_209_mic2,p245,data\VCTK\wav48_silence_trimmed\p245\p245_209_mic2.flac,p245,1,1,0.44326895475387573,0.44326895475387573,0.4358673095703125,0.007401645183563232,2.5908125
original,0,p245_343_mic1,p245,data\VCTK\wav48_silence_trimmed\p245\p245_343_mic1.flac,p245,1,1,0.6948696374893188,0.6948696374893188,0.4052109718322754,0.28965866565704346,2.491875
base,1,p245_343_mic1,p245,data\VCTK\wav48_silence_trimmed\p245\p245_343_mic1.flac,p364,0,1,0.3097679615020752,0.14839845895767212,0.3097679615020752,-0.16136950254440308,2.491875
base,2,p245_343_mic1,p245,data\VCTK\wav48_silence_trimmed\p245\p245_343_mic1.flac,p364,0,1,0.335132896900177,0.3156946897506714,0.335132896900177,-0.019438207149505615,2.491875
base,3,p245_343_mic1,p245,data\VCTK\wav48_silence_trimmed\p245\p245_343_mic1.flac,p245,1,1,0.3478415608406067,0.3478415608406067,0.31875842809677124,0.02908313274383545,2.491875
lca,1,p245_343_mic1,p245,data\VCTK\wav48_silence_trimmed\p245\p245_343_mic1.flac,p364,0,1,0.41865235567092896,0.22241219878196716,0.41865235567092896,-0.1962401568889618,2.491875
lca,2,p245_343_mic1,p245,data\VCTK\wav48_silence_trimmed\p245\p245_343_mic1.flac,p245,1,1,0.4231940805912018,0.4231940805912018,0.37898871302604675,0.04420536756515503,2.491875
lca,3,p245_343_mic1,p245,data\VCTK\wav48_silence_trimmed\p245\p245_343_mic1.flac,p245,1,1,0.46976515650749207,0.46976515650749207,0.3538788855075836,0.11588627099990845,2.491875
original,0,p246_047_mic1,p246,data\VCTK\wav48_silence_trimmed\p246\p246_047_mic1.flac,p246,1,1,0.6648352146148682,0.6648352146148682,0.3414587378501892,0.32337647676467896,2.132875
base,1,p246_047_mic1,p246,data\VCTK\wav48_silence_trimmed\p246\p246_047_mic1.flac,p364,0,1,0.2876545488834381,0.13458213210105896,0.2876545488834381,-0.15307241678237915,2.132875
base,2,p246_047_mic1,p246,data\VCTK\wav48_silence_trimmed\p246\p246_047_mic1.flac,p316,0,1,0.3655853271484375,0.26712310314178467,0.3655853271484375,-0.09846222400665283,2.132875
base,3,p246_047_mic1,p246,data\VCTK\wav48_silence_trimmed\p246\p246_047_mic1.flac,p246,1,1,0.38119059801101685,0.38119059801101685,0.35665959119796753,0.024531006813049316,2.132875
lca,1,p246_047_mic1,p246,data\VCTK\wav48_silence_trimmed\p246\p246_047_mic1.flac,p364,0,1,0.3744288682937622,0.13169598579406738,0.3744288682937622,-0.24273288249969482,2.132875
lca,2,p246_047_mic1,p246,data\VCTK\wav48_silence_trimmed\p246\p246_047_mic1.flac,p364,0,1,0.4221169650554657,0.1755053699016571,0.4221169650554657,-0.2466115951538086,2.132875
lca,3,p246_047_mic1,p246,data\VCTK\wav48_silence_trimmed\p246\p246_047_mic1.flac,p364,0,1,0.3325326442718506,0.2730591297149658,0.3325326442718506,-0.059473514556884766,2.132875
original,0,p246_098_mic1,p246,data\VCTK\wav48_silence_trimmed\p246\p246_098_mic1.flac,p246,1,1,0.7745957374572754,0.7745957374572754,0.30092304944992065,0.47367268800735474,5.90875
base,1,p246_098_mic1,p246,data\VCTK\wav48_silence_trimmed\p246\p246_098_mic1.flac,p364,0,1,0.36527469754219055,0.2526776194572449,0.36527469754219055,-0.11259707808494568,5.90875
base,2,p246_098_mic1,p246,data\VCTK\wav48_silence_trimmed\p246\p246_098_mic1.flac,p246,1,1,0.4818175435066223,0.4818175435066223,0.32727599143981934,0.15454155206680298,5.90875
base,3,p246_098_mic1,p246,data\VCTK\wav48_silence_trimmed\p246\p246_098_mic1.flac,p246,1,1,0.5169316530227661,0.5169316530227661,0.3436962962150574,0.17323535680770874,5.90875
lca,1,p246_098_mic1,p246,data\VCTK\wav48_silence_trimmed\p246\p246_098_mic1.flac,p364,0,1,0.3723297119140625,0.20299787819385529,0.3723297119140625,-0.16933183372020721,5.90875
lca,2,p246_098_mic1,p246,data\VCTK\wav48_silence_trimmed\p246\p246_098_mic1.flac,p347,0,1,0.4480230212211609,0.27219122648239136,0.4480230212211609,-0.17583179473876953,5.90875
lca,3,p246_098_mic1,p246,data\VCTK\wav48_silence_trimmed\p246\p246_098_mic1.flac,p347,0,1,0.47246497869491577,0.3145597279071808,0.47246497869491577,-0.15790525078773499,5.90875
original,0,p246_161_mic2,p246,data\VCTK\wav48_silence_trimmed\p246\p246_161_mic2.flac,p246,1,1,0.7090524435043335,0.7090524435043335,0.26510074734687805,0.44395169615745544,2.435375
base,1,p246_161_mic2,p246,data\VCTK\wav48_silence_trimmed\p246\p246_161_mic2.flac,p364,0,1,0.3012540340423584,0.21439486742019653,0.3012540340423584,-0.08685916662216187,2.435375
base,2,p246_161_mic2,p246,data\VCTK\wav48_silence_trimmed\p246\p246_161_mic2.flac,p364,0,1,0.31448987126350403,0.28190749883651733,0.31448987126350403,-0.032582372426986694,2.435375
base,3,p246_161_mic2,p246,data\VCTK\wav48_silence_trimmed\p246\p246_161_mic2.flac,p246,1,1,0.41525954008102417,0.41525954008102417,0.3653079569339752,0.04995158314704895,2.435375
lca,1,p246_161_mic2,p246,data\VCTK\wav48_silence_trimmed\p246\p246_161_mic2.flac,p364,0,1,0.40263980627059937,0.28560978174209595,0.40263980627059937,-0.11703002452850342,2.435375
lca,2,p246_161_mic2,p246,data\VCTK\wav48_silence_trimmed\p246\p246_161_mic2.flac,p364,0,1,0.4274933934211731,0.3457915186882019,0.4274933934211731,-0.08170187473297119,2.435375
lca,3,p246_161_mic2,p246,data\VCTK\wav48_silence_trimmed\p246\p246_161_mic2.flac,p364,0,1,0.4407767057418823,0.34959420561790466,0.4407767057418823,-0.09118250012397766,2.435375
original,0,p246_187_mic1,p246,data\VCTK\wav48_silence_trimmed\p246\p246_187_mic1.flac,p246,1,1,0.7471287250518799,0.7471287250518799,0.4082549810409546,0.3388737440109253,4.3245625
base,1,p246_187_mic1,p246,data\VCTK\wav48_silence_trimmed\p246\p246_187_mic1.flac,p364,0,1,0.36690741777420044,0.24921604990959167,0.36690741777420044,-0.11769136786460876,4.3245625
base,2,p246_187_mic1,p246,data\VCTK\wav48_silence_trimmed\p246\p246_187_mic1.flac,p246,1,1,0.413851261138916,0.413851261138916,0.3703315854072571,0.043519675731658936,4.3245625
base,3,p246_187_mic1,p246,data\VCTK\wav48_silence_trimmed\p246\p246_187_mic1.flac,p246,1,1,0.4804419279098511,0.4804419279098511,0.36834287643432617,0.1120990514755249,4.3245625
lca,1,p246_187_mic1,p246,data\VCTK\wav48_silence_trimmed\p246\p246_187_mic1.flac,p364,0,1,0.43567144870758057,0.14601247012615204,0.43567144870758057,-0.28965897858142853,4.3245625
lca,2,p246_187_mic1,p246,data\VCTK\wav48_silence_trimmed\p246\p246_187_mic1.flac,p364,0,1,0.3734724819660187,0.2884362041950226,0.3734724819660187,-0.0850362777709961,4.3245625
lca,3,p246_187_mic1,p246,data\VCTK\wav48_silence_trimmed\p246\p246_187_mic1.flac,p347,0,1,0.38349732756614685,0.3542948365211487,0.38349732756614685,-0.02920249104499817,4.3245625
original,0,p246_208_mic1,p246,data\VCTK\wav48_silence_trimmed\p246\p246_208_mic1.flac,p246,1,1,0.6743971109390259,0.6743971109390259,0.36619746685028076,0.3081996440887451,1.7964375
base,1,p246_208_mic1,p246,data\VCTK\wav48_silence_trimmed\p246\p246_208_mic1.flac,p316,0,1,0.29033926129341125,0.23687420785427094,0.29033926129341125,-0.05346505343914032,1.7964375
base,2,p246_208_mic1,p246,data\VCTK\wav48_silence_trimmed\p246\p246_208_mic1.flac,p246,1,1,0.41399896144866943,0.41399896144866943,0.2814066410064697,0.1325923204421997,1.7964375
base,3,p246_208_mic1,p246,data\VCTK\wav48_silence_trimmed\p246\p246_208_mic1.flac,p246,1,1,0.4915784001350403,0.4915784001350403,0.296286016702652,0.1952923834323883,1.7964375
lca,1,p246_208_mic1,p246,data\VCTK\wav48_silence_trimmed\p246\p246_208_mic1.flac,p347,0,1,0.34249502420425415,0.14630445837974548,0.34249502420425415,-0.19619056582450867,1.7964375
lca,2,p246_208_mic1,p246,data\VCTK\wav48_silence_trimmed\p246\p246_208_mic1.flac,p347,0,1,0.38022178411483765,0.16455158591270447,0.38022178411483765,-0.21567019820213318,1.7964375
lca,3,p246_208_mic1,p246,data\VCTK\wav48_silence_trimmed\p246\p246_208_mic1.flac,p347,0,1,0.35622066259384155,0.29040634632110596,0.35622066259384155,-0.0658143162727356,1.7964375
original,0,p247_012_mic2,p247,data\VCTK\wav48_silence_trimmed\p247\p247_012_mic2.flac,p247,1,1,0.7225762605667114,0.7225762605667114,0.3132416009902954,0.409334659576416,4.8274375
base,1,p247_012_mic2,p247,data\VCTK\wav48_silence_trimmed\p247\p247_012_mic2.flac,p302,0,1,0.3676970601081848,0.3537651300430298,0.3676970601081848,-0.01393193006515503,4.8274375
base,2,p247_012_mic2,p247,data\VCTK\wav48_silence_trimmed\p247\p247_012_mic2.flac,p247,1,1,0.47237783670425415,0.47237783670425415,0.3116324543952942,0.16074538230895996,4.8274375
base,3,p247_012_mic2,p247,data\VCTK\wav48_silence_trimmed\p247\p247_012_mic2.flac,p247,1,1,0.48919105529785156,0.48919105529785156,0.3215201199054718,0.16767093539237976,4.8274375
lca,1,p247_012_mic2,p247,data\VCTK\wav48_silence_trimmed\p247\p247_012_mic2.flac,p364,0,1,0.37221604585647583,0.20792952179908752,0.37221604585647583,-0.1642865240573883,4.8274375
lca,2,p247_012_mic2,p247,data\VCTK\wav48_silence_trimmed\p247\p247_012_mic2.flac,p364,0,1,0.38941484689712524,0.24327920377254486,0.38941484689712524,-0.14613564312458038,4.8274375
lca,3,p247_012_mic2,p247,data\VCTK\wav48_silence_trimmed\p247\p247_012_mic2.flac,p364,0,1,0.36875033378601074,0.30972087383270264,0.36875033378601074,-0.059029459953308105,4.8274375
original,0,p247_129_mic2,p247,data\VCTK\wav48_silence_trimmed\p247\p247_129_mic2.flac,p247,1,1,0.7447022795677185,0.7447022795677185,0.36849626898765564,0.37620601058006287,3.520625
base,1,p247_129_mic2,p247,data\VCTK\wav48_silence_trimmed\p247\p247_129_mic2.flac,p278,0,1,0.30150991678237915,0.2766622304916382,0.30150991678237915,-0.024847686290740967,3.520625
base,2,p247_129_mic2,p247,data\VCTK\wav48_silence_trimmed\p247\p247_129_mic2.flac,p247,1,1,0.5043842792510986,0.5043842792510986,0.3879542648792267,0.11643001437187195,3.520625
base,3,p247_129_mic2,p247,data\VCTK\wav48_silence_trimmed\p247\p247_129_mic2.flac,p247,1,1,0.4845498204231262,0.4845498204231262,0.37346577644348145,0.11108404397964478,3.520625
lca,1,p247_129_mic2,p247,data\VCTK\wav48_silence_trimmed\p247\p247_129_mic2.flac,p302,0,1,0.32756537199020386,0.17883577942848206,0.32756537199020386,-0.1487295925617218,3.520625
lca,2,p247_129_mic2,p247,data\VCTK\wav48_silence_trimmed\p247\p247_129_mic2.flac,p247,1,1,0.32137244939804077,0.32137244939804077,0.2904947102069855,0.030877739191055298,3.520625
lca,3,p247_129_mic2,p247,data\VCTK\wav48_silence_trimmed\p247\p247_129_mic2.flac,p247,1,1,0.3379310667514801,0.3379310667514801,0.32634150981903076,0.01158955693244934,3.520625
original,0,p247_141_mic2,p247,data\VCTK\wav48_silence_trimmed\p247\p247_141_mic2.flac,p247,1,1,0.7162273526191711,0.7162273526191711,0.38038671016693115,0.33584064245224,3.4746875
base,1,p247_141_mic2,p247,data\VCTK\wav48_silence_trimmed\p247\p247_141_mic2.flac,p363,0,1,0.30310720205307007,0.2534627318382263,0.30310720205307007,-0.04964447021484375,3.4746875
base,2,p247_141_mic2,p247,data\VCTK\wav48_silence_trimmed\p247\p247_141_mic2.flac,p247,1,1,0.3076135814189911,0.3076135814189911,0.24849539995193481,0.059118181467056274,3.4746875
base,3,p247_141_mic2,p247,data\VCTK\wav48_silence_trimmed\p247\p247_141_mic2.flac,p247,1,1,0.3413597345352173,0.3413597345352173,0.22749066352844238,0.1138690710067749,3.4746875
lca,1,p247_141_mic2,p247,data\VCTK\wav48_silence_trimmed\p247\p247_141_mic2.flac,p364,0,1,0.27133551239967346,0.18880069255828857,0.27133551239967346,-0.08253481984138489,3.4746875
lca,2,p247_141_mic2,p247,data\VCTK\wav48_silence_trimmed\p247\p247_141_mic2.flac,p259,0,1,0.3042108416557312,0.2628166675567627,0.3042108416557312,-0.041394174098968506,3.4746875
lca,3,p247_141_mic2,p247,data\VCTK\wav48_silence_trimmed\p247\p247_141_mic2.flac,p247,1,1,0.2971402108669281,0.2971402108669281,0.2845790386199951,0.012561172246932983,3.4746875
original,0,p247_203_mic2,p247,data\VCTK\wav48_silence_trimmed\p247\p247_203_mic2.flac,p247,1,1,0.6968135833740234,0.6968135833740234,0.3464456796646118,0.3503679037094116,2.8206875
base,1,p247_203_mic2,p247,data\VCTK\wav48_silence_trimmed\p247\p247_203_mic2.flac,p302,0,1,0.2806963324546814,0.1806693822145462,0.2806963324546814,-0.10002695024013519,2.8206875
base,2,p247_203_mic2,p247,data\VCTK\wav48_silence_trimmed\p247\p247_203_mic2.flac,p247,1,1,0.3892788589000702,0.3892788589000702,0.3396152853965759,0.04966357350349426,2.8206875
base,3,p247_203_mic2,p247,data\VCTK\wav48_silence_trimmed\p247\p247_203_mic2.flac,p247,1,1,0.4400116801261902,0.4400116801261902,0.3298209607601166,0.11019071936607361,2.8206875
lca,1,p247_203_mic2,p247,data\VCTK\wav48_silence_trimmed\p247\p247_203_mic2.flac,p364,0,1,0.39277878403663635,0.12055720388889313,0.39277878403663635,-0.2722215801477432,2.8206875
lca,2,p247_203_mic2,p247,data\VCTK\wav48_silence_trimmed\p247\p247_203_mic2.flac,p364,0,1,0.32332825660705566,0.24608121812343597,0.32332825660705566,-0.07724703848361969,2.8206875
lca,3,p247_203_mic2,p247,data\VCTK\wav48_silence_trimmed\p247\p247_203_mic2.flac,p247,1,1,0.3709832429885864,0.3709832429885864,0.3424866795539856,0.02849656343460083,2.8206875
original,0,p247_353_mic1,p247,data\VCTK\wav48_silence_trimmed\p247\p247_353_mic1.flac,p247,1,1,0.8282801508903503,0.8282801508903503,0.4166874587535858,0.4115926921367645,3.422125
base,1,p247_353_mic1,p247,data\VCTK\wav48_silence_trimmed\p247\p247_353_mic1.flac,p247,1,1,0.45431286096572876,0.45431286096572876,0.3191567063331604,0.13515615463256836,3.422125
base,2,p247_353_mic1,p247,data\VCTK\wav48_silence_trimmed\p247\p247_353_mic1.flac,p247,1,1,0.535621166229248,0.535621166229248,0.3799933195114136,0.15562784671783447,3.422125
base,3,p247_353_mic1,p247,data\VCTK\wav48_silence_trimmed\p247\p247_353_mic1.flac,p247,1,1,0.6010104417800903,0.6010104417800903,0.35732489824295044,0.2436855435371399,3.422125
lca,1,p247_353_mic1,p247,data\VCTK\wav48_silence_trimmed\p247\p247_353_mic1.flac,p364,0,1,0.2905822694301605,0.26663726568222046,0.2905822694301605,-0.023945003747940063,3.422125
lca,2,p247_353_mic1,p247,data\VCTK\wav48_silence_trimmed\p247\p247_353_mic1.flac,p247,1,1,0.4039096236228943,0.4039096236228943,0.3319737911224365,0.07193583250045776,3.422125
lca,3,p247_353_mic1,p247,data\VCTK\wav48_silence_trimmed\p247\p247_353_mic1.flac,p247,1,1,0.47286438941955566,0.47286438941955566,0.3443149924278259,0.12854939699172974,3.422125
original,0,p248_036_mic2,p248,data\VCTK\wav48_silence_trimmed\p248\p248_036_mic2.flac,p248,1,1,0.6963760256767273,0.6963760256767273,0.28739801049232483,0.40897801518440247,2.819
base,1,p248_036_mic2,p248,data\VCTK\wav48_silence_trimmed\p248\p248_036_mic2.flac,p280,0,1,0.34983378648757935,0.22263267636299133,0.34983378648757935,-0.127201110124588,2.819
base,2,p248_036_mic2,p248,data\VCTK\wav48_silence_trimmed\p248\p248_036_mic2.flac,p238,0,1,0.3452872931957245,0.31319376826286316,0.3452872931957245,-0.03209352493286133,2.819
base,3,p248_036_mic2,p248,data\VCTK\wav48_silence_trimmed\p248\p248_036_mic2.flac,p238,0,1,0.3831784427165985,0.33540117740631104,0.3831784427165985,-0.047777265310287476,2.819
lca,1,p248_036_mic2,p248,data\VCTK\wav48_silence_trimmed\p248\p248_036_mic2.flac,p255,0,1,0.3455300033092499,0.22375304996967316,0.3455300033092499,-0.12177695333957672,2.819
lca,2,p248_036_mic2,p248,data\VCTK\wav48_silence_trimmed\p248\p248_036_mic2.flac,p248,1,1,0.3532150983810425,0.3532150983810425,0.34130072593688965,0.011914372444152832,2.819
lca,3,p248_036_mic2,p248,data\VCTK\wav48_silence_trimmed\p248\p248_036_mic2.flac,p248,1,1,0.3629031777381897,0.3629031777381897,0.3215644955635071,0.04133868217468262,2.819
original,0,p248_100_mic2,p248,data\VCTK\wav48_silence_trimmed\p248\p248_100_mic2.flac,p248,1,1,0.6038930416107178,0.6038930416107178,0.31907880306243896,0.2848142385482788,2.5218125
base,1,p248_100_mic2,p248,data\VCTK\wav48_silence_trimmed\p248\p248_100_mic2.flac,p339,0,1,0.38965827226638794,0.3156689703464508,0.38965827226638794,-0.07398930191993713,2.5218125
base,2,p248_100_mic2,p248,data\VCTK\wav48_silence_trimmed\p248\p248_100_mic2.flac,p248,1,1,0.3789241909980774,0.3789241909980774,0.3122420907020569,0.06668210029602051,2.5218125
base,3,p248_100_mic2,p248,data\VCTK\wav48_silence_trimmed\p248\p248_100_mic2.flac,p248,1,1,0.39322173595428467,0.39322173595428467,0.27956655621528625,0.11365517973899841,2.5218125
lca,1,p248_100_mic2,p248,data\VCTK\wav48_silence_trimmed\p248\p248_100_mic2.flac,p280,0,1,0.3534413278102875,0.21109090745449066,0.3534413278102875,-0.14235042035579681,2.5218125
lca,2,p248_100_mic2,p248,data\VCTK\wav48_silence_trimmed\p248\p248_100_mic2.flac,p266,0,1,0.341744989156723,0.29616856575012207,0.341744989156723,-0.04557642340660095,2.5218125
lca,3,p248_100_mic2,p248,data\VCTK\wav48_silence_trimmed\p248\p248_100_mic2.flac,p248,1,1,0.34982195496559143,0.34982195496559143,0.33606046438217163,0.0137614905834198,2.5218125
original,0,p248_199_mic2,p248,data\VCTK\wav48_silence_trimmed\p248\p248_199_mic2.flac,p248,1,1,0.7763682007789612,0.7763682007789612,0.31756383180618286,0.4588043689727783,4.089625
base,1,p248_199_mic2,p248,data\VCTK\wav48_silence_trimmed\p248\p248_199_mic2.flac,p280,0,1,0.37447938323020935,0.34203028678894043,0.37447938323020935,-0.03244909644126892,4.089625
base,2,p248_199_mic2,p248,data\VCTK\wav48_silence_trimmed\p248\p248_199_mic2.flac,p248,1,1,0.46854889392852783,0.46854889392852783,0.3301975131034851,0.13835138082504272,4.089625
base,3,p248_199_mic2,p248,data\VCTK\wav48_silence_trimmed\p248\p248_199_mic2.flac,p248,1,1,0.4995214343070984,0.4995214343070984,0.3713046908378601,0.12821674346923828,4.089625
lca,1,p248_199_mic2,p248,data\VCTK\wav48_silence_trimmed\p248\p248_199_mic2.flac,p280,0,1,0.32894769310951233,0.31631118059158325,0.32894769310951233,-0.012636512517929077,4.089625
lca,2,p248_199_mic2,p248,data\VCTK\wav48_silence_trimmed\p248\p248_199_mic2.flac,p248,1,1,0.47038546204566956,0.47038546204566956,0.4298129081726074,0.040572553873062134,4.089625
lca,3,p248_199_mic2,p248,data\VCTK\wav48_silence_trimmed\p248\p248_199_mic2.flac,p248,1,1,0.5028148889541626,0.5028148889541626,0.4190950393676758,0.08371984958648682,4.089625
original,0,p248_212_mic2,p248,data\VCTK\wav48_silence_trimmed\p248\p248_212_mic2.flac,p248,1,1,0.8308748602867126,0.8308748602867126,0.3444671034812927,0.4864077568054199,4.4899375
base,1,p248_212_mic2,p248,data\VCTK\wav48_silence_trimmed\p248\p248_212_mic2.flac,p248,1,1,0.3694794178009033,0.3694794178009033,0.365633487701416,0.0038459300994873047,4.4899375
base,2,p248_212_mic2,p248,data\VCTK\wav48_silence_trimmed\p248\p248_212_mic2.flac,p248,1,1,0.4889301657676697,0.4889301657676697,0.3149798810482025,0.17395028471946716,4.4899375
base,3,p248_212_mic2,p248,data\VCTK\wav48_silence_trimmed\p248\p248_212_mic2.flac,p248,1,1,0.4919959306716919,0.4919959306716919,0.27744248509407043,0.21455344557762146,4.4899375
lca,1,p248_212_mic2,p248,data\VCTK\wav48_silence_trimmed\p248\p248_212_mic2.flac,p248,1,1,0.4069289565086365,0.4069289565086365,0.3401998281478882,0.06672912836074829,4.4899375
lca,2,p248_212_mic2,p248,data\VCTK\wav48_silence_trimmed\p248\p248_212_mic2.flac,p248,1,1,0.47608450055122375,0.47608450055122375,0.3460584282875061,0.13002607226371765,4.4899375
lca,3,p248_212_mic2,p248,data\VCTK\wav48_silence_trimmed\p248\p248_212_mic2.flac,p248,1,1,0.5284770727157593,0.5284770727157593,0.3312970697879791,0.19718000292778015,4.4899375
original,0,p248_221_mic2,p248,data\VCTK\wav48_silence_trimmed\p248\p248_221_mic2.flac,p248,1,1,0.8424875736236572,0.8424875736236572,0.3029579520225525,0.5395296216011047,4.740875
base,1,p248_221_mic2,p248,data\VCTK\wav48_silence_trimmed\p248\p248_221_mic2.flac,p248,1,1,0.27027997374534607,0.27027997374534607,0.2662404775619507,0.004039496183395386,4.740875
base,2,p248_221_mic2,p248,data\VCTK\wav48_silence_trimmed\p248\p248_221_mic2.flac,p248,1,1,0.4299798011779785,0.4299798011779785,0.380182683467865,0.049797117710113525,4.740875
base,3,p248_221_mic2,p248,data\VCTK\wav48_silence_trimmed\p248\p248_221_mic2.flac,p248,1,1,0.49070948362350464,0.49070948362350464,0.41028034687042236,0.08042913675308228,4.740875
lca,1,p248_221_mic2,p248,data\VCTK\wav48_silence_trimmed\p248\p248_221_mic2.flac,p250,0,1,0.3933652937412262,0.3626677095890045,0.3933652937412262,-0.03069758415222168,4.740875
lca,2,p248_221_mic2,p248,data\VCTK\wav48_silence_trimmed\p248\p248_221_mic2.flac,p248,1,1,0.463448166847229,0.463448166847229,0.36720722913742065,0.09624093770980835,4.740875
lca,3,p248_221_mic2,p248,data\VCTK\wav48_silence_trimmed\p248\p248_221_mic2.flac,p248,1,1,0.5213298797607422,0.5213298797607422,0.36262962222099304,0.15870025753974915,4.740875
original,0,p249_039_mic1,p249,data\VCTK\wav48_silence_trimmed\p249\p249_039_mic1.flac,p249,1,1,0.7051281929016113,0.7051281929016113,0.5134757161140442,0.19165247678756714,2.776625
base,1,p249_039_mic1,p249,data\VCTK\wav48_silence_trimmed\p249\p249_039_mic1.flac,p230,0,1,0.37219709157943726,0.32195690274238586,0.37219709157943726,-0.05024018883705139,2.776625
base,2,p249_039_mic1,p249,data\VCTK\wav48_silence_trimmed\p249\p249_039_mic1.flac,p280,0,1,0.3794413208961487,0.37492918968200684,0.3794413208961487,-0.004512131214141846,2.776625
base,3,p249_039_mic1,p249,data\VCTK\wav48_silence_trimmed\p249\p249_039_mic1.flac,p249,1,1,0.5130623579025269,0.5130623579025269,0.4650568962097168,0.04800546169281006,2.776625
lca,1,p249_039_mic1,p249,data\VCTK\wav48_silence_trimmed\p249\p249_039_mic1.flac,p280,0,1,0.3871554732322693,0.1967165470123291,0.3871554732322693,-0.19043892621994019,2.776625
lca,2,p249_039_mic1,p249,data\VCTK\wav48_silence_trimmed\p249\p249_039_mic1.flac,p280,0,1,0.4405388832092285,0.32545381784439087,0.4405388832092285,-0.11508506536483765,2.776625
lca,3,p249_039_mic1,p249,data\VCTK\wav48_silence_trimmed\p249\p249_039_mic1.flac,p280,0,1,0.5126166939735413,0.45183801651000977,0.5126166939735413,-0.060778677463531494,2.776625
original,0,p249_052_mic2,p249,data\VCTK\wav48_silence_trimmed\p249\p249_052_mic2.flac,p249,1,1,0.6908643245697021,0.6908643245697021,0.557314395904541,0.13354992866516113,2.568375
base,1,p249_052_mic2,p249,data\VCTK\wav48_silence_trimmed\p249\p249_052_mic2.flac,p293,0,1,0.3363238573074341,0.2134031355381012,0.3363238573074341,-0.12292072176933289,2.568375
base,2,p249_052_mic2,p249,data\VCTK\wav48_silence_trimmed\p249\p249_052_mic2.flac,p293,0,1,0.4464210569858551,0.3640148341655731,0.4464210569858551,-0.08240622282028198,2.568375
base,3,p249_052_mic2,p249,data\VCTK\wav48_silence_trimmed\p249\p249_052_mic2.flac,p249,1,1,0.4673452377319336,0.4673452377319336,0.4036315083503723,0.06371372938156128,2.568375
lca,1,p249_052_mic2,p249,data\VCTK\wav48_silence_trimmed\p249\p249_052_mic2.flac,p250,0,1,0.4577823579311371,0.3289968967437744,0.4577823579311371,-0.12878546118736267,2.568375
lca,2,p249_052_mic2,p249,data\VCTK\wav48_silence_trimmed\p249\p249_052_mic2.flac,p250,0,1,0.5018033385276794,0.42770859599113464,0.5018033385276794,-0.0740947425365448,2.568375
lca,3,p249_052_mic2,p249,data\VCTK\wav48_silence_trimmed\p249\p249_052_mic2.flac,p250,0,1,0.4733985960483551,0.42566996812820435,0.4733985960483551,-0.04772862792015076,2.568375
original,0,p249_104_mic2,p249,data\VCTK\wav48_silence_trimmed\p249\p249_104_mic2.flac,p249,1,1,0.49411895871162415,0.49411895871162415,0.3540666699409485,0.14005228877067566,2.0933125
base,1,p249_104_mic2,p249,data\VCTK\wav48_silence_trimmed\p249\p249_104_mic2.flac,p280,0,1,0.4280560612678528,0.28168249130249023,0.4280560612678528,-0.14637356996536255,2.0933125
base,2,p249_104_mic2,p249,data\VCTK\wav48_silence_trimmed\p249\p249_104_mic2.flac,p280,0,1,0.48018503189086914,0.2982434630393982,0.48018503189086914,-0.18194156885147095,2.0933125
base,3,p249_104_mic2,p249,data\VCTK\wav48_silence_trimmed\p249\p249_104_mic2.flac,p231,0,1,0.39689335227012634,0.28522738814353943,0.39689335227012634,-0.11166596412658691,2.0933125
lca,1,p249_104_mic2,p249,data\VCTK\wav48_silence_trimmed\p249\p249_104_mic2.flac,p280,0,1,0.40368515253067017,0.23429624736309052,0.40368515253067017,-0.16938890516757965,2.0933125
lca,2,p249_104_mic2,p249,data\VCTK\wav48_silence_trimmed\p249\p249_104_mic2.flac,p280,0,1,0.45269596576690674,0.30546751618385315,0.45269596576690674,-0.1472284495830536,2.0933125
lca,3,p249_104_mic2,p249,data\VCTK\wav48_silence_trimmed\p249\p249_104_mic2.flac,p280,0,1,0.47222355008125305,0.37315475940704346,0.47222355008125305,-0.0990687906742096,2.0933125
original,0,p249_161_mic1,p249,data\VCTK\wav48_silence_trimmed\p249\p249_161_mic1.flac,p249,1,1,0.6952440738677979,0.6952440738677979,0.5129026770591736,0.18234139680862427,2.22775
base,1,p249_161_mic1,p249,data\VCTK\wav48_silence_trimmed\p249\p249_161_mic1.flac,p262,0,1,0.26496756076812744,0.1322987973690033,0.26496756076812744,-0.13266876339912415,2.22775
base,2,p249_161_mic1,p249,data\VCTK\wav48_silence_trimmed\p249\p249_161_mic1.flac,p255,0,1,0.2856222987174988,0.1886119842529297,0.2856222987174988,-0.09701031446456909,2.22775
base,3,p249_161_mic1,p249,data\VCTK\wav48_silence_trimmed\p249\p249_161_mic1.flac,p244,0,1,0.36267027258872986,0.28874385356903076,0.36267027258872986,-0.0739264190196991,2.22775
lca,1,p249_161_mic1,p249,data\VCTK\wav48_silence_trimmed\p249\p249_161_mic1.flac,p250,0,1,0.35342898964881897,0.2321517914533615,0.35342898964881897,-0.12127719819545746,2.22775
lca,2,p249_161_mic1,p249,data\VCTK\wav48_silence_trimmed\p249\p249_161_mic1.flac,p262,0,1,0.4202752709388733,0.35699665546417236,0.4202752709388733,-0.06327861547470093,2.22775
lca,3,p249_161_mic1,p249,data\VCTK\wav48_silence_trimmed\p249\p249_161_mic1.flac,p250,0,1,0.39425748586654663,0.34589940309524536,0.39425748586654663,-0.04835808277130127,2.22775
original,0,p249_345_mic2,p249,data\VCTK\wav48_silence_trimmed\p249\p249_345_mic2.flac,p249,1,1,0.7086746692657471,0.7086746692657471,0.48850688338279724,0.22016778588294983,2.8105625
base,1,p249_345_mic2,p249,data\VCTK\wav48_silence_trimmed\p249\p249_345_mic2.flac,p262,0,1,0.34575143456459045,0.26384416222572327,0.34575143456459045,-0.08190727233886719,2.8105625
base,2,p249_345_mic2,p249,data\VCTK\wav48_silence_trimmed\p249\p249_345_mic2.flac,p262,0,1,0.45650750398635864,0.40705955028533936,0.45650750398635864,-0.04944795370101929,2.8105625
base,3,p249_345_mic2,p249,data\VCTK\wav48_silence_trimmed\p249\p249_345_mic2.flac,p262,0,1,0.4589329957962036,0.4209189713001251,0.4589329957962036,-0.03801402449607849,2.8105625
lca,1,p249_345_mic2,p249,data\VCTK\wav48_silence_trimmed\p249\p249_345_mic2.flac,p280,0,1,0.5035461187362671,0.3464180529117584,0.5035461187362671,-0.15712806582450867,2.8105625
lca,2,p249_345_mic2,p249,data\VCTK\wav48_silence_trimmed\p249\p249_345_mic2.flac,p340,0,1,0.46311330795288086,0.44994544982910156,0.46311330795288086,-0.013167858123779297,2.8105625
lca,3,p249_345_mic2,p249,data\VCTK\wav48_silence_trimmed\p249\p249_345_mic2.flac,p280,0,1,0.5054455995559692,0.49205783009529114,0.5054455995559692,-0.0133877694606781,2.8105625
original,0,p250_071_mic2,p250,data\VCTK\wav48_silence_trimmed\p250\p250_071_mic2.flac,p250,1,1,0.7721009254455566,0.7721009254455566,0.5070057511329651,0.26509517431259155,3.03425
base,1,p250_071_mic2,p250,data\VCTK\wav48_silence_trimmed\p250\p250_071_mic2.flac,p238,0,1,0.40533313155174255,0.36563214659690857,0.40533313155174255,-0.039700984954833984,3.03425
base,2,p250_071_mic2,p250,data\VCTK\wav48_silence_trimmed\p250\p250_071_mic2.flac,p250,1,1,0.5384883284568787,0.5384883284568787,0.4266853332519531,0.11180299520492554,3.03425
base,3,p250_071_mic2,p250,data\VCTK\wav48_silence_trimmed\p250\p250_071_mic2.flac,p250,1,1,0.5971750020980835,0.5971750020980835,0.4486268162727356,0.1485481858253479,3.03425
lca,1,p250_071_mic2,p250,data\VCTK\wav48_silence_trimmed\p250\p250_071_mic2.flac,p250,1,1,0.38618576526641846,0.38618576526641846,0.3411843180656433,0.045001447200775146,3.03425
lca,2,p250_071_mic2,p250,data\VCTK\wav48_silence_trimmed\p250\p250_071_mic2.flac,p250,1,1,0.5537624359130859,0.5537624359130859,0.4630813002586365,0.09068113565444946,3.03425
lca,3,p250_071_mic2,p250,data\VCTK\wav48_silence_trimmed\p250\p250_071_mic2.flac,p250,1,1,0.5533069968223572,0.5533069968223572,0.5167137980461121,0.03659319877624512,3.03425
original,0,p250_221_mic1,p250,data\VCTK\wav48_silence_trimmed\p250\p250_221_mic1.flac,p250,1,1,0.6736329793930054,0.6736329793930054,0.4489366412162781,0.2246963381767273,1.85675
base,1,p250_221_mic1,p250,data\VCTK\wav48_silence_trimmed\p250\p250_221_mic1.flac,p268,0,1,0.35135364532470703,0.2880639433860779,0.35135364532470703,-0.06328970193862915,1.85675
base,2,p250_221_mic1,p250,data\VCTK\wav48_silence_trimmed\p250\p250_221_mic1.flac,p250,1,1,0.4465682804584503,0.4465682804584503,0.40760859847068787,0.03895968198776245,1.85675
base,3,p250_221_mic1,p250,data\VCTK\wav48_silence_trimmed\p250\p250_221_mic1.flac,p250,1,1,0.47236794233322144,0.47236794233322144,0.4239576756954193,0.048410266637802124,1.85675
lca,1,p250_221_mic1,p250,data\VCTK\wav48_silence_trimmed\p250\p250_221_mic1.flac,p273,0,1,0.3291996419429779,0.29767316579818726,0.3291996419429779,-0.03152647614479065,1.85675
lca,2,p250_221_mic1,p250,data\VCTK\wav48_silence_trimmed\p250\p250_221_mic1.flac,p250,1,1,0.4495236575603485,0.4495236575603485,0.36595332622528076,0.08357033133506775,1.85675
lca,3,p250_221_mic1,p250,data\VCTK\wav48_silence_trimmed\p250\p250_221_mic1.flac,p250,1,1,0.5903472304344177,0.5903472304344177,0.4993392527103424,0.09100797772407532,1.85675
original,0,p250_273_mic2,p250,data\VCTK\wav48_silence_trimmed\p250\p250_273_mic2.flac,p250,1,1,0.8117194175720215,0.8117194175720215,0.5524301528930664,0.2592892646789551,3.032625
base,1,p250_273_mic2,p250,data\VCTK\wav48_silence_trimmed\p250\p250_273_mic2.flac,p244,0,1,0.4758148193359375,0.4077373743057251,0.4758148193359375,-0.0680774450302124,3.032625
base,2,p250_273_mic2,p250,data\VCTK\wav48_silence_trimmed\p250\p250_273_mic2.flac,p262,0,1,0.46853023767471313,0.44814014434814453,0.46853023767471313,-0.020390093326568604,3.032625
base,3,p250_273_mic2,p250,data\VCTK\wav48_silence_trimmed\p250\p250_273_mic2.flac,p250,1,1,0.5281462669372559,0.5281462669372559,0.49955427646636963,0.02859199047088623,3.032625
lca,1,p250_273_mic2,p250,data\VCTK\wav48_silence_trimmed\p250\p250_273_mic2.flac,p250,1,1,0.4738253951072693,0.4738253951072693,0.40202897787094116,0.07179641723632812,3.032625
lca,2,p250_273_mic2,p250,data\VCTK\wav48_silence_trimmed\p250\p250_273_mic2.flac,p250,1,1,0.5938897132873535,0.5938897132873535,0.5060867071151733,0.08780300617218018,3.032625
lca,3,p250_273_mic2,p250,data\VCTK\wav48_silence_trimmed\p250\p250_273_mic2.flac,p250,1,1,0.5969415903091431,0.5969415903091431,0.5256823897361755,0.07125920057296753,3.032625
original,0,p250_434_mic1,p250,data\VCTK\wav48_silence_trimmed\p250\p250_434_mic1.flac,p250,1,1,0.7491638660430908,0.7491638660430908,0.47410476207733154,0.2750591039657593,3.7146875
base,1,p250_434_mic1,p250,data\VCTK\wav48_silence_trimmed\p250\p250_434_mic1.flac,p244,0,1,0.36411723494529724,0.3135581612586975,0.36411723494529724,-0.05055907368659973,3.7146875
base,2,p250_434_mic1,p250,data\VCTK\wav48_silence_trimmed\p250\p250_434_mic1.flac,p262,0,1,0.45987436175346375,0.4348026216030121,0.45987436175346375,-0.02507174015045166,3.7146875
base,3,p250_434_mic1,p250,data\VCTK\wav48_silence_trimmed\p250\p250_434_mic1.flac,p250,1,1,0.5061449408531189,0.5061449408531189,0.45488449931144714,0.05126044154167175,3.7146875
lca,1,p250_434_mic1,p250,data\VCTK\wav48_silence_trimmed\p250\p250_434_mic1.flac,p250,1,1,0.43805599212646484,0.43805599212646484,0.4327475130558014,0.005308479070663452,3.7146875
lca,2,p250_434_mic1,p250,data\VCTK\wav48_silence_trimmed\p250\p250_434_mic1.flac,p250,1,1,0.516493558883667,0.516493558883667,0.49407902359962463,0.02241453528404236,3.7146875
lca,3,p250_434_mic1,p250,data\VCTK\wav48_silence_trimmed\p250\p250_434_mic1.flac,p250,1,1,0.5651850700378418,0.5651850700378418,0.5578012466430664,0.007383823394775391,3.7146875
original,0,p250_453_mic2,p250,data\VCTK\wav48_silence_trimmed\p250\p250_453_mic2.flac,p250,1,1,0.7998586297035217,0.7998586297035217,0.6168264746665955,0.18303215503692627,3.1509375
base,1,p250_453_mic2,p250,data\VCTK\wav48_silence_trimmed\p250\p250_453_mic2.flac,p250,1,1,0.33399003744125366,0.33399003744125366,0.32868701219558716,0.005303025245666504,3.1509375
base,2,p250_453_mic2,p250,data\VCTK\wav48_silence_trimmed\p250\p250_453_mic2.flac,p250,1,1,0.5771760940551758,0.5771760940551758,0.4897513687610626,0.08742472529411316,3.1509375
base,3,p250_453_mic2,p250,data\VCTK\wav48_silence_trimmed\p250\p250_453_mic2.flac,p250,1,1,0.5790891647338867,0.5790891647338867,0.4619855284690857,0.11710363626480103,3.1509375
lca,1,p250_453_mic2,p250,data\VCTK\wav48_silence_trimmed\p250\p250_453_mic2.flac,p280,0,1,0.4966566860675812,0.42430102825164795,0.4966566860675812,-0.07235565781593323,3.1509375
lca,2,p250_453_mic2,p250,data\VCTK\wav48_silence_trimmed\p250\p250_453_mic2.flac,p250,1,1,0.6222180724143982,0.6222180724143982,0.5650417804718018,0.057176291942596436,3.1509375
lca,3,p250_453_mic2,p250,data\VCTK\wav48_silence_trimmed\p250\p250_453_mic2.flac,p250,1,1,0.6633331179618835,0.6633331179618835,0.5992634296417236,0.06406968832015991,3.1509375
original,0,p251_065_mic1,p251,data\VCTK\wav48_silence_trimmed\p251\p251_065_mic1.flac,p251,1,1,0.6673541069030762,0.6673541069030762,0.2923394441604614,0.37501466274261475,3.0763125
base,1,p251_065_mic1,p251,data\VCTK\wav48_silence_trimmed\p251\p251_065_mic1.flac,p298,0,1,0.2707790732383728,0.0955268070101738,0.2707790732383728,-0.175252266228199,3.0763125
base,2,p251_065_mic1,p251,data\VCTK\wav48_silence_trimmed\p251\p251_065_mic1.flac,p364,0,1,0.30017486214637756,0.2614690661430359,0.30017486214637756,-0.038705796003341675,3.0763125
base,3,p251_065_mic1,p251,data\VCTK\wav48_silence_trimmed\p251\p251_065_mic1.flac,p364,0,1,0.29146522283554077,0.27535614371299744,0.29146522283554077,-0.016109079122543335,3.0763125
lca,1,p251_065_mic1,p251,data\VCTK\wav48_silence_trimmed\p251\p251_065_mic1.flac,p364,0,1,0.2814193367958069,0.20654365420341492,0.2814193367958069,-0.07487568259239197,3.0763125
lca,2,p251_065_mic1,p251,data\VCTK\wav48_silence_trimmed\p251\p251_065_mic1.flac,p364,0,1,0.30255967378616333,0.2869909703731537,0.30255967378616333,-0.015568703413009644,3.0763125
lca,3,p251_065_mic1,p251,data\VCTK\wav48_silence_trimmed\p251\p251_065_mic1.flac,p251,1,1,0.35322970151901245,0.35322970151901245,0.28440985083580017,0.06881985068321228,3.0763125
original,0,p251_097_mic2,p251,data\VCTK\wav48_silence_trimmed\p251\p251_097_mic2.flac,p251,1,1,0.5791411995887756,0.5791411995887756,0.3593958914279938,0.21974530816078186,2.5259375
base,1,p251_097_mic2,p251,data\VCTK\wav48_silence_trimmed\p251\p251_097_mic2.flac,p302,0,1,0.29546481370925903,0.048641007393598557,0.29546481370925903,-0.24682380631566048,2.5259375
base,2,p251_097_mic2,p251,data\VCTK\wav48_silence_trimmed\p251\p251_097_mic2.flac,p363,0,1,0.3124217689037323,0.21755370497703552,0.3124217689037323,-0.09486806392669678,2.5259375
base,3,p251_097_mic2,p251,data\VCTK\wav48_silence_trimmed\p251\p251_097_mic2.flac,p251,1,1,0.3291162848472595,0.3291162848472595,0.2990359961986542,0.030080288648605347,2.5259375
lca,1,p251_097_mic2,p251,data\VCTK\wav48_silence_trimmed\p251\p251_097_mic2.flac,p364,0,1,0.3349195718765259,0.1843731850385666,0.3349195718765259,-0.1505463868379593,2.5259375
lca,2,p251_097_mic2,p251,data\VCTK\wav48_silence_trimmed\p251\p251_097_mic2.flac,p364,0,1,0.3780229091644287,0.2473371922969818,0.3780229091644287,-0.1306857168674469,2.5259375
lca,3,p251_097_mic2,p251,data\VCTK\wav48_silence_trimmed\p251\p251_097_mic2.flac,p364,0,1,0.36419790983200073,0.28589099645614624,0.36419790983200073,-0.07830691337585449,2.5259375
original,0,p251_117_mic1,p251,data\VCTK\wav48_silence_trimmed\p251\p251_117_mic1.flac,p251,1,1,0.4698147177696228,0.4698147177696228,0.2719409763813019,0.19787374138832092,2.1365625
base,1,p251_117_mic1,p251,data\VCTK\wav48_silence_trimmed\p251\p251_117_mic1.flac,p364,0,1,0.2750062942504883,0.09692235291004181,0.2750062942504883,-0.17808394134044647,2.1365625
base,2,p251_117_mic1,p251,data\VCTK\wav48_silence_trimmed\p251\p251_117_mic1.flac,p302,0,1,0.3209994435310364,0.18718324601650238,0.3209994435310364,-0.133816197514534,2.1365625
base,3,p251_117_mic1,p251,data\VCTK\wav48_silence_trimmed\p251\p251_117_mic1.flac,p302,0,1,0.30881041288375854,0.24023619294166565,0.30881041288375854,-0.0685742199420929,2.1365625
lca,1,p251_117_mic1,p251,data\VCTK\wav48_silence_trimmed\p251\p251_117_mic1.flac,p364,0,1,0.31126829981803894,0.13874530792236328,0.31126829981803894,-0.17252299189567566,2.1365625
lca,2,p251_117_mic1,p251,data\VCTK\wav48_silence_trimmed\p251\p251_117_mic1.flac,p364,0,1,0.3756062984466553,0.22376316785812378,0.3756062984466553,-0.1518431305885315,2.1365625
lca,3,p251_117_mic1,p251,data\VCTK\wav48_silence_trimmed\p251\p251_117_mic1.flac,p364,0,1,0.4480080008506775,0.2858425974845886,0.4480080008506775,-0.16216540336608887,2.1365625
original,0,p251_244_mic2,p251,data\VCTK\wav48_silence_trimmed\p251\p251_244_mic2.flac,p251,1,1,0.5879746675491333,0.5879746675491333,0.31222108006477356,0.27575358748435974,2.3243125
base,1,p251_244_mic2,p251,data\VCTK\wav48_silence_trimmed\p251\p251_244_mic2.flac,p364,0,0,0.24842815101146698,0.16084617376327515,0.24842815101146698,-0.08758197724819183,2.3243125
base,2,p251_244_mic2,p251,data\VCTK\wav48_silence_trimmed\p251\p251_244_mic2.flac,p364,0,1,0.31491196155548096,0.22613072395324707,0.31491196155548096,-0.08878123760223389,2.3243125
base,3,p251_244_mic2,p251,data\VCTK\wav48_silence_trimmed\p251\p251_244_mic2.flac,p364,0,1,0.35070452094078064,0.32376545667648315,0.35070452094078064,-0.026939064264297485,2.3243125
lca,1,p251_244_mic2,p251,data\VCTK\wav48_silence_trimmed\p251\p251_244_mic2.flac,p364,0,1,0.2955262362957001,0.18480680882930756,0.2955262362957001,-0.11071942746639252,2.3243125
lca,2,p251_244_mic2,p251,data\VCTK\wav48_silence_trimmed\p251\p251_244_mic2.flac,p364,0,1,0.40259701013565063,0.2655099630355835,0.40259701013565063,-0.13708704710006714,2.3243125
lca,3,p251_244_mic2,p251,data\VCTK\wav48_silence_trimmed\p251\p251_244_mic2.flac,p364,0,1,0.41102364659309387,0.3390582203865051,0.41102364659309387,-0.07196542620658875,2.3243125
original,0,p251_350_mic1,p251,data\VCTK\wav48_silence_trimmed\p251\p251_350_mic1.flac,p251,1,1,0.5513848066329956,0.5513848066329956,0.24699440598487854,0.30439040064811707,2.1346875
base,1,p251_350_mic1,p251,data\VCTK\wav48_silence_trimmed\p251\p251_350_mic1.flac,p364,0,1,0.3816308081150055,0.12644411623477936,0.3816308081150055,-0.25518669188022614,2.1346875
base,2,p251_350_mic1,p251,data\VCTK\wav48_silence_trimmed\p251\p251_350_mic1.flac,p238,0,1,0.2819947302341461,0.1904405653476715,0.2819947302341461,-0.09155416488647461,2.1346875
base,3,p251_350_mic1,p251,data\VCTK\wav48_silence_trimmed\p251\p251_350_mic1.flac,p251,1,1,0.3354031443595886,0.3354031443595886,0.2713744640350342,0.06402868032455444,2.1346875
lca,1,p251_350_mic1,p251,data\VCTK\wav48_silence_trimmed\p251\p251_350_mic1.flac,p226,0,1,0.27379924058914185,0.14198288321495056,0.27379924058914185,-0.13181635737419128,2.1346875
lca,2,p251_350_mic1,p251,data\VCTK\wav48_silence_trimmed\p251\p251_350_mic1.flac,p364,0,1,0.3614760935306549,0.19924162328243256,0.3614760935306549,-0.16223447024822235,2.1346875
lca,3,p251_350_mic1,p251,data\VCTK\wav48_silence_trimmed\p251\p251_350_mic1.flac,p364,0,1,0.4426993429660797,0.2834073305130005,0.4426993429660797,-0.15929201245307922,2.1346875
original,0,p252_094_mic2,p252,data\VCTK\wav48_silence_trimmed\p252\p252_094_mic2.flac,p252,1,1,0.7860924601554871,0.7860924601554871,0.41231977939605713,0.37377268075942993,2.633625
base,1,p252_094_mic2,p252,data\VCTK\wav48_silence_trimmed\p252\p252_094_mic2.flac,p302,0,1,0.3476719856262207,0.26082897186279297,0.3476719856262207,-0.08684301376342773,2.633625
base,2,p252_094_mic2,p252,data\VCTK\wav48_silence_trimmed\p252\p252_094_mic2.flac,p271,0,1,0.4550202488899231,0.4391412138938904,0.4550202488899231,-0.015879034996032715,2.633625
base,3,p252_094_mic2,p252,data\VCTK\wav48_silence_trimmed\p252\p252_094_mic2.flac,p271,0,1,0.4787924587726593,0.4309704899787903,0.4787924587726593,-0.04782196879386902,2.633625
lca,1,p252_094_mic2,p252,data\VCTK\wav48_silence_trimmed\p252\p252_094_mic2.flac,p364,0,1,0.4001789093017578,0.2663862705230713,0.4001789093017578,-0.13379263877868652,2.633625
lca,2,p252_094_mic2,p252,data\VCTK\wav48_silence_trimmed\p252\p252_094_mic2.flac,p252,1,1,0.3982967436313629,0.3982967436313629,0.39390063285827637,0.004396110773086548,2.633625
lca,3,p252_094_mic2,p252,data\VCTK\wav48_silence_trimmed\p252\p252_094_mic2.flac,p252,1,1,0.4282720685005188,0.4282720685005188,0.4111618995666504,0.017110168933868408,2.633625
original,0,p252_098_mic2,p252,data\VCTK\wav48_silence_trimmed\p252\p252_098_mic2.flac,p252,1,1,0.6617611646652222,0.6617611646652222,0.364136278629303,0.2976248860359192,3.0266875
base,1,p252_098_mic2,p252,data\VCTK\wav48_silence_trimmed\p252\p252_098_mic2.flac,p313,0,1,0.32542940974235535,0.3016514182090759,0.32542940974235535,-0.02377799153327942,3.0266875
base,2,p252_098_mic2,p252,data\VCTK\wav48_silence_trimmed\p252\p252_098_mic2.flac,p252,1,1,0.4688417613506317,0.4688417613506317,0.34819966554641724,0.12064209580421448,3.0266875
base,3,p252_098_mic2,p252,data\VCTK\wav48_silence_trimmed\p252\p252_098_mic2.flac,p252,1,1,0.5371493697166443,0.5371493697166443,0.35450929403305054,0.18264007568359375,3.0266875
lca,1,p252_098_mic2,p252,data\VCTK\wav48_silence_trimmed\p252\p252_098_mic2.flac,p364,0,1,0.3630693554878235,0.29646074771881104,0.3630693554878235,-0.06660860776901245,3.0266875
lca,2,p252_098_mic2,p252,data\VCTK\wav48_silence_trimmed\p252\p252_098_mic2.flac,p252,1,1,0.3915349543094635,0.3915349543094635,0.3620143532752991,0.02952060103416443,3.0266875
lca,3,p252_098_mic2,p252,data\VCTK\wav48_silence_trimmed\p252\p252_098_mic2.flac,p252,1,1,0.48931795358657837,0.48931795358657837,0.3214452564716339,0.16787269711494446,3.0266875
original,0,p252_281_mic2,p252,data\VCTK\wav48_silence_trimmed\p252\p252_281_mic2.flac,p252,1,1,0.7337196469306946,0.7337196469306946,0.40264827013015747,0.3310713768005371,3.2171875
base,1,p252_281_mic2,p252,data\VCTK\wav48_silence_trimmed\p252\p252_281_mic2.flac,p374,0,1,0.26834580302238464,0.1706489622592926,0.26834580302238464,-0.09769684076309204,3.2171875
base,2,p252_281_mic2,p252,data\VCTK\wav48_silence_trimmed\p252\p252_281_mic2.flac,p252,1,1,0.41561076045036316,0.41561076045036316,0.27687835693359375,0.1387324035167694,3.2171875
base,3,p252_281_mic2,p252,data\VCTK\wav48_silence_trimmed\p252\p252_281_mic2.flac,p252,1,1,0.4913240969181061,0.4913240969181061,0.33317050337791443,0.15815359354019165,3.2171875
lca,1,p252_281_mic2,p252,data\VCTK\wav48_silence_trimmed\p252\p252_281_mic2.flac,p364,0,1,0.33143937587738037,0.2539902627468109,0.33143937587738037,-0.07744911313056946,3.2171875
lca,2,p252_281_mic2,p252,data\VCTK\wav48_silence_trimmed\p252\p252_281_mic2.flac,p252,1,1,0.4964122772216797,0.4964122772216797,0.3954550623893738,0.10095721483230591,3.2171875
lca,3,p252_281_mic2,p252,data\VCTK\wav48_silence_trimmed\p252\p252_281_mic2.flac,p252,1,1,0.5829371213912964,0.5829371213912964,0.38129130005836487,0.20164582133293152,3.2171875
original,0,p252_338_mic2,p252,data\VCTK\wav48_silence_trimmed\p252\p252_338_mic2.flac,p252,1,1,0.5883320569992065,0.5883320569992065,0.3254935145378113,0.26283854246139526,2.7541875
base,1,p252_338_mic2,p252,data\VCTK\wav48_silence_trimmed\p252\p252_338_mic2.flac,p302,0,1,0.331734836101532,0.19815707206726074,0.331734836101532,-0.13357776403427124,2.7541875
base,2,p252_338_mic2,p252,data\VCTK\wav48_silence_trimmed\p252\p252_338_mic2.flac,p298,0,1,0.46934765577316284,0.40229758620262146,0.46934765577316284,-0.06705006957054138,2.7541875
base,3,p252_338_mic2,p252,data\VCTK\wav48_silence_trimmed\p252\p252_338_mic2.flac,p298,0,1,0.47942933440208435,0.45049744844436646,0.47942933440208435,-0.028931885957717896,2.7541875
lca,1,p252_338_mic2,p252,data\VCTK\wav48_silence_trimmed\p252\p252_338_mic2.flac,p364,0,1,0.28646254539489746,0.26718151569366455,0.28646254539489746,-0.01928102970123291,2.7541875
lca,2,p252_338_mic2,p252,data\VCTK\wav48_silence_trimmed\p252\p252_338_mic2.flac,p347,0,1,0.45030394196510315,0.4111267030239105,0.45030394196510315,-0.03917723894119263,2.7541875
lca,3,p252_338_mic2,p252,data\VCTK\wav48_silence_trimmed\p252\p252_338_mic2.flac,p252,1,1,0.4765837788581848,0.4765837788581848,0.37725627422332764,0.09932750463485718,2.7541875
original,0,p252_348_mic1,p252,data\VCTK\wav48_silence_trimmed\p252\p252_348_mic1.flac,p252,1,1,0.6988052725791931,0.6988052725791931,0.397098571062088,0.3017067015171051,3.172
base,1,p252_348_mic1,p252,data\VCTK\wav48_silence_trimmed\p252\p252_348_mic1.flac,p302,0,1,0.2982943654060364,0.213327556848526,0.2982943654060364,-0.08496680855751038,3.172
base,2,p252_348_mic1,p252,data\VCTK\wav48_silence_trimmed\p252\p252_348_mic1.flac,p252,1,1,0.4083176255226135,0.4083176255226135,0.3053050637245178,0.1030125617980957,3.172
base,3,p252_348_mic1,p252,data\VCTK\wav48_silence_trimmed\p252\p252_348_mic1.flac,p252,1,1,0.4093059003353119,0.4093059003353119,0.280826210975647,0.12847968935966492,3.172
lca,1,p252_348_mic1,p252,data\VCTK\wav48_silence_trimmed\p252\p252_348_mic1.flac,p364,0,1,0.27058306336402893,0.2447536289691925,0.27058306336402893,-0.025829434394836426,3.172
lca,2,p252_348_mic1,p252,data\VCTK\wav48_silence_trimmed\p252\p252_348_mic1.flac,p252,1,1,0.4191519021987915,0.4191519021987915,0.2985572814941406,0.12059462070465088,3.172
lca,3,p252_348_mic1,p252,data\VCTK\wav48_silence_trimmed\p252\p252_348_mic1.flac,p252,1,1,0.4434513747692108,0.4434513747692108,0.2691391706466675,0.17431220412254333,3.172
original,0,p253_035_mic2,p253,data\VCTK\wav48_silence_trimmed\p253\p253_035_mic2.flac,p253,1,1,0.8487138748168945,0.8487138748168945,0.49929994344711304,0.3494139313697815,4.1045
base,1,p253_035_mic2,p253,data\VCTK\wav48_silence_trimmed\p253\p253_035_mic2.flac,p244,0,1,0.4083406329154968,0.2944439649581909,0.4083406329154968,-0.11389666795730591,4.1045
base,2,p253_035_mic2,p253,data\VCTK\wav48_silence_trimmed\p253\p253_035_mic2.flac,p244,0,1,0.4896233081817627,0.4402916431427002,0.4896233081817627,-0.0493316650390625,4.1045
base,3,p253_035_mic2,p253,data\VCTK\wav48_silence_trimmed\p253\p253_035_mic2.flac,p253,1,1,0.5194103717803955,0.5194103717803955,0.47584301233291626,0.04356735944747925,4.1045
lca,1,p253_035_mic2,p253,data\VCTK\wav48_silence_trimmed\p253\p253_035_mic2.flac,p250,0,1,0.49070975184440613,0.27215903997421265,0.49070975184440613,-0.21855071187019348,4.1045
lca,2,p253_035_mic2,p253,data\VCTK\wav48_silence_trimmed\p253\p253_035_mic2.flac,p244,0,1,0.484218955039978,0.4621237516403198,0.484218955039978,-0.022095203399658203,4.1045
lca,3,p253_035_mic2,p253,data\VCTK\wav48_silence_trimmed\p253\p253_035_mic2.flac,p253,1,1,0.5009877681732178,0.5009877681732178,0.48220914602279663,0.018778622150421143,4.1045
original,0,p253_072_mic1,p253,data\VCTK\wav48_silence_trimmed\p253\p253_072_mic1.flac,p253,1,1,0.7357047200202942,0.7357047200202942,0.5495680570602417,0.1861366629600525,2.945375
base,1,p253_072_mic1,p253,data\VCTK\wav48_silence_trimmed\p253\p253_072_mic1.flac,p339,0,1,0.3746100068092346,0.18878518044948578,0.3746100068092346,-0.18582482635974884,2.945375
base,2,p253_072_mic1,p253,data\VCTK\wav48_silence_trimmed\p253\p253_072_mic1.flac,p231,0,1,0.470024973154068,0.42147672176361084,0.470024973154068,-0.04854825139045715,2.945375
base,3,p253_072_mic1,p253,data\VCTK\wav48_silence_trimmed\p253\p253_072_mic1.flac,p231,0,1,0.46051138639450073,0.4475209414958954,0.46051138639450073,-0.012990444898605347,2.945375
lca,1,p253_072_mic1,p253,data\VCTK\wav48_silence_trimmed\p253\p253_072_mic1.flac,p248,0,1,0.3832648992538452,0.297344833612442,0.3832648992538452,-0.0859200656414032,2.945375
lca,2,p253_072_mic1,p253,data\VCTK\wav48_silence_trimmed\p253\p253_072_mic1.flac,p340,0,1,0.4603816866874695,0.3530932664871216,0.4603816866874695,-0.1072884202003479,2.945375
lca,3,p253_072_mic1,p253,data\VCTK\wav48_silence_trimmed\p253\p253_072_mic1.flac,p340,0,1,0.45100128650665283,0.4328387975692749,0.45100128650665283,-0.01816248893737793,2.945375
original,0,p253_188_mic2,p253,data\VCTK\wav48_silence_trimmed\p253\p253_188_mic2.flac,p253,1,1,0.6911892890930176,0.6911892890930176,0.47673484683036804,0.21445444226264954,2.7250625
base,1,p253_188_mic2,p253,data\VCTK\wav48_silence_trimmed\p253\p253_188_mic2.flac,p339,0,1,0.38241979479789734,0.16388274729251862,0.38241979479789734,-0.21853704750537872,2.7250625
base,2,p253_188_mic2,p253,data\VCTK\wav48_silence_trimmed\p253\p253_188_mic2.flac,p330,0,1,0.40863245725631714,0.33931785821914673,0.40863245725631714,-0.06931459903717041,2.7250625
base,3,p253_188_mic2,p253,data\VCTK\wav48_silence_trimmed\p253\p253_188_mic2.flac,p244,0,1,0.406685471534729,0.33897000551223755,0.406685471534729,-0.06771546602249146,2.7250625
lca,1,p253_188_mic2,p253,data\VCTK\wav48_silence_trimmed\p253\p253_188_mic2.flac,p280,0,1,0.3774145841598511,0.16303683817386627,0.3774145841598511,-0.2143777459859848,2.7250625
lca,2,p253_188_mic2,p253,data\VCTK\wav48_silence_trimmed\p253\p253_188_mic2.flac,p250,0,1,0.41909459233283997,0.28908592462539673,0.41909459233283997,-0.13000866770744324,2.7250625
lca,3,p253_188_mic2,p253,data\VCTK\wav48_silence_trimmed\p253\p253_188_mic2.flac,p250,0,1,0.45282039046287537,0.3727550506591797,0.45282039046287537,-0.08006533980369568,2.7250625
original,0,p253_214_mic1,p253,data\VCTK\wav48_silence_trimmed\p253\p253_214_mic1.flac,p253,1,1,0.7391260862350464,0.7391260862350464,0.48437774181365967,0.2547483444213867,4.077375
base,1,p253_214_mic1,p253,data\VCTK\wav48_silence_trimmed\p253\p253_214_mic1.flac,p280,0,1,0.40132641792297363,0.2058141976594925,0.40132641792297363,-0.19551222026348114,4.077375
base,2,p253_214_mic1,p253,data\VCTK\wav48_silence_trimmed\p253\p253_214_mic1.flac,p244,0,1,0.4625418782234192,0.4300667643547058,0.4625418782234192,-0.03247511386871338,4.077375
base,3,p253_214_mic1,p253,data\VCTK\wav48_silence_trimmed\p253\p253_214_mic1.flac,p253,1,1,0.46546685695648193,0.46546685695648193,0.4536654055118561,0.011801451444625854,4.077375
lca,1,p253_214_mic1,p253,data\VCTK\wav48_silence_trimmed\p253\p253_214_mic1.flac,p250,0,1,0.45429593324661255,0.2379477620124817,0.45429593324661255,-0.21634817123413086,4.077375
lca,2,p253_214_mic1,p253,data\VCTK\wav48_silence_trimmed\p253\p253_214_mic1.flac,p250,0,1,0.6048295497894287,0.38896414637565613,0.6048295497894287,-0.21586540341377258,4.077375
lca,3,p253_214_mic1,p253,data\VCTK\wav48_silence_trimmed\p253\p253_214_mic1.flac,p250,0,1,0.5843857526779175,0.41742485761642456,0.5843857526779175,-0.16696089506149292,4.077375
original,0,p253_217_mic1,p253,data\VCTK\wav48_silence_trimmed\p253\p253_217_mic1.flac,p253,1,1,0.6961817741394043,0.6961817741394043,0.43460017442703247,0.2615815997123718,2.0438125
base,1,p253_217_mic1,p253,data\VCTK\wav48_silence_trimmed\p253\p253_217_mic1.flac,p280,0,1,0.34491705894470215,0.20130181312561035,0.34491705894470215,-0.1436152458190918,2.0438125
base,2,p253_217_mic1,p253,data\VCTK\wav48_silence_trimmed\p253\p253_217_mic1.flac,p329,0,1,0.3639335036277771,0.35153675079345703,0.3639335036277771,-0.012396752834320068,2.0438125
base,3,p253_217_mic1,p253,data\VCTK\wav48_silence_trimmed\p253\p253_217_mic1.flac,p253,1,1,0.443958044052124,0.443958044052124,0.39615070819854736,0.04780733585357666,2.0438125
lca,1,p253_217_mic1,p253,data\VCTK\wav48_silence_trimmed\p253\p253_217_mic1.flac,p280,0,1,0.4461732804775238,0.25967732071876526,0.4461732804775238,-0.18649595975875854,2.0438125
lca,2,p253_217_mic1,p253,data\VCTK\wav48_silence_trimmed\p253\p253_217_mic1.flac,p250,0,1,0.4557437300682068,0.3028223514556885,0.4557437300682068,-0.1529213786125183,2.0438125
lca,3,p253_217_mic1,p253,data\VCTK\wav48_silence_trimmed\p253\p253_217_mic1.flac,p230,0,1,0.4838517904281616,0.41583898663520813,0.4838517904281616,-0.06801280379295349,2.0438125
original,0,p254_026_mic2,p254,data\VCTK\wav48_silence_trimmed\p254\p254_026_mic2.flac,p254,1,1,0.6234118938446045,0.6234118938446045,0.29238760471343994,0.33102428913116455,1.5804375
base,1,p254_026_mic2,p254,data\VCTK\wav48_silence_trimmed\p254\p254_026_mic2.flac,p364,0,0,0.23065192997455597,0.0476221889257431,0.23065192997455597,-0.18302974104881287,1.5804375
base,2,p254_026_mic2,p254,data\VCTK\wav48_silence_trimmed\p254\p254_026_mic2.flac,p254,1,0,0.2364824116230011,0.2364824116230011,0.23260638117790222,0.003876030445098877,1.5804375
base,3,p254_026_mic2,p254,data\VCTK\wav48_silence_trimmed\p254\p254_026_mic2.flac,p254,1,1,0.2897387742996216,0.2897387742996216,0.2406061589717865,0.04913261532783508,1.5804375
lca,1,p254_026_mic2,p254,data\VCTK\wav48_silence_trimmed\p254\p254_026_mic2.flac,p238,0,1,0.2657395601272583,-0.007626395672559738,0.2657395601272583,-0.27336595579981804,1.5804375
lca,2,p254_026_mic2,p254,data\VCTK\wav48_silence_trimmed\p254\p254_026_mic2.flac,p284,0,1,0.30103594064712524,0.11371824890375137,0.30103594064712524,-0.18731769174337387,1.5804375
lca,3,p254_026_mic2,p254,data\VCTK\wav48_silence_trimmed\p254\p254_026_mic2.flac,p254,1,0,0.2383037507534027,0.2383037507534027,0.23336061835289001,0.004943132400512695,1.5804375
original,0,p254_091_mic1,p254,data\VCTK\wav48_silence_trimmed\p254\p254_091_mic1.flac,p254,1,1,0.6991435289382935,0.6991435289382935,0.3127704858779907,0.38637304306030273,2.096
base,1,p254_091_mic1,p254,data\VCTK\wav48_silence_trimmed\p254\p254_091_mic1.flac,p364,0,1,0.34177884459495544,-0.013383470475673676,0.34177884459495544,-0.3551623150706291,2.096
base,2,p254_091_mic1,p254,data\VCTK\wav48_silence_trimmed\p254\p254_091_mic1.flac,p305,0,0,0.2383592128753662,0.09374003112316132,0.2383592128753662,-0.1446191817522049,2.096
base,3,p254_091_mic1,p254,data\VCTK\wav48_silence_trimmed\p254\p254_091_mic1.flac,p326,0,1,0.2657858431339264,0.18081384897232056,0.2657858431339264,-0.08497199416160583,2.096
lca,1,p254_091_mic1,p254,data\VCTK\wav48_silence_trimmed\p254\p254_091_mic1.flac,p364,0,1,0.3686251640319824,-0.0028688758611679077,0.3686251640319824,-0.37149403989315033,2.096
lca,2,p254_091_mic1,p254,data\VCTK\wav48_silence_trimmed\p254\p254_091_mic1.flac,p364,0,1,0.2830553650856018,0.09854544699192047,0.2830553650856018,-0.18450991809368134,2.096
lca,3,p254_091_mic1,p254,data\VCTK\wav48_silence_trimmed\p254\p254_091_mic1.flac,p305,0,1,0.3183155953884125,0.16512852907180786,0.3183155953884125,-0.15318706631660461,2.096
original,0,p254_096_mic1,p254,data\VCTK\wav48_silence_trimmed\p254\p254_096_mic1.flac,p254,1,1,0.7836825847625732,0.7836825847625732,0.34344029426574707,0.44024229049682617,1.9229375
base,1,p254_096_mic1,p254,data\VCTK\wav48_silence_trimmed\p254\p254_096_mic1.flac,p252,0,1,0.26536300778388977,0.0022533629089593887,0.26536300778388977,-0.2631096448749304,1.9229375
base,2,p254_096_mic1,p254,data\VCTK\wav48_silence_trimmed\p254\p254_096_mic1.flac,p326,0,1,0.2797548472881317,0.24564608931541443,0.2797548472881317,-0.034108757972717285,1.9229375
base,3,p254_096_mic1,p254,data\VCTK\wav48_silence_trimmed\p254\p254_096_mic1.flac,p326,0,1,0.3732517659664154,0.30515256524086,0.3732517659664154,-0.06809920072555542,1.9229375
lca,1,p254_096_mic1,p254,data\VCTK\wav48_silence_trimmed\p254\p254_096_mic1.flac,p364,0,1,0.38558971881866455,-0.0013811364769935608,0.38558971881866455,-0.3869708552956581,1.9229375
lca,2,p254_096_mic1,p254,data\VCTK\wav48_silence_trimmed\p254\p254_096_mic1.flac,p333,0,1,0.2827385365962982,0.1413460671901703,0.2827385365962982,-0.14139246940612793,1.9229375
lca,3,p254_096_mic1,p254,data\VCTK\wav48_silence_trimmed\p254\p254_096_mic1.flac,p333,0,1,0.2523781955242157,0.20077897608280182,0.2523781955242157,-0.05159921944141388,1.9229375
original,0,p254_198_mic2,p254,data\VCTK\wav48_silence_trimmed\p254\p254_198_mic2.flac,p254,1,1,0.8935917615890503,0.8935917615890503,0.3862519860267639,0.5073397755622864,3.7105625
base,1,p254_198_mic2,p254,data\VCTK\wav48_silence_trimmed\p254\p254_198_mic2.flac,p280,0,1,0.2798967957496643,0.012859789654612541,0.2798967957496643,-0.26703700609505177,3.7105625
base,2,p254_198_mic2,p254,data\VCTK\wav48_silence_trimmed\p254\p254_198_mic2.flac,p254,1,1,0.3194424510002136,0.3194424510002136,0.25313612818717957,0.06630632281303406,3.7105625
base,3,p254_198_mic2,p254,data\VCTK\wav48_silence_trimmed\p254\p254_198_mic2.flac,p254,1,1,0.45129522681236267,0.45129522681236267,0.2910015285015106,0.16029369831085205,3.7105625
lca,1,p254_198_mic2,p254,data\VCTK\wav48_silence_trimmed\p254\p254_198_mic2.flac,p364,0,1,0.3364548683166504,0.016203492879867554,0.3364548683166504,-0.32025137543678284,3.7105625
lca,2,p254_198_mic2,p254,data\VCTK\wav48_silence_trimmed\p254\p254_198_mic2.flac,p347,0,1,0.2895755171775818,0.289302796125412,0.2895755171775818,-0.0002727210521697998,3.7105625
lca,3,p254_198_mic2,p254,data\VCTK\wav48_silence_trimmed\p254\p254_198_mic2.flac,p254,1,1,0.38242223858833313,0.38242223858833313,0.2730581760406494,0.10936406254768372,3.7105625
original,0,p254_243_mic1,p254,data\VCTK\wav48_silence_trimmed\p254\p254_243_mic1.flac,p254,1,1,0.8605833649635315,0.8605833649635315,0.3731183409690857,0.4874650239944458,3.7246875
base,1,p254_243_mic1,p254,data\VCTK\wav48_silence_trimmed\p254\p254_243_mic1.flac,p364,0,1,0.28118398785591125,0.06810896098613739,0.28118398785591125,-0.21307502686977386,3.7246875
base,2,p254_243_mic1,p254,data\VCTK\wav48_silence_trimmed\p254\p254_243_mic1.flac,p260,0,1,0.25896406173706055,0.22300945222377777,0.25896406173706055,-0.035954609513282776,3.7246875
base,3,p254_243_mic1,p254,data\VCTK\wav48_silence_trimmed\p254\p254_243_mic1.flac,p254,1,1,0.5195475816726685,0.5195475816726685,0.22701987624168396,0.2925277054309845,3.7246875
lca,1,p254_243_mic1,p254,data\VCTK\wav48_silence_trimmed\p254\p254_243_mic1.flac,p364,0,1,0.38833487033843994,-0.0042370520532131195,0.38833487033843994,-0.39257192239165306,3.7246875
lca,2,p254_243_mic1,p254,data\VCTK\wav48_silence_trimmed\p254\p254_243_mic1.flac,p364,0,1,0.32661664485931396,0.17043709754943848,0.32661664485931396,-0.1561795473098755,3.7246875
lca,3,p254_243_mic1,p254,data\VCTK\wav48_silence_trimmed\p254\p254_243_mic1.flac,p364,0,1,0.2973865866661072,0.27670586109161377,0.2973865866661072,-0.020680725574493408,3.7246875
original,0,p255_199_mic2,p255,data\VCTK\wav48_silence_trimmed\p255\p255_199_mic2.flac,p255,1,1,0.754413902759552,0.754413902759552,0.33196964859962463,0.42244425415992737,3.371
base,1,p255_199_mic2,p255,data\VCTK\wav48_silence_trimmed\p255\p255_199_mic2.flac,p302,0,1,0.3595938980579376,0.27733907103538513,0.3595938980579376,-0.08225482702255249,3.371
base,2,p255_199_mic2,p255,data\VCTK\wav48_silence_trimmed\p255\p255_199_mic2.flac,p255,1,1,0.3751808702945709,0.3751808702945709,0.3578540086746216,0.01732686161994934,3.371
base,3,p255_199_mic2,p255,data\VCTK\wav48_silence_trimmed\p255\p255_199_mic2.flac,p255,1,1,0.49551284313201904,0.49551284313201904,0.3969794511795044,0.09853339195251465,3.371
lca,1,p255_199_mic2,p255,data\VCTK\wav48_silence_trimmed\p255\p255_199_mic2.flac,p347,0,1,0.40281158685684204,0.23948520421981812,0.40281158685684204,-0.16332638263702393,3.371
lca,2,p255_199_mic2,p255,data\VCTK\wav48_silence_trimmed\p255\p255_199_mic2.flac,p347,0,1,0.3996995687484741,0.32157719135284424,0.3996995687484741,-0.07812237739562988,3.371
lca,3,p255_199_mic2,p255,data\VCTK\wav48_silence_trimmed\p255\p255_199_mic2.flac,p347,0,1,0.41967788338661194,0.3835054039955139,0.41967788338661194,-0.03617247939109802,3.371
original,0,p255_232_mic2,p255,data\VCTK\wav48_silence_trimmed\p255\p255_232_mic2.flac,p255,1,1,0.5110723972320557,0.5110723972320557,0.3183649182319641,0.19270747900009155,2.9586875
base,1,p255_232_mic2,p255,data\VCTK\wav48_silence_trimmed\p255\p255_232_mic2.flac,p252,0,1,0.35746920108795166,0.2525046169757843,0.35746920108795166,-0.10496458411216736,2.9586875
base,2,p255_232_mic2,p255,data\VCTK\wav48_silence_trimmed\p255\p255_232_mic2.flac,p262,0,1,0.27355659008026123,0.25900033116340637,0.27355659008026123,-0.014556258916854858,2.9586875
base,3,p255_232_mic2,p255,data\VCTK\wav48_silence_trimmed\p255\p255_232_mic2.flac,p347,0,1,0.32250720262527466,0.2936204671859741,0.32250720262527466,-0.028886735439300537,2.9586875
lca,1,p255_232_mic2,p255,data\VCTK\wav48_silence_trimmed\p255\p255_232_mic2.flac,p347,0,1,0.3176177740097046,0.22179093956947327,0.3176177740097046,-0.09582683444023132,2.9586875
lca,2,p255_232_mic2,p255,data\VCTK\wav48_silence_trimmed\p255\p255_232_mic2.flac,p347,0,1,0.3455164134502411,0.2101401686668396,0.3455164134502411,-0.1353762447834015,2.9586875
lca,3,p255_232_mic2,p255,data\VCTK\wav48_silence_trimmed\p255\p255_232_mic2.flac,p347,0,1,0.3123096823692322,0.21343952417373657,0.3123096823692322,-0.0988701581954956,2.9586875
original,0,p255_303_mic2,p255,data\VCTK\wav48_silence_trimmed\p255\p255_303_mic2.flac,p255,1,1,0.7302638292312622,0.7302638292312622,0.3778657913208008,0.3523980379104614,3.0334375
base,1,p255_303_mic2,p255,data\VCTK\wav48_silence_trimmed\p255\p255_303_mic2.flac,p302,0,1,0.38290947675704956,0.36722636222839355,0.38290947675704956,-0.015683114528656006,3.0334375
base,2,p255_303_mic2,p255,data\VCTK\wav48_silence_trimmed\p255\p255_303_mic2.flac,p255,1,1,0.46872562170028687,0.46872562170028687,0.3907718062400818,0.07795381546020508,3.0334375
base,3,p255_303_mic2,p255,data\VCTK\wav48_silence_trimmed\p255\p255_303_mic2.flac,p255,1,1,0.549588680267334,0.549588680267334,0.3505941927433014,0.1989944875240326,3.0334375
lca,1,p255_303_mic2,p255,data\VCTK\wav48_silence_trimmed\p255\p255_303_mic2.flac,p280,0,1,0.395119309425354,0.3332013189792633,0.395119309425354,-0.0619179904460907,3.0334375
lca,2,p255_303_mic2,p255,data\VCTK\wav48_silence_trimmed\p255\p255_303_mic2.flac,p255,1,1,0.3801615238189697,0.3801615238189697,0.36685341596603394,0.013308107852935791,3.0334375
lca,3,p255_303_mic2,p255,data\VCTK\wav48_silence_trimmed\p255\p255_303_mic2.flac,p255,1,1,0.4866839647293091,0.4866839647293091,0.3695570230484009,0.1171269416809082,3.0334375
original,0,p255_362_mic1,p255,data\VCTK\wav48_silence_trimmed\p255\p255_362_mic1.flac,p255,1,1,0.5118507146835327,0.5118507146835327,0.2788228392601013,0.2330278754234314,2.4948125
base,1,p255_362_mic1,p255,data\VCTK\wav48_silence_trimmed\p255\p255_362_mic1.flac,p273,0,1,0.28154808282852173,0.1593531370162964,0.28154808282852173,-0.12219494581222534,2.4948125
base,2,p255_362_mic1,p255,data\VCTK\wav48_silence_trimmed\p255\p255_362_mic1.flac,p255,1,1,0.30420470237731934,0.30420470237731934,0.2831421494483948,0.02106255292892456,2.4948125
base,3,p255_362_mic1,p255,data\VCTK\wav48_silence_trimmed\p255\p255_362_mic1.flac,p255,1,1,0.40038084983825684,0.40038084983825684,0.2971934378147125,0.10318741202354431,2.4948125
lca,1,p255_362_mic1,p255,data\VCTK\wav48_silence_trimmed\p255\p255_362_mic1.flac,p280,0,1,0.3090924620628357,0.17578288912773132,0.3090924620628357,-0.13330957293510437,2.4948125
lca,2,p255_362_mic1,p255,data\VCTK\wav48_silence_trimmed\p255\p255_362_mic1.flac,p255,1,1,0.345562219619751,0.345562219619751,0.28163662552833557,0.0639255940914154,2.4948125
lca,3,p255_362_mic1,p255,data\VCTK\wav48_silence_trimmed\p255\p255_362_mic1.flac,p255,1,1,0.32697421312332153,0.32697421312332153,0.2591472268104553,0.06782698631286621,2.4948125
original,0,p255_366_mic1,p255,data\VCTK\wav48_silence_trimmed\p255\p255_366_mic1.flac,p255,1,1,0.7804908156394958,0.7804908156394958,0.3609546422958374,0.41953617334365845,3.6734375
base,1,p255_366_mic1,p255,data\VCTK\wav48_silence_trimmed\p255\p255_366_mic1.flac,p302,0,1,0.3501253128051758,0.20350563526153564,0.3501253128051758,-0.14661967754364014,3.6734375
base,2,p255_366_mic1,p255,data\VCTK\wav48_silence_trimmed\p255\p255_366_mic1.flac,p374,0,1,0.37569355964660645,0.336153507232666,0.37569355964660645,-0.03954005241394043,3.6734375
base,3,p255_366_mic1,p255,data\VCTK\wav48_silence_trimmed\p255\p255_366_mic1.flac,p255,1,1,0.45416057109832764,0.45416057109832764,0.3917730152606964,0.062387555837631226,3.6734375
lca,1,p255_366_mic1,p255,data\VCTK\wav48_silence_trimmed\p255\p255_366_mic1.flac,p364,0,1,0.3324524760246277,0.21078461408615112,0.3324524760246277,-0.12166786193847656,3.6734375
lca,2,p255_366_mic1,p255,data\VCTK\wav48_silence_trimmed\p255\p255_366_mic1.flac,p364,0,1,0.3624655604362488,0.3052564561367035,0.3624655604362488,-0.05720910429954529,3.6734375
lca,3,p255_366_mic1,p255,data\VCTK\wav48_silence_trimmed\p255\p255_366_mic1.flac,p255,1,1,0.35648036003112793,0.35648036003112793,0.34488368034362793,0.0115966796875,3.6734375
original,0,p256_046_mic1,p256,data\VCTK\wav48_silence_trimmed\p256\p256_046_mic1.flac,p256,1,1,0.7262260913848877,0.7262260913848877,0.35935091972351074,0.36687517166137695,2.9613125
base,1,p256_046_mic1,p256,data\VCTK\wav48_silence_trimmed\p256\p256_046_mic1.flac,p364,0,1,0.36090517044067383,0.15252767503261566,0.36090517044067383,-0.20837749540805817,2.9613125
base,2,p256_046_mic1,p256,data\VCTK\wav48_silence_trimmed\p256\p256_046_mic1.flac,p245,0,1,0.3722706139087677,0.24101804196834564,0.3722706139087677,-0.13125257194042206,2.9613125
base,3,p256_046_mic1,p256,data\VCTK\wav48_silence_trimmed\p256\p256_046_mic1.flac,p364,0,1,0.3353867530822754,0.31670647859573364,0.3353867530822754,-0.018680274486541748,2.9613125
lca,1,p256_046_mic1,p256,data\VCTK\wav48_silence_trimmed\p256\p256_046_mic1.flac,p364,0,1,0.36976826190948486,-0.03946996107697487,0.36976826190948486,-0.40923822298645973,2.9613125
lca,2,p256_046_mic1,p256,data\VCTK\wav48_silence_trimmed\p256\p256_046_mic1.flac,p347,0,1,0.3888879120349884,0.08700314164161682,0.3888879120349884,-0.3018847703933716,2.9613125
lca,3,p256_046_mic1,p256,data\VCTK\wav48_silence_trimmed\p256\p256_046_mic1.flac,p347,0,1,0.3798229396343231,0.23262029886245728,0.3798229396343231,-0.14720264077186584,2.9613125
original,0,p256_065_mic1,p256,data\VCTK\wav48_silence_trimmed\p256\p256_065_mic1.flac,p256,1,1,0.7634156942367554,0.7634156942367554,0.350877583026886,0.4125381112098694,3.5675625
base,1,p256_065_mic1,p256,data\VCTK\wav48_silence_trimmed\p256\p256_065_mic1.flac,p364,0,1,0.3083938658237457,-0.02086523175239563,0.3083938658237457,-0.32925909757614136,3.5675625
base,2,p256_065_mic1,p256,data\VCTK\wav48_silence_trimmed\p256\p256_065_mic1.flac,p364,0,1,0.441611111164093,0.11515142023563385,0.441611111164093,-0.32645969092845917,3.5675625
base,3,p256_065_mic1,p256,data\VCTK\wav48_silence_trimmed\p256\p256_065_mic1.flac,p364,0,1,0.39812782406806946,0.13970932364463806,0.39812782406806946,-0.2584185004234314,3.5675625
lca,1,p256_065_mic1,p256,data\VCTK\wav48_silence_trimmed\p256\p256_065_mic1.flac,p364,0,1,0.33196377754211426,-0.024592716246843338,0.33196377754211426,-0.3565564937889576,3.5675625
lca,2,p256_065_mic1,p256,data\VCTK\wav48_silence_trimmed\p256\p256_065_mic1.flac,p364,0,1,0.35796818137168884,0.03362883999943733,0.35796818137168884,-0.3243393413722515,3.5675625
lca,3,p256_065_mic1,p256,data\VCTK\wav48_silence_trimmed\p256\p256_065_mic1.flac,p364,0,1,0.3816401958465576,0.0897781252861023,0.3816401958465576,-0.2918620705604553,3.5675625
original,0,p256_213_mic2,p256,data\VCTK\wav48_silence_trimmed\p256\p256_213_mic2.flac,p256,1,1,0.7363038659095764,0.7363038659095764,0.3726111650466919,0.3636927008628845,3.8329375
base,1,p256_213_mic2,p256,data\VCTK\wav48_silence_trimmed\p256\p256_213_mic2.flac,p246,0,1,0.27723026275634766,0.1884923279285431,0.27723026275634766,-0.08873793482780457,3.8329375
base,2,p256_213_mic2,p256,data\VCTK\wav48_silence_trimmed\p256\p256_213_mic2.flac,p316,0,1,0.3592427670955658,0.30291393399238586,0.3592427670955658,-0.05632883310317993,3.8329375
base,3,p256_213_mic2,p256,data\VCTK\wav48_silence_trimmed\p256\p256_213_mic2.flac,p284,0,1,0.36458149552345276,0.3492429852485657,0.36458149552345276,-0.015338510274887085,3.8329375
lca,1,p256_213_mic2,p256,data\VCTK\wav48_silence_trimmed\p256\p256_213_mic2.flac,p364,0,1,0.32696419954299927,0.09726915508508682,0.32696419954299927,-0.22969504445791245,3.8329375
lca,2,p256_213_mic2,p256,data\VCTK\wav48_silence_trimmed\p256\p256_213_mic2.flac,p313,0,1,0.30627384781837463,0.18270164728164673,0.30627384781837463,-0.1235722005367279,3.8329375
lca,3,p256_213_mic2,p256,data\VCTK\wav48_silence_trimmed\p256\p256_213_mic2.flac,p256,1,1,0.29086560010910034,0.29086560010910034,0.27906644344329834,0.011799156665802002,3.8329375
original,0,p256_240_mic2,p256,data\VCTK\wav48_silence_trimmed\p256\p256_240_mic2.flac,p256,1,1,0.7990003824234009,0.7990003824234009,0.32259219884872437,0.4764081835746765,4.2386875
base,1,p256_240_mic2,p256,data\VCTK\wav48_silence_trimmed\p256\p256_240_mic2.flac,p364,0,1,0.31589096784591675,0.06378080695867538,0.31589096784591675,-0.25211016088724136,4.2386875
base,2,p256_240_mic2,p256,data\VCTK\wav48_silence_trimmed\p256\p256_240_mic2.flac,p284,0,1,0.2806966006755829,0.1752597689628601,0.2806966006755829,-0.10543683171272278,4.2386875
base,3,p256_240_mic2,p256,data\VCTK\wav48_silence_trimmed\p256\p256_240_mic2.flac,p284,0,1,0.33769690990448,0.21491104364395142,0.33769690990448,-0.12278586626052856,4.2386875
lca,1,p256_240_mic2,p256,data\VCTK\wav48_silence_trimmed\p256\p256_240_mic2.flac,p364,0,1,0.31357187032699585,-0.0032136105000972748,0.31357187032699585,-0.3167854808270931,4.2386875
lca,2,p256_240_mic2,p256,data\VCTK\wav48_silence_trimmed\p256\p256_240_mic2.flac,p347,0,1,0.4032362401485443,0.053238555788993835,0.4032362401485443,-0.3499976843595505,4.2386875
lca,3,p256_240_mic2,p256,data\VCTK\wav48_silence_trimmed\p256\p256_240_mic2.flac,p347,0,1,0.3973162770271301,0.14464284479618073,0.3973162770271301,-0.2526734322309494,4.2386875
original,0,p256_288_mic1,p256,data\VCTK\wav48_silence_trimmed\p256\p256_288_mic1.flac,p256,1,1,0.7236220836639404,0.7236220836639404,0.3219456076622009,0.4016764760017395,3.3978125
base,1,p256_288_mic1,p256,data\VCTK\wav48_silence_trimmed\p256\p256_288_mic1.flac,p298,0,1,0.27104875445365906,0.051297467201948166,0.27104875445365906,-0.2197512872517109,3.3978125
base,2,p256_288_mic1,p256,data\VCTK\wav48_silence_trimmed\p256\p256_288_mic1.flac,p347,0,1,0.305258572101593,0.0994330644607544,0.305258572101593,-0.20582550764083862,3.3978125
base,3,p256_288_mic1,p256,data\VCTK\wav48_silence_trimmed\p256\p256_288_mic1.flac,p347,0,1,0.3273206651210785,0.2332715392112732,0.3273206651210785,-0.0940491259098053,3.3978125
lca,1,p256_288_mic1,p256,data\VCTK\wav48_silence_trimmed\p256\p256_288_mic1.flac,p364,0,1,0.3807315528392792,0.04762079939246178,0.3807315528392792,-0.3331107534468174,3.3978125
lca,2,p256_288_mic1,p256,data\VCTK\wav48_silence_trimmed\p256\p256_288_mic1.flac,p347,0,1,0.36675727367401123,0.14983931183815002,0.36675727367401123,-0.2169179618358612,3.3978125
lca,3,p256_288_mic1,p256,data\VCTK\wav48_silence_trimmed\p256\p256_288_mic1.flac,p347,0,1,0.4423781931400299,0.18543779850006104,0.4423781931400299,-0.25694039463996887,3.3978125
original,0,p257_115_mic2,p257,data\VCTK\wav48_silence_trimmed\p257\p257_115_mic2.flac,p257,1,1,0.6998295187950134,0.6998295187950134,0.47869259119033813,0.2211369276046753,2.22075
base,1,p257_115_mic2,p257,data\VCTK\wav48_silence_trimmed\p257\p257_115_mic2.flac,p257,1,1,0.477104127407074,0.477104127407074,0.47224316000938416,0.004860967397689819,2.22075
base,2,p257_115_mic2,p257,data\VCTK\wav48_silence_trimmed\p257\p257_115_mic2.flac,p244,0,1,0.47330033779144287,0.46976393461227417,0.47330033779144287,-0.003536403179168701,2.22075
base,3,p257_115_mic2,p257,data\VCTK\wav48_silence_trimmed\p257\p257_115_mic2.flac,p244,0,1,0.45054149627685547,0.4382489025592804,0.45054149627685547,-0.012292593717575073,2.22075
lca,1,p257_115_mic2,p257,data\VCTK\wav48_silence_trimmed\p257\p257_115_mic2.flac,p280,0,1,0.43587440252304077,0.27153855562210083,0.43587440252304077,-0.16433584690093994,2.22075
lca,2,p257_115_mic2,p257,data\VCTK\wav48_silence_trimmed\p257\p257_115_mic2.flac,p244,0,1,0.43882060050964355,0.4170091152191162,0.43882060050964355,-0.021811485290527344,2.22075
lca,3,p257_115_mic2,p257,data\VCTK\wav48_silence_trimmed\p257\p257_115_mic2.flac,p257,1,1,0.46880438923835754,0.46880438923835754,0.43848586082458496,0.030318528413772583,2.22075
original,0,p257_200_mic2,p257,data\VCTK\wav48_silence_trimmed\p257\p257_200_mic2.flac,p257,1,1,0.6648327112197876,0.6648327112197876,0.500018298625946,0.16481441259384155,2.6065
base,1,p257_200_mic2,p257,data\VCTK\wav48_silence_trimmed\p257\p257_200_mic2.flac,p230,0,1,0.46317553520202637,0.38614052534103394,0.46317553520202637,-0.07703500986099243,2.6065
base,2,p257_200_mic2,p257,data\VCTK\wav48_silence_trimmed\p257\p257_200_mic2.flac,p257,1,1,0.4716556668281555,0.4716556668281555,0.4336257576942444,0.03802990913391113,2.6065
base,3,p257_200_mic2,p257,data\VCTK\wav48_silence_trimmed\p257\p257_200_mic2.flac,p257,1,1,0.5247071981430054,0.5247071981430054,0.4658448100090027,0.058862388134002686,2.6065
lca,1,p257_200_mic2,p257,data\VCTK\wav48_silence_trimmed\p257\p257_200_mic2.flac,p280,0,1,0.478463351726532,0.41985994577407837,0.478463351726532,-0.05860340595245361,2.6065
lca,2,p257_200_mic2,p257,data\VCTK\wav48_silence_trimmed\p257\p257_200_mic2.flac,p230,0,1,0.5318283438682556,0.4739096164703369,0.5318283438682556,-0.0579187273979187,2.6065
lca,3,p257_200_mic2,p257,data\VCTK\wav48_silence_trimmed\p257\p257_200_mic2.flac,p257,1,1,0.5527613162994385,0.5527613162994385,0.5325030088424683,0.020258307456970215,2.6065
original,0,p257_289_mic2,p257,data\VCTK\wav48_silence_trimmed\p257\p257_289_mic2.flac,p257,1,1,0.7627676725387573,0.7627676725387573,0.5386603474617004,0.22410732507705688,3.248
base,1,p257_289_mic2,p257,data\VCTK\wav48_silence_trimmed\p257\p257_289_mic2.flac,p262,0,1,0.4034307599067688,0.2766268849372864,0.4034307599067688,-0.12680387496948242,3.248
base,2,p257_289_mic2,p257,data\VCTK\wav48_silence_trimmed\p257\p257_289_mic2.flac,p257,1,1,0.4126777648925781,0.4126777648925781,0.40796756744384766,0.004710197448730469,3.248
base,3,p257_289_mic2,p257,data\VCTK\wav48_silence_trimmed\p257\p257_289_mic2.flac,p257,1,1,0.4991236925125122,0.4991236925125122,0.4093419313430786,0.0897817611694336,3.248
lca,1,p257_289_mic2,p257,data\VCTK\wav48_silence_trimmed\p257\p257_289_mic2.flac,p262,0,1,0.3812061548233032,0.21025118231773376,0.3812061548233032,-0.17095497250556946,3.248
lca,2,p257_289_mic2,p257,data\VCTK\wav48_silence_trimmed\p257\p257_289_mic2.flac,p262,0,1,0.5056265592575073,0.45776864886283875,0.5056265592575073,-0.04785791039466858,3.248
lca,3,p257_289_mic2,p257,data\VCTK\wav48_silence_trimmed\p257\p257_289_mic2.flac,p257,1,1,0.5090991258621216,0.5090991258621216,0.5009121894836426,0.008186936378479004,3.248
original,0,p257_299_mic1,p257,data\VCTK\wav48_silence_trimmed\p257\p257_299_mic1.flac,p257,1,1,0.7599037289619446,0.7599037289619446,0.4750213623046875,0.2848823666572571,3.4109375
base,1,p257_299_mic1,p257,data\VCTK\wav48_silence_trimmed\p257\p257_299_mic1.flac,p244,0,1,0.44963353872299194,0.31914377212524414,0.44963353872299194,-0.1304897665977478,3.4109375
base,2,p257_299_mic1,p257,data\VCTK\wav48_silence_trimmed\p257\p257_299_mic1.flac,p257,1,1,0.5024026036262512,0.5024026036262512,0.49075302481651306,0.01164957880973816,3.4109375
base,3,p257_299_mic1,p257,data\VCTK\wav48_silence_trimmed\p257\p257_299_mic1.flac,p257,1,1,0.563258171081543,0.563258171081543,0.49467116594314575,0.06858700513839722,3.4109375
lca,1,p257_299_mic1,p257,data\VCTK\wav48_silence_trimmed\p257\p257_299_mic1.flac,p250,0,1,0.35266220569610596,0.26030367612838745,0.35266220569610596,-0.0923585295677185,3.4109375
lca,2,p257_299_mic1,p257,data\VCTK\wav48_silence_trimmed\p257\p257_299_mic1.flac,p244,0,1,0.509361743927002,0.4380302429199219,0.509361743927002,-0.07133150100708008,3.4109375
lca,3,p257_299_mic1,p257,data\VCTK\wav48_silence_trimmed\p257\p257_299_mic1.flac,p280,0,1,0.49263638257980347,0.44087809324264526,0.49263638257980347,-0.0517582893371582,3.4109375
original,0,p257_310_mic1,p257,data\VCTK\wav48_silence_trimmed\p257\p257_310_mic1.flac,p257,1,1,0.6932572722434998,0.6932572722434998,0.483548104763031,0.20970916748046875,1.66675
base,1,p257_310_mic1,p257,data\VCTK\wav48_silence_trimmed\p257\p257_310_mic1.flac,p257,1,1,0.3596208393573761,0.3596208393573761,0.31738799810409546,0.04223284125328064,1.66675
base,2,p257_310_mic1,p257,data\VCTK\wav48_silence_trimmed\p257\p257_310_mic1.flac,p257,1,1,0.4985634386539459,0.4985634386539459,0.47468116879463196,0.023882269859313965,1.66675
base,3,p257_310_mic1,p257,data\VCTK\wav48_silence_trimmed\p257\p257_310_mic1.flac,p280,0,1,0.5494996309280396,0.5422173142433167,0.5494996309280396,-0.0072823166847229,1.66675
lca,1,p257_310_mic1,p257,data\VCTK\wav48_silence_trimmed\p257\p257_310_mic1.flac,p280,0,1,0.4898386299610138,0.2811766266822815,0.4898386299610138,-0.2086620032787323,1.66675
lca,2,p257_310_mic1,p257,data\VCTK\wav48_silence_trimmed\p257\p257_310_mic1.flac,p257,1,1,0.5688090324401855,0.5688090324401855,0.5278126001358032,0.040996432304382324,1.66675
lca,3,p257_310_mic1,p257,data\VCTK\wav48_silence_trimmed\p257\p257_310_mic1.flac,p257,1,1,0.5151427388191223,0.5151427388191223,0.4651300609111786,0.050012677907943726,1.66675
original,0,p258_037_mic2,p258,data\VCTK\wav48_silence_trimmed\p258\p258_037_mic2.flac,p258,1,1,0.650091290473938,0.650091290473938,0.3900504410266876,0.26004084944725037,2.372625
base,1,p258_037_mic2,p258,data\VCTK\wav48_silence_trimmed\p258\p258_037_mic2.flac,p247,0,0,0.17591504752635956,0.15195845067501068,0.17591504752635956,-0.023956596851348877,2.372625
base,2,p258_037_mic2,p258,data\VCTK\wav48_silence_trimmed\p258\p258_037_mic2.flac,p243,0,0,0.22978249192237854,0.16522708535194397,0.22978249192237854,-0.06455540657043457,2.372625
base,3,p258_037_mic2,p258,data\VCTK\wav48_silence_trimmed\p258\p258_037_mic2.flac,p347,0,1,0.38975536823272705,0.2554139792919159,0.38975536823272705,-0.13434138894081116,2.372625
lca,1,p258_037_mic2,p258,data\VCTK\wav48_silence_trimmed\p258\p258_037_mic2.flac,p347,0,1,0.304920494556427,0.2241744101047516,0.304920494556427,-0.08074608445167542,2.372625
lca,2,p258_037_mic2,p258,data\VCTK\wav48_silence_trimmed\p258\p258_037_mic2.flac,p347,0,1,0.3849164843559265,0.22316136956214905,0.3849164843559265,-0.16175511479377747,2.372625
lca,3,p258_037_mic2,p258,data\VCTK\wav48_silence_trimmed\p258\p258_037_mic2.flac,p347,0,1,0.49974048137664795,0.21077145636081696,0.49974048137664795,-0.288969025015831,2.372625
original,0,p258_049_mic2,p258,data\VCTK\wav48_silence_trimmed\p258\p258_049_mic2.flac,p258,1,1,0.6855541467666626,0.6855541467666626,0.45489299297332764,0.23066115379333496,3.036
base,1,p258_049_mic2,p258,data\VCTK\wav48_silence_trimmed\p258\p258_049_mic2.flac,p226,0,1,0.2945180833339691,0.1975133717060089,0.2945180833339691,-0.0970047116279602,3.036
base,2,p258_049_mic2,p258,data\VCTK\wav48_silence_trimmed\p258\p258_049_mic2.flac,p226,0,1,0.34836849570274353,0.3045688271522522,0.34836849570274353,-0.04379966855049133,3.036
base,3,p258_049_mic2,p258,data\VCTK\wav48_silence_trimmed\p258\p258_049_mic2.flac,p226,0,1,0.39940154552459717,0.2950960695743561,0.39940154552459717,-0.10430547595024109,3.036
lca,1,p258_049_mic2,p258,data\VCTK\wav48_silence_trimmed\p258\p258_049_mic2.flac,p364,0,1,0.3365165591239929,0.24957206845283508,0.3365165591239929,-0.08694449067115784,3.036
lca,2,p258_049_mic2,p258,data\VCTK\wav48_silence_trimmed\p258\p258_049_mic2.flac,p252,0,1,0.3428790867328644,0.27635622024536133,0.3428790867328644,-0.06652286648750305,3.036
lca,3,p258_049_mic2,p258,data\VCTK\wav48_silence_trimmed\p258\p258_049_mic2.flac,p252,0,1,0.3427172899246216,0.2741791009902954,0.3427172899246216,-0.06853818893432617,3.036
original,0,p258_105_mic1,p258,data\VCTK\wav48_silence_trimmed\p258\p258_105_mic1.flac,p258,1,1,0.784187376499176,0.784187376499176,0.4260663390159607,0.35812103748321533,2.9055625
base,1,p258_105_mic1,p258,data\VCTK\wav48_silence_trimmed\p258\p258_105_mic1.flac,p258,1,1,0.2754862308502197,0.2754862308502197,0.2593178153038025,0.016168415546417236,2.9055625
base,2,p258_105_mic1,p258,data\VCTK\wav48_silence_trimmed\p258\p258_105_mic1.flac,p347,0,1,0.43668705224990845,0.354778915643692,0.43668705224990845,-0.08190813660621643,2.9055625
base,3,p258_105_mic1,p258,data\VCTK\wav48_silence_trimmed\p258\p258_105_mic1.flac,p258,1,1,0.4111669659614563,0.4111669659614563,0.35488975048065186,0.05627721548080444,2.9055625
lca,1,p258_105_mic1,p258,data\VCTK\wav48_silence_trimmed\p258\p258_105_mic1.flac,p364,0,1,0.3097100257873535,0.1971588432788849,0.3097100257873535,-0.11255118250846863,2.9055625
lca,2,p258_105_mic1,p258,data\VCTK\wav48_silence_trimmed\p258\p258_105_mic1.flac,p347,0,1,0.3852948546409607,0.2715776860713959,0.3852948546409607,-0.11371716856956482,2.9055625
lca,3,p258_105_mic1,p258,data\VCTK\wav48_silence_trimmed\p258\p258_105_mic1.flac,p347,0,1,0.4364580512046814,0.2464800626039505,0.4364580512046814,-0.1899779886007309,2.9055625
original,0,p258_247_mic2,p258,data\VCTK\wav48_silence_trimmed\p258\p258_247_mic2.flac,p258,1,1,0.8569521903991699,0.8569521903991699,0.4286864101886749,0.428265780210495,3.3305625
base,1,p258_247_mic2,p258,data\VCTK\wav48_silence_trimmed\p258\p258_247_mic2.flac,p252,0,1,0.34918248653411865,0.30016762018203735,0.34918248653411865,-0.0490148663520813,3.3305625
base,2,p258_247_mic2,p258,data\VCTK\wav48_silence_trimmed\p258\p258_247_mic2.flac,p258,1,1,0.5012571811676025,0.5012571811676025,0.3555256128311157,0.14573156833648682,3.3305625
base,3,p258_247_mic2,p258,data\VCTK\wav48_silence_trimmed\p258\p258_247_mic2.flac,p258,1,1,0.4970649480819702,0.4970649480819702,0.3699553608894348,0.1271095871925354,3.3305625
lca,1,p258_247_mic2,p258,data\VCTK\wav48_silence_trimmed\p258\p258_247_mic2.flac,p252,0,1,0.4021567702293396,0.30040472745895386,0.4021567702293396,-0.10175204277038574,3.3305625
lca,2,p258_247_mic2,p258,data\VCTK\wav48_silence_trimmed\p258\p258_247_mic2.flac,p347,0,1,0.42080560326576233,0.3238948583602905,0.42080560326576233,-0.0969107449054718,3.3305625
lca,3,p258_247_mic2,p258,data\VCTK\wav48_silence_trimmed\p258\p258_247_mic2.flac,p347,0,1,0.4504852890968323,0.30272409319877625,0.4504852890968323,-0.14776119589805603,3.3305625
original,0,p258_289_mic2,p258,data\VCTK\wav48_silence_trimmed\p258\p258_289_mic2.flac,p258,1,1,0.7689996361732483,0.7689996361732483,0.4193114638328552,0.34968817234039307,3.0208125
base,1,p258_289_mic2,p258,data\VCTK\wav48_silence_trimmed\p258\p258_289_mic2.flac,p270,0,1,0.3539043366909027,0.2648199498653412,0.3539043366909027,-0.08908438682556152,3.0208125
base,2,p258_289_mic2,p258,data\VCTK\wav48_silence_trimmed\p258\p258_289_mic2.flac,p258,1,1,0.36585113406181335,0.36585113406181335,0.3560655117034912,0.009785622358322144,3.0208125
base,3,p258_289_mic2,p258,data\VCTK\wav48_silence_trimmed\p258\p258_289_mic2.flac,p258,1,1,0.5043006539344788,0.5043006539344788,0.39410823583602905,0.11019241809844971,3.0208125
lca,1,p258_289_mic2,p258,data\VCTK\wav48_silence_trimmed\p258\p258_289_mic2.flac,p364,0,1,0.3873996138572693,0.2202368825674057,0.3873996138572693,-0.1671627312898636,3.0208125
lca,2,p258_289_mic2,p258,data\VCTK\wav48_silence_trimmed\p258\p258_289_mic2.flac,p364,0,1,0.3794535994529724,0.26347604393959045,0.3794535994529724,-0.11597755551338196,3.0208125
lca,3,p258_289_mic2,p258,data\VCTK\wav48_silence_trimmed\p258\p258_289_mic2.flac,p252,0,1,0.3843107521533966,0.3372180461883545,0.3843107521533966,-0.047092705965042114,3.0208125
original,0,p259_009_mic2,p259,data\VCTK\wav48_silence_trimmed\p259\p259_009_mic2.flac,p259,1,1,0.7887808084487915,0.7887808084487915,0.3811236619949341,0.4076571464538574,6.0700625
base,1,p259_009_mic2,p259,data\VCTK\wav48_silence_trimmed\p259\p259_009_mic2.flac,p302,0,1,0.34390559792518616,0.25689542293548584,0.34390559792518616,-0.08701017498970032,6.0700625
base,2,p259_009_mic2,p259,data\VCTK\wav48_silence_trimmed\p259\p259_009_mic2.flac,p258,0,1,0.39419588446617126,0.3491535782814026,0.39419588446617126,-0.04504230618476868,6.0700625
base,3,p259_009_mic2,p259,data\VCTK\wav48_silence_trimmed\p259\p259_009_mic2.flac,p259,1,1,0.4241032004356384,0.4241032004356384,0.3815520405769348,0.04255115985870361,6.0700625
lca,1,p259_009_mic2,p259,data\VCTK\wav48_silence_trimmed\p259\p259_009_mic2.flac,p313,0,1,0.30675703287124634,0.2525518536567688,0.30675703287124634,-0.05420517921447754,6.0700625
lca,2,p259_009_mic2,p259,data\VCTK\wav48_silence_trimmed\p259\p259_009_mic2.flac,p347,0,1,0.37856483459472656,0.3782111704349518,0.37856483459472656,-0.0003536641597747803,6.0700625
lca,3,p259_009_mic2,p259,data\VCTK\wav48_silence_trimmed\p259\p259_009_mic2.flac,p347,0,1,0.4125272035598755,0.4014500677585602,0.4125272035598755,-0.011077135801315308,6.0700625
original,0,p259_135_mic2,p259,data\VCTK\wav48_silence_trimmed\p259\p259_135_mic2.flac,p259,1,1,0.7625418901443481,0.7625418901443481,0.4437910318374634,0.31875085830688477,3.250125
base,1,p259_135_mic2,p259,data\VCTK\wav48_silence_trimmed\p259\p259_135_mic2.flac,p364,0,1,0.3518542945384979,0.22087278962135315,0.3518542945384979,-0.13098150491714478,3.250125
base,2,p259_135_mic2,p259,data\VCTK\wav48_silence_trimmed\p259\p259_135_mic2.flac,p364,0,1,0.38034480810165405,0.37533655762672424,0.38034480810165405,-0.00500825047492981,3.250125
base,3,p259_135_mic2,p259,data\VCTK\wav48_silence_trimmed\p259\p259_135_mic2.flac,p259,1,1,0.4301047623157501,0.4301047623157501,0.39950230717658997,0.030602455139160156,3.250125
lca,1,p259_135_mic2,p259,data\VCTK\wav48_silence_trimmed\p259\p259_135_mic2.flac,p364,0,1,0.3729150593280792,0.2504822611808777,0.3729150593280792,-0.12243279814720154,3.250125
lca,2,p259_135_mic2,p259,data\VCTK\wav48_silence_trimmed\p259\p259_135_mic2.flac,p259,1,1,0.36466678977012634,0.36466678977012634,0.36340513825416565,0.0012616515159606934,3.250125
lca,3,p259_135_mic2,p259,data\VCTK\wav48_silence_trimmed\p259\p259_135_mic2.flac,p259,1,1,0.433688223361969,0.433688223361969,0.3730759918689728,0.060612231492996216,3.250125
original,0,p259_300_mic2,p259,data\VCTK\wav48_silence_trimmed\p259\p259_300_mic2.flac,p259,1,1,0.7850624918937683,0.7850624918937683,0.4807142913341522,0.3043482005596161,2.8895
base,1,p259_300_mic2,p259,data\VCTK\wav48_silence_trimmed\p259\p259_300_mic2.flac,p313,0,1,0.3372128903865814,0.220496267080307,0.3372128903865814,-0.11671662330627441,2.8895
base,2,p259_300_mic2,p259,data\VCTK\wav48_silence_trimmed\p259\p259_300_mic2.flac,p374,0,1,0.3745291233062744,0.3139273524284363,0.3745291233062744,-0.060601770877838135,2.8895
base,3,p259_300_mic2,p259,data\VCTK\wav48_silence_trimmed\p259\p259_300_mic2.flac,p259,1,1,0.3671698272228241,0.3671698272228241,0.35915854573249817,0.008011281490325928,2.8895
lca,1,p259_300_mic2,p259,data\VCTK\wav48_silence_trimmed\p259\p259_300_mic2.flac,p364,0,1,0.38983848690986633,0.22263163328170776,0.38983848690986633,-0.16720685362815857,2.8895
lca,2,p259_300_mic2,p259,data\VCTK\wav48_silence_trimmed\p259\p259_300_mic2.flac,p364,0,1,0.3675093650817871,0.2457452118396759,0.3675093650817871,-0.1217641532421112,2.8895
lca,3,p259_300_mic2,p259,data\VCTK\wav48_silence_trimmed\p259\p259_300_mic2.flac,p364,0,1,0.39588022232055664,0.3375253677368164,0.39588022232055664,-0.058354854583740234,2.8895
original,0,p259_346_mic1,p259,data\VCTK\wav48_silence_trimmed\p259\p259_346_mic1.flac,p259,1,1,0.7858946323394775,0.7858946323394775,0.47686344385147095,0.3090311884880066,2.776375
base,1,p259_346_mic1,p259,data\VCTK\wav48_silence_trimmed\p259\p259_346_mic1.flac,p259,1,1,0.3068780303001404,0.3068780303001404,0.29835331439971924,0.008524715900421143,2.776375
base,2,p259_346_mic1,p259,data\VCTK\wav48_silence_trimmed\p259\p259_346_mic1.flac,p259,1,1,0.4632359743118286,0.4632359743118286,0.3946177363395691,0.06861823797225952,2.776375
base,3,p259_346_mic1,p259,data\VCTK\wav48_silence_trimmed\p259\p259_346_mic1.flac,p259,1,1,0.5472798347473145,0.5472798347473145,0.40567225217819214,0.14160758256912231,2.776375
lca,1,p259_346_mic1,p259,data\VCTK\wav48_silence_trimmed\p259\p259_346_mic1.flac,p259,1,1,0.3533768057823181,0.3533768057823181,0.2950246334075928,0.05835217237472534,2.776375
lca,2,p259_346_mic1,p259,data\VCTK\wav48_silence_trimmed\p259\p259_346_mic1.flac,p259,1,1,0.5043212175369263,0.5043212175369263,0.4149336814880371,0.08938753604888916,2.776375
lca,3,p259_346_mic1,p259,data\VCTK\wav48_silence_trimmed\p259\p259_346_mic1.flac,p259,1,1,0.5221472978591919,0.5221472978591919,0.4114622473716736,0.11068505048751831,2.776375
original,0,p259_437_mic1,p259,data\VCTK\wav48_silence_trimmed\p259\p259_437_mic1.flac,p259,1,1,0.792705774307251,0.792705774307251,0.41151291131973267,0.3811928629875183,4.5609375
base,1,p259_437_mic1,p259,data\VCTK\wav48_silence_trimmed\p259\p259_437_mic1.flac,p226,0,1,0.29556357860565186,0.23778417706489563,0.29556357860565186,-0.057779401540756226,4.5609375
base,2,p259_437_mic1,p259,data\VCTK\wav48_silence_trimmed\p259\p259_437_mic1.flac,p259,1,1,0.39116370677948,0.39116370677948,0.346380352973938,0.04478335380554199,4.5609375
base,3,p259_437_mic1,p259,data\VCTK\wav48_silence_trimmed\p259\p259_437_mic1.flac,p259,1,1,0.4177541732788086,0.4177541732788086,0.3645811378955841,0.05317303538322449,4.5609375
lca,1,p259_437_mic1,p259,data\VCTK\wav48_silence_trimmed\p259\p259_437_mic1.flac,p347,0,1,0.3415808081626892,0.2450573891401291,0.3415808081626892,-0.09652341902256012,4.5609375
lca,2,p259_437_mic1,p259,data\VCTK\wav48_silence_trimmed\p259\p259_437_mic1.flac,p259,1,1,0.45758941769599915,0.45758941769599915,0.38467997312545776,0.07290944457054138,4.5609375
lca,3,p259_437_mic1,p259,data\VCTK\wav48_silence_trimmed\p259\p259_437_mic1.flac,p259,1,1,0.4978623390197754,0.4978623390197754,0.42750829458236694,0.07035404443740845,4.5609375
original,0,p260_011_mic1,p260,data\VCTK\wav48_silence_trimmed\p260\p260_011_mic1.flac,p260,1,1,0.6840014457702637,0.6840014457702637,0.3178105354309082,0.36619091033935547,5.896375
base,1,p260_011_mic1,p260,data\VCTK\wav48_silence_trimmed\p260\p260_011_mic1.flac,p364,0,0,0.23031958937644958,-0.06201070174574852,0.23031958937644958,-0.2923302911221981,5.896375
base,2,p260_011_mic1,p260,data\VCTK\wav48_silence_trimmed\p260\p260_011_mic1.flac,p258,0,1,0.2812894582748413,0.25184184312820435,0.2812894582748413,-0.029447615146636963,5.896375
base,3,p260_011_mic1,p260,data\VCTK\wav48_silence_trimmed\p260\p260_011_mic1.flac,p260,1,1,0.33586716651916504,0.33586716651916504,0.30747175216674805,0.028395414352416992,5.896375
lca,1,p260_011_mic1,p260,data\VCTK\wav48_silence_trimmed\p260\p260_011_mic1.flac,p364,0,1,0.3436550796031952,0.019744038581848145,0.3436550796031952,-0.32391104102134705,5.896375
lca,2,p260_011_mic1,p260,data\VCTK\wav48_silence_trimmed\p260\p260_011_mic1.flac,p347,0,1,0.34117645025253296,0.10464423894882202,0.34117645025253296,-0.23653221130371094,5.896375
lca,3,p260_011_mic1,p260,data\VCTK\wav48_silence_trimmed\p260\p260_011_mic1.flac,p347,0,1,0.36507484316825867,0.19287167489528656,0.36507484316825867,-0.1722031682729721,5.896375
original,0,p260_025_mic2,p260,data\VCTK\wav48_silence_trimmed\p260\p260_025_mic2.flac,p260,1,1,0.6305825114250183,0.6305825114250183,0.3490019142627716,0.2815805971622467,4.32075
base,1,p260_025_mic2,p260,data\VCTK\wav48_silence_trimmed\p260\p260_025_mic2.flac,p244,0,1,0.26739996671676636,-0.0025060344487428665,0.26739996671676636,-0.2699060011655092,4.32075
base,2,p260_025_mic2,p260,data\VCTK\wav48_silence_trimmed\p260\p260_025_mic2.flac,p364,0,1,0.3606357276439667,0.25080975890159607,0.3606357276439667,-0.1098259687423706,4.32075
base,3,p260_025_mic2,p260,data\VCTK\wav48_silence_trimmed\p260\p260_025_mic2.flac,p364,0,1,0.36937034130096436,0.33449554443359375,0.36937034130096436,-0.034874796867370605,4.32075
lca,1,p260_025_mic2,p260,data\VCTK\wav48_silence_trimmed\p260\p260_025_mic2.flac,p364,0,1,0.3644900918006897,0.07553920149803162,0.3644900918006897,-0.2889508903026581,4.32075
lca,2,p260_025_mic2,p260,data\VCTK\wav48_silence_trimmed\p260\p260_025_mic2.flac,p347,0,1,0.3947768807411194,0.15437769889831543,0.3947768807411194,-0.24039918184280396,4.32075
lca,3,p260_025_mic2,p260,data\VCTK\wav48_silence_trimmed\p260\p260_025_mic2.flac,p347,0,1,0.4306652545928955,0.2146025002002716,0.4306652545928955,-0.2160627543926239,4.32075
original,0,p260_037_mic1,p260,data\VCTK\wav48_silence_trimmed\p260\p260_037_mic1.flac,p279,0,1,0.34134769439697266,0.3366837501525879,0.34134769439697266,-0.004663944244384766,2.3116875
base,1,p260_037_mic1,p260,data\VCTK\wav48_silence_trimmed\p260\p260_037_mic1.flac,p302,0,0,0.18944714963436127,0.11725766956806183,0.18944714963436127,-0.07218948006629944,2.3116875
base,2,p260_037_mic1,p260,data\VCTK\wav48_silence_trimmed\p260\p260_037_mic1.flac,p281,0,1,0.3516973853111267,0.21262730658054352,0.3516973853111267,-0.1390700787305832,2.3116875
base,3,p260_037_mic1,p260,data\VCTK\wav48_silence_trimmed\p260\p260_037_mic1.flac,p260,1,1,0.32896557450294495,0.32896557450294495,0.3185957670211792,0.010369807481765747,2.3116875
lca,1,p260_037_mic1,p260,data\VCTK\wav48_silence_trimmed\p260\p260_037_mic1.flac,p302,0,1,0.3018648028373718,0.10627119243144989,0.3018648028373718,-0.19559361040592194,2.3116875
lca,2,p260_037_mic1,p260,data\VCTK\wav48_silence_trimmed\p260\p260_037_mic1.flac,p364,0,1,0.34177660942077637,0.2102508246898651,0.34177660942077637,-0.13152578473091125,2.3116875
lca,3,p260_037_mic1,p260,data\VCTK\wav48_silence_trimmed\p260\p260_037_mic1.flac,p364,0,1,0.36086976528167725,0.15480634570121765,0.36086976528167725,-0.2060634195804596,2.3116875
original,0,p260_061_mic2,p260,data\VCTK\wav48_silence_trimmed\p260\p260_061_mic2.flac,p260,1,1,0.6923726201057434,0.6923726201057434,0.380520761013031,0.3118518590927124,4.5544375
base,1,p260_061_mic2,p260,data\VCTK\wav48_silence_trimmed\p260\p260_061_mic2.flac,p364,0,1,0.32113808393478394,0.02717040479183197,0.32113808393478394,-0.29396767914295197,4.5544375
base,2,p260_061_mic2,p260,data\VCTK\wav48_silence_trimmed\p260\p260_061_mic2.flac,p260,1,1,0.3161122500896454,0.3161122500896454,0.3156350553035736,0.00047719478607177734,4.5544375
base,3,p260_061_mic2,p260,data\VCTK\wav48_silence_trimmed\p260\p260_061_mic2.flac,p260,1,1,0.4246576428413391,0.4246576428413391,0.32392236590385437,0.10073527693748474,4.5544375
lca,1,p260_061_mic2,p260,data\VCTK\wav48_silence_trimmed\p260\p260_061_mic2.flac,p364,0,1,0.3805488646030426,0.015367716550827026,0.3805488646030426,-0.3651811480522156,4.5544375
lca,2,p260_061_mic2,p260,data\VCTK\wav48_silence_trimmed\p260\p260_061_mic2.flac,p364,0,1,0.39007568359375,0.09619706869125366,0.39007568359375,-0.29387861490249634,4.5544375
lca,3,p260_061_mic2,p260,data\VCTK\wav48_silence_trimmed\p260\p260_061_mic2.flac,p347,0,1,0.3934846818447113,0.1558089703321457,0.3934846818447113,-0.2376757115125656,4.5544375
original,0,p260_337_mic2,p260,data\VCTK\wav48_silence_trimmed\p260\p260_337_mic2.flac,p260,1,1,0.6812127828598022,0.6812127828598022,0.3744346797466278,0.30677810311317444,5.038875
base,1,p260_337_mic2,p260,data\VCTK\wav48_silence_trimmed\p260\p260_337_mic2.flac,p364,0,1,0.379033625125885,0.039429888129234314,0.379033625125885,-0.3396037369966507,5.038875
base,2,p260_337_mic2,p260,data\VCTK\wav48_silence_trimmed\p260\p260_337_mic2.flac,p260,1,1,0.37786248326301575,0.37786248326301575,0.31713438034057617,0.060728102922439575,5.038875
base,3,p260_337_mic2,p260,data\VCTK\wav48_silence_trimmed\p260\p260_337_mic2.flac,p260,1,1,0.48115968704223633,0.48115968704223633,0.3319072127342224,0.14925247430801392,5.038875
lca,1,p260_337_mic2,p260,data\VCTK\wav48_silence_trimmed\p260\p260_337_mic2.flac,p364,0,1,0.3747861981391907,0.03731711208820343,0.3747861981391907,-0.33746908605098724,5.038875
lca,2,p260_337_mic2,p260,data\VCTK\wav48_silence_trimmed\p260\p260_337_mic2.flac,p364,0,1,0.3778742551803589,0.14911240339279175,0.3778742551803589,-0.22876185178756714,5.038875
lca,3,p260_337_mic2,p260,data\VCTK\wav48_silence_trimmed\p260\p260_337_mic2.flac,p347,0,1,0.40769439935684204,0.2293511927127838,0.40769439935684204,-0.17834320664405823,5.038875
original,0,p261_111_mic2,p261,data\VCTK\wav48_silence_trimmed\p261\p261_111_mic2.flac,p261,1,1,0.7419248819351196,0.7419248819351196,0.4446023106575012,0.2973225712776184,3.4570625
base,1,p261_111_mic2,p261,data\VCTK\wav48_silence_trimmed\p261\p261_111_mic2.flac,p244,0,1,0.3743847608566284,0.28839412331581116,0.3743847608566284,-0.08599063754081726,3.4570625
base,2,p261_111_mic2,p261,data\VCTK\wav48_silence_trimmed\p261\p261_111_mic2.flac,p244,0,1,0.38301125168800354,0.32918936014175415,0.38301125168800354,-0.05382189154624939,3.4570625
base,3,p261_111_mic2,p261,data\VCTK\wav48_silence_trimmed\p261\p261_111_mic2.flac,p261,1,1,0.4058157205581665,0.4058157205581665,0.3962843418121338,0.009531378746032715,3.4570625
lca,1,p261_111_mic2,p261,data\VCTK\wav48_silence_trimmed\p261\p261_111_mic2.flac,p250,0,1,0.4262685179710388,0.20678330957889557,0.4262685179710388,-0.21948520839214325,3.4570625
lca,2,p261_111_mic2,p261,data\VCTK\wav48_silence_trimmed\p261\p261_111_mic2.flac,p250,0,1,0.47122615575790405,0.2790905833244324,0.47122615575790405,-0.19213557243347168,3.4570625
lca,3,p261_111_mic2,p261,data\VCTK\wav48_silence_trimmed\p261\p261_111_mic2.flac,p238,0,1,0.4833623170852661,0.35616475343704224,0.4833623170852661,-0.12719756364822388,3.4570625
original,0,p261_135_mic1,p261,data\VCTK\wav48_silence_trimmed\p261\p261_135_mic1.flac,p261,1,1,0.7132304310798645,0.7132304310798645,0.45598670840263367,0.25724372267723083,3.630375
base,1,p261_135_mic1,p261,data\VCTK\wav48_silence_trimmed\p261\p261_135_mic1.flac,p249,0,1,0.37528669834136963,0.2553557753562927,0.37528669834136963,-0.1199309229850769,3.630375
base,2,p261_135_mic1,p261,data\VCTK\wav48_silence_trimmed\p261\p261_135_mic1.flac,p280,0,1,0.49675700068473816,0.35710543394088745,0.49675700068473816,-0.1396515667438507,3.630375
base,3,p261_135_mic1,p261,data\VCTK\wav48_silence_trimmed\p261\p261_135_mic1.flac,p280,0,1,0.4793976843357086,0.3710988163948059,0.4793976843357086,-0.10829886794090271,3.630375
lca,1,p261_135_mic1,p261,data\VCTK\wav48_silence_trimmed\p261\p261_135_mic1.flac,p280,0,1,0.37247946858406067,0.1817634403705597,0.37247946858406067,-0.19071602821350098,3.630375
lca,2,p261_135_mic1,p261,data\VCTK\wav48_silence_trimmed\p261\p261_135_mic1.flac,p280,0,1,0.4392920732498169,0.23809324204921722,0.4392920732498169,-0.20119883120059967,3.630375
lca,3,p261_135_mic1,p261,data\VCTK\wav48_silence_trimmed\p261\p261_135_mic1.flac,p280,0,1,0.4393453896045685,0.21969252824783325,0.4393453896045685,-0.21965286135673523,3.630375
original,0,p261_151_mic2,p261,data\VCTK\wav48_silence_trimmed\p261\p261_151_mic2.flac,p261,1,1,0.7039214372634888,0.7039214372634888,0.47798997163772583,0.22593146562576294,2.7775
base,1,p261_151_mic2,p261,data\VCTK\wav48_silence_trimmed\p261\p261_151_mic2.flac,p238,0,1,0.35817965865135193,0.2642114460468292,0.35817965865135193,-0.0939682126045227,2.7775
base,2,p261_151_mic2,p261,data\VCTK\wav48_silence_trimmed\p261\p261_151_mic2.flac,p238,0,1,0.4285786747932434,0.334873229265213,0.4285786747932434,-0.0937054455280304,2.7775
base,3,p261_151_mic2,p261,data\VCTK\wav48_silence_trimmed\p261\p261_151_mic2.flac,p238,0,1,0.43559062480926514,0.40513336658477783,0.43559062480926514,-0.030457258224487305,2.7775
lca,1,p261_151_mic2,p261,data\VCTK\wav48_silence_trimmed\p261\p261_151_mic2.flac,p250,0,1,0.409233033657074,0.2882820963859558,0.409233033657074,-0.12095093727111816,2.7775
lca,2,p261_151_mic2,p261,data\VCTK\wav48_silence_trimmed\p261\p261_151_mic2.flac,p313,0,1,0.4577817916870117,0.29723069071769714,0.4577817916870117,-0.16055110096931458,2.7775
lca,3,p261_151_mic2,p261,data\VCTK\wav48_silence_trimmed\p261\p261_151_mic2.flac,p313,0,1,0.44288763403892517,0.3947490453720093,0.44288763403892517,-0.048138588666915894,2.7775
original,0,p261_225_mic1,p261,data\VCTK\wav48_silence_trimmed\p261\p261_225_mic1.flac,p261,1,1,0.7594312429428101,0.7594312429428101,0.4197380542755127,0.33969318866729736,2.691625
base,1,p261_225_mic1,p261,data\VCTK\wav48_silence_trimmed\p261\p261_225_mic1.flac,p244,0,1,0.4131931960582733,0.23796547949314117,0.4131931960582733,-0.17522771656513214,2.691625
base,2,p261_225_mic1,p261,data\VCTK\wav48_silence_trimmed\p261\p261_225_mic1.flac,p262,0,1,0.43904322385787964,0.27849850058555603,0.43904322385787964,-0.1605447232723236,2.691625
base,3,p261_225_mic1,p261,data\VCTK\wav48_silence_trimmed\p261\p261_225_mic1.flac,p314,0,1,0.4328387379646301,0.29619836807250977,0.4328387379646301,-0.13664036989212036,2.691625
lca,1,p261_225_mic1,p261,data\VCTK\wav48_silence_trimmed\p261\p261_225_mic1.flac,p313,0,1,0.3562105894088745,0.1988043338060379,0.3562105894088745,-0.1574062556028366,2.691625
lca,2,p261_225_mic1,p261,data\VCTK\wav48_silence_trimmed\p261\p261_225_mic1.flac,p280,0,1,0.3978725075721741,0.18936091661453247,0.3978725075721741,-0.2085115909576416,2.691625
lca,3,p261_225_mic1,p261,data\VCTK\wav48_silence_trimmed\p261\p261_225_mic1.flac,p313,0,1,0.41907110810279846,0.2444344162940979,0.41907110810279846,-0.17463669180870056,2.691625
original,0,p261_372_mic2,p261,data\VCTK\wav48_silence_trimmed\p261\p261_372_mic2.flac,p261,1,1,0.6756833791732788,0.6756833791732788,0.43042922019958496,0.24525415897369385,2.7645625
base,1,p261_372_mic2,p261,data\VCTK\wav48_silence_trimmed\p261\p261_372_mic2.flac,p339,0,1,0.3573096990585327,0.2941310405731201,0.3573096990585327,-0.0631786584854126,2.7645625
base,2,p261_372_mic2,p261,data\VCTK\wav48_silence_trimmed\p261\p261_372_mic2.flac,p339,0,1,0.35347315669059753,0.32619231939315796,0.35347315669059753,-0.027280837297439575,2.7645625
base,3,p261_372_mic2,p261,data\VCTK\wav48_silence_trimmed\p261\p261_372_mic2.flac,p261,1,1,0.43133750557899475,0.43133750557899475,0.40724706649780273,0.024090439081192017,2.7645625
lca,1,p261_372_mic2,p261,data\VCTK\wav48_silence_trimmed\p261\p261_372_mic2.flac,p313,0,1,0.42095431685447693,0.23507042229175568,0.42095431685447693,-0.18588389456272125,2.7645625
lca,2,p261_372_mic2,p261,data\VCTK\wav48_silence_trimmed\p261\p261_372_mic2.flac,p250,0,1,0.480404257774353,0.30539608001708984,0.480404257774353,-0.17500817775726318,2.7645625
lca,3,p261_372_mic2,p261,data\VCTK\wav48_silence_trimmed\p261\p261_372_mic2.flac,p250,0,1,0.4786803126335144,0.4236372411251068,0.4786803126335144,-0.05504307150840759,2.7645625
original,0,p262_132_mic2,p262,data\VCTK\wav48_silence_trimmed\p262\p262_132_mic2.flac,p262,1,1,0.4867093563079834,0.4867093563079834,0.33366382122039795,0.15304553508758545,2.1335625
base,1,p262_132_mic2,p262,data\VCTK\wav48_silence_trimmed\p262\p262_132_mic2.flac,p273,0,1,0.30886536836624146,0.2080458253622055,0.30886536836624146,-0.10081954300403595,2.1335625
base,2,p262_132_mic2,p262,data\VCTK\wav48_silence_trimmed\p262\p262_132_mic2.flac,p294,0,1,0.46815043687820435,0.3401849865913391,0.46815043687820435,-0.12796545028686523,2.1335625
base,3,p262_132_mic2,p262,data\VCTK\wav48_silence_trimmed\p262\p262_132_mic2.flac,p294,0,1,0.5490015745162964,0.3835940957069397,0.5490015745162964,-0.1654074788093567,2.1335625
lca,1,p262_132_mic2,p262,data\VCTK\wav48_silence_trimmed\p262\p262_132_mic2.flac,p225,0,1,0.30417340993881226,0.287203311920166,0.30417340993881226,-0.01697009801864624,2.1335625
lca,2,p262_132_mic2,p262,data\VCTK\wav48_silence_trimmed\p262\p262_132_mic2.flac,p280,0,1,0.4136301279067993,0.36453720927238464,0.4136301279067993,-0.04909291863441467,2.1335625
lca,3,p262_132_mic2,p262,data\VCTK\wav48_silence_trimmed\p262\p262_132_mic2.flac,p262,1,1,0.3992067575454712,0.3992067575454712,0.3574002981185913,0.04180645942687988,2.1335625
original,0,p262_154_mic1,p262,data\VCTK\wav48_silence_trimmed\p262\p262_154_mic1.flac,p262,1,1,0.7061131000518799,0.7061131000518799,0.52593994140625,0.18017315864562988,3.83925
base,1,p262_154_mic1,p262,data\VCTK\wav48_silence_trimmed\p262\p262_154_mic1.flac,p262,1,1,0.44545167684555054,0.44545167684555054,0.35467347502708435,0.09077820181846619,3.83925
base,2,p262_154_mic1,p262,data\VCTK\wav48_silence_trimmed\p262\p262_154_mic1.flac,p262,1,1,0.5567388534545898,0.5567388534545898,0.4730128049850464,0.08372604846954346,3.83925
base,3,p262_154_mic1,p262,data\VCTK\wav48_silence_trimmed\p262\p262_154_mic1.flac,p262,1,1,0.555458664894104,0.555458664894104,0.48809224367141724,0.06736642122268677,3.83925
lca,1,p262_154_mic1,p262,data\VCTK\wav48_silence_trimmed\p262\p262_154_mic1.flac,p280,0,1,0.4016784429550171,0.39353543519973755,0.4016784429550171,-0.008143007755279541,3.83925
lca,2,p262_154_mic1,p262,data\VCTK\wav48_silence_trimmed\p262\p262_154_mic1.flac,p280,0,1,0.5530608892440796,0.5277708172798157,0.5530608892440796,-0.025290071964263916,3.83925
lca,3,p262_154_mic1,p262,data\VCTK\wav48_silence_trimmed\p262\p262_154_mic1.flac,p280,0,1,0.5472660064697266,0.5163025856018066,0.5472660064697266,-0.030963420867919922,3.83925
original,0,p262_237_mic1,p262,data\VCTK\wav48_silence_trimmed\p262\p262_237_mic1.flac,p262,1,1,0.7395880818367004,0.7395880818367004,0.38648539781570435,0.3531026840209961,3.158
base,1,p262_237_mic1,p262,data\VCTK\wav48_silence_trimmed\p262\p262_237_mic1.flac,p262,1,1,0.35731643438339233,0.35731643438339233,0.3543201982975006,0.0029962360858917236,3.158
base,2,p262_237_mic1,p262,data\VCTK\wav48_silence_trimmed\p262\p262_237_mic1.flac,p262,1,1,0.4835013151168823,0.4835013151168823,0.3638724088668823,0.11962890625,3.158
base,3,p262_237_mic1,p262,data\VCTK\wav48_silence_trimmed\p262\p262_237_mic1.flac,p262,1,1,0.5347858667373657,0.5347858667373657,0.42273518443107605,0.11205068230628967,3.158
lca,1,p262_237_mic1,p262,data\VCTK\wav48_silence_trimmed\p262\p262_237_mic1.flac,p262,1,1,0.4238145351409912,0.4238145351409912,0.39492112398147583,0.02889341115951538,3.158
lca,2,p262_237_mic1,p262,data\VCTK\wav48_silence_trimmed\p262\p262_237_mic1.flac,p280,0,1,0.45500269532203674,0.45439329743385315,0.45500269532203674,-0.0006093978881835938,3.158
lca,3,p262_237_mic1,p262,data\VCTK\wav48_silence_trimmed\p262\p262_237_mic1.flac,p262,1,1,0.5120660662651062,0.5120660662651062,0.4425845742225647,0.0694814920425415,3.158
original,0,p262_310_mic2,p262,data\VCTK\wav48_silence_trimmed\p262\p262_310_mic2.flac,p262,1,1,0.6893630027770996,0.6893630027770996,0.37350279092788696,0.31586021184921265,4.11725
base,1,p262_310_mic2,p262,data\VCTK\wav48_silence_trimmed\p262\p262_310_mic2.flac,p255,0,1,0.3158355951309204,0.3087995648384094,0.3158355951309204,-0.007036030292510986,4.11725
base,2,p262_310_mic2,p262,data\VCTK\wav48_silence_trimmed\p262\p262_310_mic2.flac,p262,1,1,0.4660242795944214,0.4660242795944214,0.3961947560310364,0.06982952356338501,4.11725
base,3,p262_310_mic2,p262,data\VCTK\wav48_silence_trimmed\p262\p262_310_mic2.flac,p262,1,1,0.43424877524375916,0.43424877524375916,0.3914206922054291,0.04282808303833008,4.11725
lca,1,p262_310_mic2,p262,data\VCTK\wav48_silence_trimmed\p262\p262_310_mic2.flac,p300,0,1,0.34756022691726685,0.30755528807640076,0.34756022691726685,-0.04000493884086609,4.11725
lca,2,p262_310_mic2,p262,data\VCTK\wav48_silence_trimmed\p262\p262_310_mic2.flac,p262,1,1,0.38984596729278564,0.38984596729278564,0.3807879090309143,0.009058058261871338,4.11725
lca,3,p262_310_mic2,p262,data\VCTK\wav48_silence_trimmed\p262\p262_310_mic2.flac,p262,1,1,0.4196135401725769,0.4196135401725769,0.3938637673854828,0.025749772787094116,4.11725
original,0,p262_343_mic2,p262,data\VCTK\wav48_silence_trimmed\p262\p262_343_mic2.flac,p262,1,1,0.6090109348297119,0.6090109348297119,0.3202510476112366,0.28875988721847534,2.673375
base,1,p262_343_mic2,p262,data\VCTK\wav48_silence_trimmed\p262\p262_343_mic2.flac,p262,1,1,0.28984159231185913,0.28984159231185913,0.27722597122192383,0.012615621089935303,2.673375
base,2,p262_343_mic2,p262,data\VCTK\wav48_silence_trimmed\p262\p262_343_mic2.flac,p301,0,1,0.4802258610725403,0.4234046936035156,0.4802258610725403,-0.05682116746902466,2.673375
base,3,p262_343_mic2,p262,data\VCTK\wav48_silence_trimmed\p262\p262_343_mic2.flac,p301,0,1,0.5155883431434631,0.37685292959213257,0.5155883431434631,-0.13873541355133057,2.673375
lca,1,p262_343_mic2,p262,data\VCTK\wav48_silence_trimmed\p262\p262_343_mic2.flac,p301,0,1,0.2783643305301666,0.15904830396175385,0.2783643305301666,-0.11931602656841278,2.673375
lca,2,p262_343_mic2,p262,data\VCTK\wav48_silence_trimmed\p262\p262_343_mic2.flac,p280,0,1,0.4135124087333679,0.3533437252044678,0.4135124087333679,-0.060168683528900146,2.673375
lca,3,p262_343_mic2,p262,data\VCTK\wav48_silence_trimmed\p262\p262_343_mic2.flac,p280,0,1,0.4387539327144623,0.4111051559448242,0.4387539327144623,-0.02764877676963806,2.673375
original,0,p263_246_mic1,p263,data\VCTK\wav48_silence_trimmed\p263\p263_246_mic1.flac,p263,1,1,0.682661771774292,0.682661771774292,0.3018542230129242,0.3808075487613678,3.0331875
base,1,p263_246_mic1,p263,data\VCTK\wav48_silence_trimmed\p263\p263_246_mic1.flac,p270,0,1,0.27054089307785034,0.067414790391922,0.27054089307785034,-0.20312610268592834,3.0331875
base,2,p263_246_mic1,p263,data\VCTK\wav48_silence_trimmed\p263\p263_246_mic1.flac,p347,0,1,0.49942654371261597,0.3168264627456665,0.49942654371261597,-0.18260008096694946,3.0331875
base,3,p263_246_mic1,p263,data\VCTK\wav48_silence_trimmed\p263\p263_246_mic1.flac,p347,0,1,0.496234267950058,0.45255613327026367,0.496234267950058,-0.04367813467979431,3.0331875
lca,1,p263_246_mic1,p263,data\VCTK\wav48_silence_trimmed\p263\p263_246_mic1.flac,p364,0,1,0.3437644839286804,0.12743885815143585,0.3437644839286804,-0.21632562577724457,3.0331875
lca,2,p263_246_mic1,p263,data\VCTK\wav48_silence_trimmed\p263\p263_246_mic1.flac,p347,0,1,0.539801836013794,0.20588746666908264,0.539801836013794,-0.3339143693447113,3.0331875
lca,3,p263_246_mic1,p263,data\VCTK\wav48_silence_trimmed\p263\p263_246_mic1.flac,p347,0,1,0.5033918619155884,0.26119276881217957,0.5033918619155884,-0.2421990931034088,3.0331875
original,0,p263_294_mic1,p263,data\VCTK\wav48_silence_trimmed\p263\p263_294_mic1.flac,p263,1,1,0.6923521757125854,0.6923521757125854,0.25457823276519775,0.4377739429473877,3.41775
base,1,p263_294_mic1,p263,data\VCTK\wav48_silence_trimmed\p263\p263_294_mic1.flac,p347,0,0,0.23774106800556183,0.06410717964172363,0.23774106800556183,-0.1736338883638382,3.41775
base,2,p263_294_mic1,p263,data\VCTK\wav48_silence_trimmed\p263\p263_294_mic1.flac,p347,0,1,0.43086111545562744,0.2327595055103302,0.43086111545562744,-0.19810160994529724,3.41775
base,3,p263_294_mic1,p263,data\VCTK\wav48_silence_trimmed\p263\p263_294_mic1.flac,p347,0,1,0.46928977966308594,0.32206565141677856,0.46928977966308594,-0.14722412824630737,3.41775
lca,1,p263_294_mic1,p263,data\VCTK\wav48_silence_trimmed\p263\p263_294_mic1.flac,p364,0,1,0.3627399802207947,0.14679642021656036,0.3627399802207947,-0.21594356000423431,3.41775
lca,2,p263_294_mic1,p263,data\VCTK\wav48_silence_trimmed\p263\p263_294_mic1.flac,p347,0,1,0.4479420781135559,0.2375672161579132,0.4479420781135559,-0.2103748619556427,3.41775
lca,3,p263_294_mic1,p263,data\VCTK\wav48_silence_trimmed\p263\p263_294_mic1.flac,p347,0,1,0.50962233543396,0.26647865772247314,0.50962233543396,-0.24314367771148682,3.41775
original,0,p263_316_mic1,p263,data\VCTK\wav48_silence_trimmed\p263\p263_316_mic1.flac,p263,1,1,0.6307185888290405,0.6307185888290405,0.3915996253490448,0.23911896347999573,3.7130625
base,1,p263_316_mic1,p263,data\VCTK\wav48_silence_trimmed\p263\p263_316_mic1.flac,p374,0,1,0.36847639083862305,0.12169051915407181,0.36847639083862305,-0.24678587168455124,3.7130625
base,2,p263_316_mic1,p263,data\VCTK\wav48_silence_trimmed\p263\p263_316_mic1.flac,p347,0,1,0.4669851064682007,0.283020555973053,0.4669851064682007,-0.1839645504951477,3.7130625
base,3,p263_316_mic1,p263,data\VCTK\wav48_silence_trimmed\p263\p263_316_mic1.flac,p347,0,1,0.4749200940132141,0.4571719765663147,0.4749200940132141,-0.017748117446899414,3.7130625
lca,1,p263_316_mic1,p263,data\VCTK\wav48_silence_trimmed\p263\p263_316_mic1.flac,p364,0,1,0.4213644862174988,0.08901689201593399,0.4213644862174988,-0.3323475942015648,3.7130625
lca,2,p263_316_mic1,p263,data\VCTK\wav48_silence_trimmed\p263\p263_316_mic1.flac,p347,0,1,0.5281827449798584,0.23261255025863647,0.5281827449798584,-0.2955701947212219,3.7130625
lca,3,p263_316_mic1,p263,data\VCTK\wav48_silence_trimmed\p263\p263_316_mic1.flac,p347,0,1,0.5537251234054565,0.29345953464508057,0.5537251234054565,-0.260265588760376,3.7130625
original,0,p263_404_mic2,p263,data\VCTK\wav48_silence_trimmed\p263\p263_404_mic2.flac,p263,1,1,0.6984305381774902,0.6984305381774902,0.28529876470565796,0.4131317734718323,3.5780625
base,1,p263_404_mic2,p263,data\VCTK\wav48_silence_trimmed\p263\p263_404_mic2.flac,p364,0,1,0.30044761300086975,0.11774641275405884,0.30044761300086975,-0.1827012002468109,3.5780625
base,2,p263_404_mic2,p263,data\VCTK\wav48_silence_trimmed\p263\p263_404_mic2.flac,p347,0,1,0.44039690494537354,0.2899434268474579,0.44039690494537354,-0.15045347809791565,3.5780625
base,3,p263_404_mic2,p263,data\VCTK\wav48_silence_trimmed\p263\p263_404_mic2.flac,p347,0,1,0.5056430697441101,0.39898794889450073,0.5056430697441101,-0.10665512084960938,3.5780625
lca,1,p263_404_mic2,p263,data\VCTK\wav48_silence_trimmed\p263\p263_404_mic2.flac,p364,0,1,0.40597113966941833,0.15127265453338623,0.40597113966941833,-0.2546984851360321,3.5780625
lca,2,p263_404_mic2,p263,data\VCTK\wav48_silence_trimmed\p263\p263_404_mic2.flac,p347,0,1,0.520451009273529,0.2534949779510498,0.520451009273529,-0.26695603132247925,3.5780625
lca,3,p263_404_mic2,p263,data\VCTK\wav48_silence_trimmed\p263\p263_404_mic2.flac,p347,0,1,0.5480209589004517,0.3114384710788727,0.5480209589004517,-0.23658248782157898,3.5780625
original,0,p263_442_mic2,p263,data\VCTK\wav48_silence_trimmed\p263\p263_442_mic2.flac,p263,1,1,0.6703552007675171,0.6703552007675171,0.26333215832710266,0.40702304244041443,2.802125
base,1,p263_442_mic2,p263,data\VCTK\wav48_silence_trimmed\p263\p263_442_mic2.flac,p364,0,1,0.3017582893371582,0.2619323134422302,0.3017582893371582,-0.03982597589492798,2.802125
base,2,p263_442_mic2,p263,data\VCTK\wav48_silence_trimmed\p263\p263_442_mic2.flac,p263,1,1,0.3756090998649597,0.3756090998649597,0.3342874348163605,0.04132166504859924,2.802125
base,3,p263_442_mic2,p263,data\VCTK\wav48_silence_trimmed\p263\p263_442_mic2.flac,p263,1,1,0.4269649386405945,0.4269649386405945,0.3557194173336029,0.07124552130699158,2.802125
lca,1,p263_442_mic2,p263,data\VCTK\wav48_silence_trimmed\p263\p263_442_mic2.flac,p347,0,1,0.37056607007980347,0.14322715997695923,0.37056607007980347,-0.22733891010284424,2.802125
lca,2,p263_442_mic2,p263,data\VCTK\wav48_silence_trimmed\p263\p263_442_mic2.flac,p347,0,1,0.4995516538619995,0.2543981969356537,0.4995516538619995,-0.24515345692634583,2.802125
lca,3,p263_442_mic2,p263,data\VCTK\wav48_silence_trimmed\p263\p263_442_mic2.flac,p347,0,1,0.527018666267395,0.3022415339946747,0.527018666267395,-0.22477713227272034,2.802125
original,0,p264_030_mic1,p264,data\VCTK\wav48_silence_trimmed\p264\p264_030_mic1.flac,p264,1,1,0.7674475908279419,0.7674475908279419,0.5118801593780518,0.25556743144989014,3.841625
base,1,p264_030_mic1,p264,data\VCTK\wav48_silence_trimmed\p264\p264_030_mic1.flac,p239,0,1,0.36678123474121094,0.2766333818435669,0.36678123474121094,-0.09014785289764404,3.841625
base,2,p264_030_mic1,p264,data\VCTK\wav48_silence_trimmed\p264\p264_030_mic1.flac,p262,0,1,0.4331035315990448,0.2914363741874695,0.4331035315990448,-0.14166715741157532,3.841625
base,3,p264_030_mic1,p264,data\VCTK\wav48_silence_trimmed\p264\p264_030_mic1.flac,p262,0,1,0.42431923747062683,0.38324689865112305,0.42431923747062683,-0.041072338819503784,3.841625
lca,1,p264_030_mic1,p264,data\VCTK\wav48_silence_trimmed\p264\p264_030_mic1.flac,p280,0,1,0.36255955696105957,0.1803831309080124,0.36255955696105957,-0.18217642605304718,3.841625
lca,2,p264_030_mic1,p264,data\VCTK\wav48_silence_trimmed\p264\p264_030_mic1.flac,p262,0,1,0.4204673171043396,0.37879300117492676,0.4204673171043396,-0.04167431592941284,3.841625
lca,3,p264_030_mic1,p264,data\VCTK\wav48_silence_trimmed\p264\p264_030_mic1.flac,p262,0,1,0.4151633083820343,0.41450998187065125,0.4151633083820343,-0.0006533265113830566,3.841625
original,0,p264_263_mic1,p264,data\VCTK\wav48_silence_trimmed\p264\p264_263_mic1.flac,p264,1,1,0.6595380306243896,0.6595380306243896,0.4009205102920532,0.2586175203323364,3.1181875
base,1,p264_263_mic1,p264,data\VCTK\wav48_silence_trimmed\p264\p264_263_mic1.flac,p262,0,1,0.425815612077713,0.14310134947299957,0.425815612077713,-0.28271426260471344,3.1181875
base,2,p264_263_mic1,p264,data\VCTK\wav48_silence_trimmed\p264\p264_263_mic1.flac,p262,0,1,0.4717977046966553,0.18990308046340942,0.4717977046966553,-0.28189462423324585,3.1181875
base,3,p264_263_mic1,p264,data\VCTK\wav48_silence_trimmed\p264\p264_263_mic1.flac,p262,0,1,0.4834038019180298,0.31232956051826477,0.4834038019180298,-0.17107424139976501,3.1181875
lca,1,p264_263_mic1,p264,data\VCTK\wav48_silence_trimmed\p264\p264_263_mic1.flac,p280,0,1,0.4344101548194885,0.21398961544036865,0.4344101548194885,-0.22042053937911987,3.1181875
lca,2,p264_263_mic1,p264,data\VCTK\wav48_silence_trimmed\p264\p264_263_mic1.flac,p280,0,1,0.4256110191345215,0.2405095249414444,0.4256110191345215,-0.1851014941930771,3.1181875
lca,3,p264_263_mic1,p264,data\VCTK\wav48_silence_trimmed\p264\p264_263_mic1.flac,p262,0,1,0.4183545708656311,0.29389992356300354,0.4183545708656311,-0.12445464730262756,3.1181875
original,0,p264_368_mic2,p264,data\VCTK\wav48_silence_trimmed\p264\p264_368_mic2.flac,p264,1,1,0.5883338451385498,0.5883338451385498,0.3071056604385376,0.2812281847000122,3.7311875
base,1,p264_368_mic2,p264,data\VCTK\wav48_silence_trimmed\p264\p264_368_mic2.flac,p255,0,1,0.28108909726142883,0.2083599865436554,0.28108909726142883,-0.07272911071777344,3.7311875
base,2,p264_368_mic2,p264,data\VCTK\wav48_silence_trimmed\p264\p264_368_mic2.flac,p262,0,1,0.3468366861343384,0.26036667823791504,0.3468366861343384,-0.08647000789642334,3.7311875
base,3,p264_368_mic2,p264,data\VCTK\wav48_silence_trimmed\p264\p264_368_mic2.flac,p329,0,1,0.31054434180259705,0.292516827583313,0.31054434180259705,-0.018027514219284058,3.7311875
lca,1,p264_368_mic2,p264,data\VCTK\wav48_silence_trimmed\p264\p264_368_mic2.flac,p262,0,1,0.3598002791404724,0.23600886762142181,0.3598002791404724,-0.1237914115190506,3.7311875
lca,2,p264_368_mic2,p264,data\VCTK\wav48_silence_trimmed\p264\p264_368_mic2.flac,p280,0,1,0.3968368172645569,0.2627355754375458,0.3968368172645569,-0.1341012418270111,3.7311875
lca,3,p264_368_mic2,p264,data\VCTK\wav48_silence_trimmed\p264\p264_368_mic2.flac,p295,0,1,0.3998161554336548,0.3543754816055298,0.3998161554336548,-0.045440673828125,3.7311875
original,0,p264_419_mic1,p264,data\VCTK\wav48_silence_trimmed\p264\p264_419_mic1.flac,p264,1,1,0.769633412361145,0.769633412361145,0.4258875250816345,0.3437458872795105,3.8050625
base,1,p264_419_mic1,p264,data\VCTK\wav48_silence_trimmed\p264\p264_419_mic1.flac,p262,0,1,0.3918851912021637,0.3221539258956909,0.3918851912021637,-0.06973126530647278,3.8050625
base,2,p264_419_mic1,p264,data\VCTK\wav48_silence_trimmed\p264\p264_419_mic1.flac,p244,0,1,0.45854663848876953,0.4130261540412903,0.45854663848876953,-0.04552048444747925,3.8050625
base,3,p264_419_mic1,p264,data\VCTK\wav48_silence_trimmed\p264\p264_419_mic1.flac,p264,1,1,0.5004615783691406,0.5004615783691406,0.39307987689971924,0.10738170146942139,3.8050625
lca,1,p264_419_mic1,p264,data\VCTK\wav48_silence_trimmed\p264\p264_419_mic1.flac,p262,0,1,0.4615028500556946,0.32579612731933594,0.4615028500556946,-0.13570672273635864,3.8050625
lca,2,p264_419_mic1,p264,data\VCTK\wav48_silence_trimmed\p264\p264_419_mic1.flac,p262,0,1,0.4778568744659424,0.4581482410430908,0.4778568744659424,-0.019708633422851562,3.8050625
lca,3,p264_419_mic1,p264,data\VCTK\wav48_silence_trimmed\p264\p264_419_mic1.flac,p264,1,1,0.4771312475204468,0.4771312475204468,0.45921915769577026,0.017912089824676514,3.8050625
original,0,p264_488_mic1,p264,data\VCTK\wav48_silence_trimmed\p264\p264_488_mic1.flac,p264,1,1,0.6307194232940674,0.6307194232940674,0.29854291677474976,0.3321765065193176,3.1614375
base,1,p264_488_mic1,p264,data\VCTK\wav48_silence_trimmed\p264\p264_488_mic1.flac,p244,0,1,0.41243934631347656,0.17340734601020813,0.41243934631347656,-0.23903200030326843,3.1614375
base,2,p264_488_mic1,p264,data\VCTK\wav48_silence_trimmed\p264\p264_488_mic1.flac,p244,0,1,0.41006964445114136,0.3234577178955078,0.41006964445114136,-0.08661192655563354,3.1614375
base,3,p264_488_mic1,p264,data\VCTK\wav48_silence_trimmed\p264\p264_488_mic1.flac,p262,0,1,0.4607599973678589,0.36095520853996277,0.4607599973678589,-0.09980478882789612,3.1614375
lca,1,p264_488_mic1,p264,data\VCTK\wav48_silence_trimmed\p264\p264_488_mic1.flac,p280,0,1,0.39529949426651,0.19299852848052979,0.39529949426651,-0.20230096578598022,3.1614375
lca,2,p264_488_mic1,p264,data\VCTK\wav48_silence_trimmed\p264\p264_488_mic1.flac,p262,0,1,0.4409911632537842,0.2957088351249695,0.4409911632537842,-0.1452823281288147,3.1614375
lca,3,p264_488_mic1,p264,data\VCTK\wav48_silence_trimmed\p264\p264_488_mic1.flac,p313,0,1,0.4447705149650574,0.31651750206947327,0.4447705149650574,-0.1282530128955841,3.1614375
original,0,p265_035_mic2,p265,data\VCTK\wav48_silence_trimmed\p265\p265_035_mic2.flac,p265,1,1,0.47521546483039856,0.47521546483039856,0.421223521232605,0.05399194359779358,2.539125
base,1,p265_035_mic2,p265,data\VCTK\wav48_silence_trimmed\p265\p265_035_mic2.flac,p294,0,1,0.28470444679260254,0.09938657283782959,0.28470444679260254,-0.18531787395477295,2.539125
base,2,p265_035_mic2,p265,data\VCTK\wav48_silence_trimmed\p265\p265_035_mic2.flac,p339,0,1,0.40496182441711426,0.24843940138816833,0.40496182441711426,-0.15652242302894592,2.539125
base,3,p265_035_mic2,p265,data\VCTK\wav48_silence_trimmed\p265\p265_035_mic2.flac,p293,0,1,0.37726420164108276,0.31462132930755615,0.37726420164108276,-0.06264287233352661,2.539125
lca,1,p265_035_mic2,p265,data\VCTK\wav48_silence_trimmed\p265\p265_035_mic2.flac,p280,0,1,0.33353790640830994,0.11244220286607742,0.33353790640830994,-0.2210957035422325,2.539125
lca,2,p265_035_mic2,p265,data\VCTK\wav48_silence_trimmed\p265\p265_035_mic2.flac,p280,0,1,0.45236021280288696,0.32672733068466187,0.45236021280288696,-0.1256328821182251,2.539125
lca,3,p265_035_mic2,p265,data\VCTK\wav48_silence_trimmed\p265\p265_035_mic2.flac,p280,0,1,0.43109777569770813,0.38010942935943604,0.43109777569770813,-0.050988346338272095,2.539125
original,0,p265_056_mic2,p265,data\VCTK\wav48_silence_trimmed\p265\p265_056_mic2.flac,p265,1,1,0.7717140913009644,0.7717140913009644,0.4101903438568115,0.36152374744415283,5.35025
base,1,p265_056_mic2,p265,data\VCTK\wav48_silence_trimmed\p265\p265_056_mic2.flac,p262,0,1,0.40958070755004883,0.24198463559150696,0.40958070755004883,-0.16759607195854187,5.35025
base,2,p265_056_mic2,p265,data\VCTK\wav48_silence_trimmed\p265\p265_056_mic2.flac,p265,1,1,0.5477744340896606,0.5477744340896606,0.4873473346233368,0.06042709946632385,5.35025
base,3,p265_056_mic2,p265,data\VCTK\wav48_silence_trimmed\p265\p265_056_mic2.flac,p265,1,1,0.5990780591964722,0.5990780591964722,0.5083133578300476,0.09076470136642456,5.35025
lca,1,p265_056_mic2,p265,data\VCTK\wav48_silence_trimmed\p265\p265_056_mic2.flac,p262,0,1,0.37234386801719666,0.23124408721923828,0.37234386801719666,-0.14109978079795837,5.35025
lca,2,p265_056_mic2,p265,data\VCTK\wav48_silence_trimmed\p265\p265_056_mic2.flac,p265,1,1,0.4697621464729309,0.4697621464729309,0.4066581130027771,0.06310403347015381,5.35025
lca,3,p265_056_mic2,p265,data\VCTK\wav48_silence_trimmed\p265\p265_056_mic2.flac,p265,1,1,0.5086464285850525,0.5086464285850525,0.4330390691757202,0.07560735940933228,5.35025
original,0,p265_117_mic1,p265,data\VCTK\wav48_silence_trimmed\p265\p265_117_mic1.flac,p265,1,1,0.7296718955039978,0.7296718955039978,0.3448180556297302,0.3848538398742676,3.9184375
base,1,p265_117_mic1,p265,data\VCTK\wav48_silence_trimmed\p265\p265_117_mic1.flac,p339,0,1,0.3219990134239197,0.250686377286911,0.3219990134239197,-0.07131263613700867,3.9184375
base,2,p265_117_mic1,p265,data\VCTK\wav48_silence_trimmed\p265\p265_117_mic1.flac,p339,0,1,0.40805262327194214,0.3649662733078003,0.40805262327194214,-0.043086349964141846,3.9184375
base,3,p265_117_mic1,p265,data\VCTK\wav48_silence_trimmed\p265\p265_117_mic1.flac,p265,1,1,0.4431803524494171,0.4431803524494171,0.3953074812889099,0.0478728711605072,3.9184375
lca,1,p265_117_mic1,p265,data\VCTK\wav48_silence_trimmed\p265\p265_117_mic1.flac,p280,0,1,0.3516181409358978,0.2181176245212555,0.3516181409358978,-0.13350051641464233,3.9184375
lca,2,p265_117_mic1,p265,data\VCTK\wav48_silence_trimmed\p265\p265_117_mic1.flac,p265,1,1,0.3858307898044586,0.3858307898044586,0.3756808638572693,0.010149925947189331,3.9184375
lca,3,p265_117_mic1,p265,data\VCTK\wav48_silence_trimmed\p265\p265_117_mic1.flac,p265,1,1,0.4133705496788025,0.4133705496788025,0.3969459533691406,0.016424596309661865,3.9184375
original,0,p265_129_mic2,p265,data\VCTK\wav48_silence_trimmed\p265\p265_129_mic2.flac,p265,1,1,0.7856384515762329,0.7856384515762329,0.34775102138519287,0.43788743019104004,3.8010625
base,1,p265_129_mic2,p265,data\VCTK\wav48_silence_trimmed\p265\p265_129_mic2.flac,p238,0,1,0.3572429120540619,0.12729623913764954,0.3572429120540619,-0.22994667291641235,3.8010625
base,2,p265_129_mic2,p265,data\VCTK\wav48_silence_trimmed\p265\p265_129_mic2.flac,p265,1,1,0.38302308320999146,0.38302308320999146,0.3211878538131714,0.06183522939682007,3.8010625
base,3,p265_129_mic2,p265,data\VCTK\wav48_silence_trimmed\p265\p265_129_mic2.flac,p265,1,1,0.4492093324661255,0.4492093324661255,0.30626997351646423,0.14293935894966125,3.8010625
lca,1,p265_129_mic2,p265,data\VCTK\wav48_silence_trimmed\p265\p265_129_mic2.flac,p313,0,1,0.39536339044570923,0.2035534381866455,0.39536339044570923,-0.19180995225906372,3.8010625
lca,2,p265_129_mic2,p265,data\VCTK\wav48_silence_trimmed\p265\p265_129_mic2.flac,p313,0,1,0.38274964690208435,0.3375353217124939,0.38274964690208435,-0.045214325189590454,3.8010625
lca,3,p265_129_mic2,p265,data\VCTK\wav48_silence_trimmed\p265\p265_129_mic2.flac,p265,1,1,0.43339747190475464,0.43339747190475464,0.38083040714263916,0.05256706476211548,3.8010625
original,0,p265_192_mic1,p265,data\VCTK\wav48_silence_trimmed\p265\p265_192_mic1.flac,p265,1,1,0.7414343357086182,0.7414343357086182,0.3115205764770508,0.4299137592315674,4.3766875
base,1,p265_192_mic1,p265,data\VCTK\wav48_silence_trimmed\p265\p265_192_mic1.flac,p339,0,1,0.4026091992855072,0.2710380256175995,0.4026091992855072,-0.13157117366790771,4.3766875
base,2,p265_192_mic1,p265,data\VCTK\wav48_silence_trimmed\p265\p265_192_mic1.flac,p244,0,1,0.4807589650154114,0.4769250154495239,0.4807589650154114,-0.003833949565887451,4.3766875
base,3,p265_192_mic1,p265,data\VCTK\wav48_silence_trimmed\p265\p265_192_mic1.flac,p265,1,1,0.4740651547908783,0.4740651547908783,0.4614270329475403,0.012638121843338013,4.3766875
lca,1,p265_192_mic1,p265,data\VCTK\wav48_silence_trimmed\p265\p265_192_mic1.flac,p280,0,1,0.4137284755706787,0.3302328884601593,0.4137284755706787,-0.08349558711051941,4.3766875
lca,2,p265_192_mic1,p265,data\VCTK\wav48_silence_trimmed\p265\p265_192_mic1.flac,p265,1,1,0.4747176170349121,0.4747176170349121,0.4390028119087219,0.035714805126190186,4.3766875
lca,3,p265_192_mic1,p265,data\VCTK\wav48_silence_trimmed\p265\p265_192_mic1.flac,p265,1,1,0.49341094493865967,0.49341094493865967,0.43816429376602173,0.05524665117263794,4.3766875
original,0,p266_018_mic2,p266,data\VCTK\wav48_silence_trimmed\p266\p266_018_mic2.flac,p266,1,1,0.6667822003364563,0.6667822003364563,0.45583677291870117,0.21094542741775513,5.742125
base,1,p266_018_mic2,p266,data\VCTK\wav48_silence_trimmed\p266\p266_018_mic2.flac,p280,0,1,0.3645464777946472,0.21902288496494293,0.3645464777946472,-0.14552359282970428,5.742125
base,2,p266_018_mic2,p266,data\VCTK\wav48_silence_trimmed\p266\p266_018_mic2.flac,p265,0,1,0.41143855452537537,0.3526957333087921,0.41143855452537537,-0.05874282121658325,5.742125
base,3,p266_018_mic2,p266,data\VCTK\wav48_silence_trimmed\p266\p266_018_mic2.flac,p280,0,1,0.3759973347187042,0.34510552883148193,0.3759973347187042,-0.03089180588722229,5.742125
lca,1,p266_018_mic2,p266,data\VCTK\wav48_silence_trimmed\p266\p266_018_mic2.flac,p280,0,1,0.3852252662181854,0.3321024775505066,0.3852252662181854,-0.05312278866767883,5.742125
lca,2,p266_018_mic2,p266,data\VCTK\wav48_silence_trimmed\p266\p266_018_mic2.flac,p280,0,1,0.3853689134120941,0.35486096143722534,0.3853689134120941,-0.030507951974868774,5.742125
lca,3,p266_018_mic2,p266,data\VCTK\wav48_silence_trimmed\p266\p266_018_mic2.flac,p333,0,1,0.3639703094959259,0.3572257459163666,0.3639703094959259,-0.006744563579559326,5.742125
original,0,p266_027_mic2,p266,data\VCTK\wav48_silence_trimmed\p266\p266_027_mic2.flac,p266,1,1,0.5497326254844666,0.5497326254844666,0.4203348457813263,0.12939777970314026,1.879875
base,1,p266_027_mic2,p266,data\VCTK\wav48_silence_trimmed\p266\p266_027_mic2.flac,p293,0,1,0.3673734962940216,0.27361389994621277,0.3673734962940216,-0.09375959634780884,1.879875
base,2,p266_027_mic2,p266,data\VCTK\wav48_silence_trimmed\p266\p266_027_mic2.flac,p269,0,1,0.4144236147403717,0.3151308298110962,0.4144236147403717,-0.09929278492927551,1.879875
base,3,p266_027_mic2,p266,data\VCTK\wav48_silence_trimmed\p266\p266_027_mic2.flac,p265,0,1,0.4391978979110718,0.4116433262825012,0.4391978979110718,-0.027554571628570557,1.879875
lca,1,p266_027_mic2,p266,data\VCTK\wav48_silence_trimmed\p266\p266_027_mic2.flac,p280,0,1,0.3479912281036377,0.2805338501930237,0.3479912281036377,-0.06745737791061401,1.879875
lca,2,p266_027_mic2,p266,data\VCTK\wav48_silence_trimmed\p266\p266_027_mic2.flac,p262,0,1,0.3928845524787903,0.37659090757369995,0.3928845524787903,-0.016293644905090332,1.879875
lca,3,p266_027_mic2,p266,data\VCTK\wav48_silence_trimmed\p266\p266_027_mic2.flac,p262,0,1,0.40966373682022095,0.3607175350189209,0.40966373682022095,-0.04894620180130005,1.879875
original,0,p266_222_mic1,p266,data\VCTK\wav48_silence_trimmed\p266\p266_222_mic1.flac,p266,1,1,0.4379118084907532,0.4379118084907532,0.3186313509941101,0.11928045749664307,1.623625
base,1,p266_222_mic1,p266,data\VCTK\wav48_silence_trimmed\p266\p266_222_mic1.flac,p280,0,1,0.3044772446155548,0.07679063081741333,0.3044772446155548,-0.22768661379814148,1.623625
base,2,p266_222_mic1,p266,data\VCTK\wav48_silence_trimmed\p266\p266_222_mic1.flac,p306,0,1,0.4054776430130005,0.365581750869751,0.4054776430130005,-0.03989589214324951,1.623625
base,3,p266_222_mic1,p266,data\VCTK\wav48_silence_trimmed\p266\p266_222_mic1.flac,p231,0,1,0.38156846165657043,0.3608633279800415,0.38156846165657043,-0.02070513367652893,1.623625
lca,1,p266_222_mic1,p266,data\VCTK\wav48_silence_trimmed\p266\p266_222_mic1.flac,p343,0,1,0.31465667486190796,0.30249324440956116,0.31465667486190796,-0.012163430452346802,1.623625
lca,2,p266_222_mic1,p266,data\VCTK\wav48_silence_trimmed\p266\p266_222_mic1.flac,p280,0,1,0.42492419481277466,0.3494003415107727,0.42492419481277466,-0.07552385330200195,1.623625
lca,3,p266_222_mic1,p266,data\VCTK\wav48_silence_trimmed\p266\p266_222_mic1.flac,p280,0,1,0.3909335434436798,0.3335910141468048,0.3909335434436798,-0.057342529296875,1.623625
original,0,p266_268_mic1,p266,data\VCTK\wav48_silence_trimmed\p266\p266_268_mic1.flac,p266,1,1,0.6819729804992676,0.6819729804992676,0.37217941880226135,0.3097935616970062,2.1806875
base,1,p266_268_mic1,p266,data\VCTK\wav48_silence_trimmed\p266\p266_268_mic1.flac,p262,0,1,0.35944002866744995,0.31407880783081055,0.35944002866744995,-0.045361220836639404,2.1806875
base,2,p266_268_mic1,p266,data\VCTK\wav48_silence_trimmed\p266\p266_268_mic1.flac,p343,0,1,0.3697219491004944,0.3404879868030548,0.3697219491004944,-0.029233962297439575,2.1806875
base,3,p266_268_mic1,p266,data\VCTK\wav48_silence_trimmed\p266\p266_268_mic1.flac,p266,1,1,0.3792877197265625,0.3792877197265625,0.34645968675613403,0.03282803297042847,2.1806875
lca,1,p266_268_mic1,p266,data\VCTK\wav48_silence_trimmed\p266\p266_268_mic1.flac,p280,0,1,0.35523104667663574,0.3088605999946594,0.35523104667663574,-0.04637044668197632,2.1806875
lca,2,p266_268_mic1,p266,data\VCTK\wav48_silence_trimmed\p266\p266_268_mic1.flac,p280,0,1,0.40844616293907166,0.3973396420478821,0.40844616293907166,-0.011106520891189575,2.1806875
lca,3,p266_268_mic1,p266,data\VCTK\wav48_silence_trimmed\p266\p266_268_mic1.flac,p280,0,1,0.4758438766002655,0.4244862198829651,0.4758438766002655,-0.051357656717300415,2.1806875
original,0,p266_301_mic1,p266,data\VCTK\wav48_silence_trimmed\p266\p266_301_mic1.flac,p266,1,1,0.7270857691764832,0.7270857691764832,0.4362848401069641,0.29080092906951904,2.648375
base,1,p266_301_mic1,p266,data\VCTK\wav48_silence_trimmed\p266\p266_301_mic1.flac,p231,0,1,0.3444671332836151,0.17895668745040894,0.3444671332836151,-0.16551044583320618,2.648375
base,2,p266_301_mic1,p266,data\VCTK\wav48_silence_trimmed\p266\p266_301_mic1.flac,p231,0,1,0.4007226824760437,0.34519827365875244,0.4007226824760437,-0.05552440881729126,2.648375
base,3,p266_301_mic1,p266,data\VCTK\wav48_silence_trimmed\p266\p266_301_mic1.flac,p280,0,1,0.45179682970046997,0.43579748272895813,0.45179682970046997,-0.01599934697151184,2.648375
lca,1,p266_301_mic1,p266,data\VCTK\wav48_silence_trimmed\p266\p266_301_mic1.flac,p250,0,1,0.40220212936401367,0.32530173659324646,0.40220212936401367,-0.07690039277076721,2.648375
lca,2,p266_301_mic1,p266,data\VCTK\wav48_silence_trimmed\p266\p266_301_mic1.flac,p266,1,1,0.39608126878738403,0.39608126878738403,0.39067280292510986,0.00540846586227417,2.648375
lca,3,p266_301_mic1,p266,data\VCTK\wav48_silence_trimmed\p266\p266_301_mic1.flac,p280,0,1,0.3980320692062378,0.38661909103393555,0.3980320692062378,-0.011412978172302246,2.648375
original,0,p267_049_mic2,p267,data\VCTK\wav48_silence_trimmed\p267\p267_049_mic2.flac,p267,1,1,0.710960865020752,0.710960865020752,0.5116976499557495,0.19926321506500244,3.114
base,1,p267_049_mic2,p267,data\VCTK\wav48_silence_trimmed\p267\p267_049_mic2.flac,p280,0,1,0.3495265245437622,0.2594148516654968,0.3495265245437622,-0.09011167287826538,3.114
base,2,p267_049_mic2,p267,data\VCTK\wav48_silence_trimmed\p267\p267_049_mic2.flac,p231,0,1,0.43565481901168823,0.30879563093185425,0.43565481901168823,-0.12685918807983398,3.114
base,3,p267_049_mic2,p267,data\VCTK\wav48_silence_trimmed\p267\p267_049_mic2.flac,p231,0,1,0.5147227048873901,0.42754697799682617,0.5147227048873901,-0.08717572689056396,3.114
lca,1,p267_049_mic2,p267,data\VCTK\wav48_silence_trimmed\p267\p267_049_mic2.flac,p280,0,1,0.42234480381011963,0.2529926896095276,0.42234480381011963,-0.16935211420059204,3.114
lca,2,p267_049_mic2,p267,data\VCTK\wav48_silence_trimmed\p267\p267_049_mic2.flac,p280,0,1,0.5176784992218018,0.28115537762641907,0.5176784992218018,-0.2365231215953827,3.114
lca,3,p267_049_mic2,p267,data\VCTK\wav48_silence_trimmed\p267\p267_049_mic2.flac,p280,0,1,0.5216308832168579,0.3471091389656067,0.5216308832168579,-0.17452174425125122,3.114
original,0,p267_087_mic2,p267,data\VCTK\wav48_silence_trimmed\p267\p267_087_mic2.flac,p267,1,1,0.7694759368896484,0.7694759368896484,0.5057693719863892,0.2637065649032593,3.968875
base,1,p267_087_mic2,p267,data\VCTK\wav48_silence_trimmed\p267\p267_087_mic2.flac,p300,0,1,0.32408660650253296,0.22745515406131744,0.32408660650253296,-0.09663145244121552,3.968875
base,2,p267_087_mic2,p267,data\VCTK\wav48_silence_trimmed\p267\p267_087_mic2.flac,p231,0,1,0.35540252923965454,0.29501524567604065,0.35540252923965454,-0.06038728356361389,3.968875
base,3,p267_087_mic2,p267,data\VCTK\wav48_silence_trimmed\p267\p267_087_mic2.flac,p231,0,1,0.431045264005661,0.36936068534851074,0.431045264005661,-0.06168457865715027,3.968875
lca,1,p267_087_mic2,p267,data\VCTK\wav48_silence_trimmed\p267\p267_087_mic2.flac,p300,0,1,0.3701862692832947,0.18737748265266418,0.3701862692832947,-0.1828087866306305,3.968875
lca,2,p267_087_mic2,p267,data\VCTK\wav48_silence_trimmed\p267\p267_087_mic2.flac,p280,0,1,0.43068110942840576,0.269610732793808,0.43068110942840576,-0.16107037663459778,3.968875
lca,3,p267_087_mic2,p267,data\VCTK\wav48_silence_trimmed\p267\p267_087_mic2.flac,p340,0,1,0.44849061965942383,0.3424130082130432,0.44849061965942383,-0.10607761144638062,3.968875
original,0,p267_123_mic2,p267,data\VCTK\wav48_silence_trimmed\p267\p267_123_mic2.flac,p267,1,1,0.7205643653869629,0.7205643653869629,0.5030333995819092,0.2175309658050537,2.9445625
base,1,p267_123_mic2,p267,data\VCTK\wav48_silence_trimmed\p267\p267_123_mic2.flac,p268,0,1,0.39440667629241943,0.28240588307380676,0.39440667629241943,-0.11200079321861267,2.9445625
base,2,p267_123_mic2,p267,data\VCTK\wav48_silence_trimmed\p267\p267_123_mic2.flac,p268,0,1,0.400158554315567,0.3579830825328827,0.400158554315567,-0.042175471782684326,2.9445625
base,3,p267_123_mic2,p267,data\VCTK\wav48_silence_trimmed\p267\p267_123_mic2.flac,p231,0,1,0.444321870803833,0.3718984127044678,0.444321870803833,-0.07242345809936523,2.9445625
lca,1,p267_123_mic2,p267,data\VCTK\wav48_silence_trimmed\p267\p267_123_mic2.flac,p250,0,1,0.4572489857673645,0.33634161949157715,0.4572489857673645,-0.12090736627578735,2.9445625
lca,2,p267_123_mic2,p267,data\VCTK\wav48_silence_trimmed\p267\p267_123_mic2.flac,p250,0,1,0.5416375398635864,0.36348387598991394,0.5416375398635864,-0.17815366387367249,2.9445625
lca,3,p267_123_mic2,p267,data\VCTK\wav48_silence_trimmed\p267\p267_123_mic2.flac,p280,0,1,0.4963201880455017,0.3489587903022766,0.4963201880455017,-0.1473613977432251,2.9445625
original,0,p267_413_mic2,p267,data\VCTK\wav48_silence_trimmed\p267\p267_413_mic2.flac,p267,1,1,0.6126213073730469,0.6126213073730469,0.5008952617645264,0.11172604560852051,2.2635
base,1,p267_413_mic2,p267,data\VCTK\wav48_silence_trimmed\p267\p267_413_mic2.flac,p262,0,1,0.3499349355697632,0.12955495715141296,0.3499349355697632,-0.22037997841835022,2.2635
base,2,p267_413_mic2,p267,data\VCTK\wav48_silence_trimmed\p267\p267_413_mic2.flac,p231,0,1,0.5007210969924927,0.3101176917552948,0.5007210969924927,-0.19060340523719788,2.2635
base,3,p267_413_mic2,p267,data\VCTK\wav48_silence_trimmed\p267\p267_413_mic2.flac,p231,0,1,0.5714544057846069,0.3756539821624756,0.5714544057846069,-0.19580042362213135,2.2635
lca,1,p267_413_mic2,p267,data\VCTK\wav48_silence_trimmed\p267\p267_413_mic2.flac,p280,0,1,0.3276447653770447,0.18057160079479218,0.3276447653770447,-0.1470731645822525,2.2635
lca,2,p267_413_mic2,p267,data\VCTK\wav48_silence_trimmed\p267\p267_413_mic2.flac,p231,0,1,0.40773236751556396,0.23026981949806213,0.40773236751556396,-0.17746254801750183,2.2635
lca,3,p267_413_mic2,p267,data\VCTK\wav48_silence_trimmed\p267\p267_413_mic2.flac,p231,0,1,0.5074614882469177,0.2894976735115051,0.5074614882469177,-0.2179638147354126,2.2635
original,0,p267_419_mic2,p267,data\VCTK\wav48_silence_trimmed\p267\p267_419_mic2.flac,p267,1,1,0.5546544790267944,0.5546544790267944,0.3920098543167114,0.162644624710083,2.51925
base,1,p267_419_mic2,p267,data\VCTK\wav48_silence_trimmed\p267\p267_419_mic2.flac,p280,0,1,0.3522477149963379,0.18641728162765503,0.3522477149963379,-0.16583043336868286,2.51925
base,2,p267_419_mic2,p267,data\VCTK\wav48_silence_trimmed\p267\p267_419_mic2.flac,p280,0,1,0.35905343294143677,0.2917831540107727,0.35905343294143677,-0.06727027893066406,2.51925
base,3,p267_419_mic2,p267,data\VCTK\wav48_silence_trimmed\p267\p267_419_mic2.flac,p280,0,1,0.4034920930862427,0.2980785071849823,0.4034920930862427,-0.10541358590126038,2.51925
lca,1,p267_419_mic2,p267,data\VCTK\wav48_silence_trimmed\p267\p267_419_mic2.flac,p313,0,1,0.40263277292251587,0.22608226537704468,0.40263277292251587,-0.1765505075454712,2.51925
lca,2,p267_419_mic2,p267,data\VCTK\wav48_silence_trimmed\p267\p267_419_mic2.flac,p313,0,1,0.4242197275161743,0.2830873727798462,0.4242197275161743,-0.14113235473632812,2.51925
lca,3,p267_419_mic2,p267,data\VCTK\wav48_silence_trimmed\p267\p267_419_mic2.flac,p280,0,1,0.4645625948905945,0.29284971952438354,0.4645625948905945,-0.17171287536621094,2.51925
original,0,p268_030_mic1,p268,data\VCTK\wav48_silence_trimmed\p268\p268_030_mic1.flac,p268,1,1,0.6212741732597351,0.6212741732597351,0.3580724596977234,0.2632017135620117,3.329875
base,1,p268_030_mic1,p268,data\VCTK\wav48_silence_trimmed\p268\p268_030_mic1.flac,p280,0,1,0.38318878412246704,0.2308902144432068,0.38318878412246704,-0.15229856967926025,3.329875
base,2,p268_030_mic1,p268,data\VCTK\wav48_silence_trimmed\p268\p268_030_mic1.flac,p268,1,1,0.4211549758911133,0.4211549758911133,0.3965856730937958,0.024569302797317505,3.329875
base,3,p268_030_mic1,p268,data\VCTK\wav48_silence_trimmed\p268\p268_030_mic1.flac,p268,1,1,0.3971870541572571,0.3971870541572571,0.36904650926589966,0.028140544891357422,3.329875
lca,1,p268_030_mic1,p268,data\VCTK\wav48_silence_trimmed\p268\p268_030_mic1.flac,p280,0,1,0.45646873116493225,0.2423129826784134,0.45646873116493225,-0.21415574848651886,3.329875
lca,2,p268_030_mic1,p268,data\VCTK\wav48_silence_trimmed\p268\p268_030_mic1.flac,p280,0,1,0.4456306993961334,0.3202257454395294,0.4456306993961334,-0.125404953956604,3.329875
lca,3,p268_030_mic1,p268,data\VCTK\wav48_silence_trimmed\p268\p268_030_mic1.flac,p280,0,1,0.45275622606277466,0.3519505262374878,0.45275622606277466,-0.10080569982528687,3.329875
original,0,p268_203_mic1,p268,data\VCTK\wav48_silence_trimmed\p268\p268_203_mic1.flac,p268,1,1,0.7411506175994873,0.7411506175994873,0.3640076518058777,0.3771429657936096,3.351125
base,1,p268_203_mic1,p268,data\VCTK\wav48_silence_trimmed\p268\p268_203_mic1.flac,p318,0,1,0.38178563117980957,0.22133779525756836,0.38178563117980957,-0.1604478359222412,3.351125
base,2,p268_203_mic1,p268,data\VCTK\wav48_silence_trimmed\p268\p268_203_mic1.flac,p262,0,1,0.43888866901397705,0.2935628890991211,0.43888866901397705,-0.14532577991485596,3.351125
base,3,p268_203_mic1,p268,data\VCTK\wav48_silence_trimmed\p268\p268_203_mic1.flac,p262,0,1,0.4925106167793274,0.3710571527481079,0.4925106167793274,-0.12145346403121948,3.351125
lca,1,p268_203_mic1,p268,data\VCTK\wav48_silence_trimmed\p268\p268_203_mic1.flac,p280,0,1,0.4080826938152313,0.21087652444839478,0.4080826938152313,-0.19720616936683655,3.351125
lca,2,p268_203_mic1,p268,data\VCTK\wav48_silence_trimmed\p268\p268_203_mic1.flac,p262,0,1,0.47249430418014526,0.2759721279144287,0.47249430418014526,-0.19652217626571655,3.351125
lca,3,p268_203_mic1,p268,data\VCTK\wav48_silence_trimmed\p268\p268_203_mic1.flac,p262,0,1,0.4991236627101898,0.38958925008773804,0.4991236627101898,-0.10953441262245178,3.351125
original,0,p268_204_mic1,p268,data\VCTK\wav48_silence_trimmed\p268\p268_204_mic1.flac,p268,1,1,0.7326388359069824,0.7326388359069824,0.3820781111717224,0.35056072473526,3.4194375
base,1,p268_204_mic1,p268,data\VCTK\wav48_silence_trimmed\p268\p268_204_mic1.flac,p280,0,1,0.40833109617233276,0.3218802809715271,0.40833109617233276,-0.08645081520080566,3.4194375
base,2,p268_204_mic1,p268,data\VCTK\wav48_silence_trimmed\p268\p268_204_mic1.flac,p280,0,1,0.4310395121574402,0.39068639278411865,0.4310395121574402,-0.04035311937332153,3.4194375
base,3,p268_204_mic1,p268,data\VCTK\wav48_silence_trimmed\p268\p268_204_mic1.flac,p268,1,1,0.4614366888999939,0.4614366888999939,0.45402392745018005,0.007412761449813843,3.4194375
lca,1,p268_204_mic1,p268,data\VCTK\wav48_silence_trimmed\p268\p268_204_mic1.flac,p280,0,1,0.5360437631607056,0.3117331862449646,0.5360437631607056,-0.22431057691574097,3.4194375
lca,2,p268_204_mic1,p268,data\VCTK\wav48_silence_trimmed\p268\p268_204_mic1.flac,p280,0,1,0.555343508720398,0.3399451971054077,0.555343508720398,-0.21539831161499023,3.4194375
lca,3,p268_204_mic1,p268,data\VCTK\wav48_silence_trimmed\p268\p268_204_mic1.flac,p280,0,1,0.5472934246063232,0.35656753182411194,0.5472934246063232,-0.1907258927822113,3.4194375
original,0,p268_348_mic1,p268,data\VCTK\wav48_silence_trimmed\p268\p268_348_mic1.flac,p268,1,1,0.7330604195594788,0.7330604195594788,0.3626149296760559,0.37044548988342285,2.936
base,1,p268_348_mic1,p268,data\VCTK\wav48_silence_trimmed\p268\p268_348_mic1.flac,p280,0,1,0.32488200068473816,0.22444522380828857,0.32488200068473816,-0.10043677687644958,2.936
base,2,p268_348_mic1,p268,data\VCTK\wav48_silence_trimmed\p268\p268_348_mic1.flac,p269,0,1,0.38631492853164673,0.31584349274635315,0.38631492853164673,-0.07047143578529358,2.936
base,3,p268_348_mic1,p268,data\VCTK\wav48_silence_trimmed\p268\p268_348_mic1.flac,p269,0,1,0.4079160988330841,0.3430688977241516,0.4079160988330841,-0.0648472011089325,2.936
lca,1,p268_348_mic1,p268,data\VCTK\wav48_silence_trimmed\p268\p268_348_mic1.flac,p244,0,1,0.3681844472885132,0.24856819212436676,0.3681844472885132,-0.11961625516414642,2.936
lca,2,p268_348_mic1,p268,data\VCTK\wav48_silence_trimmed\p268\p268_348_mic1.flac,p250,0,1,0.48439961671829224,0.37744247913360596,0.48439961671829224,-0.10695713758468628,2.936
lca,3,p268_348_mic1,p268,data\VCTK\wav48_silence_trimmed\p268\p268_348_mic1.flac,p280,0,1,0.4641951322555542,0.35103121399879456,0.4641951322555542,-0.11316391825675964,2.936
original,0,p268_386_mic2,p268,data\VCTK\wav48_silence_trimmed\p268\p268_386_mic2.flac,p268,1,1,0.7575961351394653,0.7575961351394653,0.4061841070652008,0.3514120280742645,3.5455625
base,1,p268_386_mic2,p268,data\VCTK\wav48_silence_trimmed\p268\p268_386_mic2.flac,p280,0,1,0.4335402548313141,0.41415274143218994,0.4335402548313141,-0.019387513399124146,3.5455625
base,2,p268_386_mic2,p268,data\VCTK\wav48_silence_trimmed\p268\p268_386_mic2.flac,p268,1,1,0.49547886848449707,0.49547886848449707,0.4694438576698303,0.026035010814666748,3.5455625
base,3,p268_386_mic2,p268,data\VCTK\wav48_silence_trimmed\p268\p268_386_mic2.flac,p268,1,1,0.5403745174407959,0.5403745174407959,0.4774147868156433,0.06295973062515259,3.5455625
lca,1,p268_386_mic2,p268,data\VCTK\wav48_silence_trimmed\p268\p268_386_mic2.flac,p280,0,1,0.4689785838127136,0.2470194697380066,0.4689785838127136,-0.22195911407470703,3.5455625
lca,2,p268_386_mic2,p268,data\VCTK\wav48_silence_trimmed\p268\p268_386_mic2.flac,p280,0,1,0.5247613191604614,0.34167683124542236,0.5247613191604614,-0.18308448791503906,3.5455625
lca,3,p268_386_mic2,p268,data\VCTK\wav48_silence_trimmed\p268\p268_386_mic2.flac,p280,0,1,0.5471404194831848,0.3543592095375061,0.5471404194831848,-0.1927812099456787,3.5455625
original,0,p269_006_mic1,p269,data\VCTK\wav48_silence_trimmed\p269\p269_006_mic1.flac,p269,1,1,0.7357828617095947,0.7357828617095947,0.49953901767730713,0.2362438440322876,5.1649375
base,1,p269_006_mic1,p269,data\VCTK\wav48_silence_trimmed\p269\p269_006_mic1.flac,p262,0,1,0.3745776414871216,0.2952703535556793,0.3745776414871216,-0.07930728793144226,5.1649375
base,2,p269_006_mic1,p269,data\VCTK\wav48_silence_trimmed\p269\p269_006_mic1.flac,p269,1,1,0.43304893374443054,0.43304893374443054,0.4025801420211792,0.030468791723251343,5.1649375
base,3,p269_006_mic1,p269,data\VCTK\wav48_silence_trimmed\p269\p269_006_mic1.flac,p269,1,1,0.4713876247406006,0.4713876247406006,0.42620745301246643,0.045180171728134155,5.1649375
lca,1,p269_006_mic1,p269,data\VCTK\wav48_silence_trimmed\p269\p269_006_mic1.flac,p280,0,1,0.40415722131729126,0.24501973390579224,0.40415722131729126,-0.15913748741149902,5.1649375
lca,2,p269_006_mic1,p269,data\VCTK\wav48_silence_trimmed\p269\p269_006_mic1.flac,p280,0,1,0.3999764621257782,0.27239781618118286,0.3999764621257782,-0.12757864594459534,5.1649375
lca,3,p269_006_mic1,p269,data\VCTK\wav48_silence_trimmed\p269\p269_006_mic1.flac,p250,0,1,0.4312024712562561,0.33854150772094727,0.4312024712562561,-0.09266096353530884,5.1649375
original,0,p269_013_mic2,p269,data\VCTK\wav48_silence_trimmed\p269\p269_013_mic2.flac,p269,1,1,0.7197993993759155,0.7197993993759155,0.5141564607620239,0.2056429386138916,4.161625
base,1,p269_013_mic2,p269,data\VCTK\wav48_silence_trimmed\p269\p269_013_mic2.flac,p262,0,1,0.3988219201564789,0.32891181111335754,0.3988219201564789,-0.06991010904312134,4.161625
base,2,p269_013_mic2,p269,data\VCTK\wav48_silence_trimmed\p269\p269_013_mic2.flac,p269,1,1,0.4297062158584595,0.4297062158584595,0.42169785499572754,0.008008360862731934,4.161625
base,3,p269_013_mic2,p269,data\VCTK\wav48_silence_trimmed\p269\p269_013_mic2.flac,p262,0,1,0.431879460811615,0.4070405960083008,0.431879460811615,-0.02483886480331421,4.161625
lca,1,p269_013_mic2,p269,data\VCTK\wav48_silence_trimmed\p269\p269_013_mic2.flac,p280,0,1,0.39940643310546875,0.2443750947713852,0.39940643310546875,-0.15503133833408356,4.161625
lca,2,p269_013_mic2,p269,data\VCTK\wav48_silence_trimmed\p269\p269_013_mic2.flac,p262,0,1,0.4276711344718933,0.2947157323360443,0.4276711344718933,-0.132955402135849,4.161625
lca,3,p269_013_mic2,p269,data\VCTK\wav48_silence_trimmed\p269\p269_013_mic2.flac,p340,0,1,0.4327874779701233,0.2974325120449066,0.4327874779701233,-0.13535496592521667,4.161625
original,0,p269_154_mic2,p269,data\VCTK\wav48_silence_trimmed\p269\p269_154_mic2.flac,p269,1,1,0.6094633340835571,0.6094633340835571,0.5154860019683838,0.09397733211517334,2.76
base,1,p269_154_mic2,p269,data\VCTK\wav48_silence_trimmed\p269\p269_154_mic2.flac,p262,0,1,0.35305267572402954,0.11543683707714081,0.35305267572402954,-0.23761583864688873,2.76
base,2,p269_154_mic2,p269,data\VCTK\wav48_silence_trimmed\p269\p269_154_mic2.flac,p262,0,1,0.3708902597427368,0.326372355222702,0.3708902597427368,-0.04451790452003479,2.76
base,3,p269_154_mic2,p269,data\VCTK\wav48_silence_trimmed\p269\p269_154_mic2.flac,p269,1,1,0.3553173243999481,0.3553173243999481,0.3519746661186218,0.003342658281326294,2.76
lca,1,p269_154_mic2,p269,data\VCTK\wav48_silence_trimmed\p269\p269_154_mic2.flac,p313,0,1,0.39181452989578247,0.11687973886728287,0.39181452989578247,-0.2749347910284996,2.76
lca,2,p269_154_mic2,p269,data\VCTK\wav48_silence_trimmed\p269\p269_154_mic2.flac,p250,0,1,0.455289363861084,0.15816271305084229,0.455289363861084,-0.2971266508102417,2.76
lca,3,p269_154_mic2,p269,data\VCTK\wav48_silence_trimmed\p269\p269_154_mic2.flac,p280,0,1,0.44331061840057373,0.20065876841545105,0.44331061840057373,-0.24265184998512268,2.76
original,0,p269_258_mic1,p269,data\VCTK\wav48_silence_trimmed\p269\p269_258_mic1.flac,p269,1,1,0.7377142906188965,0.7377142906188965,0.49260494112968445,0.24510934948921204,4.594
base,1,p269_258_mic1,p269,data\VCTK\wav48_silence_trimmed\p269\p269_258_mic1.flac,p262,0,1,0.4240362048149109,0.3433384299278259,0.4240362048149109,-0.08069777488708496,4.594
base,2,p269_258_mic1,p269,data\VCTK\wav48_silence_trimmed\p269\p269_258_mic1.flac,p262,0,1,0.5177040100097656,0.4272450804710388,0.5177040100097656,-0.0904589295387268,4.594
base,3,p269_258_mic1,p269,data\VCTK\wav48_silence_trimmed\p269\p269_258_mic1.flac,p262,0,1,0.5095668435096741,0.4254133701324463,0.5095668435096741,-0.08415347337722778,4.594
lca,1,p269_258_mic1,p269,data\VCTK\wav48_silence_trimmed\p269\p269_258_mic1.flac,p280,0,1,0.38497066497802734,0.21172770857810974,0.38497066497802734,-0.1732429563999176,4.594
lca,2,p269_258_mic1,p269,data\VCTK\wav48_silence_trimmed\p269\p269_258_mic1.flac,p262,0,1,0.5204364061355591,0.3283938467502594,0.5204364061355591,-0.19204255938529968,4.594
lca,3,p269_258_mic1,p269,data\VCTK\wav48_silence_trimmed\p269\p269_258_mic1.flac,p262,0,1,0.5068139433860779,0.353979229927063,0.5068139433860779,-0.1528347134590149,4.594
original,0,p269_310_mic1,p269,data\VCTK\wav48_silence_trimmed\p269\p269_310_mic1.flac,p269,1,1,0.5186421871185303,0.5186421871185303,0.375133752822876,0.1435084342956543,2.531375
base,1,p269_310_mic1,p269,data\VCTK\wav48_silence_trimmed\p269\p269_310_mic1.flac,p343,0,1,0.32623404264450073,0.1770707368850708,0.32623404264450073,-0.14916330575942993,2.531375
base,2,p269_310_mic1,p269,data\VCTK\wav48_silence_trimmed\p269\p269_310_mic1.flac,p343,0,1,0.3639003038406372,0.2591925263404846,0.3639003038406372,-0.10470777750015259,2.531375
base,3,p269_310_mic1,p269,data\VCTK\wav48_silence_trimmed\p269\p269_310_mic1.flac,p295,0,1,0.369307279586792,0.2849862575531006,0.369307279586792,-0.0843210220336914,2.531375
lca,1,p269_310_mic1,p269,data\VCTK\wav48_silence_trimmed\p269\p269_310_mic1.flac,p343,0,1,0.32038575410842896,0.10474807024002075,0.32038575410842896,-0.2156376838684082,2.531375
lca,2,p269_310_mic1,p269,data\VCTK\wav48_silence_trimmed\p269\p269_310_mic1.flac,p308,0,1,0.403383731842041,0.2251758873462677,0.403383731842041,-0.17820784449577332,2.531375
lca,3,p269_310_mic1,p269,data\VCTK\wav48_silence_trimmed\p269\p269_310_mic1.flac,p308,0,1,0.4268650412559509,0.26903170347213745,0.4268650412559509,-0.15783333778381348,2.531375
original,0,p270_153_mic2,p270,data\VCTK\wav48_silence_trimmed\p270\p270_153_mic2.flac,p270,1,1,0.7661341428756714,0.7661341428756714,0.5063081979751587,0.2598259449005127,2.347875
base,1,p270_153_mic2,p270,data\VCTK\wav48_silence_trimmed\p270\p270_153_mic2.flac,p246,0,1,0.3023430407047272,0.17795658111572266,0.3023430407047272,-0.12438645958900452,2.347875
base,2,p270_153_mic2,p270,data\VCTK\wav48_silence_trimmed\p270\p270_153_mic2.flac,p270,1,1,0.4291912913322449,0.4291912913322449,0.37715739011764526,0.05203390121459961,2.347875
base,3,p270_153_mic2,p270,data\VCTK\wav48_silence_trimmed\p270\p270_153_mic2.flac,p243,0,1,0.47151297330856323,0.3894234597682953,0.47151297330856323,-0.08208951354026794,2.347875
lca,1,p270_153_mic2,p270,data\VCTK\wav48_silence_trimmed\p270\p270_153_mic2.flac,p270,1,1,0.30969172716140747,0.30969172716140747,0.30655479431152344,0.003136932849884033,2.347875
lca,2,p270_153_mic2,p270,data\VCTK\wav48_silence_trimmed\p270\p270_153_mic2.flac,p270,1,1,0.3992602229118347,0.3992602229118347,0.3510338068008423,0.04822641611099243,2.347875
lca,3,p270_153_mic2,p270,data\VCTK\wav48_silence_trimmed\p270\p270_153_mic2.flac,p364,0,1,0.42688804864883423,0.3739999532699585,0.42688804864883423,-0.05288809537887573,2.347875
original,0,p270_160_mic1,p270,data\VCTK\wav48_silence_trimmed\p270\p270_160_mic1.flac,p270,1,1,0.6711937785148621,0.6711937785148621,0.43669241666793823,0.23450136184692383,2.1785
base,1,p270_160_mic1,p270,data\VCTK\wav48_silence_trimmed\p270\p270_160_mic1.flac,p243,0,1,0.32112371921539307,0.19934482872486115,0.32112371921539307,-0.12177889049053192,2.1785
base,2,p270_160_mic1,p270,data\VCTK\wav48_silence_trimmed\p270\p270_160_mic1.flac,p243,0,1,0.376920610666275,0.1963823139667511,0.376920610666275,-0.18053829669952393,2.1785
base,3,p270_160_mic1,p270,data\VCTK\wav48_silence_trimmed\p270\p270_160_mic1.flac,p243,0,1,0.36890459060668945,0.2901213467121124,0.36890459060668945,-0.07878324389457703,2.1785
lca,1,p270_160_mic1,p270,data\VCTK\wav48_silence_trimmed\p270\p270_160_mic1.flac,p364,0,1,0.3612637519836426,0.2774161100387573,0.3612637519836426,-0.08384764194488525,2.1785
lca,2,p270_160_mic1,p270,data\VCTK\wav48_silence_trimmed\p270\p270_160_mic1.flac,p364,0,1,0.3196037709712982,0.2497747838497162,0.3196037709712982,-0.06982898712158203,2.1785
lca,3,p270_160_mic1,p270,data\VCTK\wav48_silence_trimmed\p270\p270_160_mic1.flac,p270,1,1,0.3101709485054016,0.3101709485054016,0.30302464962005615,0.007146298885345459,2.1785
original,0,p270_253_mic1,p270,data\VCTK\wav48_silence_trimmed\p270\p270_253_mic1.flac,p270,1,1,0.7702746987342834,0.7702746987342834,0.4097117483615875,0.3605629503726959,2.6714375
base,1,p270_253_mic1,p270,data\VCTK\wav48_silence_trimmed\p270\p270_253_mic1.flac,p226,0,1,0.2988817095756531,0.23039811849594116,0.2988817095756531,-0.06848359107971191,2.6714375
base,2,p270_253_mic1,p270,data\VCTK\wav48_silence_trimmed\p270\p270_253_mic1.flac,p258,0,1,0.2766018509864807,0.2688801884651184,0.2766018509864807,-0.007721662521362305,2.6714375
base,3,p270_253_mic1,p270,data\VCTK\wav48_silence_trimmed\p270\p270_253_mic1.flac,p270,1,1,0.3208290636539459,0.3208290636539459,0.283689945936203,0.03713911771774292,2.6714375
lca,1,p270_253_mic1,p270,data\VCTK\wav48_silence_trimmed\p270\p270_253_mic1.flac,p347,0,1,0.322482168674469,0.29301634430885315,0.322482168674469,-0.029465824365615845,2.6714375
lca,2,p270_253_mic1,p270,data\VCTK\wav48_silence_trimmed\p270\p270_253_mic1.flac,p270,1,1,0.3143606185913086,0.3143606185913086,0.30442002415657043,0.00994059443473816,2.6714375
lca,3,p270_253_mic1,p270,data\VCTK\wav48_silence_trimmed\p270\p270_253_mic1.flac,p270,1,1,0.35566937923431396,0.35566937923431396,0.34731602668762207,0.008353352546691895,2.6714375
original,0,p270_327_mic2,p270,data\VCTK\wav48_silence_trimmed\p270\p270_327_mic2.flac,p270,1,1,0.7294692993164062,0.7294692993164062,0.4584658145904541,0.27100348472595215,2.906125
base,1,p270_327_mic2,p270,data\VCTK\wav48_silence_trimmed\p270\p270_327_mic2.flac,p364,0,1,0.3082978129386902,0.2762182652950287,0.3082978129386902,-0.0320795476436615,2.906125
base,2,p270_327_mic2,p270,data\VCTK\wav48_silence_trimmed\p270\p270_327_mic2.flac,p270,1,1,0.31806161999702454,0.31806161999702454,0.2688581049442291,0.04920351505279541,2.906125
base,3,p270_327_mic2,p270,data\VCTK\wav48_silence_trimmed\p270\p270_327_mic2.flac,p270,1,1,0.3210718035697937,0.3210718035697937,0.2625557780265808,0.05851602554321289,2.906125
lca,1,p270_327_mic2,p270,data\VCTK\wav48_silence_trimmed\p270\p270_327_mic2.flac,p364,0,1,0.3163764476776123,0.20888769626617432,0.3163764476776123,-0.10748875141143799,2.906125
lca,2,p270_327_mic2,p270,data\VCTK\wav48_silence_trimmed\p270\p270_327_mic2.flac,p252,0,1,0.36811119318008423,0.2677471935749054,0.36811119318008423,-0.10036399960517883,2.906125
lca,3,p270_327_mic2,p270,data\VCTK\wav48_silence_trimmed\p270\p270_327_mic2.flac,p347,0,1,0.3703575134277344,0.31952470541000366,0.3703575134277344,-0.05083280801773071,2.906125
original,0,p270_387_mic1,p270,data\VCTK\wav48_silence_trimmed\p270\p270_387_mic1.flac,p270,1,1,0.7433945536613464,0.7433945536613464,0.37168920040130615,0.3717053532600403,3.7129375
base,1,p270_387_mic1,p270,data\VCTK\wav48_silence_trimmed\p270\p270_387_mic1.flac,p302,0,1,0.3185741603374481,0.2079697996377945,0.3185741603374481,-0.11060436069965363,3.7129375
base,2,p270_387_mic1,p270,data\VCTK\wav48_silence_trimmed\p270\p270_387_mic1.flac,p364,0,1,0.3343234658241272,0.2744690477848053,0.3343234658241272,-0.0598544180393219,3.7129375
base,3,p270_387_mic1,p270,data\VCTK\wav48_silence_trimmed\p270\p270_387_mic1.flac,p270,1,1,0.40997159481048584,0.40997159481048584,0.341149240732193,0.06882235407829285,3.7129375
lca,1,p270_387_mic1,p270,data\VCTK\wav48_silence_trimmed\p270\p270_387_mic1.flac,p364,0,1,0.4161701202392578,0.22155894339084625,0.4161701202392578,-0.19461117684841156,3.7129375
lca,2,p270_387_mic1,p270,data\VCTK\wav48_silence_trimmed\p270\p270_387_mic1.flac,p252,0,1,0.3509315252304077,0.31277191638946533,0.3509315252304077,-0.03815960884094238,3.7129375
lca,3,p270_387_mic1,p270,data\VCTK\wav48_silence_trimmed\p270\p270_387_mic1.flac,p252,0,1,0.4378465414047241,0.3832698464393616,0.4378465414047241,-0.05457669496536255,3.7129375
original,0,p271_063_mic1,p271,data\VCTK\wav48_silence_trimmed\p271\p271_063_mic1.flac,p271,1,1,0.7902264595031738,0.7902264595031738,0.35791701078414917,0.43230944871902466,4.3165
base,1,p271_063_mic1,p271,data\VCTK\wav48_silence_trimmed\p271\p271_063_mic1.flac,p302,0,1,0.35803818702697754,0.2817682921886444,0.35803818702697754,-0.07626989483833313,4.3165
base,2,p271_063_mic1,p271,data\VCTK\wav48_silence_trimmed\p271\p271_063_mic1.flac,p271,1,1,0.46452024579048157,0.46452024579048157,0.3324265480041504,0.13209369778633118,4.3165
base,3,p271_063_mic1,p271,data\VCTK\wav48_silence_trimmed\p271\p271_063_mic1.flac,p271,1,1,0.5508431196212769,0.5508431196212769,0.3174639642238617,0.23337915539741516,4.3165
lca,1,p271_063_mic1,p271,data\VCTK\wav48_silence_trimmed\p271\p271_063_mic1.flac,p364,0,1,0.3678877353668213,0.2975614666938782,0.3678877353668213,-0.07032626867294312,4.3165
lca,2,p271_063_mic1,p271,data\VCTK\wav48_silence_trimmed\p271\p271_063_mic1.flac,p271,1,1,0.3385460674762726,0.3385460674762726,0.31103962659835815,0.02750644087791443,4.3165
lca,3,p271_063_mic1,p271,data\VCTK\wav48_silence_trimmed\p271\p271_063_mic1.flac,p271,1,1,0.41835808753967285,0.41835808753967285,0.31087470054626465,0.1074833869934082,4.3165
original,0,p271_190_mic2,p271,data\VCTK\wav48_silence_trimmed\p271\p271_190_mic2.flac,p271,1,1,0.6946794986724854,0.6946794986724854,0.35493794083595276,0.3397415578365326,3.797875
base,1,p271_190_mic2,p271,data\VCTK\wav48_silence_trimmed\p271\p271_190_mic2.flac,p302,0,1,0.3112844228744507,0.2867894470691681,0.3112844228744507,-0.024494975805282593,3.797875
base,2,p271_190_mic2,p271,data\VCTK\wav48_silence_trimmed\p271\p271_190_mic2.flac,p271,1,1,0.44175732135772705,0.44175732135772705,0.31767356395721436,0.1240837574005127,3.797875
base,3,p271_190_mic2,p271,data\VCTK\wav48_silence_trimmed\p271\p271_190_mic2.flac,p271,1,1,0.44856947660446167,0.44856947660446167,0.36087554693222046,0.08769392967224121,3.797875
lca,1,p271_190_mic2,p271,data\VCTK\wav48_silence_trimmed\p271\p271_190_mic2.flac,p271,1,1,0.3175313472747803,0.3175313472747803,0.2856309115886688,0.03190043568611145,3.797875
lca,2,p271_190_mic2,p271,data\VCTK\wav48_silence_trimmed\p271\p271_190_mic2.flac,p271,1,1,0.38430532813072205,0.38430532813072205,0.3513301610946655,0.03297516703605652,3.797875
lca,3,p271_190_mic2,p271,data\VCTK\wav48_silence_trimmed\p271\p271_190_mic2.flac,p271,1,1,0.38595229387283325,0.38595229387283325,0.3690989017486572,0.016853392124176025,3.797875
original,0,p271_251_mic2,p271,data\VCTK\wav48_silence_trimmed\p271\p271_251_mic2.flac,p271,1,1,0.8194423913955688,0.8194423913955688,0.35437458753585815,0.4650678038597107,3.664
base,1,p271_251_mic2,p271,data\VCTK\wav48_silence_trimmed\p271\p271_251_mic2.flac,p364,0,1,0.33324339985847473,0.24914544820785522,0.33324339985847473,-0.0840979516506195,3.664
base,2,p271_251_mic2,p271,data\VCTK\wav48_silence_trimmed\p271\p271_251_mic2.flac,p271,1,1,0.41490456461906433,0.41490456461906433,0.31285467743873596,0.10204988718032837,3.664
base,3,p271_251_mic2,p271,data\VCTK\wav48_silence_trimmed\p271\p271_251_mic2.flac,p271,1,1,0.5145254731178284,0.5145254731178284,0.3108938932418823,0.20363157987594604,3.664
lca,1,p271_251_mic2,p271,data\VCTK\wav48_silence_trimmed\p271\p271_251_mic2.flac,p271,1,1,0.33076703548431396,0.33076703548431396,0.3076542019844055,0.023112833499908447,3.664
lca,2,p271_251_mic2,p271,data\VCTK\wav48_silence_trimmed\p271\p271_251_mic2.flac,p271,1,1,0.3689713478088379,0.3689713478088379,0.30653226375579834,0.06243908405303955,3.664
lca,3,p271_251_mic2,p271,data\VCTK\wav48_silence_trimmed\p271\p271_251_mic2.flac,p271,1,1,0.4380030035972595,0.4380030035972595,0.29251527786254883,0.1454877257347107,3.664
original,0,p271_385_mic1,p271,data\VCTK\wav48_silence_trimmed\p271\p271_385_mic1.flac,p271,1,1,0.6232050657272339,0.6232050657272339,0.4339987635612488,0.1892063021659851,3.4436875
base,1,p271_385_mic1,p271,data\VCTK\wav48_silence_trimmed\p271\p271_385_mic1.flac,p374,0,1,0.34463590383529663,0.2292211949825287,0.34463590383529663,-0.11541470885276794,3.4436875
base,2,p271_385_mic1,p271,data\VCTK\wav48_silence_trimmed\p271\p271_385_mic1.flac,p271,1,1,0.469279021024704,0.469279021024704,0.37231671810150146,0.09696230292320251,3.4436875
base,3,p271_385_mic1,p271,data\VCTK\wav48_silence_trimmed\p271\p271_385_mic1.flac,p271,1,1,0.4650596082210541,0.4650596082210541,0.39562517404556274,0.06943443417549133,3.4436875
lca,1,p271_385_mic1,p271,data\VCTK\wav48_silence_trimmed\p271\p271_385_mic1.flac,p347,0,1,0.3360227942466736,0.31640881299972534,0.3360227942466736,-0.019613981246948242,3.4436875
lca,2,p271_385_mic1,p271,data\VCTK\wav48_silence_trimmed\p271\p271_385_mic1.flac,p271,1,1,0.3817737400531769,0.3817737400531769,0.3434068560600281,0.038366883993148804,3.4436875
lca,3,p271_385_mic1,p271,data\VCTK\wav48_silence_trimmed\p271\p271_385_mic1.flac,p347,0,1,0.3677191436290741,0.36627352237701416,0.3677191436290741,-0.0014456212520599365,3.4436875
original,0,p271_423_mic1,p271,data\VCTK\wav48_silence_trimmed\p271\p271_423_mic1.flac,p271,1,1,0.6946930289268494,0.6946930289268494,0.45496681332588196,0.2397262156009674,2.793875
base,1,p271_423_mic1,p271,data\VCTK\wav48_silence_trimmed\p271\p271_423_mic1.flac,p270,0,1,0.3474731743335724,0.2023019939661026,0.3474731743335724,-0.1451711803674698,2.793875
base,2,p271_423_mic1,p271,data\VCTK\wav48_silence_trimmed\p271\p271_423_mic1.flac,p271,1,1,0.41339245438575745,0.41339245438575745,0.36038482189178467,0.05300763249397278,2.793875
base,3,p271_423_mic1,p271,data\VCTK\wav48_silence_trimmed\p271\p271_423_mic1.flac,p271,1,1,0.44262608885765076,0.44262608885765076,0.38548341393470764,0.057142674922943115,2.793875
lca,1,p271_423_mic1,p271,data\VCTK\wav48_silence_trimmed\p271\p271_423_mic1.flac,p364,0,1,0.31304931640625,0.17711281776428223,0.31304931640625,-0.13593649864196777,2.793875
lca,2,p271_423_mic1,p271,data\VCTK\wav48_silence_trimmed\p271\p271_423_mic1.flac,p364,0,1,0.3207058310508728,0.3067706227302551,0.3207058310508728,-0.013935208320617676,2.793875
lca,3,p271_423_mic1,p271,data\VCTK\wav48_silence_trimmed\p271\p271_423_mic1.flac,p271,1,1,0.390741765499115,0.390741765499115,0.37825074791908264,0.012491017580032349,2.793875
original,0,p272_187_mic2,p272,data\VCTK\wav48_silence_trimmed\p272\p272_187_mic2.flac,p272,1,1,0.7544673085212708,0.7544673085212708,0.29683059453964233,0.4576367139816284,4.1829375
base,1,p272_187_mic2,p272,data\VCTK\wav48_silence_trimmed\p272\p272_187_mic2.flac,p270,0,0,0.23633988201618195,0.05842772126197815,0.23633988201618195,-0.1779121607542038,4.1829375
base,2,p272_187_mic2,p272,data\VCTK\wav48_silence_trimmed\p272\p272_187_mic2.flac,p287,0,1,0.33631181716918945,0.3157680630683899,0.33631181716918945,-0.02054375410079956,4.1829375
base,3,p272_187_mic2,p272,data\VCTK\wav48_silence_trimmed\p272\p272_187_mic2.flac,p275,0,1,0.369579017162323,0.34273481369018555,0.369579017162323,-0.02684420347213745,4.1829375
lca,1,p272_187_mic2,p272,data\VCTK\wav48_silence_trimmed\p272\p272_187_mic2.flac,p347,0,1,0.27491676807403564,0.09791454672813416,0.27491676807403564,-0.1770022213459015,4.1829375
lca,2,p272_187_mic2,p272,data\VCTK\wav48_silence_trimmed\p272\p272_187_mic2.flac,p226,0,1,0.3546552360057831,0.11070095002651215,0.3546552360057831,-0.24395428597927094,4.1829375
lca,3,p272_187_mic2,p272,data\VCTK\wav48_silence_trimmed\p272\p272_187_mic2.flac,p347,0,1,0.3436874747276306,0.16979879140853882,0.3436874747276306,-0.1738886833190918,4.1829375
original,0,p272_191_mic2,p272,data\VCTK\wav48_silence_trimmed\p272\p272_191_mic2.flac,p272,1,1,0.7204509973526001,0.7204509973526001,0.31449568271636963,0.40595531463623047,2.9475625
base,1,p272_191_mic2,p272,data\VCTK\wav48_silence_trimmed\p272\p272_191_mic2.flac,p364,0,1,0.2936798334121704,0.06305252015590668,0.2936798334121704,-0.23062731325626373,2.9475625
base,2,p272_191_mic2,p272,data\VCTK\wav48_silence_trimmed\p272\p272_191_mic2.flac,p376,0,1,0.36181557178497314,0.2607991099357605,0.36181557178497314,-0.10101646184921265,2.9475625
base,3,p272_191_mic2,p272,data\VCTK\wav48_silence_trimmed\p272\p272_191_mic2.flac,p363,0,1,0.3528834879398346,0.33443453907966614,0.3528834879398346,-0.018448948860168457,2.9475625
lca,1,p272_191_mic2,p272,data\VCTK\wav48_silence_trimmed\p272\p272_191_mic2.flac,p364,0,1,0.3886956572532654,0.09268780797719955,0.3886956572532654,-0.2960078492760658,2.9475625
lca,2,p272_191_mic2,p272,data\VCTK\wav48_silence_trimmed\p272\p272_191_mic2.flac,p364,0,1,0.4185914397239685,0.1615884006023407,0.4185914397239685,-0.2570030391216278,2.9475625
lca,3,p272_191_mic2,p272,data\VCTK\wav48_silence_trimmed\p272\p272_191_mic2.flac,p364,0,1,0.41567760705947876,0.20545867085456848,0.41567760705947876,-0.21021893620491028,2.9475625
original,0,p272_219_mic1,p272,data\VCTK\wav48_silence_trimmed\p272\p272_219_mic1.flac,p272,1,1,0.6660839319229126,0.6660839319229126,0.3077026605606079,0.3583812713623047,3.1903125
base,1,p272_219_mic1,p272,data\VCTK\wav48_silence_trimmed\p272\p272_219_mic1.flac,p292,0,1,0.30836039781570435,0.12227214872837067,0.30836039781570435,-0.18608824908733368,3.1903125
base,2,p272_219_mic1,p272,data\VCTK\wav48_silence_trimmed\p272\p272_219_mic1.flac,p298,0,1,0.3176446557044983,0.2233186960220337,0.3176446557044983,-0.0943259596824646,3.1903125
base,3,p272_219_mic1,p272,data\VCTK\wav48_silence_trimmed\p272\p272_219_mic1.flac,p272,1,1,0.3277314305305481,0.3277314305305481,0.31326568126678467,0.014465749263763428,3.1903125
lca,1,p272_219_mic1,p272,data\VCTK\wav48_silence_trimmed\p272\p272_219_mic1.flac,p226,0,1,0.30587565898895264,0.02020050212740898,0.30587565898895264,-0.28567515686154366,3.1903125
lca,2,p272_219_mic1,p272,data\VCTK\wav48_silence_trimmed\p272\p272_219_mic1.flac,p252,0,1,0.3906167149543762,0.10531853139400482,0.3906167149543762,-0.2852981835603714,3.1903125
lca,3,p272_219_mic1,p272,data\VCTK\wav48_silence_trimmed\p272\p272_219_mic1.flac,p298,0,1,0.37755078077316284,0.19786331057548523,0.37755078077316284,-0.1796874701976776,3.1903125
original,0,p272_251_mic2,p272,data\VCTK\wav48_silence_trimmed\p272\p272_251_mic2.flac,p272,1,1,0.657174289226532,0.657174289226532,0.32981163263320923,0.32736265659332275,2.3070625
base,1,p272_251_mic2,p272,data\VCTK\wav48_silence_trimmed\p272\p272_251_mic2.flac,p364,0,1,0.30608755350112915,0.1362425684928894,0.30608755350112915,-0.16984498500823975,2.3070625
base,2,p272_251_mic2,p272,data\VCTK\wav48_silence_trimmed\p272\p272_251_mic2.flac,p364,0,1,0.3655022978782654,0.252677857875824,0.3655022978782654,-0.1128244400024414,2.3070625
base,3,p272_251_mic2,p272,data\VCTK\wav48_silence_trimmed\p272\p272_251_mic2.flac,p364,0,1,0.35330095887184143,0.27913573384284973,0.35330095887184143,-0.0741652250289917,2.3070625
lca,1,p272_251_mic2,p272,data\VCTK\wav48_silence_trimmed\p272\p272_251_mic2.flac,p364,0,1,0.3966432213783264,0.08021122217178345,0.3966432213783264,-0.31643199920654297,2.3070625
lca,2,p272_251_mic2,p272,data\VCTK\wav48_silence_trimmed\p272\p272_251_mic2.flac,p364,0,1,0.37549909949302673,0.14280463755130768,0.37549909949302673,-0.23269446194171906,2.3070625
lca,3,p272_251_mic2,p272,data\VCTK\wav48_silence_trimmed\p272\p272_251_mic2.flac,p364,0,1,0.3930318355560303,0.12471191585063934,0.3930318355560303,-0.26831991970539093,2.3070625
original,0,p272_306_mic1,p272,data\VCTK\wav48_silence_trimmed\p272\p272_306_mic1.flac,p272,1,1,0.6696299314498901,0.6696299314498901,0.3379471004009247,0.33168283104896545,2.3054375
base,1,p272_306_mic1,p272,data\VCTK\wav48_silence_trimmed\p272\p272_306_mic1.flac,p364,0,1,0.2916240096092224,0.0353882759809494,0.2916240096092224,-0.256235733628273,2.3054375
base,2,p272_306_mic1,p272,data\VCTK\wav48_silence_trimmed\p272\p272_306_mic1.flac,p364,0,1,0.34177932143211365,0.2062966227531433,0.34177932143211365,-0.13548269867897034,2.3054375
base,3,p272_306_mic1,p272,data\VCTK\wav48_silence_trimmed\p272\p272_306_mic1.flac,p316,0,1,0.282309353351593,0.2453123778104782,0.282309353351593,-0.03699697554111481,2.3054375
lca,1,p272_306_mic1,p272,data\VCTK\wav48_silence_trimmed\p272\p272_306_mic1.flac,p364,0,1,0.3215498924255371,0.08685526251792908,0.3215498924255371,-0.23469462990760803,2.3054375
lca,2,p272_306_mic1,p272,data\VCTK\wav48_silence_trimmed\p272\p272_306_mic1.flac,p364,0,1,0.3427225351333618,0.21582770347595215,0.3427225351333618,-0.12689483165740967,2.3054375
lca,3,p272_306_mic1,p272,data\VCTK\wav48_silence_trimmed\p272\p272_306_mic1.flac,p364,0,1,0.32630956172943115,0.18219634890556335,0.32630956172943115,-0.1441132128238678,2.3054375
original,0,p273_151_mic2,p273,data\VCTK\wav48_silence_trimmed\p273\p273_151_mic2.flac,p273,1,1,0.666165828704834,0.666165828704834,0.37259429693222046,0.2935715317726135,2.6398125
base,1,p273_151_mic2,p273,data\VCTK\wav48_silence_trimmed\p273\p273_151_mic2.flac,p273,1,1,0.3179376423358917,0.3179376423358917,0.30004554986953735,0.01789209246635437,2.6398125
base,2,p273_151_mic2,p273,data\VCTK\wav48_silence_trimmed\p273\p273_151_mic2.flac,p273,1,1,0.45426228642463684,0.45426228642463684,0.35537049174308777,0.09889179468154907,2.6398125
base,3,p273_151_mic2,p273,data\VCTK\wav48_silence_trimmed\p273\p273_151_mic2.flac,p273,1,1,0.5253782272338867,0.5253782272338867,0.36817169189453125,0.15720653533935547,2.6398125
lca,1,p273_151_mic2,p273,data\VCTK\wav48_silence_trimmed\p273\p273_151_mic2.flac,p273,1,1,0.3569883108139038,0.3569883108139038,0.3150244951248169,0.041963815689086914,2.6398125
lca,2,p273_151_mic2,p273,data\VCTK\wav48_silence_trimmed\p273\p273_151_mic2.flac,p273,1,1,0.3157424032688141,0.3157424032688141,0.3089611530303955,0.006781250238418579,2.6398125
lca,3,p273_151_mic2,p273,data\VCTK\wav48_silence_trimmed\p273\p273_151_mic2.flac,p273,1,1,0.3482760787010193,0.3482760787010193,0.3097630441188812,0.03851303458213806,2.6398125
original,0,p273_179_mic2,p273,data\VCTK\wav48_silence_trimmed\p273\p273_179_mic2.flac,p273,1,1,0.5996747016906738,0.5996747016906738,0.341001033782959,0.25867366790771484,2.30575
base,1,p273_179_mic2,p273,data\VCTK\wav48_silence_trimmed\p273\p273_179_mic2.flac,p238,0,1,0.3446861803531647,0.20060142874717712,0.3446861803531647,-0.14408475160598755,2.30575
base,2,p273_179_mic2,p273,data\VCTK\wav48_silence_trimmed\p273\p273_179_mic2.flac,p255,0,1,0.3589550256729126,0.35340404510498047,0.3589550256729126,-0.005550980567932129,2.30575
base,3,p273_179_mic2,p273,data\VCTK\wav48_silence_trimmed\p273\p273_179_mic2.flac,p306,0,1,0.41423261165618896,0.337655246257782,0.41423261165618896,-0.07657736539840698,2.30575
lca,1,p273_179_mic2,p273,data\VCTK\wav48_silence_trimmed\p273\p273_179_mic2.flac,p313,0,1,0.3544453978538513,0.27876347303390503,0.3544453978538513,-0.07568192481994629,2.30575
lca,2,p273_179_mic2,p273,data\VCTK\wav48_silence_trimmed\p273\p273_179_mic2.flac,p313,0,1,0.3964279294013977,0.3368862271308899,0.3964279294013977,-0.05954170227050781,2.30575
lca,3,p273_179_mic2,p273,data\VCTK\wav48_silence_trimmed\p273\p273_179_mic2.flac,p273,1,1,0.35524803400039673,0.35524803400039673,0.35172978043556213,0.0035182535648345947,2.30575
original,0,p273_228_mic2,p273,data\VCTK\wav48_silence_trimmed\p273\p273_228_mic2.flac,p273,1,1,0.6735395193099976,0.6735395193099976,0.29758042097091675,0.3759590983390808,2.392
base,1,p273_228_mic2,p273,data\VCTK\wav48_silence_trimmed\p273\p273_228_mic2.flac,p313,0,1,0.33324646949768066,0.20005032420158386,0.33324646949768066,-0.1331961452960968,2.392
base,2,p273_228_mic2,p273,data\VCTK\wav48_silence_trimmed\p273\p273_228_mic2.flac,p273,1,1,0.32170841097831726,0.32170841097831726,0.3062342405319214,0.015474170446395874,2.392
base,3,p273_228_mic2,p273,data\VCTK\wav48_silence_trimmed\p273\p273_228_mic2.flac,p273,1,1,0.3257049322128296,0.3257049322128296,0.2801115810871124,0.04559335112571716,2.392
lca,1,p273_228_mic2,p273,data\VCTK\wav48_silence_trimmed\p273\p273_228_mic2.flac,p313,0,1,0.3853541910648346,0.2065107524394989,0.3853541910648346,-0.1788434386253357,2.392
lca,2,p273_228_mic2,p273,data\VCTK\wav48_silence_trimmed\p273\p273_228_mic2.flac,p262,0,1,0.3814331293106079,0.3341851234436035,0.3814331293106079,-0.047248005867004395,2.392
lca,3,p273_228_mic2,p273,data\VCTK\wav48_silence_trimmed\p273\p273_228_mic2.flac,p262,0,1,0.37901222705841064,0.3123002052307129,0.37901222705841064,-0.06671202182769775,2.392
original,0,p273_373_mic2,p273,data\VCTK\wav48_silence_trimmed\p273\p273_373_mic2.flac,p273,1,1,0.758141815662384,0.758141815662384,0.36478668451309204,0.393355131149292,2.095125
base,1,p273_373_mic2,p273,data\VCTK\wav48_silence_trimmed\p273\p273_373_mic2.flac,p302,0,1,0.31946465373039246,0.19802187383174896,0.31946465373039246,-0.1214427798986435,2.095125
base,2,p273_373_mic2,p273,data\VCTK\wav48_silence_trimmed\p273\p273_373_mic2.flac,p273,1,1,0.3700723946094513,0.3700723946094513,0.3189256191253662,0.05114677548408508,2.095125
base,3,p273_373_mic2,p273,data\VCTK\wav48_silence_trimmed\p273\p273_373_mic2.flac,p273,1,1,0.45424938201904297,0.45424938201904297,0.3185145854949951,0.13573479652404785,2.095125
lca,1,p273_373_mic2,p273,data\VCTK\wav48_silence_trimmed\p273\p273_373_mic2.flac,p364,0,1,0.3351312577724457,0.1567572057247162,0.3351312577724457,-0.1783740520477295,2.095125
lca,2,p273_373_mic2,p273,data\VCTK\wav48_silence_trimmed\p273\p273_373_mic2.flac,p273,1,1,0.31940314173698425,0.31940314173698425,0.3181116580963135,0.0012914836406707764,2.095125
lca,3,p273_373_mic2,p273,data\VCTK\wav48_silence_trimmed\p273\p273_373_mic2.flac,p308,0,1,0.3778391182422638,0.3142421841621399,0.3778391182422638,-0.0635969340801239,2.095125
original,0,p273_399_mic1,p273,data\VCTK\wav48_silence_trimmed\p273\p273_399_mic1.flac,p273,1,1,0.7359088063240051,0.7359088063240051,0.39605700969696045,0.3398517966270447,2.305125
base,1,p273_399_mic1,p273,data\VCTK\wav48_silence_trimmed\p273\p273_399_mic1.flac,p273,1,1,0.30821967124938965,0.30821967124938965,0.2825797200202942,0.02563995122909546,2.305125
base,2,p273_399_mic1,p273,data\VCTK\wav48_silence_trimmed\p273\p273_399_mic1.flac,p273,1,1,0.4205157160758972,0.4205157160758972,0.33441591262817383,0.08609980344772339,2.305125
base,3,p273_399_mic1,p273,data\VCTK\wav48_silence_trimmed\p273\p273_399_mic1.flac,p273,1,1,0.4463644027709961,0.4463644027709961,0.334972083568573,0.1113923192024231,2.305125
lca,1,p273_399_mic1,p273,data\VCTK\wav48_silence_trimmed\p273\p273_399_mic1.flac,p273,1,1,0.3457489311695099,0.3457489311695099,0.3239481449127197,0.02180078625679016,2.305125
lca,2,p273_399_mic1,p273,data\VCTK\wav48_silence_trimmed\p273\p273_399_mic1.flac,p273,1,1,0.3940157890319824,0.3940157890319824,0.32062196731567383,0.0733938217163086,2.305125
lca,3,p273_399_mic1,p273,data\VCTK\wav48_silence_trimmed\p273\p273_399_mic1.flac,p273,1,1,0.4140070974826813,0.4140070974826813,0.35433050990104675,0.05967658758163452,2.305125
original,0,p274_059_mic1,p274,data\VCTK\wav48_silence_trimmed\p274\p274_059_mic1.flac,p274,1,1,0.8032362461090088,0.8032362461090088,0.31601548194885254,0.48722076416015625,3.501625
base,1,p274_059_mic1,p274,data\VCTK\wav48_silence_trimmed\p274\p274_059_mic1.flac,p374,0,1,0.2896650731563568,0.11246737837791443,0.2896650731563568,-0.17719769477844238,3.501625
base,2,p274_059_mic1,p274,data\VCTK\wav48_silence_trimmed\p274\p274_059_mic1.flac,p347,0,1,0.30197691917419434,0.23887257277965546,0.30197691917419434,-0.06310434639453888,3.501625
base,3,p274_059_mic1,p274,data\VCTK\wav48_silence_trimmed\p274\p274_059_mic1.flac,p347,0,1,0.35271239280700684,0.28901293873786926,0.35271239280700684,-0.06369945406913757,3.501625
lca,1,p274_059_mic1,p274,data\VCTK\wav48_silence_trimmed\p274\p274_059_mic1.flac,p364,0,1,0.37611833214759827,0.03791602700948715,0.37611833214759827,-0.3382023051381111,3.501625
lca,2,p274_059_mic1,p274,data\VCTK\wav48_silence_trimmed\p274\p274_059_mic1.flac,p347,0,1,0.35255610942840576,0.15931010246276855,0.35255610942840576,-0.1932460069656372,3.501625
lca,3,p274_059_mic1,p274,data\VCTK\wav48_silence_trimmed\p274\p274_059_mic1.flac,p280,0,1,0.34755128622055054,0.17683836817741394,0.34755128622055054,-0.1707129180431366,3.501625
original,0,p274_181_mic2,p274,data\VCTK\wav48_silence_trimmed\p274\p274_181_mic2.flac,p274,1,1,0.6404283046722412,0.6404283046722412,0.32183316349983215,0.31859514117240906,3.117375
base,1,p274_181_mic2,p274,data\VCTK\wav48_silence_trimmed\p274\p274_181_mic2.flac,p226,0,1,0.26101166009902954,0.06262242048978806,0.26101166009902954,-0.19838923960924149,3.117375
base,2,p274_181_mic2,p274,data\VCTK\wav48_silence_trimmed\p274\p274_181_mic2.flac,p226,0,1,0.32623597979545593,0.23180440068244934,0.32623597979545593,-0.09443157911300659,3.117375
base,3,p274_181_mic2,p274,data\VCTK\wav48_silence_trimmed\p274\p274_181_mic2.flac,p347,0,1,0.32453209161758423,0.22879934310913086,0.32453209161758423,-0.09573274850845337,3.117375
lca,1,p274_181_mic2,p274,data\VCTK\wav48_silence_trimmed\p274\p274_181_mic2.flac,p364,0,1,0.39500248432159424,0.10973391681909561,0.39500248432159424,-0.2852685675024986,3.117375
lca,2,p274_181_mic2,p274,data\VCTK\wav48_silence_trimmed\p274\p274_181_mic2.flac,p347,0,1,0.3636758327484131,0.21582600474357605,0.3636758327484131,-0.14784982800483704,3.117375
lca,3,p274_181_mic2,p274,data\VCTK\wav48_silence_trimmed\p274\p274_181_mic2.flac,p347,0,1,0.3831925392150879,0.2162235975265503,0.3831925392150879,-0.1669689416885376,3.117375
original,0,p274_215_mic1,p274,data\VCTK\wav48_silence_trimmed\p274\p274_215_mic1.flac,p274,1,1,0.7876509428024292,0.7876509428024292,0.3080255091190338,0.4796254336833954,2.896875
base,1,p274_215_mic1,p274,data\VCTK\wav48_silence_trimmed\p274\p274_215_mic1.flac,p364,0,0,0.20281416177749634,0.13513222336769104,0.20281416177749634,-0.0676819384098053,2.896875
base,2,p274_215_mic1,p274,data\VCTK\wav48_silence_trimmed\p274\p274_215_mic1.flac,p347,0,1,0.3802412450313568,0.29464206099510193,0.3802412450313568,-0.08559918403625488,2.896875
base,3,p274_215_mic1,p274,data\VCTK\wav48_silence_trimmed\p274\p274_215_mic1.flac,p274,1,1,0.3770767152309418,0.3770767152309418,0.3205986022949219,0.0564781129360199,2.896875
lca,1,p274_215_mic1,p274,data\VCTK\wav48_silence_trimmed\p274\p274_215_mic1.flac,p347,0,1,0.31140267848968506,0.14676342904567719,0.31140267848968506,-0.16463924944400787,2.896875
lca,2,p274_215_mic1,p274,data\VCTK\wav48_silence_trimmed\p274\p274_215_mic1.flac,p347,0,1,0.406127393245697,0.2725234627723694,0.406127393245697,-0.13360393047332764,2.896875
lca,3,p274_215_mic1,p274,data\VCTK\wav48_silence_trimmed\p274\p274_215_mic1.flac,p347,0,1,0.40904897451400757,0.29780855774879456,0.40904897451400757,-0.11124041676521301,2.896875
original,0,p274_236_mic1,p274,data\VCTK\wav48_silence_trimmed\p274\p274_236_mic1.flac,p274,1,1,0.5982266068458557,0.5982266068458557,0.4014967679977417,0.196729838848114,2.5353125
base,1,p274_236_mic1,p274,data\VCTK\wav48_silence_trimmed\p274\p274_236_mic1.flac,p374,0,1,0.3503648638725281,0.13159680366516113,0.3503648638725281,-0.21876806020736694,2.5353125
base,2,p274_236_mic1,p274,data\VCTK\wav48_silence_trimmed\p274\p274_236_mic1.flac,p347,0,1,0.32028746604919434,0.17907504737377167,0.32028746604919434,-0.14121241867542267,2.5353125
base,3,p274_236_mic1,p274,data\VCTK\wav48_silence_trimmed\p274\p274_236_mic1.flac,p347,0,1,0.3486410975456238,0.17041712999343872,0.3486410975456238,-0.17822396755218506,2.5353125
lca,1,p274_236_mic1,p274,data\VCTK\wav48_silence_trimmed\p274\p274_236_mic1.flac,p364,0,1,0.32868942618370056,-0.04204472154378891,0.32868942618370056,-0.37073414772748947,2.5353125
lca,2,p274_236_mic1,p274,data\VCTK\wav48_silence_trimmed\p274\p274_236_mic1.flac,p364,0,1,0.3574550747871399,0.06915350258350372,0.3574550747871399,-0.28830157220363617,2.5353125
lca,3,p274_236_mic1,p274,data\VCTK\wav48_silence_trimmed\p274\p274_236_mic1.flac,p245,0,1,0.3568885326385498,0.14601880311965942,0.3568885326385498,-0.21086972951889038,2.5353125
original,0,p274_382_mic2,p274,data\VCTK\wav48_silence_trimmed\p274\p274_382_mic2.flac,p274,1,1,0.8176731467247009,0.8176731467247009,0.3061748147010803,0.5114983320236206,4.2911875
base,1,p274_382_mic2,p274,data\VCTK\wav48_silence_trimmed\p274\p274_382_mic2.flac,p364,0,1,0.39169132709503174,0.04457399994134903,0.39169132709503174,-0.3471173271536827,4.2911875
base,2,p274_382_mic2,p274,data\VCTK\wav48_silence_trimmed\p274\p274_382_mic2.flac,p374,0,1,0.39010152220726013,0.20368635654449463,0.39010152220726013,-0.1864151656627655,4.2911875
base,3,p274_382_mic2,p274,data\VCTK\wav48_silence_trimmed\p274\p274_382_mic2.flac,p347,0,1,0.40241363644599915,0.2551244795322418,0.40241363644599915,-0.14728915691375732,4.2911875
lca,1,p274_382_mic2,p274,data\VCTK\wav48_silence_trimmed\p274\p274_382_mic2.flac,p313,0,1,0.31061452627182007,0.12172555178403854,0.31061452627182007,-0.18888897448778152,4.2911875
lca,2,p274_382_mic2,p274,data\VCTK\wav48_silence_trimmed\p274\p274_382_mic2.flac,p347,0,1,0.3851407468318939,0.14075800776481628,0.3851407468318939,-0.24438273906707764,4.2911875
lca,3,p274_382_mic2,p274,data\VCTK\wav48_silence_trimmed\p274\p274_382_mic2.flac,p347,0,1,0.386735737323761,0.1825265735387802,0.386735737323761,-0.20420916378498077,4.2911875
original,0,p275_011_mic1,p275,data\VCTK\wav48_silence_trimmed\p275\p275_011_mic1.flac,p275,1,1,0.7905846834182739,0.7905846834182739,0.42609697580337524,0.3644877076148987,6.69425
base,1,p275_011_mic1,p275,data\VCTK\wav48_silence_trimmed\p275\p275_011_mic1.flac,p302,0,1,0.2823053300380707,0.12476564198732376,0.2823053300380707,-0.15753968805074692,6.69425
base,2,p275_011_mic1,p275,data\VCTK\wav48_silence_trimmed\p275\p275_011_mic1.flac,p275,1,1,0.3620511293411255,0.3620511293411255,0.31290215253829956,0.04914897680282593,6.69425
base,3,p275_011_mic1,p275,data\VCTK\wav48_silence_trimmed\p275\p275_011_mic1.flac,p275,1,1,0.4084487855434418,0.4084487855434418,0.304562509059906,0.10388627648353577,6.69425
lca,1,p275_011_mic1,p275,data\VCTK\wav48_silence_trimmed\p275\p275_011_mic1.flac,p364,0,1,0.37127208709716797,0.13501176238059998,0.37127208709716797,-0.236260324716568,6.69425
lca,2,p275_011_mic1,p275,data\VCTK\wav48_silence_trimmed\p275\p275_011_mic1.flac,p347,0,1,0.3122217655181885,0.19720640778541565,0.3122217655181885,-0.11501535773277283,6.69425
lca,3,p275_011_mic1,p275,data\VCTK\wav48_silence_trimmed\p275\p275_011_mic1.flac,p245,0,1,0.33653658628463745,0.2572019100189209,0.33653658628463745,-0.07933467626571655,6.69425
original,0,p275_037_mic2,p275,data\VCTK\wav48_silence_trimmed\p275\p275_037_mic2.flac,p275,1,1,0.4722326099872589,0.4722326099872589,0.35817503929138184,0.11405757069587708,2.260875
base,1,p275_037_mic2,p275,data\VCTK\wav48_silence_trimmed\p275\p275_037_mic2.flac,p364,0,1,0.2697180211544037,0.04230570048093796,0.2697180211544037,-0.22741232067346573,2.260875
base,2,p275_037_mic2,p275,data\VCTK\wav48_silence_trimmed\p275\p275_037_mic2.flac,p347,0,1,0.2546471357345581,0.1359783411026001,0.2546471357345581,-0.11866879463195801,2.260875
base,3,p275_037_mic2,p275,data\VCTK\wav48_silence_trimmed\p275\p275_037_mic2.flac,p347,0,1,0.29053205251693726,0.16891439259052277,0.29053205251693726,-0.12161765992641449,2.260875
lca,1,p275_037_mic2,p275,data\VCTK\wav48_silence_trimmed\p275\p275_037_mic2.flac,p364,0,1,0.4013078808784485,0.056262508034706116,0.4013078808784485,-0.34504537284374237,2.260875
lca,2,p275_037_mic2,p275,data\VCTK\wav48_silence_trimmed\p275\p275_037_mic2.flac,p347,0,1,0.372303307056427,0.1017870083451271,0.372303307056427,-0.2705162987112999,2.260875
lca,3,p275_037_mic2,p275,data\VCTK\wav48_silence_trimmed\p275\p275_037_mic2.flac,p347,0,1,0.38938474655151367,0.14630180597305298,0.38938474655151367,-0.2430829405784607,2.260875
original,0,p275_054_mic1,p275,data\VCTK\wav48_silence_trimmed\p275\p275_054_mic1.flac,p252,0,1,0.43580806255340576,0.42178308963775635,0.43580806255340576,-0.014024972915649414,1.9655
base,1,p275_054_mic1,p275,data\VCTK\wav48_silence_trimmed\p275\p275_054_mic1.flac,p364,0,0,0.20855140686035156,0.0648106187582016,0.20855140686035156,-0.14374078810214996,1.9655
base,2,p275_054_mic1,p275,data\VCTK\wav48_silence_trimmed\p275\p275_054_mic1.flac,p281,0,1,0.35479187965393066,0.11898228526115417,0.35479187965393066,-0.2358095943927765,1.9655
base,3,p275_054_mic1,p275,data\VCTK\wav48_silence_trimmed\p275\p275_054_mic1.flac,p279,0,1,0.3913440406322479,0.19380712509155273,0.3913440406322479,-0.1975369155406952,1.9655
lca,1,p275_054_mic1,p275,data\VCTK\wav48_silence_trimmed\p275\p275_054_mic1.flac,p298,0,1,0.28636953234672546,0.13687600195407867,0.28636953234672546,-0.1494935303926468,1.9655
lca,2,p275_054_mic1,p275,data\VCTK\wav48_silence_trimmed\p275\p275_054_mic1.flac,p364,0,1,0.39708346128463745,0.17993248999118805,0.39708346128463745,-0.2171509712934494,1.9655
lca,3,p275_054_mic1,p275,data\VCTK\wav48_silence_trimmed\p275\p275_054_mic1.flac,p364,0,1,0.43853411078453064,0.21551217138767242,0.43853411078453064,-0.22302193939685822,1.9655
original,0,p275_274_mic2,p275,data\VCTK\wav48_silence_trimmed\p275\p275_274_mic2.flac,p275,1,1,0.5569199323654175,0.5569199323654175,0.46376076340675354,0.09315916895866394,2.079625
base,1,p275_274_mic2,p275,data\VCTK\wav48_silence_trimmed\p275\p275_274_mic2.flac,p345,0,1,0.271405965089798,0.0980076938867569,0.271405965089798,-0.17339827120304108,2.079625
base,2,p275_274_mic2,p275,data\VCTK\wav48_silence_trimmed\p275\p275_274_mic2.flac,p258,0,1,0.3270002603530884,0.22192975878715515,0.3270002603530884,-0.10507050156593323,2.079625
base,3,p275_274_mic2,p275,data\VCTK\wav48_silence_trimmed\p275\p275_274_mic2.flac,p258,0,1,0.3527277112007141,0.21627163887023926,0.3527277112007141,-0.13645607233047485,2.079625
lca,1,p275_274_mic2,p275,data\VCTK\wav48_silence_trimmed\p275\p275_274_mic2.flac,p364,0,1,0.36664092540740967,0.09018909931182861,0.36664092540740967,-0.27645182609558105,2.079625
lca,2,p275_274_mic2,p275,data\VCTK\wav48_silence_trimmed\p275\p275_274_mic2.flac,p364,0,1,0.3974752426147461,0.1404002606868744,0.3974752426147461,-0.2570749819278717,2.079625
lca,3,p275_274_mic2,p275,data\VCTK\wav48_silence_trimmed\p275\p275_274_mic2.flac,p347,0,1,0.4437040090560913,0.11941617727279663,0.4437040090560913,-0.3242878317832947,2.079625
original,0,p275_275_mic2,p275,data\VCTK\wav48_silence_trimmed\p275\p275_275_mic2.flac,p275,1,1,0.8100121021270752,0.8100121021270752,0.49115675687789917,0.318855345249176,3.630625
base,1,p275_275_mic2,p275,data\VCTK\wav48_silence_trimmed\p275\p275_275_mic2.flac,p316,0,1,0.3279046416282654,0.12327957153320312,0.3279046416282654,-0.20462507009506226,3.630625
base,2,p275_275_mic2,p275,data\VCTK\wav48_silence_trimmed\p275\p275_275_mic2.flac,p258,0,1,0.40024369955062866,0.28983253240585327,0.40024369955062866,-0.11041116714477539,3.630625
base,3,p275_275_mic2,p275,data\VCTK\wav48_silence_trimmed\p275\p275_275_mic2.flac,p347,0,1,0.3953148126602173,0.35045671463012695,0.3953148126602173,-0.04485809803009033,3.630625
lca,1,p275_275_mic2,p275,data\VCTK\wav48_silence_trimmed\p275\p275_275_mic2.flac,p364,0,1,0.386347234249115,0.1542343944311142,0.386347234249115,-0.2321128398180008,3.630625
lca,2,p275_275_mic2,p275,data\VCTK\wav48_silence_trimmed\p275\p275_275_mic2.flac,p347,0,1,0.361319899559021,0.24866174161434174,0.361319899559021,-0.11265815794467926,3.630625
lca,3,p275_275_mic2,p275,data\VCTK\wav48_silence_trimmed\p275\p275_275_mic2.flac,p347,0,1,0.3968518078327179,0.2974645495414734,0.3968518078327179,-0.0993872582912445,3.630625
original,0,p276_046_mic2,p276,data\VCTK\wav48_silence_trimmed\p276\p276_046_mic2.flac,p276,1,1,0.8261656761169434,0.8261656761169434,0.5659270286560059,0.2602386474609375,3.4240625
base,1,p276_046_mic2,p276,data\VCTK\wav48_silence_trimmed\p276\p276_046_mic2.flac,p244,0,1,0.4874667525291443,0.21680641174316406,0.4874667525291443,-0.2706603407859802,3.4240625
base,2,p276_046_mic2,p276,data\VCTK\wav48_silence_trimmed\p276\p276_046_mic2.flac,p244,0,1,0.5185143947601318,0.3014722466468811,0.5185143947601318,-0.21704214811325073,3.4240625
base,3,p276_046_mic2,p276,data\VCTK\wav48_silence_trimmed\p276\p276_046_mic2.flac,p244,0,1,0.5029314756393433,0.4345243573188782,0.5029314756393433,-0.06840711832046509,3.4240625
lca,1,p276_046_mic2,p276,data\VCTK\wav48_silence_trimmed\p276\p276_046_mic2.flac,p244,0,1,0.46560192108154297,0.2407214343547821,0.46560192108154297,-0.22488048672676086,3.4240625
lca,2,p276_046_mic2,p276,data\VCTK\wav48_silence_trimmed\p276\p276_046_mic2.flac,p280,0,1,0.4588053822517395,0.3002258241176605,0.4588053822517395,-0.15857955813407898,3.4240625
lca,3,p276_046_mic2,p276,data\VCTK\wav48_silence_trimmed\p276\p276_046_mic2.flac,p250,0,1,0.4747793674468994,0.33177560567855835,0.4747793674468994,-0.14300376176834106,3.4240625
original,0,p276_122_mic1,p276,data\VCTK\wav48_silence_trimmed\p276\p276_122_mic1.flac,p276,1,1,0.8344054222106934,0.8344054222106934,0.4876289367675781,0.34677648544311523,3.331125
base,1,p276_122_mic1,p276,data\VCTK\wav48_silence_trimmed\p276\p276_122_mic1.flac,p244,0,1,0.500382125377655,0.3479664921760559,0.500382125377655,-0.15241563320159912,3.331125
base,2,p276_122_mic1,p276,data\VCTK\wav48_silence_trimmed\p276\p276_122_mic1.flac,p244,0,1,0.48762887716293335,0.4276357591152191,0.48762887716293335,-0.05999311804771423,3.331125
base,3,p276_122_mic1,p276,data\VCTK\wav48_silence_trimmed\p276\p276_122_mic1.flac,p276,1,1,0.51807701587677,0.51807701587677,0.4736728072166443,0.04440420866012573,3.331125
lca,1,p276_122_mic1,p276,data\VCTK\wav48_silence_trimmed\p276\p276_122_mic1.flac,p280,0,1,0.5082762241363525,0.2990890145301819,0.5082762241363525,-0.20918720960617065,3.331125
lca,2,p276_122_mic1,p276,data\VCTK\wav48_silence_trimmed\p276\p276_122_mic1.flac,p250,0,1,0.5113327503204346,0.3715755343437195,0.5113327503204346,-0.1397572159767151,3.331125
lca,3,p276_122_mic1,p276,data\VCTK\wav48_silence_trimmed\p276\p276_122_mic1.flac,p250,0,1,0.5159397721290588,0.4255160391330719,0.5159397721290588,-0.09042373299598694,3.331125
original,0,p276_243_mic1,p276,data\VCTK\wav48_silence_trimmed\p276\p276_243_mic1.flac,p276,1,1,0.7698630094528198,0.7698630094528198,0.5387020111083984,0.2311609983444214,3.1073125
base,1,p276_243_mic1,p276,data\VCTK\wav48_silence_trimmed\p276\p276_243_mic1.flac,p262,0,1,0.35547250509262085,0.1264074146747589,0.35547250509262085,-0.22906509041786194,3.1073125
base,2,p276_243_mic1,p276,data\VCTK\wav48_silence_trimmed\p276\p276_243_mic1.flac,p262,0,1,0.45311442017555237,0.3464162349700928,0.45311442017555237,-0.1066981852054596,3.1073125
base,3,p276_243_mic1,p276,data\VCTK\wav48_silence_trimmed\p276\p276_243_mic1.flac,p228,0,1,0.5369960069656372,0.43631887435913086,0.5369960069656372,-0.10067713260650635,3.1073125
lca,1,p276_243_mic1,p276,data\VCTK\wav48_silence_trimmed\p276\p276_243_mic1.flac,p280,0,1,0.3803311288356781,0.12118925899267197,0.3803311288356781,-0.25914186984300613,3.1073125
lca,2,p276_243_mic1,p276,data\VCTK\wav48_silence_trimmed\p276\p276_243_mic1.flac,p250,0,1,0.49840086698532104,0.26957228779792786,0.49840086698532104,-0.2288285791873932,3.1073125
lca,3,p276_243_mic1,p276,data\VCTK\wav48_silence_trimmed\p276\p276_243_mic1.flac,p250,0,1,0.564171552658081,0.346716046333313,0.564171552658081,-0.21745550632476807,3.1073125
original,0,p276_322_mic2,p276,data\VCTK\wav48_silence_trimmed\p276\p276_322_mic2.flac,p276,1,1,0.6546772718429565,0.6546772718429565,0.4445064663887024,0.21017080545425415,2.9475
base,1,p276_322_mic2,p276,data\VCTK\wav48_silence_trimmed\p276\p276_322_mic2.flac,p266,0,1,0.3397461473941803,0.19844524562358856,0.3397461473941803,-0.14130090177059174,2.9475
base,2,p276_322_mic2,p276,data\VCTK\wav48_silence_trimmed\p276\p276_322_mic2.flac,p262,0,1,0.49012356996536255,0.23910263180732727,0.49012356996536255,-0.2510209381580353,2.9475
base,3,p276_322_mic2,p276,data\VCTK\wav48_silence_trimmed\p276\p276_322_mic2.flac,p262,0,1,0.5001263618469238,0.24328073859214783,0.5001263618469238,-0.256845623254776,2.9475
lca,1,p276_322_mic2,p276,data\VCTK\wav48_silence_trimmed\p276\p276_322_mic2.flac,p250,0,1,0.40442192554473877,0.11135660856962204,0.40442192554473877,-0.29306531697511673,2.9475
lca,2,p276_322_mic2,p276,data\VCTK\wav48_silence_trimmed\p276\p276_322_mic2.flac,p280,0,1,0.4610837399959564,0.23942644894123077,0.4610837399959564,-0.22165729105472565,2.9475
lca,3,p276_322_mic2,p276,data\VCTK\wav48_silence_trimmed\p276\p276_322_mic2.flac,p280,0,1,0.518756628036499,0.3304479718208313,0.518756628036499,-0.18830865621566772,2.9475
original,0,p276_411_mic2,p276,data\VCTK\wav48_silence_trimmed\p276\p276_411_mic2.flac,p276,1,1,0.7330362796783447,0.7330362796783447,0.4724462032318115,0.2605900764465332,3.3221875
base,1,p276_411_mic2,p276,data\VCTK\wav48_silence_trimmed\p276\p276_411_mic2.flac,p330,0,1,0.32488077878952026,0.1490800529718399,0.32488077878952026,-0.17580072581768036,3.3221875
base,2,p276_411_mic2,p276,data\VCTK\wav48_silence_trimmed\p276\p276_411_mic2.flac,p262,0,1,0.42716172337532043,0.17346833646297455,0.42716172337532043,-0.2536933869123459,3.3221875
base,3,p276_411_mic2,p276,data\VCTK\wav48_silence_trimmed\p276\p276_411_mic2.flac,p249,0,1,0.47802019119262695,0.23212355375289917,0.47802019119262695,-0.24589663743972778,3.3221875
lca,1,p276_411_mic2,p276,data\VCTK\wav48_silence_trimmed\p276\p276_411_mic2.flac,p313,0,1,0.3600180745124817,0.1404714286327362,0.3600180745124817,-0.21954664587974548,3.3221875
lca,2,p276_411_mic2,p276,data\VCTK\wav48_silence_trimmed\p276\p276_411_mic2.flac,p250,0,1,0.5102936029434204,0.13929395377635956,0.5102936029434204,-0.37099964916706085,3.3221875
lca,3,p276_411_mic2,p276,data\VCTK\wav48_silence_trimmed\p276\p276_411_mic2.flac,p250,0,1,0.5470673441886902,0.17139413952827454,0.5470673441886902,-0.37567320466041565,3.3221875
original,0,p277_131_mic2,p277,data\VCTK\wav48_silence_trimmed\p277\p277_131_mic2.flac,p277,1,1,0.8568873405456543,0.8568873405456543,0.3371405005455017,0.5197468400001526,4.606125
base,1,p277_131_mic2,p277,data\VCTK\wav48_silence_trimmed\p277\p277_131_mic2.flac,p244,0,1,0.4051128625869751,0.2549684941768646,0.4051128625869751,-0.15014436841011047,4.606125
base,2,p277_131_mic2,p277,data\VCTK\wav48_silence_trimmed\p277\p277_131_mic2.flac,p244,0,1,0.41629713773727417,0.3906973898410797,0.41629713773727417,-0.025599747896194458,4.606125
base,3,p277_131_mic2,p277,data\VCTK\wav48_silence_trimmed\p277\p277_131_mic2.flac,p277,1,1,0.4896045923233032,0.4896045923233032,0.34683412313461304,0.14277046918869019,4.606125
lca,1,p277_131_mic2,p277,data\VCTK\wav48_silence_trimmed\p277\p277_131_mic2.flac,p244,0,1,0.44366884231567383,0.22915008664131165,0.44366884231567383,-0.21451875567436218,4.606125
lca,2,p277_131_mic2,p277,data\VCTK\wav48_silence_trimmed\p277\p277_131_mic2.flac,p280,0,1,0.3906099200248718,0.3566083610057831,0.3906099200248718,-0.034001559019088745,4.606125
lca,3,p277_131_mic2,p277,data\VCTK\wav48_silence_trimmed\p277\p277_131_mic2.flac,p277,1,1,0.41066354513168335,0.41066354513168335,0.3866746127605438,0.023988932371139526,4.606125
original,0,p277_135_mic2,p277,data\VCTK\wav48_silence_trimmed\p277\p277_135_mic2.flac,p277,1,1,0.8658676147460938,0.8658676147460938,0.38912856578826904,0.4767390489578247,3.9181875
base,1,p277_135_mic2,p277,data\VCTK\wav48_silence_trimmed\p277\p277_135_mic2.flac,p329,0,1,0.3760685324668884,0.18619152903556824,0.3760685324668884,-0.1898770034313202,3.9181875
base,2,p277_135_mic2,p277,data\VCTK\wav48_silence_trimmed\p277\p277_135_mic2.flac,p244,0,1,0.422709584236145,0.37474989891052246,0.422709584236145,-0.04795968532562256,3.9181875
base,3,p277_135_mic2,p277,data\VCTK\wav48_silence_trimmed\p277\p277_135_mic2.flac,p277,1,1,0.509900689125061,0.509900689125061,0.4187746047973633,0.09112608432769775,3.9181875
lca,1,p277_135_mic2,p277,data\VCTK\wav48_silence_trimmed\p277\p277_135_mic2.flac,p313,0,1,0.35388684272766113,0.11650703847408295,0.35388684272766113,-0.23737980425357819,3.9181875
lca,2,p277_135_mic2,p277,data\VCTK\wav48_silence_trimmed\p277\p277_135_mic2.flac,p250,0,1,0.3590226173400879,0.23512038588523865,0.3590226173400879,-0.12390223145484924,3.9181875
lca,3,p277_135_mic2,p277,data\VCTK\wav48_silence_trimmed\p277\p277_135_mic2.flac,p250,0,1,0.3596642017364502,0.3126283884048462,0.3596642017364502,-0.047035813331604004,3.9181875
original,0,p277_174_mic1,p277,data\VCTK\wav48_silence_trimmed\p277\p277_174_mic1.flac,p277,1,1,0.8390530347824097,0.8390530347824097,0.4563693702220917,0.382683664560318,4.0963125
base,1,p277_174_mic1,p277,data\VCTK\wav48_silence_trimmed\p277\p277_174_mic1.flac,p351,0,1,0.37434807419776917,0.16270630061626434,0.37434807419776917,-0.21164177358150482,4.0963125
base,2,p277_174_mic1,p277,data\VCTK\wav48_silence_trimmed\p277\p277_174_mic1.flac,p231,0,1,0.3957889676094055,0.3560955822467804,0.3957889676094055,-0.03969338536262512,4.0963125
base,3,p277_174_mic1,p277,data\VCTK\wav48_silence_trimmed\p277\p277_174_mic1.flac,p231,0,1,0.47578033804893494,0.41718336939811707,0.47578033804893494,-0.05859696865081787,4.0963125
lca,1,p277_174_mic1,p277,data\VCTK\wav48_silence_trimmed\p277\p277_174_mic1.flac,p250,0,1,0.41582003235816956,0.1427336037158966,0.41582003235816956,-0.27308642864227295,4.0963125
lca,2,p277_174_mic1,p277,data\VCTK\wav48_silence_trimmed\p277\p277_174_mic1.flac,p280,0,1,0.4701552093029022,0.19330400228500366,0.4701552093029022,-0.27685120701789856,4.0963125
lca,3,p277_174_mic1,p277,data\VCTK\wav48_silence_trimmed\p277\p277_174_mic1.flac,p280,0,1,0.47681450843811035,0.30598950386047363,0.47681450843811035,-0.17082500457763672,4.0963125
original,0,p277_321_mic2,p277,data\VCTK\wav48_silence_trimmed\p277\p277_321_mic2.flac,p277,1,1,0.800886332988739,0.800886332988739,0.4186680316925049,0.38221830129623413,4.0541875
base,1,p277_321_mic2,p277,data\VCTK\wav48_silence_trimmed\p277\p277_321_mic2.flac,p280,0,1,0.3313733637332916,0.283211886882782,0.3313733637332916,-0.048161476850509644,4.0541875
base,2,p277_321_mic2,p277,data\VCTK\wav48_silence_trimmed\p277\p277_321_mic2.flac,p262,0,1,0.3976132869720459,0.3644789457321167,0.3976132869720459,-0.0331343412399292,4.0541875
base,3,p277_321_mic2,p277,data\VCTK\wav48_silence_trimmed\p277\p277_321_mic2.flac,p262,0,1,0.425532728433609,0.40520530939102173,0.425532728433609,-0.02032741904258728,4.0541875
lca,1,p277_321_mic2,p277,data\VCTK\wav48_silence_trimmed\p277\p277_321_mic2.flac,p280,0,1,0.4725756347179413,0.2844242453575134,0.4725756347179413,-0.18815138936042786,4.0541875
lca,2,p277_321_mic2,p277,data\VCTK\wav48_silence_trimmed\p277\p277_321_mic2.flac,p250,0,1,0.5372426509857178,0.32147377729415894,0.5372426509857178,-0.21576887369155884,4.0541875
lca,3,p277_321_mic2,p277,data\VCTK\wav48_silence_trimmed\p277\p277_321_mic2.flac,p250,0,1,0.519871711730957,0.3093019127845764,0.519871711730957,-0.21056979894638062,4.0541875
original,0,p277_333_mic2,p277,data\VCTK\wav48_silence_trimmed\p277\p277_333_mic2.flac,p277,1,1,0.8191690444946289,0.8191690444946289,0.3810247778892517,0.4381442666053772,4.5923125
base,1,p277_333_mic2,p277,data\VCTK\wav48_silence_trimmed\p277\p277_333_mic2.flac,p238,0,1,0.33645498752593994,0.23868310451507568,0.33645498752593994,-0.09777188301086426,4.5923125
base,2,p277_333_mic2,p277,data\VCTK\wav48_silence_trimmed\p277\p277_333_mic2.flac,p277,1,1,0.39928752183914185,0.39928752183914185,0.39851197600364685,0.0007755458354949951,4.5923125
base,3,p277_333_mic2,p277,data\VCTK\wav48_silence_trimmed\p277\p277_333_mic2.flac,p277,1,1,0.46795186400413513,0.46795186400413513,0.40377604961395264,0.0641758143901825,4.5923125
lca,1,p277_333_mic2,p277,data\VCTK\wav48_silence_trimmed\p277\p277_333_mic2.flac,p280,0,1,0.40211552381515503,0.16757002472877502,0.40211552381515503,-0.23454549908638,4.5923125
lca,2,p277_333_mic2,p277,data\VCTK\wav48_silence_trimmed\p277\p277_333_mic2.flac,p250,0,1,0.4080141484737396,0.28073716163635254,0.4080141484737396,-0.12727698683738708,4.5923125
lca,3,p277_333_mic2,p277,data\VCTK\wav48_silence_trimmed\p277\p277_333_mic2.flac,p250,0,1,0.454362690448761,0.3546752333641052,0.454362690448761,-0.09968745708465576,4.5923125
original,0,p278_160_mic1,p278,data\VCTK\wav48_silence_trimmed\p278\p278_160_mic1.flac,p278,1,1,0.7599656581878662,0.7599656581878662,0.40830299258232117,0.35166266560554504,3.237625
base,1,p278_160_mic1,p278,data\VCTK\wav48_silence_trimmed\p278\p278_160_mic1.flac,p374,0,1,0.3143078088760376,0.11809569597244263,0.3143078088760376,-0.19621211290359497,3.237625
base,2,p278_160_mic1,p278,data\VCTK\wav48_silence_trimmed\p278\p278_160_mic1.flac,p374,0,1,0.3913254737854004,0.22493913769721985,0.3913254737854004,-0.16638633608818054,3.237625
base,3,p278_160_mic1,p278,data\VCTK\wav48_silence_trimmed\p278\p278_160_mic1.flac,p374,0,1,0.41537249088287354,0.31536585092544556,0.41537249088287354,-0.10000663995742798,3.237625
lca,1,p278_160_mic1,p278,data\VCTK\wav48_silence_trimmed\p278\p278_160_mic1.flac,p364,0,1,0.4137956500053406,0.03664523363113403,0.4137956500053406,-0.37715041637420654,3.237625
lca,2,p278_160_mic1,p278,data\VCTK\wav48_silence_trimmed\p278\p278_160_mic1.flac,p364,0,1,0.415741503238678,0.08350329846143723,0.415741503238678,-0.33223820477724075,3.237625
lca,3,p278_160_mic1,p278,data\VCTK\wav48_silence_trimmed\p278\p278_160_mic1.flac,p364,0,1,0.39008569717407227,0.1586240530014038,0.39008569717407227,-0.23146164417266846,3.237625
original,0,p278_212_mic2,p278,data\VCTK\wav48_silence_trimmed\p278\p278_212_mic2.flac,p278,1,1,0.6623092889785767,0.6623092889785767,0.31762081384658813,0.3446884751319885,2.5184375
base,1,p278_212_mic2,p278,data\VCTK\wav48_silence_trimmed\p278\p278_212_mic2.flac,p364,0,1,0.2913481593132019,0.1739165186882019,0.2913481593132019,-0.117431640625,2.5184375
base,2,p278_212_mic2,p278,data\VCTK\wav48_silence_trimmed\p278\p278_212_mic2.flac,p364,0,1,0.3314763903617859,0.3074882924556732,0.3314763903617859,-0.02398809790611267,2.5184375
base,3,p278_212_mic2,p278,data\VCTK\wav48_silence_trimmed\p278\p278_212_mic2.flac,p278,1,1,0.3625068664550781,0.3625068664550781,0.3512972593307495,0.011209607124328613,2.5184375
lca,1,p278_212_mic2,p278,data\VCTK\wav48_silence_trimmed\p278\p278_212_mic2.flac,p364,0,1,0.47739243507385254,0.11078260093927383,0.47739243507385254,-0.3666098341345787,2.5184375
lca,2,p278_212_mic2,p278,data\VCTK\wav48_silence_trimmed\p278\p278_212_mic2.flac,p364,0,1,0.38013383746147156,0.2049502283334732,0.38013383746147156,-0.17518360912799835,2.5184375
lca,3,p278_212_mic2,p278,data\VCTK\wav48_silence_trimmed\p278\p278_212_mic2.flac,p364,0,1,0.36743247509002686,0.25441694259643555,0.36743247509002686,-0.11301553249359131,2.5184375
original,0,p278_214_mic1,p278,data\VCTK\wav48_silence_trimmed\p278\p278_214_mic1.flac,p278,1,1,0.7743762731552124,0.7743762731552124,0.42059916257858276,0.35377711057662964,3.3118125
base,1,p278_214_mic1,p278,data\VCTK\wav48_silence_trimmed\p278\p278_214_mic1.flac,p364,0,1,0.35685497522354126,0.206243097782135,0.35685497522354126,-0.15061187744140625,3.3118125
base,2,p278_214_mic1,p278,data\VCTK\wav48_silence_trimmed\p278\p278_214_mic1.flac,p271,0,1,0.39390677213668823,0.2539371848106384,0.39390677213668823,-0.1399695873260498,3.3118125
base,3,p278_214_mic1,p278,data\VCTK\wav48_silence_trimmed\p278\p278_214_mic1.flac,p271,0,1,0.42173463106155396,0.3121418356895447,0.42173463106155396,-0.10959279537200928,3.3118125
lca,1,p278_214_mic1,p278,data\VCTK\wav48_silence_trimmed\p278\p278_214_mic1.flac,p364,0,1,0.31944215297698975,0.02545781433582306,0.31944215297698975,-0.2939843386411667,3.3118125
lca,2,p278_214_mic1,p278,data\VCTK\wav48_silence_trimmed\p278\p278_214_mic1.flac,p360,0,1,0.28039807081222534,0.11311513185501099,0.28039807081222534,-0.16728293895721436,3.3118125
lca,3,p278_214_mic1,p278,data\VCTK\wav48_silence_trimmed\p278\p278_214_mic1.flac,p360,0,1,0.31487470865249634,0.19994047284126282,0.31487470865249634,-0.11493423581123352,3.3118125
original,0,p278_313_mic2,p278,data\VCTK\wav48_silence_trimmed\p278\p278_313_mic2.flac,p278,1,1,0.7070354223251343,0.7070354223251343,0.3879728317260742,0.31906259059906006,3.1893125
base,1,p278_313_mic2,p278,data\VCTK\wav48_silence_trimmed\p278\p278_313_mic2.flac,p302,0,1,0.37209847569465637,0.3183973431587219,0.37209847569465637,-0.05370113253593445,3.1893125
base,2,p278_313_mic2,p278,data\VCTK\wav48_silence_trimmed\p278\p278_313_mic2.flac,p278,1,1,0.4376612901687622,0.4376612901687622,0.37592577934265137,0.06173551082611084,3.1893125
base,3,p278_313_mic2,p278,data\VCTK\wav48_silence_trimmed\p278\p278_313_mic2.flac,p278,1,1,0.46658679842948914,0.46658679842948914,0.3883025646209717,0.07828423380851746,3.1893125
lca,1,p278_313_mic2,p278,data\VCTK\wav48_silence_trimmed\p278\p278_313_mic2.flac,p364,0,1,0.4150443971157074,0.17450278997421265,0.4150443971157074,-0.24054160714149475,3.1893125
lca,2,p278_313_mic2,p278,data\VCTK\wav48_silence_trimmed\p278\p278_313_mic2.flac,p364,0,1,0.34613627195358276,0.2238367199897766,0.34613627195358276,-0.12229955196380615,3.1893125
lca,3,p278_313_mic2,p278,data\VCTK\wav48_silence_trimmed\p278\p278_313_mic2.flac,p252,0,1,0.3454831540584564,0.25687214732170105,0.3454831540584564,-0.08861100673675537,3.1893125
original,0,p278_317_mic1,p278,data\VCTK\wav48_silence_trimmed\p278\p278_317_mic1.flac,p278,1,1,0.7913194298744202,0.7913194298744202,0.42252689599990845,0.3687925338745117,3.011875
base,1,p278_317_mic1,p278,data\VCTK\wav48_silence_trimmed\p278\p278_317_mic1.flac,p278,1,1,0.30521661043167114,0.30521661043167114,0.22271080315113068,0.08250580728054047,3.011875
base,2,p278_317_mic1,p278,data\VCTK\wav48_silence_trimmed\p278\p278_317_mic1.flac,p278,1,1,0.37162527441978455,0.37162527441978455,0.34430575370788574,0.027319520711898804,3.011875
base,3,p278_317_mic1,p278,data\VCTK\wav48_silence_trimmed\p278\p278_317_mic1.flac,p278,1,1,0.4330862760543823,0.4330862760543823,0.38932088017463684,0.04376539587974548,3.011875
lca,1,p278_317_mic1,p278,data\VCTK\wav48_silence_trimmed\p278\p278_317_mic1.flac,p364,0,1,0.3612357974052429,0.09901868551969528,0.3612357974052429,-0.26221711188554764,3.011875
lca,2,p278_317_mic1,p278,data\VCTK\wav48_silence_trimmed\p278\p278_317_mic1.flac,p364,0,1,0.3900139331817627,0.19738765060901642,0.3900139331817627,-0.19262628257274628,3.011875
lca,3,p278_317_mic1,p278,data\VCTK\wav48_silence_trimmed\p278\p278_317_mic1.flac,p364,0,1,0.3738365173339844,0.3162628412246704,0.3738365173339844,-0.057573676109313965,3.011875
original,0,p279_137_mic1,p279,data\VCTK\wav48_silence_trimmed\p279\p279_137_mic1.flac,p279,1,1,0.4150460660457611,0.4150460660457611,0.36143141984939575,0.053614646196365356,1.8985625
base,1,p279_137_mic1,p279,data\VCTK\wav48_silence_trimmed\p279\p279_137_mic1.flac,p298,0,1,0.26416024565696716,0.09325605630874634,0.26416024565696716,-0.17090418934822083,1.8985625
base,2,p279_137_mic1,p279,data\VCTK\wav48_silence_trimmed\p279\p279_137_mic1.flac,p226,0,1,0.3651105761528015,0.1852055788040161,0.3651105761528015,-0.1799049973487854,1.8985625
base,3,p279_137_mic1,p279,data\VCTK\wav48_silence_trimmed\p279\p279_137_mic1.flac,p347,0,1,0.35111290216445923,0.1965072602033615,0.35111290216445923,-0.15460564196109772,1.8985625
lca,1,p279_137_mic1,p279,data\VCTK\wav48_silence_trimmed\p279\p279_137_mic1.flac,p302,0,1,0.33294183015823364,0.11754186451435089,0.33294183015823364,-0.21539996564388275,1.8985625
lca,2,p279_137_mic1,p279,data\VCTK\wav48_silence_trimmed\p279\p279_137_mic1.flac,p347,0,1,0.41985124349594116,0.15070831775665283,0.41985124349594116,-0.26914292573928833,1.8985625
lca,3,p279_137_mic1,p279,data\VCTK\wav48_silence_trimmed\p279\p279_137_mic1.flac,p347,0,1,0.42650657892227173,0.15087831020355225,0.42650657892227173,-0.2756282687187195,1.8985625
original,0,p279_150_mic2,p279,data\VCTK\wav48_silence_trimmed\p279\p279_150_mic2.flac,p279,1,1,0.5215440988540649,0.5215440988540649,0.42333048582077026,0.09821361303329468,2.6645
base,1,p279_150_mic2,p279,data\VCTK\wav48_silence_trimmed\p279\p279_150_mic2.flac,p226,0,0,0.24815967679023743,0.1475871056318283,0.24815967679023743,-0.10057257115840912,2.6645
base,2,p279_150_mic2,p279,data\VCTK\wav48_silence_trimmed\p279\p279_150_mic2.flac,p298,0,1,0.3792998790740967,0.34327638149261475,0.3792998790740967,-0.036023497581481934,2.6645
base,3,p279_150_mic2,p279,data\VCTK\wav48_silence_trimmed\p279\p279_150_mic2.flac,p226,0,1,0.3943908214569092,0.3360784649848938,0.3943908214569092,-0.05831235647201538,2.6645
lca,1,p279_150_mic2,p279,data\VCTK\wav48_silence_trimmed\p279\p279_150_mic2.flac,p364,0,1,0.3414164185523987,0.15469864010810852,0.3414164185523987,-0.18671777844429016,2.6645
lca,2,p279_150_mic2,p279,data\VCTK\wav48_silence_trimmed\p279\p279_150_mic2.flac,p226,0,1,0.3042103350162506,0.1577601134777069,0.3042103350162506,-0.1464502215385437,2.6645
lca,3,p279_150_mic2,p279,data\VCTK\wav48_silence_trimmed\p279\p279_150_mic2.flac,p226,0,1,0.31622979044914246,0.20211666822433472,0.31622979044914246,-0.11411312222480774,2.6645
original,0,p279_162_mic2,p279,data\VCTK\wav48_silence_trimmed\p279\p279_162_mic2.flac,p279,1,1,0.6068793535232544,0.6068793535232544,0.32762202620506287,0.27925732731819153,2.8666875
base,1,p279_162_mic2,p279,data\VCTK\wav48_silence_trimmed\p279\p279_162_mic2.flac,p313,0,1,0.28073960542678833,0.10594764351844788,0.28073960542678833,-0.17479196190834045,2.8666875
base,2,p279_162_mic2,p279,data\VCTK\wav48_silence_trimmed\p279\p279_162_mic2.flac,p298,0,1,0.29432135820388794,0.2557119131088257,0.29432135820388794,-0.038609445095062256,2.8666875
base,3,p279_162_mic2,p279,data\VCTK\wav48_silence_trimmed\p279\p279_162_mic2.flac,p298,0,1,0.3072241246700287,0.2972291111946106,0.3072241246700287,-0.00999501347541809,2.8666875
lca,1,p279_162_mic2,p279,data\VCTK\wav48_silence_trimmed\p279\p279_162_mic2.flac,p364,0,1,0.3614228665828705,0.15752774477005005,0.3614228665828705,-0.20389512181282043,2.8666875
lca,2,p279_162_mic2,p279,data\VCTK\wav48_silence_trimmed\p279\p279_162_mic2.flac,p364,0,1,0.35285812616348267,0.17802050709724426,0.35285812616348267,-0.1748376190662384,2.8666875
lca,3,p279_162_mic2,p279,data\VCTK\wav48_silence_trimmed\p279\p279_162_mic2.flac,p347,0,1,0.35183829069137573,0.17785605788230896,0.35183829069137573,-0.17398223280906677,2.8666875
original,0,p279_190_mic2,p279,data\VCTK\wav48_silence_trimmed\p279\p279_190_mic2.flac,p279,1,1,0.694904625415802,0.694904625415802,0.34899410605430603,0.34591051936149597,3.4580625
base,1,p279_190_mic2,p279,data\VCTK\wav48_silence_trimmed\p279\p279_190_mic2.flac,p298,0,1,0.35473018884658813,0.25521981716156006,0.35473018884658813,-0.09951037168502808,3.4580625
base,2,p279_190_mic2,p279,data\VCTK\wav48_silence_trimmed\p279\p279_190_mic2.flac,p298,0,1,0.32605868577957153,0.3193046450614929,0.32605868577957153,-0.006754040718078613,3.4580625
base,3,p279_190_mic2,p279,data\VCTK\wav48_silence_trimmed\p279\p279_190_mic2.flac,p298,0,1,0.4313570559024811,0.3706643581390381,0.4313570559024811,-0.06069269776344299,3.4580625
lca,1,p279_190_mic2,p279,data\VCTK\wav48_silence_trimmed\p279\p279_190_mic2.flac,p364,0,1,0.3494498133659363,0.18325144052505493,0.3494498133659363,-0.16619837284088135,3.4580625
lca,2,p279_190_mic2,p279,data\VCTK\wav48_silence_trimmed\p279\p279_190_mic2.flac,p364,0,1,0.3744051456451416,0.251295268535614,0.3744051456451416,-0.12310987710952759,3.4580625
lca,3,p279_190_mic2,p279,data\VCTK\wav48_silence_trimmed\p279\p279_190_mic2.flac,p298,0,1,0.410198450088501,0.27720731496810913,0.410198450088501,-0.13299113512039185,3.4580625
original,0,p279_256_mic2,p279,data\VCTK\wav48_silence_trimmed\p279\p279_256_mic2.flac,p279,1,1,0.6691187620162964,0.6691187620162964,0.44997450709342957,0.21914425492286682,3.5799375
base,1,p279_256_mic2,p279,data\VCTK\wav48_silence_trimmed\p279\p279_256_mic2.flac,p364,0,1,0.3047945499420166,0.19926096498966217,0.3047945499420166,-0.10553358495235443,3.5799375
base,2,p279_256_mic2,p279,data\VCTK\wav48_silence_trimmed\p279\p279_256_mic2.flac,p298,0,1,0.4505281448364258,0.24948722124099731,0.4505281448364258,-0.20104092359542847,3.5799375
base,3,p279_256_mic2,p279,data\VCTK\wav48_silence_trimmed\p279\p279_256_mic2.flac,p298,0,1,0.4764472246170044,0.2584766447544098,0.4764472246170044,-0.2179705798625946,3.5799375
lca,1,p279_256_mic2,p279,data\VCTK\wav48_silence_trimmed\p279\p279_256_mic2.flac,p364,0,1,0.37716609239578247,0.22059336304664612,0.37716609239578247,-0.15657272934913635,3.5799375
lca,2,p279_256_mic2,p279,data\VCTK\wav48_silence_trimmed\p279\p279_256_mic2.flac,p298,0,1,0.3733064532279968,0.18470674753189087,0.3733064532279968,-0.18859970569610596,3.5799375
lca,3,p279_256_mic2,p279,data\VCTK\wav48_silence_trimmed\p279\p279_256_mic2.flac,p298,0,1,0.423881858587265,0.166347935795784,0.423881858587265,-0.257533922791481,3.5799375
original,0,p280_067_mic1,p280,data\VCTK\wav48_silence_trimmed\p280\p280_067_mic1.flac,p280,1,1,0.7085644006729126,0.7085644006729126,0.6045960187911987,0.10396838188171387,2.9760625
base,1,p280_067_mic1,p280,data\VCTK\wav48_silence_trimmed\p280\p280_067_mic1.flac,p335,0,1,0.32557785511016846,0.308948814868927,0.32557785511016846,-0.016629040241241455,2.9760625
base,2,p280_067_mic1,p280,data\VCTK\wav48_silence_trimmed\p280\p280_067_mic1.flac,p313,0,1,0.37421196699142456,0.3522580862045288,0.37421196699142456,-0.021953880786895752,2.9760625
base,3,p280_067_mic1,p280,data\VCTK\wav48_silence_trimmed\p280\p280_067_mic1.flac,p340,0,1,0.4425683617591858,0.39690691232681274,0.4425683617591858,-0.04566144943237305,2.9760625
lca,1,p280_067_mic1,p280,data\VCTK\wav48_silence_trimmed\p280\p280_067_mic1.flac,p280,1,1,0.35462212562561035,0.35462212562561035,0.34399765729904175,0.010624468326568604,2.9760625
lca,2,p280_067_mic1,p280,data\VCTK\wav48_silence_trimmed\p280\p280_067_mic1.flac,p280,1,1,0.4858195185661316,0.4858195185661316,0.4309161305427551,0.054903388023376465,2.9760625
lca,3,p280_067_mic1,p280,data\VCTK\wav48_silence_trimmed\p280\p280_067_mic1.flac,p280,1,1,0.5182015895843506,0.5182015895843506,0.48687759041786194,0.03132399916648865,2.9760625
original,0,p280_171_mic1,p280,data\VCTK\wav48_silence_trimmed\p280\p280_171_mic1.flac,p280,1,1,0.8034214973449707,0.8034214973449707,0.5434428453445435,0.25997865200042725,3.3250625
base,1,p280_171_mic1,p280,data\VCTK\wav48_silence_trimmed\p280\p280_171_mic1.flac,p280,1,1,0.5114479660987854,0.5114479660987854,0.4844968318939209,0.026951134204864502,3.3250625
base,2,p280_171_mic1,p280,data\VCTK\wav48_silence_trimmed\p280\p280_171_mic1.flac,p280,1,1,0.5190627574920654,0.5190627574920654,0.4951458275318146,0.023916929960250854,3.3250625
base,3,p280_171_mic1,p280,data\VCTK\wav48_silence_trimmed\p280\p280_171_mic1.flac,p280,1,1,0.5191165208816528,0.5191165208816528,0.4657863676548004,0.05333015322685242,3.3250625
lca,1,p280_171_mic1,p280,data\VCTK\wav48_silence_trimmed\p280\p280_171_mic1.flac,p280,1,1,0.5403906106948853,0.5403906106948853,0.514092206954956,0.0262984037399292,3.3250625
lca,2,p280_171_mic1,p280,data\VCTK\wav48_silence_trimmed\p280\p280_171_mic1.flac,p280,1,1,0.575273871421814,0.575273871421814,0.560479998588562,0.014793872833251953,3.3250625
lca,3,p280_171_mic1,p280,data\VCTK\wav48_silence_trimmed\p280\p280_171_mic1.flac,p280,1,1,0.6136296987533569,0.6136296987533569,0.5646108388900757,0.04901885986328125,3.3250625
original,0,p280_222_mic1,p280,data\VCTK\wav48_silence_trimmed\p280\p280_222_mic1.flac,p280,1,1,0.8005205392837524,0.8005205392837524,0.6091489791870117,0.19137156009674072,3.3284375
base,1,p280_222_mic1,p280,data\VCTK\wav48_silence_trimmed\p280\p280_222_mic1.flac,p280,1,1,0.4533115327358246,0.4533115327358246,0.42385929822921753,0.029452234506607056,3.3284375
base,2,p280_222_mic1,p280,data\VCTK\wav48_silence_trimmed\p280\p280_222_mic1.flac,p280,1,1,0.5668450593948364,0.5668450593948364,0.4626077711582184,0.10423728823661804,3.3284375
base,3,p280_222_mic1,p280,data\VCTK\wav48_silence_trimmed\p280\p280_222_mic1.flac,p280,1,1,0.5616410970687866,0.5616410970687866,0.4696572422981262,0.0919838547706604,3.3284375
lca,1,p280_222_mic1,p280,data\VCTK\wav48_silence_trimmed\p280\p280_222_mic1.flac,p280,1,1,0.4780636429786682,0.4780636429786682,0.43210411071777344,0.045959532260894775,3.3284375
lca,2,p280_222_mic1,p280,data\VCTK\wav48_silence_trimmed\p280\p280_222_mic1.flac,p280,1,1,0.541788637638092,0.541788637638092,0.5075029134750366,0.03428572416305542,3.3284375
lca,3,p280_222_mic1,p280,data\VCTK\wav48_silence_trimmed\p280\p280_222_mic1.flac,p280,1,1,0.5677086114883423,0.5677086114883423,0.5378764271736145,0.029832184314727783,3.3284375
original,0,p280_223_mic1,p280,data\VCTK\wav48_silence_trimmed\p280\p280_223_mic1.flac,p280,1,1,0.8334348201751709,0.8334348201751709,0.5922000408172607,0.24123477935791016,4.3469375
base,1,p280_223_mic1,p280,data\VCTK\wav48_silence_trimmed\p280\p280_223_mic1.flac,p262,0,1,0.4959832429885864,0.42869722843170166,0.4959832429885864,-0.06728601455688477,4.3469375
base,2,p280_223_mic1,p280,data\VCTK\wav48_silence_trimmed\p280\p280_223_mic1.flac,p280,1,1,0.5146059989929199,0.5146059989929199,0.48569148778915405,0.02891451120376587,4.3469375
base,3,p280_223_mic1,p280,data\VCTK\wav48_silence_trimmed\p280\p280_223_mic1.flac,p280,1,1,0.5550031661987305,0.5550031661987305,0.4391418993473053,0.11586126685142517,4.3469375
lca,1,p280_223_mic1,p280,data\VCTK\wav48_silence_trimmed\p280\p280_223_mic1.flac,p280,1,1,0.4831666350364685,0.4831666350364685,0.42001664638519287,0.06314998865127563,4.3469375
lca,2,p280_223_mic1,p280,data\VCTK\wav48_silence_trimmed\p280\p280_223_mic1.flac,p280,1,1,0.5740547180175781,0.5740547180175781,0.508262038230896,0.06579267978668213,4.3469375
lca,3,p280_223_mic1,p280,data\VCTK\wav48_silence_trimmed\p280\p280_223_mic1.flac,p280,1,1,0.5861862897872925,0.5861862897872925,0.5078084468841553,0.07837784290313721,4.3469375
original,0,p280_389_mic1,p280,data\VCTK\wav48_silence_trimmed\p280\p280_389_mic1.flac,p280,1,1,0.797514796257019,0.797514796257019,0.5640513896942139,0.23346340656280518,3.248125
base,1,p280_389_mic1,p280,data\VCTK\wav48_silence_trimmed\p280\p280_389_mic1.flac,p280,1,1,0.3838260769844055,0.3838260769844055,0.37151890993118286,0.012307167053222656,3.248125
base,2,p280_389_mic1,p280,data\VCTK\wav48_silence_trimmed\p280\p280_389_mic1.flac,p280,1,1,0.4599973261356354,0.4599973261356354,0.4261133074760437,0.033884018659591675,3.248125
base,3,p280_389_mic1,p280,data\VCTK\wav48_silence_trimmed\p280\p280_389_mic1.flac,p280,1,1,0.47707831859588623,0.47707831859588623,0.40961769223213196,0.06746062636375427,3.248125
lca,1,p280_389_mic1,p280,data\VCTK\wav48_silence_trimmed\p280\p280_389_mic1.flac,p280,1,1,0.4636728763580322,0.4636728763580322,0.45970210433006287,0.00397077202796936,3.248125
lca,2,p280_389_mic1,p280,data\VCTK\wav48_silence_trimmed\p280\p280_389_mic1.flac,p280,1,1,0.5617669820785522,0.5617669820785522,0.5273565053939819,0.03441047668457031,3.248125
lca,3,p280_389_mic1,p280,data\VCTK\wav48_silence_trimmed\p280\p280_389_mic1.flac,p280,1,1,0.5823140144348145,0.5823140144348145,0.5555275678634644,0.026786446571350098,3.248125
original,0,p281_192_mic1,p281,data\VCTK\wav48_silence_trimmed\p281\p281_192_mic1.flac,p281,1,1,0.6698561906814575,0.6698561906814575,0.33663472533226013,0.3332214653491974,2.4208125
base,1,p281_192_mic1,p281,data\VCTK\wav48_silence_trimmed\p281\p281_192_mic1.flac,p364,0,1,0.48085394501686096,0.2551807761192322,0.48085394501686096,-0.22567316889762878,2.4208125
base,2,p281_192_mic1,p281,data\VCTK\wav48_silence_trimmed\p281\p281_192_mic1.flac,p347,0,1,0.48263970017433167,0.3216747045516968,0.48263970017433167,-0.1609649956226349,2.4208125
base,3,p281_192_mic1,p281,data\VCTK\wav48_silence_trimmed\p281\p281_192_mic1.flac,p347,0,1,0.47221535444259644,0.3059411942958832,0.47221535444259644,-0.16627416014671326,2.4208125
lca,1,p281_192_mic1,p281,data\VCTK\wav48_silence_trimmed\p281\p281_192_mic1.flac,p364,0,1,0.4011130928993225,0.19189044833183289,0.4011130928993225,-0.20922264456748962,2.4208125
lca,2,p281_192_mic1,p281,data\VCTK\wav48_silence_trimmed\p281\p281_192_mic1.flac,p364,0,1,0.38529667258262634,0.296262264251709,0.38529667258262634,-0.08903440833091736,2.4208125
lca,3,p281_192_mic1,p281,data\VCTK\wav48_silence_trimmed\p281\p281_192_mic1.flac,p281,1,1,0.41795650124549866,0.41795650124549866,0.3925546109676361,0.02540189027786255,2.4208125
original,0,p281_239_mic2,p281,data\VCTK\wav48_silence_trimmed\p281\p281_239_mic2.flac,p281,1,1,0.6101454496383667,0.6101454496383667,0.3016321659088135,0.3085132837295532,2.6513125
base,1,p281_239_mic2,p281,data\VCTK\wav48_silence_trimmed\p281\p281_239_mic2.flac,p364,0,1,0.3217217028141022,0.07393763959407806,0.3217217028141022,-0.2477840632200241,2.6513125
base,2,p281_239_mic2,p281,data\VCTK\wav48_silence_trimmed\p281\p281_239_mic2.flac,p316,0,1,0.30006569623947144,0.29091617465019226,0.30006569623947144,-0.009149521589279175,2.6513125
base,3,p281_239_mic2,p281,data\VCTK\wav48_silence_trimmed\p281\p281_239_mic2.flac,p281,1,1,0.47074586153030396,0.47074586153030396,0.3191235065460205,0.15162235498428345,2.6513125
lca,1,p281_239_mic2,p281,data\VCTK\wav48_silence_trimmed\p281\p281_239_mic2.flac,p364,0,1,0.29312101006507874,0.12093913555145264,0.29312101006507874,-0.1721818745136261,2.6513125
lca,2,p281_239_mic2,p281,data\VCTK\wav48_silence_trimmed\p281\p281_239_mic2.flac,p347,0,1,0.3301454782485962,0.3048771023750305,0.3301454782485962,-0.025268375873565674,2.6513125
lca,3,p281_239_mic2,p281,data\VCTK\wav48_silence_trimmed\p281\p281_239_mic2.flac,p281,1,1,0.47651705145835876,0.47651705145835876,0.30288165807724,0.17363539338111877,2.6513125
original,0,p281_247_mic2,p281,data\VCTK\wav48_silence_trimmed\p281\p281_247_mic2.flac,p281,1,1,0.7163013219833374,0.7163013219833374,0.39610350131988525,0.32019782066345215,4.42525
base,1,p281_247_mic2,p281,data\VCTK\wav48_silence_trimmed\p281\p281_247_mic2.flac,p364,0,1,0.35956430435180664,0.054849278181791306,0.35956430435180664,-0.30471502617001534,4.42525
base,2,p281_247_mic2,p281,data\VCTK\wav48_silence_trimmed\p281\p281_247_mic2.flac,p364,0,1,0.3918219804763794,0.23081213235855103,0.3918219804763794,-0.16100984811782837,4.42525
base,3,p281_247_mic2,p281,data\VCTK\wav48_silence_trimmed\p281\p281_247_mic2.flac,p281,1,1,0.3867514133453369,0.3867514133453369,0.37241747975349426,0.014333933591842651,4.42525
lca,1,p281_247_mic2,p281,data\VCTK\wav48_silence_trimmed\p281\p281_247_mic2.flac,p364,0,1,0.3252897560596466,0.15633141994476318,0.3252897560596466,-0.16895833611488342,4.42525
lca,2,p281_247_mic2,p281,data\VCTK\wav48_silence_trimmed\p281\p281_247_mic2.flac,p347,0,1,0.3378322124481201,0.2643030285835266,0.3378322124481201,-0.0735291838645935,4.42525
lca,3,p281_247_mic2,p281,data\VCTK\wav48_silence_trimmed\p281\p281_247_mic2.flac,p281,1,1,0.332673043012619,0.332673043012619,0.3270302414894104,0.005642801523208618,4.42525
original,0,p281_255_mic1,p281,data\VCTK\wav48_silence_trimmed\p281\p281_255_mic1.flac,p281,1,1,0.7221092581748962,0.7221092581748962,0.2892630696296692,0.43284618854522705,3.525375
base,1,p281_255_mic1,p281,data\VCTK\wav48_silence_trimmed\p281\p281_255_mic1.flac,p364,0,1,0.4266389012336731,0.09359453618526459,0.4266389012336731,-0.3330443650484085,3.525375
base,2,p281_255_mic1,p281,data\VCTK\wav48_silence_trimmed\p281\p281_255_mic1.flac,p364,0,1,0.3835846483707428,0.30294090509414673,0.3835846483707428,-0.08064374327659607,3.525375
base,3,p281_255_mic1,p281,data\VCTK\wav48_silence_trimmed\p281\p281_255_mic1.flac,p281,1,1,0.4678705930709839,0.4678705930709839,0.34343940019607544,0.12443119287490845,3.525375
lca,1,p281_255_mic1,p281,data\VCTK\wav48_silence_trimmed\p281\p281_255_mic1.flac,p364,0,1,0.35150471329689026,0.21939067542552948,0.35150471329689026,-0.13211403787136078,3.525375
lca,2,p281_255_mic1,p281,data\VCTK\wav48_silence_trimmed\p281\p281_255_mic1.flac,p281,1,1,0.40159279108047485,0.40159279108047485,0.3697259724140167,0.03186681866645813,3.525375
lca,3,p281_255_mic1,p281,data\VCTK\wav48_silence_trimmed\p281\p281_255_mic1.flac,p281,1,1,0.48583921790122986,0.48583921790122986,0.3213016986846924,0.16453751921653748,3.525375
original,0,p281_316_mic1,p281,data\VCTK\wav48_silence_trimmed\p281\p281_316_mic1.flac,p281,1,1,0.6797994375228882,0.6797994375228882,0.44894832372665405,0.23085111379623413,4.24075
base,1,p281_316_mic1,p281,data\VCTK\wav48_silence_trimmed\p281\p281_316_mic1.flac,p364,0,1,0.3693763315677643,0.07000993192195892,0.3693763315677643,-0.29936639964580536,4.24075
base,2,p281_316_mic1,p281,data\VCTK\wav48_silence_trimmed\p281\p281_316_mic1.flac,p364,0,1,0.3610270321369171,0.3233846426010132,0.3610270321369171,-0.03764238953590393,4.24075
base,3,p281_316_mic1,p281,data\VCTK\wav48_silence_trimmed\p281\p281_316_mic1.flac,p281,1,1,0.43620726466178894,0.43620726466178894,0.35194408893585205,0.08426317572593689,4.24075
lca,1,p281_316_mic1,p281,data\VCTK\wav48_silence_trimmed\p281\p281_316_mic1.flac,p364,0,1,0.384618878364563,0.19776254892349243,0.384618878364563,-0.18685632944107056,4.24075
lca,2,p281_316_mic1,p281,data\VCTK\wav48_silence_trimmed\p281\p281_316_mic1.flac,p281,1,1,0.4599626362323761,0.4599626362323761,0.41361987590789795,0.04634276032447815,4.24075
lca,3,p281_316_mic1,p281,data\VCTK\wav48_silence_trimmed\p281\p281_316_mic1.flac,p281,1,1,0.5205787420272827,0.5205787420272827,0.3656058609485626,0.1549728810787201,4.24075
original,0,p282_013_mic1,p282,data\VCTK\wav48_silence_trimmed\p282\p282_013_mic1.flac,p282,1,1,0.7984884977340698,0.7984884977340698,0.4534432291984558,0.345045268535614,4.056
base,1,p282_013_mic1,p282,data\VCTK\wav48_silence_trimmed\p282\p282_013_mic1.flac,p262,0,1,0.37471747398376465,0.03744002431631088,0.37471747398376465,-0.33727744966745377,4.056
base,2,p282_013_mic1,p282,data\VCTK\wav48_silence_trimmed\p282\p282_013_mic1.flac,p262,0,1,0.5146777629852295,0.3198252022266388,0.5146777629852295,-0.1948525607585907,4.056
base,3,p282_013_mic1,p282,data\VCTK\wav48_silence_trimmed\p282\p282_013_mic1.flac,p262,0,1,0.5053524971008301,0.31180137395858765,0.5053524971008301,-0.19355112314224243,4.056
lca,1,p282_013_mic1,p282,data\VCTK\wav48_silence_trimmed\p282\p282_013_mic1.flac,p280,0,1,0.3806694746017456,0.02468739077448845,0.3806694746017456,-0.35598208382725716,4.056
lca,2,p282_013_mic1,p282,data\VCTK\wav48_silence_trimmed\p282\p282_013_mic1.flac,p280,0,1,0.43835505843162537,0.12245114147663116,0.43835505843162537,-0.3159039169549942,4.056
lca,3,p282_013_mic1,p282,data\VCTK\wav48_silence_trimmed\p282\p282_013_mic1.flac,p280,0,1,0.4993981122970581,0.1978042721748352,0.4993981122970581,-0.3015938401222229,4.056
original,0,p282_027_mic2,p282,data\VCTK\wav48_silence_trimmed\p282\p282_027_mic2.flac,p282,1,1,0.7512345910072327,0.7512345910072327,0.48722413182258606,0.2640104591846466,5.0084375
base,1,p282_027_mic2,p282,data\VCTK\wav48_silence_trimmed\p282\p282_027_mic2.flac,p262,0,1,0.39832603931427,0.005331583321094513,0.39832603931427,-0.3929944559931755,5.0084375
base,2,p282_027_mic2,p282,data\VCTK\wav48_silence_trimmed\p282\p282_027_mic2.flac,p262,0,1,0.459882915019989,0.21227949857711792,0.459882915019989,-0.2476034164428711,5.0084375
base,3,p282_027_mic2,p282,data\VCTK\wav48_silence_trimmed\p282\p282_027_mic2.flac,p295,0,1,0.465562105178833,0.3015231788158417,0.465562105178833,-0.16403892636299133,5.0084375
lca,1,p282_027_mic2,p282,data\VCTK\wav48_silence_trimmed\p282\p282_027_mic2.flac,p313,0,1,0.3658071458339691,0.045799899846315384,0.3658071458339691,-0.32000724598765373,5.0084375
lca,2,p282_027_mic2,p282,data\VCTK\wav48_silence_trimmed\p282\p282_027_mic2.flac,p340,0,1,0.4122929275035858,0.1166207417845726,0.4122929275035858,-0.2956721857190132,5.0084375
lca,3,p282_027_mic2,p282,data\VCTK\wav48_silence_trimmed\p282\p282_027_mic2.flac,p250,0,1,0.42630472779273987,0.15265044569969177,0.42630472779273987,-0.2736542820930481,5.0084375
original,0,p282_035_mic1,p282,data\VCTK\wav48_silence_trimmed\p282\p282_035_mic1.flac,p282,1,1,0.767071008682251,0.767071008682251,0.49919551610946655,0.2678754925727844,3.758375
base,1,p282_035_mic1,p282,data\VCTK\wav48_silence_trimmed\p282\p282_035_mic1.flac,p250,0,1,0.48694318532943726,0.14594188332557678,0.48694318532943726,-0.3410013020038605,3.758375
base,2,p282_035_mic1,p282,data\VCTK\wav48_silence_trimmed\p282\p282_035_mic1.flac,p250,0,1,0.5008531212806702,0.26140516996383667,0.5008531212806702,-0.2394479513168335,3.758375
base,3,p282_035_mic1,p282,data\VCTK\wav48_silence_trimmed\p282\p282_035_mic1.flac,p250,0,1,0.540627121925354,0.3464708924293518,0.540627121925354,-0.1941562294960022,3.758375
lca,1,p282_035_mic1,p282,data\VCTK\wav48_silence_trimmed\p282\p282_035_mic1.flac,p244,0,1,0.3955386281013489,0.07104603946208954,0.3955386281013489,-0.32449258863925934,3.758375
lca,2,p282_035_mic1,p282,data\VCTK\wav48_silence_trimmed\p282\p282_035_mic1.flac,p280,0,1,0.4465932250022888,0.20041435956954956,0.4465932250022888,-0.24617886543273926,3.758375
lca,3,p282_035_mic1,p282,data\VCTK\wav48_silence_trimmed\p282\p282_035_mic1.flac,p250,0,1,0.5235495567321777,0.25483962893486023,0.5235495567321777,-0.2687099277973175,3.758375
original,0,p282_104_mic1,p282,data\VCTK\wav48_silence_trimmed\p282\p282_104_mic1.flac,p282,1,1,0.7339949607849121,0.7339949607849121,0.42425841093063354,0.30973654985427856,1.896875
base,1,p282_104_mic1,p282,data\VCTK\wav48_silence_trimmed\p282\p282_104_mic1.flac,p301,0,1,0.3295523226261139,0.09998118877410889,0.3295523226261139,-0.229571133852005,1.896875
base,2,p282_104_mic1,p282,data\VCTK\wav48_silence_trimmed\p282\p282_104_mic1.flac,p301,0,1,0.26410776376724243,0.1134030818939209,0.26410776376724243,-0.15070468187332153,1.896875
base,3,p282_104_mic1,p282,data\VCTK\wav48_silence_trimmed\p282\p282_104_mic1.flac,p262,0,1,0.2923961281776428,0.27666789293289185,0.2923961281776428,-0.015728235244750977,1.896875
lca,1,p282_104_mic1,p282,data\VCTK\wav48_silence_trimmed\p282\p282_104_mic1.flac,p250,0,1,0.32180705666542053,0.11011120676994324,0.32180705666542053,-0.2116958498954773,1.896875
lca,2,p282_104_mic1,p282,data\VCTK\wav48_silence_trimmed\p282\p282_104_mic1.flac,p250,0,1,0.37294602394104004,0.16749122738838196,0.37294602394104004,-0.20545479655265808,1.896875
lca,3,p282_104_mic1,p282,data\VCTK\wav48_silence_trimmed\p282\p282_104_mic1.flac,p250,0,1,0.4541894793510437,0.32596856355667114,0.4541894793510437,-0.12822091579437256,1.896875
original,0,p282_228_mic2,p282,data\VCTK\wav48_silence_trimmed\p282\p282_228_mic2.flac,p282,1,1,0.7186770439147949,0.7186770439147949,0.48644715547561646,0.23222988843917847,3.30625
base,1,p282_228_mic2,p282,data\VCTK\wav48_silence_trimmed\p282\p282_228_mic2.flac,p238,0,1,0.36318767070770264,0.022150201722979546,0.36318767070770264,-0.3410374689847231,3.30625
base,2,p282_228_mic2,p282,data\VCTK\wav48_silence_trimmed\p282\p282_228_mic2.flac,p280,0,1,0.3993610739707947,0.20699955523014069,0.3993610739707947,-0.192361518740654,3.30625
base,3,p282_228_mic2,p282,data\VCTK\wav48_silence_trimmed\p282\p282_228_mic2.flac,p262,0,1,0.399726927280426,0.2272724062204361,0.399726927280426,-0.17245452105998993,3.30625
lca,1,p282_228_mic2,p282,data\VCTK\wav48_silence_trimmed\p282\p282_228_mic2.flac,p313,0,1,0.4126198887825012,0.012328559532761574,0.4126198887825012,-0.40029132924973965,3.30625
lca,2,p282_228_mic2,p282,data\VCTK\wav48_silence_trimmed\p282\p282_228_mic2.flac,p280,0,1,0.4664619266986847,0.05008229240775108,0.4664619266986847,-0.4163796342909336,3.30625
lca,3,p282_228_mic2,p282,data\VCTK\wav48_silence_trimmed\p282\p282_228_mic2.flac,p280,0,1,0.5075482130050659,0.12909065186977386,0.5075482130050659,-0.37845756113529205,3.30625
original,0,p283_010_mic2,p283,data\VCTK\wav48_silence_trimmed\p283\p283_010_mic2.flac,p283,1,1,0.7198392748832703,0.7198392748832703,0.44925087690353394,0.27058839797973633,3.2015
base,1,p283_010_mic2,p283,data\VCTK\wav48_silence_trimmed\p283\p283_010_mic2.flac,p339,0,1,0.37183526158332825,0.2065436989068985,0.37183526158332825,-0.16529156267642975,3.2015
base,2,p283_010_mic2,p283,data\VCTK\wav48_silence_trimmed\p283\p283_010_mic2.flac,p244,0,1,0.40268474817276,0.22836096584796906,0.40268474817276,-0.17432378232479095,3.2015
base,3,p283_010_mic2,p283,data\VCTK\wav48_silence_trimmed\p283\p283_010_mic2.flac,p339,0,1,0.3801053464412689,0.27215370535850525,0.3801053464412689,-0.10795164108276367,3.2015
lca,1,p283_010_mic2,p283,data\VCTK\wav48_silence_trimmed\p283\p283_010_mic2.flac,p250,0,1,0.4225369095802307,0.1658514440059662,0.4225369095802307,-0.2566854655742645,3.2015
lca,2,p283_010_mic2,p283,data\VCTK\wav48_silence_trimmed\p283\p283_010_mic2.flac,p340,0,1,0.42521822452545166,0.22736471891403198,0.42521822452545166,-0.19785350561141968,3.2015
lca,3,p283_010_mic2,p283,data\VCTK\wav48_silence_trimmed\p283\p283_010_mic2.flac,p340,0,1,0.44211041927337646,0.28258973360061646,0.44211041927337646,-0.15952068567276,3.2015
original,0,p283_057_mic2,p283,data\VCTK\wav48_silence_trimmed\p283\p283_057_mic2.flac,p283,1,1,0.665701687335968,0.665701687335968,0.44873571395874023,0.21696597337722778,2.326125
base,1,p283_057_mic2,p283,data\VCTK\wav48_silence_trimmed\p283\p283_057_mic2.flac,p244,0,1,0.3220764100551605,0.13735394179821014,0.3220764100551605,-0.18472246825695038,2.326125
base,2,p283_057_mic2,p283,data\VCTK\wav48_silence_trimmed\p283\p283_057_mic2.flac,p265,0,1,0.38741856813430786,0.19938303530216217,0.38741856813430786,-0.1880355328321457,2.326125
base,3,p283_057_mic2,p283,data\VCTK\wav48_silence_trimmed\p283\p283_057_mic2.flac,p244,0,1,0.41728726029396057,0.18935814499855042,0.41728726029396057,-0.22792911529541016,2.326125
lca,1,p283_057_mic2,p283,data\VCTK\wav48_silence_trimmed\p283\p283_057_mic2.flac,p280,0,1,0.40285971760749817,0.1392286717891693,0.40285971760749817,-0.26363104581832886,2.326125
lca,2,p283_057_mic2,p283,data\VCTK\wav48_silence_trimmed\p283\p283_057_mic2.flac,p250,0,1,0.5164870619773865,0.1431644707918167,0.5164870619773865,-0.37332259118556976,2.326125
lca,3,p283_057_mic2,p283,data\VCTK\wav48_silence_trimmed\p283\p283_057_mic2.flac,p250,0,1,0.4679306745529175,0.1983073651790619,0.4679306745529175,-0.2696233093738556,2.326125
original,0,p283_158_mic1,p283,data\VCTK\wav48_silence_trimmed\p283\p283_158_mic1.flac,p283,1,1,0.6627483367919922,0.6627483367919922,0.40279752016067505,0.25995081663131714,2.8446875
base,1,p283_158_mic1,p283,data\VCTK\wav48_silence_trimmed\p283\p283_158_mic1.flac,p262,0,1,0.33244723081588745,0.2572081387042999,0.33244723081588745,-0.07523909211158752,2.8446875
base,2,p283_158_mic1,p283,data\VCTK\wav48_silence_trimmed\p283\p283_158_mic1.flac,p351,0,1,0.3626955449581146,0.29949915409088135,0.3626955449581146,-0.06319639086723328,2.8446875
base,3,p283_158_mic1,p283,data\VCTK\wav48_silence_trimmed\p283\p283_158_mic1.flac,p262,0,1,0.4172952473163605,0.33383625745773315,0.4172952473163605,-0.08345898985862732,2.8446875
lca,1,p283_158_mic1,p283,data\VCTK\wav48_silence_trimmed\p283\p283_158_mic1.flac,p250,0,1,0.41490066051483154,0.17947807908058167,0.41490066051483154,-0.23542258143424988,2.8446875
lca,2,p283_158_mic1,p283,data\VCTK\wav48_silence_trimmed\p283\p283_158_mic1.flac,p250,0,1,0.43435198068618774,0.2707831859588623,0.43435198068618774,-0.16356879472732544,2.8446875
lca,3,p283_158_mic1,p283,data\VCTK\wav48_silence_trimmed\p283\p283_158_mic1.flac,p340,0,1,0.4590153098106384,0.25949323177337646,0.4590153098106384,-0.19952207803726196,2.8446875
original,0,p283_271_mic1,p283,data\VCTK\wav48_silence_trimmed\p283\p283_271_mic1.flac,p283,1,1,0.6560987234115601,0.6560987234115601,0.37373682856559753,0.2823618948459625,2.71425
base,1,p283_271_mic1,p283,data\VCTK\wav48_silence_trimmed\p283\p283_271_mic1.flac,p238,0,1,0.36209696531295776,0.2281283587217331,0.36209696531295776,-0.13396860659122467,2.71425
base,2,p283_271_mic1,p283,data\VCTK\wav48_silence_trimmed\p283\p283_271_mic1.flac,p340,0,1,0.40670233964920044,0.34566730260849,0.40670233964920044,-0.06103503704071045,2.71425
base,3,p283_271_mic1,p283,data\VCTK\wav48_silence_trimmed\p283\p283_271_mic1.flac,p340,0,1,0.4598104953765869,0.4318545460700989,0.4598104953765869,-0.027955949306488037,2.71425
lca,1,p283_271_mic1,p283,data\VCTK\wav48_silence_trimmed\p283\p283_271_mic1.flac,p250,0,1,0.47385257482528687,0.25607576966285706,0.47385257482528687,-0.2177768051624298,2.71425
lca,2,p283_271_mic1,p283,data\VCTK\wav48_silence_trimmed\p283\p283_271_mic1.flac,p250,0,1,0.4779483675956726,0.24909377098083496,0.4779483675956726,-0.22885459661483765,2.71425
lca,3,p283_271_mic1,p283,data\VCTK\wav48_silence_trimmed\p283\p283_271_mic1.flac,p313,0,1,0.49327611923217773,0.28234559297561646,0.49327611923217773,-0.21093052625656128,2.71425
original,0,p283_406_mic1,p283,data\VCTK\wav48_silence_trimmed\p283\p283_406_mic1.flac,p283,1,1,0.8058888912200928,0.8058888912200928,0.46890193223953247,0.3369869589805603,3.0128125
base,1,p283_406_mic1,p283,data\VCTK\wav48_silence_trimmed\p283\p283_406_mic1.flac,p244,0,1,0.38060134649276733,0.22867867350578308,0.38060134649276733,-0.15192267298698425,3.0128125
base,2,p283_406_mic1,p283,data\VCTK\wav48_silence_trimmed\p283\p283_406_mic1.flac,p244,0,1,0.3955192267894745,0.38775745034217834,0.3955192267894745,-0.007761776447296143,3.0128125
base,3,p283_406_mic1,p283,data\VCTK\wav48_silence_trimmed\p283\p283_406_mic1.flac,p283,1,1,0.4686969816684723,0.4686969816684723,0.3978058099746704,0.07089117169380188,3.0128125
lca,1,p283_406_mic1,p283,data\VCTK\wav48_silence_trimmed\p283\p283_406_mic1.flac,p280,0,1,0.3849496841430664,0.1480157971382141,0.3849496841430664,-0.2369338870048523,3.0128125
lca,2,p283_406_mic1,p283,data\VCTK\wav48_silence_trimmed\p283\p283_406_mic1.flac,p313,0,1,0.4412849545478821,0.31020793318748474,0.4412849545478821,-0.13107702136039734,3.0128125
lca,3,p283_406_mic1,p283,data\VCTK\wav48_silence_trimmed\p283\p283_406_mic1.flac,p313,0,1,0.4601554870605469,0.33473116159439087,0.4601554870605469,-0.125424325466156,3.0128125
original,0,p284_205_mic2,p284,data\VCTK\wav48_silence_trimmed\p284\p284_205_mic2.flac,p284,1,1,0.7322427034378052,0.7322427034378052,0.39227497577667236,0.3399677276611328,3.4459375
base,1,p284_205_mic2,p284,data\VCTK\wav48_silence_trimmed\p284\p284_205_mic2.flac,p364,0,1,0.2821894586086273,0.20067080855369568,0.2821894586086273,-0.08151865005493164,3.4459375
base,2,p284_205_mic2,p284,data\VCTK\wav48_silence_trimmed\p284\p284_205_mic2.flac,p284,1,1,0.43880322575569153,0.43880322575569153,0.2974352538585663,0.14136797189712524,3.4459375
base,3,p284_205_mic2,p284,data\VCTK\wav48_silence_trimmed\p284\p284_205_mic2.flac,p284,1,1,0.421498566865921,0.421498566865921,0.392600417137146,0.028898149728775024,3.4459375
lca,1,p284_205_mic2,p284,data\VCTK\wav48_silence_trimmed\p284\p284_205_mic2.flac,p364,0,1,0.34984245896339417,0.20218347012996674,0.34984245896339417,-0.14765898883342743,3.4459375
lca,2,p284_205_mic2,p284,data\VCTK\wav48_silence_trimmed\p284\p284_205_mic2.flac,p347,0,1,0.398800790309906,0.3447616994380951,0.398800790309906,-0.05403909087181091,3.4459375
lca,3,p284_205_mic2,p284,data\VCTK\wav48_silence_trimmed\p284\p284_205_mic2.flac,p347,0,1,0.45623454451560974,0.35462114214897156,0.45623454451560974,-0.10161340236663818,3.4459375
original,0,p284_208_mic2,p284,data\VCTK\wav48_silence_trimmed\p284\p284_208_mic2.flac,p284,1,1,0.6978446245193481,0.6978446245193481,0.38303905725479126,0.3148055672645569,3.16225
base,1,p284_208_mic2,p284,data\VCTK\wav48_silence_trimmed\p284\p284_208_mic2.flac,p347,0,1,0.32095423340797424,0.14140218496322632,0.32095423340797424,-0.17955204844474792,3.16225
base,2,p284_208_mic2,p284,data\VCTK\wav48_silence_trimmed\p284\p284_208_mic2.flac,p347,0,1,0.3690880537033081,0.3254740834236145,0.3690880537033081,-0.043613970279693604,3.16225
base,3,p284_208_mic2,p284,data\VCTK\wav48_silence_trimmed\p284\p284_208_mic2.flac,p284,1,1,0.43836864829063416,0.43836864829063416,0.3963170051574707,0.04205164313316345,3.16225
lca,1,p284_208_mic2,p284,data\VCTK\wav48_silence_trimmed\p284\p284_208_mic2.flac,p364,0,1,0.39319539070129395,0.1664218008518219,0.39319539070129395,-0.22677358984947205,3.16225
lca,2,p284_208_mic2,p284,data\VCTK\wav48_silence_trimmed\p284\p284_208_mic2.flac,p347,0,1,0.452340304851532,0.29043859243392944,0.452340304851532,-0.16190171241760254,3.16225
lca,3,p284_208_mic2,p284,data\VCTK\wav48_silence_trimmed\p284\p284_208_mic2.flac,p347,0,1,0.4502733647823334,0.3783329725265503,0.4502733647823334,-0.07194039225578308,3.16225
original,0,p284_272_mic2,p284,data\VCTK\wav48_silence_trimmed\p284\p284_272_mic2.flac,p284,1,1,0.688960075378418,0.688960075378418,0.38808131217956543,0.30087876319885254,1.9634375
base,1,p284_272_mic2,p284,data\VCTK\wav48_silence_trimmed\p284\p284_272_mic2.flac,p364,0,1,0.25065141916275024,0.17418938875198364,0.25065141916275024,-0.0764620304107666,1.9634375
base,2,p284_272_mic2,p284,data\VCTK\wav48_silence_trimmed\p284\p284_272_mic2.flac,p316,0,1,0.29869771003723145,0.29068753123283386,0.29869771003723145,-0.008010178804397583,1.9634375
base,3,p284_272_mic2,p284,data\VCTK\wav48_silence_trimmed\p284\p284_272_mic2.flac,p284,1,1,0.3633248805999756,0.3633248805999756,0.34023791551589966,0.023086965084075928,1.9634375
lca,1,p284_272_mic2,p284,data\VCTK\wav48_silence_trimmed\p284\p284_272_mic2.flac,p364,0,1,0.4181482493877411,0.2532503306865692,0.4181482493877411,-0.16489791870117188,1.9634375
lca,2,p284_272_mic2,p284,data\VCTK\wav48_silence_trimmed\p284\p284_272_mic2.flac,p364,0,1,0.3780783414840698,0.35449954867362976,0.3780783414840698,-0.023578792810440063,1.9634375
lca,3,p284_272_mic2,p284,data\VCTK\wav48_silence_trimmed\p284\p284_272_mic2.flac,p347,0,1,0.39763331413269043,0.34483426809310913,0.39763331413269043,-0.0527990460395813,1.9634375
original,0,p284_373_mic1,p284,data\VCTK\wav48_silence_trimmed\p284\p284_373_mic1.flac,p284,1,1,0.7400055527687073,0.7400055527687073,0.4014293849468231,0.33857616782188416,4.142875
base,1,p284_373_mic1,p284,data\VCTK\wav48_silence_trimmed\p284\p284_373_mic1.flac,p364,0,1,0.30582472681999207,0.22641809284687042,0.30582472681999207,-0.07940663397312164,4.142875
base,2,p284_373_mic1,p284,data\VCTK\wav48_silence_trimmed\p284\p284_373_mic1.flac,p364,0,1,0.43643805384635925,0.3133317828178406,0.43643805384635925,-0.12310627102851868,4.142875
base,3,p284_373_mic1,p284,data\VCTK\wav48_silence_trimmed\p284\p284_373_mic1.flac,p284,1,1,0.4605637490749359,0.4605637490749359,0.3928127884864807,0.0677509605884552,4.142875
lca,1,p284_373_mic1,p284,data\VCTK\wav48_silence_trimmed\p284\p284_373_mic1.flac,p364,0,1,0.3857927620410919,0.22157201170921326,0.3857927620410919,-0.16422075033187866,4.142875
lca,2,p284_373_mic1,p284,data\VCTK\wav48_silence_trimmed\p284\p284_373_mic1.flac,p284,1,1,0.3702433705329895,0.3702433705329895,0.3700823187828064,0.00016105175018310547,4.142875
lca,3,p284_373_mic1,p284,data\VCTK\wav48_silence_trimmed\p284\p284_373_mic1.flac,p364,0,1,0.4157498776912689,0.37787723541259766,0.4157498776912689,-0.037872642278671265,4.142875
original,0,p284_414_mic2,p284,data\VCTK\wav48_silence_trimmed\p284\p284_414_mic2.flac,p284,1,1,0.6249086260795593,0.6249086260795593,0.386045902967453,0.23886272311210632,2.26625
base,1,p284_414_mic2,p284,data\VCTK\wav48_silence_trimmed\p284\p284_414_mic2.flac,p360,0,1,0.31634753942489624,0.13826020061969757,0.31634753942489624,-0.17808733880519867,2.26625
base,2,p284_414_mic2,p284,data\VCTK\wav48_silence_trimmed\p284\p284_414_mic2.flac,p284,1,1,0.4275655746459961,0.4275655746459961,0.28426963090896606,0.14329594373703003,2.26625
base,3,p284_414_mic2,p284,data\VCTK\wav48_silence_trimmed\p284\p284_414_mic2.flac,p284,1,1,0.5018225312232971,0.5018225312232971,0.3313768804073334,0.17044565081596375,2.26625
lca,1,p284_414_mic2,p284,data\VCTK\wav48_silence_trimmed\p284\p284_414_mic2.flac,p364,0,1,0.3937215209007263,0.2558162808418274,0.3937215209007263,-0.13790524005889893,2.26625
lca,2,p284_414_mic2,p284,data\VCTK\wav48_silence_trimmed\p284\p284_414_mic2.flac,p364,0,1,0.38844576478004456,0.3072396516799927,0.38844576478004456,-0.08120611310005188,2.26625
lca,3,p284_414_mic2,p284,data\VCTK\wav48_silence_trimmed\p284\p284_414_mic2.flac,p284,1,1,0.41341084241867065,0.41341084241867065,0.3758333921432495,0.03757745027542114,2.26625
original,0,p285_072_mic2,p285,data\VCTK\wav48_silence_trimmed\p285\p285_072_mic2.flac,p285,1,1,0.7091701030731201,0.7091701030731201,0.34273990988731384,0.3664301931858063,3.416625
base,1,p285_072_mic2,p285,data\VCTK\wav48_silence_trimmed\p285\p285_072_mic2.flac,p285,1,1,0.30837517976760864,0.30837517976760864,0.27949440479278564,0.028880774974822998,3.416625
base,2,p285_072_mic2,p285,data\VCTK\wav48_silence_trimmed\p285\p285_072_mic2.flac,p285,1,1,0.42495474219322205,0.42495474219322205,0.2723599374294281,0.15259480476379395,3.416625
base,3,p285_072_mic2,p285,data\VCTK\wav48_silence_trimmed\p285\p285_072_mic2.flac,p285,1,1,0.4427250027656555,0.4427250027656555,0.2811838984489441,0.16154110431671143,3.416625
lca,1,p285_072_mic2,p285,data\VCTK\wav48_silence_trimmed\p285\p285_072_mic2.flac,p364,0,1,0.341927170753479,0.3056730031967163,0.341927170753479,-0.036254167556762695,3.416625
lca,2,p285_072_mic2,p285,data\VCTK\wav48_silence_trimmed\p285\p285_072_mic2.flac,p285,1,1,0.3116254210472107,0.3116254210472107,0.2909703850746155,0.020655035972595215,3.416625
lca,3,p285_072_mic2,p285,data\VCTK\wav48_silence_trimmed\p285\p285_072_mic2.flac,p285,1,1,0.3803369700908661,0.3803369700908661,0.2714761793613434,0.1088607907295227,3.416625
original,0,p285_112_mic2,p285,data\VCTK\wav48_silence_trimmed\p285\p285_112_mic2.flac,p285,1,1,0.562432587146759,0.562432587146759,0.2685965299606323,0.2938360571861267,1.796125
base,1,p285_112_mic2,p285,data\VCTK\wav48_silence_trimmed\p285\p285_112_mic2.flac,p302,0,1,0.27530524134635925,0.2017701268196106,0.27530524134635925,-0.07353511452674866,1.796125
base,2,p285_112_mic2,p285,data\VCTK\wav48_silence_trimmed\p285\p285_112_mic2.flac,p302,0,1,0.3236449956893921,0.2962154150009155,0.3236449956893921,-0.027429580688476562,1.796125
base,3,p285_112_mic2,p285,data\VCTK\wav48_silence_trimmed\p285\p285_112_mic2.flac,p302,0,1,0.3455743193626404,0.29687991738319397,0.3455743193626404,-0.04869440197944641,1.796125
lca,1,p285_112_mic2,p285,data\VCTK\wav48_silence_trimmed\p285\p285_112_mic2.flac,p364,0,1,0.3419690430164337,0.16637250781059265,0.3419690430164337,-0.17559653520584106,1.796125
lca,2,p285_112_mic2,p285,data\VCTK\wav48_silence_trimmed\p285\p285_112_mic2.flac,p281,0,1,0.26078781485557556,0.17108537256717682,0.26078781485557556,-0.08970244228839874,1.796125
lca,3,p285_112_mic2,p285,data\VCTK\wav48_silence_trimmed\p285\p285_112_mic2.flac,p281,0,1,0.2583962082862854,0.17453615367412567,0.2583962082862854,-0.08386005461215973,1.796125
original,0,p285_115_mic2,p285,data\VCTK\wav48_silence_trimmed\p285\p285_115_mic2.flac,p285,1,1,0.5476830005645752,0.5476830005645752,0.35280469059944153,0.19487830996513367,1.6221875
base,1,p285_115_mic2,p285,data\VCTK\wav48_silence_trimmed\p285\p285_115_mic2.flac,p248,0,0,0.23840957880020142,0.04273321107029915,0.23840957880020142,-0.19567636772990227,1.6221875
base,2,p285_115_mic2,p285,data\VCTK\wav48_silence_trimmed\p285\p285_115_mic2.flac,p302,0,1,0.36381465196609497,0.21101202070713043,0.36381465196609497,-0.15280263125896454,1.6221875
base,3,p285_115_mic2,p285,data\VCTK\wav48_silence_trimmed\p285\p285_115_mic2.flac,p252,0,1,0.35636404156684875,0.29135000705718994,0.35636404156684875,-0.06501403450965881,1.6221875
lca,1,p285_115_mic2,p285,data\VCTK\wav48_silence_trimmed\p285\p285_115_mic2.flac,p364,0,1,0.33408650755882263,0.11382100731134415,0.33408650755882263,-0.22026550024747849,1.6221875
lca,2,p285_115_mic2,p285,data\VCTK\wav48_silence_trimmed\p285\p285_115_mic2.flac,p252,0,1,0.30157482624053955,0.22322086989879608,0.30157482624053955,-0.07835395634174347,1.6221875
lca,3,p285_115_mic2,p285,data\VCTK\wav48_silence_trimmed\p285\p285_115_mic2.flac,p252,0,1,0.3066214919090271,0.27791300415992737,0.3066214919090271,-0.02870848774909973,1.6221875
original,0,p285_167_mic2,p285,data\VCTK\wav48_silence_trimmed\p285\p285_167_mic2.flac,p285,1,1,0.7254517078399658,0.7254517078399658,0.3650590181350708,0.360392689704895,3.7980625
base,1,p285_167_mic2,p285,data\VCTK\wav48_silence_trimmed\p285\p285_167_mic2.flac,p292,0,1,0.2783375382423401,0.2752782106399536,0.2783375382423401,-0.0030593276023864746,3.7980625
base,2,p285_167_mic2,p285,data\VCTK\wav48_silence_trimmed\p285\p285_167_mic2.flac,p285,1,1,0.45325151085853577,0.45325151085853577,0.3385061025619507,0.11474540829658508,3.7980625
base,3,p285_167_mic2,p285,data\VCTK\wav48_silence_trimmed\p285\p285_167_mic2.flac,p285,1,1,0.44732901453971863,0.44732901453971863,0.3422684371471405,0.10506057739257812,3.7980625
lca,1,p285_167_mic2,p285,data\VCTK\wav48_silence_trimmed\p285\p285_167_mic2.flac,p364,0,1,0.2765631079673767,0.2493346482515335,0.2765631079673767,-0.0272284597158432,3.7980625
lca,2,p285_167_mic2,p285,data\VCTK\wav48_silence_trimmed\p285\p285_167_mic2.flac,p285,1,1,0.39107218384742737,0.39107218384742737,0.3129643201828003,0.07810786366462708,3.7980625
lca,3,p285_167_mic2,p285,data\VCTK\wav48_silence_trimmed\p285\p285_167_mic2.flac,p285,1,1,0.3578762710094452,0.3578762710094452,0.34269285202026367,0.015183418989181519,3.7980625
original,0,p285_192_mic2,p285,data\VCTK\wav48_silence_trimmed\p285\p285_192_mic2.flac,p285,1,1,0.6561227440834045,0.6561227440834045,0.358161985874176,0.2979607582092285,2.30925
base,1,p285_192_mic2,p285,data\VCTK\wav48_silence_trimmed\p285\p285_192_mic2.flac,p251,0,1,0.31751835346221924,0.24319115281105042,0.31751835346221924,-0.07432720065116882,2.30925
base,2,p285_192_mic2,p285,data\VCTK\wav48_silence_trimmed\p285\p285_192_mic2.flac,p271,0,1,0.3466082811355591,0.20215672254562378,0.3466082811355591,-0.1444515585899353,2.30925
base,3,p285_192_mic2,p285,data\VCTK\wav48_silence_trimmed\p285\p285_192_mic2.flac,p271,0,1,0.37520545721054077,0.14349786937236786,0.37520545721054077,-0.2317075878381729,2.30925
lca,1,p285_192_mic2,p285,data\VCTK\wav48_silence_trimmed\p285\p285_192_mic2.flac,p364,0,1,0.328183114528656,0.1733321249485016,0.328183114528656,-0.15485098958015442,2.30925
lca,2,p285_192_mic2,p285,data\VCTK\wav48_silence_trimmed\p285\p285_192_mic2.flac,p347,0,1,0.37708285450935364,0.21657466888427734,0.37708285450935364,-0.1605081856250763,2.30925
lca,3,p285_192_mic2,p285,data\VCTK\wav48_silence_trimmed\p285\p285_192_mic2.flac,p252,0,1,0.4137278199195862,0.23338402807712555,0.4137278199195862,-0.18034379184246063,2.30925
original,0,p286_108_mic2,p286,data\VCTK\wav48_silence_trimmed\p286\p286_108_mic2.flac,p286,1,1,0.8052111864089966,0.8052111864089966,0.3962171673774719,0.40899401903152466,2.6070625
base,1,p286_108_mic2,p286,data\VCTK\wav48_silence_trimmed\p286\p286_108_mic2.flac,p302,0,1,0.3211253583431244,0.13637875020503998,0.3211253583431244,-0.1847466081380844,2.6070625
base,2,p286_108_mic2,p286,data\VCTK\wav48_silence_trimmed\p286\p286_108_mic2.flac,p286,1,1,0.43639296293258667,0.43639296293258667,0.3333154320716858,0.10307753086090088,2.6070625
base,3,p286_108_mic2,p286,data\VCTK\wav48_silence_trimmed\p286\p286_108_mic2.flac,p286,1,1,0.5232012271881104,0.5232012271881104,0.30589163303375244,0.2173095941543579,2.6070625
lca,1,p286_108_mic2,p286,data\VCTK\wav48_silence_trimmed\p286\p286_108_mic2.flac,p364,0,1,0.3319655954837799,0.12084972113370895,0.3319655954837799,-0.21111587435007095,2.6070625
lca,2,p286_108_mic2,p286,data\VCTK\wav48_silence_trimmed\p286\p286_108_mic2.flac,p286,1,1,0.3522424101829529,0.3522424101829529,0.2835540473461151,0.06868836283683777,2.6070625
lca,3,p286_108_mic2,p286,data\VCTK\wav48_silence_trimmed\p286\p286_108_mic2.flac,p286,1,1,0.46954894065856934,0.46954894065856934,0.2775413990020752,0.19200754165649414,2.6070625
original,0,p286_126_mic1,p286,data\VCTK\wav48_silence_trimmed\p286\p286_126_mic1.flac,p286,1,1,0.7136180400848389,0.7136180400848389,0.3824998438358307,0.3311181962490082,2.5184375
base,1,p286_126_mic1,p286,data\VCTK\wav48_silence_trimmed\p286\p286_126_mic1.flac,p302,0,1,0.26615047454833984,0.10396087169647217,0.26615047454833984,-0.16218960285186768,2.5184375
base,2,p286_126_mic1,p286,data\VCTK\wav48_silence_trimmed\p286\p286_126_mic1.flac,p286,1,1,0.34367209672927856,0.34367209672927856,0.2692078649997711,0.07446423172950745,2.5184375
base,3,p286_126_mic1,p286,data\VCTK\wav48_silence_trimmed\p286\p286_126_mic1.flac,p286,1,1,0.41070428490638733,0.41070428490638733,0.2547678053379059,0.15593647956848145,2.5184375
lca,1,p286_126_mic1,p286,data\VCTK\wav48_silence_trimmed\p286\p286_126_mic1.flac,p313,0,1,0.2690719962120056,0.05584539473056793,0.2690719962120056,-0.21322660148143768,2.5184375
lca,2,p286_126_mic1,p286,data\VCTK\wav48_silence_trimmed\p286\p286_126_mic1.flac,p280,0,1,0.2695555090904236,0.2025478631258011,0.2695555090904236,-0.0670076459646225,2.5184375
lca,3,p286_126_mic1,p286,data\VCTK\wav48_silence_trimmed\p286\p286_126_mic1.flac,p286,1,1,0.35630661249160767,0.35630661249160767,0.2844247817993164,0.07188183069229126,2.5184375
original,0,p286_142_mic1,p286,data\VCTK\wav48_silence_trimmed\p286\p286_142_mic1.flac,p286,1,1,0.7966798543930054,0.7966798543930054,0.4371607303619385,0.3595191240310669,3.115
base,1,p286_142_mic1,p286,data\VCTK\wav48_silence_trimmed\p286\p286_142_mic1.flac,p298,0,1,0.33274877071380615,0.1845412403345108,0.33274877071380615,-0.14820753037929535,3.115
base,2,p286_142_mic1,p286,data\VCTK\wav48_silence_trimmed\p286\p286_142_mic1.flac,p286,1,1,0.42008671164512634,0.42008671164512634,0.3630872368812561,0.05699947476387024,3.115
base,3,p286_142_mic1,p286,data\VCTK\wav48_silence_trimmed\p286\p286_142_mic1.flac,p286,1,1,0.512068510055542,0.512068510055542,0.3821621537208557,0.12990635633468628,3.115
lca,1,p286_142_mic1,p286,data\VCTK\wav48_silence_trimmed\p286\p286_142_mic1.flac,p364,0,1,0.36486679315567017,0.0786859542131424,0.36486679315567017,-0.28618083894252777,3.115
lca,2,p286_142_mic1,p286,data\VCTK\wav48_silence_trimmed\p286\p286_142_mic1.flac,p259,0,1,0.376057505607605,0.32594746351242065,0.376057505607605,-0.050110042095184326,3.115
lca,3,p286_142_mic1,p286,data\VCTK\wav48_silence_trimmed\p286\p286_142_mic1.flac,p286,1,1,0.4273362159729004,0.4273362159729004,0.3828408122062683,0.04449540376663208,3.115
original,0,p286_452_mic2,p286,data\VCTK\wav48_silence_trimmed\p286\p286_452_mic2.flac,p286,1,1,0.7965371012687683,0.7965371012687683,0.3967864513397217,0.39975064992904663,3.74775
base,1,p286_452_mic2,p286,data\VCTK\wav48_silence_trimmed\p286\p286_452_mic2.flac,p298,0,1,0.324897825717926,0.23777228593826294,0.324897825717926,-0.08712553977966309,3.74775
base,2,p286_452_mic2,p286,data\VCTK\wav48_silence_trimmed\p286\p286_452_mic2.flac,p286,1,1,0.43226486444473267,0.43226486444473267,0.348937451839447,0.08332741260528564,3.74775
base,3,p286_452_mic2,p286,data\VCTK\wav48_silence_trimmed\p286\p286_452_mic2.flac,p286,1,1,0.4814978837966919,0.4814978837966919,0.3006386458873749,0.18085923790931702,3.74775
lca,1,p286_452_mic2,p286,data\VCTK\wav48_silence_trimmed\p286\p286_452_mic2.flac,p364,0,1,0.3711291253566742,0.07753323018550873,0.3711291253566742,-0.29359589517116547,3.74775
lca,2,p286_452_mic2,p286,data\VCTK\wav48_silence_trimmed\p286\p286_452_mic2.flac,p364,0,1,0.3500155210494995,0.2520701289176941,0.3500155210494995,-0.09794539213180542,3.74775
lca,3,p286_452_mic2,p286,data\VCTK\wav48_silence_trimmed\p286\p286_452_mic2.flac,p286,1,1,0.3850867450237274,0.3850867450237274,0.3466554880142212,0.038431257009506226,3.74775
original,0,p286_461_mic2,p286,data\VCTK\wav48_silence_trimmed\p286\p286_461_mic2.flac,p286,1,1,0.7438114285469055,0.7438114285469055,0.36939090490341187,0.37442052364349365,2.3149375
base,1,p286_461_mic2,p286,data\VCTK\wav48_silence_trimmed\p286\p286_461_mic2.flac,p270,0,1,0.3612065613269806,0.1006210446357727,0.3612065613269806,-0.2605855166912079,2.3149375
base,2,p286_461_mic2,p286,data\VCTK\wav48_silence_trimmed\p286\p286_461_mic2.flac,p259,0,1,0.3879839777946472,0.3756633996963501,0.3879839777946472,-0.01232057809829712,2.3149375
base,3,p286_461_mic2,p286,data\VCTK\wav48_silence_trimmed\p286\p286_461_mic2.flac,p286,1,1,0.41302603483200073,0.41302603483200073,0.3290531039237976,0.08397293090820312,2.3149375
lca,1,p286_461_mic2,p286,data\VCTK\wav48_silence_trimmed\p286\p286_461_mic2.flac,p226,0,1,0.3548945188522339,0.01369592547416687,0.3548945188522339,-0.341198593378067,2.3149375
lca,2,p286_461_mic2,p286,data\VCTK\wav48_silence_trimmed\p286\p286_461_mic2.flac,p298,0,1,0.4351639747619629,0.3069082498550415,0.4351639747619629,-0.1282557249069214,2.3149375
lca,3,p286_461_mic2,p286,data\VCTK\wav48_silence_trimmed\p286\p286_461_mic2.flac,p252,0,1,0.3741685748100281,0.35986030101776123,0.3741685748100281,-0.014308273792266846,2.3149375
original,0,p287_034_mic1,p287,data\VCTK\wav48_silence_trimmed\p287\p287_034_mic1.flac,p287,1,1,0.7238874435424805,0.7238874435424805,0.32150503993034363,0.40238240361213684,2.5795625
base,1,p287_034_mic1,p287,data\VCTK\wav48_silence_trimmed\p287\p287_034_mic1.flac,p262,0,0,0.23090092837810516,0.1454685926437378,0.23090092837810516,-0.08543233573436737,2.5795625
base,2,p287_034_mic1,p287,data\VCTK\wav48_silence_trimmed\p287\p287_034_mic1.flac,p287,1,1,0.32352393865585327,0.32352393865585327,0.24243450164794922,0.08108943700790405,2.5795625
base,3,p287_034_mic1,p287,data\VCTK\wav48_silence_trimmed\p287\p287_034_mic1.flac,p287,1,1,0.3337821364402771,0.3337821364402771,0.30820050835609436,0.02558162808418274,2.5795625
lca,1,p287_034_mic1,p287,data\VCTK\wav48_silence_trimmed\p287\p287_034_mic1.flac,p313,0,1,0.31373101472854614,0.11537051200866699,0.31373101472854614,-0.19836050271987915,2.5795625
lca,2,p287_034_mic1,p287,data\VCTK\wav48_silence_trimmed\p287\p287_034_mic1.flac,p313,0,1,0.36838287115097046,0.20184296369552612,0.36838287115097046,-0.16653990745544434,2.5795625
lca,3,p287_034_mic1,p287,data\VCTK\wav48_silence_trimmed\p287\p287_034_mic1.flac,p313,0,1,0.30154791474342346,0.25774240493774414,0.30154791474342346,-0.04380550980567932,2.5795625
original,0,p287_161_mic2,p287,data\VCTK\wav48_silence_trimmed\p287\p287_161_mic2.flac,p287,1,1,0.7423629760742188,0.7423629760742188,0.33843424916267395,0.4039287269115448,2.783
base,1,p287_161_mic2,p287,data\VCTK\wav48_silence_trimmed\p287\p287_161_mic2.flac,p302,0,0,0.22471065819263458,0.11219118535518646,0.22471065819263458,-0.11251947283744812,2.783
base,2,p287_161_mic2,p287,data\VCTK\wav48_silence_trimmed\p287\p287_161_mic2.flac,p287,1,1,0.3145751655101776,0.3145751655101776,0.23071324825286865,0.08386191725730896,2.783
base,3,p287_161_mic2,p287,data\VCTK\wav48_silence_trimmed\p287\p287_161_mic2.flac,p287,1,1,0.37520909309387207,0.37520909309387207,0.2709985077381134,0.10421058535575867,2.783
lca,1,p287_161_mic2,p287,data\VCTK\wav48_silence_trimmed\p287\p287_161_mic2.flac,p281,0,1,0.33155322074890137,0.19924384355545044,0.33155322074890137,-0.13230937719345093,2.783
lca,2,p287_161_mic2,p287,data\VCTK\wav48_silence_trimmed\p287\p287_161_mic2.flac,p287,1,1,0.3611743152141571,0.3611743152141571,0.29963237047195435,0.06154194474220276,2.783
lca,3,p287_161_mic2,p287,data\VCTK\wav48_silence_trimmed\p287\p287_161_mic2.flac,p287,1,1,0.4419046938419342,0.4419046938419342,0.3003384470939636,0.14156624674797058,2.783
original,0,p287_172_mic2,p287,data\VCTK\wav48_silence_trimmed\p287\p287_172_mic2.flac,p287,1,1,0.7921484708786011,0.7921484708786011,0.3415107727050781,0.45063769817352295,3.6225625
base,1,p287_172_mic2,p287,data\VCTK\wav48_silence_trimmed\p287\p287_172_mic2.flac,p364,0,0,0.2361690253019333,0.2091323733329773,0.2361690253019333,-0.027036651968955994,3.6225625
base,2,p287_172_mic2,p287,data\VCTK\wav48_silence_trimmed\p287\p287_172_mic2.flac,p345,0,1,0.28203052282333374,0.25818467140197754,0.28203052282333374,-0.0238458514213562,3.6225625
base,3,p287_172_mic2,p287,data\VCTK\wav48_silence_trimmed\p287\p287_172_mic2.flac,p254,0,1,0.3313283920288086,0.28091809153556824,0.3313283920288086,-0.050410300493240356,3.6225625
lca,1,p287_172_mic2,p287,data\VCTK\wav48_silence_trimmed\p287\p287_172_mic2.flac,p364,0,1,0.3871948719024658,0.10137587040662766,0.3871948719024658,-0.28581900149583817,3.6225625
lca,2,p287_172_mic2,p287,data\VCTK\wav48_silence_trimmed\p287\p287_172_mic2.flac,p364,0,1,0.3021027743816376,0.19781716167926788,0.3021027743816376,-0.10428561270236969,3.6225625
lca,3,p287_172_mic2,p287,data\VCTK\wav48_silence_trimmed\p287\p287_172_mic2.flac,p364,0,1,0.26996293663978577,0.2411259412765503,0.26996293663978577,-0.028836995363235474,3.6225625
original,0,p287_202_mic1,p287,data\VCTK\wav48_silence_trimmed\p287\p287_202_mic1.flac,p287,1,1,0.6821287870407104,0.6821287870407104,0.36040329933166504,0.3217254877090454,2.1765625
base,1,p287_202_mic1,p287,data\VCTK\wav48_silence_trimmed\p287\p287_202_mic1.flac,p302,0,1,0.26610463857650757,0.1814747154712677,0.26610463857650757,-0.08462992310523987,2.1765625
base,2,p287_202_mic1,p287,data\VCTK\wav48_silence_trimmed\p287\p287_202_mic1.flac,p299,0,1,0.3376527726650238,0.22217437624931335,0.3376527726650238,-0.11547839641571045,2.1765625
base,3,p287_202_mic1,p287,data\VCTK\wav48_silence_trimmed\p287\p287_202_mic1.flac,p363,0,1,0.31322401762008667,0.27661535143852234,0.31322401762008667,-0.03660866618156433,2.1765625
lca,1,p287_202_mic1,p287,data\VCTK\wav48_silence_trimmed\p287\p287_202_mic1.flac,p250,0,1,0.3217124938964844,0.11087058484554291,0.3217124938964844,-0.21084190905094147,2.1765625
lca,2,p287_202_mic1,p287,data\VCTK\wav48_silence_trimmed\p287\p287_202_mic1.flac,p280,0,1,0.33658644556999207,0.3022160530090332,0.33658644556999207,-0.03437039256095886,2.1765625
lca,3,p287_202_mic1,p287,data\VCTK\wav48_silence_trimmed\p287\p287_202_mic1.flac,p287,1,1,0.37637051939964294,0.37637051939964294,0.3309652507305145,0.04540526866912842,2.1765625
original,0,p287_295_mic2,p287,data\VCTK\wav48_silence_trimmed\p287\p287_295_mic2.flac,p287,1,1,0.8410338163375854,0.8410338163375854,0.37283462285995483,0.4681991934776306,3.680625
base,1,p287_295_mic2,p287,data\VCTK\wav48_silence_trimmed\p287\p287_295_mic2.flac,p292,0,1,0.2515954077243805,0.20327603816986084,0.2515954077243805,-0.04831936955451965,3.680625
base,2,p287_295_mic2,p287,data\VCTK\wav48_silence_trimmed\p287\p287_295_mic2.flac,p287,1,1,0.42588773369789124,0.42588773369789124,0.331656813621521,0.09423092007637024,3.680625
base,3,p287_295_mic2,p287,data\VCTK\wav48_silence_trimmed\p287\p287_295_mic2.flac,p287,1,1,0.4549029469490051,0.4549029469490051,0.39035046100616455,0.06455248594284058,3.680625
lca,1,p287_295_mic2,p287,data\VCTK\wav48_silence_trimmed\p287\p287_295_mic2.flac,p364,0,1,0.3289790153503418,0.14412222802639008,0.3289790153503418,-0.18485678732395172,3.680625
lca,2,p287_295_mic2,p287,data\VCTK\wav48_silence_trimmed\p287\p287_295_mic2.flac,p347,0,1,0.28622084856033325,0.21781298518180847,0.28622084856033325,-0.06840786337852478,3.680625
lca,3,p287_295_mic2,p287,data\VCTK\wav48_silence_trimmed\p287\p287_295_mic2.flac,p287,1,1,0.371121346950531,0.371121346950531,0.35675016045570374,0.01437118649482727,3.680625
original,0,p288_040_mic1,p288,data\VCTK\wav48_silence_trimmed\p288\p288_040_mic1.flac,p288,1,1,0.661010205745697,0.661010205745697,0.564207911491394,0.09680229425430298,2.746125
base,1,p288_040_mic1,p288,data\VCTK\wav48_silence_trimmed\p288\p288_040_mic1.flac,p262,0,1,0.41103917360305786,0.12167109549045563,0.41103917360305786,-0.28936807811260223,2.746125
base,2,p288_040_mic1,p288,data\VCTK\wav48_silence_trimmed\p288\p288_040_mic1.flac,p249,0,1,0.4090617597103119,0.16355319321155548,0.4090617597103119,-0.2455085664987564,2.746125
base,3,p288_040_mic1,p288,data\VCTK\wav48_silence_trimmed\p288\p288_040_mic1.flac,p250,0,1,0.44902339577674866,0.29475295543670654,0.44902339577674866,-0.15427044034004211,2.746125
lca,1,p288_040_mic1,p288,data\VCTK\wav48_silence_trimmed\p288\p288_040_mic1.flac,p250,0,1,0.36318469047546387,0.2588573694229126,0.36318469047546387,-0.10432732105255127,2.746125
lca,2,p288_040_mic1,p288,data\VCTK\wav48_silence_trimmed\p288\p288_040_mic1.flac,p280,0,1,0.4780813157558441,0.29360032081604004,0.4780813157558441,-0.18448099493980408,2.746125
lca,3,p288_040_mic1,p288,data\VCTK\wav48_silence_trimmed\p288\p288_040_mic1.flac,p280,0,1,0.5025289058685303,0.32893192768096924,0.5025289058685303,-0.17359697818756104,2.746125
original,0,p288_054_mic1,p288,data\VCTK\wav48_silence_trimmed\p288\p288_054_mic1.flac,p288,1,1,0.6029982566833496,0.6029982566833496,0.43433040380477905,0.16866785287857056,1.7105
base,1,p288_054_mic1,p288,data\VCTK\wav48_silence_trimmed\p288\p288_054_mic1.flac,p261,0,1,0.33631831407546997,0.2792849540710449,0.33631831407546997,-0.05703336000442505,1.7105
base,2,p288_054_mic1,p288,data\VCTK\wav48_silence_trimmed\p288\p288_054_mic1.flac,p266,0,1,0.4364605247974396,0.2900017499923706,0.4364605247974396,-0.14645877480506897,1.7105
base,3,p288_054_mic1,p288,data\VCTK\wav48_silence_trimmed\p288\p288_054_mic1.flac,p266,0,1,0.3795490860939026,0.23127859830856323,0.3795490860939026,-0.14827048778533936,1.7105
lca,1,p288_054_mic1,p288,data\VCTK\wav48_silence_trimmed\p288\p288_054_mic1.flac,p280,0,1,0.3787481188774109,0.26911693811416626,0.3787481188774109,-0.10963118076324463,1.7105
lca,2,p288_054_mic1,p288,data\VCTK\wav48_silence_trimmed\p288\p288_054_mic1.flac,p280,0,1,0.4705202579498291,0.32117170095443726,0.4705202579498291,-0.14934855699539185,1.7105
lca,3,p288_054_mic1,p288,data\VCTK\wav48_silence_trimmed\p288\p288_054_mic1.flac,p280,0,1,0.5120762586593628,0.3270237445831299,0.5120762586593628,-0.1850525140762329,1.7105
original,0,p288_141_mic2,p288,data\VCTK\wav48_silence_trimmed\p288\p288_141_mic2.flac,p288,1,1,0.752439022064209,0.752439022064209,0.49577873945236206,0.2566602826118469,2.6896875
base,1,p288_141_mic2,p288,data\VCTK\wav48_silence_trimmed\p288\p288_141_mic2.flac,p301,0,1,0.3704642057418823,0.1806415170431137,0.3704642057418823,-0.18982268869876862,2.6896875
base,2,p288_141_mic2,p288,data\VCTK\wav48_silence_trimmed\p288\p288_141_mic2.flac,p280,0,1,0.40745678544044495,0.3034365177154541,0.40745678544044495,-0.10402026772499084,2.6896875
base,3,p288_141_mic2,p288,data\VCTK\wav48_silence_trimmed\p288\p288_141_mic2.flac,p299,0,1,0.4197627902030945,0.34599190950393677,0.4197627902030945,-0.07377088069915771,2.6896875
lca,1,p288_141_mic2,p288,data\VCTK\wav48_silence_trimmed\p288\p288_141_mic2.flac,p280,0,1,0.30963248014450073,0.1969466209411621,0.30963248014450073,-0.11268585920333862,2.6896875
lca,2,p288_141_mic2,p288,data\VCTK\wav48_silence_trimmed\p288\p288_141_mic2.flac,p313,0,1,0.39388638734817505,0.2261999547481537,0.39388638734817505,-0.16768643260002136,2.6896875
lca,3,p288_141_mic2,p288,data\VCTK\wav48_silence_trimmed\p288\p288_141_mic2.flac,p340,0,1,0.4179883897304535,0.2731037139892578,0.4179883897304535,-0.14488467574119568,2.6896875
original,0,p288_163_mic2,p288,data\VCTK\wav48_silence_trimmed\p288\p288_163_mic2.flac,p288,1,1,0.7174047231674194,0.7174047231674194,0.4032817780971527,0.3141229450702667,2.4210625
base,1,p288_163_mic2,p288,data\VCTK\wav48_silence_trimmed\p288\p288_163_mic2.flac,p262,0,1,0.39209407567977905,0.2681574821472168,0.39209407567977905,-0.12393659353256226,2.4210625
base,2,p288_163_mic2,p288,data\VCTK\wav48_silence_trimmed\p288\p288_163_mic2.flac,p280,0,1,0.42114028334617615,0.28143933415412903,0.42114028334617615,-0.13970094919204712,2.4210625
base,3,p288_163_mic2,p288,data\VCTK\wav48_silence_trimmed\p288\p288_163_mic2.flac,p280,0,1,0.38609763979911804,0.3253069519996643,0.38609763979911804,-0.060790687799453735,2.4210625
lca,1,p288_163_mic2,p288,data\VCTK\wav48_silence_trimmed\p288\p288_163_mic2.flac,p280,0,1,0.4738132953643799,0.2847273051738739,0.4738132953643799,-0.18908599019050598,2.4210625
lca,2,p288_163_mic2,p288,data\VCTK\wav48_silence_trimmed\p288\p288_163_mic2.flac,p280,0,1,0.527016282081604,0.2938391864299774,0.527016282081604,-0.2331770956516266,2.4210625
lca,3,p288_163_mic2,p288,data\VCTK\wav48_silence_trimmed\p288\p288_163_mic2.flac,p280,0,1,0.5399717092514038,0.3062252998352051,0.5399717092514038,-0.23374640941619873,2.4210625
original,0,p288_387_mic2,p288,data\VCTK\wav48_silence_trimmed\p288\p288_387_mic2.flac,p288,1,1,0.6878892183303833,0.6878892183303833,0.476974219083786,0.2109149992465973,3.3673125
base,1,p288_387_mic2,p288,data\VCTK\wav48_silence_trimmed\p288\p288_387_mic2.flac,p280,0,1,0.37528467178344727,0.23158645629882812,0.37528467178344727,-0.14369821548461914,3.3673125
base,2,p288_387_mic2,p288,data\VCTK\wav48_silence_trimmed\p288\p288_387_mic2.flac,p238,0,1,0.47146764397621155,0.2954106330871582,0.47146764397621155,-0.17605701088905334,3.3673125
base,3,p288_387_mic2,p288,data\VCTK\wav48_silence_trimmed\p288\p288_387_mic2.flac,p238,0,1,0.44668957591056824,0.35843661427497864,0.44668957591056824,-0.0882529616355896,3.3673125
lca,1,p288_387_mic2,p288,data\VCTK\wav48_silence_trimmed\p288\p288_387_mic2.flac,p280,0,1,0.49966686964035034,0.2413698434829712,0.49966686964035034,-0.25829702615737915,3.3673125
lca,2,p288_387_mic2,p288,data\VCTK\wav48_silence_trimmed\p288\p288_387_mic2.flac,p280,0,1,0.5172657370567322,0.41265425086021423,0.5172657370567322,-0.10461148619651794,3.3673125
lca,3,p288_387_mic2,p288,data\VCTK\wav48_silence_trimmed\p288\p288_387_mic2.flac,p280,0,1,0.47882968187332153,0.44081443548202515,0.47882968187332153,-0.03801524639129639,3.3673125
original,0,p292_091_mic1,p292,data\VCTK\wav48_silence_trimmed\p292\p292_091_mic1.flac,p292,1,1,0.7160587310791016,0.7160587310791016,0.31878161430358887,0.3972771167755127,2.607375
base,1,p292_091_mic1,p292,data\VCTK\wav48_silence_trimmed\p292\p292_091_mic1.flac,p364,0,1,0.3432167172431946,0.1980801373720169,0.3432167172431946,-0.14513657987117767,2.607375
base,2,p292_091_mic1,p292,data\VCTK\wav48_silence_trimmed\p292\p292_091_mic1.flac,p364,0,1,0.3494962453842163,0.25079530477523804,0.3494962453842163,-0.09870094060897827,2.607375
base,3,p292_091_mic1,p292,data\VCTK\wav48_silence_trimmed\p292\p292_091_mic1.flac,p292,1,1,0.3393321931362152,0.3393321931362152,0.33568650484085083,0.00364568829536438,2.607375
lca,1,p292_091_mic1,p292,data\VCTK\wav48_silence_trimmed\p292\p292_091_mic1.flac,p364,0,1,0.33696502447128296,0.11084463447332382,0.33696502447128296,-0.22612038999795914,2.607375
lca,2,p292_091_mic1,p292,data\VCTK\wav48_silence_trimmed\p292\p292_091_mic1.flac,p360,0,1,0.32416754961013794,0.19090384244918823,0.32416754961013794,-0.1332637071609497,2.607375
lca,3,p292_091_mic1,p292,data\VCTK\wav48_silence_trimmed\p292\p292_091_mic1.flac,p347,0,1,0.3785507082939148,0.30260318517684937,0.3785507082939148,-0.07594752311706543,2.607375
original,0,p292_246_mic1,p292,data\VCTK\wav48_silence_trimmed\p292\p292_246_mic1.flac,p292,1,1,0.7244515419006348,0.7244515419006348,0.3636072278022766,0.36084431409835815,2.4178125
base,1,p292_246_mic1,p292,data\VCTK\wav48_silence_trimmed\p292\p292_246_mic1.flac,p374,0,1,0.276864618062973,0.04712119698524475,0.276864618062973,-0.22974342107772827,2.4178125
base,2,p292_246_mic1,p292,data\VCTK\wav48_silence_trimmed\p292\p292_246_mic1.flac,p292,1,1,0.3186156451702118,0.3186156451702118,0.29921746253967285,0.01939818263053894,2.4178125
base,3,p292_246_mic1,p292,data\VCTK\wav48_silence_trimmed\p292\p292_246_mic1.flac,p292,1,1,0.3147572875022888,0.3147572875022888,0.27332860231399536,0.04142868518829346,2.4178125
lca,1,p292_246_mic1,p292,data\VCTK\wav48_silence_trimmed\p292\p292_246_mic1.flac,p364,0,1,0.3367406725883484,-0.041866905987262726,0.3367406725883484,-0.3786075785756111,2.4178125
lca,2,p292_246_mic1,p292,data\VCTK\wav48_silence_trimmed\p292\p292_246_mic1.flac,p364,0,1,0.3919021487236023,0.29197126626968384,0.3919021487236023,-0.09993088245391846,2.4178125
lca,3,p292_246_mic1,p292,data\VCTK\wav48_silence_trimmed\p292\p292_246_mic1.flac,p292,1,1,0.42403537034988403,0.42403537034988403,0.41622447967529297,0.0078108906745910645,2.4178125
original,0,p292_272_mic2,p292,data\VCTK\wav48_silence_trimmed\p292\p292_272_mic2.flac,p292,1,1,0.7362346649169922,0.7362346649169922,0.471963107585907,0.2642715573310852,2.6933125
base,1,p292_272_mic2,p292,data\VCTK\wav48_silence_trimmed\p292\p292_272_mic2.flac,p364,0,1,0.38147711753845215,0.2992176115512848,0.38147711753845215,-0.08225950598716736,2.6933125
base,2,p292_272_mic2,p292,data\VCTK\wav48_silence_trimmed\p292\p292_272_mic2.flac,p292,1,1,0.42140525579452515,0.42140525579452515,0.3565852642059326,0.06481999158859253,2.6933125
base,3,p292_272_mic2,p292,data\VCTK\wav48_silence_trimmed\p292\p292_272_mic2.flac,p292,1,1,0.508909285068512,0.508909285068512,0.3558011054992676,0.15310817956924438,2.6933125
lca,1,p292_272_mic2,p292,data\VCTK\wav48_silence_trimmed\p292\p292_272_mic2.flac,p364,0,1,0.3787575364112854,0.09918168187141418,0.3787575364112854,-0.2795758545398712,2.6933125
lca,2,p292_272_mic2,p292,data\VCTK\wav48_silence_trimmed\p292\p292_272_mic2.flac,p252,0,1,0.3239080309867859,0.21598578989505768,0.3239080309867859,-0.10792224109172821,2.6933125
lca,3,p292_272_mic2,p292,data\VCTK\wav48_silence_trimmed\p292\p292_272_mic2.flac,p271,0,1,0.3996327221393585,0.28610843420028687,0.3996327221393585,-0.11352428793907166,2.6933125
original,0,p292_308_mic1,p292,data\VCTK\wav48_silence_trimmed\p292\p292_308_mic1.flac,p292,1,1,0.779129147529602,0.779129147529602,0.42892783880233765,0.3502013087272644,2.7939375
base,1,p292_308_mic1,p292,data\VCTK\wav48_silence_trimmed\p292\p292_308_mic1.flac,p248,0,1,0.2714543640613556,0.11939575523138046,0.2714543640613556,-0.15205860882997513,2.7939375
base,2,p292_308_mic1,p292,data\VCTK\wav48_silence_trimmed\p292\p292_308_mic1.flac,p302,0,1,0.3448835015296936,0.28000491857528687,0.3448835015296936,-0.06487858295440674,2.7939375
base,3,p292_308_mic1,p292,data\VCTK\wav48_silence_trimmed\p292\p292_308_mic1.flac,p364,0,1,0.3438749313354492,0.3383946418762207,0.3438749313354492,-0.005480289459228516,2.7939375
lca,1,p292_308_mic1,p292,data\VCTK\wav48_silence_trimmed\p292\p292_308_mic1.flac,p364,0,1,0.3999865651130676,0.10327135026454926,0.3999865651130676,-0.29671521484851837,2.7939375
lca,2,p292_308_mic1,p292,data\VCTK\wav48_silence_trimmed\p292\p292_308_mic1.flac,p347,0,1,0.36806803941726685,0.25912928581237793,0.36806803941726685,-0.10893875360488892,2.7939375
lca,3,p292_308_mic1,p292,data\VCTK\wav48_silence_trimmed\p292\p292_308_mic1.flac,p271,0,1,0.386088490486145,0.34971657395362854,0.386088490486145,-0.03637191653251648,2.7939375
original,0,p292_416_mic1,p292,data\VCTK\wav48_silence_trimmed\p292\p292_416_mic1.flac,p292,1,1,0.7053046822547913,0.7053046822547913,0.400501549243927,0.30480313301086426,2.0936875
base,1,p292_416_mic1,p292,data\VCTK\wav48_silence_trimmed\p292\p292_416_mic1.flac,p246,0,1,0.32637250423431396,0.2102755904197693,0.32637250423431396,-0.11609691381454468,2.0936875
base,2,p292_416_mic1,p292,data\VCTK\wav48_silence_trimmed\p292\p292_416_mic1.flac,p364,0,1,0.37010207772254944,0.2228582501411438,0.37010207772254944,-0.14724382758140564,2.0936875
base,3,p292_416_mic1,p292,data\VCTK\wav48_silence_trimmed\p292\p292_416_mic1.flac,p364,0,1,0.41593343019485474,0.34625643491744995,0.41593343019485474,-0.06967699527740479,2.0936875
lca,1,p292_416_mic1,p292,data\VCTK\wav48_silence_trimmed\p292\p292_416_mic1.flac,p364,0,1,0.31660589575767517,0.004966648295521736,0.31660589575767517,-0.31163924746215343,2.0936875
lca,2,p292_416_mic1,p292,data\VCTK\wav48_silence_trimmed\p292\p292_416_mic1.flac,p298,0,1,0.327481210231781,0.1634410321712494,0.327481210231781,-0.16404017806053162,2.0936875
lca,3,p292_416_mic1,p292,data\VCTK\wav48_silence_trimmed\p292\p292_416_mic1.flac,p364,0,1,0.38934266567230225,0.280614972114563,0.38934266567230225,-0.10872769355773926,2.0936875
original,0,p293_025_mic1,p293,data\VCTK\wav48_silence_trimmed\p293\p293_025_mic1.flac,p293,1,1,0.6589697599411011,0.6589697599411011,0.4459569454193115,0.21301281452178955,4.457375
base,1,p293_025_mic1,p293,data\VCTK\wav48_silence_trimmed\p293\p293_025_mic1.flac,p339,0,1,0.353358656167984,0.27627378702163696,0.353358656167984,-0.07708486914634705,4.457375
base,2,p293_025_mic1,p293,data\VCTK\wav48_silence_trimmed\p293\p293_025_mic1.flac,p339,0,1,0.42672303318977356,0.35611647367477417,0.42672303318977356,-0.07060655951499939,4.457375
base,3,p293_025_mic1,p293,data\VCTK\wav48_silence_trimmed\p293\p293_025_mic1.flac,p343,0,1,0.468298077583313,0.46584412455558777,0.468298077583313,-0.0024539530277252197,4.457375
lca,1,p293_025_mic1,p293,data\VCTK\wav48_silence_trimmed\p293\p293_025_mic1.flac,p250,0,1,0.3604758679866791,0.3111717104911804,0.3604758679866791,-0.04930415749549866,4.457375
lca,2,p293_025_mic1,p293,data\VCTK\wav48_silence_trimmed\p293\p293_025_mic1.flac,p339,0,1,0.42339617013931274,0.3379155397415161,0.42339617013931274,-0.08548063039779663,4.457375
lca,3,p293_025_mic1,p293,data\VCTK\wav48_silence_trimmed\p293\p293_025_mic1.flac,p300,0,1,0.438667356967926,0.3867434859275818,0.438667356967926,-0.05192387104034424,4.457375
original,0,p293_036_mic1,p293,data\VCTK\wav48_silence_trimmed\p293\p293_036_mic1.flac,p293,1,1,0.6069148182868958,0.6069148182868958,0.39887499809265137,0.20803982019424438,4.398625
base,1,p293_036_mic1,p293,data\VCTK\wav48_silence_trimmed\p293\p293_036_mic1.flac,p343,0,1,0.37852996587753296,0.3174305558204651,0.37852996587753296,-0.06109941005706787,4.398625
base,2,p293_036_mic1,p293,data\VCTK\wav48_silence_trimmed\p293\p293_036_mic1.flac,p301,0,1,0.4250316321849823,0.3951604664325714,0.4250316321849823,-0.02987116575241089,4.398625
base,3,p293_036_mic1,p293,data\VCTK\wav48_silence_trimmed\p293\p293_036_mic1.flac,p293,1,1,0.4400903880596161,0.4400903880596161,0.41830122470855713,0.02178916335105896,4.398625
lca,1,p293_036_mic1,p293,data\VCTK\wav48_silence_trimmed\p293\p293_036_mic1.flac,p280,0,1,0.36436790227890015,0.31666815280914307,0.36436790227890015,-0.04769974946975708,4.398625
lca,2,p293_036_mic1,p293,data\VCTK\wav48_silence_trimmed\p293\p293_036_mic1.flac,p308,0,1,0.4660228192806244,0.41730988025665283,0.4660228192806244,-0.04871293902397156,4.398625
lca,3,p293_036_mic1,p293,data\VCTK\wav48_silence_trimmed\p293\p293_036_mic1.flac,p293,1,1,0.45317375659942627,0.45317375659942627,0.4475145936012268,0.005659162998199463,4.398625
original,0,p293_053_mic1,p293,data\VCTK\wav48_silence_trimmed\p293\p293_053_mic1.flac,p293,1,1,0.7496339082717896,0.7496339082717896,0.4884752035140991,0.26115870475769043,5.976
base,1,p293_053_mic1,p293,data\VCTK\wav48_silence_trimmed\p293\p293_053_mic1.flac,p301,0,1,0.36479806900024414,0.3173689842224121,0.36479806900024414,-0.04742908477783203,5.976
base,2,p293_053_mic1,p293,data\VCTK\wav48_silence_trimmed\p293\p293_053_mic1.flac,p262,0,1,0.4286852777004242,0.414573609828949,0.4286852777004242,-0.01411166787147522,5.976
base,3,p293_053_mic1,p293,data\VCTK\wav48_silence_trimmed\p293\p293_053_mic1.flac,p280,0,1,0.4385926127433777,0.420820415019989,0.4385926127433777,-0.017772197723388672,5.976
lca,1,p293_053_mic1,p293,data\VCTK\wav48_silence_trimmed\p293\p293_053_mic1.flac,p295,0,1,0.34121981263160706,0.23287490010261536,0.34121981263160706,-0.1083449125289917,5.976
lca,2,p293_053_mic1,p293,data\VCTK\wav48_silence_trimmed\p293\p293_053_mic1.flac,p280,0,1,0.4895748496055603,0.36648041009902954,0.4895748496055603,-0.12309443950653076,5.976
lca,3,p293_053_mic1,p293,data\VCTK\wav48_silence_trimmed\p293\p293_053_mic1.flac,p280,0,1,0.4636977016925812,0.3610275387763977,0.4636977016925812,-0.10267016291618347,5.976
original,0,p293_237_mic2,p293,data\VCTK\wav48_silence_trimmed\p293\p293_237_mic2.flac,p293,1,1,0.7221821546554565,0.7221821546554565,0.4392133057117462,0.2829688489437103,3.248
base,1,p293_237_mic2,p293,data\VCTK\wav48_silence_trimmed\p293\p293_237_mic2.flac,p301,0,1,0.37898319959640503,0.3781076967716217,0.37898319959640503,-0.0008755028247833252,3.248
base,2,p293_237_mic2,p293,data\VCTK\wav48_silence_trimmed\p293\p293_237_mic2.flac,p293,1,1,0.4571484327316284,0.4571484327316284,0.40814006328582764,0.04900836944580078,3.248
base,3,p293_237_mic2,p293,data\VCTK\wav48_silence_trimmed\p293\p293_237_mic2.flac,p293,1,1,0.5322396159172058,0.5322396159172058,0.5248035788536072,0.007436037063598633,3.248
lca,1,p293_237_mic2,p293,data\VCTK\wav48_silence_trimmed\p293\p293_237_mic2.flac,p295,0,1,0.39725399017333984,0.35800284147262573,0.39725399017333984,-0.03925114870071411,3.248
lca,2,p293_237_mic2,p293,data\VCTK\wav48_silence_trimmed\p293\p293_237_mic2.flac,p293,1,1,0.4745251536369324,0.4745251536369324,0.44318243861198425,0.03134271502494812,3.248
lca,3,p293_237_mic2,p293,data\VCTK\wav48_silence_trimmed\p293\p293_237_mic2.flac,p293,1,1,0.48224446177482605,0.48224446177482605,0.4821930229663849,5.143880844116211e-05,3.248
original,0,p293_337_mic2,p293,data\VCTK\wav48_silence_trimmed\p293\p293_337_mic2.flac,p293,1,1,0.6302176713943481,0.6302176713943481,0.3863532245159149,0.24386444687843323,3.28875
base,1,p293_337_mic2,p293,data\VCTK\wav48_silence_trimmed\p293\p293_337_mic2.flac,p343,0,1,0.3337348401546478,0.19000238180160522,0.3337348401546478,-0.1437324583530426,3.28875
base,2,p293_337_mic2,p293,data\VCTK\wav48_silence_trimmed\p293\p293_337_mic2.flac,p231,0,1,0.4971047639846802,0.32512301206588745,0.4971047639846802,-0.17198175191879272,3.28875
base,3,p293_337_mic2,p293,data\VCTK\wav48_silence_trimmed\p293\p293_337_mic2.flac,p340,0,1,0.4238322377204895,0.31842827796936035,0.4238322377204895,-0.10540395975112915,3.28875
lca,1,p293_337_mic2,p293,data\VCTK\wav48_silence_trimmed\p293\p293_337_mic2.flac,p280,0,1,0.39479660987854004,0.306975781917572,0.39479660987854004,-0.08782082796096802,3.28875
lca,2,p293_337_mic2,p293,data\VCTK\wav48_silence_trimmed\p293\p293_337_mic2.flac,p280,0,1,0.41865968704223633,0.3686658442020416,0.41865968704223633,-0.0499938428401947,3.28875
lca,3,p293_337_mic2,p293,data\VCTK\wav48_silence_trimmed\p293\p293_337_mic2.flac,p280,0,1,0.41174331307411194,0.3555143177509308,0.41174331307411194,-0.05622899532318115,3.28875
original,0,p294_022_mic1,p294,data\VCTK\wav48_silence_trimmed\p294\p294_022_mic1.flac,p294,1,1,0.7739673852920532,0.7739673852920532,0.3371485769748688,0.43681880831718445,8.0085625
base,1,p294_022_mic1,p294,data\VCTK\wav48_silence_trimmed\p294\p294_022_mic1.flac,p294,1,1,0.33750155568122864,0.33750155568122864,0.31034713983535767,0.02715441584587097,8.0085625
base,2,p294_022_mic1,p294,data\VCTK\wav48_silence_trimmed\p294\p294_022_mic1.flac,p294,1,1,0.5634507536888123,0.5634507536888123,0.4618169069290161,0.10163384675979614,8.0085625
base,3,p294_022_mic1,p294,data\VCTK\wav48_silence_trimmed\p294\p294_022_mic1.flac,p294,1,1,0.5665069222450256,0.5665069222450256,0.46066054701805115,0.10584637522697449,8.0085625
lca,1,p294_022_mic1,p294,data\VCTK\wav48_silence_trimmed\p294\p294_022_mic1.flac,p313,0,1,0.387421578168869,0.32212284207344055,0.387421578168869,-0.06529873609542847,8.0085625
lca,2,p294_022_mic1,p294,data\VCTK\wav48_silence_trimmed\p294\p294_022_mic1.flac,p294,1,1,0.38353264331817627,0.38353264331817627,0.36637377738952637,0.017158865928649902,8.0085625
lca,3,p294_022_mic1,p294,data\VCTK\wav48_silence_trimmed\p294\p294_022_mic1.flac,p308,0,1,0.40151292085647583,0.37218111753463745,0.40151292085647583,-0.02933180332183838,8.0085625
original,0,p294_061_mic1,p294,data\VCTK\wav48_silence_trimmed\p294\p294_061_mic1.flac,p294,1,1,0.6913485527038574,0.6913485527038574,0.39008328318595886,0.30126526951789856,2.848875
base,1,p294_061_mic1,p294,data\VCTK\wav48_silence_trimmed\p294\p294_061_mic1.flac,p351,0,1,0.3426111936569214,0.21389299631118774,0.3426111936569214,-0.12871819734573364,2.848875
base,2,p294_061_mic1,p294,data\VCTK\wav48_silence_trimmed\p294\p294_061_mic1.flac,p255,0,1,0.3730528652667999,0.31779614090919495,0.3730528652667999,-0.05525672435760498,2.848875
base,3,p294_061_mic1,p294,data\VCTK\wav48_silence_trimmed\p294\p294_061_mic1.flac,p293,0,1,0.4064701199531555,0.38668978214263916,0.4064701199531555,-0.019780337810516357,2.848875
lca,1,p294_061_mic1,p294,data\VCTK\wav48_silence_trimmed\p294\p294_061_mic1.flac,p280,0,1,0.4496476650238037,0.32981646060943604,0.4496476650238037,-0.11983120441436768,2.848875
lca,2,p294_061_mic1,p294,data\VCTK\wav48_silence_trimmed\p294\p294_061_mic1.flac,p280,0,1,0.4655379354953766,0.31706002354621887,0.4655379354953766,-0.14847791194915771,2.848875
lca,3,p294_061_mic1,p294,data\VCTK\wav48_silence_trimmed\p294\p294_061_mic1.flac,p280,0,1,0.49477535486221313,0.3314216136932373,0.49477535486221313,-0.16335374116897583,2.848875
original,0,p294_365_mic2,p294,data\VCTK\wav48_silence_trimmed\p294\p294_365_mic2.flac,p294,1,1,0.6371545791625977,0.6371545791625977,0.31006139516830444,0.3270931839942932,2.7020625
base,1,p294_365_mic2,p294,data\VCTK\wav48_silence_trimmed\p294\p294_365_mic2.flac,p238,0,1,0.2953280210494995,0.2128518521785736,0.2953280210494995,-0.0824761688709259,2.7020625
base,2,p294_365_mic2,p294,data\VCTK\wav48_silence_trimmed\p294\p294_365_mic2.flac,p294,1,1,0.4704025387763977,0.4704025387763977,0.38680902123451233,0.08359351754188538,2.7020625
base,3,p294_365_mic2,p294,data\VCTK\wav48_silence_trimmed\p294\p294_365_mic2.flac,p294,1,1,0.5293915271759033,0.5293915271759033,0.4466319978237152,0.08275952935218811,2.7020625
lca,1,p294_365_mic2,p294,data\VCTK\wav48_silence_trimmed\p294\p294_365_mic2.flac,p364,0,1,0.2645207345485687,0.22923755645751953,0.2645207345485687,-0.035283178091049194,2.7020625
lca,2,p294_365_mic2,p294,data\VCTK\wav48_silence_trimmed\p294\p294_365_mic2.flac,p294,1,1,0.3947206437587738,0.3947206437587738,0.39348307251930237,0.0012375712394714355,2.7020625
lca,3,p294_365_mic2,p294,data\VCTK\wav48_silence_trimmed\p294\p294_365_mic2.flac,p294,1,1,0.4221397042274475,0.4221397042274475,0.4112178683280945,0.010921835899353027,2.7020625
original,0,p294_415_mic1,p294,data\VCTK\wav48_silence_trimmed\p294\p294_415_mic1.flac,p294,1,1,0.6863190531730652,0.6863190531730652,0.3420964479446411,0.3442226052284241,2.51975
base,1,p294_415_mic1,p294,data\VCTK\wav48_silence_trimmed\p294\p294_415_mic1.flac,p301,0,1,0.40987130999565125,0.37982177734375,0.40987130999565125,-0.030049532651901245,2.51975
base,2,p294_415_mic1,p294,data\VCTK\wav48_silence_trimmed\p294\p294_415_mic1.flac,p294,1,1,0.5174061059951782,0.5174061059951782,0.46207791566848755,0.055328190326690674,2.51975
base,3,p294_415_mic1,p294,data\VCTK\wav48_silence_trimmed\p294\p294_415_mic1.flac,p294,1,1,0.5084189176559448,0.5084189176559448,0.44160494208335876,0.06681397557258606,2.51975
lca,1,p294_415_mic1,p294,data\VCTK\wav48_silence_trimmed\p294\p294_415_mic1.flac,p351,0,1,0.3296102285385132,0.27966657280921936,0.3296102285385132,-0.04994365572929382,2.51975
lca,2,p294_415_mic1,p294,data\VCTK\wav48_silence_trimmed\p294\p294_415_mic1.flac,p299,0,1,0.3730964660644531,0.37083005905151367,0.3730964660644531,-0.002266407012939453,2.51975
lca,3,p294_415_mic1,p294,data\VCTK\wav48_silence_trimmed\p294\p294_415_mic1.flac,p294,1,1,0.41529929637908936,0.41529929637908936,0.33347922563552856,0.08182007074356079,2.51975
original,0,p294_422_mic1,p294,data\VCTK\wav48_silence_trimmed\p294\p294_422_mic1.flac,p294,1,1,0.7691396474838257,0.7691396474838257,0.41250401735305786,0.3566356301307678,3.4639375
base,1,p294_422_mic1,p294,data\VCTK\wav48_silence_trimmed\p294\p294_422_mic1.flac,p298,0,1,0.3539845943450928,0.19180214405059814,0.3539845943450928,-0.16218245029449463,3.4639375
base,2,p294_422_mic1,p294,data\VCTK\wav48_silence_trimmed\p294\p294_422_mic1.flac,p347,0,1,0.3425654172897339,0.3066510558128357,0.3425654172897339,-0.03591436147689819,3.4639375
base,3,p294_422_mic1,p294,data\VCTK\wav48_silence_trimmed\p294\p294_422_mic1.flac,p294,1,1,0.3677554428577423,0.3677554428577423,0.33071374893188477,0.037041693925857544,3.4639375
lca,1,p294_422_mic1,p294,data\VCTK\wav48_silence_trimmed\p294\p294_422_mic1.flac,p364,0,1,0.2594032883644104,0.20471084117889404,0.2594032883644104,-0.05469244718551636,3.4639375
lca,2,p294_422_mic1,p294,data\VCTK\wav48_silence_trimmed\p294\p294_422_mic1.flac,p294,1,1,0.3936184346675873,0.3936184346675873,0.3176312744617462,0.07598716020584106,3.4639375
lca,3,p294_422_mic1,p294,data\VCTK\wav48_silence_trimmed\p294\p294_422_mic1.flac,p294,1,1,0.4108509123325348,0.4108509123325348,0.3330165147781372,0.07783439755439758,3.4639375
original,0,p295_057_mic1,p295,data\VCTK\wav48_silence_trimmed\p295\p295_057_mic1.flac,p295,1,1,0.6720845699310303,0.6720845699310303,0.3955373764038086,0.2765471935272217,3.388625
base,1,p295_057_mic1,p295,data\VCTK\wav48_silence_trimmed\p295\p295_057_mic1.flac,p301,0,1,0.42293021082878113,0.3180585205554962,0.42293021082878113,-0.10487169027328491,3.388625
base,2,p295_057_mic1,p295,data\VCTK\wav48_silence_trimmed\p295\p295_057_mic1.flac,p295,1,1,0.44698596000671387,0.44698596000671387,0.3871965706348419,0.05978938937187195,3.388625
base,3,p295_057_mic1,p295,data\VCTK\wav48_silence_trimmed\p295\p295_057_mic1.flac,p295,1,1,0.45617228746414185,0.45617228746414185,0.398092657327652,0.05807963013648987,3.388625
lca,1,p295_057_mic1,p295,data\VCTK\wav48_silence_trimmed\p295\p295_057_mic1.flac,p295,1,1,0.4141571521759033,0.4141571521759033,0.40456920862197876,0.00958794355392456,3.388625
lca,2,p295_057_mic1,p295,data\VCTK\wav48_silence_trimmed\p295\p295_057_mic1.flac,p295,1,1,0.461017370223999,0.461017370223999,0.42090028524398804,0.040117084980010986,3.388625
lca,3,p295_057_mic1,p295,data\VCTK\wav48_silence_trimmed\p295\p295_057_mic1.flac,p295,1,1,0.492781400680542,0.492781400680542,0.43186867237091064,0.06091272830963135,3.388625
original,0,p295_104_mic2,p295,data\VCTK\wav48_silence_trimmed\p295\p295_104_mic2.flac,p295,1,1,0.6963287591934204,0.6963287591934204,0.46439483761787415,0.23193392157554626,3.928
base,1,p295_104_mic2,p295,data\VCTK\wav48_silence_trimmed\p295\p295_104_mic2.flac,p262,0,1,0.39513325691223145,0.26513105630874634,0.39513325691223145,-0.1300022006034851,3.928
base,2,p295_104_mic2,p295,data\VCTK\wav48_silence_trimmed\p295\p295_104_mic2.flac,p262,0,1,0.4549371004104614,0.3675176799297333,0.4549371004104614,-0.08741942048072815,3.928
base,3,p295_104_mic2,p295,data\VCTK\wav48_silence_trimmed\p295\p295_104_mic2.flac,p295,1,1,0.4683508276939392,0.4683508276939392,0.4596289098262787,0.008721917867660522,3.928
lca,1,p295_104_mic2,p295,data\VCTK\wav48_silence_trimmed\p295\p295_104_mic2.flac,p280,0,1,0.4285178780555725,0.3494226336479187,0.4285178780555725,-0.07909524440765381,3.928
lca,2,p295_104_mic2,p295,data\VCTK\wav48_silence_trimmed\p295\p295_104_mic2.flac,p250,0,1,0.47101473808288574,0.34333932399749756,0.47101473808288574,-0.12767541408538818,3.928
lca,3,p295_104_mic2,p295,data\VCTK\wav48_silence_trimmed\p295\p295_104_mic2.flac,p250,0,1,0.48207369446754456,0.3949199914932251,0.48207369446754456,-0.08715370297431946,3.928
original,0,p295_164_mic2,p295,data\VCTK\wav48_silence_trimmed\p295\p295_164_mic2.flac,p295,1,1,0.6958396434783936,0.6958396434783936,0.4588966965675354,0.23694294691085815,3.038
base,1,p295_164_mic2,p295,data\VCTK\wav48_silence_trimmed\p295\p295_164_mic2.flac,p343,0,1,0.4234323501586914,0.30738773941993713,0.4234323501586914,-0.11604461073875427,3.038
base,2,p295_164_mic2,p295,data\VCTK\wav48_silence_trimmed\p295\p295_164_mic2.flac,p301,0,1,0.41222047805786133,0.3014860153198242,0.41222047805786133,-0.11073446273803711,3.038
base,3,p295_164_mic2,p295,data\VCTK\wav48_silence_trimmed\p295\p295_164_mic2.flac,p295,1,1,0.41452479362487793,0.41452479362487793,0.40082305669784546,0.01370173692703247,3.038
lca,1,p295_164_mic2,p295,data\VCTK\wav48_silence_trimmed\p295\p295_164_mic2.flac,p301,0,1,0.369073748588562,0.33890455961227417,0.369073748588562,-0.030169188976287842,3.038
lca,2,p295_164_mic2,p295,data\VCTK\wav48_silence_trimmed\p295\p295_164_mic2.flac,p262,0,1,0.4520031213760376,0.4496596157550812,0.4520031213760376,-0.002343505620956421,3.038
lca,3,p295_164_mic2,p295,data\VCTK\wav48_silence_trimmed\p295\p295_164_mic2.flac,p295,1,1,0.497569739818573,0.497569739818573,0.4409146308898926,0.05665510892868042,3.038
original,0,p295_168_mic2,p295,data\VCTK\wav48_silence_trimmed\p295\p295_168_mic2.flac,p295,1,1,0.6944371461868286,0.6944371461868286,0.3887045383453369,0.3057326078414917,2.7778125
base,1,p295_168_mic2,p295,data\VCTK\wav48_silence_trimmed\p295\p295_168_mic2.flac,p294,0,1,0.3435516953468323,0.2619872987270355,0.3435516953468323,-0.08156439661979675,2.7778125
base,2,p295_168_mic2,p295,data\VCTK\wav48_silence_trimmed\p295\p295_168_mic2.flac,p295,1,1,0.42145320773124695,0.42145320773124695,0.39886462688446045,0.0225885808467865,2.7778125
base,3,p295_168_mic2,p295,data\VCTK\wav48_silence_trimmed\p295\p295_168_mic2.flac,p295,1,1,0.4931044578552246,0.4931044578552246,0.39521026611328125,0.09789419174194336,2.7778125
lca,1,p295_168_mic2,p295,data\VCTK\wav48_silence_trimmed\p295\p295_168_mic2.flac,p295,1,1,0.4128172695636749,0.4128172695636749,0.3901561200618744,0.022661149501800537,2.7778125
lca,2,p295_168_mic2,p295,data\VCTK\wav48_silence_trimmed\p295\p295_168_mic2.flac,p295,1,1,0.49562764167785645,0.49562764167785645,0.4745255410671234,0.021102100610733032,2.7778125
lca,3,p295_168_mic2,p295,data\VCTK\wav48_silence_trimmed\p295\p295_168_mic2.flac,p295,1,1,0.5483890175819397,0.5483890175819397,0.4838796555995941,0.06450936198234558,2.7778125
original,0,p295_189_mic2,p295,data\VCTK\wav48_silence_trimmed\p295\p295_189_mic2.flac,p295,1,1,0.6579095721244812,0.6579095721244812,0.3265809118747711,0.3313286602497101,3.0768125
base,1,p295_189_mic2,p295,data\VCTK\wav48_silence_trimmed\p295\p295_189_mic2.flac,p343,0,1,0.3536401391029358,0.26525986194610596,0.3536401391029358,-0.08838027715682983,3.0768125
base,2,p295_189_mic2,p295,data\VCTK\wav48_silence_trimmed\p295\p295_189_mic2.flac,p301,0,1,0.4094374179840088,0.3873645067214966,0.4094374179840088,-0.022072911262512207,3.0768125
base,3,p295_189_mic2,p295,data\VCTK\wav48_silence_trimmed\p295\p295_189_mic2.flac,p295,1,1,0.40640875697135925,0.40640875697135925,0.39348745346069336,0.012921303510665894,3.0768125
lca,1,p295_189_mic2,p295,data\VCTK\wav48_silence_trimmed\p295\p295_189_mic2.flac,p255,0,1,0.3110508620738983,0.22686024010181427,0.3110508620738983,-0.08419062197208405,3.0768125
lca,2,p295_189_mic2,p295,data\VCTK\wav48_silence_trimmed\p295\p295_189_mic2.flac,p295,1,1,0.4130004346370697,0.4130004346370697,0.4018002152442932,0.01120021939277649,3.0768125
lca,3,p295_189_mic2,p295,data\VCTK\wav48_silence_trimmed\p295\p295_189_mic2.flac,p280,0,1,0.4155890941619873,0.3841991424560547,0.4155890941619873,-0.03138995170593262,3.0768125
original,0,p297_118_mic1,p297,data\VCTK\wav48_silence_trimmed\p297\p297_118_mic1.flac,p297,1,1,0.666669487953186,0.666669487953186,0.4361921548843384,0.23047733306884766,3.7583125
base,1,p297_118_mic1,p297,data\VCTK\wav48_silence_trimmed\p297\p297_118_mic1.flac,p262,0,1,0.4192352890968323,0.08161026239395142,0.4192352890968323,-0.33762502670288086,3.7583125
base,2,p297_118_mic1,p297,data\VCTK\wav48_silence_trimmed\p297\p297_118_mic1.flac,p343,0,1,0.3644745647907257,0.12620320916175842,0.3644745647907257,-0.23827135562896729,3.7583125
base,3,p297_118_mic1,p297,data\VCTK\wav48_silence_trimmed\p297\p297_118_mic1.flac,p313,0,1,0.3942956328392029,0.18129797279834747,0.3942956328392029,-0.2129976600408554,3.7583125
lca,1,p297_118_mic1,p297,data\VCTK\wav48_silence_trimmed\p297\p297_118_mic1.flac,p280,0,1,0.3617275357246399,0.046856604516506195,0.3617275357246399,-0.3148709312081337,3.7583125
lca,2,p297_118_mic1,p297,data\VCTK\wav48_silence_trimmed\p297\p297_118_mic1.flac,p280,0,1,0.4278378188610077,0.1357036828994751,0.4278378188610077,-0.2921341359615326,3.7583125
lca,3,p297_118_mic1,p297,data\VCTK\wav48_silence_trimmed\p297\p297_118_mic1.flac,p280,0,1,0.4539017677307129,0.21291857957839966,0.4539017677307129,-0.24098318815231323,3.7583125
original,0,p297_128_mic2,p297,data\VCTK\wav48_silence_trimmed\p297\p297_128_mic2.flac,p297,1,1,0.7850908041000366,0.7850908041000366,0.3577718436717987,0.4273189604282379,4.116875
base,1,p297_128_mic2,p297,data\VCTK\wav48_silence_trimmed\p297\p297_128_mic2.flac,p343,0,1,0.3330834209918976,0.15425583720207214,0.3330834209918976,-0.17882758378982544,4.116875
base,2,p297_128_mic2,p297,data\VCTK\wav48_silence_trimmed\p297\p297_128_mic2.flac,p318,0,1,0.4145708382129669,0.34457141160964966,0.4145708382129669,-0.06999942660331726,4.116875
base,3,p297_128_mic2,p297,data\VCTK\wav48_silence_trimmed\p297\p297_128_mic2.flac,p297,1,1,0.4576265513896942,0.4576265513896942,0.3758033514022827,0.0818231999874115,4.116875
lca,1,p297_128_mic2,p297,data\VCTK\wav48_silence_trimmed\p297\p297_128_mic2.flac,p280,0,1,0.3132593631744385,0.05045418068766594,0.3132593631744385,-0.26280518248677254,4.116875
lca,2,p297_128_mic2,p297,data\VCTK\wav48_silence_trimmed\p297\p297_128_mic2.flac,p280,0,1,0.40843406319618225,0.17580169439315796,0.40843406319618225,-0.2326323688030243,4.116875
lca,3,p297_128_mic2,p297,data\VCTK\wav48_silence_trimmed\p297\p297_128_mic2.flac,p280,0,1,0.45900243520736694,0.22427727282047272,0.45900243520736694,-0.23472516238689423,4.116875
original,0,p297_213_mic2,p297,data\VCTK\wav48_silence_trimmed\p297\p297_213_mic2.flac,p297,1,1,0.7018899917602539,0.7018899917602539,0.30854475498199463,0.3933452367782593,2.945125
base,1,p297_213_mic2,p297,data\VCTK\wav48_silence_trimmed\p297\p297_213_mic2.flac,p280,0,1,0.31112053990364075,0.1251315027475357,0.31112053990364075,-0.18598903715610504,2.945125
base,2,p297_213_mic2,p297,data\VCTK\wav48_silence_trimmed\p297\p297_213_mic2.flac,p297,1,1,0.3947725296020508,0.3947725296020508,0.3560779094696045,0.03869462013244629,2.945125
base,3,p297_213_mic2,p297,data\VCTK\wav48_silence_trimmed\p297\p297_213_mic2.flac,p297,1,1,0.45358580350875854,0.45358580350875854,0.4394027292728424,0.014183074235916138,2.945125
lca,1,p297_213_mic2,p297,data\VCTK\wav48_silence_trimmed\p297\p297_213_mic2.flac,p343,0,1,0.3535935878753662,0.10731035470962524,0.3535935878753662,-0.24628323316574097,2.945125
lca,2,p297_213_mic2,p297,data\VCTK\wav48_silence_trimmed\p297\p297_213_mic2.flac,p225,0,1,0.39638304710388184,0.18895748257637024,0.39638304710388184,-0.2074255645275116,2.945125
lca,3,p297_213_mic2,p297,data\VCTK\wav48_silence_trimmed\p297\p297_213_mic2.flac,p308,0,1,0.3731786012649536,0.34673044085502625,0.3731786012649536,-0.026448160409927368,2.945125
original,0,p297_230_mic2,p297,data\VCTK\wav48_silence_trimmed\p297\p297_230_mic2.flac,p297,1,1,0.7796445488929749,0.7796445488929749,0.3620334267616272,0.41761112213134766,4.576125
base,1,p297_230_mic2,p297,data\VCTK\wav48_silence_trimmed\p297\p297_230_mic2.flac,p343,0,1,0.4183580279350281,0.14737141132354736,0.4183580279350281,-0.2709866166114807,4.576125
base,2,p297_230_mic2,p297,data\VCTK\wav48_silence_trimmed\p297\p297_230_mic2.flac,p249,0,1,0.37576720118522644,0.20683658123016357,0.37576720118522644,-0.16893061995506287,4.576125
base,3,p297_230_mic2,p297,data\VCTK\wav48_silence_trimmed\p297\p297_230_mic2.flac,p341,0,1,0.4111311733722687,0.32444626092910767,0.4111311733722687,-0.08668491244316101,4.576125
lca,1,p297_230_mic2,p297,data\VCTK\wav48_silence_trimmed\p297\p297_230_mic2.flac,p280,0,1,0.46177467703819275,0.14572730660438538,0.46177467703819275,-0.3160473704338074,4.576125
lca,2,p297_230_mic2,p297,data\VCTK\wav48_silence_trimmed\p297\p297_230_mic2.flac,p280,0,1,0.5051673650741577,0.19914378225803375,0.5051673650741577,-0.30602358281612396,4.576125
lca,3,p297_230_mic2,p297,data\VCTK\wav48_silence_trimmed\p297\p297_230_mic2.flac,p280,0,1,0.47412776947021484,0.24385155737400055,0.47412776947021484,-0.2302762120962143,4.576125
original,0,p297_275_mic2,p297,data\VCTK\wav48_silence_trimmed\p297\p297_275_mic2.flac,p297,1,1,0.6979622840881348,0.6979622840881348,0.4060356616973877,0.29192662239074707,2.9056875
base,1,p297_275_mic2,p297,data\VCTK\wav48_silence_trimmed\p297\p297_275_mic2.flac,p238,0,1,0.33376532793045044,0.08465814590454102,0.33376532793045044,-0.24910718202590942,2.9056875
base,2,p297_275_mic2,p297,data\VCTK\wav48_silence_trimmed\p297\p297_275_mic2.flac,p280,0,1,0.3914550244808197,0.18592596054077148,0.3914550244808197,-0.20552906394004822,2.9056875
base,3,p297_275_mic2,p297,data\VCTK\wav48_silence_trimmed\p297\p297_275_mic2.flac,p280,0,1,0.49840933084487915,0.2059946358203888,0.49840933084487915,-0.29241469502449036,2.9056875
lca,1,p297_275_mic2,p297,data\VCTK\wav48_silence_trimmed\p297\p297_275_mic2.flac,p280,0,1,0.3270161747932434,-0.01638633757829666,0.3270161747932434,-0.34340251237154007,2.9056875
lca,2,p297_275_mic2,p297,data\VCTK\wav48_silence_trimmed\p297\p297_275_mic2.flac,p280,0,1,0.5395902991294861,0.08958073705434799,0.5395902991294861,-0.4500095620751381,2.9056875
lca,3,p297_275_mic2,p297,data\VCTK\wav48_silence_trimmed\p297\p297_275_mic2.flac,p280,0,1,0.5680059194564819,0.11832776665687561,0.5680059194564819,-0.4496781527996063,2.9056875
original,0,p298_115_mic2,p298,data\VCTK\wav48_silence_trimmed\p298\p298_115_mic2.flac,p298,1,1,0.7230539321899414,0.7230539321899414,0.3611789345741272,0.3618749976158142,3.9849375
base,1,p298_115_mic2,p298,data\VCTK\wav48_silence_trimmed\p298\p298_115_mic2.flac,p364,0,1,0.2907993197441101,0.1439988613128662,0.2907993197441101,-0.1468004584312439,3.9849375
base,2,p298_115_mic2,p298,data\VCTK\wav48_silence_trimmed\p298\p298_115_mic2.flac,p347,0,1,0.3582950830459595,0.2735157310962677,0.3582950830459595,-0.08477935194969177,3.9849375
base,3,p298_115_mic2,p298,data\VCTK\wav48_silence_trimmed\p298\p298_115_mic2.flac,p364,0,1,0.39718490839004517,0.26256614923477173,0.39718490839004517,-0.13461875915527344,3.9849375
lca,1,p298_115_mic2,p298,data\VCTK\wav48_silence_trimmed\p298\p298_115_mic2.flac,p364,0,1,0.3327372074127197,0.2031051516532898,0.3327372074127197,-0.12963205575942993,3.9849375
lca,2,p298_115_mic2,p298,data\VCTK\wav48_silence_trimmed\p298\p298_115_mic2.flac,p364,0,1,0.3093148469924927,0.20324981212615967,0.3093148469924927,-0.10606503486633301,3.9849375
lca,3,p298_115_mic2,p298,data\VCTK\wav48_silence_trimmed\p298\p298_115_mic2.flac,p281,0,1,0.3272206783294678,0.20506243407726288,0.3272206783294678,-0.1221582442522049,3.9849375
original,0,p298_161_mic1,p298,data\VCTK\wav48_silence_trimmed\p298\p298_161_mic1.flac,p298,1,1,0.6982563138008118,0.6982563138008118,0.355988472700119,0.34226784110069275,3.3666875
base,1,p298_161_mic1,p298,data\VCTK\wav48_silence_trimmed\p298\p298_161_mic1.flac,p298,1,1,0.33861562609672546,0.33861562609672546,0.33662843704223633,0.0019871890544891357,3.3666875
base,2,p298_161_mic1,p298,data\VCTK\wav48_silence_trimmed\p298\p298_161_mic1.flac,p298,1,1,0.4207495450973511,0.4207495450973511,0.33332741260528564,0.08742213249206543,3.3666875
base,3,p298_161_mic1,p298,data\VCTK\wav48_silence_trimmed\p298\p298_161_mic1.flac,p298,1,1,0.4332106113433838,0.4332106113433838,0.2965982258319855,0.13661238551139832,3.3666875
lca,1,p298_161_mic1,p298,data\VCTK\wav48_silence_trimmed\p298\p298_161_mic1.flac,p364,0,1,0.3571227490901947,0.2753511369228363,0.3571227490901947,-0.0817716121673584,3.3666875
lca,2,p298_161_mic1,p298,data\VCTK\wav48_silence_trimmed\p298\p298_161_mic1.flac,p280,0,1,0.3030606508255005,0.2702157497406006,0.3030606508255005,-0.0328449010848999,3.3666875
lca,3,p298_161_mic1,p298,data\VCTK\wav48_silence_trimmed\p298\p298_161_mic1.flac,p298,1,1,0.3591878414154053,0.3591878414154053,0.3434330224990845,0.0157548189163208,3.3666875
original,0,p298_273_mic1,p298,data\VCTK\wav48_silence_trimmed\p298\p298_273_mic1.flac,p298,1,1,0.6565737128257751,0.6565737128257751,0.3324001431465149,0.32417356967926025,3.8410625
base,1,p298_273_mic1,p298,data\VCTK\wav48_silence_trimmed\p298\p298_273_mic1.flac,p302,0,1,0.31408482789993286,0.28335079550743103,0.31408482789993286,-0.03073403239250183,3.8410625
base,2,p298_273_mic1,p298,data\VCTK\wav48_silence_trimmed\p298\p298_273_mic1.flac,p271,0,1,0.36797696352005005,0.3429255485534668,0.36797696352005005,-0.025051414966583252,3.8410625
base,3,p298_273_mic1,p298,data\VCTK\wav48_silence_trimmed\p298\p298_273_mic1.flac,p271,0,1,0.40427500009536743,0.35292506217956543,0.40427500009536743,-0.051349937915802,3.8410625
lca,1,p298_273_mic1,p298,data\VCTK\wav48_silence_trimmed\p298\p298_273_mic1.flac,p364,0,1,0.4522395133972168,0.2824539542198181,0.4522395133972168,-0.16978555917739868,3.8410625
lca,2,p298_273_mic1,p298,data\VCTK\wav48_silence_trimmed\p298\p298_273_mic1.flac,p347,0,1,0.38189783692359924,0.3383271396160126,0.38189783692359924,-0.04357069730758667,3.8410625
lca,3,p298_273_mic1,p298,data\VCTK\wav48_silence_trimmed\p298\p298_273_mic1.flac,p347,0,1,0.36081647872924805,0.29219913482666016,0.36081647872924805,-0.06861734390258789,3.8410625
original,0,p298_306_mic2,p298,data\VCTK\wav48_silence_trimmed\p298\p298_306_mic2.flac,p298,1,1,0.5700908303260803,0.5700908303260803,0.3206228017807007,0.24946802854537964,4.4986875
base,1,p298_306_mic2,p298,data\VCTK\wav48_silence_trimmed\p298\p298_306_mic2.flac,p237,0,1,0.27759599685668945,0.17100881040096283,0.27759599685668945,-0.10658718645572662,4.4986875
base,2,p298_306_mic2,p298,data\VCTK\wav48_silence_trimmed\p298\p298_306_mic2.flac,p298,1,1,0.4019342064857483,0.4019342064857483,0.35779058933258057,0.044143617153167725,4.4986875
base,3,p298_306_mic2,p298,data\VCTK\wav48_silence_trimmed\p298\p298_306_mic2.flac,p298,1,1,0.40555715560913086,0.40555715560913086,0.33514174818992615,0.07041540741920471,4.4986875
lca,1,p298_306_mic2,p298,data\VCTK\wav48_silence_trimmed\p298\p298_306_mic2.flac,p252,0,1,0.28775203227996826,0.21527674794197083,0.28775203227996826,-0.07247528433799744,4.4986875
lca,2,p298_306_mic2,p298,data\VCTK\wav48_silence_trimmed\p298\p298_306_mic2.flac,p364,0,1,0.4028860926628113,0.3227049708366394,0.4028860926628113,-0.08018112182617188,4.4986875
lca,3,p298_306_mic2,p298,data\VCTK\wav48_silence_trimmed\p298\p298_306_mic2.flac,p252,0,1,0.3788033425807953,0.3300824463367462,0.3788033425807953,-0.04872089624404907,4.4986875
original,0,p298_382_mic1,p298,data\VCTK\wav48_silence_trimmed\p298\p298_382_mic1.flac,p298,1,1,0.558609127998352,0.558609127998352,0.34120985865592957,0.21739926934242249,3.4185
base,1,p298_382_mic1,p298,data\VCTK\wav48_silence_trimmed\p298\p298_382_mic1.flac,p364,0,1,0.459536612033844,0.14332999289035797,0.459536612033844,-0.316206619143486,3.4185
base,2,p298_382_mic1,p298,data\VCTK\wav48_silence_trimmed\p298\p298_382_mic1.flac,p374,0,1,0.34295225143432617,0.3052772283554077,0.34295225143432617,-0.03767502307891846,3.4185
base,3,p298_382_mic1,p298,data\VCTK\wav48_silence_trimmed\p298\p298_382_mic1.flac,p347,0,1,0.3213220238685608,0.30356335639953613,0.3213220238685608,-0.017758667469024658,3.4185
lca,1,p298_382_mic1,p298,data\VCTK\wav48_silence_trimmed\p298\p298_382_mic1.flac,p364,0,1,0.3148164451122284,0.2369495928287506,0.3148164451122284,-0.07786685228347778,3.4185
lca,2,p298_382_mic1,p298,data\VCTK\wav48_silence_trimmed\p298\p298_382_mic1.flac,p347,0,1,0.3660297393798828,0.18686456978321075,0.3660297393798828,-0.17916516959667206,3.4185
lca,3,p298_382_mic1,p298,data\VCTK\wav48_silence_trimmed\p298\p298_382_mic1.flac,p347,0,1,0.43932288885116577,0.2091999053955078,0.43932288885116577,-0.23012298345565796,3.4185
original,0,p299_117_mic2,p299,data\VCTK\wav48_silence_trimmed\p299\p299_117_mic2.flac,p299,1,1,0.7058981657028198,0.7058981657028198,0.3564639091491699,0.3494342565536499,3.3450625
base,1,p299_117_mic2,p299,data\VCTK\wav48_silence_trimmed\p299\p299_117_mic2.flac,p262,0,1,0.4124913215637207,0.20811054110527039,0.4124913215637207,-0.20438078045845032,3.3450625
base,2,p299_117_mic2,p299,data\VCTK\wav48_silence_trimmed\p299\p299_117_mic2.flac,p299,1,1,0.4788385033607483,0.4788385033607483,0.4467616081237793,0.032076895236968994,3.3450625
base,3,p299_117_mic2,p299,data\VCTK\wav48_silence_trimmed\p299\p299_117_mic2.flac,p299,1,1,0.5139224529266357,0.5139224529266357,0.36850446462631226,0.1454179883003235,3.3450625
lca,1,p299_117_mic2,p299,data\VCTK\wav48_silence_trimmed\p299\p299_117_mic2.flac,p300,0,1,0.39469900727272034,0.2379857897758484,0.39469900727272034,-0.15671321749687195,3.3450625
lca,2,p299_117_mic2,p299,data\VCTK\wav48_silence_trimmed\p299\p299_117_mic2.flac,p300,0,1,0.3875497877597809,0.38585981726646423,0.3875497877597809,-0.0016899704933166504,3.3450625
lca,3,p299_117_mic2,p299,data\VCTK\wav48_silence_trimmed\p299\p299_117_mic2.flac,p299,1,1,0.42689961194992065,0.42689961194992065,0.4203276038169861,0.00657200813293457,3.3450625
original,0,p299_136_mic1,p299,data\VCTK\wav48_silence_trimmed\p299\p299_136_mic1.flac,p299,1,1,0.6558398008346558,0.6558398008346558,0.406454473733902,0.24938532710075378,3.5454375
base,1,p299_136_mic1,p299,data\VCTK\wav48_silence_trimmed\p299\p299_136_mic1.flac,p343,0,1,0.43258196115493774,0.1709073930978775,0.43258196115493774,-0.26167456805706024,3.5454375
base,2,p299_136_mic1,p299,data\VCTK\wav48_silence_trimmed\p299\p299_136_mic1.flac,p262,0,1,0.3947611153125763,0.3697521686553955,0.3947611153125763,-0.025008946657180786,3.5454375
base,3,p299_136_mic1,p299,data\VCTK\wav48_silence_trimmed\p299\p299_136_mic1.flac,p299,1,1,0.4852769672870636,0.4852769672870636,0.47370219230651855,0.011574774980545044,3.5454375
lca,1,p299_136_mic1,p299,data\VCTK\wav48_silence_trimmed\p299\p299_136_mic1.flac,p364,0,1,0.302013635635376,0.22881266474723816,0.302013635635376,-0.07320097088813782,3.5454375
lca,2,p299_136_mic1,p299,data\VCTK\wav48_silence_trimmed\p299\p299_136_mic1.flac,p262,0,1,0.4329240918159485,0.38035041093826294,0.4329240918159485,-0.05257368087768555,3.5454375
lca,3,p299_136_mic1,p299,data\VCTK\wav48_silence_trimmed\p299\p299_136_mic1.flac,p299,1,1,0.4528122842311859,0.4528122842311859,0.4515174627304077,0.0012948215007781982,3.5454375
original,0,p299_267_mic1,p299,data\VCTK\wav48_silence_trimmed\p299\p299_267_mic1.flac,p299,1,1,0.6640282869338989,0.6640282869338989,0.4619957208633423,0.20203256607055664,2.5605625
base,1,p299_267_mic1,p299,data\VCTK\wav48_silence_trimmed\p299\p299_267_mic1.flac,p351,0,1,0.3453020453453064,0.2167811095714569,0.3453020453453064,-0.1285209357738495,2.5605625
base,2,p299_267_mic1,p299,data\VCTK\wav48_silence_trimmed\p299\p299_267_mic1.flac,p301,0,1,0.3335701823234558,0.27392834424972534,0.3335701823234558,-0.05964183807373047,2.5605625
base,3,p299_267_mic1,p299,data\VCTK\wav48_silence_trimmed\p299\p299_267_mic1.flac,p314,0,1,0.40257951617240906,0.3695419728755951,0.40257951617240906,-0.033037543296813965,2.5605625
lca,1,p299_267_mic1,p299,data\VCTK\wav48_silence_trimmed\p299\p299_267_mic1.flac,p266,0,1,0.2612246870994568,0.14123377203941345,0.2612246870994568,-0.11999091506004333,2.5605625
lca,2,p299_267_mic1,p299,data\VCTK\wav48_silence_trimmed\p299\p299_267_mic1.flac,p250,0,1,0.37310922145843506,0.2749021053314209,0.37310922145843506,-0.09820711612701416,2.5605625
lca,3,p299_267_mic1,p299,data\VCTK\wav48_silence_trimmed\p299\p299_267_mic1.flac,p250,0,1,0.423034131526947,0.32366055250167847,0.423034131526947,-0.09937357902526855,2.5605625
original,0,p299_290_mic1,p299,data\VCTK\wav48_silence_trimmed\p299\p299_290_mic1.flac,p299,1,1,0.6632050275802612,0.6632050275802612,0.42958927154541016,0.23361575603485107,2.836625
base,1,p299_290_mic1,p299,data\VCTK\wav48_silence_trimmed\p299\p299_290_mic1.flac,p351,0,1,0.34926533699035645,0.2028036117553711,0.34926533699035645,-0.14646172523498535,2.836625
base,2,p299_290_mic1,p299,data\VCTK\wav48_silence_trimmed\p299\p299_290_mic1.flac,p299,1,1,0.4596767723560333,0.4596767723560333,0.41408759355545044,0.045589178800582886,2.836625
base,3,p299_290_mic1,p299,data\VCTK\wav48_silence_trimmed\p299\p299_290_mic1.flac,p299,1,1,0.5058441758155823,0.5058441758155823,0.4469069242477417,0.058937251567840576,2.836625
lca,1,p299_290_mic1,p299,data\VCTK\wav48_silence_trimmed\p299\p299_290_mic1.flac,p364,0,1,0.27839386463165283,0.15235593914985657,0.27839386463165283,-0.12603792548179626,2.836625
lca,2,p299_290_mic1,p299,data\VCTK\wav48_silence_trimmed\p299\p299_290_mic1.flac,p300,0,1,0.41641467809677124,0.41112247109413147,0.41641467809677124,-0.0052922070026397705,2.836625
lca,3,p299_290_mic1,p299,data\VCTK\wav48_silence_trimmed\p299\p299_290_mic1.flac,p299,1,1,0.4651082754135132,0.4651082754135132,0.409778356552124,0.05532991886138916,2.836625
original,0,p299_395_mic1,p299,data\VCTK\wav48_silence_trimmed\p299\p299_395_mic1.flac,p299,1,1,0.6663368344306946,0.6663368344306946,0.457547664642334,0.2087891697883606,3.88825
base,1,p299_395_mic1,p299,data\VCTK\wav48_silence_trimmed\p299\p299_395_mic1.flac,p262,0,1,0.40201854705810547,0.22604748606681824,0.40201854705810547,-0.17597106099128723,3.88825
base,2,p299_395_mic1,p299,data\VCTK\wav48_silence_trimmed\p299\p299_395_mic1.flac,p262,0,1,0.40453505516052246,0.3236019015312195,0.40453505516052246,-0.08093315362930298,3.88825
base,3,p299_395_mic1,p299,data\VCTK\wav48_silence_trimmed\p299\p299_395_mic1.flac,p280,0,1,0.39302632212638855,0.34949472546577454,0.39302632212638855,-0.043531596660614014,3.88825
lca,1,p299_395_mic1,p299,data\VCTK\wav48_silence_trimmed\p299\p299_395_mic1.flac,p248,0,1,0.26675280928611755,0.18513289093971252,0.26675280928611755,-0.08161991834640503,3.88825
lca,2,p299_395_mic1,p299,data\VCTK\wav48_silence_trimmed\p299\p299_395_mic1.flac,p280,0,1,0.4325559735298157,0.419437974691391,0.4325559735298157,-0.013117998838424683,3.88825
lca,3,p299_395_mic1,p299,data\VCTK\wav48_silence_trimmed\p299\p299_395_mic1.flac,p299,1,1,0.4603451192378998,0.4603451192378998,0.41828566789627075,0.04205945134162903,3.88825
original,0,p300_105_mic1,p300,data\VCTK\wav48_silence_trimmed\p300\p300_105_mic1.flac,p300,1,1,0.7528831958770752,0.7528831958770752,0.44535717368125916,0.30752602219581604,2.9449375
base,1,p300_105_mic1,p300,data\VCTK\wav48_silence_trimmed\p300\p300_105_mic1.flac,p330,0,1,0.33335551619529724,0.24432440102100372,0.33335551619529724,-0.08903111517429352,2.9449375
base,2,p300_105_mic1,p300,data\VCTK\wav48_silence_trimmed\p300\p300_105_mic1.flac,p300,1,1,0.5024811029434204,0.5024811029434204,0.4650283455848694,0.037452757358551025,2.9449375
base,3,p300_105_mic1,p300,data\VCTK\wav48_silence_trimmed\p300\p300_105_mic1.flac,p300,1,1,0.5659290552139282,0.5659290552139282,0.4443265199661255,0.12160253524780273,2.9449375
lca,1,p300_105_mic1,p300,data\VCTK\wav48_silence_trimmed\p300\p300_105_mic1.flac,p250,0,1,0.4374418258666992,0.3424481451511383,0.4374418258666992,-0.09499368071556091,2.9449375
lca,2,p300_105_mic1,p300,data\VCTK\wav48_silence_trimmed\p300\p300_105_mic1.flac,p300,1,1,0.5176103115081787,0.5176103115081787,0.4427880644798279,0.07482224702835083,2.9449375
lca,3,p300_105_mic1,p300,data\VCTK\wav48_silence_trimmed\p300\p300_105_mic1.flac,p300,1,1,0.586755096912384,0.586755096912384,0.4508744180202484,0.13588067889213562,2.9449375
original,0,p300_150_mic2,p300,data\VCTK\wav48_silence_trimmed\p300\p300_150_mic2.flac,p300,1,1,0.7090483903884888,0.7090483903884888,0.448984295129776,0.26006409525871277,4.7818125
base,1,p300_150_mic2,p300,data\VCTK\wav48_silence_trimmed\p300\p300_150_mic2.flac,p238,0,1,0.3914044201374054,0.18724972009658813,0.3914044201374054,-0.20415470004081726,4.7818125
base,2,p300_150_mic2,p300,data\VCTK\wav48_silence_trimmed\p300\p300_150_mic2.flac,p340,0,1,0.44637608528137207,0.38908183574676514,0.44637608528137207,-0.057294249534606934,4.7818125
base,3,p300_150_mic2,p300,data\VCTK\wav48_silence_trimmed\p300\p300_150_mic2.flac,p300,1,1,0.40052852034568787,0.40052852034568787,0.38542720675468445,0.015101313591003418,4.7818125
lca,1,p300_150_mic2,p300,data\VCTK\wav48_silence_trimmed\p300\p300_150_mic2.flac,p280,0,1,0.41736042499542236,0.3303065299987793,0.41736042499542236,-0.08705389499664307,4.7818125
lca,2,p300_150_mic2,p300,data\VCTK\wav48_silence_trimmed\p300\p300_150_mic2.flac,p250,0,1,0.4193688631057739,0.4145161509513855,0.4193688631057739,-0.004852712154388428,4.7818125
lca,3,p300_150_mic2,p300,data\VCTK\wav48_silence_trimmed\p300\p300_150_mic2.flac,p300,1,1,0.4520765244960785,0.4520765244960785,0.4252748489379883,0.02680167555809021,4.7818125
original,0,p300_250_mic1,p300,data\VCTK\wav48_silence_trimmed\p300\p300_250_mic1.flac,p300,1,1,0.8834956884384155,0.8834956884384155,0.4444248676300049,0.43907082080841064,4.7331875
base,1,p300_250_mic1,p300,data\VCTK\wav48_silence_trimmed\p300\p300_250_mic1.flac,p330,0,1,0.3529965877532959,0.32973557710647583,0.3529965877532959,-0.02326101064682007,4.7331875
base,2,p300_250_mic1,p300,data\VCTK\wav48_silence_trimmed\p300\p300_250_mic1.flac,p300,1,1,0.5481522083282471,0.5481522083282471,0.42454057931900024,0.12361162900924683,4.7331875
base,3,p300_250_mic1,p300,data\VCTK\wav48_silence_trimmed\p300\p300_250_mic1.flac,p300,1,1,0.6302325129508972,0.6302325129508972,0.43817317485809326,0.19205933809280396,4.7331875
lca,1,p300_250_mic1,p300,data\VCTK\wav48_silence_trimmed\p300\p300_250_mic1.flac,p280,0,1,0.3554871082305908,0.3470383882522583,0.3554871082305908,-0.00844871997833252,4.7331875
lca,2,p300_250_mic1,p300,data\VCTK\wav48_silence_trimmed\p300\p300_250_mic1.flac,p300,1,1,0.6034865379333496,0.6034865379333496,0.4818270206451416,0.12165951728820801,4.7331875
lca,3,p300_250_mic1,p300,data\VCTK\wav48_silence_trimmed\p300\p300_250_mic1.flac,p300,1,1,0.6667497158050537,0.6667497158050537,0.438081830739975,0.22866788506507874,4.7331875
original,0,p300_273_mic1,p300,data\VCTK\wav48_silence_trimmed\p300\p300_273_mic1.flac,p300,1,1,0.7244929671287537,0.7244929671287537,0.4495757222175598,0.27491724491119385,4.143625
base,1,p300_273_mic1,p300,data\VCTK\wav48_silence_trimmed\p300\p300_273_mic1.flac,p339,0,1,0.39064958691596985,0.23469509184360504,0.39064958691596985,-0.1559544950723648,4.143625
base,2,p300_273_mic1,p300,data\VCTK\wav48_silence_trimmed\p300\p300_273_mic1.flac,p300,1,1,0.4879711866378784,0.4879711866378784,0.41669055819511414,0.07128062844276428,4.143625
base,3,p300_273_mic1,p300,data\VCTK\wav48_silence_trimmed\p300\p300_273_mic1.flac,p300,1,1,0.577939510345459,0.577939510345459,0.42607381939888,0.15186569094657898,4.143625
lca,1,p300_273_mic1,p300,data\VCTK\wav48_silence_trimmed\p300\p300_273_mic1.flac,p280,0,1,0.36714059114456177,0.35358530282974243,0.36714059114456177,-0.013555288314819336,4.143625
lca,2,p300_273_mic1,p300,data\VCTK\wav48_silence_trimmed\p300\p300_273_mic1.flac,p300,1,1,0.5078535676002502,0.5078535676002502,0.4346911907196045,0.07316237688064575,4.143625
lca,3,p300_273_mic1,p300,data\VCTK\wav48_silence_trimmed\p300\p300_273_mic1.flac,p300,1,1,0.5609220266342163,0.5609220266342163,0.4415116012096405,0.1194104254245758,4.143625
original,0,p300_363_mic1,p300,data\VCTK\wav48_silence_trimmed\p300\p300_363_mic1.flac,p300,1,1,0.8107183575630188,0.8107183575630188,0.481158584356308,0.3295597732067108,4.182375
base,1,p300_363_mic1,p300,data\VCTK\wav48_silence_trimmed\p300\p300_363_mic1.flac,p351,0,1,0.3733913004398346,0.18190710246562958,0.3733913004398346,-0.19148419797420502,4.182375
base,2,p300_363_mic1,p300,data\VCTK\wav48_silence_trimmed\p300\p300_363_mic1.flac,p300,1,1,0.521393895149231,0.521393895149231,0.4200284779071808,0.10136541724205017,4.182375
base,3,p300_363_mic1,p300,data\VCTK\wav48_silence_trimmed\p300\p300_363_mic1.flac,p300,1,1,0.6025214195251465,0.6025214195251465,0.44423365592956543,0.15828776359558105,4.182375
lca,1,p300_363_mic1,p300,data\VCTK\wav48_silence_trimmed\p300\p300_363_mic1.flac,p230,0,1,0.28184735774993896,0.2629122734069824,0.28184735774993896,-0.018935084342956543,4.182375
lca,2,p300_363_mic1,p300,data\VCTK\wav48_silence_trimmed\p300\p300_363_mic1.flac,p300,1,1,0.5011231899261475,0.5011231899261475,0.4742298424243927,0.02689334750175476,4.182375
lca,3,p300_363_mic1,p300,data\VCTK\wav48_silence_trimmed\p300\p300_363_mic1.flac,p300,1,1,0.5778757333755493,0.5778757333755493,0.5510507225990295,0.026825010776519775,4.182375
original,0,p301_230_mic2,p301,data\VCTK\wav48_silence_trimmed\p301\p301_230_mic2.flac,p301,1,1,0.7039697170257568,0.7039697170257568,0.41893190145492554,0.2850378155708313,5.7703125
base,1,p301_230_mic2,p301,data\VCTK\wav48_silence_trimmed\p301\p301_230_mic2.flac,p301,1,1,0.41146528720855713,0.41146528720855713,0.3860015571117401,0.025463730096817017,5.7703125
base,2,p301_230_mic2,p301,data\VCTK\wav48_silence_trimmed\p301\p301_230_mic2.flac,p301,1,1,0.5612533092498779,0.5612533092498779,0.46327611804008484,0.09797719120979309,5.7703125
base,3,p301_230_mic2,p301,data\VCTK\wav48_silence_trimmed\p301\p301_230_mic2.flac,p301,1,1,0.5716078281402588,0.5716078281402588,0.43192267417907715,0.13968515396118164,5.7703125
lca,1,p301_230_mic2,p301,data\VCTK\wav48_silence_trimmed\p301\p301_230_mic2.flac,p301,1,1,0.35591068863868713,0.35591068863868713,0.3492421805858612,0.006668508052825928,5.7703125
lca,2,p301_230_mic2,p301,data\VCTK\wav48_silence_trimmed\p301\p301_230_mic2.flac,p301,1,1,0.4167912006378174,0.4167912006378174,0.3756721019744873,0.04111909866333008,5.7703125
lca,3,p301_230_mic2,p301,data\VCTK\wav48_silence_trimmed\p301\p301_230_mic2.flac,p301,1,1,0.4506790339946747,0.4506790339946747,0.3569393754005432,0.09373965859413147,5.7703125
original,0,p301_294_mic1,p301,data\VCTK\wav48_silence_trimmed\p301\p301_294_mic1.flac,p301,1,1,0.6160024404525757,0.6160024404525757,0.3942704200744629,0.2217320203781128,3.1151875
base,1,p301_294_mic1,p301,data\VCTK\wav48_silence_trimmed\p301\p301_294_mic1.flac,p301,1,1,0.3917377293109894,0.3917377293109894,0.3628753423690796,0.02886238694190979,3.1151875
base,2,p301_294_mic1,p301,data\VCTK\wav48_silence_trimmed\p301\p301_294_mic1.flac,p301,1,1,0.4748101234436035,0.4748101234436035,0.3631940484046936,0.11161607503890991,3.1151875
base,3,p301_294_mic1,p301,data\VCTK\wav48_silence_trimmed\p301\p301_294_mic1.flac,p301,1,1,0.48699772357940674,0.48699772357940674,0.31802186369895935,0.1689758598804474,3.1151875
lca,1,p301_294_mic1,p301,data\VCTK\wav48_silence_trimmed\p301\p301_294_mic1.flac,p301,1,1,0.45944759249687195,0.45944759249687195,0.3904174566268921,0.06903013586997986,3.1151875
lca,2,p301_294_mic1,p301,data\VCTK\wav48_silence_trimmed\p301\p301_294_mic1.flac,p301,1,1,0.454606831073761,0.454606831073761,0.3656594455242157,0.08894738554954529,3.1151875
lca,3,p301_294_mic1,p301,data\VCTK\wav48_silence_trimmed\p301\p301_294_mic1.flac,p301,1,1,0.4314088821411133,0.4314088821411133,0.371734619140625,0.05967426300048828,3.1151875
original,0,p301_309_mic2,p301,data\VCTK\wav48_silence_trimmed\p301\p301_309_mic2.flac,p301,1,1,0.7765345573425293,0.7765345573425293,0.42911577224731445,0.34741878509521484,4.5388125
base,1,p301_309_mic2,p301,data\VCTK\wav48_silence_trimmed\p301\p301_309_mic2.flac,p301,1,1,0.4686141908168793,0.4686141908168793,0.38678276538848877,0.0818314254283905,4.5388125
base,2,p301_309_mic2,p301,data\VCTK\wav48_silence_trimmed\p301\p301_309_mic2.flac,p301,1,1,0.5594647526741028,0.5594647526741028,0.40560638904571533,0.15385836362838745,4.5388125
base,3,p301_309_mic2,p301,data\VCTK\wav48_silence_trimmed\p301\p301_309_mic2.flac,p301,1,1,0.6094225645065308,0.6094225645065308,0.40402013063430786,0.2054024338722229,4.5388125
lca,1,p301_309_mic2,p301,data\VCTK\wav48_silence_trimmed\p301\p301_309_mic2.flac,p280,0,1,0.3873477280139923,0.37931913137435913,0.3873477280139923,-0.008028596639633179,4.5388125
lca,2,p301_309_mic2,p301,data\VCTK\wav48_silence_trimmed\p301\p301_309_mic2.flac,p301,1,1,0.4635711908340454,0.4635711908340454,0.3425394892692566,0.12103170156478882,4.5388125
lca,3,p301_309_mic2,p301,data\VCTK\wav48_silence_trimmed\p301\p301_309_mic2.flac,p301,1,1,0.48061680793762207,0.48061680793762207,0.347750186920166,0.13286662101745605,4.5388125
original,0,p301_318_mic2,p301,data\VCTK\wav48_silence_trimmed\p301\p301_318_mic2.flac,p301,1,1,0.7898508906364441,0.7898508906364441,0.3833920657634735,0.4064588248729706,4.9036875
base,1,p301_318_mic2,p301,data\VCTK\wav48_silence_trimmed\p301\p301_318_mic2.flac,p301,1,1,0.43687790632247925,0.43687790632247925,0.4208677113056183,0.016010195016860962,4.9036875
base,2,p301_318_mic2,p301,data\VCTK\wav48_silence_trimmed\p301\p301_318_mic2.flac,p301,1,1,0.5093863010406494,0.5093863010406494,0.4413544833660126,0.06803181767463684,4.9036875
base,3,p301_318_mic2,p301,data\VCTK\wav48_silence_trimmed\p301\p301_318_mic2.flac,p301,1,1,0.5766841173171997,0.5766841173171997,0.40536877512931824,0.17131534218788147,4.9036875
lca,1,p301_318_mic2,p301,data\VCTK\wav48_silence_trimmed\p301\p301_318_mic2.flac,p250,0,1,0.38642460107803345,0.34522777795791626,0.38642460107803345,-0.04119682312011719,4.9036875
lca,2,p301_318_mic2,p301,data\VCTK\wav48_silence_trimmed\p301\p301_318_mic2.flac,p280,0,1,0.38779228925704956,0.36202871799468994,0.38779228925704956,-0.02576357126235962,4.9036875
lca,3,p301_318_mic2,p301,data\VCTK\wav48_silence_trimmed\p301\p301_318_mic2.flac,p301,1,1,0.4171832799911499,0.4171832799911499,0.38152381777763367,0.035659462213516235,4.9036875
original,0,p301_397_mic1,p301,data\VCTK\wav48_silence_trimmed\p301\p301_397_mic1.flac,p301,1,1,0.5913764238357544,0.5913764238357544,0.3374103307723999,0.2539660930633545,3.4636875
base,1,p301_397_mic1,p301,data\VCTK\wav48_silence_trimmed\p301\p301_397_mic1.flac,p343,0,1,0.34885677695274353,0.33248019218444824,0.34885677695274353,-0.016376584768295288,3.4636875
base,2,p301_397_mic1,p301,data\VCTK\wav48_silence_trimmed\p301\p301_397_mic1.flac,p301,1,1,0.45858311653137207,0.45858311653137207,0.38490018248558044,0.07368293404579163,3.4636875
base,3,p301_397_mic1,p301,data\VCTK\wav48_silence_trimmed\p301\p301_397_mic1.flac,p301,1,1,0.4924716353416443,0.4924716353416443,0.36922866106033325,0.12324297428131104,3.4636875
lca,1,p301_397_mic1,p301,data\VCTK\wav48_silence_trimmed\p301\p301_397_mic1.flac,p364,0,1,0.2969040274620056,0.23031318187713623,0.2969040274620056,-0.06659084558486938,3.4636875
lca,2,p301_397_mic1,p301,data\VCTK\wav48_silence_trimmed\p301\p301_397_mic1.flac,p301,1,1,0.44264790415763855,0.44264790415763855,0.35371577739715576,0.08893212676048279,3.4636875
lca,3,p301_397_mic1,p301,data\VCTK\wav48_silence_trimmed\p301\p301_397_mic1.flac,p301,1,1,0.4819331765174866,0.4819331765174866,0.3239309787750244,0.15800219774246216,3.4636875
original,0,p302_004_mic2,p302,data\VCTK\wav48_silence_trimmed\p302\p302_004_mic2.flac,p302,1,1,0.7376636266708374,0.7376636266708374,0.44614431262016296,0.29151931405067444,4.6053125
base,1,p302_004_mic2,p302,data\VCTK\wav48_silence_trimmed\p302\p302_004_mic2.flac,p374,0,1,0.3096502423286438,0.2985256612300873,0.3096502423286438,-0.011124581098556519,4.6053125
base,2,p302_004_mic2,p302,data\VCTK\wav48_silence_trimmed\p302\p302_004_mic2.flac,p271,0,1,0.38213834166526794,0.3760945200920105,0.38213834166526794,-0.006043821573257446,4.6053125
base,3,p302_004_mic2,p302,data\VCTK\wav48_silence_trimmed\p302\p302_004_mic2.flac,p302,1,1,0.36890310049057007,0.36890310049057007,0.3642488121986389,0.004654288291931152,4.6053125
lca,1,p302_004_mic2,p302,data\VCTK\wav48_silence_trimmed\p302\p302_004_mic2.flac,p364,0,1,0.3600775897502899,0.2835361957550049,0.3600775897502899,-0.07654139399528503,4.6053125
lca,2,p302_004_mic2,p302,data\VCTK\wav48_silence_trimmed\p302\p302_004_mic2.flac,p347,0,1,0.35330742597579956,0.3099818825721741,0.35330742597579956,-0.04332554340362549,4.6053125
lca,3,p302_004_mic2,p302,data\VCTK\wav48_silence_trimmed\p302\p302_004_mic2.flac,p252,0,1,0.3459407687187195,0.3081372380256653,0.3459407687187195,-0.0378035306930542,4.6053125
original,0,p302_038_mic1,p302,data\VCTK\wav48_silence_trimmed\p302\p302_038_mic1.flac,p302,1,1,0.7117710113525391,0.7117710113525391,0.5028536319732666,0.20891737937927246,4.035875
base,1,p302_038_mic1,p302,data\VCTK\wav48_silence_trimmed\p302\p302_038_mic1.flac,p364,0,1,0.3404669761657715,0.31594979763031006,0.3404669761657715,-0.024517178535461426,4.035875
base,2,p302_038_mic1,p302,data\VCTK\wav48_silence_trimmed\p302\p302_038_mic1.flac,p302,1,1,0.4202898442745209,0.4202898442745209,0.3977949917316437,0.022494852542877197,4.035875
base,3,p302_038_mic1,p302,data\VCTK\wav48_silence_trimmed\p302\p302_038_mic1.flac,p364,0,1,0.4313984513282776,0.4096507430076599,0.4313984513282776,-0.021747708320617676,4.035875
lca,1,p302_038_mic1,p302,data\VCTK\wav48_silence_trimmed\p302\p302_038_mic1.flac,p364,0,1,0.4148193299770355,0.29878008365631104,0.4148193299770355,-0.11603924632072449,4.035875
lca,2,p302_038_mic1,p302,data\VCTK\wav48_silence_trimmed\p302\p302_038_mic1.flac,p364,0,1,0.40096819400787354,0.29674023389816284,0.40096819400787354,-0.1042279601097107,4.035875
lca,3,p302_038_mic1,p302,data\VCTK\wav48_silence_trimmed\p302\p302_038_mic1.flac,p364,0,1,0.4733635187149048,0.30445700883865356,0.4733635187149048,-0.16890650987625122,4.035875
original,0,p302_066_mic1,p302,data\VCTK\wav48_silence_trimmed\p302\p302_066_mic1.flac,p302,1,1,0.6540724039077759,0.6540724039077759,0.3942752778530121,0.2597971260547638,3.6133125
base,1,p302_066_mic1,p302,data\VCTK\wav48_silence_trimmed\p302\p302_066_mic1.flac,p347,0,0,0.17311128973960876,0.15429002046585083,0.17311128973960876,-0.018821269273757935,3.6133125
base,2,p302_066_mic1,p302,data\VCTK\wav48_silence_trimmed\p302\p302_066_mic1.flac,p302,1,1,0.44952648878097534,0.44952648878097534,0.4293138086795807,0.020212680101394653,3.6133125
base,3,p302_066_mic1,p302,data\VCTK\wav48_silence_trimmed\p302\p302_066_mic1.flac,p364,0,1,0.4324776232242584,0.4320228695869446,0.4324776232242584,-0.0004547536373138428,3.6133125
lca,1,p302_066_mic1,p302,data\VCTK\wav48_silence_trimmed\p302\p302_066_mic1.flac,p364,0,1,0.440766304731369,0.20931142568588257,0.440766304731369,-0.23145487904548645,3.6133125
lca,2,p302_066_mic1,p302,data\VCTK\wav48_silence_trimmed\p302\p302_066_mic1.flac,p364,0,1,0.44439131021499634,0.32685983180999756,0.44439131021499634,-0.11753147840499878,3.6133125
lca,3,p302_066_mic1,p302,data\VCTK\wav48_silence_trimmed\p302\p302_066_mic1.flac,p364,0,1,0.443348228931427,0.35416239500045776,0.443348228931427,-0.08918583393096924,3.6133125
original,0,p302_088_mic1,p302,data\VCTK\wav48_silence_trimmed\p302\p302_088_mic1.flac,p302,1,1,0.7367271184921265,0.7367271184921265,0.3942141532897949,0.34251296520233154,4.29875
base,1,p302_088_mic1,p302,data\VCTK\wav48_silence_trimmed\p302\p302_088_mic1.flac,p302,1,1,0.3410492241382599,0.3410492241382599,0.28832805156707764,0.05272117257118225,4.29875
base,2,p302_088_mic1,p302,data\VCTK\wav48_silence_trimmed\p302\p302_088_mic1.flac,p226,0,1,0.3741782009601593,0.35632336139678955,0.3741782009601593,-0.01785483956336975,4.29875
base,3,p302_088_mic1,p302,data\VCTK\wav48_silence_trimmed\p302\p302_088_mic1.flac,p302,1,1,0.3994510769844055,0.3994510769844055,0.3674703538417816,0.0319807231426239,4.29875
lca,1,p302_088_mic1,p302,data\VCTK\wav48_silence_trimmed\p302\p302_088_mic1.flac,p364,0,1,0.33077460527420044,0.23163771629333496,0.33077460527420044,-0.09913688898086548,4.29875
lca,2,p302_088_mic1,p302,data\VCTK\wav48_silence_trimmed\p302\p302_088_mic1.flac,p302,1,1,0.3091675639152527,0.3091675639152527,0.307352751493454,0.001814812421798706,4.29875
lca,3,p302_088_mic1,p302,data\VCTK\wav48_silence_trimmed\p302\p302_088_mic1.flac,p302,1,1,0.31661540269851685,0.31661540269851685,0.31255286931991577,0.004062533378601074,4.29875
original,0,p302_172_mic1,p302,data\VCTK\wav48_silence_trimmed\p302\p302_172_mic1.flac,p302,1,1,0.7149502038955688,0.7149502038955688,0.4112848937511444,0.30366531014442444,3.3975
base,1,p302_172_mic1,p302,data\VCTK\wav48_silence_trimmed\p302\p302_172_mic1.flac,p302,1,1,0.32025599479675293,0.32025599479675293,0.2951010465621948,0.025154948234558105,3.3975
base,2,p302_172_mic1,p302,data\VCTK\wav48_silence_trimmed\p302\p302_172_mic1.flac,p364,0,1,0.4174942076206207,0.37374958395957947,0.4174942076206207,-0.04374462366104126,3.3975
base,3,p302_172_mic1,p302,data\VCTK\wav48_silence_trimmed\p302\p302_172_mic1.flac,p364,0,1,0.4234575033187866,0.3283035159111023,0.4234575033187866,-0.09515398740768433,3.3975
lca,1,p302_172_mic1,p302,data\VCTK\wav48_silence_trimmed\p302\p302_172_mic1.flac,p364,0,1,0.3268470764160156,0.20243707299232483,0.3268470764160156,-0.1244100034236908,3.3975
lca,2,p302_172_mic1,p302,data\VCTK\wav48_silence_trimmed\p302\p302_172_mic1.flac,p364,0,1,0.3581829071044922,0.2515324652194977,0.3581829071044922,-0.1066504418849945,3.3975
lca,3,p302_172_mic1,p302,data\VCTK\wav48_silence_trimmed\p302\p302_172_mic1.flac,p364,0,1,0.3896896243095398,0.30767306685447693,0.3896896243095398,-0.08201655745506287,3.3975
original,0,p303_097_mic2,p303,data\VCTK\wav48_silence_trimmed\p303\p303_097_mic2.flac,p303,1,1,0.7691407203674316,0.7691407203674316,0.47172433137893677,0.2974163889884949,3.868625
base,1,p303_097_mic2,p303,data\VCTK\wav48_silence_trimmed\p303\p303_097_mic2.flac,p230,0,1,0.31798380613327026,0.24585993587970734,0.31798380613327026,-0.07212387025356293,3.868625
base,2,p303_097_mic2,p303,data\VCTK\wav48_silence_trimmed\p303\p303_097_mic2.flac,p283,0,1,0.36635392904281616,0.3579002916812897,0.36635392904281616,-0.00845363736152649,3.868625
base,3,p303_097_mic2,p303,data\VCTK\wav48_silence_trimmed\p303\p303_097_mic2.flac,p307,0,1,0.4599984884262085,0.40695643424987793,0.4599984884262085,-0.053042054176330566,3.868625
lca,1,p303_097_mic2,p303,data\VCTK\wav48_silence_trimmed\p303\p303_097_mic2.flac,p230,0,1,0.3767026960849762,0.16998550295829773,0.3767026960849762,-0.20671719312667847,3.868625
lca,2,p303_097_mic2,p303,data\VCTK\wav48_silence_trimmed\p303\p303_097_mic2.flac,p295,0,1,0.3882511556148529,0.21481353044509888,0.3882511556148529,-0.17343762516975403,3.868625
lca,3,p303_097_mic2,p303,data\VCTK\wav48_silence_trimmed\p303\p303_097_mic2.flac,p339,0,1,0.3744869828224182,0.32108306884765625,0.3744869828224182,-0.05340391397476196,3.868625
original,0,p303_134_mic2,p303,data\VCTK\wav48_silence_trimmed\p303\p303_134_mic2.flac,p303,1,1,0.5877612829208374,0.5877612829208374,0.34587156772613525,0.24188971519470215,4.2248125
base,1,p303_134_mic2,p303,data\VCTK\wav48_silence_trimmed\p303\p303_134_mic2.flac,p280,0,1,0.36837589740753174,0.08454979956150055,0.36837589740753174,-0.2838260978460312,4.2248125
base,2,p303_134_mic2,p303,data\VCTK\wav48_silence_trimmed\p303\p303_134_mic2.flac,p330,0,1,0.419519305229187,0.21937426924705505,0.419519305229187,-0.20014503598213196,4.2248125
base,3,p303_134_mic2,p303,data\VCTK\wav48_silence_trimmed\p303\p303_134_mic2.flac,p339,0,1,0.4215695858001709,0.3106825351715088,0.4215695858001709,-0.11088705062866211,4.2248125
lca,1,p303_134_mic2,p303,data\VCTK\wav48_silence_trimmed\p303\p303_134_mic2.flac,p280,0,1,0.3909061849117279,0.09254907071590424,0.3909061849117279,-0.29835711419582367,4.2248125
lca,2,p303_134_mic2,p303,data\VCTK\wav48_silence_trimmed\p303\p303_134_mic2.flac,p280,0,1,0.4672827124595642,0.2080550342798233,0.4672827124595642,-0.2592276781797409,4.2248125
lca,3,p303_134_mic2,p303,data\VCTK\wav48_silence_trimmed\p303\p303_134_mic2.flac,p330,0,1,0.431650310754776,0.23898649215698242,0.431650310754776,-0.19266381859779358,4.2248125
original,0,p303_241_mic1,p303,data\VCTK\wav48_silence_trimmed\p303\p303_241_mic1.flac,p303,1,1,0.720160722732544,0.720160722732544,0.33712804317474365,0.3830326795578003,4.22125
base,1,p303_241_mic1,p303,data\VCTK\wav48_silence_trimmed\p303\p303_241_mic1.flac,p238,0,1,0.4087088704109192,0.2724928557872772,0.4087088704109192,-0.13621601462364197,4.22125
base,2,p303_241_mic1,p303,data\VCTK\wav48_silence_trimmed\p303\p303_241_mic1.flac,p238,0,1,0.42259886860847473,0.3844913840293884,0.42259886860847473,-0.038107484579086304,4.22125
base,3,p303_241_mic1,p303,data\VCTK\wav48_silence_trimmed\p303\p303_241_mic1.flac,p238,0,1,0.43752628564834595,0.43310603499412537,0.43752628564834595,-0.004420250654220581,4.22125
lca,1,p303_241_mic1,p303,data\VCTK\wav48_silence_trimmed\p303\p303_241_mic1.flac,p280,0,1,0.4397560656070709,0.16616103053092957,0.4397560656070709,-0.27359503507614136,4.22125
lca,2,p303_241_mic1,p303,data\VCTK\wav48_silence_trimmed\p303\p303_241_mic1.flac,p250,0,1,0.4534880518913269,0.250119686126709,0.4534880518913269,-0.20336836576461792,4.22125
lca,3,p303_241_mic1,p303,data\VCTK\wav48_silence_trimmed\p303\p303_241_mic1.flac,p250,0,1,0.4655180871486664,0.27308204770088196,0.4655180871486664,-0.19243603944778442,4.22125
original,0,p303_317_mic2,p303,data\VCTK\wav48_silence_trimmed\p303\p303_317_mic2.flac,p303,1,1,0.6751909255981445,0.6751909255981445,0.471161425113678,0.20402950048446655,4.1641875
base,1,p303_317_mic2,p303,data\VCTK\wav48_silence_trimmed\p303\p303_317_mic2.flac,p262,0,1,0.3731081485748291,0.17105475068092346,0.3731081485748291,-0.20205339789390564,4.1641875
base,2,p303_317_mic2,p303,data\VCTK\wav48_silence_trimmed\p303\p303_317_mic2.flac,p339,0,1,0.4229580760002136,0.3546941876411438,0.4229580760002136,-0.06826388835906982,4.1641875
base,3,p303_317_mic2,p303,data\VCTK\wav48_silence_trimmed\p303\p303_317_mic2.flac,p307,0,1,0.42578989267349243,0.39058271050453186,0.42578989267349243,-0.03520718216896057,4.1641875
lca,1,p303_317_mic2,p303,data\VCTK\wav48_silence_trimmed\p303\p303_317_mic2.flac,p280,0,1,0.3217247724533081,0.1431942731142044,0.3217247724533081,-0.1785304993391037,4.1641875
lca,2,p303_317_mic2,p303,data\VCTK\wav48_silence_trimmed\p303\p303_317_mic2.flac,p280,0,1,0.47163984179496765,0.17004919052124023,0.47163984179496765,-0.3015906512737274,4.1641875
lca,3,p303_317_mic2,p303,data\VCTK\wav48_silence_trimmed\p303\p303_317_mic2.flac,p250,0,1,0.468000590801239,0.23654812574386597,0.468000590801239,-0.23145246505737305,4.1641875
original,0,p303_318_mic2,p303,data\VCTK\wav48_silence_trimmed\p303\p303_318_mic2.flac,p303,1,1,0.619616687297821,0.619616687297821,0.36451447010040283,0.2551022171974182,3.3345625
base,1,p303_318_mic2,p303,data\VCTK\wav48_silence_trimmed\p303\p303_318_mic2.flac,p238,0,1,0.39620596170425415,0.21244552731513977,0.39620596170425415,-0.18376043438911438,3.3345625
base,2,p303_318_mic2,p303,data\VCTK\wav48_silence_trimmed\p303\p303_318_mic2.flac,p330,0,1,0.3931984305381775,0.2389766424894333,0.3931984305381775,-0.1542217880487442,3.3345625
base,3,p303_318_mic2,p303,data\VCTK\wav48_silence_trimmed\p303\p303_318_mic2.flac,p339,0,1,0.4231172204017639,0.26550549268722534,0.4231172204017639,-0.15761172771453857,3.3345625
lca,1,p303_318_mic2,p303,data\VCTK\wav48_silence_trimmed\p303\p303_318_mic2.flac,p280,0,1,0.3544226288795471,0.12372621893882751,0.3544226288795471,-0.2306964099407196,3.3345625
lca,2,p303_318_mic2,p303,data\VCTK\wav48_silence_trimmed\p303\p303_318_mic2.flac,p250,0,1,0.45513391494750977,0.1430864930152893,0.45513391494750977,-0.31204742193222046,3.3345625
lca,3,p303_318_mic2,p303,data\VCTK\wav48_silence_trimmed\p303\p303_318_mic2.flac,p330,0,1,0.5035898685455322,0.1864347755908966,0.5035898685455322,-0.3171550929546356,3.3345625
original,0,p304_052_mic2,p304,data\VCTK\wav48_silence_trimmed\p304\p304_052_mic2.flac,p304,1,1,0.723689079284668,0.723689079284668,0.4986228048801422,0.22506627440452576,3.32825
base,1,p304_052_mic2,p304,data\VCTK\wav48_silence_trimmed\p304\p304_052_mic2.flac,p364,0,1,0.3402327001094818,0.10124038904905319,0.3402327001094818,-0.23899231106042862,3.32825
base,2,p304_052_mic2,p304,data\VCTK\wav48_silence_trimmed\p304\p304_052_mic2.flac,p347,0,1,0.422372043132782,0.2046966254711151,0.422372043132782,-0.21767541766166687,3.32825
base,3,p304_052_mic2,p304,data\VCTK\wav48_silence_trimmed\p304\p304_052_mic2.flac,p347,0,1,0.48482370376586914,0.2780052423477173,0.48482370376586914,-0.20681846141815186,3.32825
lca,1,p304_052_mic2,p304,data\VCTK\wav48_silence_trimmed\p304\p304_052_mic2.flac,p364,0,1,0.3948538601398468,0.06652385741472244,0.3948538601398468,-0.32833000272512436,3.32825
lca,2,p304_052_mic2,p304,data\VCTK\wav48_silence_trimmed\p304\p304_052_mic2.flac,p347,0,1,0.4557117223739624,0.1490466445684433,0.4557117223739624,-0.3066650778055191,3.32825
lca,3,p304_052_mic2,p304,data\VCTK\wav48_silence_trimmed\p304\p304_052_mic2.flac,p347,0,1,0.48358434438705444,0.21327883005142212,0.48358434438705444,-0.2703055143356323,3.32825
original,0,p304_060_mic2,p304,data\VCTK\wav48_silence_trimmed\p304\p304_060_mic2.flac,p304,1,1,0.7755653858184814,0.7755653858184814,0.4395248293876648,0.33604055643081665,4.228125
base,1,p304_060_mic2,p304,data\VCTK\wav48_silence_trimmed\p304\p304_060_mic2.flac,p364,0,1,0.3121177554130554,0.2562389075756073,0.3121177554130554,-0.05587884783744812,4.228125
base,2,p304_060_mic2,p304,data\VCTK\wav48_silence_trimmed\p304\p304_060_mic2.flac,p364,0,1,0.3381003737449646,0.3289676010608673,0.3381003737449646,-0.00913277268409729,4.228125
base,3,p304_060_mic2,p304,data\VCTK\wav48_silence_trimmed\p304\p304_060_mic2.flac,p347,0,1,0.38109734654426575,0.3449403643608093,0.38109734654426575,-0.03615698218345642,4.228125
lca,1,p304_060_mic2,p304,data\VCTK\wav48_silence_trimmed\p304\p304_060_mic2.flac,p364,0,1,0.4105282127857208,0.11251237243413925,0.4105282127857208,-0.2980158403515816,4.228125
lca,2,p304_060_mic2,p304,data\VCTK\wav48_silence_trimmed\p304\p304_060_mic2.flac,p364,0,1,0.4045884609222412,0.21377116441726685,0.4045884609222412,-0.19081729650497437,4.228125
lca,3,p304_060_mic2,p304,data\VCTK\wav48_silence_trimmed\p304\p304_060_mic2.flac,p347,0,1,0.4111942946910858,0.23871155083179474,0.4111942946910858,-0.17248274385929108,4.228125
original,0,p304_103_mic2,p304,data\VCTK\wav48_silence_trimmed\p304\p304_103_mic2.flac,p304,1,1,0.7456046342849731,0.7456046342849731,0.43913647532463074,0.3064681589603424,3.886375
base,1,p304_103_mic2,p304,data\VCTK\wav48_silence_trimmed\p304\p304_103_mic2.flac,p313,0,0,0.23774750530719757,0.09759411960840225,0.23774750530719757,-0.14015338569879532,3.886375
base,2,p304_103_mic2,p304,data\VCTK\wav48_silence_trimmed\p304\p304_103_mic2.flac,p347,0,1,0.3267635703086853,0.27520108222961426,0.3267635703086853,-0.051562488079071045,3.886375
base,3,p304_103_mic2,p304,data\VCTK\wav48_silence_trimmed\p304\p304_103_mic2.flac,p347,0,1,0.4001730680465698,0.310524582862854,0.4001730680465698,-0.08964848518371582,3.886375
lca,1,p304_103_mic2,p304,data\VCTK\wav48_silence_trimmed\p304\p304_103_mic2.flac,p364,0,1,0.3631909191608429,0.12845353782176971,0.3631909191608429,-0.23473738133907318,3.886375
lca,2,p304_103_mic2,p304,data\VCTK\wav48_silence_trimmed\p304\p304_103_mic2.flac,p347,0,1,0.3253641128540039,0.18828625977039337,0.3253641128540039,-0.13707785308361053,3.886375
lca,3,p304_103_mic2,p304,data\VCTK\wav48_silence_trimmed\p304\p304_103_mic2.flac,p347,0,1,0.4203823208808899,0.29874497652053833,0.4203823208808899,-0.12163734436035156,3.886375
original,0,p304_264_mic1,p304,data\VCTK\wav48_silence_trimmed\p304\p304_264_mic1.flac,p304,1,1,0.6721299886703491,0.6721299886703491,0.2725889980792999,0.3995409905910492,2.731
base,1,p304_264_mic1,p304,data\VCTK\wav48_silence_trimmed\p304\p304_264_mic1.flac,p302,0,1,0.2928352952003479,0.08034394681453705,0.2928352952003479,-0.21249134838581085,2.731
base,2,p304_264_mic1,p304,data\VCTK\wav48_silence_trimmed\p304\p304_264_mic1.flac,p347,0,1,0.5032205581665039,0.23678018152713776,0.5032205581665039,-0.26644037663936615,2.731
base,3,p304_264_mic1,p304,data\VCTK\wav48_silence_trimmed\p304\p304_264_mic1.flac,p347,0,1,0.5429496169090271,0.20595261454582214,0.5429496169090271,-0.33699700236320496,2.731
lca,1,p304_264_mic1,p304,data\VCTK\wav48_silence_trimmed\p304\p304_264_mic1.flac,p280,0,1,0.2527298629283905,0.09236536175012589,0.2527298629283905,-0.16036450117826462,2.731
lca,2,p304_264_mic1,p304,data\VCTK\wav48_silence_trimmed\p304\p304_264_mic1.flac,p347,0,1,0.43043291568756104,0.13896720111370087,0.43043291568756104,-0.29146571457386017,2.731
lca,3,p304_264_mic1,p304,data\VCTK\wav48_silence_trimmed\p304\p304_264_mic1.flac,p347,0,1,0.4796335995197296,0.134439155459404,0.4796335995197296,-0.3451944440603256,2.731
original,0,p304_347_mic1,p304,data\VCTK\wav48_silence_trimmed\p304\p304_347_mic1.flac,p304,1,1,0.7440629005432129,0.7440629005432129,0.338261216878891,0.4058016836643219,2.981375
base,1,p304_347_mic1,p304,data\VCTK\wav48_silence_trimmed\p304\p304_347_mic1.flac,p316,0,1,0.2581770718097687,0.11912797391414642,0.2581770718097687,-0.13904909789562225,2.981375
base,2,p304_347_mic1,p304,data\VCTK\wav48_silence_trimmed\p304\p304_347_mic1.flac,p347,0,1,0.33100444078445435,0.28496018052101135,0.33100444078445435,-0.04604426026344299,2.981375
base,3,p304_347_mic1,p304,data\VCTK\wav48_silence_trimmed\p304\p304_347_mic1.flac,p347,0,1,0.3554579019546509,0.303632915019989,0.3554579019546509,-0.051824986934661865,2.981375
lca,1,p304_347_mic1,p304,data\VCTK\wav48_silence_trimmed\p304\p304_347_mic1.flac,p364,0,1,0.2644363045692444,0.1016010269522667,0.2644363045692444,-0.1628352776169777,2.981375
lca,2,p304_347_mic1,p304,data\VCTK\wav48_silence_trimmed\p304\p304_347_mic1.flac,p347,0,1,0.4513843357563019,0.20984922349452972,0.4513843357563019,-0.24153511226177216,2.981375
lca,3,p304_347_mic1,p304,data\VCTK\wav48_silence_trimmed\p304\p304_347_mic1.flac,p347,0,1,0.47818639874458313,0.24622417986392975,0.47818639874458313,-0.23196221888065338,2.981375
original,0,p305_097_mic2,p305,data\VCTK\wav48_silence_trimmed\p305\p305_097_mic2.flac,p305,1,1,0.8051248788833618,0.8051248788833618,0.4059818387031555,0.3991430401802063,3.12875
base,1,p305_097_mic2,p305,data\VCTK\wav48_silence_trimmed\p305\p305_097_mic2.flac,p330,0,1,0.40627801418304443,0.294373482465744,0.40627801418304443,-0.11190453171730042,3.12875
base,2,p305_097_mic2,p305,data\VCTK\wav48_silence_trimmed\p305\p305_097_mic2.flac,p329,0,1,0.4623522460460663,0.43242090940475464,0.4623522460460663,-0.029931336641311646,3.12875
base,3,p305_097_mic2,p305,data\VCTK\wav48_silence_trimmed\p305\p305_097_mic2.flac,p305,1,1,0.4720458388328552,0.4720458388328552,0.45818421244621277,0.013861626386642456,3.12875
lca,1,p305_097_mic2,p305,data\VCTK\wav48_silence_trimmed\p305\p305_097_mic2.flac,p364,0,1,0.35860028862953186,0.24707342684268951,0.35860028862953186,-0.11152686178684235,3.12875
lca,2,p305_097_mic2,p305,data\VCTK\wav48_silence_trimmed\p305\p305_097_mic2.flac,p340,0,1,0.4048987030982971,0.3401917517185211,0.4048987030982971,-0.064706951379776,3.12875
lca,3,p305_097_mic2,p305,data\VCTK\wav48_silence_trimmed\p305\p305_097_mic2.flac,p340,0,1,0.45871061086654663,0.40384727716445923,0.45871061086654663,-0.0548633337020874,3.12875
original,0,p305_181_mic2,p305,data\VCTK\wav48_silence_trimmed\p305\p305_181_mic2.flac,p305,1,1,0.8563990592956543,0.8563990592956543,0.48349979519844055,0.37289926409721375,3.2313125
base,1,p305_181_mic2,p305,data\VCTK\wav48_silence_trimmed\p305\p305_181_mic2.flac,p330,0,1,0.35255998373031616,0.18875016272068024,0.35255998373031616,-0.16380982100963593,3.2313125
base,2,p305_181_mic2,p305,data\VCTK\wav48_silence_trimmed\p305\p305_181_mic2.flac,p329,0,1,0.3383634388446808,0.3300544023513794,0.3383634388446808,-0.008309036493301392,3.2313125
base,3,p305_181_mic2,p305,data\VCTK\wav48_silence_trimmed\p305\p305_181_mic2.flac,p307,0,1,0.45910754799842834,0.42679452896118164,0.45910754799842834,-0.032313019037246704,3.2313125
lca,1,p305_181_mic2,p305,data\VCTK\wav48_silence_trimmed\p305\p305_181_mic2.flac,p280,0,1,0.3994251489639282,0.28839242458343506,0.3994251489639282,-0.11103272438049316,3.2313125
lca,2,p305_181_mic2,p305,data\VCTK\wav48_silence_trimmed\p305\p305_181_mic2.flac,p305,1,1,0.4133438467979431,0.4133438467979431,0.40206626057624817,0.011277586221694946,3.2313125
lca,3,p305_181_mic2,p305,data\VCTK\wav48_silence_trimmed\p305\p305_181_mic2.flac,p305,1,1,0.4863497018814087,0.4863497018814087,0.4076254069805145,0.07872429490089417,3.2313125
original,0,p305_210_mic2,p305,data\VCTK\wav48_silence_trimmed\p305\p305_210_mic2.flac,p305,1,1,0.8798410296440125,0.8798410296440125,0.48891741037368774,0.3909236192703247,3.418875
base,1,p305_210_mic2,p305,data\VCTK\wav48_silence_trimmed\p305\p305_210_mic2.flac,p339,0,1,0.3290061354637146,0.29754960536956787,0.3290061354637146,-0.03145653009414673,3.418875
base,2,p305_210_mic2,p305,data\VCTK\wav48_silence_trimmed\p305\p305_210_mic2.flac,p305,1,1,0.5264632105827332,0.5264632105827332,0.4486328363418579,0.07783037424087524,3.418875
base,3,p305_210_mic2,p305,data\VCTK\wav48_silence_trimmed\p305\p305_210_mic2.flac,p305,1,1,0.5392632484436035,0.5392632484436035,0.4274073839187622,0.11185586452484131,3.418875
lca,1,p305_210_mic2,p305,data\VCTK\wav48_silence_trimmed\p305\p305_210_mic2.flac,p280,0,1,0.402743399143219,0.30495619773864746,0.402743399143219,-0.09778720140457153,3.418875
lca,2,p305_210_mic2,p305,data\VCTK\wav48_silence_trimmed\p305\p305_210_mic2.flac,p250,0,1,0.43009328842163086,0.41754889488220215,0.43009328842163086,-0.012544393539428711,3.418875
lca,3,p305_210_mic2,p305,data\VCTK\wav48_silence_trimmed\p305\p305_210_mic2.flac,p340,0,1,0.4560765027999878,0.4498762786388397,0.4560765027999878,-0.006200224161148071,3.418875
original,0,p305_323_mic2,p305,data\VCTK\wav48_silence_trimmed\p305\p305_323_mic2.flac,p305,1,1,0.8820825815200806,0.8820825815200806,0.4476519823074341,0.4344305992126465,3.886875
base,1,p305_323_mic2,p305,data\VCTK\wav48_silence_trimmed\p305\p305_323_mic2.flac,p262,0,1,0.3274374008178711,0.29348069429397583,0.3274374008178711,-0.033956706523895264,3.886875
base,2,p305_323_mic2,p305,data\VCTK\wav48_silence_trimmed\p305\p305_323_mic2.flac,p305,1,1,0.46084219217300415,0.46084219217300415,0.4561113715171814,0.004730820655822754,3.886875
base,3,p305_323_mic2,p305,data\VCTK\wav48_silence_trimmed\p305\p305_323_mic2.flac,p305,1,1,0.5241421461105347,0.5241421461105347,0.48430225253105164,0.03983989357948303,3.886875
lca,1,p305_323_mic2,p305,data\VCTK\wav48_silence_trimmed\p305\p305_323_mic2.flac,p280,0,1,0.3912385404109955,0.22779932618141174,0.3912385404109955,-0.16343921422958374,3.886875
lca,2,p305_323_mic2,p305,data\VCTK\wav48_silence_trimmed\p305\p305_323_mic2.flac,p340,0,1,0.4967525601387024,0.3600092828273773,0.4967525601387024,-0.13674327731132507,3.886875
lca,3,p305_323_mic2,p305,data\VCTK\wav48_silence_trimmed\p305\p305_323_mic2.flac,p340,0,1,0.5439854860305786,0.4848777651786804,0.5439854860305786,-0.05910772085189819,3.886875
original,0,p305_372_mic2,p305,data\VCTK\wav48_silence_trimmed\p305\p305_372_mic2.flac,p305,1,1,0.8048334717750549,0.8048334717750549,0.4310426712036133,0.37379080057144165,2.562125
base,1,p305_372_mic2,p305,data\VCTK\wav48_silence_trimmed\p305\p305_372_mic2.flac,p262,0,1,0.3288685083389282,0.28375333547592163,0.3288685083389282,-0.04511517286300659,2.562125
base,2,p305_372_mic2,p305,data\VCTK\wav48_silence_trimmed\p305\p305_372_mic2.flac,p294,0,1,0.37495139241218567,0.33974555134773254,0.37495139241218567,-0.035205841064453125,2.562125
base,3,p305_372_mic2,p305,data\VCTK\wav48_silence_trimmed\p305\p305_372_mic2.flac,p305,1,1,0.35514092445373535,0.35514092445373535,0.3445064425468445,0.01063448190689087,2.562125
lca,1,p305_372_mic2,p305,data\VCTK\wav48_silence_trimmed\p305\p305_372_mic2.flac,p313,0,1,0.31181207299232483,0.24755695462226868,0.31181207299232483,-0.06425511837005615,2.562125
lca,2,p305_372_mic2,p305,data\VCTK\wav48_silence_trimmed\p305\p305_372_mic2.flac,p262,0,1,0.3849513530731201,0.3133370876312256,0.3849513530731201,-0.07161426544189453,2.562125
lca,3,p305_372_mic2,p305,data\VCTK\wav48_silence_trimmed\p305\p305_372_mic2.flac,p313,0,1,0.3914027214050293,0.30899232625961304,0.3914027214050293,-0.08241039514541626,2.562125
original,0,p306_002_mic1,p306,data\VCTK\wav48_silence_trimmed\p306\p306_002_mic1.flac,p306,1,1,0.789315938949585,0.789315938949585,0.529792308807373,0.2595236301422119,4.62925
base,1,p306_002_mic1,p306,data\VCTK\wav48_silence_trimmed\p306\p306_002_mic1.flac,p339,0,1,0.42318880558013916,0.20720507204532623,0.42318880558013916,-0.21598373353481293,4.62925
base,2,p306_002_mic1,p306,data\VCTK\wav48_silence_trimmed\p306\p306_002_mic1.flac,p313,0,1,0.3876485526561737,0.36602693796157837,0.3876485526561737,-0.021621614694595337,4.62925
base,3,p306_002_mic1,p306,data\VCTK\wav48_silence_trimmed\p306\p306_002_mic1.flac,p306,1,1,0.4518060088157654,0.4518060088157654,0.41498687863349915,0.036819130182266235,4.62925
lca,1,p306_002_mic1,p306,data\VCTK\wav48_silence_trimmed\p306\p306_002_mic1.flac,p280,0,1,0.40140998363494873,0.2924874722957611,0.40140998363494873,-0.10892251133918762,4.62925
lca,2,p306_002_mic1,p306,data\VCTK\wav48_silence_trimmed\p306\p306_002_mic1.flac,p280,0,1,0.4682367444038391,0.3198794722557068,0.4682367444038391,-0.14835727214813232,4.62925
lca,3,p306_002_mic1,p306,data\VCTK\wav48_silence_trimmed\p306\p306_002_mic1.flac,p280,0,1,0.4618036150932312,0.33482426404953003,0.4618036150932312,-0.12697935104370117,4.62925
original,0,p306_143_mic1,p306,data\VCTK\wav48_silence_trimmed\p306\p306_143_mic1.flac,p306,1,1,0.7616603970527649,0.7616603970527649,0.4154447317123413,0.3462156653404236,6.7414375
base,1,p306_143_mic1,p306,data\VCTK\wav48_silence_trimmed\p306\p306_143_mic1.flac,p280,0,1,0.31591612100601196,0.2442668378353119,0.31591612100601196,-0.07164928317070007,6.7414375
base,2,p306_143_mic1,p306,data\VCTK\wav48_silence_trimmed\p306\p306_143_mic1.flac,p313,0,1,0.39862239360809326,0.3686901926994324,0.39862239360809326,-0.02993220090866089,6.7414375
base,3,p306_143_mic1,p306,data\VCTK\wav48_silence_trimmed\p306\p306_143_mic1.flac,p306,1,1,0.46000534296035767,0.46000534296035767,0.41085028648376465,0.04915505647659302,6.7414375
lca,1,p306_143_mic1,p306,data\VCTK\wav48_silence_trimmed\p306\p306_143_mic1.flac,p280,0,1,0.4078322649002075,0.3200552463531494,0.4078322649002075,-0.0877770185470581,6.7414375
lca,2,p306_143_mic1,p306,data\VCTK\wav48_silence_trimmed\p306\p306_143_mic1.flac,p280,0,1,0.4538331627845764,0.4426751136779785,0.4538331627845764,-0.0111580491065979,6.7414375
lca,3,p306_143_mic1,p306,data\VCTK\wav48_silence_trimmed\p306\p306_143_mic1.flac,p308,0,1,0.45647308230400085,0.44377684593200684,0.45647308230400085,-0.012696236371994019,6.7414375
original,0,p306_255_mic2,p306,data\VCTK\wav48_silence_trimmed\p306\p306_255_mic2.flac,p306,1,1,0.8100442290306091,0.8100442290306091,0.45465201139450073,0.3553922176361084,4.9243125
base,1,p306_255_mic2,p306,data\VCTK\wav48_silence_trimmed\p306\p306_255_mic2.flac,p280,0,1,0.39841562509536743,0.32430171966552734,0.39841562509536743,-0.07411390542984009,4.9243125
base,2,p306_255_mic2,p306,data\VCTK\wav48_silence_trimmed\p306\p306_255_mic2.flac,p280,0,1,0.4365423619747162,0.42585325241088867,0.4365423619747162,-0.010689109563827515,4.9243125
base,3,p306_255_mic2,p306,data\VCTK\wav48_silence_trimmed\p306\p306_255_mic2.flac,p306,1,1,0.47437721490859985,0.47437721490859985,0.42639803886413574,0.04797917604446411,4.9243125
lca,1,p306_255_mic2,p306,data\VCTK\wav48_silence_trimmed\p306\p306_255_mic2.flac,p280,0,1,0.4786559045314789,0.26400646567344666,0.4786559045314789,-0.21464943885803223,4.9243125
lca,2,p306_255_mic2,p306,data\VCTK\wav48_silence_trimmed\p306\p306_255_mic2.flac,p280,0,1,0.48922955989837646,0.3010803461074829,0.48922955989837646,-0.18814921379089355,4.9243125
lca,3,p306_255_mic2,p306,data\VCTK\wav48_silence_trimmed\p306\p306_255_mic2.flac,p280,0,1,0.49970805644989014,0.3923887014389038,0.49970805644989014,-0.10731935501098633,4.9243125
original,0,p306_258_mic2,p306,data\VCTK\wav48_silence_trimmed\p306\p306_258_mic2.flac,p306,1,1,0.7683678865432739,0.7683678865432739,0.4495546519756317,0.3188132345676422,4.0160625
base,1,p306_258_mic2,p306,data\VCTK\wav48_silence_trimmed\p306\p306_258_mic2.flac,p313,0,1,0.46618372201919556,0.22517403960227966,0.46618372201919556,-0.2410096824169159,4.0160625
base,2,p306_258_mic2,p306,data\VCTK\wav48_silence_trimmed\p306\p306_258_mic2.flac,p280,0,1,0.39516666531562805,0.3602863550186157,0.39516666531562805,-0.03488031029701233,4.0160625
base,3,p306_258_mic2,p306,data\VCTK\wav48_silence_trimmed\p306\p306_258_mic2.flac,p306,1,1,0.44143396615982056,0.44143396615982056,0.40472739934921265,0.03670656681060791,4.0160625
lca,1,p306_258_mic2,p306,data\VCTK\wav48_silence_trimmed\p306\p306_258_mic2.flac,p280,0,1,0.49975961446762085,0.315616250038147,0.49975961446762085,-0.18414336442947388,4.0160625
lca,2,p306_258_mic2,p306,data\VCTK\wav48_silence_trimmed\p306\p306_258_mic2.flac,p280,0,1,0.5148798227310181,0.3778741955757141,0.5148798227310181,-0.13700562715530396,4.0160625
lca,3,p306_258_mic2,p306,data\VCTK\wav48_silence_trimmed\p306\p306_258_mic2.flac,p280,0,1,0.5069574117660522,0.41604259610176086,0.5069574117660522,-0.09091481566429138,4.0160625
original,0,p306_342_mic1,p306,data\VCTK\wav48_silence_trimmed\p306\p306_342_mic1.flac,p306,1,1,0.6672247648239136,0.6672247648239136,0.3797195553779602,0.28750520944595337,3.099
base,1,p306_342_mic1,p306,data\VCTK\wav48_silence_trimmed\p306\p306_342_mic1.flac,p339,0,1,0.37184667587280273,0.1769651621580124,0.37184667587280273,-0.19488151371479034,3.099
base,2,p306_342_mic1,p306,data\VCTK\wav48_silence_trimmed\p306\p306_342_mic1.flac,p313,0,1,0.4109916090965271,0.3316665589809418,0.4109916090965271,-0.07932505011558533,3.099
base,3,p306_342_mic1,p306,data\VCTK\wav48_silence_trimmed\p306\p306_342_mic1.flac,p306,1,1,0.4153548777103424,0.4153548777103424,0.38729041814804077,0.028064459562301636,3.099
lca,1,p306_342_mic1,p306,data\VCTK\wav48_silence_trimmed\p306\p306_342_mic1.flac,p280,0,1,0.39485177397727966,0.17197078466415405,0.39485177397727966,-0.2228809893131256,3.099
lca,2,p306_342_mic1,p306,data\VCTK\wav48_silence_trimmed\p306\p306_342_mic1.flac,p340,0,1,0.45937979221343994,0.2846642732620239,0.45937979221343994,-0.17471551895141602,3.099
lca,3,p306_342_mic1,p306,data\VCTK\wav48_silence_trimmed\p306\p306_342_mic1.flac,p313,0,1,0.40734970569610596,0.36898624897003174,0.40734970569610596,-0.03836345672607422,3.099
original,0,p307_151_mic1,p307,data\VCTK\wav48_silence_trimmed\p307\p307_151_mic1.flac,p307,1,1,0.8537818193435669,0.8537818193435669,0.49708858132362366,0.35669323801994324,5.6884375
base,1,p307_151_mic1,p307,data\VCTK\wav48_silence_trimmed\p307\p307_151_mic1.flac,p330,0,1,0.3799775242805481,0.1734243929386139,0.3799775242805481,-0.2065531313419342,5.6884375
base,2,p307_151_mic1,p307,data\VCTK\wav48_silence_trimmed\p307\p307_151_mic1.flac,p307,1,1,0.5682749152183533,0.5682749152183533,0.5211015343666077,0.047173380851745605,5.6884375
base,3,p307_151_mic1,p307,data\VCTK\wav48_silence_trimmed\p307\p307_151_mic1.flac,p307,1,1,0.6462523341178894,0.6462523341178894,0.5582313537597656,0.08802098035812378,5.6884375
lca,1,p307_151_mic1,p307,data\VCTK\wav48_silence_trimmed\p307\p307_151_mic1.flac,p339,0,1,0.39019373059272766,0.1948113590478897,0.39019373059272766,-0.19538237154483795,5.6884375
lca,2,p307_151_mic1,p307,data\VCTK\wav48_silence_trimmed\p307\p307_151_mic1.flac,p250,0,1,0.45523935556411743,0.3805590569972992,0.45523935556411743,-0.07468029856681824,5.6884375
lca,3,p307_151_mic1,p307,data\VCTK\wav48_silence_trimmed\p307\p307_151_mic1.flac,p317,0,1,0.4812522232532501,0.4745292663574219,0.4812522232532501,-0.006722956895828247,5.6884375
original,0,p307_203_mic1,p307,data\VCTK\wav48_silence_trimmed\p307\p307_203_mic1.flac,p307,1,1,0.7703390121459961,0.7703390121459961,0.4335823357105255,0.3367566764354706,4.496125
base,1,p307_203_mic1,p307,data\VCTK\wav48_silence_trimmed\p307\p307_203_mic1.flac,p339,0,1,0.43924394249916077,0.11419422179460526,0.43924394249916077,-0.3250497207045555,4.496125
base,2,p307_203_mic1,p307,data\VCTK\wav48_silence_trimmed\p307\p307_203_mic1.flac,p339,0,1,0.4745064973831177,0.43636059761047363,0.4745064973831177,-0.03814589977264404,4.496125
base,3,p307_203_mic1,p307,data\VCTK\wav48_silence_trimmed\p307\p307_203_mic1.flac,p307,1,1,0.4853905439376831,0.4853905439376831,0.4843159317970276,0.0010746121406555176,4.496125
lca,1,p307_203_mic1,p307,data\VCTK\wav48_silence_trimmed\p307\p307_203_mic1.flac,p280,0,1,0.3878494203090668,0.14421801269054413,0.3878494203090668,-0.24363140761852264,4.496125
lca,2,p307_203_mic1,p307,data\VCTK\wav48_silence_trimmed\p307\p307_203_mic1.flac,p250,0,1,0.4375859498977661,0.37097978591918945,0.4375859498977661,-0.06660616397857666,4.496125
lca,3,p307_203_mic1,p307,data\VCTK\wav48_silence_trimmed\p307\p307_203_mic1.flac,p340,0,1,0.4806174337863922,0.4184403419494629,0.4806174337863922,-0.06217709183692932,4.496125
original,0,p307_252_mic2,p307,data\VCTK\wav48_silence_trimmed\p307\p307_252_mic2.flac,p307,1,1,0.8029129505157471,0.8029129505157471,0.429206520318985,0.3737064301967621,4.174375
base,1,p307_252_mic2,p307,data\VCTK\wav48_silence_trimmed\p307\p307_252_mic2.flac,p238,0,1,0.338379830121994,0.14306072890758514,0.338379830121994,-0.19531910121440887,4.174375
base,2,p307_252_mic2,p307,data\VCTK\wav48_silence_trimmed\p307\p307_252_mic2.flac,p317,0,1,0.40931087732315063,0.3914223313331604,0.40931087732315063,-0.017888545989990234,4.174375
base,3,p307_252_mic2,p307,data\VCTK\wav48_silence_trimmed\p307\p307_252_mic2.flac,p307,1,1,0.4871027171611786,0.4871027171611786,0.4643492102622986,0.022753506898880005,4.174375
lca,1,p307_252_mic2,p307,data\VCTK\wav48_silence_trimmed\p307\p307_252_mic2.flac,p313,0,1,0.38306924700737,0.14242613315582275,0.38306924700737,-0.24064311385154724,4.174375
lca,2,p307_252_mic2,p307,data\VCTK\wav48_silence_trimmed\p307\p307_252_mic2.flac,p250,0,1,0.4398786723613739,0.31589242815971375,0.4398786723613739,-0.12398624420166016,4.174375
lca,3,p307_252_mic2,p307,data\VCTK\wav48_silence_trimmed\p307\p307_252_mic2.flac,p340,0,1,0.5030521154403687,0.41976338624954224,0.5030521154403687,-0.08328872919082642,4.174375
original,0,p307_321_mic2,p307,data\VCTK\wav48_silence_trimmed\p307\p307_321_mic2.flac,p307,1,1,0.7739489674568176,0.7739489674568176,0.46862924098968506,0.30531972646713257,3.8075625
base,1,p307_321_mic2,p307,data\VCTK\wav48_silence_trimmed\p307\p307_321_mic2.flac,p313,0,1,0.4135720133781433,0.18131521344184875,0.4135720133781433,-0.23225679993629456,3.8075625
base,2,p307_321_mic2,p307,data\VCTK\wav48_silence_trimmed\p307\p307_321_mic2.flac,p307,1,1,0.4145108759403229,0.4145108759403229,0.34823131561279297,0.06627956032752991,3.8075625
base,3,p307_321_mic2,p307,data\VCTK\wav48_silence_trimmed\p307\p307_321_mic2.flac,p307,1,1,0.474736750125885,0.474736750125885,0.416451096534729,0.058285653591156006,3.8075625
lca,1,p307_321_mic2,p307,data\VCTK\wav48_silence_trimmed\p307\p307_321_mic2.flac,p313,0,1,0.38088706135749817,0.12906137108802795,0.38088706135749817,-0.2518256902694702,3.8075625
lca,2,p307_321_mic2,p307,data\VCTK\wav48_silence_trimmed\p307\p307_321_mic2.flac,p300,0,1,0.415547639131546,0.2555624842643738,0.415547639131546,-0.15998515486717224,3.8075625
lca,3,p307_321_mic2,p307,data\VCTK\wav48_silence_trimmed\p307\p307_321_mic2.flac,p300,0,1,0.43667951226234436,0.3698941767215729,0.43667951226234436,-0.06678533554077148,3.8075625
original,0,p307_344_mic2,p307,data\VCTK\wav48_silence_trimmed\p307\p307_344_mic2.flac,p307,1,1,0.7236140966415405,0.7236140966415405,0.41922229528427124,0.3043918013572693,3.1635625
base,1,p307_344_mic2,p307,data\VCTK\wav48_silence_trimmed\p307\p307_344_mic2.flac,p248,0,1,0.25189322233200073,0.06547322869300842,0.25189322233200073,-0.1864199936389923,3.1635625
base,2,p307_344_mic2,p307,data\VCTK\wav48_silence_trimmed\p307\p307_344_mic2.flac,p317,0,1,0.363677978515625,0.3601663410663605,0.363677978515625,-0.0035116374492645264,3.1635625
base,3,p307_344_mic2,p307,data\VCTK\wav48_silence_trimmed\p307\p307_344_mic2.flac,p307,1,1,0.5293543934822083,0.5293543934822083,0.46408388018608093,0.06527051329612732,3.1635625
lca,1,p307_344_mic2,p307,data\VCTK\wav48_silence_trimmed\p307\p307_344_mic2.flac,p280,0,1,0.37337785959243774,0.1418403685092926,0.37337785959243774,-0.23153749108314514,3.1635625
lca,2,p307_344_mic2,p307,data\VCTK\wav48_silence_trimmed\p307\p307_344_mic2.flac,p280,0,1,0.4459379315376282,0.2104608714580536,0.4459379315376282,-0.23547706007957458,3.1635625
lca,3,p307_344_mic2,p307,data\VCTK\wav48_silence_trimmed\p307\p307_344_mic2.flac,p340,0,1,0.4410199224948883,0.3542102575302124,0.4410199224948883,-0.0868096649646759,3.1635625
original,0,p308_208_mic1,p308,data\VCTK\wav48_silence_trimmed\p308\p308_208_mic1.flac,p308,1,1,0.7761534452438354,0.7761534452438354,0.4463067054748535,0.32984673976898193,2.4755625
base,1,p308_208_mic1,p308,data\VCTK\wav48_silence_trimmed\p308\p308_208_mic1.flac,p244,0,1,0.34065741300582886,0.13728973269462585,0.34065741300582886,-0.203367680311203,2.4755625
base,2,p308_208_mic1,p308,data\VCTK\wav48_silence_trimmed\p308\p308_208_mic1.flac,p231,0,1,0.469451904296875,0.3043820858001709,0.469451904296875,-0.1650698184967041,2.4755625
base,3,p308_208_mic1,p308,data\VCTK\wav48_silence_trimmed\p308\p308_208_mic1.flac,p231,0,1,0.479073166847229,0.44729340076446533,0.479073166847229,-0.03177976608276367,2.4755625
lca,1,p308_208_mic1,p308,data\VCTK\wav48_silence_trimmed\p308\p308_208_mic1.flac,p280,0,1,0.34708282351493835,0.2846667766571045,0.34708282351493835,-0.06241604685783386,2.4755625
lca,2,p308_208_mic1,p308,data\VCTK\wav48_silence_trimmed\p308\p308_208_mic1.flac,p308,1,1,0.4588213264942169,0.4588213264942169,0.4252798557281494,0.033541470766067505,2.4755625
lca,3,p308_208_mic1,p308,data\VCTK\wav48_silence_trimmed\p308\p308_208_mic1.flac,p308,1,1,0.5209709405899048,0.5209709405899048,0.45355069637298584,0.06742024421691895,2.4755625
original,0,p308_327_mic2,p308,data\VCTK\wav48_silence_trimmed\p308\p308_327_mic2.flac,p308,1,1,0.7322728037834167,0.7322728037834167,0.40514200925827026,0.3271307945251465,3.501
base,1,p308_327_mic2,p308,data\VCTK\wav48_silence_trimmed\p308\p308_327_mic2.flac,p313,0,1,0.3570125699043274,0.27797549962997437,0.3570125699043274,-0.07903707027435303,3.501
base,2,p308_327_mic2,p308,data\VCTK\wav48_silence_trimmed\p308\p308_327_mic2.flac,p231,0,1,0.4065167307853699,0.3806256651878357,0.4065167307853699,-0.02589106559753418,3.501
base,3,p308_327_mic2,p308,data\VCTK\wav48_silence_trimmed\p308\p308_327_mic2.flac,p308,1,1,0.4839590787887573,0.4839590787887573,0.4267234206199646,0.057235658168792725,3.501
lca,1,p308_327_mic2,p308,data\VCTK\wav48_silence_trimmed\p308\p308_327_mic2.flac,p280,0,1,0.3677496910095215,0.2811620235443115,0.3677496910095215,-0.08658766746520996,3.501
lca,2,p308_327_mic2,p308,data\VCTK\wav48_silence_trimmed\p308\p308_327_mic2.flac,p313,0,1,0.3962286710739136,0.37308233976364136,0.3962286710739136,-0.023146331310272217,3.501
lca,3,p308_327_mic2,p308,data\VCTK\wav48_silence_trimmed\p308\p308_327_mic2.flac,p308,1,1,0.4522276222705841,0.4522276222705841,0.38837218284606934,0.06385543942451477,3.501
original,0,p308_351_mic1,p308,data\VCTK\wav48_silence_trimmed\p308\p308_351_mic1.flac,p308,1,1,0.7717556357383728,0.7717556357383728,0.34541812539100647,0.42633751034736633,3.671875
base,1,p308_351_mic1,p308,data\VCTK\wav48_silence_trimmed\p308\p308_351_mic1.flac,p339,0,1,0.3871403634548187,0.27232038974761963,0.3871403634548187,-0.1148199737071991,3.671875
base,2,p308_351_mic1,p308,data\VCTK\wav48_silence_trimmed\p308\p308_351_mic1.flac,p308,1,1,0.428623229265213,0.428623229265213,0.3951188623905182,0.033504366874694824,3.671875
base,3,p308_351_mic1,p308,data\VCTK\wav48_silence_trimmed\p308\p308_351_mic1.flac,p308,1,1,0.5340332984924316,0.5340332984924316,0.4137451648712158,0.12028813362121582,3.671875
lca,1,p308_351_mic1,p308,data\VCTK\wav48_silence_trimmed\p308\p308_351_mic1.flac,p280,0,1,0.3729833960533142,0.32029014825820923,0.3729833960533142,-0.05269324779510498,3.671875
lca,2,p308_351_mic1,p308,data\VCTK\wav48_silence_trimmed\p308\p308_351_mic1.flac,p280,0,1,0.387126624584198,0.35684219002723694,0.387126624584198,-0.03028443455696106,3.671875
lca,3,p308_351_mic1,p308,data\VCTK\wav48_silence_trimmed\p308\p308_351_mic1.flac,p308,1,1,0.4625934362411499,0.4625934362411499,0.41074663400650024,0.05184680223464966,3.671875
original,0,p308_375_mic1,p308,data\VCTK\wav48_silence_trimmed\p308\p308_375_mic1.flac,p308,1,1,0.7550914883613586,0.7550914883613586,0.4741041660308838,0.28098732233047485,2.8598125
base,1,p308_375_mic1,p308,data\VCTK\wav48_silence_trimmed\p308\p308_375_mic1.flac,p280,0,1,0.4137028753757477,0.22780358791351318,0.4137028753757477,-0.1858992874622345,2.8598125
base,2,p308_375_mic1,p308,data\VCTK\wav48_silence_trimmed\p308\p308_375_mic1.flac,p231,0,1,0.5001569986343384,0.48397591710090637,0.5001569986343384,-0.016181081533432007,2.8598125
base,3,p308_375_mic1,p308,data\VCTK\wav48_silence_trimmed\p308\p308_375_mic1.flac,p308,1,1,0.49903184175491333,0.49903184175491333,0.48505663871765137,0.013975203037261963,2.8598125
lca,1,p308_375_mic1,p308,data\VCTK\wav48_silence_trimmed\p308\p308_375_mic1.flac,p238,0,1,0.30750012397766113,0.21400389075279236,0.30750012397766113,-0.09349623322486877,2.8598125
lca,2,p308_375_mic1,p308,data\VCTK\wav48_silence_trimmed\p308\p308_375_mic1.flac,p308,1,1,0.5068728923797607,0.5068728923797607,0.44191786646842957,0.06495502591133118,2.8598125
lca,3,p308_375_mic1,p308,data\VCTK\wav48_silence_trimmed\p308\p308_375_mic1.flac,p308,1,1,0.5405386686325073,0.5405386686325073,0.43968677520751953,0.10085189342498779,2.8598125
original,0,p308_380_mic2,p308,data\VCTK\wav48_silence_trimmed\p308\p308_380_mic2.flac,p308,1,1,0.7313799858093262,0.7313799858093262,0.3136487603187561,0.41773122549057007,3.6746875
base,1,p308_380_mic2,p308,data\VCTK\wav48_silence_trimmed\p308\p308_380_mic2.flac,p280,0,1,0.37957245111465454,0.13208454847335815,0.37957245111465454,-0.2474879026412964,3.6746875
base,2,p308_380_mic2,p308,data\VCTK\wav48_silence_trimmed\p308\p308_380_mic2.flac,p231,0,1,0.4836491346359253,0.37880879640579224,0.4836491346359253,-0.10484033823013306,3.6746875
base,3,p308_380_mic2,p308,data\VCTK\wav48_silence_trimmed\p308\p308_380_mic2.flac,p308,1,1,0.5822534561157227,0.5822534561157227,0.4750294089317322,0.10722404718399048,3.6746875
lca,1,p308_380_mic2,p308,data\VCTK\wav48_silence_trimmed\p308\p308_380_mic2.flac,p280,0,1,0.406410813331604,0.31777092814445496,0.406410813331604,-0.08863988518714905,3.6746875
lca,2,p308_380_mic2,p308,data\VCTK\wav48_silence_trimmed\p308\p308_380_mic2.flac,p308,1,1,0.4588073194026947,0.4588073194026947,0.4271705150604248,0.0316368043422699,3.6746875
lca,3,p308_380_mic2,p308,data\VCTK\wav48_silence_trimmed\p308\p308_380_mic2.flac,p308,1,1,0.5581637620925903,0.5581637620925903,0.4518272578716278,0.10633650422096252,3.6746875
original,0,p310_077_mic1,p310,data\VCTK\wav48_silence_trimmed\p310\p310_077_mic1.flac,p310,1,1,0.7209147810935974,0.7209147810935974,0.47636669874191284,0.24454808235168457,4.5934375
base,1,p310_077_mic1,p310,data\VCTK\wav48_silence_trimmed\p310\p310_077_mic1.flac,p318,0,1,0.325938880443573,0.2354048788547516,0.325938880443573,-0.09053400158882141,4.5934375
base,2,p310_077_mic1,p310,data\VCTK\wav48_silence_trimmed\p310\p310_077_mic1.flac,p310,1,1,0.4226876199245453,0.4226876199245453,0.34616002440452576,0.07652759552001953,4.5934375
base,3,p310_077_mic1,p310,data\VCTK\wav48_silence_trimmed\p310\p310_077_mic1.flac,p310,1,1,0.5100678205490112,0.5100678205490112,0.39192938804626465,0.11813843250274658,4.5934375
lca,1,p310_077_mic1,p310,data\VCTK\wav48_silence_trimmed\p310\p310_077_mic1.flac,p266,0,1,0.3359479308128357,0.2420041412115097,0.3359479308128357,-0.09394378960132599,4.5934375
lca,2,p310_077_mic1,p310,data\VCTK\wav48_silence_trimmed\p310\p310_077_mic1.flac,p280,0,1,0.4302135705947876,0.35974085330963135,0.4302135705947876,-0.07047271728515625,4.5934375
lca,3,p310_077_mic1,p310,data\VCTK\wav48_silence_trimmed\p310\p310_077_mic1.flac,p310,1,1,0.43626970052719116,0.43626970052719116,0.4081002175807953,0.028169482946395874,4.5934375
original,0,p310_144_mic2,p310,data\VCTK\wav48_silence_trimmed\p310\p310_144_mic2.flac,p310,1,1,0.7141414284706116,0.7141414284706116,0.4136643409729004,0.3004770874977112,4.4164375
base,1,p310_144_mic2,p310,data\VCTK\wav48_silence_trimmed\p310\p310_144_mic2.flac,p244,0,1,0.38234734535217285,0.22437240183353424,0.38234734535217285,-0.1579749435186386,4.4164375
base,2,p310_144_mic2,p310,data\VCTK\wav48_silence_trimmed\p310\p310_144_mic2.flac,p317,0,1,0.4363541305065155,0.40892213582992554,0.4363541305065155,-0.027431994676589966,4.4164375
base,3,p310_144_mic2,p310,data\VCTK\wav48_silence_trimmed\p310\p310_144_mic2.flac,p317,0,1,0.4922757148742676,0.4452221989631653,0.4922757148742676,-0.047053515911102295,4.4164375
lca,1,p310_144_mic2,p310,data\VCTK\wav48_silence_trimmed\p310\p310_144_mic2.flac,p250,0,1,0.4167368710041046,0.2647645175457001,0.4167368710041046,-0.15197235345840454,4.4164375
lca,2,p310_144_mic2,p310,data\VCTK\wav48_silence_trimmed\p310\p310_144_mic2.flac,p340,0,1,0.45228052139282227,0.356797456741333,0.45228052139282227,-0.09548306465148926,4.4164375
lca,3,p310_144_mic2,p310,data\VCTK\wav48_silence_trimmed\p310\p310_144_mic2.flac,p317,0,1,0.4599446952342987,0.4146467447280884,0.4599446952342987,-0.04529795050621033,4.4164375
original,0,p310_195_mic1,p310,data\VCTK\wav48_silence_trimmed\p310\p310_195_mic1.flac,p310,1,1,0.7854716777801514,0.7854716777801514,0.3859935998916626,0.39947807788848877,3.958125
base,1,p310_195_mic1,p310,data\VCTK\wav48_silence_trimmed\p310\p310_195_mic1.flac,p244,0,1,0.4105682373046875,0.26744404435157776,0.4105682373046875,-0.14312419295310974,3.958125
base,2,p310_195_mic1,p310,data\VCTK\wav48_silence_trimmed\p310\p310_195_mic1.flac,p244,0,1,0.4297487735748291,0.41900932788848877,0.4297487735748291,-0.010739445686340332,3.958125
base,3,p310_195_mic1,p310,data\VCTK\wav48_silence_trimmed\p310\p310_195_mic1.flac,p310,1,1,0.4328535199165344,0.4328535199165344,0.42280563712120056,0.010047882795333862,3.958125
lca,1,p310_195_mic1,p310,data\VCTK\wav48_silence_trimmed\p310\p310_195_mic1.flac,p250,0,1,0.4525376558303833,0.3215792775154114,0.4525376558303833,-0.13095837831497192,3.958125
lca,2,p310_195_mic1,p310,data\VCTK\wav48_silence_trimmed\p310\p310_195_mic1.flac,p340,0,1,0.405180960893631,0.3525448143482208,0.405180960893631,-0.052636146545410156,3.958125
lca,3,p310_195_mic1,p310,data\VCTK\wav48_silence_trimmed\p310\p310_195_mic1.flac,p340,0,1,0.4270551800727844,0.42310988903045654,0.4270551800727844,-0.003945291042327881,3.958125
original,0,p310_332_mic2,p310,data\VCTK\wav48_silence_trimmed\p310\p310_332_mic2.flac,p310,1,1,0.8187204599380493,0.8187204599380493,0.40659335255622864,0.4121271073818207,6.4034375
base,1,p310_332_mic2,p310,data\VCTK\wav48_silence_trimmed\p310\p310_332_mic2.flac,p244,0,1,0.37517809867858887,0.26206937432289124,0.37517809867858887,-0.11310872435569763,6.4034375
base,2,p310_332_mic2,p310,data\VCTK\wav48_silence_trimmed\p310\p310_332_mic2.flac,p310,1,1,0.4827311336994171,0.4827311336994171,0.40980374813079834,0.07292738556861877,6.4034375
base,3,p310_332_mic2,p310,data\VCTK\wav48_silence_trimmed\p310\p310_332_mic2.flac,p310,1,1,0.5382776260375977,0.5382776260375977,0.4070807099342346,0.13119691610336304,6.4034375
lca,1,p310_332_mic2,p310,data\VCTK\wav48_silence_trimmed\p310\p310_332_mic2.flac,p280,0,1,0.4628249406814575,0.35195738077163696,0.4628249406814575,-0.11086755990982056,6.4034375
lca,2,p310_332_mic2,p310,data\VCTK\wav48_silence_trimmed\p310\p310_332_mic2.flac,p280,0,1,0.49199074506759644,0.3864046335220337,0.49199074506759644,-0.10558611154556274,6.4034375
lca,3,p310_332_mic2,p310,data\VCTK\wav48_silence_trimmed\p310\p310_332_mic2.flac,p310,1,1,0.47782185673713684,0.47782185673713684,0.4486442804336548,0.029177576303482056,6.4034375
original,0,p310_345_mic2,p310,data\VCTK\wav48_silence_trimmed\p310\p310_345_mic2.flac,p310,1,1,0.7332961559295654,0.7332961559295654,0.4164217710494995,0.3168743848800659,3.1390625
base,1,p310_345_mic2,p310,data\VCTK\wav48_silence_trimmed\p310\p310_345_mic2.flac,p330,0,1,0.37195083498954773,0.2718876004219055,0.37195083498954773,-0.10006323456764221,3.1390625
base,2,p310_345_mic2,p310,data\VCTK\wav48_silence_trimmed\p310\p310_345_mic2.flac,p310,1,1,0.4297146797180176,0.4297146797180176,0.42737647891044617,0.002338200807571411,3.1390625
base,3,p310_345_mic2,p310,data\VCTK\wav48_silence_trimmed\p310\p310_345_mic2.flac,p340,0,1,0.47621163725852966,0.4682571291923523,0.47621163725852966,-0.007954508066177368,3.1390625
lca,1,p310_345_mic2,p310,data\VCTK\wav48_silence_trimmed\p310\p310_345_mic2.flac,p250,0,1,0.4235933721065521,0.2747935652732849,0.4235933721065521,-0.1487998068332672,3.1390625
lca,2,p310_345_mic2,p310,data\VCTK\wav48_silence_trimmed\p310\p310_345_mic2.flac,p340,0,1,0.5084304809570312,0.34734106063842773,0.5084304809570312,-0.16108942031860352,3.1390625
lca,3,p310_345_mic2,p310,data\VCTK\wav48_silence_trimmed\p310\p310_345_mic2.flac,p340,0,1,0.5598503947257996,0.3752957284450531,0.5598503947257996,-0.18455466628074646,3.1390625
original,0,p311_097_mic1,p311,data\VCTK\wav48_silence_trimmed\p311\p311_097_mic1.flac,p311,1,1,0.7626699805259705,0.7626699805259705,0.34568411111831665,0.4169858694076538,3.152625
base,1,p311_097_mic1,p311,data\VCTK\wav48_silence_trimmed\p311\p311_097_mic1.flac,p364,0,1,0.318279504776001,0.22213327884674072,0.318279504776001,-0.09614622592926025,3.152625
base,2,p311_097_mic1,p311,data\VCTK\wav48_silence_trimmed\p311\p311_097_mic1.flac,p347,0,1,0.39128196239471436,0.3183937668800354,0.39128196239471436,-0.07288819551467896,3.152625
base,3,p311_097_mic1,p311,data\VCTK\wav48_silence_trimmed\p311\p311_097_mic1.flac,p347,0,1,0.4072447419166565,0.40663909912109375,0.4072447419166565,-0.0006056427955627441,3.152625
lca,1,p311_097_mic1,p311,data\VCTK\wav48_silence_trimmed\p311\p311_097_mic1.flac,p364,0,1,0.36181384325027466,0.18005108833312988,0.36181384325027466,-0.18176275491714478,3.152625
lca,2,p311_097_mic1,p311,data\VCTK\wav48_silence_trimmed\p311\p311_097_mic1.flac,p347,0,1,0.47116413712501526,0.22945469617843628,0.47116413712501526,-0.24170944094657898,3.152625
lca,3,p311_097_mic1,p311,data\VCTK\wav48_silence_trimmed\p311\p311_097_mic1.flac,p347,0,1,0.493430495262146,0.2779589891433716,0.493430495262146,-0.21547150611877441,3.152625
original,0,p311_103_mic2,p311,data\VCTK\wav48_silence_trimmed\p311\p311_103_mic2.flac,p311,1,1,0.7930219173431396,0.7930219173431396,0.32608193159103394,0.4669399857521057,2.775
base,1,p311_103_mic2,p311,data\VCTK\wav48_silence_trimmed\p311\p311_103_mic2.flac,p364,0,1,0.3220613896846771,0.2387932687997818,0.3220613896846771,-0.08326812088489532,2.775
base,2,p311_103_mic2,p311,data\VCTK\wav48_silence_trimmed\p311\p311_103_mic2.flac,p311,1,1,0.39264410734176636,0.39264410734176636,0.29529398679733276,0.0973501205444336,2.775
base,3,p311_103_mic2,p311,data\VCTK\wav48_silence_trimmed\p311\p311_103_mic2.flac,p311,1,1,0.4562743306159973,0.4562743306159973,0.3199115991592407,0.1363627314567566,2.775
lca,1,p311_103_mic2,p311,data\VCTK\wav48_silence_trimmed\p311\p311_103_mic2.flac,p364,0,1,0.3534458875656128,0.2850806713104248,0.3534458875656128,-0.06836521625518799,2.775
lca,2,p311_103_mic2,p311,data\VCTK\wav48_silence_trimmed\p311\p311_103_mic2.flac,p311,1,1,0.38319721817970276,0.38319721817970276,0.289926141500473,0.09327107667922974,2.775
lca,3,p311_103_mic2,p311,data\VCTK\wav48_silence_trimmed\p311\p311_103_mic2.flac,p311,1,1,0.4165644645690918,0.4165644645690918,0.31743717193603516,0.09912729263305664,2.775
original,0,p311_110_mic1,p311,data\VCTK\wav48_silence_trimmed\p311\p311_110_mic1.flac,p311,1,1,0.7891217470169067,0.7891217470169067,0.2897711396217346,0.4993506073951721,3.379625
base,1,p311_110_mic1,p311,data\VCTK\wav48_silence_trimmed\p311\p311_110_mic1.flac,p364,0,1,0.35304325819015503,0.22047588229179382,0.35304325819015503,-0.1325673758983612,3.379625
base,2,p311_110_mic1,p311,data\VCTK\wav48_silence_trimmed\p311\p311_110_mic1.flac,p347,0,1,0.4281315505504608,0.398348331451416,0.4281315505504608,-0.0297832190990448,3.379625
base,3,p311_110_mic1,p311,data\VCTK\wav48_silence_trimmed\p311\p311_110_mic1.flac,p311,1,1,0.44357699155807495,0.44357699155807495,0.39504843950271606,0.04852855205535889,3.379625
lca,1,p311_110_mic1,p311,data\VCTK\wav48_silence_trimmed\p311\p311_110_mic1.flac,p364,0,1,0.3171263337135315,0.2331400364637375,0.3171263337135315,-0.083986297249794,3.379625
lca,2,p311_110_mic1,p311,data\VCTK\wav48_silence_trimmed\p311\p311_110_mic1.flac,p347,0,1,0.4249008893966675,0.28810781240463257,0.4249008893966675,-0.1367930769920349,3.379625
lca,3,p311_110_mic1,p311,data\VCTK\wav48_silence_trimmed\p311\p311_110_mic1.flac,p347,0,1,0.45089226961135864,0.2969849407672882,0.45089226961135864,-0.15390732884407043,3.379625
original,0,p311_214_mic1,p311,data\VCTK\wav48_silence_trimmed\p311\p311_214_mic1.flac,p311,1,1,0.7801505327224731,0.7801505327224731,0.3754774332046509,0.40467309951782227,3.2041875
base,1,p311_214_mic1,p311,data\VCTK\wav48_silence_trimmed\p311\p311_214_mic1.flac,p364,0,1,0.2790681719779968,0.21592046320438385,0.2790681719779968,-0.06314770877361298,3.2041875
base,2,p311_214_mic1,p311,data\VCTK\wav48_silence_trimmed\p311\p311_214_mic1.flac,p311,1,1,0.32799094915390015,0.32799094915390015,0.324451744556427,0.0035392045974731445,3.2041875
base,3,p311_214_mic1,p311,data\VCTK\wav48_silence_trimmed\p311\p311_214_mic1.flac,p311,1,1,0.37924760580062866,0.37924760580062866,0.3636534810066223,0.015594124794006348,3.2041875
lca,1,p311_214_mic1,p311,data\VCTK\wav48_silence_trimmed\p311\p311_214_mic1.flac,p364,0,1,0.3447097837924957,0.14102554321289062,0.3447097837924957,-0.2036842405796051,3.2041875
lca,2,p311_214_mic1,p311,data\VCTK\wav48_silence_trimmed\p311\p311_214_mic1.flac,p364,0,1,0.47311025857925415,0.26290416717529297,0.47311025857925415,-0.21020609140396118,3.2041875
lca,3,p311_214_mic1,p311,data\VCTK\wav48_silence_trimmed\p311\p311_214_mic1.flac,p364,0,1,0.3880300521850586,0.2665567398071289,0.3880300521850586,-0.12147331237792969,3.2041875
original,0,p311_324_mic1,p311,data\VCTK\wav48_silence_trimmed\p311\p311_324_mic1.flac,p311,1,1,0.8274192214012146,0.8274192214012146,0.3168589472770691,0.5105602741241455,2.8209375
base,1,p311_324_mic1,p311,data\VCTK\wav48_silence_trimmed\p311\p311_324_mic1.flac,p364,0,1,0.3655741810798645,0.2796150743961334,0.3655741810798645,-0.08595910668373108,2.8209375
base,2,p311_324_mic1,p311,data\VCTK\wav48_silence_trimmed\p311\p311_324_mic1.flac,p311,1,1,0.4529995918273926,0.4529995918273926,0.4057289958000183,0.04727059602737427,2.8209375
base,3,p311_324_mic1,p311,data\VCTK\wav48_silence_trimmed\p311\p311_324_mic1.flac,p311,1,1,0.46834099292755127,0.46834099292755127,0.3517724871635437,0.11656850576400757,2.8209375
lca,1,p311_324_mic1,p311,data\VCTK\wav48_silence_trimmed\p311\p311_324_mic1.flac,p364,0,1,0.4291251599788666,0.19616830348968506,0.4291251599788666,-0.23295685648918152,2.8209375
lca,2,p311_324_mic1,p311,data\VCTK\wav48_silence_trimmed\p311\p311_324_mic1.flac,p364,0,1,0.4394095540046692,0.3666533827781677,0.4394095540046692,-0.07275617122650146,2.8209375
lca,3,p311_324_mic1,p311,data\VCTK\wav48_silence_trimmed\p311\p311_324_mic1.flac,p311,1,1,0.43033576011657715,0.43033576011657715,0.41385364532470703,0.016482114791870117,2.8209375
original,0,p312_019_mic1,p312,data\VCTK\wav48_silence_trimmed\p312\p312_019_mic1.flac,p312,1,1,0.7454595565795898,0.7454595565795898,0.38467395305633545,0.3607856035232544,7.8528125
base,1,p312_019_mic1,p312,data\VCTK\wav48_silence_trimmed\p312\p312_019_mic1.flac,p238,0,1,0.3623758852481842,0.2794737219810486,0.3623758852481842,-0.08290216326713562,7.8528125
base,2,p312_019_mic1,p312,data\VCTK\wav48_silence_trimmed\p312\p312_019_mic1.flac,p262,0,1,0.4048207998275757,0.36617809534072876,0.4048207998275757,-0.038642704486846924,7.8528125
base,3,p312_019_mic1,p312,data\VCTK\wav48_silence_trimmed\p312\p312_019_mic1.flac,p312,1,1,0.41968345642089844,0.41968345642089844,0.39272981882095337,0.02695363759994507,7.8528125
lca,1,p312_019_mic1,p312,data\VCTK\wav48_silence_trimmed\p312\p312_019_mic1.flac,p313,0,1,0.3647764027118683,0.27484196424484253,0.3647764027118683,-0.08993443846702576,7.8528125
lca,2,p312_019_mic1,p312,data\VCTK\wav48_silence_trimmed\p312\p312_019_mic1.flac,p313,0,1,0.46235552430152893,0.3579089045524597,0.46235552430152893,-0.10444661974906921,7.8528125
lca,3,p312_019_mic1,p312,data\VCTK\wav48_silence_trimmed\p312\p312_019_mic1.flac,p333,0,1,0.44278332591056824,0.39152073860168457,0.44278332591056824,-0.05126258730888367,7.8528125
original,0,p312_026_mic2,p312,data\VCTK\wav48_silence_trimmed\p312\p312_026_mic2.flac,p312,1,1,0.646087646484375,0.646087646484375,0.5014276504516602,0.14465999603271484,3.550125
base,1,p312_026_mic2,p312,data\VCTK\wav48_silence_trimmed\p312\p312_026_mic2.flac,p269,0,1,0.35039573907852173,0.2876233458518982,0.35039573907852173,-0.06277239322662354,3.550125
base,2,p312_026_mic2,p312,data\VCTK\wav48_silence_trimmed\p312\p312_026_mic2.flac,p262,0,1,0.3617059886455536,0.30367136001586914,0.3617059886455536,-0.05803462862968445,3.550125
base,3,p312_026_mic2,p312,data\VCTK\wav48_silence_trimmed\p312\p312_026_mic2.flac,p262,0,1,0.3948698937892914,0.3456927537918091,0.3948698937892914,-0.0491771399974823,3.550125
lca,1,p312_026_mic2,p312,data\VCTK\wav48_silence_trimmed\p312\p312_026_mic2.flac,p280,0,1,0.38887864351272583,0.31069114804267883,0.38887864351272583,-0.078187495470047,3.550125
lca,2,p312_026_mic2,p312,data\VCTK\wav48_silence_trimmed\p312\p312_026_mic2.flac,p280,0,1,0.43386465311050415,0.2354707419872284,0.43386465311050415,-0.19839391112327576,3.550125
lca,3,p312_026_mic2,p312,data\VCTK\wav48_silence_trimmed\p312\p312_026_mic2.flac,p280,0,1,0.4802251160144806,0.29393601417541504,0.4802251160144806,-0.18628910183906555,3.550125
original,0,p312_059_mic2,p312,data\VCTK\wav48_silence_trimmed\p312\p312_059_mic2.flac,p312,1,1,0.6618783473968506,0.6618783473968506,0.3378516435623169,0.3240267038345337,2.9043125
base,1,p312_059_mic2,p312,data\VCTK\wav48_silence_trimmed\p312\p312_059_mic2.flac,p262,0,1,0.3645872175693512,0.11722396314144135,0.3645872175693512,-0.24736325442790985,2.9043125
base,2,p312_059_mic2,p312,data\VCTK\wav48_silence_trimmed\p312\p312_059_mic2.flac,p244,0,1,0.3299342393875122,0.27289193868637085,0.3299342393875122,-0.05704230070114136,2.9043125
base,3,p312_059_mic2,p312,data\VCTK\wav48_silence_trimmed\p312\p312_059_mic2.flac,p280,0,1,0.3426055312156677,0.31228306889533997,0.3426055312156677,-0.03032246232032776,2.9043125
lca,1,p312_059_mic2,p312,data\VCTK\wav48_silence_trimmed\p312\p312_059_mic2.flac,p313,0,1,0.2802543044090271,0.2127196192741394,0.2802543044090271,-0.0675346851348877,2.9043125
lca,2,p312_059_mic2,p312,data\VCTK\wav48_silence_trimmed\p312\p312_059_mic2.flac,p313,0,1,0.3517480194568634,0.18830576539039612,0.3517480194568634,-0.16344225406646729,2.9043125
lca,3,p312_059_mic2,p312,data\VCTK\wav48_silence_trimmed\p312\p312_059_mic2.flac,p313,0,1,0.4064393639564514,0.28087249398231506,0.4064393639564514,-0.12556686997413635,2.9043125
original,0,p312_132_mic1,p312,data\VCTK\wav48_silence_trimmed\p312\p312_132_mic1.flac,p312,1,1,0.7162595987319946,0.7162595987319946,0.42905983328819275,0.2871997654438019,3.0745
base,1,p312_132_mic1,p312,data\VCTK\wav48_silence_trimmed\p312\p312_132_mic1.flac,p238,0,1,0.3421461284160614,0.18035411834716797,0.3421461284160614,-0.16179201006889343,3.0745
base,2,p312_132_mic1,p312,data\VCTK\wav48_silence_trimmed\p312\p312_132_mic1.flac,p301,0,1,0.38426312804222107,0.11730784177780151,0.38426312804222107,-0.26695528626441956,3.0745
base,3,p312_132_mic1,p312,data\VCTK\wav48_silence_trimmed\p312\p312_132_mic1.flac,p339,0,1,0.3743172883987427,0.16884522140026093,0.3743172883987427,-0.20547206699848175,3.0745
lca,1,p312_132_mic1,p312,data\VCTK\wav48_silence_trimmed\p312\p312_132_mic1.flac,p280,0,1,0.3146060109138489,0.13333573937416077,0.3146060109138489,-0.1812702715396881,3.0745
lca,2,p312_132_mic1,p312,data\VCTK\wav48_silence_trimmed\p312\p312_132_mic1.flac,p280,0,1,0.32472535967826843,0.12980026006698608,0.32472535967826843,-0.19492509961128235,3.0745
lca,3,p312_132_mic1,p312,data\VCTK\wav48_silence_trimmed\p312\p312_132_mic1.flac,p280,0,1,0.40693554282188416,0.24340030550956726,0.40693554282188416,-0.1635352373123169,3.0745
original,0,p312_383_mic1,p312,data\VCTK\wav48_silence_trimmed\p312\p312_383_mic1.flac,p312,1,1,0.6699508428573608,0.6699508428573608,0.4142399728298187,0.2557108700275421,2.85725
base,1,p312_383_mic1,p312,data\VCTK\wav48_silence_trimmed\p312\p312_383_mic1.flac,p330,0,1,0.3410772383213043,0.22569768130779266,0.3410772383213043,-0.11537955701351166,2.85725
base,2,p312_383_mic1,p312,data\VCTK\wav48_silence_trimmed\p312\p312_383_mic1.flac,p301,0,1,0.38696208596229553,0.2640405595302582,0.38696208596229553,-0.12292152643203735,2.85725
base,3,p312_383_mic1,p312,data\VCTK\wav48_silence_trimmed\p312\p312_383_mic1.flac,p301,0,1,0.42472952604293823,0.31898564100265503,0.42472952604293823,-0.1057438850402832,2.85725
lca,1,p312_383_mic1,p312,data\VCTK\wav48_silence_trimmed\p312\p312_383_mic1.flac,p262,0,1,0.3146153688430786,0.23608247935771942,0.3146153688430786,-0.07853288948535919,2.85725
lca,2,p312_383_mic1,p312,data\VCTK\wav48_silence_trimmed\p312\p312_383_mic1.flac,p280,0,1,0.399167001247406,0.31822457909584045,0.399167001247406,-0.08094242215156555,2.85725
lca,3,p312_383_mic1,p312,data\VCTK\wav48_silence_trimmed\p312\p312_383_mic1.flac,p280,0,1,0.4424561560153961,0.38377732038497925,0.4424561560153961,-0.05867883563041687,2.85725
original,0,p313_008_mic2,p313,data\VCTK\wav48_silence_trimmed\p313\p313_008_mic2.flac,p313,1,1,0.7883496284484863,0.7883496284484863,0.39700764417648315,0.3913419842720032,8.3648125
base,1,p313_008_mic2,p313,data\VCTK\wav48_silence_trimmed\p313\p313_008_mic2.flac,p313,1,1,0.48001670837402344,0.48001670837402344,0.39676809310913086,0.08324861526489258,8.3648125
base,2,p313_008_mic2,p313,data\VCTK\wav48_silence_trimmed\p313\p313_008_mic2.flac,p313,1,1,0.5297874808311462,0.5297874808311462,0.4768776595592499,0.05290982127189636,8.3648125
base,3,p313_008_mic2,p313,data\VCTK\wav48_silence_trimmed\p313\p313_008_mic2.flac,p313,1,1,0.5215822458267212,0.5215822458267212,0.5097817778587341,0.01180046796798706,8.3648125
lca,1,p313_008_mic2,p313,data\VCTK\wav48_silence_trimmed\p313\p313_008_mic2.flac,p280,0,1,0.4524277150630951,0.4050700068473816,0.4524277150630951,-0.0473577082157135,8.3648125
lca,2,p313_008_mic2,p313,data\VCTK\wav48_silence_trimmed\p313\p313_008_mic2.flac,p313,1,1,0.502139687538147,0.502139687538147,0.4780062735080719,0.024133414030075073,8.3648125
lca,3,p313_008_mic2,p313,data\VCTK\wav48_silence_trimmed\p313\p313_008_mic2.flac,p313,1,1,0.5596926212310791,0.5596926212310791,0.4940096139907837,0.06568300724029541,8.3648125
original,0,p313_040_mic1,p313,data\VCTK\wav48_silence_trimmed\p313\p313_040_mic1.flac,p313,1,1,0.6653529405593872,0.6653529405593872,0.32884377241134644,0.33650916814804077,3.28775
base,1,p313_040_mic1,p313,data\VCTK\wav48_silence_trimmed\p313\p313_040_mic1.flac,p262,0,1,0.37147241830825806,0.2800309956073761,0.37147241830825806,-0.09144142270088196,3.28775
base,2,p313_040_mic1,p313,data\VCTK\wav48_silence_trimmed\p313\p313_040_mic1.flac,p313,1,1,0.4290335774421692,0.4290335774421692,0.35785529017448425,0.07117828726768494,3.28775
base,3,p313_040_mic1,p313,data\VCTK\wav48_silence_trimmed\p313\p313_040_mic1.flac,p313,1,1,0.4790859520435333,0.4790859520435333,0.3956359624862671,0.08344998955726624,3.28775
lca,1,p313_040_mic1,p313,data\VCTK\wav48_silence_trimmed\p313\p313_040_mic1.flac,p238,0,1,0.26031845808029175,0.20746475458145142,0.26031845808029175,-0.05285370349884033,3.28775
lca,2,p313_040_mic1,p313,data\VCTK\wav48_silence_trimmed\p313\p313_040_mic1.flac,p313,1,1,0.4296334385871887,0.4296334385871887,0.3773982524871826,0.052235186100006104,3.28775
lca,3,p313_040_mic1,p313,data\VCTK\wav48_silence_trimmed\p313\p313_040_mic1.flac,p313,1,1,0.4416317045688629,0.4416317045688629,0.4173380732536316,0.024293631315231323,3.28775
original,0,p313_248_mic1,p313,data\VCTK\wav48_silence_trimmed\p313\p313_248_mic1.flac,p313,1,1,0.6667739152908325,0.6667739152908325,0.2846662998199463,0.38210761547088623,3.6270625
base,1,p313_248_mic1,p313,data\VCTK\wav48_silence_trimmed\p313\p313_248_mic1.flac,p269,0,1,0.34656399488449097,0.21364626288414001,0.34656399488449097,-0.13291773200035095,3.6270625
base,2,p313_248_mic1,p313,data\VCTK\wav48_silence_trimmed\p313\p313_248_mic1.flac,p313,1,1,0.4297613799571991,0.4297613799571991,0.39674869179725647,0.03301268815994263,3.6270625
base,3,p313_248_mic1,p313,data\VCTK\wav48_silence_trimmed\p313\p313_248_mic1.flac,p313,1,1,0.5014164447784424,0.5014164447784424,0.3986545205116272,0.10276192426681519,3.6270625
lca,1,p313_248_mic1,p313,data\VCTK\wav48_silence_trimmed\p313\p313_248_mic1.flac,p280,0,1,0.3340272903442383,0.25690600275993347,0.3340272903442383,-0.07712128758430481,3.6270625
lca,2,p313_248_mic1,p313,data\VCTK\wav48_silence_trimmed\p313\p313_248_mic1.flac,p313,1,1,0.44406554102897644,0.44406554102897644,0.4340752065181732,0.009990334510803223,3.6270625
lca,3,p313_248_mic1,p313,data\VCTK\wav48_silence_trimmed\p313\p313_248_mic1.flac,p313,1,1,0.5069836378097534,0.5069836378097534,0.458080917596817,0.0489027202129364,3.6270625
original,0,p313_379_mic1,p313,data\VCTK\wav48_silence_trimmed\p313\p313_379_mic1.flac,p313,1,1,0.7143038511276245,0.7143038511276245,0.34269213676452637,0.37161171436309814,2.6916875
base,1,p313_379_mic1,p313,data\VCTK\wav48_silence_trimmed\p313\p313_379_mic1.flac,p313,1,1,0.34967538714408875,0.34967538714408875,0.3474244475364685,0.0022509396076202393,2.6916875
base,2,p313_379_mic1,p313,data\VCTK\wav48_silence_trimmed\p313\p313_379_mic1.flac,p313,1,1,0.5283610820770264,0.5283610820770264,0.3347935378551483,0.19356754422187805,2.6916875
base,3,p313_379_mic1,p313,data\VCTK\wav48_silence_trimmed\p313\p313_379_mic1.flac,p313,1,1,0.49432361125946045,0.49432361125946045,0.3870032727718353,0.10732033848762512,2.6916875
lca,1,p313_379_mic1,p313,data\VCTK\wav48_silence_trimmed\p313\p313_379_mic1.flac,p313,1,1,0.472415030002594,0.472415030002594,0.46826818585395813,0.004146844148635864,2.6916875
lca,2,p313_379_mic1,p313,data\VCTK\wav48_silence_trimmed\p313\p313_379_mic1.flac,p313,1,1,0.5214494466781616,0.5214494466781616,0.41150963306427,0.1099398136138916,2.6916875
lca,3,p313_379_mic1,p313,data\VCTK\wav48_silence_trimmed\p313\p313_379_mic1.flac,p313,1,1,0.5446121692657471,0.5446121692657471,0.4533340036869049,0.09127816557884216,2.6916875
original,0,p313_405_mic2,p313,data\VCTK\wav48_silence_trimmed\p313\p313_405_mic2.flac,p313,1,1,0.7197606563568115,0.7197606563568115,0.36805659532546997,0.35170406103134155,2.9020625
base,1,p313_405_mic2,p313,data\VCTK\wav48_silence_trimmed\p313\p313_405_mic2.flac,p280,0,1,0.403072714805603,0.33342114090919495,0.403072714805603,-0.06965157389640808,2.9020625
base,2,p313_405_mic2,p313,data\VCTK\wav48_silence_trimmed\p313\p313_405_mic2.flac,p280,0,1,0.47845908999443054,0.39622026681900024,0.47845908999443054,-0.0822388231754303,2.9020625
base,3,p313_405_mic2,p313,data\VCTK\wav48_silence_trimmed\p313\p313_405_mic2.flac,p313,1,1,0.4903430938720703,0.4903430938720703,0.47753649950027466,0.012806594371795654,2.9020625
lca,1,p313_405_mic2,p313,data\VCTK\wav48_silence_trimmed\p313\p313_405_mic2.flac,p280,0,1,0.3958588242530823,0.33431515097618103,0.3958588242530823,-0.061543673276901245,2.9020625
lca,2,p313_405_mic2,p313,data\VCTK\wav48_silence_trimmed\p313\p313_405_mic2.flac,p280,0,1,0.44979363679885864,0.44632256031036377,0.44979363679885864,-0.003471076488494873,2.9020625
lca,3,p313_405_mic2,p313,data\VCTK\wav48_silence_trimmed\p313\p313_405_mic2.flac,p280,0,1,0.43254363536834717,0.42443764209747314,0.43254363536834717,-0.008105993270874023,2.9020625
original,0,p314_063_mic1,p314,data\VCTK\wav48_silence_trimmed\p314\p314_063_mic1.flac,p314,1,1,0.6909599900245667,0.6909599900245667,0.43841496109962463,0.252545028924942,3.1846875
base,1,p314_063_mic1,p314,data\VCTK\wav48_silence_trimmed\p314\p314_063_mic1.flac,p269,0,1,0.32674360275268555,0.21942172944545746,0.32674360275268555,-0.10732187330722809,3.1846875
base,2,p314_063_mic1,p314,data\VCTK\wav48_silence_trimmed\p314\p314_063_mic1.flac,p313,0,1,0.452426016330719,0.4121614694595337,0.452426016330719,-0.0402645468711853,3.1846875
base,3,p314_063_mic1,p314,data\VCTK\wav48_silence_trimmed\p314\p314_063_mic1.flac,p314,1,1,0.4826536178588867,0.4826536178588867,0.45235806703567505,0.03029555082321167,3.1846875
lca,1,p314_063_mic1,p314,data\VCTK\wav48_silence_trimmed\p314\p314_063_mic1.flac,p364,0,1,0.3294055461883545,0.2613104581832886,0.3294055461883545,-0.06809508800506592,3.1846875
lca,2,p314_063_mic1,p314,data\VCTK\wav48_silence_trimmed\p314\p314_063_mic1.flac,p280,0,1,0.48615115880966187,0.46469593048095703,0.48615115880966187,-0.021455228328704834,3.1846875
lca,3,p314_063_mic1,p314,data\VCTK\wav48_silence_trimmed\p314\p314_063_mic1.flac,p280,0,1,0.4951731860637665,0.4266965687274933,0.4951731860637665,-0.0684766173362732,3.1846875
original,0,p314_181_mic2,p314,data\VCTK\wav48_silence_trimmed\p314\p314_181_mic2.flac,p314,1,1,0.694406270980835,0.694406270980835,0.38920164108276367,0.3052046298980713,3.586625
base,1,p314_181_mic2,p314,data\VCTK\wav48_silence_trimmed\p314\p314_181_mic2.flac,p262,0,1,0.45121896266937256,0.3022955358028412,0.45121896266937256,-0.14892342686653137,3.586625
base,2,p314_181_mic2,p314,data\VCTK\wav48_silence_trimmed\p314\p314_181_mic2.flac,p313,0,1,0.44756385684013367,0.3639940023422241,0.44756385684013367,-0.08356985449790955,3.586625
base,3,p314_181_mic2,p314,data\VCTK\wav48_silence_trimmed\p314\p314_181_mic2.flac,p313,0,1,0.4453684985637665,0.3854926824569702,0.4453684985637665,-0.059875816106796265,3.586625
lca,1,p314_181_mic2,p314,data\VCTK\wav48_silence_trimmed\p314\p314_181_mic2.flac,p280,0,1,0.3971695303916931,0.302358478307724,0.3971695303916931,-0.09481105208396912,3.586625
lca,2,p314_181_mic2,p314,data\VCTK\wav48_silence_trimmed\p314\p314_181_mic2.flac,p280,0,1,0.4548761248588562,0.3590801954269409,0.4548761248588562,-0.09579592943191528,3.586625
lca,3,p314_181_mic2,p314,data\VCTK\wav48_silence_trimmed\p314\p314_181_mic2.flac,p313,0,1,0.45426294207572937,0.3791925311088562,0.45426294207572937,-0.07507041096687317,3.586625
original,0,p314_275_mic1,p314,data\VCTK\wav48_silence_trimmed\p314\p314_275_mic1.flac,p314,1,1,0.7497523427009583,0.7497523427009583,0.4777940511703491,0.27195829153060913,3.0346875
base,1,p314_275_mic1,p314,data\VCTK\wav48_silence_trimmed\p314\p314_275_mic1.flac,p313,0,1,0.4190211892127991,0.2605948746204376,0.4190211892127991,-0.15842631459236145,3.0346875
base,2,p314_275_mic1,p314,data\VCTK\wav48_silence_trimmed\p314\p314_275_mic1.flac,p314,1,1,0.43478527665138245,0.43478527665138245,0.42341697216033936,0.01136830449104309,3.0346875
base,3,p314_275_mic1,p314,data\VCTK\wav48_silence_trimmed\p314\p314_275_mic1.flac,p314,1,1,0.46669894456863403,0.46669894456863403,0.4396693706512451,0.027029573917388916,3.0346875
lca,1,p314_275_mic1,p314,data\VCTK\wav48_silence_trimmed\p314\p314_275_mic1.flac,p301,0,1,0.3912249803543091,0.2810739278793335,0.3912249803543091,-0.11015105247497559,3.0346875
lca,2,p314_275_mic1,p314,data\VCTK\wav48_silence_trimmed\p314\p314_275_mic1.flac,p313,0,1,0.4511738121509552,0.40617531538009644,0.4511738121509552,-0.044998496770858765,3.0346875
lca,3,p314_275_mic1,p314,data\VCTK\wav48_silence_trimmed\p314\p314_275_mic1.flac,p313,0,1,0.4991195797920227,0.45930254459381104,0.4991195797920227,-0.03981703519821167,3.0346875
original,0,p314_321_mic1,p314,data\VCTK\wav48_silence_trimmed\p314\p314_321_mic1.flac,p314,1,1,0.7149684429168701,0.7149684429168701,0.42767003178596497,0.28729841113090515,2.9235
base,1,p314_321_mic1,p314,data\VCTK\wav48_silence_trimmed\p314\p314_321_mic1.flac,p301,0,1,0.3399958610534668,0.2010972797870636,0.3399958610534668,-0.1388985812664032,2.9235
base,2,p314_321_mic1,p314,data\VCTK\wav48_silence_trimmed\p314\p314_321_mic1.flac,p314,1,1,0.45614123344421387,0.45614123344421387,0.4044954180717468,0.05164581537246704,2.9235
base,3,p314_321_mic1,p314,data\VCTK\wav48_silence_trimmed\p314\p314_321_mic1.flac,p314,1,1,0.5420451164245605,0.5420451164245605,0.4515349566936493,0.09051015973091125,2.9235
lca,1,p314_321_mic1,p314,data\VCTK\wav48_silence_trimmed\p314\p314_321_mic1.flac,p280,0,1,0.32167646288871765,0.2301616221666336,0.32167646288871765,-0.09151484072208405,2.9235
lca,2,p314_321_mic1,p314,data\VCTK\wav48_silence_trimmed\p314\p314_321_mic1.flac,p280,0,1,0.4919608235359192,0.4266030192375183,0.4919608235359192,-0.06535780429840088,2.9235
lca,3,p314_321_mic1,p314,data\VCTK\wav48_silence_trimmed\p314\p314_321_mic1.flac,p314,1,1,0.48376724123954773,0.48376724123954773,0.4814685881137848,0.0022986531257629395,2.9235
original,0,p314_335_mic2,p314,data\VCTK\wav48_silence_trimmed\p314\p314_335_mic2.flac,p314,1,1,0.7242857217788696,0.7242857217788696,0.4447627663612366,0.27952295541763306,3.8591875
base,1,p314_335_mic2,p314,data\VCTK\wav48_silence_trimmed\p314\p314_335_mic2.flac,p301,0,1,0.3557961583137512,0.18246905505657196,0.3557961583137512,-0.17332710325717926,3.8591875
base,2,p314_335_mic2,p314,data\VCTK\wav48_silence_trimmed\p314\p314_335_mic2.flac,p313,0,1,0.4349876344203949,0.38096457719802856,0.4349876344203949,-0.05402305722236633,3.8591875
base,3,p314_335_mic2,p314,data\VCTK\wav48_silence_trimmed\p314\p314_335_mic2.flac,p313,0,1,0.4138897955417633,0.3834381699562073,0.4138897955417633,-0.03045162558555603,3.8591875
lca,1,p314_335_mic2,p314,data\VCTK\wav48_silence_trimmed\p314\p314_335_mic2.flac,p300,0,1,0.376115620136261,0.270058274269104,0.376115620136261,-0.10605734586715698,3.8591875
lca,2,p314_335_mic2,p314,data\VCTK\wav48_silence_trimmed\p314\p314_335_mic2.flac,p250,0,1,0.41561421751976013,0.36394357681274414,0.41561421751976013,-0.05167064070701599,3.8591875
lca,3,p314_335_mic2,p314,data\VCTK\wav48_silence_trimmed\p314\p314_335_mic2.flac,p340,0,1,0.44089770317077637,0.3745141625404358,0.44089770317077637,-0.06638354063034058,3.8591875
original,0,p315_171_mic1,p315,data\VCTK\wav48_silence_trimmed\p315\p315_171_mic1.flac,p315,1,1,0.784898042678833,0.784898042678833,0.3747720718383789,0.4101259708404541,4.36075
base,1,p315_171_mic1,p315,data\VCTK\wav48_silence_trimmed\p315\p315_171_mic1.flac,p238,0,1,0.3331974446773529,0.16511565446853638,0.3331974446773529,-0.16808179020881653,4.36075
base,2,p315_171_mic1,p315,data\VCTK\wav48_silence_trimmed\p315\p315_171_mic1.flac,p315,1,1,0.37340861558914185,0.37340861558914185,0.3555731773376465,0.01783543825149536,4.36075
base,3,p315_171_mic1,p315,data\VCTK\wav48_silence_trimmed\p315\p315_171_mic1.flac,p315,1,1,0.39874207973480225,0.39874207973480225,0.3697318136692047,0.029010266065597534,4.36075
lca,1,p315_171_mic1,p315,data\VCTK\wav48_silence_trimmed\p315\p315_171_mic1.flac,p313,0,1,0.31585755944252014,0.11990159749984741,0.31585755944252014,-0.19595596194267273,4.36075
lca,2,p315_171_mic1,p315,data\VCTK\wav48_silence_trimmed\p315\p315_171_mic1.flac,p347,0,1,0.3661794066429138,0.2902803421020508,0.3661794066429138,-0.07589906454086304,4.36075
lca,3,p315_171_mic1,p315,data\VCTK\wav48_silence_trimmed\p315\p315_171_mic1.flac,p315,1,1,0.38584354519844055,0.38584354519844055,0.3668597638607025,0.018983781337738037,4.36075
original,0,p315_241_mic1,p315,data\VCTK\wav48_silence_trimmed\p315\p315_241_mic1.flac,p315,1,1,0.6131458282470703,0.6131458282470703,0.3414439857006073,0.271701842546463,2.903
base,1,p315_241_mic1,p315,data\VCTK\wav48_silence_trimmed\p315\p315_241_mic1.flac,p364,0,1,0.3035937547683716,0.1726413071155548,0.3035937547683716,-0.13095244765281677,2.903
base,2,p315_241_mic1,p315,data\VCTK\wav48_silence_trimmed\p315\p315_241_mic1.flac,p347,0,1,0.5113601684570312,0.1702394336462021,0.5113601684570312,-0.34112073481082916,2.903
base,3,p315_241_mic1,p315,data\VCTK\wav48_silence_trimmed\p315\p315_241_mic1.flac,p347,0,1,0.5866409540176392,0.21544869244098663,0.5866409540176392,-0.3711922615766525,2.903
lca,1,p315_241_mic1,p315,data\VCTK\wav48_silence_trimmed\p315\p315_241_mic1.flac,p347,0,1,0.3395250141620636,0.1459449678659439,0.3395250141620636,-0.1935800462961197,2.903
lca,2,p315_241_mic1,p315,data\VCTK\wav48_silence_trimmed\p315\p315_241_mic1.flac,p347,0,1,0.459941029548645,0.16769157350063324,0.459941029548645,-0.2922494560480118,2.903
lca,3,p315_241_mic1,p315,data\VCTK\wav48_silence_trimmed\p315\p315_241_mic1.flac,p347,0,1,0.5204488039016724,0.22525522112846375,0.5204488039016724,-0.2951935827732086,2.903
original,0,p315_260_mic1,p315,data\VCTK\wav48_silence_trimmed\p315\p315_260_mic1.flac,p315,1,1,0.6931183338165283,0.6931183338165283,0.26812300086021423,0.4249953329563141,2.5794375
base,1,p315_260_mic1,p315,data\VCTK\wav48_silence_trimmed\p315\p315_260_mic1.flac,p302,0,1,0.32727962732315063,0.215029776096344,0.32727962732315063,-0.11224985122680664,2.5794375
base,2,p315_260_mic1,p315,data\VCTK\wav48_silence_trimmed\p315\p315_260_mic1.flac,p315,1,1,0.4417330026626587,0.4417330026626587,0.3387763798236847,0.102956622838974,2.5794375
base,3,p315_260_mic1,p315,data\VCTK\wav48_silence_trimmed\p315\p315_260_mic1.flac,p315,1,1,0.47516390681266785,0.47516390681266785,0.3341861665248871,0.14097774028778076,2.5794375
lca,1,p315_260_mic1,p315,data\VCTK\wav48_silence_trimmed\p315\p315_260_mic1.flac,p347,0,1,0.32496166229248047,0.17000088095664978,0.32496166229248047,-0.1549607813358307,2.5794375
lca,2,p315_260_mic1,p315,data\VCTK\wav48_silence_trimmed\p315\p315_260_mic1.flac,p315,1,1,0.42552775144577026,0.42552775144577026,0.32756006717681885,0.09796768426895142,2.5794375
lca,3,p315_260_mic1,p315,data\VCTK\wav48_silence_trimmed\p315\p315_260_mic1.flac,p315,1,1,0.43393445014953613,0.43393445014953613,0.3210582435131073,0.11287620663642883,2.5794375
original,0,p315_265_mic1,p315,data\VCTK\wav48_silence_trimmed\p315\p315_265_mic1.flac,p315,1,1,0.4154773950576782,0.4154773950576782,0.275810182094574,0.13966721296310425,2.215625
base,1,p315_265_mic1,p315,data\VCTK\wav48_silence_trimmed\p315\p315_265_mic1.flac,p364,0,1,0.2889370322227478,0.1282220035791397,0.2889370322227478,-0.1607150286436081,2.215625
base,2,p315_265_mic1,p315,data\VCTK\wav48_silence_trimmed\p315\p315_265_mic1.flac,p364,0,1,0.40747857093811035,0.16314202547073364,0.40747857093811035,-0.2443365454673767,2.215625
base,3,p315_265_mic1,p315,data\VCTK\wav48_silence_trimmed\p315\p315_265_mic1.flac,p364,0,1,0.4453868269920349,0.13100194931030273,0.4453868269920349,-0.3143848776817322,2.215625
lca,1,p315_265_mic1,p315,data\VCTK\wav48_silence_trimmed\p315\p315_265_mic1.flac,p251,0,0,0.24653512239456177,0.11453042179346085,0.24653512239456177,-0.13200470060110092,2.215625
lca,2,p315_265_mic1,p315,data\VCTK\wav48_silence_trimmed\p315\p315_265_mic1.flac,p347,0,1,0.47680383920669556,0.1907753348350525,0.47680383920669556,-0.28602850437164307,2.215625
lca,3,p315_265_mic1,p315,data\VCTK\wav48_silence_trimmed\p315\p315_265_mic1.flac,p347,0,1,0.4203473925590515,0.1385919600725174,0.4203473925590515,-0.2817554324865341,2.215625
original,0,p315_266_mic1,p315,data\VCTK\wav48_silence_trimmed\p315\p315_266_mic1.flac,p315,1,1,0.6911554336547852,0.6911554336547852,0.3433489501476288,0.34780648350715637,2.65025
base,1,p315_266_mic1,p315,data\VCTK\wav48_silence_trimmed\p315\p315_266_mic1.flac,p313,0,1,0.35094669461250305,0.25915399193763733,0.35094669461250305,-0.09179270267486572,2.65025
base,2,p315_266_mic1,p315,data\VCTK\wav48_silence_trimmed\p315\p315_266_mic1.flac,p313,0,1,0.37012189626693726,0.3655150532722473,0.37012189626693726,-0.004606842994689941,2.65025
base,3,p315_266_mic1,p315,data\VCTK\wav48_silence_trimmed\p315\p315_266_mic1.flac,p315,1,1,0.36784958839416504,0.36784958839416504,0.35447612404823303,0.013373464345932007,2.65025
lca,1,p315_266_mic1,p315,data\VCTK\wav48_silence_trimmed\p315\p315_266_mic1.flac,p313,0,1,0.31682977080345154,0.16917835175991058,0.31682977080345154,-0.14765141904354095,2.65025
lca,2,p315_266_mic1,p315,data\VCTK\wav48_silence_trimmed\p315\p315_266_mic1.flac,p313,0,1,0.3315722942352295,0.2441176325082779,0.3315722942352295,-0.0874546617269516,2.65025
lca,3,p315_266_mic1,p315,data\VCTK\wav48_silence_trimmed\p315\p315_266_mic1.flac,p313,0,1,0.41515499353408813,0.2698412537574768,0.41515499353408813,-0.14531373977661133,2.65025
original,0,p316_022_mic2,p316,data\VCTK\wav48_silence_trimmed\p316\p316_022_mic2.flac,p316,1,1,0.8150035738945007,0.8150035738945007,0.3053431510925293,0.5096604228019714,7.427125
base,1,p316_022_mic2,p316,data\VCTK\wav48_silence_trimmed\p316\p316_022_mic2.flac,p316,1,1,0.4173617362976074,0.4173617362976074,0.3918275535106659,0.02553418278694153,7.427125
base,2,p316_022_mic2,p316,data\VCTK\wav48_silence_trimmed\p316\p316_022_mic2.flac,p316,1,1,0.5881873369216919,0.5881873369216919,0.36349326372146606,0.22469407320022583,7.427125
base,3,p316_022_mic2,p316,data\VCTK\wav48_silence_trimmed\p316\p316_022_mic2.flac,p316,1,1,0.6170384883880615,0.6170384883880615,0.35060104727745056,0.26643744111061096,7.427125
lca,1,p316_022_mic2,p316,data\VCTK\wav48_silence_trimmed\p316\p316_022_mic2.flac,p364,0,1,0.3064476549625397,0.2887607216835022,0.3064476549625397,-0.017686933279037476,7.427125
lca,2,p316_022_mic2,p316,data\VCTK\wav48_silence_trimmed\p316\p316_022_mic2.flac,p316,1,1,0.379852294921875,0.379852294921875,0.3445766866207123,0.03527560830116272,7.427125
lca,3,p316_022_mic2,p316,data\VCTK\wav48_silence_trimmed\p316\p316_022_mic2.flac,p316,1,1,0.38935911655426025,0.38935911655426025,0.3602564334869385,0.029102683067321777,7.427125
original,0,p316_181_mic1,p316,data\VCTK\wav48_silence_trimmed\p316\p316_181_mic1.flac,p316,1,1,0.7509915828704834,0.7509915828704834,0.37868478894233704,0.37230679392814636,2.987625
base,1,p316_181_mic1,p316,data\VCTK\wav48_silence_trimmed\p316\p316_181_mic1.flac,p364,0,1,0.35058504343032837,0.2675245404243469,0.35058504343032837,-0.08306050300598145,2.987625
base,2,p316_181_mic1,p316,data\VCTK\wav48_silence_trimmed\p316\p316_181_mic1.flac,p364,0,1,0.40693747997283936,0.37595903873443604,0.40693747997283936,-0.03097844123840332,2.987625
base,3,p316_181_mic1,p316,data\VCTK\wav48_silence_trimmed\p316\p316_181_mic1.flac,p316,1,1,0.49112167954444885,0.49112167954444885,0.35620591044425964,0.1349157691001892,2.987625
lca,1,p316_181_mic1,p316,data\VCTK\wav48_silence_trimmed\p316\p316_181_mic1.flac,p364,0,1,0.32283663749694824,0.15226344764232635,0.32283663749694824,-0.1705731898546219,2.987625
lca,2,p316_181_mic1,p316,data\VCTK\wav48_silence_trimmed\p316\p316_181_mic1.flac,p364,0,1,0.38013380765914917,0.23475775122642517,0.38013380765914917,-0.145376056432724,2.987625
lca,3,p316_181_mic1,p316,data\VCTK\wav48_silence_trimmed\p316\p316_181_mic1.flac,p364,0,1,0.41730260848999023,0.30198588967323303,0.41730260848999023,-0.1153167188167572,2.987625
original,0,p316_195_mic1,p316,data\VCTK\wav48_silence_trimmed\p316\p316_195_mic1.flac,p316,1,1,0.6972044706344604,0.6972044706344604,0.3850424885749817,0.31216198205947876,2.7435
base,1,p316_195_mic1,p316,data\VCTK\wav48_silence_trimmed\p316\p316_195_mic1.flac,p316,1,1,0.3545471727848053,0.3545471727848053,0.27506017684936523,0.07948699593544006,2.7435
base,2,p316_195_mic1,p316,data\VCTK\wav48_silence_trimmed\p316\p316_195_mic1.flac,p316,1,1,0.46714338660240173,0.46714338660240173,0.29371994733810425,0.17342343926429749,2.7435
base,3,p316_195_mic1,p316,data\VCTK\wav48_silence_trimmed\p316\p316_195_mic1.flac,p316,1,1,0.42880305647850037,0.42880305647850037,0.31398993730545044,0.11481311917304993,2.7435
lca,1,p316_195_mic1,p316,data\VCTK\wav48_silence_trimmed\p316\p316_195_mic1.flac,p364,0,1,0.32633739709854126,0.14436136186122894,0.32633739709854126,-0.18197603523731232,2.7435
lca,2,p316_195_mic1,p316,data\VCTK\wav48_silence_trimmed\p316\p316_195_mic1.flac,p364,0,1,0.29195690155029297,0.20288607478141785,0.29195690155029297,-0.08907082676887512,2.7435
lca,3,p316_195_mic1,p316,data\VCTK\wav48_silence_trimmed\p316\p316_195_mic1.flac,p364,0,1,0.32571637630462646,0.24970689415931702,0.32571637630462646,-0.07600948214530945,2.7435
original,0,p316_321_mic1,p316,data\VCTK\wav48_silence_trimmed\p316\p316_321_mic1.flac,p316,1,1,0.6504818201065063,0.6504818201065063,0.26285502314567566,0.3876267969608307,2.855
base,1,p316_321_mic1,p316,data\VCTK\wav48_silence_trimmed\p316\p316_321_mic1.flac,p364,0,1,0.3389595150947571,0.3032834529876709,0.3389595150947571,-0.03567606210708618,2.855
base,2,p316_321_mic1,p316,data\VCTK\wav48_silence_trimmed\p316\p316_321_mic1.flac,p316,1,1,0.43536612391471863,0.43536612391471863,0.40165579319000244,0.033710330724716187,2.855
base,3,p316_321_mic1,p316,data\VCTK\wav48_silence_trimmed\p316\p316_321_mic1.flac,p316,1,1,0.4556233286857605,0.4556233286857605,0.4050348997116089,0.05058842897415161,2.855
lca,1,p316_321_mic1,p316,data\VCTK\wav48_silence_trimmed\p316\p316_321_mic1.flac,p364,0,1,0.3302203118801117,0.1471632421016693,0.3302203118801117,-0.18305706977844238,2.855
lca,2,p316_321_mic1,p316,data\VCTK\wav48_silence_trimmed\p316\p316_321_mic1.flac,p364,0,1,0.4048011898994446,0.24536548554897308,0.4048011898994446,-0.1594357043504715,2.855
lca,3,p316_321_mic1,p316,data\VCTK\wav48_silence_trimmed\p316\p316_321_mic1.flac,p364,0,1,0.3719642758369446,0.3453330993652344,0.3719642758369446,-0.026631176471710205,2.855
original,0,p316_403_mic2,p316,data\VCTK\wav48_silence_trimmed\p316\p316_403_mic2.flac,p316,1,1,0.713690996170044,0.713690996170044,0.40848714113235474,0.3052038550376892,3.641625
base,1,p316_403_mic2,p316,data\VCTK\wav48_silence_trimmed\p316\p316_403_mic2.flac,p316,1,1,0.38095828890800476,0.38095828890800476,0.31442445516586304,0.06653383374214172,3.641625
base,2,p316_403_mic2,p316,data\VCTK\wav48_silence_trimmed\p316\p316_403_mic2.flac,p316,1,1,0.49934956431388855,0.49934956431388855,0.37545397877693176,0.12389558553695679,3.641625
base,3,p316_403_mic2,p316,data\VCTK\wav48_silence_trimmed\p316\p316_403_mic2.flac,p316,1,1,0.45842254161834717,0.45842254161834717,0.3602728545665741,0.09814968705177307,3.641625
lca,1,p316_403_mic2,p316,data\VCTK\wav48_silence_trimmed\p316\p316_403_mic2.flac,p364,0,1,0.3174740672111511,0.17633134126663208,0.3174740672111511,-0.14114272594451904,3.641625
lca,2,p316_403_mic2,p316,data\VCTK\wav48_silence_trimmed\p316\p316_403_mic2.flac,p364,0,1,0.3709403872489929,0.26539289951324463,0.3709403872489929,-0.10554748773574829,3.641625
lca,3,p316_403_mic2,p316,data\VCTK\wav48_silence_trimmed\p316\p316_403_mic2.flac,p364,0,1,0.3570839762687683,0.2550012767314911,0.3570839762687683,-0.10208269953727722,3.641625
original,0,p317_103_mic1,p317,data\VCTK\wav48_silence_trimmed\p317\p317_103_mic1.flac,p317,1,1,0.7376139163970947,0.7376139163970947,0.49853137135505676,0.23908254504203796,2.8870625
base,1,p317_103_mic1,p317,data\VCTK\wav48_silence_trimmed\p317\p317_103_mic1.flac,p266,0,1,0.29757940769195557,0.10816841572523117,0.29757940769195557,-0.1894109919667244,2.8870625
base,2,p317_103_mic1,p317,data\VCTK\wav48_silence_trimmed\p317\p317_103_mic1.flac,p317,1,1,0.5005141496658325,0.5005141496658325,0.3614102602005005,0.13910388946533203,2.8870625
base,3,p317_103_mic1,p317,data\VCTK\wav48_silence_trimmed\p317\p317_103_mic1.flac,p317,1,1,0.5457990169525146,0.5457990169525146,0.4149075150489807,0.13089150190353394,2.8870625
lca,1,p317_103_mic1,p317,data\VCTK\wav48_silence_trimmed\p317\p317_103_mic1.flac,p230,0,1,0.306684285402298,0.12741020321846008,0.306684285402298,-0.1792740821838379,2.8870625
lca,2,p317_103_mic1,p317,data\VCTK\wav48_silence_trimmed\p317\p317_103_mic1.flac,p317,1,1,0.494382381439209,0.494382381439209,0.42923256754875183,0.06514981389045715,2.8870625
lca,3,p317_103_mic1,p317,data\VCTK\wav48_silence_trimmed\p317\p317_103_mic1.flac,p317,1,1,0.5079652070999146,0.5079652070999146,0.41134941577911377,0.09661579132080078,2.8870625
original,0,p317_200_mic1,p317,data\VCTK\wav48_silence_trimmed\p317\p317_200_mic1.flac,p317,1,1,0.7668150663375854,0.7668150663375854,0.518197774887085,0.2486172914505005,3.012375
base,1,p317_200_mic1,p317,data\VCTK\wav48_silence_trimmed\p317\p317_200_mic1.flac,p244,0,1,0.321532666683197,0.26003021001815796,0.321532666683197,-0.06150245666503906,3.012375
base,2,p317_200_mic1,p317,data\VCTK\wav48_silence_trimmed\p317\p317_200_mic1.flac,p317,1,1,0.4298865795135498,0.4298865795135498,0.36638668179512024,0.06349989771842957,3.012375
base,3,p317_200_mic1,p317,data\VCTK\wav48_silence_trimmed\p317\p317_200_mic1.flac,p317,1,1,0.5443075895309448,0.5443075895309448,0.432096004486084,0.11221158504486084,3.012375
lca,1,p317_200_mic1,p317,data\VCTK\wav48_silence_trimmed\p317\p317_200_mic1.flac,p313,0,1,0.33959096670150757,0.19786757230758667,0.33959096670150757,-0.1417233943939209,3.012375
lca,2,p317_200_mic1,p317,data\VCTK\wav48_silence_trimmed\p317\p317_200_mic1.flac,p317,1,1,0.4421042203903198,0.4421042203903198,0.4395773410797119,0.00252687931060791,3.012375
lca,3,p317_200_mic1,p317,data\VCTK\wav48_silence_trimmed\p317\p317_200_mic1.flac,p317,1,1,0.4585244655609131,0.4585244655609131,0.42755767703056335,0.03096678853034973,3.012375
original,0,p317_265_mic1,p317,data\VCTK\wav48_silence_trimmed\p317\p317_265_mic1.flac,p317,1,1,0.7277361154556274,0.7277361154556274,0.4108748435974121,0.31686127185821533,2.7788125
base,1,p317_265_mic1,p317,data\VCTK\wav48_silence_trimmed\p317\p317_265_mic1.flac,p244,0,1,0.31293660402297974,0.2570348083972931,0.31293660402297974,-0.055901795625686646,2.7788125
base,2,p317_265_mic1,p317,data\VCTK\wav48_silence_trimmed\p317\p317_265_mic1.flac,p317,1,1,0.41130295395851135,0.41130295395851135,0.35425055027008057,0.057052403688430786,2.7788125
base,3,p317_265_mic1,p317,data\VCTK\wav48_silence_trimmed\p317\p317_265_mic1.flac,p317,1,1,0.4929254949092865,0.4929254949092865,0.37396755814552307,0.11895793676376343,2.7788125
lca,1,p317_265_mic1,p317,data\VCTK\wav48_silence_trimmed\p317\p317_265_mic1.flac,p248,0,1,0.2876025438308716,0.19792063534259796,0.2876025438308716,-0.08968190848827362,2.7788125
lca,2,p317_265_mic1,p317,data\VCTK\wav48_silence_trimmed\p317\p317_265_mic1.flac,p280,0,1,0.38530758023262024,0.3739229738712311,0.38530758023262024,-0.01138460636138916,2.7788125
lca,3,p317_265_mic1,p317,data\VCTK\wav48_silence_trimmed\p317\p317_265_mic1.flac,p317,1,1,0.46557295322418213,0.46557295322418213,0.3861948251724243,0.07937812805175781,2.7788125
original,0,p317_267_mic2,p317,data\VCTK\wav48_silence_trimmed\p317\p317_267_mic2.flac,p317,1,1,0.7879643440246582,0.7879643440246582,0.5386345386505127,0.2493298053741455,2.968
base,1,p317_267_mic2,p317,data\VCTK\wav48_silence_trimmed\p317\p317_267_mic2.flac,p313,0,1,0.3125665783882141,0.13831645250320435,0.3125665783882141,-0.17425012588500977,2.968
base,2,p317_267_mic2,p317,data\VCTK\wav48_silence_trimmed\p317\p317_267_mic2.flac,p317,1,1,0.5088094472885132,0.5088094472885132,0.3479059338569641,0.16090351343154907,2.968
base,3,p317_267_mic2,p317,data\VCTK\wav48_silence_trimmed\p317\p317_267_mic2.flac,p317,1,1,0.5590623617172241,0.5590623617172241,0.3586164116859436,0.20044595003128052,2.968
lca,1,p317_267_mic2,p317,data\VCTK\wav48_silence_trimmed\p317\p317_267_mic2.flac,p280,0,1,0.38532954454421997,0.16914284229278564,0.38532954454421997,-0.21618670225143433,2.968
lca,2,p317_267_mic2,p317,data\VCTK\wav48_silence_trimmed\p317\p317_267_mic2.flac,p250,0,1,0.47664397954940796,0.3784922957420349,0.47664397954940796,-0.09815168380737305,2.968
lca,3,p317_267_mic2,p317,data\VCTK\wav48_silence_trimmed\p317\p317_267_mic2.flac,p317,1,1,0.4874749779701233,0.4874749779701233,0.4853249788284302,0.0021499991416931152,2.968
original,0,p317_311_mic1,p317,data\VCTK\wav48_silence_trimmed\p317\p317_311_mic1.flac,p317,1,1,0.816012978553772,0.816012978553772,0.5199089050292969,0.2961040735244751,3.02775
base,1,p317_311_mic1,p317,data\VCTK\wav48_silence_trimmed\p317\p317_311_mic1.flac,p249,0,1,0.33587807416915894,0.20853284001350403,0.33587807416915894,-0.1273452341556549,3.02775
base,2,p317_311_mic1,p317,data\VCTK\wav48_silence_trimmed\p317\p317_311_mic1.flac,p317,1,1,0.55009925365448,0.55009925365448,0.5057257413864136,0.044373512268066406,3.02775
base,3,p317_311_mic1,p317,data\VCTK\wav48_silence_trimmed\p317\p317_311_mic1.flac,p317,1,1,0.6477323770523071,0.6477323770523071,0.5057249069213867,0.1420074701309204,3.02775
lca,1,p317_311_mic1,p317,data\VCTK\wav48_silence_trimmed\p317\p317_311_mic1.flac,p280,0,1,0.4407370090484619,0.2931918501853943,0.4407370090484619,-0.14754515886306763,3.02775
lca,2,p317_311_mic1,p317,data\VCTK\wav48_silence_trimmed\p317\p317_311_mic1.flac,p340,0,1,0.542506217956543,0.49989262223243713,0.542506217956543,-0.042613595724105835,3.02775
lca,3,p317_311_mic1,p317,data\VCTK\wav48_silence_trimmed\p317\p317_311_mic1.flac,p317,1,1,0.5336667895317078,0.5336667895317078,0.5147555470466614,0.018911242485046387,3.02775
original,0,p318_077_mic2,p318,data\VCTK\wav48_silence_trimmed\p318\p318_077_mic2.flac,p318,1,1,0.7907396554946899,0.7907396554946899,0.48368194699287415,0.3070577085018158,4.270125
base,1,p318_077_mic2,p318,data\VCTK\wav48_silence_trimmed\p318\p318_077_mic2.flac,p343,0,1,0.4200040400028229,0.34541285037994385,0.4200040400028229,-0.07459118962287903,4.270125
base,2,p318_077_mic2,p318,data\VCTK\wav48_silence_trimmed\p318\p318_077_mic2.flac,p318,1,1,0.44975152611732483,0.44975152611732483,0.38831210136413574,0.06143942475318909,4.270125
base,3,p318_077_mic2,p318,data\VCTK\wav48_silence_trimmed\p318\p318_077_mic2.flac,p318,1,1,0.435310035943985,0.435310035943985,0.41971147060394287,0.015598565340042114,4.270125
lca,1,p318_077_mic2,p318,data\VCTK\wav48_silence_trimmed\p318\p318_077_mic2.flac,p339,0,1,0.4065443277359009,0.20707306265830994,0.4065443277359009,-0.19947126507759094,4.270125
lca,2,p318_077_mic2,p318,data\VCTK\wav48_silence_trimmed\p318\p318_077_mic2.flac,p280,0,1,0.39350181818008423,0.19952607154846191,0.39350181818008423,-0.19397574663162231,4.270125
lca,3,p318_077_mic2,p318,data\VCTK\wav48_silence_trimmed\p318\p318_077_mic2.flac,p308,0,1,0.3890329599380493,0.27655935287475586,0.3890329599380493,-0.11247360706329346,4.270125
original,0,p318_100_mic1,p318,data\VCTK\wav48_silence_trimmed\p318\p318_100_mic1.flac,p318,1,1,0.7984482049942017,0.7984482049942017,0.44339731335639954,0.3550508916378021,3.6275
base,1,p318_100_mic1,p318,data\VCTK\wav48_silence_trimmed\p318\p318_100_mic1.flac,p262,0,1,0.38718461990356445,0.31974929571151733,0.38718461990356445,-0.06743532419204712,3.6275
base,2,p318_100_mic1,p318,data\VCTK\wav48_silence_trimmed\p318\p318_100_mic1.flac,p318,1,1,0.4650154411792755,0.4650154411792755,0.44809719920158386,0.01691824197769165,3.6275
base,3,p318_100_mic1,p318,data\VCTK\wav48_silence_trimmed\p318\p318_100_mic1.flac,p318,1,1,0.47716063261032104,0.47716063261032104,0.45477545261383057,0.02238517999649048,3.6275
lca,1,p318_100_mic1,p318,data\VCTK\wav48_silence_trimmed\p318\p318_100_mic1.flac,p364,0,1,0.3366256654262543,0.20192092657089233,0.3366256654262543,-0.13470473885536194,3.6275
lca,2,p318_100_mic1,p318,data\VCTK\wav48_silence_trimmed\p318\p318_100_mic1.flac,p262,0,1,0.43589404225349426,0.3102859854698181,0.43589404225349426,-0.12560805678367615,3.6275
lca,3,p318_100_mic1,p318,data\VCTK\wav48_silence_trimmed\p318\p318_100_mic1.flac,p280,0,1,0.4684261083602905,0.33757683634757996,0.4684261083602905,-0.13084927201271057,3.6275
original,0,p318_133_mic1,p318,data\VCTK\wav48_silence_trimmed\p318\p318_133_mic1.flac,p318,1,1,0.7789755463600159,0.7789755463600159,0.4122004210948944,0.36677512526512146,2.47975
base,1,p318_133_mic1,p318,data\VCTK\wav48_silence_trimmed\p318\p318_133_mic1.flac,p262,0,1,0.29951947927474976,0.22661635279655457,0.29951947927474976,-0.07290312647819519,2.47975
base,2,p318_133_mic1,p318,data\VCTK\wav48_silence_trimmed\p318\p318_133_mic1.flac,p269,0,1,0.3795897364616394,0.2845546007156372,0.3795897364616394,-0.0950351357460022,2.47975
base,3,p318_133_mic1,p318,data\VCTK\wav48_silence_trimmed\p318\p318_133_mic1.flac,p269,0,1,0.3968774080276489,0.34081515669822693,0.3968774080276489,-0.056062251329422,2.47975
lca,1,p318_133_mic1,p318,data\VCTK\wav48_silence_trimmed\p318\p318_133_mic1.flac,p280,0,1,0.36971479654312134,0.14471009373664856,0.36971479654312134,-0.22500470280647278,2.47975
lca,2,p318_133_mic1,p318,data\VCTK\wav48_silence_trimmed\p318\p318_133_mic1.flac,p280,0,1,0.39266854524612427,0.16413617134094238,0.39266854524612427,-0.22853237390518188,2.47975
lca,3,p318_133_mic1,p318,data\VCTK\wav48_silence_trimmed\p318\p318_133_mic1.flac,p250,0,1,0.40176087617874146,0.16469481587409973,0.40176087617874146,-0.23706606030464172,2.47975
original,0,p318_364_mic2,p318,data\VCTK\wav48_silence_trimmed\p318\p318_364_mic2.flac,p318,1,1,0.7596606016159058,0.7596606016159058,0.3981315791606903,0.36152902245521545,4.0133125
base,1,p318_364_mic2,p318,data\VCTK\wav48_silence_trimmed\p318\p318_364_mic2.flac,p262,0,1,0.3645937740802765,0.24910548329353333,0.3645937740802765,-0.11548829078674316,4.0133125
base,2,p318_364_mic2,p318,data\VCTK\wav48_silence_trimmed\p318\p318_364_mic2.flac,p249,0,1,0.42590200901031494,0.33420330286026,0.42590200901031494,-0.09169870615005493,4.0133125
base,3,p318_364_mic2,p318,data\VCTK\wav48_silence_trimmed\p318\p318_364_mic2.flac,p249,0,1,0.4682490825653076,0.37356823682785034,0.4682490825653076,-0.09468084573745728,4.0133125
lca,1,p318_364_mic2,p318,data\VCTK\wav48_silence_trimmed\p318\p318_364_mic2.flac,p280,0,1,0.4313834309577942,0.2638445794582367,0.4313834309577942,-0.1675388514995575,4.0133125
lca,2,p318_364_mic2,p318,data\VCTK\wav48_silence_trimmed\p318\p318_364_mic2.flac,p280,0,1,0.4206315875053406,0.334093302488327,0.4206315875053406,-0.08653828501701355,4.0133125
lca,3,p318_364_mic2,p318,data\VCTK\wav48_silence_trimmed\p318\p318_364_mic2.flac,p280,0,1,0.47105199098587036,0.35077616572380066,0.47105199098587036,-0.1202758252620697,4.0133125
original,0,p318_397_mic2,p318,data\VCTK\wav48_silence_trimmed\p318\p318_397_mic2.flac,p318,1,1,0.7858290672302246,0.7858290672302246,0.439838171005249,0.3459908962249756,3.2906875
base,1,p318_397_mic2,p318,data\VCTK\wav48_silence_trimmed\p318\p318_397_mic2.flac,p339,0,1,0.3480890989303589,0.33033880591392517,0.3480890989303589,-0.017750293016433716,3.2906875
base,2,p318_397_mic2,p318,data\VCTK\wav48_silence_trimmed\p318\p318_397_mic2.flac,p262,0,1,0.36668288707733154,0.3462388217449188,0.36668288707733154,-0.02044406533241272,3.2906875
base,3,p318_397_mic2,p318,data\VCTK\wav48_silence_trimmed\p318\p318_397_mic2.flac,p318,1,1,0.44055017828941345,0.44055017828941345,0.4190494120121002,0.021500766277313232,3.2906875
lca,1,p318_397_mic2,p318,data\VCTK\wav48_silence_trimmed\p318\p318_397_mic2.flac,p280,0,1,0.37685614824295044,0.21487823128700256,0.37685614824295044,-0.16197791695594788,3.2906875
lca,2,p318_397_mic2,p318,data\VCTK\wav48_silence_trimmed\p318\p318_397_mic2.flac,p280,0,1,0.4866311550140381,0.2322290539741516,0.4866311550140381,-0.2544021010398865,3.2906875
lca,3,p318_397_mic2,p318,data\VCTK\wav48_silence_trimmed\p318\p318_397_mic2.flac,p280,0,1,0.5208272933959961,0.2947845757007599,0.5208272933959961,-0.2260427176952362,3.2906875
original,0,p323_001_mic2,p323,data\VCTK\wav48_silence_trimmed\p323\p323_001_mic2.flac,p233,0,1,0.44411271810531616,0.41254836320877075,0.44411271810531616,-0.03156435489654541,2.095125
base,1,p323_001_mic2,p323,data\VCTK\wav48_silence_trimmed\p323\p323_001_mic2.flac,p238,0,1,0.3252759277820587,0.0954478532075882,0.3252759277820587,-0.22982807457447052,2.095125
base,2,p323_001_mic2,p323,data\VCTK\wav48_silence_trimmed\p323\p323_001_mic2.flac,p288,0,1,0.3478289544582367,0.011818397790193558,0.3478289544582367,-0.33601055666804314,2.095125
base,3,p323_001_mic2,p323,data\VCTK\wav48_silence_trimmed\p323\p323_001_mic2.flac,p288,0,1,0.4542528986930847,0.06752687692642212,0.4542528986930847,-0.3867260217666626,2.095125
lca,1,p323_001_mic2,p323,data\VCTK\wav48_silence_trimmed\p323\p323_001_mic2.flac,p262,0,1,0.4101041257381439,0.24272285401821136,0.4101041257381439,-0.16738127171993256,2.095125
lca,2,p323_001_mic2,p323,data\VCTK\wav48_silence_trimmed\p323\p323_001_mic2.flac,p280,0,1,0.4594489336013794,0.18923979997634888,0.4594489336013794,-0.2702091336250305,2.095125
lca,3,p323_001_mic2,p323,data\VCTK\wav48_silence_trimmed\p323\p323_001_mic2.flac,p280,0,1,0.5339562892913818,0.1828491985797882,0.5339562892913818,-0.35110709071159363,2.095125
original,0,p323_046_mic1,p323,data\VCTK\wav48_silence_trimmed\p323\p323_046_mic1.flac,p323,1,1,0.5159951448440552,0.5159951448440552,0.4177578389644623,0.0982373058795929,2.8621875
base,1,p323_046_mic1,p323,data\VCTK\wav48_silence_trimmed\p323\p323_046_mic1.flac,p262,0,1,0.45626235008239746,0.19888508319854736,0.45626235008239746,-0.2573772668838501,2.8621875
base,2,p323_046_mic1,p323,data\VCTK\wav48_silence_trimmed\p323\p323_046_mic1.flac,p262,0,1,0.5092512965202332,0.26442086696624756,0.5092512965202332,-0.2448304295539856,2.8621875
base,3,p323_046_mic1,p323,data\VCTK\wav48_silence_trimmed\p323\p323_046_mic1.flac,p262,0,1,0.46164441108703613,0.29531824588775635,0.46164441108703613,-0.16632616519927979,2.8621875
lca,1,p323_046_mic1,p323,data\VCTK\wav48_silence_trimmed\p323\p323_046_mic1.flac,p361,0,1,0.2752716541290283,0.1054823249578476,0.2752716541290283,-0.16978932917118073,2.8621875
lca,2,p323_046_mic1,p323,data\VCTK\wav48_silence_trimmed\p323\p323_046_mic1.flac,p340,0,1,0.4357002079486847,0.22689959406852722,0.4357002079486847,-0.20880061388015747,2.8621875
lca,3,p323_046_mic1,p323,data\VCTK\wav48_silence_trimmed\p323\p323_046_mic1.flac,p340,0,1,0.46525394916534424,0.28261303901672363,0.46525394916534424,-0.1826409101486206,2.8621875
original,0,p323_215_mic1,p323,data\VCTK\wav48_silence_trimmed\p323\p323_215_mic1.flac,p323,1,1,0.7066104412078857,0.7066104412078857,0.4951568841934204,0.21145355701446533,3.118375
base,1,p323_215_mic1,p323,data\VCTK\wav48_silence_trimmed\p323\p323_215_mic1.flac,p238,0,1,0.3574458360671997,0.18362775444984436,0.3574458360671997,-0.17381808161735535,3.118375
base,2,p323_215_mic1,p323,data\VCTK\wav48_silence_trimmed\p323\p323_215_mic1.flac,p238,0,1,0.4531877636909485,0.36267709732055664,0.4531877636909485,-0.09051066637039185,3.118375
base,3,p323_215_mic1,p323,data\VCTK\wav48_silence_trimmed\p323\p323_215_mic1.flac,p250,0,1,0.48342961072921753,0.368432879447937,0.48342961072921753,-0.11499673128128052,3.118375
lca,1,p323_215_mic1,p323,data\VCTK\wav48_silence_trimmed\p323\p323_215_mic1.flac,p230,0,1,0.33155667781829834,0.16638657450675964,0.33155667781829834,-0.1651701033115387,3.118375
lca,2,p323_215_mic1,p323,data\VCTK\wav48_silence_trimmed\p323\p323_215_mic1.flac,p250,0,1,0.469682514667511,0.35590866208076477,0.469682514667511,-0.11377385258674622,3.118375
lca,3,p323_215_mic1,p323,data\VCTK\wav48_silence_trimmed\p323\p323_215_mic1.flac,p340,0,1,0.5048735737800598,0.43663424253463745,0.5048735737800598,-0.06823933124542236,3.118375
original,0,p323_270_mic1,p323,data\VCTK\wav48_silence_trimmed\p323\p323_270_mic1.flac,p323,1,1,0.6732866168022156,0.6732866168022156,0.4149208068847656,0.25836580991744995,2.7329375
base,1,p323_270_mic1,p323,data\VCTK\wav48_silence_trimmed\p323\p323_270_mic1.flac,p238,0,1,0.3086068630218506,0.11499350517988205,0.3086068630218506,-0.19361335784196854,2.7329375
base,2,p323_270_mic1,p323,data\VCTK\wav48_silence_trimmed\p323\p323_270_mic1.flac,p238,0,1,0.45424899458885193,0.34283122420310974,0.45424899458885193,-0.11141777038574219,2.7329375
base,3,p323_270_mic1,p323,data\VCTK\wav48_silence_trimmed\p323\p323_270_mic1.flac,p295,0,1,0.46244996786117554,0.3667548596858978,0.46244996786117554,-0.09569510817527771,2.7329375
lca,1,p323_270_mic1,p323,data\VCTK\wav48_silence_trimmed\p323\p323_270_mic1.flac,p280,0,1,0.35845133662223816,0.1454564332962036,0.35845133662223816,-0.21299490332603455,2.7329375
lca,2,p323_270_mic1,p323,data\VCTK\wav48_silence_trimmed\p323\p323_270_mic1.flac,p250,0,1,0.4638875126838684,0.33542293310165405,0.4638875126838684,-0.12846457958221436,2.7329375
lca,3,p323_270_mic1,p323,data\VCTK\wav48_silence_trimmed\p323\p323_270_mic1.flac,p340,0,1,0.4965086579322815,0.40516072511672974,0.4965086579322815,-0.09134793281555176,2.7329375
original,0,p323_363_mic1,p323,data\VCTK\wav48_silence_trimmed\p323\p323_363_mic1.flac,p323,1,1,0.6584548950195312,0.6584548950195312,0.5321864485740662,0.1262684464454651,3.203125
base,1,p323_363_mic1,p323,data\VCTK\wav48_silence_trimmed\p323\p323_363_mic1.flac,p262,0,1,0.40434810519218445,0.16413825750350952,0.40434810519218445,-0.24020984768867493,3.203125
base,2,p323_363_mic1,p323,data\VCTK\wav48_silence_trimmed\p323\p323_363_mic1.flac,p323,1,1,0.4213006794452667,0.4213006794452667,0.4173130989074707,0.0039875805377960205,3.203125
base,3,p323_363_mic1,p323,data\VCTK\wav48_silence_trimmed\p323\p323_363_mic1.flac,p323,1,1,0.4747917652130127,0.4747917652130127,0.41486886143684387,0.05992290377616882,3.203125
lca,1,p323_363_mic1,p323,data\VCTK\wav48_silence_trimmed\p323\p323_363_mic1.flac,p280,0,1,0.4286437928676605,0.2572184205055237,0.4286437928676605,-0.17142537236213684,3.203125
lca,2,p323_363_mic1,p323,data\VCTK\wav48_silence_trimmed\p323\p323_363_mic1.flac,p280,0,1,0.4852864444255829,0.4282305836677551,0.4852864444255829,-0.05705586075782776,3.203125
lca,3,p323_363_mic1,p323,data\VCTK\wav48_silence_trimmed\p323\p323_363_mic1.flac,p280,0,1,0.4895206093788147,0.464117169380188,0.4895206093788147,-0.02540343999862671,3.203125
original,0,p326_044_mic2,p326,data\VCTK\wav48_silence_trimmed\p326\p326_044_mic2.flac,p326,1,1,0.6623036861419678,0.6623036861419678,0.4921587109565735,0.1701449751853943,3.010125
base,1,p326_044_mic2,p326,data\VCTK\wav48_silence_trimmed\p326\p326_044_mic2.flac,p295,0,1,0.343173623085022,0.025135962292551994,0.343173623085022,-0.31803766079247,3.010125
base,2,p326_044_mic2,p326,data\VCTK\wav48_silence_trimmed\p326\p326_044_mic2.flac,p326,1,1,0.4663153290748596,0.4663153290748596,0.3953990042209625,0.0709163248538971,3.010125
base,3,p326_044_mic2,p326,data\VCTK\wav48_silence_trimmed\p326\p326_044_mic2.flac,p326,1,1,0.48642420768737793,0.48642420768737793,0.4173150062561035,0.06910920143127441,3.010125
lca,1,p326_044_mic2,p326,data\VCTK\wav48_silence_trimmed\p326\p326_044_mic2.flac,p364,0,1,0.37704622745513916,0.1127597913146019,0.37704622745513916,-0.26428643614053726,3.010125
lca,2,p326_044_mic2,p326,data\VCTK\wav48_silence_trimmed\p326\p326_044_mic2.flac,p347,0,1,0.4738771915435791,0.20568077266216278,0.4738771915435791,-0.2681964188814163,3.010125
lca,3,p326_044_mic2,p326,data\VCTK\wav48_silence_trimmed\p326\p326_044_mic2.flac,p347,0,1,0.45228296518325806,0.3041346073150635,0.45228296518325806,-0.14814835786819458,3.010125
original,0,p326_086_mic1,p326,data\VCTK\wav48_silence_trimmed\p326\p326_086_mic1.flac,p326,1,1,0.5195035934448242,0.5195035934448242,0.266694039106369,0.2528095543384552,3.418375
base,1,p326_086_mic1,p326,data\VCTK\wav48_silence_trimmed\p326\p326_086_mic1.flac,p248,0,1,0.2707633376121521,0.20295320451259613,0.2707633376121521,-0.06781013309955597,3.418375
base,2,p326_086_mic1,p326,data\VCTK\wav48_silence_trimmed\p326\p326_086_mic1.flac,p364,0,1,0.37711501121520996,0.16276288032531738,0.37711501121520996,-0.21435213088989258,3.418375
base,3,p326_086_mic1,p326,data\VCTK\wav48_silence_trimmed\p326\p326_086_mic1.flac,p364,0,1,0.40354618430137634,0.2608664035797119,0.40354618430137634,-0.14267978072166443,3.418375
lca,1,p326_086_mic1,p326,data\VCTK\wav48_silence_trimmed\p326\p326_086_mic1.flac,p243,0,0,0.21014299988746643,-0.032028406858444214,0.21014299988746643,-0.24217140674591064,3.418375
lca,2,p326_086_mic1,p326,data\VCTK\wav48_silence_trimmed\p326\p326_086_mic1.flac,p364,0,0,0.2442450076341629,0.04758179932832718,0.2442450076341629,-0.19666320830583572,3.418375
lca,3,p326_086_mic1,p326,data\VCTK\wav48_silence_trimmed\p326\p326_086_mic1.flac,p364,0,1,0.3848273754119873,0.09582703560590744,0.3848273754119873,-0.28900033980607986,3.418375
original,0,p326_093_mic1,p326,data\VCTK\wav48_silence_trimmed\p326\p326_093_mic1.flac,p326,1,1,0.8411523103713989,0.8411523103713989,0.37352919578552246,0.46762311458587646,3.2050625
base,1,p326_093_mic1,p326,data\VCTK\wav48_silence_trimmed\p326\p326_093_mic1.flac,p364,0,1,0.4367859959602356,0.258367121219635,0.4367859959602356,-0.17841887474060059,3.2050625
base,2,p326_093_mic1,p326,data\VCTK\wav48_silence_trimmed\p326\p326_093_mic1.flac,p326,1,1,0.45648854970932007,0.45648854970932007,0.4447857141494751,0.01170283555984497,3.2050625
base,3,p326_093_mic1,p326,data\VCTK\wav48_silence_trimmed\p326\p326_093_mic1.flac,p326,1,1,0.602410078048706,0.602410078048706,0.40720295906066895,0.1952071189880371,3.2050625
lca,1,p326_093_mic1,p326,data\VCTK\wav48_silence_trimmed\p326\p326_093_mic1.flac,p364,0,1,0.444524347782135,0.21551430225372314,0.444524347782135,-0.22901004552841187,3.2050625
lca,2,p326_093_mic1,p326,data\VCTK\wav48_silence_trimmed\p326\p326_093_mic1.flac,p364,0,1,0.46551352739334106,0.3824901282787323,0.46551352739334106,-0.08302339911460876,3.2050625
lca,3,p326_093_mic1,p326,data\VCTK\wav48_silence_trimmed\p326\p326_093_mic1.flac,p364,0,1,0.43974727392196655,0.4093145728111267,0.43974727392196655,-0.030432701110839844,3.2050625
original,0,p326_170_mic1,p326,data\VCTK\wav48_silence_trimmed\p326\p326_170_mic1.flac,p326,1,1,0.7176647186279297,0.7176647186279297,0.4303455948829651,0.2873191237449646,3.35625
base,1,p326_170_mic1,p326,data\VCTK\wav48_silence_trimmed\p326\p326_170_mic1.flac,p364,0,1,0.44176024198532104,0.042391225695610046,0.44176024198532104,-0.399369016289711,3.35625
base,2,p326_170_mic1,p326,data\VCTK\wav48_silence_trimmed\p326\p326_170_mic1.flac,p364,0,1,0.46131426095962524,0.3302004933357239,0.46131426095962524,-0.13111376762390137,3.35625
base,3,p326_170_mic1,p326,data\VCTK\wav48_silence_trimmed\p326\p326_170_mic1.flac,p364,0,1,0.479489803314209,0.3995540738105774,0.479489803314209,-0.07993572950363159,3.35625
lca,1,p326_170_mic1,p326,data\VCTK\wav48_silence_trimmed\p326\p326_170_mic1.flac,p364,0,1,0.3895420730113983,0.13286544382572174,0.3895420730113983,-0.2566766291856766,3.35625
lca,2,p326_170_mic1,p326,data\VCTK\wav48_silence_trimmed\p326\p326_170_mic1.flac,p347,0,1,0.35976630449295044,0.236111119389534,0.35976630449295044,-0.12365518510341644,3.35625
lca,3,p326_170_mic1,p326,data\VCTK\wav48_silence_trimmed\p326\p326_170_mic1.flac,p347,0,1,0.394924134016037,0.27694591879844666,0.394924134016037,-0.11797821521759033,3.35625
original,0,p326_268_mic2,p326,data\VCTK\wav48_silence_trimmed\p326\p326_268_mic2.flac,p326,1,1,0.6593927145004272,0.6593927145004272,0.38935744762420654,0.2700352668762207,3.521125
base,1,p326_268_mic2,p326,data\VCTK\wav48_silence_trimmed\p326\p326_268_mic2.flac,p364,0,1,0.2819395661354065,0.14639073610305786,0.2819395661354065,-0.13554883003234863,3.521125
base,2,p326_268_mic2,p326,data\VCTK\wav48_silence_trimmed\p326\p326_268_mic2.flac,p364,0,1,0.40251225233078003,0.2647983431816101,0.40251225233078003,-0.13771390914916992,3.521125
base,3,p326_268_mic2,p326,data\VCTK\wav48_silence_trimmed\p326\p326_268_mic2.flac,p347,0,1,0.4557380974292755,0.3124791383743286,0.4557380974292755,-0.1432589590549469,3.521125
lca,1,p326_268_mic2,p326,data\VCTK\wav48_silence_trimmed\p326\p326_268_mic2.flac,p364,0,1,0.3676844537258148,0.12688252329826355,0.3676844537258148,-0.24080193042755127,3.521125
lca,2,p326_268_mic2,p326,data\VCTK\wav48_silence_trimmed\p326\p326_268_mic2.flac,p364,0,1,0.41415268182754517,0.2661988139152527,0.41415268182754517,-0.14795386791229248,3.521125
lca,3,p326_268_mic2,p326,data\VCTK\wav48_silence_trimmed\p326\p326_268_mic2.flac,p347,0,1,0.4517059922218323,0.28910011053085327,0.4517059922218323,-0.162605881690979,3.521125
original,0,p329_209_mic2,p329,data\VCTK\wav48_silence_trimmed\p329\p329_209_mic2.flac,p329,1,1,0.8246541619300842,0.8246541619300842,0.4678347408771515,0.35681942105293274,4.0605625
base,1,p329_209_mic2,p329,data\VCTK\wav48_silence_trimmed\p329\p329_209_mic2.flac,p343,0,1,0.35720309615135193,0.31482112407684326,0.35720309615135193,-0.04238197207450867,4.0605625
base,2,p329_209_mic2,p329,data\VCTK\wav48_silence_trimmed\p329\p329_209_mic2.flac,p329,1,1,0.5332857966423035,0.5332857966423035,0.4463835060596466,0.08690229058265686,4.0605625
base,3,p329_209_mic2,p329,data\VCTK\wav48_silence_trimmed\p329\p329_209_mic2.flac,p329,1,1,0.5761590003967285,0.5761590003967285,0.46723586320877075,0.10892313718795776,4.0605625
lca,1,p329_209_mic2,p329,data\VCTK\wav48_silence_trimmed\p329\p329_209_mic2.flac,p280,0,1,0.36805087327957153,0.29336827993392944,0.36805087327957153,-0.07468259334564209,4.0605625
lca,2,p329_209_mic2,p329,data\VCTK\wav48_silence_trimmed\p329\p329_209_mic2.flac,p244,0,1,0.39633893966674805,0.3779603838920593,0.39633893966674805,-0.01837855577468872,4.0605625
lca,3,p329_209_mic2,p329,data\VCTK\wav48_silence_trimmed\p329\p329_209_mic2.flac,p329,1,1,0.44269996881484985,0.44269996881484985,0.40484970808029175,0.037850260734558105,4.0605625
original,0,p329_346_mic2,p329,data\VCTK\wav48_silence_trimmed\p329\p329_346_mic2.flac,p329,1,1,0.7571917176246643,0.7571917176246643,0.399895042181015,0.3572966754436493,3.0864375
base,1,p329_346_mic2,p329,data\VCTK\wav48_silence_trimmed\p329\p329_346_mic2.flac,p329,1,1,0.37227171659469604,0.37227171659469604,0.336897611618042,0.03537410497665405,3.0864375
base,2,p329_346_mic2,p329,data\VCTK\wav48_silence_trimmed\p329\p329_346_mic2.flac,p329,1,1,0.486069917678833,0.486069917678833,0.3689152002334595,0.11715471744537354,3.0864375
base,3,p329_346_mic2,p329,data\VCTK\wav48_silence_trimmed\p329\p329_346_mic2.flac,p329,1,1,0.5226998329162598,0.5226998329162598,0.3920464515686035,0.13065338134765625,3.0864375
lca,1,p329_346_mic2,p329,data\VCTK\wav48_silence_trimmed\p329\p329_346_mic2.flac,p280,0,1,0.35778170824050903,0.28739017248153687,0.35778170824050903,-0.07039153575897217,3.0864375
lca,2,p329_346_mic2,p329,data\VCTK\wav48_silence_trimmed\p329\p329_346_mic2.flac,p280,0,1,0.4344968795776367,0.3665246367454529,0.4344968795776367,-0.06797224283218384,3.0864375
lca,3,p329_346_mic2,p329,data\VCTK\wav48_silence_trimmed\p329\p329_346_mic2.flac,p329,1,1,0.3747944235801697,0.3747944235801697,0.36804550886154175,0.00674891471862793,3.0864375
original,0,p329_354_mic1,p329,data\VCTK\wav48_silence_trimmed\p329\p329_354_mic1.flac,p329,1,1,0.5832422971725464,0.5832422971725464,0.3232284188270569,0.2600138783454895,2.60725
base,1,p329_354_mic1,p329,data\VCTK\wav48_silence_trimmed\p329\p329_354_mic1.flac,p329,1,1,0.37884753942489624,0.37884753942489624,0.35685890913009644,0.021988630294799805,2.60725
base,2,p329_354_mic1,p329,data\VCTK\wav48_silence_trimmed\p329\p329_354_mic1.flac,p329,1,1,0.460641086101532,0.460641086101532,0.39243078231811523,0.06821030378341675,2.60725
base,3,p329_354_mic1,p329,data\VCTK\wav48_silence_trimmed\p329\p329_354_mic1.flac,p329,1,1,0.44356098771095276,0.44356098771095276,0.3766971230506897,0.06686386466026306,2.60725
lca,1,p329_354_mic1,p329,data\VCTK\wav48_silence_trimmed\p329\p329_354_mic1.flac,p300,0,1,0.4187149107456207,0.21340814232826233,0.4187149107456207,-0.2053067684173584,2.60725
lca,2,p329_354_mic1,p329,data\VCTK\wav48_silence_trimmed\p329\p329_354_mic1.flac,p300,0,1,0.4284782409667969,0.31732869148254395,0.4284782409667969,-0.11114954948425293,2.60725
lca,3,p329_354_mic1,p329,data\VCTK\wav48_silence_trimmed\p329\p329_354_mic1.flac,p340,0,1,0.4062742590904236,0.32998037338256836,0.4062742590904236,-0.07629388570785522,2.60725
original,0,p329_393_mic1,p329,data\VCTK\wav48_silence_trimmed\p329\p329_393_mic1.flac,p329,1,1,0.738118052482605,0.738118052482605,0.42360788583755493,0.31451016664505005,3.152875
base,1,p329_393_mic1,p329,data\VCTK\wav48_silence_trimmed\p329\p329_393_mic1.flac,p351,0,1,0.37268441915512085,0.35706284642219543,0.37268441915512085,-0.015621572732925415,3.152875
base,2,p329_393_mic1,p329,data\VCTK\wav48_silence_trimmed\p329\p329_393_mic1.flac,p329,1,1,0.5147524476051331,0.5147524476051331,0.4631122946739197,0.05164015293121338,3.152875
base,3,p329_393_mic1,p329,data\VCTK\wav48_silence_trimmed\p329\p329_393_mic1.flac,p329,1,1,0.5183766484260559,0.5183766484260559,0.46992799639701843,0.048448652029037476,3.152875
lca,1,p329_393_mic1,p329,data\VCTK\wav48_silence_trimmed\p329\p329_393_mic1.flac,p244,0,1,0.3607178330421448,0.32477638125419617,0.3607178330421448,-0.03594145178794861,3.152875
lca,2,p329_393_mic1,p329,data\VCTK\wav48_silence_trimmed\p329\p329_393_mic1.flac,p329,1,1,0.5029215216636658,0.5029215216636658,0.44779229164123535,0.05512923002243042,3.152875
lca,3,p329_393_mic1,p329,data\VCTK\wav48_silence_trimmed\p329\p329_393_mic1.flac,p329,1,1,0.49901479482650757,0.49901479482650757,0.4321777820587158,0.06683701276779175,3.152875
original,0,p329_410_mic1,p329,data\VCTK\wav48_silence_trimmed\p329\p329_410_mic1.flac,p329,1,1,0.7400798797607422,0.7400798797607422,0.39521825313568115,0.34486162662506104,3.8538125
base,1,p329_410_mic1,p329,data\VCTK\wav48_silence_trimmed\p329\p329_410_mic1.flac,p329,1,1,0.4035813808441162,0.4035813808441162,0.3917878568172455,0.011793524026870728,3.8538125
base,2,p329_410_mic1,p329,data\VCTK\wav48_silence_trimmed\p329\p329_410_mic1.flac,p329,1,1,0.5057654976844788,0.5057654976844788,0.4154227375984192,0.09034276008605957,3.8538125
base,3,p329_410_mic1,p329,data\VCTK\wav48_silence_trimmed\p329\p329_410_mic1.flac,p329,1,1,0.5132818222045898,0.5132818222045898,0.44478335976600647,0.06849846243858337,3.8538125
lca,1,p329_410_mic1,p329,data\VCTK\wav48_silence_trimmed\p329\p329_410_mic1.flac,p250,0,1,0.4174184203147888,0.3214484453201294,0.4174184203147888,-0.09596997499465942,3.8538125
lca,2,p329_410_mic1,p329,data\VCTK\wav48_silence_trimmed\p329\p329_410_mic1.flac,p280,0,1,0.40375879406929016,0.3849406838417053,0.40375879406929016,-0.01881811022758484,3.8538125
lca,3,p329_410_mic1,p329,data\VCTK\wav48_silence_trimmed\p329\p329_410_mic1.flac,p329,1,1,0.37765589356422424,0.37765589356422424,0.36551541090011597,0.012140482664108276,3.8538125
original,0,p330_010_mic1,p330,data\VCTK\wav48_silence_trimmed\p330\p330_010_mic1.flac,p330,1,1,0.7245866656303406,0.7245866656303406,0.40801942348480225,0.31656724214553833,3.6613125
base,1,p330_010_mic1,p330,data\VCTK\wav48_silence_trimmed\p330\p330_010_mic1.flac,p262,0,1,0.3383127450942993,0.2822611629962921,0.3383127450942993,-0.0560515820980072,3.6613125
base,2,p330_010_mic1,p330,data\VCTK\wav48_silence_trimmed\p330\p330_010_mic1.flac,p330,1,1,0.4589799642562866,0.4589799642562866,0.40703606605529785,0.05194389820098877,3.6613125
base,3,p330_010_mic1,p330,data\VCTK\wav48_silence_trimmed\p330\p330_010_mic1.flac,p330,1,1,0.46570688486099243,0.46570688486099243,0.41584616899490356,0.04986071586608887,3.6613125
lca,1,p330_010_mic1,p330,data\VCTK\wav48_silence_trimmed\p330\p330_010_mic1.flac,p250,0,1,0.3982938230037689,0.34063220024108887,0.3982938230037689,-0.057661622762680054,3.6613125
lca,2,p330_010_mic1,p330,data\VCTK\wav48_silence_trimmed\p330\p330_010_mic1.flac,p250,0,1,0.47750169038772583,0.4672161340713501,0.47750169038772583,-0.010285556316375732,3.6613125
lca,3,p330_010_mic1,p330,data\VCTK\wav48_silence_trimmed\p330\p330_010_mic1.flac,p250,0,1,0.4702335000038147,0.46025365591049194,0.4702335000038147,-0.009979844093322754,3.6613125
original,0,p330_079_mic1,p330,data\VCTK\wav48_silence_trimmed\p330\p330_079_mic1.flac,p330,1,1,0.733330249786377,0.733330249786377,0.4084892272949219,0.3248410224914551,2.8618125
base,1,p330_079_mic1,p330,data\VCTK\wav48_silence_trimmed\p330\p330_079_mic1.flac,p280,0,1,0.3850162923336029,0.16751468181610107,0.3850162923336029,-0.21750161051750183,2.8618125
base,2,p330_079_mic1,p330,data\VCTK\wav48_silence_trimmed\p330\p330_079_mic1.flac,p262,0,1,0.446357399225235,0.37535208463668823,0.446357399225235,-0.07100531458854675,2.8618125
base,3,p330_079_mic1,p330,data\VCTK\wav48_silence_trimmed\p330\p330_079_mic1.flac,p330,1,1,0.41362082958221436,0.41362082958221436,0.40101033449172974,0.01261049509048462,2.8618125
lca,1,p330_079_mic1,p330,data\VCTK\wav48_silence_trimmed\p330\p330_079_mic1.flac,p280,0,1,0.36568450927734375,0.1294439435005188,0.36568450927734375,-0.23624056577682495,2.8618125
lca,2,p330_079_mic1,p330,data\VCTK\wav48_silence_trimmed\p330\p330_079_mic1.flac,p313,0,1,0.4843299984931946,0.39501118659973145,0.4843299984931946,-0.08931881189346313,2.8618125
lca,3,p330_079_mic1,p330,data\VCTK\wav48_silence_trimmed\p330\p330_079_mic1.flac,p280,0,1,0.48395413160324097,0.47232693433761597,0.48395413160324097,-0.011627197265625,2.8618125
original,0,p330_161_mic1,p330,data\VCTK\wav48_silence_trimmed\p330\p330_161_mic1.flac,p330,1,1,0.7817113995552063,0.7817113995552063,0.3998594880104065,0.3818519115447998,5.040875
base,1,p330_161_mic1,p330,data\VCTK\wav48_silence_trimmed\p330\p330_161_mic1.flac,p330,1,1,0.41196325421333313,0.41196325421333313,0.3787735402584076,0.03318971395492554,5.040875
base,2,p330_161_mic1,p330,data\VCTK\wav48_silence_trimmed\p330\p330_161_mic1.flac,p330,1,1,0.5087704658508301,0.5087704658508301,0.36909133195877075,0.13967913389205933,5.040875
base,3,p330_161_mic1,p330,data\VCTK\wav48_silence_trimmed\p330\p330_161_mic1.flac,p330,1,1,0.5171108245849609,0.5171108245849609,0.39180099964141846,0.12530982494354248,5.040875
lca,1,p330_161_mic1,p330,data\VCTK\wav48_silence_trimmed\p330\p330_161_mic1.flac,p280,0,1,0.3982078433036804,0.33736008405685425,0.3982078433036804,-0.06084775924682617,5.040875
lca,2,p330_161_mic1,p330,data\VCTK\wav48_silence_trimmed\p330\p330_161_mic1.flac,p340,0,1,0.45881932973861694,0.409516841173172,0.45881932973861694,-0.049302488565444946,5.040875
lca,3,p330_161_mic1,p330,data\VCTK\wav48_silence_trimmed\p330\p330_161_mic1.flac,p330,1,1,0.4515836834907532,0.4515836834907532,0.42104434967041016,0.030539333820343018,5.040875
original,0,p330_375_mic2,p330,data\VCTK\wav48_silence_trimmed\p330\p330_375_mic2.flac,p330,1,1,0.7862716913223267,0.7862716913223267,0.4038504362106323,0.38242125511169434,3.0479375
base,1,p330_375_mic2,p330,data\VCTK\wav48_silence_trimmed\p330\p330_375_mic2.flac,p330,1,1,0.3553427755832672,0.3553427755832672,0.3018741011619568,0.053468674421310425,3.0479375
base,2,p330_375_mic2,p330,data\VCTK\wav48_silence_trimmed\p330\p330_375_mic2.flac,p330,1,1,0.46881210803985596,0.46881210803985596,0.4054764211177826,0.06333568692207336,3.0479375
base,3,p330_375_mic2,p330,data\VCTK\wav48_silence_trimmed\p330\p330_375_mic2.flac,p330,1,1,0.47672680020332336,0.47672680020332336,0.39859744906425476,0.0781293511390686,3.0479375
lca,1,p330_375_mic2,p330,data\VCTK\wav48_silence_trimmed\p330\p330_375_mic2.flac,p330,1,1,0.39802390336990356,0.39802390336990356,0.38785433769226074,0.010169565677642822,3.0479375
lca,2,p330_375_mic2,p330,data\VCTK\wav48_silence_trimmed\p330\p330_375_mic2.flac,p330,1,1,0.44076842069625854,0.44076842069625854,0.3926469087600708,0.048121511936187744,3.0479375
lca,3,p330_375_mic2,p330,data\VCTK\wav48_silence_trimmed\p330\p330_375_mic2.flac,p330,1,1,0.46437329053878784,0.46437329053878784,0.3811972141265869,0.08317607641220093,3.0479375
original,0,p330_423_mic2,p330,data\VCTK\wav48_silence_trimmed\p330\p330_423_mic2.flac,p330,1,1,0.7574414014816284,0.7574414014816284,0.46821293234825134,0.2892284691333771,3.0061875
base,1,p330_423_mic2,p330,data\VCTK\wav48_silence_trimmed\p330\p330_423_mic2.flac,p238,0,1,0.2996526062488556,0.2640634775161743,0.2996526062488556,-0.035589128732681274,3.0061875
base,2,p330_423_mic2,p330,data\VCTK\wav48_silence_trimmed\p330\p330_423_mic2.flac,p280,0,1,0.4230293035507202,0.3837509751319885,0.4230293035507202,-0.03927832841873169,3.0061875
base,3,p330_423_mic2,p330,data\VCTK\wav48_silence_trimmed\p330\p330_423_mic2.flac,p330,1,1,0.41482892632484436,0.41482892632484436,0.3926008641719818,0.02222806215286255,3.0061875
lca,1,p330_423_mic2,p330,data\VCTK\wav48_silence_trimmed\p330\p330_423_mic2.flac,p330,1,1,0.3050556182861328,0.3050556182861328,0.26208704710006714,0.042968571186065674,3.0061875
lca,2,p330_423_mic2,p330,data\VCTK\wav48_silence_trimmed\p330\p330_423_mic2.flac,p295,0,1,0.3668420910835266,0.3393346667289734,0.3668420910835266,-0.027507424354553223,3.0061875
lca,3,p330_423_mic2,p330,data\VCTK\wav48_silence_trimmed\p330\p330_423_mic2.flac,p330,1,1,0.3924282193183899,0.3924282193183899,0.3901350200176239,0.002293199300765991,3.0061875
original,0,p333_027_mic2,p333,data\VCTK\wav48_silence_trimmed\p333\p333_027_mic2.flac,p333,1,1,0.6250201463699341,0.6250201463699341,0.39640069007873535,0.22861945629119873,2.859625
base,1,p333_027_mic2,p333,data\VCTK\wav48_silence_trimmed\p333\p333_027_mic2.flac,p301,0,1,0.35654783248901367,0.13148878514766693,0.35654783248901367,-0.22505904734134674,2.859625
base,2,p333_027_mic2,p333,data\VCTK\wav48_silence_trimmed\p333\p333_027_mic2.flac,p301,0,1,0.46328386664390564,0.21554149687290192,0.46328386664390564,-0.24774236977100372,2.859625
base,3,p333_027_mic2,p333,data\VCTK\wav48_silence_trimmed\p333\p333_027_mic2.flac,p301,0,1,0.42318838834762573,0.30795907974243164,0.42318838834762573,-0.11522930860519409,2.859625
lca,1,p333_027_mic2,p333,data\VCTK\wav48_silence_trimmed\p333\p333_027_mic2.flac,p266,0,1,0.3180423378944397,0.19832128286361694,0.3180423378944397,-0.11972105503082275,2.859625
lca,2,p333_027_mic2,p333,data\VCTK\wav48_silence_trimmed\p333\p333_027_mic2.flac,p314,0,1,0.46445584297180176,0.3619873821735382,0.46445584297180176,-0.10246846079826355,2.859625
lca,3,p333_027_mic2,p333,data\VCTK\wav48_silence_trimmed\p333\p333_027_mic2.flac,p314,0,1,0.4937509298324585,0.41618749499320984,0.4937509298324585,-0.07756343483924866,2.859625
original,0,p333_031_mic2,p333,data\VCTK\wav48_silence_trimmed\p333\p333_031_mic2.flac,p333,1,1,0.7217957973480225,0.7217957973480225,0.5303282141685486,0.19146758317947388,3.2473125
base,1,p333_031_mic2,p333,data\VCTK\wav48_silence_trimmed\p333\p333_031_mic2.flac,p238,0,1,0.40976378321647644,0.2278042882680893,0.40976378321647644,-0.18195949494838715,3.2473125
base,2,p333_031_mic2,p333,data\VCTK\wav48_silence_trimmed\p333\p333_031_mic2.flac,p265,0,1,0.40780699253082275,0.36448758840560913,0.40780699253082275,-0.04331940412521362,3.2473125
base,3,p333_031_mic2,p333,data\VCTK\wav48_silence_trimmed\p333\p333_031_mic2.flac,p265,0,1,0.4225924611091614,0.3984737694263458,0.4225924611091614,-0.024118691682815552,3.2473125
lca,1,p333_031_mic2,p333,data\VCTK\wav48_silence_trimmed\p333\p333_031_mic2.flac,p313,0,1,0.38933923840522766,0.3029443025588989,0.38933923840522766,-0.08639493584632874,3.2473125
lca,2,p333_031_mic2,p333,data\VCTK\wav48_silence_trimmed\p333\p333_031_mic2.flac,p308,0,1,0.4758789539337158,0.47532811760902405,0.4758789539337158,-0.0005508363246917725,3.2473125
lca,3,p333_031_mic2,p333,data\VCTK\wav48_silence_trimmed\p333\p333_031_mic2.flac,p333,1,1,0.5178846716880798,0.5178846716880798,0.5037251710891724,0.01415950059890747,3.2473125
original,0,p333_113_mic1,p333,data\VCTK\wav48_silence_trimmed\p333\p333_113_mic1.flac,p333,1,1,0.768410325050354,0.768410325050354,0.37010592222213745,0.39830440282821655,2.265
base,1,p333_113_mic1,p333,data\VCTK\wav48_silence_trimmed\p333\p333_113_mic1.flac,p244,0,1,0.33185482025146484,0.17192339897155762,0.33185482025146484,-0.15993142127990723,2.265
base,2,p333_113_mic1,p333,data\VCTK\wav48_silence_trimmed\p333\p333_113_mic1.flac,p333,1,1,0.41671624779701233,0.41671624779701233,0.37119555473327637,0.04552069306373596,2.265
base,3,p333_113_mic1,p333,data\VCTK\wav48_silence_trimmed\p333\p333_113_mic1.flac,p333,1,1,0.4399566650390625,0.4399566650390625,0.3992195427417755,0.04073712229728699,2.265
lca,1,p333_113_mic1,p333,data\VCTK\wav48_silence_trimmed\p333\p333_113_mic1.flac,p280,0,1,0.3737230896949768,0.20788851380348206,0.3737230896949768,-0.16583457589149475,2.265
lca,2,p333_113_mic1,p333,data\VCTK\wav48_silence_trimmed\p333\p333_113_mic1.flac,p313,0,1,0.3832414150238037,0.32324063777923584,0.3832414150238037,-0.06000077724456787,2.265
lca,3,p333_113_mic1,p333,data\VCTK\wav48_silence_trimmed\p333\p333_113_mic1.flac,p333,1,1,0.4363303780555725,0.4363303780555725,0.40277841687202454,0.033551961183547974,2.265
original,0,p333_296_mic1,p333,data\VCTK\wav48_silence_trimmed\p333\p333_296_mic1.flac,p333,1,1,0.5927410125732422,0.5927410125732422,0.3886212706565857,0.2041197419166565,1.9666875
base,1,p333_296_mic1,p333,data\VCTK\wav48_silence_trimmed\p333\p333_296_mic1.flac,p265,0,1,0.28577566146850586,0.18931944668293,0.28577566146850586,-0.09645621478557587,1.9666875
base,2,p333_296_mic1,p333,data\VCTK\wav48_silence_trimmed\p333\p333_296_mic1.flac,p341,0,1,0.35761576890945435,0.1813855916261673,0.35761576890945435,-0.17623017728328705,1.9666875
base,3,p333_296_mic1,p333,data\VCTK\wav48_silence_trimmed\p333\p333_296_mic1.flac,p299,0,1,0.36662471294403076,0.265612930059433,0.36662471294403076,-0.10101178288459778,1.9666875
lca,1,p333_296_mic1,p333,data\VCTK\wav48_silence_trimmed\p333\p333_296_mic1.flac,p343,0,1,0.2939724624156952,0.19868186116218567,0.2939724624156952,-0.09529060125350952,1.9666875
lca,2,p333_296_mic1,p333,data\VCTK\wav48_silence_trimmed\p333\p333_296_mic1.flac,p299,0,1,0.41066494584083557,0.26737523078918457,0.41066494584083557,-0.143289715051651,1.9666875
lca,3,p333_296_mic1,p333,data\VCTK\wav48_silence_trimmed\p333\p333_296_mic1.flac,p299,0,1,0.43837741017341614,0.3575235605239868,0.43837741017341614,-0.08085384964942932,1.9666875
original,0,p333_345_mic1,p333,data\VCTK\wav48_silence_trimmed\p333\p333_345_mic1.flac,p333,1,1,0.6948255300521851,0.6948255300521851,0.39378201961517334,0.3010435104370117,2.7764375
base,1,p333_345_mic1,p333,data\VCTK\wav48_silence_trimmed\p333\p333_345_mic1.flac,p280,0,1,0.38443905115127563,0.17249524593353271,0.38443905115127563,-0.21194380521774292,2.7764375
base,2,p333_345_mic1,p333,data\VCTK\wav48_silence_trimmed\p333\p333_345_mic1.flac,p308,0,1,0.4486975073814392,0.3473241329193115,0.4486975073814392,-0.10137337446212769,2.7764375
base,3,p333_345_mic1,p333,data\VCTK\wav48_silence_trimmed\p333\p333_345_mic1.flac,p308,0,1,0.43534618616104126,0.4221019148826599,0.43534618616104126,-0.013244271278381348,2.7764375
lca,1,p333_345_mic1,p333,data\VCTK\wav48_silence_trimmed\p333\p333_345_mic1.flac,p231,0,1,0.36388665437698364,0.2974967360496521,0.36388665437698364,-0.06638991832733154,2.7764375
lca,2,p333_345_mic1,p333,data\VCTK\wav48_silence_trimmed\p333\p333_345_mic1.flac,p250,0,1,0.37728920578956604,0.34921523928642273,0.37728920578956604,-0.02807396650314331,2.7764375
lca,3,p333_345_mic1,p333,data\VCTK\wav48_silence_trimmed\p333\p333_345_mic1.flac,p308,0,1,0.38848742842674255,0.3557884991168976,0.38848742842674255,-0.03269892930984497,2.7764375
original,0,p334_046_mic1,p334,data\VCTK\wav48_silence_trimmed\p334\p334_046_mic1.flac,p334,1,1,0.7217733263969421,0.7217733263969421,0.4168394207954407,0.30493390560150146,2.817625
base,1,p334_046_mic1,p334,data\VCTK\wav48_silence_trimmed\p334\p334_046_mic1.flac,p374,0,1,0.33349180221557617,0.13700853288173676,0.33349180221557617,-0.19648326933383942,2.817625
base,2,p334_046_mic1,p334,data\VCTK\wav48_silence_trimmed\p334\p334_046_mic1.flac,p347,0,1,0.4269004464149475,0.3005247712135315,0.4269004464149475,-0.12637567520141602,2.817625
base,3,p334_046_mic1,p334,data\VCTK\wav48_silence_trimmed\p334\p334_046_mic1.flac,p347,0,1,0.4825770854949951,0.3399099111557007,0.4825770854949951,-0.14266717433929443,2.817625
lca,1,p334_046_mic1,p334,data\VCTK\wav48_silence_trimmed\p334\p334_046_mic1.flac,p347,0,1,0.3454497456550598,0.14291509985923767,0.3454497456550598,-0.20253464579582214,2.817625
lca,2,p334_046_mic1,p334,data\VCTK\wav48_silence_trimmed\p334\p334_046_mic1.flac,p347,0,1,0.45177310705184937,0.2711198925971985,0.45177310705184937,-0.18065321445465088,2.817625
lca,3,p334_046_mic1,p334,data\VCTK\wav48_silence_trimmed\p334\p334_046_mic1.flac,p347,0,1,0.497601717710495,0.3426739275455475,0.497601717710495,-0.1549277901649475,2.817625
original,0,p334_092_mic2,p334,data\VCTK\wav48_silence_trimmed\p334\p334_092_mic2.flac,p334,1,1,0.72002774477005,0.72002774477005,0.429923415184021,0.29010432958602905,2.94925
base,1,p334_092_mic2,p334,data\VCTK\wav48_silence_trimmed\p334\p334_092_mic2.flac,p364,0,1,0.3496765196323395,0.1548842042684555,0.3496765196323395,-0.19479231536388397,2.94925
base,2,p334_092_mic2,p334,data\VCTK\wav48_silence_trimmed\p334\p334_092_mic2.flac,p347,0,1,0.5226543545722961,0.40757113695144653,0.5226543545722961,-0.11508321762084961,2.94925
base,3,p334_092_mic2,p334,data\VCTK\wav48_silence_trimmed\p334\p334_092_mic2.flac,p347,0,1,0.48976004123687744,0.4207676649093628,0.48976004123687744,-0.06899237632751465,2.94925
lca,1,p334_092_mic2,p334,data\VCTK\wav48_silence_trimmed\p334\p334_092_mic2.flac,p347,0,1,0.38331711292266846,0.18566343188285828,0.38331711292266846,-0.19765368103981018,2.94925
lca,2,p334_092_mic2,p334,data\VCTK\wav48_silence_trimmed\p334\p334_092_mic2.flac,p347,0,1,0.5190680027008057,0.30914169549942017,0.5190680027008057,-0.2099263072013855,2.94925
lca,3,p334_092_mic2,p334,data\VCTK\wav48_silence_trimmed\p334\p334_092_mic2.flac,p347,0,1,0.5584799647331238,0.33778807520866394,0.5584799647331238,-0.22069188952445984,2.94925
original,0,p334_112_mic2,p334,data\VCTK\wav48_silence_trimmed\p334\p334_112_mic2.flac,p334,1,1,0.6978704929351807,0.6978704929351807,0.34901106357574463,0.34885942935943604,2.435125
base,1,p334_112_mic2,p334,data\VCTK\wav48_silence_trimmed\p334\p334_112_mic2.flac,p347,0,1,0.286286324262619,-0.04121866822242737,0.286286324262619,-0.3275049924850464,2.435125
base,2,p334_112_mic2,p334,data\VCTK\wav48_silence_trimmed\p334\p334_112_mic2.flac,p347,0,1,0.48353973031044006,0.13765576481819153,0.48353973031044006,-0.34588396549224854,2.435125
base,3,p334_112_mic2,p334,data\VCTK\wav48_silence_trimmed\p334\p334_112_mic2.flac,p347,0,1,0.5144026279449463,0.2424475997686386,0.5144026279449463,-0.2719550281763077,2.435125
lca,1,p334_112_mic2,p334,data\VCTK\wav48_silence_trimmed\p334\p334_112_mic2.flac,p347,0,1,0.3648308217525482,0.021256038919091225,0.3648308217525482,-0.343574782833457,2.435125
lca,2,p334_112_mic2,p334,data\VCTK\wav48_silence_trimmed\p334\p334_112_mic2.flac,p347,0,1,0.506024181842804,0.16082896292209625,0.506024181842804,-0.3451952189207077,2.435125
lca,3,p334_112_mic2,p334,data\VCTK\wav48_silence_trimmed\p334\p334_112_mic2.flac,p347,0,1,0.5421898365020752,0.19809739291667938,0.5421898365020752,-0.3440924435853958,2.435125
original,0,p334_260_mic1,p334,data\VCTK\wav48_silence_trimmed\p334\p334_260_mic1.flac,p334,1,1,0.715645432472229,0.715645432472229,0.33084508776664734,0.38480034470558167,2.646875
base,1,p334_260_mic1,p334,data\VCTK\wav48_silence_trimmed\p334\p334_260_mic1.flac,p364,0,1,0.3039710223674774,0.0024568475782871246,0.3039710223674774,-0.3015141747891903,2.646875
base,2,p334_260_mic1,p334,data\VCTK\wav48_silence_trimmed\p334\p334_260_mic1.flac,p364,0,1,0.37729412317276,0.13353915512561798,0.37729412317276,-0.24375496804714203,2.646875
base,3,p334_260_mic1,p334,data\VCTK\wav48_silence_trimmed\p334\p334_260_mic1.flac,p347,0,1,0.45480337738990784,0.26324599981307983,0.45480337738990784,-0.191557377576828,2.646875
lca,1,p334_260_mic1,p334,data\VCTK\wav48_silence_trimmed\p334\p334_260_mic1.flac,p280,0,1,0.39431071281433105,0.14360246062278748,0.39431071281433105,-0.2507082521915436,2.646875
lca,2,p334_260_mic1,p334,data\VCTK\wav48_silence_trimmed\p334\p334_260_mic1.flac,p347,0,1,0.49040883779525757,0.25468504428863525,0.49040883779525757,-0.23572379350662231,2.646875
lca,3,p334_260_mic1,p334,data\VCTK\wav48_silence_trimmed\p334\p334_260_mic1.flac,p347,0,1,0.5241421461105347,0.2791505455970764,0.5241421461105347,-0.24499160051345825,2.646875
original,0,p334_391_mic2,p334,data\VCTK\wav48_silence_trimmed\p334\p334_391_mic2.flac,p334,1,1,0.7565893530845642,0.7565893530845642,0.3115605115890503,0.4450288414955139,2.988625
base,1,p334_391_mic2,p334,data\VCTK\wav48_silence_trimmed\p334\p334_391_mic2.flac,p316,0,1,0.3393828570842743,0.15067645907402039,0.3393828570842743,-0.1887063980102539,2.988625
base,2,p334_391_mic2,p334,data\VCTK\wav48_silence_trimmed\p334\p334_391_mic2.flac,p334,1,1,0.42570334672927856,0.42570334672927856,0.41092923283576965,0.014774113893508911,2.988625
base,3,p334_391_mic2,p334,data\VCTK\wav48_silence_trimmed\p334\p334_391_mic2.flac,p347,0,1,0.4775943160057068,0.4646252989768982,0.4775943160057068,-0.012969017028808594,2.988625
lca,1,p334_391_mic2,p334,data\VCTK\wav48_silence_trimmed\p334\p334_391_mic2.flac,p364,0,1,0.372857004404068,0.16481482982635498,0.372857004404068,-0.208042174577713,2.988625
lca,2,p334_391_mic2,p334,data\VCTK\wav48_silence_trimmed\p334\p334_391_mic2.flac,p347,0,1,0.45525285601615906,0.3869168162345886,0.45525285601615906,-0.06833603978157043,2.988625
lca,3,p334_391_mic2,p334,data\VCTK\wav48_silence_trimmed\p334\p334_391_mic2.flac,p347,0,1,0.44597184658050537,0.40607738494873047,0.44597184658050537,-0.0398944616317749,2.988625
original,0,p335_004_mic2,p335,data\VCTK\wav48_silence_trimmed\p335\p335_004_mic2.flac,p335,1,1,0.7690773010253906,0.7690773010253906,0.3713573217391968,0.39771997928619385,7.0336875
base,1,p335_004_mic2,p335,data\VCTK\wav48_silence_trimmed\p335\p335_004_mic2.flac,p238,0,1,0.4213762879371643,0.3124912977218628,0.4213762879371643,-0.10888499021530151,7.0336875
base,2,p335_004_mic2,p335,data\VCTK\wav48_silence_trimmed\p335\p335_004_mic2.flac,p238,0,1,0.45114225149154663,0.32629385590553284,0.45114225149154663,-0.1248483955860138,7.0336875
base,3,p335_004_mic2,p335,data\VCTK\wav48_silence_trimmed\p335\p335_004_mic2.flac,p233,0,1,0.4376997947692871,0.3342522978782654,0.4376997947692871,-0.10344749689102173,7.0336875
lca,1,p335_004_mic2,p335,data\VCTK\wav48_silence_trimmed\p335\p335_004_mic2.flac,p280,0,1,0.42288821935653687,0.17446348071098328,0.42288821935653687,-0.2484247386455536,7.0336875
lca,2,p335_004_mic2,p335,data\VCTK\wav48_silence_trimmed\p335\p335_004_mic2.flac,p280,0,1,0.495681494474411,0.19534912705421448,0.495681494474411,-0.30033236742019653,7.0336875
lca,3,p335_004_mic2,p335,data\VCTK\wav48_silence_trimmed\p335\p335_004_mic2.flac,p340,0,1,0.47616344690322876,0.22695305943489075,0.47616344690322876,-0.249210387468338,7.0336875
original,0,p335_281_mic2,p335,data\VCTK\wav48_silence_trimmed\p335\p335_281_mic2.flac,p335,1,1,0.7014966607093811,0.7014966607093811,0.35003218054771423,0.35146448016166687,4.3675625
base,1,p335_281_mic2,p335,data\VCTK\wav48_silence_trimmed\p335\p335_281_mic2.flac,p280,0,1,0.3747464120388031,0.3183477520942688,0.3747464120388031,-0.0563986599445343,4.3675625
base,2,p335_281_mic2,p335,data\VCTK\wav48_silence_trimmed\p335\p335_281_mic2.flac,p313,0,1,0.3866911828517914,0.3091561794281006,0.3866911828517914,-0.0775350034236908,4.3675625
base,3,p335_281_mic2,p335,data\VCTK\wav48_silence_trimmed\p335\p335_281_mic2.flac,p313,0,1,0.42541253566741943,0.3374633193016052,0.42541253566741943,-0.08794921636581421,4.3675625
lca,1,p335_281_mic2,p335,data\VCTK\wav48_silence_trimmed\p335\p335_281_mic2.flac,p313,0,1,0.41748669743537903,0.21850496530532837,0.41748669743537903,-0.19898173213005066,4.3675625
lca,2,p335_281_mic2,p335,data\VCTK\wav48_silence_trimmed\p335\p335_281_mic2.flac,p313,0,1,0.4770406484603882,0.2638189196586609,0.4770406484603882,-0.2132217288017273,4.3675625
lca,3,p335_281_mic2,p335,data\VCTK\wav48_silence_trimmed\p335\p335_281_mic2.flac,p313,0,1,0.4841494560241699,0.27817314863204956,0.4841494560241699,-0.20597630739212036,4.3675625
original,0,p335_301_mic1,p335,data\VCTK\wav48_silence_trimmed\p335\p335_301_mic1.flac,p335,1,1,0.7470495104789734,0.7470495104789734,0.2879887819290161,0.4590607285499573,5.6655625
base,1,p335_301_mic1,p335,data\VCTK\wav48_silence_trimmed\p335\p335_301_mic1.flac,p339,0,1,0.3839166462421417,0.3241804838180542,0.3839166462421417,-0.059736162424087524,5.6655625
base,2,p335_301_mic1,p335,data\VCTK\wav48_silence_trimmed\p335\p335_301_mic1.flac,p335,1,1,0.43714410066604614,0.43714410066604614,0.4123038053512573,0.02484029531478882,5.6655625
base,3,p335_301_mic1,p335,data\VCTK\wav48_silence_trimmed\p335\p335_301_mic1.flac,p335,1,1,0.421566367149353,0.421566367149353,0.40240880846977234,0.01915755867958069,5.6655625
lca,1,p335_301_mic1,p335,data\VCTK\wav48_silence_trimmed\p335\p335_301_mic1.flac,p280,0,1,0.4479537606239319,0.20097699761390686,0.4479537606239319,-0.24697676301002502,5.6655625
lca,2,p335_301_mic1,p335,data\VCTK\wav48_silence_trimmed\p335\p335_301_mic1.flac,p280,0,1,0.4674602150917053,0.2801894247531891,0.4674602150917053,-0.18727079033851624,5.6655625
lca,3,p335_301_mic1,p335,data\VCTK\wav48_silence_trimmed\p335\p335_301_mic1.flac,p313,0,1,0.4461574852466583,0.3196641206741333,0.4461574852466583,-0.12649336457252502,5.6655625
original,0,p335_326_mic2,p335,data\VCTK\wav48_silence_trimmed\p335\p335_326_mic2.flac,p335,1,1,0.6871808767318726,0.6871808767318726,0.3942199647426605,0.29296091198921204,3.03425
base,1,p335_326_mic2,p335,data\VCTK\wav48_silence_trimmed\p335\p335_326_mic2.flac,p262,0,1,0.34023892879486084,0.2637994885444641,0.34023892879486084,-0.07643944025039673,3.03425
base,2,p335_326_mic2,p335,data\VCTK\wav48_silence_trimmed\p335\p335_326_mic2.flac,p244,0,1,0.3564910590648651,0.274990439414978,0.3564910590648651,-0.08150061964988708,3.03425
base,3,p335_326_mic2,p335,data\VCTK\wav48_silence_trimmed\p335\p335_326_mic2.flac,p329,0,1,0.3815765082836151,0.26384061574935913,0.3815765082836151,-0.11773589253425598,3.03425
lca,1,p335_326_mic2,p335,data\VCTK\wav48_silence_trimmed\p335\p335_326_mic2.flac,p264,0,1,0.3360256850719452,0.09265576303005219,0.3360256850719452,-0.243369922041893,3.03425
lca,2,p335_326_mic2,p335,data\VCTK\wav48_silence_trimmed\p335\p335_326_mic2.flac,p313,0,1,0.3961780071258545,0.16818860173225403,0.3961780071258545,-0.22798940539360046,3.03425
lca,3,p335_326_mic2,p335,data\VCTK\wav48_silence_trimmed\p335\p335_326_mic2.flac,p280,0,1,0.37567853927612305,0.2654751241207123,0.37567853927612305,-0.11020341515541077,3.03425
original,0,p335_363_mic2,p335,data\VCTK\wav48_silence_trimmed\p335\p335_363_mic2.flac,p335,1,1,0.6442790031433105,0.6442790031433105,0.3021054267883301,0.34217357635498047,3.429
base,1,p335_363_mic2,p335,data\VCTK\wav48_silence_trimmed\p335\p335_363_mic2.flac,p335,1,1,0.3358584940433502,0.3358584940433502,0.3076925575733185,0.02816593647003174,3.429
base,2,p335_363_mic2,p335,data\VCTK\wav48_silence_trimmed\p335\p335_363_mic2.flac,p264,0,1,0.4050846993923187,0.3906862139701843,0.4050846993923187,-0.0143984854221344,3.429
base,3,p335_363_mic2,p335,data\VCTK\wav48_silence_trimmed\p335\p335_363_mic2.flac,p313,0,1,0.3463031053543091,0.3197069764137268,0.3463031053543091,-0.026596128940582275,3.429
lca,1,p335_363_mic2,p335,data\VCTK\wav48_silence_trimmed\p335\p335_363_mic2.flac,p313,0,1,0.4065242409706116,0.19598545134067535,0.4065242409706116,-0.21053878962993622,3.429
lca,2,p335_363_mic2,p335,data\VCTK\wav48_silence_trimmed\p335\p335_363_mic2.flac,p313,0,1,0.4100986123085022,0.14870668947696686,0.4100986123085022,-0.26139192283153534,3.429
lca,3,p335_363_mic2,p335,data\VCTK\wav48_silence_trimmed\p335\p335_363_mic2.flac,p313,0,1,0.40688109397888184,0.14633598923683167,0.40688109397888184,-0.26054510474205017,3.429
original,0,p336_066_mic1,p336,data\VCTK\wav48_silence_trimmed\p336\p336_066_mic1.flac,p336,1,1,0.6347850561141968,0.6347850561141968,0.3212990164756775,0.3134860396385193,1.881625
base,1,p336_066_mic1,p336,data\VCTK\wav48_silence_trimmed\p336\p336_066_mic1.flac,p266,0,1,0.35927852988243103,0.15480969846248627,0.35927852988243103,-0.20446883141994476,1.881625
base,2,p336_066_mic1,p336,data\VCTK\wav48_silence_trimmed\p336\p336_066_mic1.flac,p231,0,1,0.4013405740261078,0.27035361528396606,0.4013405740261078,-0.13098695874214172,1.881625
base,3,p336_066_mic1,p336,data\VCTK\wav48_silence_trimmed\p336\p336_066_mic1.flac,p231,0,1,0.4237065315246582,0.23879696428775787,0.4237065315246582,-0.18490956723690033,1.881625
lca,1,p336_066_mic1,p336,data\VCTK\wav48_silence_trimmed\p336\p336_066_mic1.flac,p280,0,1,0.41870296001434326,0.18186478316783905,0.41870296001434326,-0.2368381768465042,1.881625
lca,2,p336_066_mic1,p336,data\VCTK\wav48_silence_trimmed\p336\p336_066_mic1.flac,p280,0,1,0.42583543062210083,0.1770033836364746,0.42583543062210083,-0.24883204698562622,1.881625
lca,3,p336_066_mic1,p336,data\VCTK\wav48_silence_trimmed\p336\p336_066_mic1.flac,p313,0,1,0.36764276027679443,0.21463225781917572,0.36764276027679443,-0.1530105024576187,1.881625
original,0,p336_109_mic1,p336,data\VCTK\wav48_silence_trimmed\p336\p336_109_mic1.flac,p336,1,1,0.6314918398857117,0.6314918398857117,0.3512724041938782,0.2802194356918335,2.0940625
base,1,p336_109_mic1,p336,data\VCTK\wav48_silence_trimmed\p336\p336_109_mic1.flac,p280,0,1,0.4027985632419586,0.14281165599822998,0.4027985632419586,-0.25998690724372864,2.0940625
base,2,p336_109_mic1,p336,data\VCTK\wav48_silence_trimmed\p336\p336_109_mic1.flac,p266,0,1,0.43429043889045715,0.24834534525871277,0.43429043889045715,-0.18594509363174438,2.0940625
base,3,p336_109_mic1,p336,data\VCTK\wav48_silence_trimmed\p336\p336_109_mic1.flac,p231,0,1,0.44247838854789734,0.298723965883255,0.44247838854789734,-0.14375442266464233,2.0940625
lca,1,p336_109_mic1,p336,data\VCTK\wav48_silence_trimmed\p336\p336_109_mic1.flac,p280,0,1,0.4144020676612854,0.1671369969844818,0.4144020676612854,-0.2472650706768036,2.0940625
lca,2,p336_109_mic1,p336,data\VCTK\wav48_silence_trimmed\p336\p336_109_mic1.flac,p280,0,1,0.42813336849212646,0.17201018333435059,0.42813336849212646,-0.2561231851577759,2.0940625
lca,3,p336_109_mic1,p336,data\VCTK\wav48_silence_trimmed\p336\p336_109_mic1.flac,p250,0,1,0.4278729259967804,0.21033573150634766,0.4278729259967804,-0.21753719449043274,2.0940625
original,0,p336_208_mic1,p336,data\VCTK\wav48_silence_trimmed\p336\p336_208_mic1.flac,p336,1,1,0.6424480676651001,0.6424480676651001,0.35626959800720215,0.28617846965789795,2.6914375
base,1,p336_208_mic1,p336,data\VCTK\wav48_silence_trimmed\p336\p336_208_mic1.flac,p244,0,1,0.3006649613380432,0.18990027904510498,0.3006649613380432,-0.11076468229293823,2.6914375
base,2,p336_208_mic1,p336,data\VCTK\wav48_silence_trimmed\p336\p336_208_mic1.flac,p244,0,1,0.3916921615600586,0.32751211524009705,0.3916921615600586,-0.06418004631996155,2.6914375
base,3,p336_208_mic1,p336,data\VCTK\wav48_silence_trimmed\p336\p336_208_mic1.flac,p244,0,1,0.4548722505569458,0.35344550013542175,0.4548722505569458,-0.10142675042152405,2.6914375
lca,1,p336_208_mic1,p336,data\VCTK\wav48_silence_trimmed\p336\p336_208_mic1.flac,p300,0,1,0.27773281931877136,0.21711140871047974,0.27773281931877136,-0.060621410608291626,2.6914375
lca,2,p336_208_mic1,p336,data\VCTK\wav48_silence_trimmed\p336\p336_208_mic1.flac,p231,0,1,0.36944589018821716,0.24863958358764648,0.36944589018821716,-0.12080630660057068,2.6914375
lca,3,p336_208_mic1,p336,data\VCTK\wav48_silence_trimmed\p336\p336_208_mic1.flac,p231,0,1,0.3909149169921875,0.28280091285705566,0.3909149169921875,-0.10811400413513184,2.6914375
original,0,p336_309_mic2,p336,data\VCTK\wav48_silence_trimmed\p336\p336_309_mic2.flac,p336,1,1,0.6988269090652466,0.6988269090652466,0.35328084230422974,0.34554606676101685,2.646875
base,1,p336_309_mic2,p336,data\VCTK\wav48_silence_trimmed\p336\p336_309_mic2.flac,p339,0,1,0.46820634603500366,0.1432805210351944,0.46820634603500366,-0.32492582499980927,2.646875
base,2,p336_309_mic2,p336,data\VCTK\wav48_silence_trimmed\p336\p336_309_mic2.flac,p244,0,1,0.46253228187561035,0.3839353024959564,0.46253228187561035,-0.07859697937965393,2.646875
base,3,p336_309_mic2,p336,data\VCTK\wav48_silence_trimmed\p336\p336_309_mic2.flac,p244,0,1,0.4295312166213989,0.4115552306175232,0.4295312166213989,-0.017975986003875732,2.646875
lca,1,p336_309_mic2,p336,data\VCTK\wav48_silence_trimmed\p336\p336_309_mic2.flac,p300,0,1,0.3265172839164734,0.11178955435752869,0.3265172839164734,-0.2147277295589447,2.646875
lca,2,p336_309_mic2,p336,data\VCTK\wav48_silence_trimmed\p336\p336_309_mic2.flac,p262,0,1,0.41517841815948486,0.2611234486103058,0.41517841815948486,-0.15405496954917908,2.646875
lca,3,p336_309_mic2,p336,data\VCTK\wav48_silence_trimmed\p336\p336_309_mic2.flac,p262,0,1,0.4230242073535919,0.3570505380630493,0.4230242073535919,-0.0659736692905426,2.646875
original,0,p336_404_mic1,p336,data\VCTK\wav48_silence_trimmed\p336\p336_404_mic1.flac,p336,1,1,0.6644706130027771,0.6644706130027771,0.4223286509513855,0.2421419620513916,3.448875
base,1,p336_404_mic1,p336,data\VCTK\wav48_silence_trimmed\p336\p336_404_mic1.flac,p249,0,1,0.4255633056163788,0.24956241250038147,0.4255633056163788,-0.17600089311599731,3.448875
base,2,p336_404_mic1,p336,data\VCTK\wav48_silence_trimmed\p336\p336_404_mic1.flac,p231,0,1,0.39228111505508423,0.35639458894729614,0.39228111505508423,-0.035886526107788086,3.448875
base,3,p336_404_mic1,p336,data\VCTK\wav48_silence_trimmed\p336\p336_404_mic1.flac,p231,0,1,0.4551847577095032,0.3923894464969635,0.4551847577095032,-0.06279531121253967,3.448875
lca,1,p336_404_mic1,p336,data\VCTK\wav48_silence_trimmed\p336\p336_404_mic1.flac,p250,0,1,0.4295993447303772,0.2105722278356552,0.4295993447303772,-0.21902711689472198,3.448875
lca,2,p336_404_mic1,p336,data\VCTK\wav48_silence_trimmed\p336\p336_404_mic1.flac,p250,0,1,0.5610814094543457,0.26946043968200684,0.5610814094543457,-0.29162096977233887,3.448875
lca,3,p336_404_mic1,p336,data\VCTK\wav48_silence_trimmed\p336\p336_404_mic1.flac,p250,0,1,0.5112872123718262,0.3183726668357849,0.5112872123718262,-0.19291454553604126,3.448875
original,0,p339_091_mic2,p339,data\VCTK\wav48_silence_trimmed\p339\p339_091_mic2.flac,p339,1,1,0.5313429832458496,0.5313429832458496,0.34128332138061523,0.19005966186523438,3.0744375
base,1,p339_091_mic2,p339,data\VCTK\wav48_silence_trimmed\p339\p339_091_mic2.flac,p262,0,1,0.4382866322994232,0.2852722406387329,0.4382866322994232,-0.1530143916606903,3.0744375
base,2,p339_091_mic2,p339,data\VCTK\wav48_silence_trimmed\p339\p339_091_mic2.flac,p339,1,1,0.38658761978149414,0.38658761978149414,0.38469964265823364,0.001887977123260498,3.0744375
base,3,p339_091_mic2,p339,data\VCTK\wav48_silence_trimmed\p339\p339_091_mic2.flac,p339,1,1,0.4476936161518097,0.4476936161518097,0.35961097478866577,0.08808264136314392,3.0744375
lca,1,p339_091_mic2,p339,data\VCTK\wav48_silence_trimmed\p339\p339_091_mic2.flac,p280,0,1,0.4065701365470886,0.2161741703748703,0.4065701365470886,-0.19039596617221832,3.0744375
lca,2,p339_091_mic2,p339,data\VCTK\wav48_silence_trimmed\p339\p339_091_mic2.flac,p280,0,1,0.46724820137023926,0.36814504861831665,0.46724820137023926,-0.09910315275192261,3.0744375
lca,3,p339_091_mic2,p339,data\VCTK\wav48_silence_trimmed\p339\p339_091_mic2.flac,p280,0,1,0.465738981962204,0.4097443222999573,0.465738981962204,-0.055994659662246704,3.0744375
original,0,p339_151_mic1,p339,data\VCTK\wav48_silence_trimmed\p339\p339_151_mic1.flac,p339,1,1,0.6701943874359131,0.6701943874359131,0.4490389823913574,0.22115540504455566,2.736
base,1,p339_151_mic1,p339,data\VCTK\wav48_silence_trimmed\p339\p339_151_mic1.flac,p313,0,1,0.4361577332019806,0.2768888771533966,0.4361577332019806,-0.15926885604858398,2.736
base,2,p339_151_mic1,p339,data\VCTK\wav48_silence_trimmed\p339\p339_151_mic1.flac,p231,0,1,0.36727750301361084,0.3055677115917206,0.36727750301361084,-0.06170979142189026,2.736
base,3,p339_151_mic1,p339,data\VCTK\wav48_silence_trimmed\p339\p339_151_mic1.flac,p250,0,1,0.414124071598053,0.3969072699546814,0.414124071598053,-0.017216801643371582,2.736
lca,1,p339_151_mic1,p339,data\VCTK\wav48_silence_trimmed\p339\p339_151_mic1.flac,p280,0,1,0.3813883066177368,0.18016797304153442,0.3813883066177368,-0.2012203335762024,2.736
lca,2,p339_151_mic1,p339,data\VCTK\wav48_silence_trimmed\p339\p339_151_mic1.flac,p280,0,1,0.45642852783203125,0.32150304317474365,0.45642852783203125,-0.1349254846572876,2.736
lca,3,p339_151_mic1,p339,data\VCTK\wav48_silence_trimmed\p339\p339_151_mic1.flac,p250,0,1,0.5019411444664001,0.40854695439338684,0.5019411444664001,-0.0933941900730133,2.736
original,0,p339_183_mic1,p339,data\VCTK\wav48_silence_trimmed\p339\p339_183_mic1.flac,p339,1,1,0.527174711227417,0.527174711227417,0.4240724444389343,0.10310226678848267,2.7119375
base,1,p339_183_mic1,p339,data\VCTK\wav48_silence_trimmed\p339\p339_183_mic1.flac,p230,0,1,0.3433848023414612,0.2693086266517639,0.3433848023414612,-0.07407617568969727,2.7119375
base,2,p339_183_mic1,p339,data\VCTK\wav48_silence_trimmed\p339\p339_183_mic1.flac,p238,0,1,0.4044042229652405,0.3929210603237152,0.4044042229652405,-0.011483162641525269,2.7119375
base,3,p339_183_mic1,p339,data\VCTK\wav48_silence_trimmed\p339\p339_183_mic1.flac,p339,1,1,0.4146783947944641,0.4146783947944641,0.39718097448349,0.01749742031097412,2.7119375
lca,1,p339_183_mic1,p339,data\VCTK\wav48_silence_trimmed\p339\p339_183_mic1.flac,p313,0,1,0.40179917216300964,0.30444303154945374,0.40179917216300964,-0.09735614061355591,2.7119375
lca,2,p339_183_mic1,p339,data\VCTK\wav48_silence_trimmed\p339\p339_183_mic1.flac,p250,0,1,0.44824308156967163,0.33804041147232056,0.44824308156967163,-0.11020267009735107,2.7119375
lca,3,p339_183_mic1,p339,data\VCTK\wav48_silence_trimmed\p339\p339_183_mic1.flac,p250,0,1,0.4579172134399414,0.33983397483825684,0.4579172134399414,-0.11808323860168457,2.7119375
original,0,p339_345_mic2,p339,data\VCTK\wav48_silence_trimmed\p339\p339_345_mic2.flac,p339,1,1,0.5504903793334961,0.5504903793334961,0.3935050070285797,0.15698537230491638,2.51025
base,1,p339_345_mic2,p339,data\VCTK\wav48_silence_trimmed\p339\p339_345_mic2.flac,p339,1,1,0.341511607170105,0.341511607170105,0.3302885890007019,0.011223018169403076,2.51025
base,2,p339_345_mic2,p339,data\VCTK\wav48_silence_trimmed\p339\p339_345_mic2.flac,p339,1,1,0.414023756980896,0.414023756980896,0.3648430109024048,0.04918074607849121,2.51025
base,3,p339_345_mic2,p339,data\VCTK\wav48_silence_trimmed\p339\p339_345_mic2.flac,p339,1,1,0.4705497622489929,0.4705497622489929,0.37912893295288086,0.09142082929611206,2.51025
lca,1,p339_345_mic2,p339,data\VCTK\wav48_silence_trimmed\p339\p339_345_mic2.flac,p313,0,1,0.42667603492736816,0.3426971435546875,0.42667603492736816,-0.08397889137268066,2.51025
lca,2,p339_345_mic2,p339,data\VCTK\wav48_silence_trimmed\p339\p339_345_mic2.flac,p250,0,1,0.45486143231391907,0.4285283386707306,0.45486143231391907,-0.026333093643188477,2.51025
lca,3,p339_345_mic2,p339,data\VCTK\wav48_silence_trimmed\p339\p339_345_mic2.flac,p339,1,1,0.44751226902008057,0.44751226902008057,0.437650203704834,0.009862065315246582,2.51025
original,0,p339_366_mic1,p339,data\VCTK\wav48_silence_trimmed\p339\p339_366_mic1.flac,p339,1,1,0.5980884432792664,0.5980884432792664,0.4761509895324707,0.12193745374679565,2.737875
base,1,p339_366_mic1,p339,data\VCTK\wav48_silence_trimmed\p339\p339_366_mic1.flac,p262,0,1,0.36294859647750854,0.240403413772583,0.36294859647750854,-0.12254518270492554,2.737875
base,2,p339_366_mic1,p339,data\VCTK\wav48_silence_trimmed\p339\p339_366_mic1.flac,p250,0,1,0.4511744976043701,0.39971089363098145,0.4511744976043701,-0.05146360397338867,2.737875
base,3,p339_366_mic1,p339,data\VCTK\wav48_silence_trimmed\p339\p339_366_mic1.flac,p339,1,1,0.4636160433292389,0.4636160433292389,0.46120259165763855,0.002413451671600342,2.737875
lca,1,p339_366_mic1,p339,data\VCTK\wav48_silence_trimmed\p339\p339_366_mic1.flac,p250,0,1,0.39489877223968506,0.26014137268066406,0.39489877223968506,-0.134757399559021,2.737875
lca,2,p339_366_mic1,p339,data\VCTK\wav48_silence_trimmed\p339\p339_366_mic1.flac,p250,0,1,0.5247010588645935,0.36256682872772217,0.5247010588645935,-0.16213423013687134,2.737875
lca,3,p339_366_mic1,p339,data\VCTK\wav48_silence_trimmed\p339\p339_366_mic1.flac,p250,0,1,0.5446191430091858,0.3325427770614624,0.5446191430091858,-0.2120763659477234,2.737875
original,0,p340_012_mic1,p340,data\VCTK\wav48_silence_trimmed\p340\p340_012_mic1.flac,p340,1,1,0.7469592094421387,0.7469592094421387,0.48655539751052856,0.2604038119316101,4.3725625
base,1,p340_012_mic1,p340,data\VCTK\wav48_silence_trimmed\p340\p340_012_mic1.flac,p339,0,1,0.3788314163684845,0.26438844203948975,0.3788314163684845,-0.11444297432899475,4.3725625
base,2,p340_012_mic1,p340,data\VCTK\wav48_silence_trimmed\p340\p340_012_mic1.flac,p340,1,1,0.41144901514053345,0.41144901514053345,0.37047311663627625,0.0409758985042572,4.3725625
base,3,p340_012_mic1,p340,data\VCTK\wav48_silence_trimmed\p340\p340_012_mic1.flac,p340,1,1,0.45708945393562317,0.45708945393562317,0.37559276819229126,0.08149668574333191,4.3725625
lca,1,p340_012_mic1,p340,data\VCTK\wav48_silence_trimmed\p340\p340_012_mic1.flac,p339,0,1,0.33515283465385437,0.30333900451660156,0.33515283465385437,-0.03181383013725281,4.3725625
lca,2,p340_012_mic1,p340,data\VCTK\wav48_silence_trimmed\p340\p340_012_mic1.flac,p340,1,1,0.44511979818344116,0.44511979818344116,0.37078091502189636,0.0743388831615448,4.3725625
lca,3,p340_012_mic1,p340,data\VCTK\wav48_silence_trimmed\p340\p340_012_mic1.flac,p340,1,1,0.5016555190086365,0.5016555190086365,0.36289864778518677,0.1387568712234497,4.3725625
original,0,p340_251_mic1,p340,data\VCTK\wav48_silence_trimmed\p340\p340_251_mic1.flac,p340,1,1,0.7319797277450562,0.7319797277450562,0.45643067359924316,0.275549054145813,2.6184375
base,1,p340_251_mic1,p340,data\VCTK\wav48_silence_trimmed\p340\p340_251_mic1.flac,p339,0,1,0.37363141775131226,0.20545995235443115,0.37363141775131226,-0.1681714653968811,2.6184375
base,2,p340_251_mic1,p340,data\VCTK\wav48_silence_trimmed\p340\p340_251_mic1.flac,p317,0,1,0.4139745831489563,0.3986610174179077,0.4139745831489563,-0.015313565731048584,2.6184375
base,3,p340_251_mic1,p340,data\VCTK\wav48_silence_trimmed\p340\p340_251_mic1.flac,p340,1,1,0.46947652101516724,0.46947652101516724,0.4444401264190674,0.025036394596099854,2.6184375
lca,1,p340_251_mic1,p340,data\VCTK\wav48_silence_trimmed\p340\p340_251_mic1.flac,p280,0,1,0.44802653789520264,0.281427264213562,0.44802653789520264,-0.16659927368164062,2.6184375
lca,2,p340_251_mic1,p340,data\VCTK\wav48_silence_trimmed\p340\p340_251_mic1.flac,p250,0,1,0.5043375492095947,0.5019222497940063,0.5043375492095947,-0.002415299415588379,2.6184375
lca,3,p340_251_mic1,p340,data\VCTK\wav48_silence_trimmed\p340\p340_251_mic1.flac,p340,1,1,0.4836583733558655,0.4836583733558655,0.4563748836517334,0.02728348970413208,2.6184375
original,0,p340_260_mic1,p340,data\VCTK\wav48_silence_trimmed\p340\p340_260_mic1.flac,p340,1,1,0.718036413192749,0.718036413192749,0.5047990083694458,0.21323740482330322,2.00775
base,1,p340_260_mic1,p340,data\VCTK\wav48_silence_trimmed\p340\p340_260_mic1.flac,p268,0,1,0.4103264808654785,0.24518853425979614,0.4103264808654785,-0.16513794660568237,2.00775
base,2,p340_260_mic1,p340,data\VCTK\wav48_silence_trimmed\p340\p340_260_mic1.flac,p340,1,1,0.46267667412757874,0.46267667412757874,0.4325062930583954,0.03017038106918335,2.00775
base,3,p340_260_mic1,p340,data\VCTK\wav48_silence_trimmed\p340\p340_260_mic1.flac,p340,1,1,0.4634245038032532,0.4634245038032532,0.43470054864883423,0.028723955154418945,2.00775
lca,1,p340_260_mic1,p340,data\VCTK\wav48_silence_trimmed\p340\p340_260_mic1.flac,p280,0,1,0.3961237072944641,0.338952898979187,0.3961237072944641,-0.0571708083152771,2.00775
lca,2,p340_260_mic1,p340,data\VCTK\wav48_silence_trimmed\p340\p340_260_mic1.flac,p340,1,1,0.4612637758255005,0.4612637758255005,0.454448938369751,0.006814837455749512,2.00775
lca,3,p340_260_mic1,p340,data\VCTK\wav48_silence_trimmed\p340\p340_260_mic1.flac,p340,1,1,0.5077078342437744,0.5077078342437744,0.41069817543029785,0.09700965881347656,2.00775
original,0,p340_292_mic2,p340,data\VCTK\wav48_silence_trimmed\p340\p340_292_mic2.flac,p340,1,1,0.772281289100647,0.772281289100647,0.43683910369873047,0.3354421854019165,2.095125
base,1,p340_292_mic2,p340,data\VCTK\wav48_silence_trimmed\p340\p340_292_mic2.flac,p339,0,1,0.45629456639289856,0.28272196650505066,0.45629456639289856,-0.1735725998878479,2.095125
base,2,p340_292_mic2,p340,data\VCTK\wav48_silence_trimmed\p340\p340_292_mic2.flac,p340,1,1,0.5541684031486511,0.5541684031486511,0.44224268198013306,0.11192572116851807,2.095125
base,3,p340_292_mic2,p340,data\VCTK\wav48_silence_trimmed\p340\p340_292_mic2.flac,p340,1,1,0.6408047676086426,0.6408047676086426,0.4752401113510132,0.1655646562576294,2.095125
lca,1,p340_292_mic2,p340,data\VCTK\wav48_silence_trimmed\p340\p340_292_mic2.flac,p250,0,1,0.3999969959259033,0.3611619174480438,0.3999969959259033,-0.0388350784778595,2.095125
lca,2,p340_292_mic2,p340,data\VCTK\wav48_silence_trimmed\p340\p340_292_mic2.flac,p250,0,1,0.4753780961036682,0.46357592940330505,0.4753780961036682,-0.01180216670036316,2.095125
lca,3,p340_292_mic2,p340,data\VCTK\wav48_silence_trimmed\p340\p340_292_mic2.flac,p340,1,1,0.5419059991836548,0.5419059991836548,0.45401862263679504,0.08788737654685974,2.095125
original,0,p340_411_mic2,p340,data\VCTK\wav48_silence_trimmed\p340\p340_411_mic2.flac,p340,1,1,0.6722285151481628,0.6722285151481628,0.4449211359024048,0.22730737924575806,2.091125
base,1,p340_411_mic2,p340,data\VCTK\wav48_silence_trimmed\p340\p340_411_mic2.flac,p269,0,1,0.34021103382110596,0.06368537247180939,0.34021103382110596,-0.27652566134929657,2.091125
base,2,p340_411_mic2,p340,data\VCTK\wav48_silence_trimmed\p340\p340_411_mic2.flac,p280,0,1,0.4490574896335602,0.2983950674533844,0.4490574896335602,-0.15066242218017578,2.091125
base,3,p340_411_mic2,p340,data\VCTK\wav48_silence_trimmed\p340\p340_411_mic2.flac,p250,0,1,0.4655109643936157,0.43215158581733704,0.4655109643936157,-0.033359378576278687,2.091125
lca,1,p340_411_mic2,p340,data\VCTK\wav48_silence_trimmed\p340\p340_411_mic2.flac,p280,0,1,0.49794846773147583,0.36087262630462646,0.49794846773147583,-0.13707584142684937,2.091125
lca,2,p340_411_mic2,p340,data\VCTK\wav48_silence_trimmed\p340\p340_411_mic2.flac,p280,0,1,0.4695475697517395,0.423687219619751,0.4695475697517395,-0.045860350131988525,2.091125
lca,3,p340_411_mic2,p340,data\VCTK\wav48_silence_trimmed\p340\p340_411_mic2.flac,p250,0,1,0.5269330143928528,0.49948355555534363,0.5269330143928528,-0.027449458837509155,2.091125
original,0,p341_032_mic1,p341,data\VCTK\wav48_silence_trimmed\p341\p341_032_mic1.flac,p341,1,1,0.7684810161590576,0.7684810161590576,0.45552659034729004,0.3129544258117676,4.611875
base,1,p341_032_mic1,p341,data\VCTK\wav48_silence_trimmed\p341\p341_032_mic1.flac,p341,1,1,0.31661808490753174,0.31661808490753174,0.31257009506225586,0.004047989845275879,4.611875
base,2,p341_032_mic1,p341,data\VCTK\wav48_silence_trimmed\p341\p341_032_mic1.flac,p341,1,1,0.4846242070198059,0.4846242070198059,0.3848501443862915,0.0997740626335144,4.611875
base,3,p341_032_mic1,p341,data\VCTK\wav48_silence_trimmed\p341\p341_032_mic1.flac,p341,1,1,0.5229723453521729,0.5229723453521729,0.3201226592063904,0.20284968614578247,4.611875
lca,1,p341_032_mic1,p341,data\VCTK\wav48_silence_trimmed\p341\p341_032_mic1.flac,p364,0,1,0.320537805557251,0.13424861431121826,0.320537805557251,-0.18628919124603271,4.611875
lca,2,p341_032_mic1,p341,data\VCTK\wav48_silence_trimmed\p341\p341_032_mic1.flac,p313,0,1,0.46028053760528564,0.4275199770927429,0.46028053760528564,-0.032760560512542725,4.611875
lca,3,p341_032_mic1,p341,data\VCTK\wav48_silence_trimmed\p341\p341_032_mic1.flac,p341,1,1,0.46836334466934204,0.46836334466934204,0.44069167971611023,0.02767166495323181,4.611875
original,0,p341_046_mic1,p341,data\VCTK\wav48_silence_trimmed\p341\p341_046_mic1.flac,p341,1,1,0.7473436594009399,0.7473436594009399,0.404771089553833,0.34257256984710693,4.6781875
base,1,p341_046_mic1,p341,data\VCTK\wav48_silence_trimmed\p341\p341_046_mic1.flac,p339,0,1,0.3630571961402893,0.3068843483924866,0.3630571961402893,-0.056172847747802734,4.6781875
base,2,p341_046_mic1,p341,data\VCTK\wav48_silence_trimmed\p341\p341_046_mic1.flac,p301,0,1,0.560701847076416,0.3863057494163513,0.560701847076416,-0.1743960976600647,4.6781875
base,3,p341_046_mic1,p341,data\VCTK\wav48_silence_trimmed\p341\p341_046_mic1.flac,p341,1,1,0.4943816065788269,0.4943816065788269,0.45567426085472107,0.038707345724105835,4.6781875
lca,1,p341_046_mic1,p341,data\VCTK\wav48_silence_trimmed\p341\p341_046_mic1.flac,p250,0,1,0.38189488649368286,0.1774216592311859,0.38189488649368286,-0.20447322726249695,4.6781875
lca,2,p341_046_mic1,p341,data\VCTK\wav48_silence_trimmed\p341\p341_046_mic1.flac,p280,0,1,0.39199548959732056,0.3303568661212921,0.39199548959732056,-0.06163862347602844,4.6781875
lca,3,p341_046_mic1,p341,data\VCTK\wav48_silence_trimmed\p341\p341_046_mic1.flac,p280,0,1,0.4039195477962494,0.362989604473114,0.4039195477962494,-0.040929943323135376,4.6781875
original,0,p341_064_mic1,p341,data\VCTK\wav48_silence_trimmed\p341\p341_064_mic1.flac,p341,1,1,0.6782855987548828,0.6782855987548828,0.39533716440200806,0.28294843435287476,3.3995
base,1,p341_064_mic1,p341,data\VCTK\wav48_silence_trimmed\p341\p341_064_mic1.flac,p301,0,1,0.3961937427520752,0.18898852169513702,0.3961937427520752,-0.20720522105693817,3.3995
base,2,p341_064_mic1,p341,data\VCTK\wav48_silence_trimmed\p341\p341_064_mic1.flac,p313,0,1,0.4119238555431366,0.28034448623657227,0.4119238555431366,-0.13157936930656433,3.3995
base,3,p341_064_mic1,p341,data\VCTK\wav48_silence_trimmed\p341\p341_064_mic1.flac,p313,0,1,0.398652046918869,0.31098806858062744,0.398652046918869,-0.08766397833824158,3.3995
lca,1,p341_064_mic1,p341,data\VCTK\wav48_silence_trimmed\p341\p341_064_mic1.flac,p313,0,1,0.3150678873062134,0.08436180651187897,0.3150678873062134,-0.2307060807943344,3.3995
lca,2,p341_064_mic1,p341,data\VCTK\wav48_silence_trimmed\p341\p341_064_mic1.flac,p313,0,1,0.44784417748451233,0.20461410284042358,0.44784417748451233,-0.24323007464408875,3.3995
lca,3,p341_064_mic1,p341,data\VCTK\wav48_silence_trimmed\p341\p341_064_mic1.flac,p313,0,1,0.44161248207092285,0.2568362057209015,0.44161248207092285,-0.18477627635002136,3.3995
original,0,p341_247_mic1,p341,data\VCTK\wav48_silence_trimmed\p341\p341_247_mic1.flac,p341,1,1,0.7534992694854736,0.7534992694854736,0.34616273641586304,0.4073365330696106,3.457125
base,1,p341_247_mic1,p341,data\VCTK\wav48_silence_trimmed\p341\p341_247_mic1.flac,p262,0,1,0.39782482385635376,0.32487723231315613,0.39782482385635376,-0.07294759154319763,3.457125
base,2,p341_247_mic1,p341,data\VCTK\wav48_silence_trimmed\p341\p341_247_mic1.flac,p341,1,1,0.5111359357833862,0.5111359357833862,0.42663103342056274,0.08450490236282349,3.457125
base,3,p341_247_mic1,p341,data\VCTK\wav48_silence_trimmed\p341\p341_247_mic1.flac,p341,1,1,0.512588620185852,0.512588620185852,0.4450790286064148,0.06750959157943726,3.457125
lca,1,p341_247_mic1,p341,data\VCTK\wav48_silence_trimmed\p341\p341_247_mic1.flac,p313,0,1,0.3511793613433838,0.19897432625293732,0.3511793613433838,-0.15220503509044647,3.457125
lca,2,p341_247_mic1,p341,data\VCTK\wav48_silence_trimmed\p341\p341_247_mic1.flac,p313,0,1,0.3931910991668701,0.32621946930885315,0.3931910991668701,-0.06697162985801697,3.457125
lca,3,p341_247_mic1,p341,data\VCTK\wav48_silence_trimmed\p341\p341_247_mic1.flac,p341,1,1,0.4148586690425873,0.4148586690425873,0.40528225898742676,0.009576410055160522,3.457125
original,0,p341_250_mic2,p341,data\VCTK\wav48_silence_trimmed\p341\p341_250_mic2.flac,p341,1,1,0.7058197259902954,0.7058197259902954,0.33728086948394775,0.36853885650634766,3.7625625
base,1,p341_250_mic2,p341,data\VCTK\wav48_silence_trimmed\p341\p341_250_mic2.flac,p238,0,1,0.4186646044254303,0.2849871814250946,0.4186646044254303,-0.1336774230003357,3.7625625
base,2,p341_250_mic2,p341,data\VCTK\wav48_silence_trimmed\p341\p341_250_mic2.flac,p339,0,1,0.37710487842559814,0.3090290129184723,0.37710487842559814,-0.06807586550712585,3.7625625
base,3,p341_250_mic2,p341,data\VCTK\wav48_silence_trimmed\p341\p341_250_mic2.flac,p317,0,1,0.3836037218570709,0.29112571477890015,0.3836037218570709,-0.09247800707817078,3.7625625
lca,1,p341_250_mic2,p341,data\VCTK\wav48_silence_trimmed\p341\p341_250_mic2.flac,p313,0,1,0.4160636067390442,0.23865900933742523,0.4160636067390442,-0.17740459740161896,3.7625625
lca,2,p341_250_mic2,p341,data\VCTK\wav48_silence_trimmed\p341\p341_250_mic2.flac,p295,0,1,0.37161320447921753,0.23930902779102325,0.37161320447921753,-0.13230417668819427,3.7625625
lca,3,p341_250_mic2,p341,data\VCTK\wav48_silence_trimmed\p341\p341_250_mic2.flac,p308,0,1,0.4015023112297058,0.2332313507795334,0.4015023112297058,-0.16827096045017242,3.7625625
original,0,p343_128_mic1,p343,data\VCTK\wav48_silence_trimmed\p343\p343_128_mic1.flac,p343,1,1,0.6866329908370972,0.6866329908370972,0.35679903626441956,0.3298339545726776,2.46125
base,1,p343_128_mic1,p343,data\VCTK\wav48_silence_trimmed\p343\p343_128_mic1.flac,p280,0,1,0.3669535517692566,0.35813215374946594,0.3669535517692566,-0.00882139801979065,2.46125
base,2,p343_128_mic1,p343,data\VCTK\wav48_silence_trimmed\p343\p343_128_mic1.flac,p306,0,1,0.4095957279205322,0.37742966413497925,0.4095957279205322,-0.03216606378555298,2.46125
base,3,p343_128_mic1,p343,data\VCTK\wav48_silence_trimmed\p343\p343_128_mic1.flac,p343,1,1,0.4094993472099304,0.4094993472099304,0.3731439709663391,0.03635537624359131,2.46125
lca,1,p343_128_mic1,p343,data\VCTK\wav48_silence_trimmed\p343\p343_128_mic1.flac,p313,0,1,0.3722420036792755,0.21438516676425934,0.3722420036792755,-0.15785683691501617,2.46125
lca,2,p343_128_mic1,p343,data\VCTK\wav48_silence_trimmed\p343\p343_128_mic1.flac,p343,1,1,0.3630472719669342,0.3630472719669342,0.3562965393066406,0.006750732660293579,2.46125
lca,3,p343_128_mic1,p343,data\VCTK\wav48_silence_trimmed\p343\p343_128_mic1.flac,p343,1,1,0.3948249816894531,0.3948249816894531,0.31582382321357727,0.07900115847587585,2.46125
original,0,p343_213_mic2,p343,data\VCTK\wav48_silence_trimmed\p343\p343_213_mic2.flac,p343,1,1,0.7586191892623901,0.7586191892623901,0.4876765012741089,0.27094268798828125,3.754625
base,1,p343_213_mic2,p343,data\VCTK\wav48_silence_trimmed\p343\p343_213_mic2.flac,p343,1,1,0.4326734244823456,0.4326734244823456,0.3748987317085266,0.05777469277381897,3.754625
base,2,p343_213_mic2,p343,data\VCTK\wav48_silence_trimmed\p343\p343_213_mic2.flac,p301,0,1,0.5864900350570679,0.5480493307113647,0.5864900350570679,-0.038440704345703125,3.754625
base,3,p343_213_mic2,p343,data\VCTK\wav48_silence_trimmed\p343\p343_213_mic2.flac,p343,1,1,0.5751594305038452,0.5751594305038452,0.5106724500656128,0.06448698043823242,3.754625
lca,1,p343_213_mic2,p343,data\VCTK\wav48_silence_trimmed\p343\p343_213_mic2.flac,p280,0,1,0.3737085461616516,0.31300124526023865,0.3737085461616516,-0.060707300901412964,3.754625
lca,2,p343_213_mic2,p343,data\VCTK\wav48_silence_trimmed\p343\p343_213_mic2.flac,p308,0,1,0.38643842935562134,0.37396129965782166,0.38643842935562134,-0.012477129697799683,3.754625
lca,3,p343_213_mic2,p343,data\VCTK\wav48_silence_trimmed\p343\p343_213_mic2.flac,p343,1,1,0.38624075055122375,0.38624075055122375,0.36276349425315857,0.023477256298065186,3.754625
original,0,p343_227_mic2,p343,data\VCTK\wav48_silence_trimmed\p343\p343_227_mic2.flac,p343,1,1,0.716627836227417,0.716627836227417,0.3573790192604065,0.3592488169670105,3.543375
base,1,p343_227_mic2,p343,data\VCTK\wav48_silence_trimmed\p343\p343_227_mic2.flac,p343,1,1,0.4024226665496826,0.4024226665496826,0.33029067516326904,0.07213199138641357,3.543375
base,2,p343_227_mic2,p343,data\VCTK\wav48_silence_trimmed\p343\p343_227_mic2.flac,p343,1,1,0.4223954975605011,0.4223954975605011,0.3050593137741089,0.11733618378639221,3.543375
base,3,p343_227_mic2,p343,data\VCTK\wav48_silence_trimmed\p343\p343_227_mic2.flac,p343,1,1,0.4885020852088928,0.4885020852088928,0.3713909387588501,0.11711114645004272,3.543375
lca,1,p343_227_mic2,p343,data\VCTK\wav48_silence_trimmed\p343\p343_227_mic2.flac,p313,0,1,0.38207846879959106,0.37603941559791565,0.38207846879959106,-0.006039053201675415,3.543375
lca,2,p343_227_mic2,p343,data\VCTK\wav48_silence_trimmed\p343\p343_227_mic2.flac,p280,0,1,0.36405107378959656,0.3474085330963135,0.36405107378959656,-0.01664254069328308,3.543375
lca,3,p343_227_mic2,p343,data\VCTK\wav48_silence_trimmed\p343\p343_227_mic2.flac,p343,1,1,0.3964386582374573,0.3964386582374573,0.34269624948501587,0.053742408752441406,3.543375
original,0,p343_242_mic1,p343,data\VCTK\wav48_silence_trimmed\p343\p343_242_mic1.flac,p343,1,1,0.7275109887123108,0.7275109887123108,0.38599473237991333,0.34151625633239746,4.5231875
base,1,p343_242_mic1,p343,data\VCTK\wav48_silence_trimmed\p343\p343_242_mic1.flac,p343,1,1,0.362430602312088,0.362430602312088,0.3417883515357971,0.020642250776290894,4.5231875
base,2,p343_242_mic1,p343,data\VCTK\wav48_silence_trimmed\p343\p343_242_mic1.flac,p343,1,1,0.5168946385383606,0.5168946385383606,0.4248283803462982,0.09206625819206238,4.5231875
base,3,p343_242_mic1,p343,data\VCTK\wav48_silence_trimmed\p343\p343_242_mic1.flac,p343,1,1,0.5605330467224121,0.5605330467224121,0.3885011374950409,0.17203190922737122,4.5231875
lca,1,p343_242_mic1,p343,data\VCTK\wav48_silence_trimmed\p343\p343_242_mic1.flac,p280,0,1,0.3689122200012207,0.30749085545539856,0.3689122200012207,-0.061421364545822144,4.5231875
lca,2,p343_242_mic1,p343,data\VCTK\wav48_silence_trimmed\p343\p343_242_mic1.flac,p343,1,1,0.4687348008155823,0.4687348008155823,0.40853336453437805,0.060201436281204224,4.5231875
lca,3,p343_242_mic1,p343,data\VCTK\wav48_silence_trimmed\p343\p343_242_mic1.flac,p343,1,1,0.5351991653442383,0.5351991653442383,0.419063925743103,0.11613523960113525,4.5231875
original,0,p343_325_mic1,p343,data\VCTK\wav48_silence_trimmed\p343\p343_325_mic1.flac,p343,1,1,0.6854386329650879,0.6854386329650879,0.4103735387325287,0.2750650942325592,3.788875
base,1,p343_325_mic1,p343,data\VCTK\wav48_silence_trimmed\p343\p343_325_mic1.flac,p238,0,1,0.29705625772476196,0.26092764735221863,0.29705625772476196,-0.036128610372543335,3.788875
base,2,p343_325_mic1,p343,data\VCTK\wav48_silence_trimmed\p343\p343_325_mic1.flac,p343,1,1,0.44110897183418274,0.44110897183418274,0.34197163581848145,0.0991373360157013,3.788875
base,3,p343_325_mic1,p343,data\VCTK\wav48_silence_trimmed\p343\p343_325_mic1.flac,p255,0,1,0.45505550503730774,0.43722131848335266,0.45505550503730774,-0.017834186553955078,3.788875
lca,1,p343_325_mic1,p343,data\VCTK\wav48_silence_trimmed\p343\p343_325_mic1.flac,p271,0,1,0.317809522151947,0.28326714038848877,0.317809522151947,-0.03454238176345825,3.788875
lca,2,p343_325_mic1,p343,data\VCTK\wav48_silence_trimmed\p343\p343_325_mic1.flac,p343,1,1,0.3912164568901062,0.3912164568901062,0.3365197777748108,0.05469667911529541,3.788875
lca,3,p343_325_mic1,p343,data\VCTK\wav48_silence_trimmed\p343\p343_325_mic1.flac,p343,1,1,0.41959160566329956,0.41959160566329956,0.36929598450660706,0.050295621156692505,3.788875
original,0,p345_005_mic2,p345,data\VCTK\wav48_silence_trimmed\p345\p345_005_mic2.flac,p345,1,1,0.7035952806472778,0.7035952806472778,0.2852433919906616,0.4183518886566162,6.9311875
base,1,p345_005_mic2,p345,data\VCTK\wav48_silence_trimmed\p345\p345_005_mic2.flac,p364,0,1,0.3762302100658417,0.2277606725692749,0.3762302100658417,-0.14846953749656677,6.9311875
base,2,p345_005_mic2,p345,data\VCTK\wav48_silence_trimmed\p345\p345_005_mic2.flac,p345,1,1,0.3919079005718231,0.3919079005718231,0.3566462993621826,0.0352616012096405,6.9311875
base,3,p345_005_mic2,p345,data\VCTK\wav48_silence_trimmed\p345\p345_005_mic2.flac,p345,1,1,0.4158328175544739,0.4158328175544739,0.3664727210998535,0.04936009645462036,6.9311875
lca,1,p345_005_mic2,p345,data\VCTK\wav48_silence_trimmed\p345\p345_005_mic2.flac,p364,0,1,0.383618026971817,0.09742416441440582,0.383618026971817,-0.2861938625574112,6.9311875
lca,2,p345_005_mic2,p345,data\VCTK\wav48_silence_trimmed\p345\p345_005_mic2.flac,p347,0,1,0.33166319131851196,0.23816028237342834,0.33166319131851196,-0.09350290894508362,6.9311875
lca,3,p345_005_mic2,p345,data\VCTK\wav48_silence_trimmed\p345\p345_005_mic2.flac,p360,0,1,0.33282631635665894,0.25481608510017395,0.33282631635665894,-0.07801023125648499,6.9311875
original,0,p345_101_mic1,p345,data\VCTK\wav48_silence_trimmed\p345\p345_101_mic1.flac,p345,1,1,0.7036439180374146,0.7036439180374146,0.3457232415676117,0.35792067646980286,2.8908125
base,1,p345_101_mic1,p345,data\VCTK\wav48_silence_trimmed\p345\p345_101_mic1.flac,p316,0,1,0.31423652172088623,0.11814355850219727,0.31423652172088623,-0.19609296321868896,2.8908125
base,2,p345_101_mic1,p345,data\VCTK\wav48_silence_trimmed\p345\p345_101_mic1.flac,p345,1,1,0.33931127190589905,0.33931127190589905,0.2475874125957489,0.09172385931015015,2.8908125
base,3,p345_101_mic1,p345,data\VCTK\wav48_silence_trimmed\p345\p345_101_mic1.flac,p345,1,1,0.37082189321517944,0.37082189321517944,0.2835325002670288,0.08728939294815063,2.8908125
lca,1,p345_101_mic1,p345,data\VCTK\wav48_silence_trimmed\p345\p345_101_mic1.flac,p364,0,1,0.2980304956436157,0.07584374397993088,0.2980304956436157,-0.22218675166368484,2.8908125
lca,2,p345_101_mic1,p345,data\VCTK\wav48_silence_trimmed\p345\p345_101_mic1.flac,p313,0,1,0.27747422456741333,0.16707217693328857,0.27747422456741333,-0.11040204763412476,2.8908125
lca,3,p345_101_mic1,p345,data\VCTK\wav48_silence_trimmed\p345\p345_101_mic1.flac,p313,0,1,0.296414852142334,0.193497896194458,0.296414852142334,-0.10291695594787598,2.8908125
original,0,p345_138_mic1,p345,data\VCTK\wav48_silence_trimmed\p345\p345_138_mic1.flac,p345,1,1,0.7297407984733582,0.7297407984733582,0.3069293200969696,0.42281147837638855,2.1116875
base,1,p345_138_mic1,p345,data\VCTK\wav48_silence_trimmed\p345\p345_138_mic1.flac,p316,0,1,0.3161846399307251,0.16986805200576782,0.3161846399307251,-0.14631658792495728,2.1116875
base,2,p345_138_mic1,p345,data\VCTK\wav48_silence_trimmed\p345\p345_138_mic1.flac,p316,0,1,0.3435481786727905,0.28308987617492676,0.3435481786727905,-0.06045830249786377,2.1116875
base,3,p345_138_mic1,p345,data\VCTK\wav48_silence_trimmed\p345\p345_138_mic1.flac,p316,0,1,0.31840598583221436,0.2864891588687897,0.31840598583221436,-0.03191682696342468,2.1116875
lca,1,p345_138_mic1,p345,data\VCTK\wav48_silence_trimmed\p345\p345_138_mic1.flac,p364,0,1,0.40777587890625,0.045044075697660446,0.40777587890625,-0.36273180320858955,2.1116875
lca,2,p345_138_mic1,p345,data\VCTK\wav48_silence_trimmed\p345\p345_138_mic1.flac,p364,0,1,0.40464872121810913,0.23483850061893463,0.40464872121810913,-0.1698102205991745,2.1116875
lca,3,p345_138_mic1,p345,data\VCTK\wav48_silence_trimmed\p345\p345_138_mic1.flac,p360,0,1,0.37366244196891785,0.26750919222831726,0.37366244196891785,-0.10615324974060059,2.1116875
original,0,p345_218_mic1,p345,data\VCTK\wav48_silence_trimmed\p345\p345_218_mic1.flac,p345,1,1,0.6666402816772461,0.6666402816772461,0.36151570081710815,0.30512458086013794,2.815875
base,1,p345_218_mic1,p345,data\VCTK\wav48_silence_trimmed\p345\p345_218_mic1.flac,p364,0,1,0.3445371985435486,0.2476591318845749,0.3445371985435486,-0.0968780666589737,2.815875
base,2,p345_218_mic1,p345,data\VCTK\wav48_silence_trimmed\p345\p345_218_mic1.flac,p302,0,1,0.3256274461746216,0.27937814593315125,0.3256274461746216,-0.04624930024147034,2.815875
base,3,p345_218_mic1,p345,data\VCTK\wav48_silence_trimmed\p345\p345_218_mic1.flac,p345,1,1,0.3895733058452606,0.3895733058452606,0.330583393573761,0.058989912271499634,2.815875
lca,1,p345_218_mic1,p345,data\VCTK\wav48_silence_trimmed\p345\p345_218_mic1.flac,p280,0,1,0.36958563327789307,-0.025573482736945152,0.36958563327789307,-0.3951591160148382,2.815875
lca,2,p345_218_mic1,p345,data\VCTK\wav48_silence_trimmed\p345\p345_218_mic1.flac,p347,0,1,0.32181960344314575,0.19943705201148987,0.32181960344314575,-0.12238255143165588,2.815875
lca,3,p345_218_mic1,p345,data\VCTK\wav48_silence_trimmed\p345\p345_218_mic1.flac,p360,0,1,0.3025902509689331,0.28671303391456604,0.3025902509689331,-0.015877217054367065,2.815875
original,0,p345_276_mic1,p345,data\VCTK\wav48_silence_trimmed\p345\p345_276_mic1.flac,p345,1,1,0.5938324928283691,0.5938324928283691,0.2587055563926697,0.33512693643569946,2.404875
base,1,p345_276_mic1,p345,data\VCTK\wav48_silence_trimmed\p345\p345_276_mic1.flac,p302,0,1,0.31190747022628784,0.2774714231491089,0.31190747022628784,-0.034436047077178955,2.404875
base,2,p345_276_mic1,p345,data\VCTK\wav48_silence_trimmed\p345\p345_276_mic1.flac,p345,1,1,0.37365132570266724,0.37365132570266724,0.30626559257507324,0.067385733127594,2.404875
base,3,p345_276_mic1,p345,data\VCTK\wav48_silence_trimmed\p345\p345_276_mic1.flac,p345,1,1,0.38126635551452637,0.38126635551452637,0.3192855715751648,0.06198078393936157,2.404875
lca,1,p345_276_mic1,p345,data\VCTK\wav48_silence_trimmed\p345\p345_276_mic1.flac,p364,0,1,0.3754449486732483,0.13336701691150665,0.3754449486732483,-0.24207793176174164,2.404875
lca,2,p345_276_mic1,p345,data\VCTK\wav48_silence_trimmed\p345\p345_276_mic1.flac,p347,0,1,0.30165910720825195,0.2710980176925659,0.30165910720825195,-0.030561089515686035,2.404875
lca,3,p345_276_mic1,p345,data\VCTK\wav48_silence_trimmed\p345\p345_276_mic1.flac,p347,0,1,0.3215389549732208,0.2717761993408203,0.3215389549732208,-0.04976275563240051,2.404875
original,0,p347_009_mic1,p347,data\VCTK\wav48_silence_trimmed\p347\p347_009_mic1.flac,p347,1,1,0.7516583204269409,0.7516583204269409,0.3128144145011902,0.43884390592575073,4.8235625
base,1,p347_009_mic1,p347,data\VCTK\wav48_silence_trimmed\p347\p347_009_mic1.flac,p347,1,1,0.33492618799209595,0.33492618799209595,0.30377861857414246,0.03114756941795349,4.8235625
base,2,p347_009_mic1,p347,data\VCTK\wav48_silence_trimmed\p347\p347_009_mic1.flac,p347,1,1,0.6017276644706726,0.6017276644706726,0.3532968759536743,0.2484307885169983,4.8235625
base,3,p347_009_mic1,p347,data\VCTK\wav48_silence_trimmed\p347\p347_009_mic1.flac,p347,1,1,0.6716691255569458,0.6716691255569458,0.3391885757446289,0.3324805498123169,4.8235625
lca,1,p347_009_mic1,p347,data\VCTK\wav48_silence_trimmed\p347\p347_009_mic1.flac,p347,1,1,0.3720536231994629,0.3720536231994629,0.29572248458862305,0.07633113861083984,4.8235625
lca,2,p347_009_mic1,p347,data\VCTK\wav48_silence_trimmed\p347\p347_009_mic1.flac,p347,1,1,0.64793461561203,0.64793461561203,0.3414331078529358,0.30650150775909424,4.8235625
lca,3,p347_009_mic1,p347,data\VCTK\wav48_silence_trimmed\p347\p347_009_mic1.flac,p347,1,1,0.6920119524002075,0.6920119524002075,0.2939593195915222,0.3980526328086853,4.8235625
original,0,p347_103_mic1,p347,data\VCTK\wav48_silence_trimmed\p347\p347_103_mic1.flac,p347,1,1,0.7367246150970459,0.7367246150970459,0.2974730134010315,0.4392516016960144,3.19425
base,1,p347_103_mic1,p347,data\VCTK\wav48_silence_trimmed\p347\p347_103_mic1.flac,p364,0,1,0.33802735805511475,0.2900504469871521,0.33802735805511475,-0.047976911067962646,3.19425
base,2,p347_103_mic1,p347,data\VCTK\wav48_silence_trimmed\p347\p347_103_mic1.flac,p347,1,1,0.6348779797554016,0.6348779797554016,0.3466958999633789,0.2881820797920227,3.19425
base,3,p347_103_mic1,p347,data\VCTK\wav48_silence_trimmed\p347\p347_103_mic1.flac,p347,1,1,0.64767986536026,0.64767986536026,0.2967742085456848,0.3509056568145752,3.19425
lca,1,p347_103_mic1,p347,data\VCTK\wav48_silence_trimmed\p347\p347_103_mic1.flac,p347,1,1,0.3852689266204834,0.3852689266204834,0.30388063192367554,0.08138829469680786,3.19425
lca,2,p347_103_mic1,p347,data\VCTK\wav48_silence_trimmed\p347\p347_103_mic1.flac,p347,1,1,0.624405562877655,0.624405562877655,0.2535719573497772,0.3708336055278778,3.19425
lca,3,p347_103_mic1,p347,data\VCTK\wav48_silence_trimmed\p347\p347_103_mic1.flac,p347,1,1,0.6391134858131409,0.6391134858131409,0.2820029854774475,0.35711050033569336,3.19425
original,0,p347_114_mic2,p347,data\VCTK\wav48_silence_trimmed\p347\p347_114_mic2.flac,p347,1,1,0.7901967167854309,0.7901967167854309,0.324978232383728,0.4652184844017029,3.2433125
base,1,p347_114_mic2,p347,data\VCTK\wav48_silence_trimmed\p347\p347_114_mic2.flac,p347,1,1,0.43049857020378113,0.43049857020378113,0.27399349212646484,0.15650507807731628,3.2433125
base,2,p347_114_mic2,p347,data\VCTK\wav48_silence_trimmed\p347\p347_114_mic2.flac,p347,1,1,0.6782311797142029,0.6782311797142029,0.31188511848449707,0.3663460612297058,3.2433125
base,3,p347_114_mic2,p347,data\VCTK\wav48_silence_trimmed\p347\p347_114_mic2.flac,p347,1,1,0.6678711175918579,0.6678711175918579,0.3512049913406372,0.3166661262512207,3.2433125
lca,1,p347_114_mic2,p347,data\VCTK\wav48_silence_trimmed\p347\p347_114_mic2.flac,p364,0,1,0.43061405420303345,0.3806408643722534,0.43061405420303345,-0.04997318983078003,3.2433125
lca,2,p347_114_mic2,p347,data\VCTK\wav48_silence_trimmed\p347\p347_114_mic2.flac,p347,1,1,0.6205130815505981,0.6205130815505981,0.3816601634025574,0.23885291814804077,3.2433125
lca,3,p347_114_mic2,p347,data\VCTK\wav48_silence_trimmed\p347\p347_114_mic2.flac,p347,1,1,0.6616449356079102,0.6616449356079102,0.2915196120738983,0.37012532353401184,3.2433125
original,0,p347_123_mic1,p347,data\VCTK\wav48_silence_trimmed\p347\p347_123_mic1.flac,p347,1,1,0.7955867052078247,0.7955867052078247,0.3455481231212616,0.4500385820865631,3.545125
base,1,p347_123_mic1,p347,data\VCTK\wav48_silence_trimmed\p347\p347_123_mic1.flac,p313,0,1,0.35683655738830566,0.314962774515152,0.35683655738830566,-0.041873782873153687,3.545125
base,2,p347_123_mic1,p347,data\VCTK\wav48_silence_trimmed\p347\p347_123_mic1.flac,p347,1,1,0.6616126298904419,0.6616126298904419,0.3685813546180725,0.2930312752723694,3.545125
base,3,p347_123_mic1,p347,data\VCTK\wav48_silence_trimmed\p347\p347_123_mic1.flac,p347,1,1,0.7598453760147095,0.7598453760147095,0.32618069648742676,0.4336646795272827,3.545125
lca,1,p347_123_mic1,p347,data\VCTK\wav48_silence_trimmed\p347\p347_123_mic1.flac,p347,1,1,0.4218480885028839,0.4218480885028839,0.3346058130264282,0.08724227547645569,3.545125
lca,2,p347_123_mic1,p347,data\VCTK\wav48_silence_trimmed\p347\p347_123_mic1.flac,p347,1,1,0.6681854128837585,0.6681854128837585,0.32141149044036865,0.3467739224433899,3.545125
lca,3,p347_123_mic1,p347,data\VCTK\wav48_silence_trimmed\p347\p347_123_mic1.flac,p347,1,1,0.7183593511581421,0.7183593511581421,0.3266526460647583,0.3917067050933838,3.545125
original,0,p347_208_mic1,p347,data\VCTK\wav48_silence_trimmed\p347\p347_208_mic1.flac,p347,1,1,0.6068667769432068,0.6068667769432068,0.38541072607040405,0.22145605087280273,2.220625
base,1,p347_208_mic1,p347,data\VCTK\wav48_silence_trimmed\p347\p347_208_mic1.flac,p273,0,1,0.25631365180015564,0.17394450306892395,0.25631365180015564,-0.08236914873123169,2.220625
base,2,p347_208_mic1,p347,data\VCTK\wav48_silence_trimmed\p347\p347_208_mic1.flac,p364,0,1,0.4340939521789551,0.4165405333042145,0.4340939521789551,-0.0175534188747406,2.220625
base,3,p347_208_mic1,p347,data\VCTK\wav48_silence_trimmed\p347\p347_208_mic1.flac,p347,1,1,0.4650871157646179,0.4650871157646179,0.3970811367034912,0.06800597906112671,2.220625
lca,1,p347_208_mic1,p347,data\VCTK\wav48_silence_trimmed\p347\p347_208_mic1.flac,p273,0,0,0.2206248641014099,0.13411282002925873,0.2206248641014099,-0.08651204407215118,2.220625
lca,2,p347_208_mic1,p347,data\VCTK\wav48_silence_trimmed\p347\p347_208_mic1.flac,p347,1,1,0.30985504388809204,0.30985504388809204,0.2985023856163025,0.01135265827178955,2.220625
lca,3,p347_208_mic1,p347,data\VCTK\wav48_silence_trimmed\p347\p347_208_mic1.flac,p347,1,1,0.4598489999771118,0.4598489999771118,0.29267045855522156,0.16717854142189026,2.220625
original,0,p351_135_mic1,p351,data\VCTK\wav48_silence_trimmed\p351\p351_135_mic1.flac,p351,1,1,0.6597669124603271,0.6597669124603271,0.4276271462440491,0.23213976621627808,2.1340625
base,1,p351_135_mic1,p351,data\VCTK\wav48_silence_trimmed\p351\p351_135_mic1.flac,p362,0,1,0.2966307997703552,0.17243345081806183,0.2966307997703552,-0.1241973489522934,2.1340625
base,2,p351_135_mic1,p351,data\VCTK\wav48_silence_trimmed\p351\p351_135_mic1.flac,p351,1,1,0.3777519464492798,0.3777519464492798,0.3774074614048004,0.0003444850444793701,2.1340625
base,3,p351_135_mic1,p351,data\VCTK\wav48_silence_trimmed\p351\p351_135_mic1.flac,p351,1,1,0.43918320536613464,0.43918320536613464,0.3769281506538391,0.06225505471229553,2.1340625
lca,1,p351_135_mic1,p351,data\VCTK\wav48_silence_trimmed\p351\p351_135_mic1.flac,p250,0,1,0.4126432538032532,0.28309759497642517,0.4126432538032532,-0.129545658826828,2.1340625
lca,2,p351_135_mic1,p351,data\VCTK\wav48_silence_trimmed\p351\p351_135_mic1.flac,p250,0,1,0.4209778308868408,0.26681143045425415,0.4209778308868408,-0.15416640043258667,2.1340625
lca,3,p351_135_mic1,p351,data\VCTK\wav48_silence_trimmed\p351\p351_135_mic1.flac,p340,0,1,0.48045802116394043,0.3347076177597046,0.48045802116394043,-0.14575040340423584,2.1340625
original,0,p351_155_mic2,p351,data\VCTK\wav48_silence_trimmed\p351\p351_155_mic2.flac,p351,1,1,0.7489638328552246,0.7489638328552246,0.442172110080719,0.3067917227745056,4.122125
base,1,p351_155_mic2,p351,data\VCTK\wav48_silence_trimmed\p351\p351_155_mic2.flac,p244,0,1,0.3743181824684143,0.26415565609931946,0.3743181824684143,-0.11016252636909485,4.122125
base,2,p351_155_mic2,p351,data\VCTK\wav48_silence_trimmed\p351\p351_155_mic2.flac,p244,0,1,0.4650908410549164,0.27989882230758667,0.4650908410549164,-0.1851920187473297,4.122125
base,3,p351_155_mic2,p351,data\VCTK\wav48_silence_trimmed\p351\p351_155_mic2.flac,p244,0,1,0.4383431673049927,0.30312323570251465,0.4383431673049927,-0.13521993160247803,4.122125
lca,1,p351_155_mic2,p351,data\VCTK\wav48_silence_trimmed\p351\p351_155_mic2.flac,p244,0,1,0.43850404024124146,0.3724798560142517,0.43850404024124146,-0.06602418422698975,4.122125
lca,2,p351_155_mic2,p351,data\VCTK\wav48_silence_trimmed\p351\p351_155_mic2.flac,p250,0,1,0.47316116094589233,0.3102615475654602,0.47316116094589233,-0.16289961338043213,4.122125
lca,3,p351_155_mic2,p351,data\VCTK\wav48_silence_trimmed\p351\p351_155_mic2.flac,p250,0,1,0.48337793350219727,0.3291253447532654,0.48337793350219727,-0.15425258874893188,4.122125
original,0,p351_244_mic1,p351,data\VCTK\wav48_silence_trimmed\p351\p351_244_mic1.flac,p351,1,1,0.8032249212265015,0.8032249212265015,0.4976769983768463,0.30554792284965515,3.020875
base,1,p351_244_mic1,p351,data\VCTK\wav48_silence_trimmed\p351\p351_244_mic1.flac,p351,1,1,0.26093047857284546,0.26093047857284546,0.2518920302391052,0.009038448333740234,3.020875
base,2,p351_244_mic1,p351,data\VCTK\wav48_silence_trimmed\p351\p351_244_mic1.flac,p280,0,1,0.37269335985183716,0.3216542899608612,0.37269335985183716,-0.05103906989097595,3.020875
base,3,p351_244_mic1,p351,data\VCTK\wav48_silence_trimmed\p351\p351_244_mic1.flac,p351,1,1,0.42104119062423706,0.42104119062423706,0.39941078424453735,0.021630406379699707,3.020875
lca,1,p351_244_mic1,p351,data\VCTK\wav48_silence_trimmed\p351\p351_244_mic1.flac,p244,0,1,0.3728333115577698,0.2641637921333313,0.3728333115577698,-0.10866951942443848,3.020875
lca,2,p351_244_mic1,p351,data\VCTK\wav48_silence_trimmed\p351\p351_244_mic1.flac,p250,0,1,0.44452160596847534,0.3299940228462219,0.44452160596847534,-0.11452758312225342,3.020875
lca,3,p351_244_mic1,p351,data\VCTK\wav48_silence_trimmed\p351\p351_244_mic1.flac,p340,0,1,0.4791661202907562,0.3450787663459778,0.4791661202907562,-0.13408735394477844,3.020875
original,0,p351_320_mic1,p351,data\VCTK\wav48_silence_trimmed\p351\p351_320_mic1.flac,p351,1,1,0.7127178311347961,0.7127178311347961,0.42577695846557617,0.28694087266921997,3.1461875
base,1,p351_320_mic1,p351,data\VCTK\wav48_silence_trimmed\p351\p351_320_mic1.flac,p339,0,1,0.36702635884284973,0.31319963932037354,0.36702635884284973,-0.053826719522476196,3.1461875
base,2,p351_320_mic1,p351,data\VCTK\wav48_silence_trimmed\p351\p351_320_mic1.flac,p351,1,1,0.438594788312912,0.438594788312912,0.3932996392250061,0.045295149087905884,3.1461875
base,3,p351_320_mic1,p351,data\VCTK\wav48_silence_trimmed\p351\p351_320_mic1.flac,p317,0,1,0.4484066963195801,0.4304986298084259,0.4484066963195801,-0.017908066511154175,3.1461875
lca,1,p351_320_mic1,p351,data\VCTK\wav48_silence_trimmed\p351\p351_320_mic1.flac,p250,0,1,0.4023949205875397,0.3274349272251129,0.4023949205875397,-0.07495999336242676,3.1461875
lca,2,p351_320_mic1,p351,data\VCTK\wav48_silence_trimmed\p351\p351_320_mic1.flac,p340,0,1,0.4475855231285095,0.36715492606163025,0.4475855231285095,-0.08043059706687927,3.1461875
lca,3,p351_320_mic1,p351,data\VCTK\wav48_silence_trimmed\p351\p351_320_mic1.flac,p340,0,1,0.48105642199516296,0.33648622035980225,0.48105642199516296,-0.14457020163536072,3.1461875
original,0,p351_398_mic1,p351,data\VCTK\wav48_silence_trimmed\p351\p351_398_mic1.flac,p351,1,1,0.7257661819458008,0.7257661819458008,0.4120327830314636,0.31373339891433716,2.7315
base,1,p351_398_mic1,p351,data\VCTK\wav48_silence_trimmed\p351\p351_398_mic1.flac,p339,0,1,0.38586342334747314,0.28010106086730957,0.38586342334747314,-0.10576236248016357,2.7315
base,2,p351_398_mic1,p351,data\VCTK\wav48_silence_trimmed\p351\p351_398_mic1.flac,p351,1,1,0.3598988950252533,0.3598988950252533,0.35480237007141113,0.005096524953842163,2.7315
base,3,p351_398_mic1,p351,data\VCTK\wav48_silence_trimmed\p351\p351_398_mic1.flac,p351,1,1,0.4466397166252136,0.4466397166252136,0.3768802881240845,0.06975942850112915,2.7315
lca,1,p351_398_mic1,p351,data\VCTK\wav48_silence_trimmed\p351\p351_398_mic1.flac,p293,0,1,0.40547358989715576,0.37402787804603577,0.40547358989715576,-0.031445711851119995,2.7315
lca,2,p351_398_mic1,p351,data\VCTK\wav48_silence_trimmed\p351\p351_398_mic1.flac,p340,0,1,0.44780364632606506,0.3909319341182709,0.44780364632606506,-0.05687171220779419,2.7315
lca,3,p351_398_mic1,p351,data\VCTK\wav48_silence_trimmed\p351\p351_398_mic1.flac,p340,0,1,0.48450741171836853,0.3882668912410736,0.48450741171836853,-0.09624052047729492,2.7315
original,0,p360_051_mic2,p360,data\VCTK\wav48_silence_trimmed\p360\p360_051_mic2.flac,p360,1,1,0.615990400314331,0.615990400314331,0.3627163767814636,0.25327402353286743,2.5211875
base,1,p360_051_mic2,p360,data\VCTK\wav48_silence_trimmed\p360\p360_051_mic2.flac,p364,0,1,0.2859172821044922,0.15856964886188507,0.2859172821044922,-0.12734763324260712,2.5211875
base,2,p360_051_mic2,p360,data\VCTK\wav48_silence_trimmed\p360\p360_051_mic2.flac,p246,0,1,0.33002883195877075,0.22891801595687866,0.33002883195877075,-0.10111081600189209,2.5211875
base,3,p360_051_mic2,p360,data\VCTK\wav48_silence_trimmed\p360\p360_051_mic2.flac,p360,1,1,0.3050629794597626,0.3050629794597626,0.26227957010269165,0.04278340935707092,2.5211875
lca,1,p360_051_mic2,p360,data\VCTK\wav48_silence_trimmed\p360\p360_051_mic2.flac,p280,0,1,0.2795165181159973,0.19195562601089478,0.2795165181159973,-0.08756089210510254,2.5211875
lca,2,p360_051_mic2,p360,data\VCTK\wav48_silence_trimmed\p360\p360_051_mic2.flac,p280,0,1,0.2566137909889221,0.23129521310329437,0.2566137909889221,-0.025318577885627747,2.5211875
lca,3,p360_051_mic2,p360,data\VCTK\wav48_silence_trimmed\p360\p360_051_mic2.flac,p360,1,1,0.2966890037059784,0.2966890037059784,0.25098666548728943,0.045702338218688965,2.5211875
original,0,p360_141_mic2,p360,data\VCTK\wav48_silence_trimmed\p360\p360_141_mic2.flac,p360,1,1,0.6475000977516174,0.6475000977516174,0.359597772359848,0.2879023253917694,2.49725
base,1,p360_141_mic2,p360,data\VCTK\wav48_silence_trimmed\p360\p360_141_mic2.flac,p273,0,0,0.24973241984844208,0.12077489495277405,0.24973241984844208,-0.12895752489566803,2.49725
base,2,p360_141_mic2,p360,data\VCTK\wav48_silence_trimmed\p360\p360_141_mic2.flac,p364,0,1,0.3061806559562683,0.2607974410057068,0.3061806559562683,-0.04538321495056152,2.49725
base,3,p360_141_mic2,p360,data\VCTK\wav48_silence_trimmed\p360\p360_141_mic2.flac,p284,0,1,0.315904825925827,0.261859655380249,0.315904825925827,-0.054045170545578,2.49725
lca,1,p360_141_mic2,p360,data\VCTK\wav48_silence_trimmed\p360\p360_141_mic2.flac,p364,0,1,0.3128706216812134,0.18854369223117828,0.3128706216812134,-0.1243269294500351,2.49725
lca,2,p360_141_mic2,p360,data\VCTK\wav48_silence_trimmed\p360\p360_141_mic2.flac,p364,0,1,0.35734087228775024,0.31437432765960693,0.35734087228775024,-0.04296654462814331,2.49725
lca,3,p360_141_mic2,p360,data\VCTK\wav48_silence_trimmed\p360\p360_141_mic2.flac,p364,0,1,0.3663686513900757,0.24804788827896118,0.3663686513900757,-0.1183207631111145,2.49725
original,0,p360_160_mic2,p360,data\VCTK\wav48_silence_trimmed\p360\p360_160_mic2.flac,p360,1,1,0.7548737525939941,0.7548737525939941,0.4799391031265259,0.27493464946746826,3.1196875
base,1,p360_160_mic2,p360,data\VCTK\wav48_silence_trimmed\p360\p360_160_mic2.flac,p313,0,1,0.2756461203098297,0.13129812479019165,0.2756461203098297,-0.14434799551963806,3.1196875
base,2,p360_160_mic2,p360,data\VCTK\wav48_silence_trimmed\p360\p360_160_mic2.flac,p360,1,1,0.354739248752594,0.354739248752594,0.31848716735839844,0.03625208139419556,3.1196875
base,3,p360_160_mic2,p360,data\VCTK\wav48_silence_trimmed\p360\p360_160_mic2.flac,p360,1,1,0.3619588613510132,0.3619588613510132,0.3065797984600067,0.05537906289100647,3.1196875
lca,1,p360_160_mic2,p360,data\VCTK\wav48_silence_trimmed\p360\p360_160_mic2.flac,p347,0,1,0.3066028952598572,0.2113536298274994,0.3066028952598572,-0.09524926543235779,3.1196875
lca,2,p360_160_mic2,p360,data\VCTK\wav48_silence_trimmed\p360\p360_160_mic2.flac,p347,0,1,0.3234685957431793,0.30044806003570557,0.3234685957431793,-0.023020535707473755,3.1196875
lca,3,p360_160_mic2,p360,data\VCTK\wav48_silence_trimmed\p360\p360_160_mic2.flac,p347,0,1,0.3313975930213928,0.28346383571624756,0.3313975930213928,-0.047933757305145264,3.1196875
original,0,p360_204_mic2,p360,data\VCTK\wav48_silence_trimmed\p360\p360_204_mic2.flac,p360,1,1,0.6531832218170166,0.6531832218170166,0.32352226972579956,0.32966095209121704,2.975875
base,1,p360_204_mic2,p360,data\VCTK\wav48_silence_trimmed\p360\p360_204_mic2.flac,p298,0,1,0.28280794620513916,0.14414414763450623,0.28280794620513916,-0.13866379857063293,2.975875
base,2,p360_204_mic2,p360,data\VCTK\wav48_silence_trimmed\p360\p360_204_mic2.flac,p302,0,1,0.3695623278617859,0.33058857917785645,0.3695623278617859,-0.03897374868392944,2.975875
base,3,p360_204_mic2,p360,data\VCTK\wav48_silence_trimmed\p360\p360_204_mic2.flac,p360,1,1,0.39027661085128784,0.39027661085128784,0.3264238238334656,0.06385278701782227,2.975875
lca,1,p360_204_mic2,p360,data\VCTK\wav48_silence_trimmed\p360\p360_204_mic2.flac,p302,0,1,0.36753568053245544,0.26699844002723694,0.36753568053245544,-0.1005372405052185,2.975875
lca,2,p360_204_mic2,p360,data\VCTK\wav48_silence_trimmed\p360\p360_204_mic2.flac,p360,1,1,0.43058478832244873,0.43058478832244873,0.39556872844696045,0.03501605987548828,2.975875
lca,3,p360_204_mic2,p360,data\VCTK\wav48_silence_trimmed\p360\p360_204_mic2.flac,p360,1,1,0.4673542380332947,0.4673542380332947,0.35517048835754395,0.11218374967575073,2.975875
original,0,p360_327_mic2,p360,data\VCTK\wav48_silence_trimmed\p360\p360_327_mic2.flac,p360,1,1,0.6164467334747314,0.6164467334747314,0.4287485182285309,0.18769821524620056,2.06925
base,1,p360_327_mic2,p360,data\VCTK\wav48_silence_trimmed\p360\p360_327_mic2.flac,p316,0,0,0.22782737016677856,0.20752835273742676,0.22782737016677856,-0.020299017429351807,2.06925
base,2,p360_327_mic2,p360,data\VCTK\wav48_silence_trimmed\p360\p360_327_mic2.flac,p284,0,1,0.35851508378982544,0.24689364433288574,0.35851508378982544,-0.1116214394569397,2.06925
base,3,p360_327_mic2,p360,data\VCTK\wav48_silence_trimmed\p360\p360_327_mic2.flac,p246,0,1,0.34730517864227295,0.31432825326919556,0.34730517864227295,-0.03297692537307739,2.06925
lca,1,p360_327_mic2,p360,data\VCTK\wav48_silence_trimmed\p360\p360_327_mic2.flac,p347,0,1,0.3054879307746887,0.0683177188038826,0.3054879307746887,-0.23717021197080612,2.06925
lca,2,p360_327_mic2,p360,data\VCTK\wav48_silence_trimmed\p360\p360_327_mic2.flac,p280,0,1,0.32346582412719727,0.2832178473472595,0.32346582412719727,-0.040247976779937744,2.06925
lca,3,p360_327_mic2,p360,data\VCTK\wav48_silence_trimmed\p360\p360_327_mic2.flac,p360,1,1,0.31280434131622314,0.31280434131622314,0.31152892112731934,0.0012754201889038086,2.06925
original,0,p361_024_mic1,p361,data\VCTK\wav48_silence_trimmed\p361\p361_024_mic1.flac,p361,1,1,0.6188984513282776,0.6188984513282776,0.37948518991470337,0.23941326141357422,6.3288125
base,1,p361_024_mic1,p361,data\VCTK\wav48_silence_trimmed\p361\p361_024_mic1.flac,p339,0,1,0.35961782932281494,0.15514978766441345,0.35961782932281494,-0.2044680416584015,6.3288125
base,2,p361_024_mic1,p361,data\VCTK\wav48_silence_trimmed\p361\p361_024_mic1.flac,p339,0,1,0.46750664710998535,0.24072597920894623,0.46750664710998535,-0.22678066790103912,6.3288125
base,3,p361_024_mic1,p361,data\VCTK\wav48_silence_trimmed\p361\p361_024_mic1.flac,p339,0,1,0.4583078622817993,0.3307259976863861,0.4583078622817993,-0.1275818645954132,6.3288125
lca,1,p361_024_mic1,p361,data\VCTK\wav48_silence_trimmed\p361\p361_024_mic1.flac,p300,0,1,0.36549606919288635,0.1619688868522644,0.36549606919288635,-0.20352718234062195,6.3288125
lca,2,p361_024_mic1,p361,data\VCTK\wav48_silence_trimmed\p361\p361_024_mic1.flac,p250,0,1,0.42307519912719727,0.24713562428951263,0.42307519912719727,-0.17593957483768463,6.3288125
lca,3,p361_024_mic1,p361,data\VCTK\wav48_silence_trimmed\p361\p361_024_mic1.flac,p300,0,1,0.438309907913208,0.29507702589035034,0.438309907913208,-0.14323288202285767,6.3288125
original,0,p361_079_mic1,p361,data\VCTK\wav48_silence_trimmed\p361\p361_079_mic1.flac,p361,1,1,0.5342239141464233,0.5342239141464233,0.2372717261314392,0.29695218801498413,2.9483125
base,1,p361_079_mic1,p361,data\VCTK\wav48_silence_trimmed\p361\p361_079_mic1.flac,p280,0,1,0.2886100709438324,0.10093620419502258,0.2886100709438324,-0.18767386674880981,2.9483125
base,2,p361_079_mic1,p361,data\VCTK\wav48_silence_trimmed\p361\p361_079_mic1.flac,p339,0,1,0.3593176007270813,0.25640276074409485,0.3593176007270813,-0.10291483998298645,2.9483125
base,3,p361_079_mic1,p361,data\VCTK\wav48_silence_trimmed\p361\p361_079_mic1.flac,p339,0,1,0.34979450702667236,0.27913013100624084,0.34979450702667236,-0.07066437602043152,2.9483125
lca,1,p361_079_mic1,p361,data\VCTK\wav48_silence_trimmed\p361\p361_079_mic1.flac,p280,0,1,0.4109150171279907,0.14424969255924225,0.4109150171279907,-0.2666653245687485,2.9483125
lca,2,p361_079_mic1,p361,data\VCTK\wav48_silence_trimmed\p361\p361_079_mic1.flac,p339,0,1,0.39592456817626953,0.18649154901504517,0.39592456817626953,-0.20943301916122437,2.9483125
lca,3,p361_079_mic1,p361,data\VCTK\wav48_silence_trimmed\p361\p361_079_mic1.flac,p313,0,1,0.3407650291919708,0.26429325342178345,0.3407650291919708,-0.07647177577018738,2.9483125
original,0,p361_179_mic2,p361,data\VCTK\wav48_silence_trimmed\p361\p361_179_mic2.flac,p361,1,1,0.6591242551803589,0.6591242551803589,0.32340580224990845,0.33571845293045044,2.3171875
base,1,p361_179_mic2,p361,data\VCTK\wav48_silence_trimmed\p361\p361_179_mic2.flac,p238,0,1,0.28070518374443054,0.20767740905284882,0.28070518374443054,-0.07302777469158173,2.3171875
base,2,p361_179_mic2,p361,data\VCTK\wav48_silence_trimmed\p361\p361_179_mic2.flac,p295,0,1,0.3234714865684509,0.29027068614959717,0.3234714865684509,-0.03320080041885376,2.3171875
base,3,p361_179_mic2,p361,data\VCTK\wav48_silence_trimmed\p361\p361_179_mic2.flac,p238,0,1,0.3516291379928589,0.32577091455459595,0.3516291379928589,-0.02585822343826294,2.3171875
lca,1,p361_179_mic2,p361,data\VCTK\wav48_silence_trimmed\p361\p361_179_mic2.flac,p300,0,1,0.41743963956832886,0.2622900605201721,0.41743963956832886,-0.15514957904815674,2.3171875
lca,2,p361_179_mic2,p361,data\VCTK\wav48_silence_trimmed\p361\p361_179_mic2.flac,p361,1,1,0.419670432806015,0.419670432806015,0.36304348707199097,0.05662694573402405,2.3171875
lca,3,p361_179_mic2,p361,data\VCTK\wav48_silence_trimmed\p361\p361_179_mic2.flac,p361,1,1,0.4086272716522217,0.4086272716522217,0.38406819105148315,0.024559080600738525,2.3171875
original,0,p361_248_mic1,p361,data\VCTK\wav48_silence_trimmed\p361\p361_248_mic1.flac,p361,1,1,0.7155593633651733,0.7155593633651733,0.28741562366485596,0.4281437397003174,4.07425
base,1,p361_248_mic1,p361,data\VCTK\wav48_silence_trimmed\p361\p361_248_mic1.flac,p301,0,1,0.3424217402935028,0.16107502579689026,0.3424217402935028,-0.18134671449661255,4.07425
base,2,p361_248_mic1,p361,data\VCTK\wav48_silence_trimmed\p361\p361_248_mic1.flac,p339,0,1,0.4651300013065338,0.28619086742401123,0.4651300013065338,-0.17893913388252258,4.07425
base,3,p361_248_mic1,p361,data\VCTK\wav48_silence_trimmed\p361\p361_248_mic1.flac,p339,0,1,0.47257205843925476,0.3731840252876282,0.47257205843925476,-0.09938803315162659,4.07425
lca,1,p361_248_mic1,p361,data\VCTK\wav48_silence_trimmed\p361\p361_248_mic1.flac,p343,0,1,0.33542031049728394,0.19147807359695435,0.33542031049728394,-0.1439422369003296,4.07425
lca,2,p361_248_mic1,p361,data\VCTK\wav48_silence_trimmed\p361\p361_248_mic1.flac,p313,0,1,0.4177634119987488,0.3071117103099823,0.4177634119987488,-0.11065170168876648,4.07425
lca,3,p361_248_mic1,p361,data\VCTK\wav48_silence_trimmed\p361\p361_248_mic1.flac,p300,0,1,0.42833754420280457,0.35660940408706665,0.42833754420280457,-0.07172814011573792,4.07425
original,0,p361_365_mic2,p361,data\VCTK\wav48_silence_trimmed\p361\p361_365_mic2.flac,p361,1,1,0.5454082489013672,0.5454082489013672,0.2938793897628784,0.25152885913848877,1.7519375
base,1,p361_365_mic2,p361,data\VCTK\wav48_silence_trimmed\p361\p361_365_mic2.flac,p238,0,1,0.3007977604866028,0.24033181369304657,0.3007977604866028,-0.06046594679355621,1.7519375
base,2,p361_365_mic2,p361,data\VCTK\wav48_silence_trimmed\p361\p361_365_mic2.flac,p330,0,1,0.325706422328949,0.2444974184036255,0.325706422328949,-0.08120900392532349,1.7519375
base,3,p361_365_mic2,p361,data\VCTK\wav48_silence_trimmed\p361\p361_365_mic2.flac,p313,0,1,0.36322396993637085,0.2761816382408142,0.36322396993637085,-0.08704233169555664,1.7519375
lca,1,p361_365_mic2,p361,data\VCTK\wav48_silence_trimmed\p361\p361_365_mic2.flac,p231,0,1,0.4067547917366028,0.27063262462615967,0.4067547917366028,-0.13612216711044312,1.7519375
lca,2,p361_365_mic2,p361,data\VCTK\wav48_silence_trimmed\p361\p361_365_mic2.flac,p308,0,1,0.40886402130126953,0.34428906440734863,0.40886402130126953,-0.0645749568939209,1.7519375
lca,3,p361_365_mic2,p361,data\VCTK\wav48_silence_trimmed\p361\p361_365_mic2.flac,p308,0,1,0.4199103116989136,0.3610494136810303,0.4199103116989136,-0.0588608980178833,1.7519375
original,0,p362_054_mic1,p362,data\VCTK\wav48_silence_trimmed\p362\p362_054_mic1.flac,p362,1,1,0.7346879243850708,0.7346879243850708,0.40136170387268066,0.33332622051239014,3.7815
base,1,p362_054_mic1,p362,data\VCTK\wav48_silence_trimmed\p362\p362_054_mic1.flac,p313,0,1,0.3387450873851776,0.17600873112678528,0.3387450873851776,-0.16273635625839233,3.7815
base,2,p362_054_mic1,p362,data\VCTK\wav48_silence_trimmed\p362\p362_054_mic1.flac,p280,0,1,0.3169863522052765,0.2876015901565552,0.3169863522052765,-0.029384762048721313,3.7815
base,3,p362_054_mic1,p362,data\VCTK\wav48_silence_trimmed\p362\p362_054_mic1.flac,p301,0,1,0.36479413509368896,0.3447704017162323,0.36479413509368896,-0.020023733377456665,3.7815
lca,1,p362_054_mic1,p362,data\VCTK\wav48_silence_trimmed\p362\p362_054_mic1.flac,p280,0,1,0.321236252784729,0.053866468369960785,0.321236252784729,-0.2673697844147682,3.7815
lca,2,p362_054_mic1,p362,data\VCTK\wav48_silence_trimmed\p362\p362_054_mic1.flac,p313,0,1,0.35727354884147644,0.20501741766929626,0.35727354884147644,-0.15225613117218018,3.7815
lca,3,p362_054_mic1,p362,data\VCTK\wav48_silence_trimmed\p362\p362_054_mic1.flac,p313,0,1,0.3976452350616455,0.1919500231742859,0.3976452350616455,-0.20569521188735962,3.7815
original,0,p362_114_mic1,p362,data\VCTK\wav48_silence_trimmed\p362\p362_114_mic1.flac,p362,1,1,0.7335292100906372,0.7335292100906372,0.38663414120674133,0.3468950688838959,2.93875
base,1,p362_114_mic1,p362,data\VCTK\wav48_silence_trimmed\p362\p362_114_mic1.flac,p262,0,1,0.338919997215271,0.2361946702003479,0.338919997215271,-0.1027253270149231,2.93875
base,2,p362_114_mic1,p362,data\VCTK\wav48_silence_trimmed\p362\p362_114_mic1.flac,p318,0,1,0.4290936589241028,0.36589449644088745,0.4290936589241028,-0.06319916248321533,2.93875
base,3,p362_114_mic1,p362,data\VCTK\wav48_silence_trimmed\p362\p362_114_mic1.flac,p269,0,1,0.4538636803627014,0.3894551396369934,0.4538636803627014,-0.06440854072570801,2.93875
lca,1,p362_114_mic1,p362,data\VCTK\wav48_silence_trimmed\p362\p362_114_mic1.flac,p280,0,1,0.32928261160850525,0.12181760370731354,0.32928261160850525,-0.2074650079011917,2.93875
lca,2,p362_114_mic1,p362,data\VCTK\wav48_silence_trimmed\p362\p362_114_mic1.flac,p280,0,1,0.4354574680328369,0.22013559937477112,0.4354574680328369,-0.2153218686580658,2.93875
lca,3,p362_114_mic1,p362,data\VCTK\wav48_silence_trimmed\p362\p362_114_mic1.flac,p280,0,1,0.39092469215393066,0.28353285789489746,0.39092469215393066,-0.1073918342590332,2.93875
original,0,p362_154_mic2,p362,data\VCTK\wav48_silence_trimmed\p362\p362_154_mic2.flac,p362,1,1,0.7287368178367615,0.7287368178367615,0.3513089418411255,0.377427875995636,3.333375
base,1,p362_154_mic2,p362,data\VCTK\wav48_silence_trimmed\p362\p362_154_mic2.flac,p343,0,1,0.3607839345932007,0.3166080415248871,0.3607839345932007,-0.0441758930683136,3.333375
base,2,p362_154_mic2,p362,data\VCTK\wav48_silence_trimmed\p362\p362_154_mic2.flac,p313,0,1,0.4654370844364166,0.31331875920295715,0.4654370844364166,-0.15211832523345947,3.333375
base,3,p362_154_mic2,p362,data\VCTK\wav48_silence_trimmed\p362\p362_154_mic2.flac,p313,0,1,0.43962448835372925,0.3603660464286804,0.43962448835372925,-0.07925844192504883,3.333375
lca,1,p362_154_mic2,p362,data\VCTK\wav48_silence_trimmed\p362\p362_154_mic2.flac,p313,0,1,0.4217773675918579,0.116303950548172,0.4217773675918579,-0.3054734170436859,3.333375
lca,2,p362_154_mic2,p362,data\VCTK\wav48_silence_trimmed\p362\p362_154_mic2.flac,p313,0,1,0.4909866452217102,0.21886363625526428,0.4909866452217102,-0.2721230089664459,3.333375
lca,3,p362_154_mic2,p362,data\VCTK\wav48_silence_trimmed\p362\p362_154_mic2.flac,p313,0,1,0.47661295533180237,0.24856549501419067,0.47661295533180237,-0.2280474603176117,3.333375
original,0,p362_337_mic2,p362,data\VCTK\wav48_silence_trimmed\p362\p362_337_mic2.flac,p362,1,1,0.7068561315536499,0.7068561315536499,0.41364896297454834,0.29320716857910156,2.7321875
base,1,p362_337_mic2,p362,data\VCTK\wav48_silence_trimmed\p362\p362_337_mic2.flac,p301,0,1,0.3579999804496765,0.1495240330696106,0.3579999804496765,-0.20847594738006592,2.7321875
base,2,p362_337_mic2,p362,data\VCTK\wav48_silence_trimmed\p362\p362_337_mic2.flac,p339,0,1,0.36535555124282837,0.2406725436449051,0.36535555124282837,-0.12468300759792328,2.7321875
base,3,p362_337_mic2,p362,data\VCTK\wav48_silence_trimmed\p362\p362_337_mic2.flac,p339,0,1,0.39025986194610596,0.34320083260536194,0.39025986194610596,-0.04705902934074402,2.7321875
lca,1,p362_337_mic2,p362,data\VCTK\wav48_silence_trimmed\p362\p362_337_mic2.flac,p300,0,1,0.36031466722488403,0.21541959047317505,0.36031466722488403,-0.14489507675170898,2.7321875
lca,2,p362_337_mic2,p362,data\VCTK\wav48_silence_trimmed\p362\p362_337_mic2.flac,p312,0,1,0.4097351133823395,0.29821279644966125,0.4097351133823395,-0.11152231693267822,2.7321875
lca,3,p362_337_mic2,p362,data\VCTK\wav48_silence_trimmed\p362\p362_337_mic2.flac,p333,0,1,0.39280298352241516,0.27188101410865784,0.39280298352241516,-0.12092196941375732,2.7321875
original,0,p362_390_mic1,p362,data\VCTK\wav48_silence_trimmed\p362\p362_390_mic1.flac,p362,1,1,0.7778513431549072,0.7778513431549072,0.3641160726547241,0.4137352705001831,3.205375
base,1,p362_390_mic1,p362,data\VCTK\wav48_silence_trimmed\p362\p362_390_mic1.flac,p339,0,1,0.3404136896133423,0.2963838577270508,0.3404136896133423,-0.044029831886291504,3.205375
base,2,p362_390_mic1,p362,data\VCTK\wav48_silence_trimmed\p362\p362_390_mic1.flac,p280,0,1,0.4621519446372986,0.34111565351486206,0.4621519446372986,-0.12103629112243652,3.205375
base,3,p362_390_mic1,p362,data\VCTK\wav48_silence_trimmed\p362\p362_390_mic1.flac,p362,1,1,0.4365805387496948,0.4365805387496948,0.3975667357444763,0.039013803005218506,3.205375
lca,1,p362_390_mic1,p362,data\VCTK\wav48_silence_trimmed\p362\p362_390_mic1.flac,p238,0,1,0.2708987295627594,0.09404443204402924,0.2708987295627594,-0.17685429751873016,3.205375
lca,2,p362_390_mic1,p362,data\VCTK\wav48_silence_trimmed\p362\p362_390_mic1.flac,p314,0,1,0.3547632694244385,0.27862513065338135,0.3547632694244385,-0.07613813877105713,3.205375
lca,3,p362_390_mic1,p362,data\VCTK\wav48_silence_trimmed\p362\p362_390_mic1.flac,p280,0,1,0.41980239748954773,0.2389240264892578,0.41980239748954773,-0.18087837100028992,3.205375
original,0,p363_200_mic1,p363,data\VCTK\wav48_silence_trimmed\p363\p363_200_mic1.flac,p363,1,1,0.6184448599815369,0.6184448599815369,0.30547720193862915,0.3129676580429077,2.3505
base,1,p363_200_mic1,p363,data\VCTK\wav48_silence_trimmed\p363\p363_200_mic1.flac,p363,1,1,0.3123432993888855,0.3123432993888855,0.26305705308914185,0.04928624629974365,2.3505
base,2,p363_200_mic1,p363,data\VCTK\wav48_silence_trimmed\p363\p363_200_mic1.flac,p363,1,1,0.4457559883594513,0.4457559883594513,0.25847214460372925,0.18728384375572205,2.3505
base,3,p363_200_mic1,p363,data\VCTK\wav48_silence_trimmed\p363\p363_200_mic1.flac,p363,1,1,0.5144994258880615,0.5144994258880615,0.251947820186615,0.26255160570144653,2.3505
lca,1,p363_200_mic1,p363,data\VCTK\wav48_silence_trimmed\p363\p363_200_mic1.flac,p364,0,1,0.3141981363296509,0.1883329153060913,0.3141981363296509,-0.12586522102355957,2.3505
lca,2,p363_200_mic1,p363,data\VCTK\wav48_silence_trimmed\p363\p363_200_mic1.flac,p364,0,1,0.34739288687705994,0.2692330479621887,0.34739288687705994,-0.07815983891487122,2.3505
lca,3,p363_200_mic1,p363,data\VCTK\wav48_silence_trimmed\p363\p363_200_mic1.flac,p363,1,1,0.33142244815826416,0.33142244815826416,0.29090219736099243,0.04052025079727173,2.3505
original,0,p363_223_mic1,p363,data\VCTK\wav48_silence_trimmed\p363\p363_223_mic1.flac,p363,1,1,0.7050098776817322,0.7050098776817322,0.34044891595840454,0.36456096172332764,2.861375
base,1,p363_223_mic1,p363,data\VCTK\wav48_silence_trimmed\p363\p363_223_mic1.flac,p316,0,1,0.3245939016342163,0.2954931855201721,0.3245939016342163,-0.02910071611404419,2.861375
base,2,p363_223_mic1,p363,data\VCTK\wav48_silence_trimmed\p363\p363_223_mic1.flac,p363,1,1,0.43423324823379517,0.43423324823379517,0.34238001704216003,0.09185323119163513,2.861375
base,3,p363_223_mic1,p363,data\VCTK\wav48_silence_trimmed\p363\p363_223_mic1.flac,p363,1,1,0.5023499727249146,0.5023499727249146,0.27369603514671326,0.2286539375782013,2.861375
lca,1,p363_223_mic1,p363,data\VCTK\wav48_silence_trimmed\p363\p363_223_mic1.flac,p363,1,1,0.2862672805786133,0.2862672805786133,0.2744308114051819,0.011836469173431396,2.861375
lca,2,p363_223_mic1,p363,data\VCTK\wav48_silence_trimmed\p363\p363_223_mic1.flac,p363,1,1,0.36130255460739136,0.36130255460739136,0.2682304382324219,0.09307211637496948,2.861375
lca,3,p363_223_mic1,p363,data\VCTK\wav48_silence_trimmed\p363\p363_223_mic1.flac,p363,1,1,0.43658676743507385,0.43658676743507385,0.27716755867004395,0.1594192087650299,2.861375
original,0,p363_254_mic1,p363,data\VCTK\wav48_silence_trimmed\p363\p363_254_mic1.flac,p363,1,1,0.626352071762085,0.626352071762085,0.3785759508609772,0.2477761209011078,2.390875
base,1,p363_254_mic1,p363,data\VCTK\wav48_silence_trimmed\p363\p363_254_mic1.flac,p266,0,1,0.2864686846733093,0.2422858327627182,0.2864686846733093,-0.044182851910591125,2.390875
base,2,p363_254_mic1,p363,data\VCTK\wav48_silence_trimmed\p363\p363_254_mic1.flac,p363,1,1,0.40177029371261597,0.40177029371261597,0.29508256912231445,0.10668772459030151,2.390875
base,3,p363_254_mic1,p363,data\VCTK\wav48_silence_trimmed\p363\p363_254_mic1.flac,p363,1,1,0.4078681468963623,0.4078681468963623,0.3587121367454529,0.049156010150909424,2.390875
lca,1,p363_254_mic1,p363,data\VCTK\wav48_silence_trimmed\p363\p363_254_mic1.flac,p364,0,1,0.3378148078918457,0.046466510742902756,0.3378148078918457,-0.29134829714894295,2.390875
lca,2,p363_254_mic1,p363,data\VCTK\wav48_silence_trimmed\p363\p363_254_mic1.flac,p364,0,1,0.3261836767196655,0.243221253156662,0.3261836767196655,-0.08296242356300354,2.390875
lca,3,p363_254_mic1,p363,data\VCTK\wav48_silence_trimmed\p363\p363_254_mic1.flac,p364,0,1,0.3785463571548462,0.2975333631038666,0.3785463571548462,-0.08101299405097961,2.390875
original,0,p363_329_mic1,p363,data\VCTK\wav48_silence_trimmed\p363\p363_329_mic1.flac,p363,1,1,0.5466394424438477,0.5466394424438477,0.34027403593063354,0.2063654065132141,2.006375
base,1,p363_329_mic1,p363,data\VCTK\wav48_silence_trimmed\p363\p363_329_mic1.flac,p302,0,1,0.3001860976219177,0.21039165556430817,0.3001860976219177,-0.08979444205760956,2.006375
base,2,p363_329_mic1,p363,data\VCTK\wav48_silence_trimmed\p363\p363_329_mic1.flac,p347,0,1,0.3428184390068054,0.21771240234375,0.3428184390068054,-0.12510603666305542,2.006375
base,3,p363_329_mic1,p363,data\VCTK\wav48_silence_trimmed\p363\p363_329_mic1.flac,p364,0,1,0.3462771773338318,0.309346467256546,0.3462771773338318,-0.03693071007728577,2.006375
lca,1,p363_329_mic1,p363,data\VCTK\wav48_silence_trimmed\p363\p363_329_mic1.flac,p252,0,1,0.28930479288101196,0.16238375008106232,0.28930479288101196,-0.12692104279994965,2.006375
lca,2,p363_329_mic1,p363,data\VCTK\wav48_silence_trimmed\p363\p363_329_mic1.flac,p364,0,1,0.34673744440078735,0.13920941948890686,0.34673744440078735,-0.2075280249118805,2.006375
lca,3,p363_329_mic1,p363,data\VCTK\wav48_silence_trimmed\p363\p363_329_mic1.flac,p364,0,1,0.3965458273887634,0.186020165681839,0.3965458273887634,-0.21052566170692444,2.006375
original,0,p363_333_mic1,p363,data\VCTK\wav48_silence_trimmed\p363\p363_333_mic1.flac,p363,1,1,0.7246553897857666,0.7246553897857666,0.3461790084838867,0.3784763813018799,2.43725
base,1,p363_333_mic1,p363,data\VCTK\wav48_silence_trimmed\p363\p363_333_mic1.flac,p374,0,1,0.31303665041923523,0.20387178659439087,0.31303665041923523,-0.10916486382484436,2.43725
base,2,p363_333_mic1,p363,data\VCTK\wav48_silence_trimmed\p363\p363_333_mic1.flac,p364,0,1,0.37702426314353943,0.3036762475967407,0.37702426314353943,-0.0733480155467987,2.43725
base,3,p363_333_mic1,p363,data\VCTK\wav48_silence_trimmed\p363\p363_333_mic1.flac,p363,1,1,0.35545557737350464,0.35545557737350464,0.3311736583709717,0.02428191900253296,2.43725
lca,1,p363_333_mic1,p363,data\VCTK\wav48_silence_trimmed\p363\p363_333_mic1.flac,p364,0,1,0.362551212310791,0.1569981873035431,0.362551212310791,-0.20555302500724792,2.43725
lca,2,p363_333_mic1,p363,data\VCTK\wav48_silence_trimmed\p363\p363_333_mic1.flac,p364,0,1,0.4350883960723877,0.32440489530563354,0.4350883960723877,-0.11068350076675415,2.43725
lca,3,p363_333_mic1,p363,data\VCTK\wav48_silence_trimmed\p363\p363_333_mic1.flac,p364,0,1,0.3862798810005188,0.3773079216480255,0.3862798810005188,-0.008971959352493286,2.43725
original,0,p364_089_mic2,p364,data\VCTK\wav48_silence_trimmed\p364\p364_089_mic2.flac,p364,1,1,0.6385132074356079,0.6385132074356079,0.4224559962749481,0.2160572111606598,2.728875
base,1,p364_089_mic2,p364,data\VCTK\wav48_silence_trimmed\p364\p364_089_mic2.flac,p364,1,1,0.34630221128463745,0.34630221128463745,0.29924076795578003,0.04706144332885742,2.728875
base,2,p364_089_mic2,p364,data\VCTK\wav48_silence_trimmed\p364\p364_089_mic2.flac,p364,1,1,0.47690534591674805,0.47690534591674805,0.2894037961959839,0.18750154972076416,2.728875
base,3,p364_089_mic2,p364,data\VCTK\wav48_silence_trimmed\p364\p364_089_mic2.flac,p364,1,1,0.5120476484298706,0.5120476484298706,0.399239182472229,0.1128084659576416,2.728875
lca,1,p364_089_mic2,p364,data\VCTK\wav48_silence_trimmed\p364\p364_089_mic2.flac,p252,0,1,0.34700584411621094,0.22306761145591736,0.34700584411621094,-0.12393823266029358,2.728875
lca,2,p364_089_mic2,p364,data\VCTK\wav48_silence_trimmed\p364\p364_089_mic2.flac,p347,0,1,0.34339839220046997,0.3301839232444763,0.34339839220046997,-0.013214468955993652,2.728875
lca,3,p364_089_mic2,p364,data\VCTK\wav48_silence_trimmed\p364\p364_089_mic2.flac,p347,0,1,0.43815112113952637,0.3882941007614136,0.43815112113952637,-0.04985702037811279,2.728875
original,0,p364_116_mic1,p364,data\VCTK\wav48_silence_trimmed\p364\p364_116_mic1.flac,p364,1,1,0.6867799758911133,0.6867799758911133,0.3394567370414734,0.3473232388496399,2.4189375
base,1,p364_116_mic1,p364,data\VCTK\wav48_silence_trimmed\p364\p364_116_mic1.flac,p364,1,1,0.38987380266189575,0.38987380266189575,0.29144126176834106,0.09843254089355469,2.4189375
base,2,p364_116_mic1,p364,data\VCTK\wav48_silence_trimmed\p364\p364_116_mic1.flac,p364,1,1,0.34726792573928833,0.34726792573928833,0.2923039197921753,0.05496400594711304,2.4189375
base,3,p364_116_mic1,p364,data\VCTK\wav48_silence_trimmed\p364\p364_116_mic1.flac,p364,1,1,0.45876091718673706,0.45876091718673706,0.32817840576171875,0.1305825114250183,2.4189375
lca,1,p364_116_mic1,p364,data\VCTK\wav48_silence_trimmed\p364\p364_116_mic1.flac,p280,0,1,0.387853741645813,0.3182207942008972,0.387853741645813,-0.06963294744491577,2.4189375
lca,2,p364_116_mic1,p364,data\VCTK\wav48_silence_trimmed\p364\p364_116_mic1.flac,p364,1,1,0.4931800961494446,0.4931800961494446,0.4148304760456085,0.07834962010383606,2.4189375
lca,3,p364_116_mic1,p364,data\VCTK\wav48_silence_trimmed\p364\p364_116_mic1.flac,p364,1,1,0.518161952495575,0.518161952495575,0.3899337649345398,0.12822818756103516,2.4189375
original,0,p364_264_mic1,p364,data\VCTK\wav48_silence_trimmed\p364\p364_264_mic1.flac,p364,1,1,0.574629545211792,0.574629545211792,0.33050668239593506,0.24412286281585693,2.1728125
base,1,p364_264_mic1,p364,data\VCTK\wav48_silence_trimmed\p364\p364_264_mic1.flac,p246,0,1,0.29308122396469116,0.28664910793304443,0.29308122396469116,-0.0064321160316467285,2.1728125
base,2,p364_264_mic1,p364,data\VCTK\wav48_silence_trimmed\p364\p364_264_mic1.flac,p364,1,1,0.40219175815582275,0.40219175815582275,0.37463653087615967,0.027555227279663086,2.1728125
base,3,p364_264_mic1,p364,data\VCTK\wav48_silence_trimmed\p364\p364_264_mic1.flac,p347,0,1,0.4291394352912903,0.40528571605682373,0.4291394352912903,-0.023853719234466553,2.1728125
lca,1,p364_264_mic1,p364,data\VCTK\wav48_silence_trimmed\p364\p364_264_mic1.flac,p364,1,1,0.3025285601615906,0.3025285601615906,0.2977702021598816,0.004758358001708984,2.1728125
lca,2,p364_264_mic1,p364,data\VCTK\wav48_silence_trimmed\p364\p364_264_mic1.flac,p347,0,1,0.4549725651741028,0.4408421814441681,0.4549725651741028,-0.014130383729934692,2.1728125
lca,3,p364_264_mic1,p364,data\VCTK\wav48_silence_trimmed\p364\p364_264_mic1.flac,p347,0,1,0.4510819911956787,0.4375426769256592,0.4510819911956787,-0.013539314270019531,2.1728125
original,0,p364_279_mic2,p364,data\VCTK\wav48_silence_trimmed\p364\p364_279_mic2.flac,p364,1,1,0.687007486820221,0.687007486820221,0.3186044991016388,0.36840298771858215,2.292125
base,1,p364_279_mic2,p364,data\VCTK\wav48_silence_trimmed\p364\p364_279_mic2.flac,p238,0,0,0.23310385644435883,0.1347583681344986,0.23310385644435883,-0.09834548830986023,2.292125
base,2,p364_279_mic2,p364,data\VCTK\wav48_silence_trimmed\p364\p364_279_mic2.flac,p364,1,1,0.4026891589164734,0.4026891589164734,0.33742499351501465,0.06526416540145874,2.292125
base,3,p364_279_mic2,p364,data\VCTK\wav48_silence_trimmed\p364\p364_279_mic2.flac,p347,0,1,0.43959754705429077,0.36846497654914856,0.43959754705429077,-0.07113257050514221,2.292125
lca,1,p364_279_mic2,p364,data\VCTK\wav48_silence_trimmed\p364\p364_279_mic2.flac,p347,0,1,0.3584402799606323,0.2875223159790039,0.3584402799606323,-0.07091796398162842,2.292125
lca,2,p364_279_mic2,p364,data\VCTK\wav48_silence_trimmed\p364\p364_279_mic2.flac,p347,0,1,0.39736703038215637,0.35783568024635315,0.39736703038215637,-0.03953135013580322,2.292125
lca,3,p364_279_mic2,p364,data\VCTK\wav48_silence_trimmed\p364\p364_279_mic2.flac,p347,0,1,0.45112311840057373,0.39747709035873413,0.45112311840057373,-0.0536460280418396,2.292125
original,0,p364_283_mic1,p364,data\VCTK\wav48_silence_trimmed\p364\p364_283_mic1.flac,p364,1,1,0.7638117671012878,0.7638117671012878,0.354462593793869,0.4093491733074188,3.1598125
base,1,p364_283_mic1,p364,data\VCTK\wav48_silence_trimmed\p364\p364_283_mic1.flac,p364,1,1,0.3402400612831116,0.3402400612831116,0.3146814703941345,0.02555859088897705,3.1598125
base,2,p364_283_mic1,p364,data\VCTK\wav48_silence_trimmed\p364\p364_283_mic1.flac,p364,1,1,0.5586174726486206,0.5586174726486206,0.39479053020477295,0.16382694244384766,3.1598125
base,3,p364_283_mic1,p364,data\VCTK\wav48_silence_trimmed\p364\p364_283_mic1.flac,p364,1,1,0.585529625415802,0.585529625415802,0.3901171386241913,0.19541248679161072,3.1598125
lca,1,p364_283_mic1,p364,data\VCTK\wav48_silence_trimmed\p364\p364_283_mic1.flac,p364,1,1,0.2975878417491913,0.2975878417491913,0.2740436792373657,0.02354416251182556,3.1598125
lca,2,p364_283_mic1,p364,data\VCTK\wav48_silence_trimmed\p364\p364_283_mic1.flac,p364,1,1,0.4911915957927704,0.4911915957927704,0.47669896483421326,0.014492630958557129,3.1598125
lca,3,p364_283_mic1,p364,data\VCTK\wav48_silence_trimmed\p364\p364_283_mic1.flac,p364,1,1,0.5627532601356506,0.5627532601356506,0.4640996754169464,0.09865358471870422,3.1598125
original,0,p374_009_mic1,p374,data\VCTK\wav48_silence_trimmed\p374\p374_009_mic1.flac,p374,1,1,0.7444072961807251,0.7444072961807251,0.2879141569137573,0.4564931392669678,5.405375
base,1,p374_009_mic1,p374,data\VCTK\wav48_silence_trimmed\p374\p374_009_mic1.flac,p364,0,1,0.4270774722099304,0.3221284747123718,0.4270774722099304,-0.1049489974975586,5.405375
base,2,p374_009_mic1,p374,data\VCTK\wav48_silence_trimmed\p374\p374_009_mic1.flac,p347,0,1,0.42208653688430786,0.3482113480567932,0.42208653688430786,-0.07387518882751465,5.405375
base,3,p374_009_mic1,p374,data\VCTK\wav48_silence_trimmed\p374\p374_009_mic1.flac,p347,0,1,0.4206100404262543,0.3852437138557434,0.4206100404262543,-0.035366326570510864,5.405375
lca,1,p374_009_mic1,p374,data\VCTK\wav48_silence_trimmed\p374\p374_009_mic1.flac,p364,0,1,0.4074488878250122,0.2429819405078888,0.4074488878250122,-0.1644669473171234,5.405375
lca,2,p374_009_mic1,p374,data\VCTK\wav48_silence_trimmed\p374\p374_009_mic1.flac,p347,0,1,0.4548813998699188,0.32334819436073303,0.4548813998699188,-0.1315332055091858,5.405375
lca,3,p374_009_mic1,p374,data\VCTK\wav48_silence_trimmed\p374\p374_009_mic1.flac,p347,0,1,0.4912230670452118,0.38054579496383667,0.4912230670452118,-0.11067727208137512,5.405375
original,0,p374_111_mic2,p374,data\VCTK\wav48_silence_trimmed\p374\p374_111_mic2.flac,p374,1,1,0.7410480976104736,0.7410480976104736,0.38754332065582275,0.3535047769546509,3.367625
base,1,p374_111_mic2,p374,data\VCTK\wav48_silence_trimmed\p374\p374_111_mic2.flac,p374,1,1,0.3520774245262146,0.3520774245262146,0.3220304250717163,0.03004699945449829,3.367625
base,2,p374_111_mic2,p374,data\VCTK\wav48_silence_trimmed\p374\p374_111_mic2.flac,p374,1,1,0.5427922010421753,0.5427922010421753,0.464663028717041,0.07812917232513428,3.367625
base,3,p374_111_mic2,p374,data\VCTK\wav48_silence_trimmed\p374\p374_111_mic2.flac,p374,1,1,0.5107858777046204,0.5107858777046204,0.41656896471977234,0.09421691298484802,3.367625
lca,1,p374_111_mic2,p374,data\VCTK\wav48_silence_trimmed\p374\p374_111_mic2.flac,p364,0,1,0.39077627658843994,0.2310912162065506,0.39077627658843994,-0.15968506038188934,3.367625
lca,2,p374_111_mic2,p374,data\VCTK\wav48_silence_trimmed\p374\p374_111_mic2.flac,p347,0,1,0.5121710896492004,0.30816173553466797,0.5121710896492004,-0.20400935411453247,3.367625
lca,3,p374_111_mic2,p374,data\VCTK\wav48_silence_trimmed\p374\p374_111_mic2.flac,p347,0,1,0.4995758831501007,0.3193061947822571,0.4995758831501007,-0.18026968836784363,3.367625
original,0,p374_278_mic2,p374,data\VCTK\wav48_silence_trimmed\p374\p374_278_mic2.flac,p374,1,1,0.7679072022438049,0.7679072022438049,0.3358848989009857,0.4320223033428192,3.37425
base,1,p374_278_mic2,p374,data\VCTK\wav48_silence_trimmed\p374\p374_278_mic2.flac,p364,0,1,0.31829583644866943,0.27262070775032043,0.31829583644866943,-0.045675128698349,3.37425
base,2,p374_278_mic2,p374,data\VCTK\wav48_silence_trimmed\p374\p374_278_mic2.flac,p374,1,1,0.48804524540901184,0.48804524540901184,0.33300018310546875,0.1550450623035431,3.37425
base,3,p374_278_mic2,p374,data\VCTK\wav48_silence_trimmed\p374\p374_278_mic2.flac,p374,1,1,0.4543232321739197,0.4543232321739197,0.353587806224823,0.10073542594909668,3.37425
lca,1,p374_278_mic2,p374,data\VCTK\wav48_silence_trimmed\p374\p374_278_mic2.flac,p364,0,1,0.40980809926986694,0.23807209730148315,0.40980809926986694,-0.1717360019683838,3.37425
lca,2,p374_278_mic2,p374,data\VCTK\wav48_silence_trimmed\p374\p374_278_mic2.flac,p364,0,1,0.41732925176620483,0.34464287757873535,0.41732925176620483,-0.07268637418746948,3.37425
lca,3,p374_278_mic2,p374,data\VCTK\wav48_silence_trimmed\p374\p374_278_mic2.flac,p347,0,1,0.4261164367198944,0.3600923717021942,0.4261164367198944,-0.0660240650177002,3.37425
original,0,p374_345_mic2,p374,data\VCTK\wav48_silence_trimmed\p374\p374_345_mic2.flac,p374,1,1,0.6663571000099182,0.6663571000099182,0.3756744861602783,0.2906826138496399,3.243375
base,1,p374_345_mic2,p374,data\VCTK\wav48_silence_trimmed\p374\p374_345_mic2.flac,p316,0,1,0.29085108637809753,0.2776481509208679,0.29085108637809753,-0.013202935457229614,3.243375
base,2,p374_345_mic2,p374,data\VCTK\wav48_silence_trimmed\p374\p374_345_mic2.flac,p347,0,1,0.3489035367965698,0.3246513903141022,0.3489035367965698,-0.02425214648246765,3.243375
base,3,p374_345_mic2,p374,data\VCTK\wav48_silence_trimmed\p374\p374_345_mic2.flac,p374,1,1,0.40477046370506287,0.40477046370506287,0.3729918897151947,0.031778573989868164,3.243375
lca,1,p374_345_mic2,p374,data\VCTK\wav48_silence_trimmed\p374\p374_345_mic2.flac,p364,0,1,0.32580652832984924,0.17780816555023193,0.32580652832984924,-0.1479983627796173,3.243375
lca,2,p374_345_mic2,p374,data\VCTK\wav48_silence_trimmed\p374\p374_345_mic2.flac,p313,0,1,0.35842788219451904,0.29281294345855713,0.35842788219451904,-0.06561493873596191,3.243375
lca,3,p374_345_mic2,p374,data\VCTK\wav48_silence_trimmed\p374\p374_345_mic2.flac,p347,0,1,0.3469962477684021,0.34232038259506226,0.3469962477684021,-0.004675865173339844,3.243375
original,0,p374_423_mic2,p374,data\VCTK\wav48_silence_trimmed\p374\p374_423_mic2.flac,p374,1,1,0.6674215793609619,0.6674215793609619,0.37007343769073486,0.29734814167022705,2.5181875
base,1,p374_423_mic2,p374,data\VCTK\wav48_silence_trimmed\p374\p374_423_mic2.flac,p266,0,1,0.3026615381240845,0.2934185564517975,0.3026615381240845,-0.009242981672286987,2.5181875
base,2,p374_423_mic2,p374,data\VCTK\wav48_silence_trimmed\p374\p374_423_mic2.flac,p374,1,1,0.4874509572982788,0.4874509572982788,0.4027665853500366,0.08468437194824219,2.5181875
base,3,p374_423_mic2,p374,data\VCTK\wav48_silence_trimmed\p374\p374_423_mic2.flac,p374,1,1,0.486139714717865,0.486139714717865,0.38327687978744507,0.10286283493041992,2.5181875
lca,1,p374_423_mic2,p374,data\VCTK\wav48_silence_trimmed\p374\p374_423_mic2.flac,p364,0,1,0.2991598844528198,0.1911362260580063,0.2991598844528198,-0.10802365839481354,2.5181875
lca,2,p374_423_mic2,p374,data\VCTK\wav48_silence_trimmed\p374\p374_423_mic2.flac,p364,0,1,0.41196689009666443,0.3527916669845581,0.41196689009666443,-0.05917522311210632,2.5181875
lca,3,p374_423_mic2,p374,data\VCTK\wav48_silence_trimmed\p374\p374_423_mic2.flac,p374,1,1,0.3776932954788208,0.3776932954788208,0.3527912497520447,0.024902045726776123,2.5181875
original,0,p376_001_mic1,p376,data\VCTK\wav48_silence_trimmed\p376\p376_001_mic1.flac,p376,1,1,0.4778584837913513,0.4778584837913513,0.35216575860977173,0.1256927251815796,2.1785625
base,1,p376_001_mic1,p376,data\VCTK\wav48_silence_trimmed\p376\p376_001_mic1.flac,p246,0,1,0.27122974395751953,0.14068853855133057,0.27122974395751953,-0.13054120540618896,2.1785625
base,2,p376_001_mic1,p376,data\VCTK\wav48_silence_trimmed\p376\p376_001_mic1.flac,p363,0,1,0.3358572721481323,0.261057049036026,0.3358572721481323,-0.07480022311210632,2.1785625
base,3,p376_001_mic1,p376,data\VCTK\wav48_silence_trimmed\p376\p376_001_mic1.flac,p287,0,1,0.39634814858436584,0.23957546055316925,0.39634814858436584,-0.1567726880311966,2.1785625
lca,1,p376_001_mic1,p376,data\VCTK\wav48_silence_trimmed\p376\p376_001_mic1.flac,p364,0,1,0.3527321219444275,0.08769527077674866,0.3527321219444275,-0.26503685116767883,2.1785625
lca,2,p376_001_mic1,p376,data\VCTK\wav48_silence_trimmed\p376\p376_001_mic1.flac,p364,0,1,0.41280603408813477,0.13162830471992493,0.41280603408813477,-0.28117772936820984,2.1785625
lca,3,p376_001_mic1,p376,data\VCTK\wav48_silence_trimmed\p376\p376_001_mic1.flac,p364,0,1,0.3837330937385559,0.1820390820503235,0.3837330937385559,-0.20169401168823242,2.1785625
original,0,p376_065_mic2,p376,data\VCTK\wav48_silence_trimmed\p376\p376_065_mic2.flac,p376,1,1,0.6408764123916626,0.6408764123916626,0.4608934223651886,0.179982990026474,2.187875
base,1,p376_065_mic2,p376,data\VCTK\wav48_silence_trimmed\p376\p376_065_mic2.flac,p329,0,0,0.22010891139507294,0.03210258483886719,0.22010891139507294,-0.18800632655620575,2.187875
base,2,p376_065_mic2,p376,data\VCTK\wav48_silence_trimmed\p376\p376_065_mic2.flac,p347,0,1,0.38248109817504883,0.25616946816444397,0.38248109817504883,-0.12631163001060486,2.187875
base,3,p376_065_mic2,p376,data\VCTK\wav48_silence_trimmed\p376\p376_065_mic2.flac,p347,0,1,0.4836176037788391,0.300395131111145,0.4836176037788391,-0.1832224726676941,2.187875
lca,1,p376_065_mic2,p376,data\VCTK\wav48_silence_trimmed\p376\p376_065_mic2.flac,p347,0,1,0.36546215415000916,0.08241744339466095,0.36546215415000916,-0.2830447107553482,2.187875
lca,2,p376_065_mic2,p376,data\VCTK\wav48_silence_trimmed\p376\p376_065_mic2.flac,p347,0,1,0.4472767114639282,0.22221753001213074,0.4472767114639282,-0.22505918145179749,2.187875
lca,3,p376_065_mic2,p376,data\VCTK\wav48_silence_trimmed\p376\p376_065_mic2.flac,p347,0,1,0.46803998947143555,0.2722228169441223,0.46803998947143555,-0.19581717252731323,2.187875
original,0,p376_103_mic1,p376,data\VCTK\wav48_silence_trimmed\p376\p376_103_mic1.flac,p376,1,1,0.8268038034439087,0.8268038034439087,0.39030593633651733,0.43649786710739136,2.9858125
base,1,p376_103_mic1,p376,data\VCTK\wav48_silence_trimmed\p376\p376_103_mic1.flac,p364,0,1,0.3082905113697052,0.12281326949596405,0.3082905113697052,-0.18547724187374115,2.9858125
base,2,p376_103_mic1,p376,data\VCTK\wav48_silence_trimmed\p376\p376_103_mic1.flac,p347,0,1,0.3942221999168396,0.32117682695388794,0.3942221999168396,-0.07304537296295166,2.9858125
base,3,p376_103_mic1,p376,data\VCTK\wav48_silence_trimmed\p376\p376_103_mic1.flac,p347,0,1,0.4074736535549164,0.34910261631011963,0.4074736535549164,-0.05837103724479675,2.9858125
lca,1,p376_103_mic1,p376,data\VCTK\wav48_silence_trimmed\p376\p376_103_mic1.flac,p238,0,1,0.33914268016815186,0.0751129612326622,0.33914268016815186,-0.26402971893548965,2.9858125
lca,2,p376_103_mic1,p376,data\VCTK\wav48_silence_trimmed\p376\p376_103_mic1.flac,p347,0,1,0.3472440242767334,0.33278509974479675,0.3472440242767334,-0.014458924531936646,2.9858125
lca,3,p376_103_mic1,p376,data\VCTK\wav48_silence_trimmed\p376\p376_103_mic1.flac,p347,0,1,0.429573655128479,0.3870736360549927,0.429573655128479,-0.04250001907348633,2.9858125
original,0,p376_205_mic1,p376,data\VCTK\wav48_silence_trimmed\p376\p376_205_mic1.flac,p376,1,1,0.7698321342468262,0.7698321342468262,0.3666932284832001,0.4031389057636261,2.5454375
base,1,p376_205_mic1,p376,data\VCTK\wav48_silence_trimmed\p376\p376_205_mic1.flac,p302,0,1,0.3589204251766205,0.16620256006717682,0.3589204251766205,-0.19271786510944366,2.5454375
base,2,p376_205_mic1,p376,data\VCTK\wav48_silence_trimmed\p376\p376_205_mic1.flac,p364,0,1,0.3809136152267456,0.2639274001121521,0.3809136152267456,-0.1169862151145935,2.5454375
base,3,p376_205_mic1,p376,data\VCTK\wav48_silence_trimmed\p376\p376_205_mic1.flac,p347,0,1,0.4304906129837036,0.4239351451396942,0.4304906129837036,-0.006555467844009399,2.5454375
lca,1,p376_205_mic1,p376,data\VCTK\wav48_silence_trimmed\p376\p376_205_mic1.flac,p364,0,1,0.29465898871421814,0.1694069653749466,0.29465898871421814,-0.12525202333927155,2.5454375
lca,2,p376_205_mic1,p376,data\VCTK\wav48_silence_trimmed\p376\p376_205_mic1.flac,p364,0,1,0.3966291546821594,0.31981879472732544,0.3966291546821594,-0.07681035995483398,2.5454375
lca,3,p376_205_mic1,p376,data\VCTK\wav48_silence_trimmed\p376\p376_205_mic1.flac,p347,0,1,0.4626941680908203,0.3927830457687378,0.4626941680908203,-0.06991112232208252,2.5454375
original,0,p376_417_mic1,p376,data\VCTK\wav48_silence_trimmed\p376\p376_417_mic1.flac,p376,1,1,0.7391464710235596,0.7391464710235596,0.37592220306396484,0.3632242679595947,2.823
base,1,p376_417_mic1,p376,data\VCTK\wav48_silence_trimmed\p376\p376_417_mic1.flac,p238,0,1,0.2715166211128235,0.09462568163871765,0.2715166211128235,-0.17689093947410583,2.823
base,2,p376_417_mic1,p376,data\VCTK\wav48_silence_trimmed\p376\p376_417_mic1.flac,p376,1,1,0.363852858543396,0.363852858543396,0.2509693205356598,0.1128835380077362,2.823
base,3,p376_417_mic1,p376,data\VCTK\wav48_silence_trimmed\p376\p376_417_mic1.flac,p376,1,1,0.3915773630142212,0.3915773630142212,0.3162307143211365,0.07534664869308472,2.823
lca,1,p376_417_mic1,p376,data\VCTK\wav48_silence_trimmed\p376\p376_417_mic1.flac,p280,0,1,0.3191360831260681,0.11834141612052917,0.3191360831260681,-0.20079466700553894,2.823
lca,2,p376_417_mic1,p376,data\VCTK\wav48_silence_trimmed\p376\p376_417_mic1.flac,p347,0,1,0.3272441029548645,0.2762521207332611,0.3272441029548645,-0.050991982221603394,2.823
lca,3,p376_417_mic1,p376,data\VCTK\wav48_silence_trimmed\p376\p376_417_mic1.flac,p347,0,1,0.44467976689338684,0.3052162528038025,0.44467976689338684,-0.13946351408958435,2.823
original,0,s5_001_mic1,s5,data\VCTK\wav48_silence_trimmed\s5\s5_001_mic1.flac,s5,1,1,0.6989875435829163,0.6989875435829163,0.3818046450614929,0.31718289852142334,2.805375
base,1,s5_001_mic1,s5,data\VCTK\wav48_silence_trimmed\s5\s5_001_mic1.flac,p250,0,1,0.47514185309410095,0.282807320356369,0.47514185309410095,-0.19233453273773193,2.805375
base,2,s5_001_mic1,s5,data\VCTK\wav48_silence_trimmed\s5\s5_001_mic1.flac,p249,0,1,0.4068470597267151,0.3819942772388458,0.4068470597267151,-0.024852782487869263,2.805375
base,3,s5_001_mic1,s5,data\VCTK\wav48_silence_trimmed\s5\s5_001_mic1.flac,p249,0,1,0.5025876760482788,0.4143620729446411,0.5025876760482788,-0.0882256031036377,2.805375
lca,1,s5_001_mic1,s5,data\VCTK\wav48_silence_trimmed\s5\s5_001_mic1.flac,p262,0,1,0.3803038001060486,0.28214162588119507,0.3803038001060486,-0.09816217422485352,2.805375
lca,2,s5_001_mic1,s5,data\VCTK\wav48_silence_trimmed\s5\s5_001_mic1.flac,p280,0,1,0.4526076912879944,0.36027297377586365,0.4526076912879944,-0.09233471751213074,2.805375
lca,3,s5_001_mic1,s5,data\VCTK\wav48_silence_trimmed\s5\s5_001_mic1.flac,p280,0,1,0.49526840448379517,0.40749940276145935,0.49526840448379517,-0.08776900172233582,2.805375
original,0,s5_018_mic2,s5,data\VCTK\wav48_silence_trimmed\s5\s5_018_mic2.flac,s5,1,1,0.850998044013977,0.850998044013977,0.35856467485427856,0.4924333691596985,8.767375
base,1,s5_018_mic2,s5,data\VCTK\wav48_silence_trimmed\s5\s5_018_mic2.flac,p280,0,1,0.39658209681510925,0.2767735421657562,0.39658209681510925,-0.11980855464935303,8.767375
base,2,s5_018_mic2,s5,data\VCTK\wav48_silence_trimmed\s5\s5_018_mic2.flac,p265,0,1,0.4719488024711609,0.40986475348472595,0.4719488024711609,-0.062084048986434937,8.767375
base,3,s5_018_mic2,s5,data\VCTK\wav48_silence_trimmed\s5\s5_018_mic2.flac,p265,0,1,0.4894055724143982,0.4735039472579956,0.4894055724143982,-0.015901625156402588,8.767375
lca,1,s5_018_mic2,s5,data\VCTK\wav48_silence_trimmed\s5\s5_018_mic2.flac,p280,0,1,0.388130784034729,0.2872966229915619,0.388130784034729,-0.10083416104316711,8.767375
lca,2,s5_018_mic2,s5,data\VCTK\wav48_silence_trimmed\s5\s5_018_mic2.flac,p250,0,1,0.4703170657157898,0.4613681733608246,0.4703170657157898,-0.00894889235496521,8.767375
lca,3,s5_018_mic2,s5,data\VCTK\wav48_silence_trimmed\s5\s5_018_mic2.flac,s5,1,1,0.4929584264755249,0.4929584264755249,0.4444759488105774,0.04848247766494751,8.767375
original,0,s5_230_mic2,s5,data\VCTK\wav48_silence_trimmed\s5\s5_230_mic2.flac,s5,1,1,0.8298391699790955,0.8298391699790955,0.5046623945236206,0.32517677545547485,4.3108125
base,1,s5_230_mic2,s5,data\VCTK\wav48_silence_trimmed\s5\s5_230_mic2.flac,p280,0,1,0.40406283736228943,0.283619225025177,0.40406283736228943,-0.12044361233711243,4.3108125
base,2,s5_230_mic2,s5,data\VCTK\wav48_silence_trimmed\s5\s5_230_mic2.flac,p339,0,1,0.45429641008377075,0.4047846794128418,0.45429641008377075,-0.049511730670928955,4.3108125
base,3,s5_230_mic2,s5,data\VCTK\wav48_silence_trimmed\s5\s5_230_mic2.flac,s5,1,1,0.461431622505188,0.461431622505188,0.45029163360595703,0.011139988899230957,4.3108125
lca,1,s5_230_mic2,s5,data\VCTK\wav48_silence_trimmed\s5\s5_230_mic2.flac,p280,0,1,0.47701674699783325,0.30434006452560425,0.47701674699783325,-0.172676682472229,4.3108125
lca,2,s5_230_mic2,s5,data\VCTK\wav48_silence_trimmed\s5\s5_230_mic2.flac,p280,0,1,0.4682542085647583,0.39726102352142334,0.4682542085647583,-0.07099318504333496,4.3108125
lca,3,s5_230_mic2,s5,data\VCTK\wav48_silence_trimmed\s5\s5_230_mic2.flac,p280,0,1,0.46633481979370117,0.4023300111293793,0.46633481979370117,-0.0640048086643219,4.3108125
original,0,s5_292_mic2,s5,data\VCTK\wav48_silence_trimmed\s5\s5_292_mic2.flac,s5,1,1,0.7933514714241028,0.7933514714241028,0.4206143617630005,0.3727371096611023,4.0245
base,1,s5_292_mic2,s5,data\VCTK\wav48_silence_trimmed\s5\s5_292_mic2.flac,p244,0,1,0.389121949672699,0.25983408093452454,0.389121949672699,-0.12928786873817444,4.0245
base,2,s5_292_mic2,s5,data\VCTK\wav48_silence_trimmed\s5\s5_292_mic2.flac,p248,0,1,0.4372454583644867,0.376315712928772,0.4372454583644867,-0.06092974543571472,4.0245
base,3,s5_292_mic2,s5,data\VCTK\wav48_silence_trimmed\s5\s5_292_mic2.flac,p280,0,1,0.4286361336708069,0.40549755096435547,0.4286361336708069,-0.023138582706451416,4.0245
lca,1,s5_292_mic2,s5,data\VCTK\wav48_silence_trimmed\s5\s5_292_mic2.flac,p280,0,1,0.4456971287727356,0.2698158025741577,0.4456971287727356,-0.17588132619857788,4.0245
lca,2,s5_292_mic2,s5,data\VCTK\wav48_silence_trimmed\s5\s5_292_mic2.flac,p280,0,1,0.5130949020385742,0.4213787615299225,0.5130949020385742,-0.09171614050865173,4.0245
lca,3,s5_292_mic2,s5,data\VCTK\wav48_silence_trimmed\s5\s5_292_mic2.flac,p250,0,1,0.4985051155090332,0.44078487157821655,0.4985051155090332,-0.05772024393081665,4.0245
original,0,s5_296_mic1,s5,data\VCTK\wav48_silence_trimmed\s5\s5_296_mic1.flac,s5,1,1,0.8144383430480957,0.8144383430480957,0.3802158534526825,0.4342224895954132,4.6230625
base,1,s5_296_mic1,s5,data\VCTK\wav48_silence_trimmed\s5\s5_296_mic1.flac,p238,0,1,0.3700045049190521,0.19064480066299438,0.3700045049190521,-0.17935970425605774,4.6230625
base,2,s5_296_mic1,s5,data\VCTK\wav48_silence_trimmed\s5\s5_296_mic1.flac,p266,0,1,0.43385767936706543,0.32790830731391907,0.43385767936706543,-0.10594937205314636,4.6230625
base,3,s5_296_mic1,s5,data\VCTK\wav48_silence_trimmed\s5\s5_296_mic1.flac,p266,0,1,0.4444541931152344,0.36724841594696045,0.4444541931152344,-0.07720577716827393,4.6230625
lca,1,s5_296_mic1,s5,data\VCTK\wav48_silence_trimmed\s5\s5_296_mic1.flac,p300,0,1,0.38307178020477295,0.2623005509376526,0.38307178020477295,-0.12077122926712036,4.6230625
lca,2,s5_296_mic1,s5,data\VCTK\wav48_silence_trimmed\s5\s5_296_mic1.flac,p266,0,1,0.4516361355781555,0.41679200530052185,0.4516361355781555,-0.03484413027763367,4.6230625
lca,3,s5_296_mic1,s5,data\VCTK\wav48_silence_trimmed\s5\s5_296_mic1.flac,s5,1,1,0.47495734691619873,0.47495734691619873,0.4687735140323639,0.006183832883834839,4.6230625
