version,metric,direction,sample_id,L,channel,base_degradation,lca_degradation,rob_imp
v1,mel_l1,lower,8838-298545-0037,1,dropout-low,0.0046416521072387695,0.005673766136169434,-0.001032114028930664
v1,mel_l1,lower,8838-298545-0037,1,dropout-mid,0.013756752014159934,0.018132925033569336,-0.004376173019409402
v1,mel_l1,lower,8838-298545-0037,1,substitution-low,0.003905057907104492,0.010794997215270996,-0.006889939308166504
v1,mel_l1,lower,8838-298545-0037,1,substitution-mid,0.015091180801391602,0.015309572219848633,-0.00021839141845703125
v1,mel_l1,lower,8838-298545-0037,2,dropout-low,0.01411139965057373,0.013201355934143066,0.0009100437164306641
v1,mel_l1,lower,8838-298545-0037,2,dropout-mid,0.02735602855682373,0.03465068340301514,-0.007294654846191406
v1,mel_l1,lower,8838-298545-0037,2,substitution-low,0.0,0.0,0.0
v1,mel_l1,lower,8838-298545-0037,2,substitution-mid,0.0016019344329833984,0.0016434192657470703,-4.1484832763671875e-05
v1,mel_l1,lower,8838-298545-0037,3,dropout-low,0.01003175973892223,0.009635746479034535,0.0003960132598876953
v1,mel_l1,lower,8838-298545-0037,3,dropout-mid,0.018067359924316406,0.01224285364151001,0.0058245062828063965
v1,mel_l1,lower,8838-298545-0037,3,substitution-low,0.0036351680755614124,0.003541588783264382,9.357929229703021e-05
v1,mel_l1,lower,8838-298545-0037,3,substitution-mid,0.006119847297668457,0.0039403438568116345,0.0021795034408568226
v1,mel_l1,lower,5390-30102-0015,1,dropout-low,0.003968596458435059,0.0007114410400392845,0.003257155418395774
v1,mel_l1,lower,5390-30102-0015,1,dropout-mid,0.019098639488220215,0.01922595500946067,-0.00012731552124045642
v1,mel_l1,lower,5390-30102-0015,1,substitution-low,-0.00037741661071777344,-0.0013530254364011451,0.0009756088256833717
v1,mel_l1,lower,5390-30102-0015,1,substitution-mid,0.008157253265381081,0.007278680801391824,0.0008785724639892578
v1,mel_l1,lower,5390-30102-0015,2,dropout-low,0.010220646858215332,0.004806995391845703,0.005413651466369629
v1,mel_l1,lower,5390-30102-0015,2,dropout-mid,0.021254301071166992,0.03170919418334961,-0.010454893112182617
v1,mel_l1,lower,5390-30102-0015,2,substitution-low,0.0003726482391357422,0.0006966590881347656,-0.00032401084899902344
v1,mel_l1,lower,5390-30102-0015,2,substitution-mid,0.010622143745422363,0.012238502502441406,-0.001616358757019043
v1,mel_l1,lower,5390-30102-0015,3,dropout-low,0.006341278553008922,0.004265487194061168,0.002075791358947754
v1,mel_l1,lower,5390-30102-0015,3,dropout-mid,0.02365976572036732,0.01777440309524525,0.00588536262512207
v1,mel_l1,lower,5390-30102-0015,3,substitution-low,0.003316819667816162,0.0037772059440611683,-0.00046038627624500617
v1,mel_l1,lower,5390-30102-0015,3,substitution-mid,0.012582063674926758,0.012448728084563987,0.00013333559036277087
v1,mel_l1,lower,4018-103416-0033,1,dropout-low,0.005184054374695046,0.005213797092437744,-2.9742717742697877e-05
v1,mel_l1,lower,4018-103416-0033,1,dropout-mid,0.012436151504516824,0.0117226243019104,0.0007135272026064232
v1,mel_l1,lower,4018-103416-0033,1,substitution-low,0.004822134971618874,0.004631340503692627,0.00019079446792624744
v1,mel_l1,lower,4018-103416-0033,1,substitution-mid,0.006423830986023393,0.015367507934570424,-0.00894367694854703
v1,mel_l1,lower,4018-103416-0033,2,dropout-low,0.010516107082366943,0.01303398609161377,-0.002517879009246826
v1,mel_l1,lower,4018-103416-0033,2,dropout-mid,0.01206284761428833,0.014822423458099365,-0.002759575843811035
v1,mel_l1,lower,4018-103416-0033,2,substitution-low,-0.0001112222671508789,0.0010512471199035645,-0.0011624693870544434
v1,mel_l1,lower,4018-103416-0033,2,substitution-mid,0.020262539386749268,0.03122866153717041,-0.010966122150421143
v1,mel_l1,lower,4018-103416-0033,3,dropout-low,0.0062296390533447266,0.003168761730194092,0.0030608773231506348
v1,mel_l1,lower,4018-103416-0033,3,dropout-mid,0.02056795358657837,0.02082061767578125,-0.00025266408920288086
v1,mel_l1,lower,4018-103416-0033,3,substitution-low,0.0007102489471435547,0.0010955333709716797,-0.000385284423828125
v1,mel_l1,lower,4018-103416-0033,3,substitution-mid,0.02945166826248169,0.03074336051940918,-0.0012916922569274902
v1,mel_l1,lower,1737-148989-0006,1,dropout-low,0.012131810188293457,0.011553049087524414,0.000578761100769043
v1,mel_l1,lower,1737-148989-0006,1,dropout-mid,0.0056781768798828125,0.005600452423095703,7.772445678710938e-05
v1,mel_l1,lower,1737-148989-0006,1,substitution-low,0.0,0.0,0.0
v1,mel_l1,lower,1737-148989-0006,1,substitution-mid,0.015788793563842773,0.010883688926696777,0.004905104637145996
v1,mel_l1,lower,1737-148989-0006,2,dropout-low,0.007617652416229359,0.004796028137207031,0.002821624279022328
v1,mel_l1,lower,1737-148989-0006,2,dropout-mid,0.030315041542053223,0.02043163776397705,0.009883403778076172
v1,mel_l1,lower,1737-148989-0006,2,substitution-low,0.0,0.0,0.0
v1,mel_l1,lower,1737-148989-0006,2,substitution-mid,0.0010876655578613281,0.0019141435623170056,-0.0008264780044556774
v1,mel_l1,lower,1737-148989-0006,3,dropout-low,0.006471693515777588,0.005388975143432617,0.0010827183723449707
v1,mel_l1,lower,1737-148989-0006,3,dropout-mid,0.029110610485077015,0.023128986358642578,0.005981624126434437
v1,mel_l1,lower,1737-148989-0006,3,substitution-low,-0.00023353099822998047,0.0006917119026184082,-0.0009252429008483887
v1,mel_l1,lower,1737-148989-0006,3,substitution-mid,0.006710946559906006,0.005137622356414795,0.001573324203491211
v1,mel_l1,lower,1455-138263-0040,1,dropout-low,0.003699660301208496,0.006116390228271484,-0.0024167299270629883
v1,mel_l1,lower,1455-138263-0040,1,dropout-mid,0.018011927604675293,0.010659456253051758,0.007352471351623535
v1,mel_l1,lower,1455-138263-0040,1,substitution-low,0.0,0.0,0.0
v1,mel_l1,lower,1455-138263-0040,1,substitution-mid,0.0028324127197265625,0.00405430793762207,-0.0012218952178955078
v1,mel_l1,lower,1455-138263-0040,2,dropout-low,0.008287489414215199,0.009226500988006592,-0.0009390115737913929
v1,mel_l1,lower,1455-138263-0040,2,dropout-mid,0.03488004207611073,0.026481688022613525,0.008398354053497203
v1,mel_l1,lower,1455-138263-0040,2,substitution-low,0.0008355975151062012,0.0004242062568664551,0.0004113912582397461
v1,mel_l1,lower,1455-138263-0040,2,substitution-mid,0.007861971855163574,0.009336411952972412,-0.0014744400978088379
v1,mel_l1,lower,1455-138263-0040,3,dropout-low,0.011376619338989258,0.0077950358390808105,0.0035815834999084473
v1,mel_l1,lower,1455-138263-0040,3,dropout-mid,0.01871776580810547,0.01612699031829834,0.002590775489807129
v1,mel_l1,lower,1455-138263-0040,3,substitution-low,0.0020339488983154297,0.005091488361358643,-0.003057539463043213
v1,mel_l1,lower,1455-138263-0040,3,substitution-mid,0.01311427354812622,0.018496930599212646,-0.005382657051086426
v1,mel_l1,lower,311-124404-0119,1,dropout-low,0.003881096839904785,0.0001538991928100586,0.0037271976470947266
v1,mel_l1,lower,311-124404-0119,1,dropout-mid,0.0041768550872804955,0.004973769187927246,-0.0007969141006467506
v1,mel_l1,lower,311-124404-0119,1,substitution-low,0.01728224754333496,0.01365816593170166,0.0036240816116333008
v1,mel_l1,lower,311-124404-0119,1,substitution-mid,-0.0035709142684936523,0.0007729530334472656,-0.004343867301940918
v1,mel_l1,lower,311-124404-0119,2,dropout-low,0.00599980354309082,0.013633668422698975,-0.007633864879608154
v1,mel_l1,lower,311-124404-0119,2,dropout-mid,0.020073652267455944,0.013909101486206055,0.006164550781249889
v1,mel_l1,lower,311-124404-0119,2,substitution-low,0.0,0.0,0.0
v1,mel_l1,lower,311-124404-0119,2,substitution-mid,0.007122457027435192,0.0032840371131896973,0.0038384199142454944
v1,mel_l1,lower,311-124404-0119,3,dropout-low,0.005554497241973877,0.00671541690826416,-0.0011609196662902832
v1,mel_l1,lower,311-124404-0119,3,dropout-mid,0.022952675819396973,0.02020561695098877,0.002747058868408203
v1,mel_l1,lower,311-124404-0119,3,substitution-low,0.0,0.0,0.0
v1,mel_l1,lower,311-124404-0119,3,substitution-mid,-0.000485837459564209,0.0027083754539489746,-0.0031942129135131836
v1,mel_l1,lower,4680-16026-0019,1,dropout-low,0.0,0.0,0.0
v1,mel_l1,lower,4680-16026-0019,1,dropout-mid,0.01617586612701416,0.009539008140563965,0.006636857986450195
v1,mel_l1,lower,4680-16026-0019,1,substitution-low,0.0,0.0,0.0
v1,mel_l1,lower,4680-16026-0019,1,substitution-mid,0.006895303726196289,0.00987553596496582,-0.0029802322387695312
v1,mel_l1,lower,4680-16026-0019,2,dropout-low,0.009835362434387207,0.014003157615661621,-0.004167795181274414
v1,mel_l1,lower,4680-16026-0019,2,dropout-mid,0.01671302318573009,0.011651158332824707,0.0050618648529053845
v1,mel_l1,lower,4680-16026-0019,2,substitution-low,0.0,0.0,0.0
v1,mel_l1,lower,4680-16026-0019,2,substitution-mid,0.012191414833068848,0.02371513843536377,-0.011523723602294922
v1,mel_l1,lower,4680-16026-0019,3,dropout-low,0.013774693012237549,0.005618929862976074,0.008155763149261475
v1,mel_l1,lower,4680-16026-0019,3,dropout-mid,0.008544743061065674,0.019524097442626953,-0.01097935438156128
v1,mel_l1,lower,4680-16026-0019,3,substitution-low,0.01940244436264038,0.020409584045410156,-0.0010071396827697754
v1,mel_l1,lower,4680-16026-0019,3,substitution-mid,0.00745624303817749,0.007584810256958008,-0.00012856721878051758
v1,mel_l1,lower,8098-278278-0035,1,dropout-low,0.009486913681030273,0.02056097984313965,-0.011074066162109375
v1,mel_l1,lower,8098-278278-0035,1,dropout-mid,0.021445393562316895,0.0383647680282595,-0.016919374465942605
v1,mel_l1,lower,8098-278278-0035,1,substitution-low,-0.0006989240646362305,0.0018274784088134766,-0.002526402473449707
v1,mel_l1,lower,8098-278278-0035,1,substitution-mid,0.020717740058898926,0.023833751678466797,-0.003116011619567871
v1,mel_l1,lower,8098-278278-0035,2,dropout-low,0.0062711238861083984,0.005822658538818359,0.00044846534729003906
v1,mel_l1,lower,8098-278278-0035,2,dropout-mid,0.030948281288146973,0.023649454116821178,0.007298827171325795
v1,mel_l1,lower,8098-278278-0035,2,substitution-low,0.0029549002647399902,0.004505932331085205,-0.0015510320663452148
v1,mel_l1,lower,8098-278278-0035,2,substitution-mid,0.005750060081481934,0.005536615848541149,0.00021344423294078485
v1,mel_l1,lower,8098-278278-0035,3,dropout-low,0.008141756057739258,0.0054610371589660645,0.0026807188987731934
v1,mel_l1,lower,8098-278278-0035,3,dropout-mid,0.01482456922531128,0.01723337173461914,-0.0024088025093078613
v1,mel_l1,lower,8098-278278-0035,3,substitution-low,0.011267840862274281,0.007764279842376709,0.003503561019897572
v1,mel_l1,lower,8098-278278-0035,3,substitution-mid,0.005593836307525635,0.005025148391723633,0.000568687915802002
v1,pesq_wb,higher,8838-298545-0037,1,dropout-low,0.018842458724975586,0.009739518165588379,0.009102940559387207
v1,pesq_wb,higher,8838-298545-0037,1,dropout-mid,0.03934741020202637,0.0325397253036499,0.006807684898376465
v1,pesq_wb,higher,8838-298545-0037,1,substitution-low,0.028422951698303223,0.03016650676727295,-0.0017435550689697266
v1,pesq_wb,higher,8838-298545-0037,1,substitution-mid,0.042171359062194824,0.009223461151123047,0.03294789791107178
v1,pesq_wb,higher,8838-298545-0037,2,dropout-low,0.08112156391143799,0.09681940078735352,-0.015697836875915527
v1,pesq_wb,higher,8838-298545-0037,2,dropout-mid,0.1783607006072998,0.11991643905639648,0.05844426155090332
v1,pesq_wb,higher,8838-298545-0037,2,substitution-low,0.0,0.0,0.0
v1,pesq_wb,higher,8838-298545-0037,2,substitution-mid,0.010269045829772727,0.003508448600768821,0.006760597229003906
v1,pesq_wb,higher,8838-298545-0037,3,dropout-low,0.05915069580078147,0.06942868232727006,-0.010277986526488592
v1,pesq_wb,higher,8838-298545-0037,3,dropout-mid,0.05836749076843262,0.11303567886352495,-0.05466818809509233
v1,pesq_wb,higher,8838-298545-0037,3,substitution-low,0.006834745407104492,0.005466461181640181,0.0013682842254643113
v1,pesq_wb,higher,8838-298545-0037,3,substitution-mid,0.018757343292236106,0.0012633800506587356,0.01749396324157737
v1,pesq_wb,higher,5390-30102-0015,1,dropout-low,0.010600805282592773,0.006936550140380859,0.003664255142211914
v1,pesq_wb,higher,5390-30102-0015,1,dropout-mid,0.024241328239440918,0.021724343299865723,0.0025169849395751953
v1,pesq_wb,higher,5390-30102-0015,1,substitution-low,4.00543212890625e-05,-0.0002541542053222656,0.0002942085266113281
v1,pesq_wb,higher,5390-30102-0015,1,substitution-mid,0.009058475494384766,0.007674694061279297,0.0013837814331054688
v1,pesq_wb,higher,5390-30102-0015,2,dropout-low,0.025169968605041726,0.013546109199523704,0.011623859405518022
v1,pesq_wb,higher,5390-30102-0015,2,dropout-mid,0.0712735652923584,0.07787990570068337,-0.006606340408324973
v1,pesq_wb,higher,5390-30102-0015,2,substitution-low,0.0002168416976928711,0.000762939453124778,-0.0005460977554319069
v1,pesq_wb,higher,5390-30102-0015,2,substitution-mid,0.05155479907989502,0.057709813117980735,-0.0061550140380857155
v1,pesq_wb,higher,5390-30102-0015,3,dropout-low,0.009926199913024902,0.00802183151245095,0.0019043684005739525
v1,pesq_wb,higher,5390-30102-0015,3,dropout-mid,0.09864592552185059,0.0918123722076416,0.006833553314208984
v1,pesq_wb,higher,5390-30102-0015,3,substitution-low,0.0010967254638671875,0.00508153438568093,-0.003984808921813743
v1,pesq_wb,higher,5390-30102-0015,3,substitution-mid,0.036298274993896484,0.06496679782867432,-0.028668522834777832
v1,pesq_wb,higher,4018-103416-0033,1,dropout-low,0.025968313217163308,0.014795899391174316,0.011172413825988992
v1,pesq_wb,higher,4018-103416-0033,1,dropout-mid,0.03836262226104781,0.05134141445159912,-0.012978792190551314
v1,pesq_wb,higher,4018-103416-0033,1,substitution-low,0.012784123420715776,0.01841282844543457,-0.005628705024718794
v1,pesq_wb,higher,4018-103416-0033,1,substitution-mid,0.02148115634918235,-0.005675315856933594,0.027156472206115945
v1,pesq_wb,higher,4018-103416-0033,2,dropout-low,0.13343906402587913,0.18253684043884277,-0.049097776412963645
v1,pesq_wb,higher,4018-103416-0033,2,dropout-mid,0.11534237861633279,0.12003660202026367,-0.004694223403930886
v1,pesq_wb,higher,4018-103416-0033,2,substitution-low,0.0007078647613525391,0.000827789306640625,-0.00011992454528808594
v1,pesq_wb,higher,4018-103416-0033,2,substitution-mid,0.01975560188293457,0.06771576404571533,-0.04796016216278076
v1,pesq_wb,higher,4018-103416-0033,3,dropout-low,0.020779132843017578,0.02347826957702681,-0.002699136734009233
v1,pesq_wb,higher,4018-103416-0033,3,dropout-mid,0.18487930297851562,0.1457664966583252,0.03911280632019043
v1,pesq_wb,higher,4018-103416-0033,3,substitution-low,0.03734779357910156,0.03826761245727539,-0.0009198188781738281
v1,pesq_wb,higher,4018-103416-0033,3,substitution-mid,0.09458160400390625,0.17235255241394043,-0.07777094841003418
v1,pesq_wb,higher,1737-148989-0006,1,dropout-low,-0.0001575946807861328,0.006557583808898926,-0.006715178489685059
v1,pesq_wb,higher,1737-148989-0006,1,dropout-mid,0.020748496055603027,0.01496005058288552,0.005788445472717507
v1,pesq_wb,higher,1737-148989-0006,1,substitution-low,0.0,0.0,0.0
v1,pesq_wb,higher,1737-148989-0006,1,substitution-mid,0.00780642032623291,0.003111124038696289,0.004695296287536621
v1,pesq_wb,higher,1737-148989-0006,2,dropout-low,0.03654050827026367,0.01639997959136963,0.020140528678894043
v1,pesq_wb,higher,1737-148989-0006,2,dropout-mid,0.028284311294555664,0.0263674259185791,0.0019168853759765625
v1,pesq_wb,higher,1737-148989-0006,2,substitution-low,0.0,0.0,0.0
v1,pesq_wb,higher,1737-148989-0006,2,substitution-mid,0.004400372505187988,0.007626533508300781,-0.003226161003112793
v1,pesq_wb,higher,1737-148989-0006,3,dropout-low,0.044180989265441895,0.00426638126373291,0.039914608001708984
v1,pesq_wb,higher,1737-148989-0006,3,dropout-mid,0.1059870719909668,0.1202462911605835,-0.0142592191696167
v1,pesq_wb,higher,1737-148989-0006,3,substitution-low,-0.0003044605255126953,0.0016402006149291992,-0.0019446611404418945
v1,pesq_wb,higher,1737-148989-0006,3,substitution-mid,0.03428685665130615,0.02138364315032959,0.012903213500976562
v1,pesq_wb,higher,1455-138263-0040,1,dropout-low,0.011516332626342773,0.012784957885742188,-0.001268625259399414
v1,pesq_wb,higher,1455-138263-0040,1,dropout-mid,0.014885544776916504,0.01301717758178711,0.0018683671951293945
v1,pesq_wb,higher,1455-138263-0040,1,substitution-low,0.0,0.0,0.0
v1,pesq_wb,higher,1455-138263-0040,1,substitution-mid,0.005595564842224121,0.0025292634963989258,0.0030663013458251953
v1,pesq_wb,higher,1455-138263-0040,2,dropout-low,0.04036760330200195,0.039499282836914285,0.0008683204650876686
v1,pesq_wb,higher,1455-138263-0040,2,dropout-mid,0.09045684337615967,0.08034992218017578,0.010106921195983887
v1,pesq_wb,higher,1455-138263-0040,2,substitution-low,0.006655216217041016,0.0034961700439453125,0.003159046173095703
v1,pesq_wb,higher,1455-138263-0040,2,substitution-mid,0.010282397270202637,0.00861096382141091,0.001671433448791726
v1,pesq_wb,higher,1455-138263-0040,3,dropout-low,0.052048683166503906,0.06202197074890137,-0.009973287582397461
v1,pesq_wb,higher,1455-138263-0040,3,dropout-mid,0.09408533573150635,0.0786857604980471,0.01539957523345925
v1,pesq_wb,higher,1455-138263-0040,3,substitution-low,0.009668827056884766,0.039968252182006836,-0.03029942512512207
v1,pesq_wb,higher,1455-138263-0040,3,substitution-mid,0.020725488662719727,0.07326662540435791,-0.052541136741638184
v1,pesq_wb,higher,311-124404-0119,1,dropout-low,0.004045128822326216,-0.00012195110321044922,0.004167079925536665
v1,pesq_wb,higher,311-124404-0119,1,dropout-mid,-0.0025342702865602806,0.0014442205429077148,-0.0039784908294679955
v1,pesq_wb,higher,311-124404-0119,1,substitution-low,0.017164826393126997,0.006073474884033203,0.011091351509093794
v1,pesq_wb,higher,311-124404-0119,1,substitution-mid,-0.00020349025726340564,0.001907348632812722,-0.0021108388900761277
v1,pesq_wb,higher,311-124404-0119,2,dropout-low,0.001020669937133789,0.013431191444396973,-0.012410521507263184
v1,pesq_wb,higher,311-124404-0119,2,dropout-mid,0.024289846420288308,0.04831886291503906,-0.024029016494750755
v1,pesq_wb,higher,311-124404-0119,2,substitution-low,0.0,0.0,0.0
v1,pesq_wb,higher,311-124404-0119,2,substitution-mid,-0.008413553237915039,-0.004580497741699219,-0.0038330554962158203
v1,pesq_wb,higher,311-124404-0119,3,dropout-low,0.006389141082763672,0.0008107423782348633,0.005578398704528809
v1,pesq_wb,higher,311-124404-0119,3,dropout-mid,0.06634402275085449,0.08387541770935059,-0.017531394958496094
v1,pesq_wb,higher,311-124404-0119,3,substitution-low,0.0,0.0,0.0
v1,pesq_wb,higher,311-124404-0119,3,substitution-mid,0.014308691024780273,0.004095792770385742,0.010212898254394531
v1,pesq_wb,higher,4680-16026-0019,1,dropout-low,0.0,0.0,0.0
v1,pesq_wb,higher,4680-16026-0019,1,dropout-mid,0.18911528587341375,0.10977399349212669,0.07934129238128707
v1,pesq_wb,higher,4680-16026-0019,1,substitution-low,0.0,0.0,0.0
v1,pesq_wb,higher,4680-16026-0019,1,substitution-mid,0.02880239486694358,0.12785232067108177,-0.09904992580413818
v1,pesq_wb,higher,4680-16026-0019,2,dropout-low,0.264833927154541,0.4120388031005864,-0.14720487594604537
v1,pesq_wb,higher,4680-16026-0019,2,dropout-mid,0.26379776000976607,0.17587733268737837,0.0879204273223877
v1,pesq_wb,higher,4680-16026-0019,2,substitution-low,0.0,0.0,0.0
v1,pesq_wb,higher,4680-16026-0019,2,substitution-mid,0.24418091773986816,0.42832350730895996,-0.1841425895690918
v1,pesq_wb,higher,4680-16026-0019,3,dropout-low,0.08759665489196822,0.09167051315307617,-0.004073858261107954
v1,pesq_wb,higher,4680-16026-0019,3,dropout-mid,0.16726326942443892,0.023413419723510742,0.14384984970092818
v1,pesq_wb,higher,4680-16026-0019,3,substitution-low,0.3489153385162358,0.22456526756286577,0.12435007095337003
v1,pesq_wb,higher,4680-16026-0019,3,substitution-mid,0.04123067855835005,0.10706138610839844,-0.06583070755004838
v1,pesq_wb,higher,8098-278278-0035,1,dropout-low,0.018921852111816406,0.029313683509826438,-0.010391831398010032
v1,pesq_wb,higher,8098-278278-0035,1,dropout-mid,0.025189876556396484,0.034692049026489036,-0.009502172470092551
v1,pesq_wb,higher,8098-278278-0035,1,substitution-low,-0.0003679990768430397,0.002187848091125044,-0.002555847167968084
v1,pesq_wb,higher,8098-278278-0035,1,substitution-mid,0.008660435676574707,0.002830028533935325,0.005830407142639382
v1,pesq_wb,higher,8098-278278-0035,2,dropout-low,0.026611685752868652,0.04061400890350342,-0.014002323150634766
v1,pesq_wb,higher,8098-278278-0035,2,dropout-mid,0.0932241678237915,0.09309089183807395,0.0001332759857175514
v1,pesq_wb,higher,8098-278278-0035,2,substitution-low,0.02167177200317405,0.024617671966552734,-0.002945899963378684
v1,pesq_wb,higher,8098-278278-0035,2,substitution-mid,0.00631403923034668,0.006990909576416016,-0.0006768703460693359
v1,pesq_wb,higher,8098-278278-0035,3,dropout-low,0.05005145072937012,0.0315474271774292,0.018504023551940918
v1,pesq_wb,higher,8098-278278-0035,3,dropout-mid,0.07053756713867188,0.05445969104766846,0.016077876091003418
v1,pesq_wb,higher,8098-278278-0035,3,substitution-low,0.0050525665283203125,0.0009198188781740502,0.004132747650146262
v1,pesq_wb,higher,8098-278278-0035,3,substitution-mid,0.006561756134033203,0.0044744014739992455,0.0020873546600339576
v1,stoi,higher,8838-298545-0037,1,dropout-low,0.003603619785453427,0.0047325015537330595,-0.0011288817682796326
v1,stoi,higher,8838-298545-0037,1,dropout-mid,0.008402636251797158,0.00772209393020673,0.0006805423215904272
v1,stoi,higher,8838-298545-0037,1,substitution-low,0.0012224619487015698,0.0021256493196845083,-0.0009031873709829386
v1,stoi,higher,8838-298545-0037,1,substitution-mid,0.0040536301809871444,0.003173983234884048,0.0008796469461030965
v1,stoi,higher,8838-298545-0037,2,dropout-low,0.009731590563603953,0.009150872605635518,0.0005807179579684352
v1,stoi,higher,8838-298545-0037,2,dropout-mid,0.015777615503513975,0.022418527877259176,-0.0066409123737452
v1,stoi,higher,8838-298545-0037,2,substitution-low,0.0,0.0,0.0
v1,stoi,higher,8838-298545-0037,2,substitution-mid,0.0005035627009986055,0.00127501990675849,-0.0007714572057598845
v1,stoi,higher,8838-298545-0037,3,dropout-low,0.0025109231020451483,0.0022795478036695682,0.00023137529837558013
v1,stoi,higher,8838-298545-0037,3,dropout-mid,0.01325663557192358,0.009455336708298567,0.0038012988636250133
v1,stoi,higher,8838-298545-0037,3,substitution-low,0.00032258612649360696,-6.755278145631483e-05,0.0003901389079499218
v1,stoi,higher,8838-298545-0037,3,substitution-mid,0.0007384669861446591,0.0009363626887098908,-0.0001978957025652317
v1,stoi,higher,5390-30102-0015,1,dropout-low,0.0031837516022064083,0.0007065958279244278,0.0024771557742819805
v1,stoi,higher,5390-30102-0015,1,dropout-mid,0.013852815741702829,0.011477853582270048,0.0023749621594327808
v1,stoi,higher,5390-30102-0015,1,substitution-low,4.127893111049996e-05,-6.888813004923833e-06,4.8167744115423794e-05
v1,stoi,higher,5390-30102-0015,1,substitution-mid,0.002094962327854777,0.0032545645757355857,-0.0011596022478808088
v1,stoi,higher,5390-30102-0015,2,dropout-low,0.004778645794539238,0.0018766464328957566,0.0029019993616434814
v1,stoi,higher,5390-30102-0015,2,dropout-mid,0.012914020688485683,0.014325749772062246,-0.0014117290835765628
v1,stoi,higher,5390-30102-0015,2,substitution-low,9.776802775862681e-05,0.00034205042010637676,-0.00024428239234774995
v1,stoi,higher,5390-30102-0015,2,substitution-mid,0.006600172557637007,0.004976434857577261,0.0016237377000597464
v1,stoi,higher,5390-30102-0015,3,dropout-low,0.0018282783469718566,0.0017193896646628959,0.00010888868230896076
v1,stoi,higher,5390-30102-0015,3,dropout-mid,0.012424032702443855,0.006508960918867435,0.00591507178357642
v1,stoi,higher,5390-30102-0015,3,substitution-low,0.00019247366755503759,0.0004643179112352458,-0.0002718442436802082
v1,stoi,higher,5390-30102-0015,3,substitution-mid,0.0058513460463230915,0.0057522233386437804,9.912270767931108e-05
v1,stoi,higher,4018-103416-0033,1,dropout-low,0.0030042721322464105,0.0021817585469914302,0.0008225135852549803
v1,stoi,higher,4018-103416-0033,1,dropout-mid,0.0066043605240108105,0.006697755813565798,-9.339528955498722e-05
v1,stoi,higher,4018-103416-0033,1,substitution-low,0.002860814674698231,0.0036995799017888187,-0.0008387652270905877
v1,stoi,higher,4018-103416-0033,1,substitution-mid,0.004936624311050464,0.00773252579936945,-0.002795901488318986
v1,stoi,higher,4018-103416-0033,2,dropout-low,0.00931634121322844,0.010619283305028482,-0.0013029420918000412
v1,stoi,higher,4018-103416-0033,2,dropout-mid,0.006409244029634831,0.006201692094335409,0.0002075519352994215
v1,stoi,higher,4018-103416-0033,2,substitution-low,-1.6511832748311583e-05,-2.0244619473031022e-05,3.732786724719439e-06
v1,stoi,higher,4018-103416-0033,2,substitution-mid,0.0006148915469639249,0.0016847442721057426,-0.0010698527251418177
v1,stoi,higher,4018-103416-0033,3,dropout-low,0.001849860909784562,0.0016233878170499594,0.0002264730927346026
v1,stoi,higher,4018-103416-0033,3,dropout-mid,0.013776060829562398,0.013625204287898818,0.00015085654166357987
v1,stoi,higher,4018-103416-0033,3,substitution-low,0.0008665483842070776,0.0010256528999833536,-0.00015910451577627605
v1,stoi,higher,4018-103416-0033,3,substitution-mid,0.00439870248990526,0.006055784836885292,-0.0016570823469800322
v1,stoi,higher,1737-148989-0006,1,dropout-low,0.005817776019040988,0.004210218852736203,0.001607557166304785
v1,stoi,higher,1737-148989-0006,1,dropout-mid,0.00982105326746363,0.00796341001481049,0.0018576432526531406
v1,stoi,higher,1737-148989-0006,1,substitution-low,0.0,0.0,0.0
v1,stoi,higher,1737-148989-0006,1,substitution-mid,0.0029998385395249016,0.0023067923906474608,0.0006930461488774409
v1,stoi,higher,1737-148989-0006,2,dropout-low,0.004886122226991252,0.004373001563293788,0.0005131206636974639
v1,stoi,higher,1737-148989-0006,2,dropout-mid,0.012818679353146512,0.0066947160344758005,0.006123963318670711
v1,stoi,higher,1737-148989-0006,2,substitution-low,0.0,0.0,0.0
v1,stoi,higher,1737-148989-0006,2,substitution-mid,0.0023857913952530785,0.0011587589503820883,0.0012270324448709902
v1,stoi,higher,1737-148989-0006,3,dropout-low,0.0021599919859609518,0.0004522076683617371,0.0017077843175992147
v1,stoi,higher,1737-148989-0006,3,dropout-mid,0.013169574216319369,0.008154074672896083,0.005015499543423285
v1,stoi,higher,1737-148989-0006,3,substitution-low,7.867993384313987e-05,0.00017212794592924574,-9.344801208610587e-05
v1,stoi,higher,1737-148989-0006,3,substitution-mid,0.0017321093437356883,0.0012123432211310625,0.0005197661226046257
v1,stoi,higher,1455-138263-0040,1,dropout-low,0.00431597572978526,0.006564843061094616,-0.0022488673313093566
v1,stoi,higher,1455-138263-0040,1,dropout-mid,0.006302032169845373,0.003565157379525008,0.002736874790320365
v1,stoi,higher,1455-138263-0040,1,substitution-low,0.0,0.0,0.0
v1,stoi,higher,1455-138263-0040,1,substitution-mid,0.003993563882392026,0.004819766210300447,-0.0008262023279084207
v1,stoi,higher,1455-138263-0040,2,dropout-low,0.006958694273114685,0.004361290828914899,0.002597403444199786
v1,stoi,higher,1455-138263-0040,2,dropout-mid,0.01344829986550422,0.010737438143964106,0.0027108617215401143
v1,stoi,higher,1455-138263-0040,2,substitution-low,0.0007455849235996626,0.0007233561221722251,2.222880142743744e-05
v1,stoi,higher,1455-138263-0040,2,substitution-mid,0.004400026717346406,0.006386993391501172,-0.0019869666741547665
v1,stoi,higher,1455-138263-0040,3,dropout-low,0.004033750967727845,0.0035764253155291525,0.00045732565219869237
v1,stoi,higher,1455-138263-0040,3,dropout-mid,0.009890648535303082,0.00816155310621236,0.0017290954290907212
v1,stoi,higher,1455-138263-0040,3,substitution-low,0.002104542022619893,0.0032752902136067297,-0.0011707481909868367
v1,stoi,higher,1455-138263-0040,3,substitution-mid,0.0029470020996013035,0.007432466727567588,-0.004485464627966285
v1,stoi,higher,311-124404-0119,1,dropout-low,0.0013447779301899443,-0.00026626613275249067,0.001611044062942435
v1,stoi,higher,311-124404-0119,1,dropout-mid,3.8342989381434656e-05,0.001693377902155846,-0.0016550349127744113
v1,stoi,higher,311-124404-0119,1,substitution-low,0.0,0.0,0.0
v1,stoi,higher,311-124404-0119,1,substitution-mid,-0.002341064723720976,0.004371564357004476,-0.006712629080725452
v1,stoi,higher,311-124404-0119,2,dropout-low,0.0015089417205177424,0.002802876427292267,-0.0012939347067745244
v1,stoi,higher,311-124404-0119,2,dropout-mid,0.011146298832392043,0.016496640337109847,-0.005350341504717804
v1,stoi,higher,311-124404-0119,2,substitution-low,0.0,0.0,0.0
v1,stoi,higher,311-124404-0119,2,substitution-mid,0.0013271044893626849,0.0047752699010386035,-0.0034481654116759186
v1,stoi,higher,311-124404-0119,3,dropout-low,0.0012468212829116476,0.0011759747520028174,7.08465309088302e-05
v1,stoi,higher,311-124404-0119,3,dropout-mid,0.01563536644253194,0.005511509080186383,0.010123857362345556
v1,stoi,higher,311-124404-0119,3,substitution-low,0.0,0.0,0.0
v1,stoi,higher,311-124404-0119,3,substitution-mid,0.004574645210676187,0.0034673399217346468,0.0011073052889415402
v1,stoi,higher,4680-16026-0019,1,dropout-low,0.0,0.0,0.0
v1,stoi,higher,4680-16026-0019,1,dropout-mid,0.0017357639016664095,0.012969832692673822,-0.011234068791007412
v1,stoi,higher,4680-16026-0019,1,substitution-low,0.0,0.0,0.0
v1,stoi,higher,4680-16026-0019,1,substitution-mid,0.011815687459567736,0.012114941636048981,-0.0002992541764812451
v1,stoi,higher,4680-16026-0019,2,dropout-low,0.007617962567480818,0.007790253745016851,-0.00017229117753603251
v1,stoi,higher,4680-16026-0019,2,dropout-mid,0.005588510405127978,0.0026346146501040613,0.0029538957550239164
v1,stoi,higher,4680-16026-0019,2,substitution-low,0.0,0.0,0.0
v1,stoi,higher,4680-16026-0019,2,substitution-mid,0.007756010851395989,0.014721268288057865,-0.006965257436661876
v1,stoi,higher,4680-16026-0019,3,dropout-low,0.002977576548772398,0.006895677638702802,-0.003918101089930404
v1,stoi,higher,4680-16026-0019,3,dropout-mid,0.002342661530007284,0.004829898188839832,-0.002487236658832548
v1,stoi,higher,4680-16026-0019,3,substitution-low,0.004159462177031004,0.007782910614025362,-0.0036234484369943587
v1,stoi,higher,4680-16026-0019,3,substitution-mid,-2.6029061530929987e-05,8.024986775378995e-05,-0.00010627892928471994
v1,stoi,higher,8098-278278-0035,1,dropout-low,0.009448201408195467,0.008472465750043123,0.0009757356581523435
v1,stoi,higher,8098-278278-0035,1,dropout-mid,0.014153621536225791,0.013682986418347642,0.0004706351178781487
v1,stoi,higher,8098-278278-0035,1,substitution-low,-6.45892339365961e-05,0.00011601918521375598,-0.00018060841915035208
v1,stoi,higher,8098-278278-0035,1,substitution-mid,0.006335512086566242,0.006954803940175114,-0.0006192918536088721
v1,stoi,higher,8098-278278-0035,2,dropout-low,0.0027162509380306288,0.003921328241998978,-0.0012050773039683493
v1,stoi,higher,8098-278278-0035,2,dropout-mid,0.01853163386120449,0.015161881014313039,0.0033697528468914495
v1,stoi,higher,8098-278278-0035,2,substitution-low,0.001664199570264091,0.0011324249808165598,0.0005317745894475312
v1,stoi,higher,8098-278278-0035,2,substitution-mid,0.0023226255856685363,0.0025889479729978015,-0.0002663223873292653
v1,stoi,higher,8098-278278-0035,3,dropout-low,0.003700491942818074,0.0025696208927751263,0.0011308710500429475
v1,stoi,higher,8098-278278-0035,3,dropout-mid,0.011158888328734018,0.011533753651350787,-0.00037486532261676864
v1,stoi,higher,8098-278278-0035,3,substitution-low,-2.4956517920005084e-06,1.5438608174211943e-05,-1.793425996621245e-05
v1,stoi,higher,8098-278278-0035,3,substitution-mid,0.0047957202745966265,0.005762078431499895,-0.0009663581569032687
v1,si_snr_db,higher,8838-298545-0037,1,dropout-low,0.12410717114219771,0.38043440924351923,-0.2563272381013215
v1,si_snr_db,higher,8838-298545-0037,1,dropout-mid,0.9155573042412941,0.790770807357065,0.12478649688422916
v1,si_snr_db,higher,8838-298545-0037,1,substitution-low,-0.01105443600434608,0.012316702793718548,-0.023371138798064628
v1,si_snr_db,higher,8838-298545-0037,1,substitution-mid,0.023252432661214684,0.04400756139017492,-0.020755128728960237
v1,si_snr_db,higher,8838-298545-0037,2,dropout-low,0.34583307604143787,0.4059961310191628,-0.06016305497772495
v1,si_snr_db,higher,8838-298545-0037,2,dropout-mid,1.0379998822362986,0.9260838632876872,0.11191601894861136
v1,si_snr_db,higher,8838-298545-0037,2,substitution-low,0.0,0.0,0.0
v1,si_snr_db,higher,8838-298545-0037,2,substitution-mid,0.011362027600589186,0.05570031352603222,-0.04433828592544303
v1,si_snr_db,higher,8838-298545-0037,3,dropout-low,0.35605120824207304,0.8236950155815639,-0.46764380733949085
v1,si_snr_db,higher,8838-298545-0037,3,dropout-mid,0.629739288498792,0.586144509844114,0.04359477865467798
v1,si_snr_db,higher,8838-298545-0037,3,substitution-low,0.004031365474191695,0.013921189262482425,-0.00988982378829073
v1,si_snr_db,higher,8838-298545-0037,3,substitution-mid,0.011481068208217593,-0.01639612912366717,0.027877197331884762
v1,si_snr_db,higher,5390-30102-0015,1,dropout-low,0.20595736362722938,0.25908046401998863,-0.05312310039275925
v1,si_snr_db,higher,5390-30102-0015,1,dropout-mid,0.49492989282848043,0.6425235506893108,-0.14759365786083034
v1,si_snr_db,higher,5390-30102-0015,1,substitution-low,-0.004730566805735137,0.001947557097174979,-0.006678123902910116
v1,si_snr_db,higher,5390-30102-0015,1,substitution-mid,0.04713899361853402,0.13773900236702996,-0.09060000874849594
v1,si_snr_db,higher,5390-30102-0015,2,dropout-low,0.08293367714601318,0.12882192960718658,-0.045888252461173396
v1,si_snr_db,higher,5390-30102-0015,2,dropout-mid,0.7654977961865848,0.921106263791851,-0.15560846760526625
v1,si_snr_db,higher,5390-30102-0015,2,substitution-low,-0.0005565055467056101,0.01449664570860243,-0.01505315125530804
v1,si_snr_db,higher,5390-30102-0015,2,substitution-mid,0.09335288354055016,0.11583472617108714,-0.022481842630536986
v1,si_snr_db,higher,5390-30102-0015,3,dropout-low,0.10582908998500118,0.045202973414977254,0.060626116570023925
v1,si_snr_db,higher,5390-30102-0015,3,dropout-mid,0.5561441258310831,0.4237985894281393,0.13234553640294378
v1,si_snr_db,higher,5390-30102-0015,3,substitution-low,0.021265709639514796,0.03925758264935242,-0.017991873009837622
v1,si_snr_db,higher,5390-30102-0015,3,substitution-mid,0.19714213534300118,0.210848984060521,-0.013706848717519815
v1,si_snr_db,higher,4018-103416-0033,1,dropout-low,0.6386801118364385,0.5053213304892361,0.13335878134720236
v1,si_snr_db,higher,4018-103416-0033,1,dropout-mid,0.9490391342092296,0.709105473749643,0.23993366045958664
v1,si_snr_db,higher,4018-103416-0033,1,substitution-low,0.1832502547522378,0.18878100004481752,-0.005530745292579714
v1,si_snr_db,higher,4018-103416-0033,1,substitution-mid,0.1671625872871092,0.0828072256490257,0.08435536163808349
v1,si_snr_db,higher,4018-103416-0033,2,dropout-low,1.5106371746721834,2.1347952562225014,-0.624158081550318
v1,si_snr_db,higher,4018-103416-0033,2,dropout-mid,0.7002405701208381,0.8786960811840014,-0.17845551106316337
v1,si_snr_db,higher,4018-103416-0033,2,substitution-low,-0.0011044501360997216,0.003035176619991198,-0.0041396267560909195
v1,si_snr_db,higher,4018-103416-0033,2,substitution-mid,0.13187635578703194,0.08805381317325356,0.04382254261377838
v1,si_snr_db,higher,4018-103416-0033,3,dropout-low,0.18514170585617595,0.11982332796711503,0.06531837788906092
v1,si_snr_db,higher,4018-103416-0033,3,dropout-mid,1.380351743959352,1.3928645202280103,-0.012512776268658321
v1,si_snr_db,higher,4018-103416-0033,3,substitution-low,0.05644112177818883,0.08847471262224538,-0.03203359084405655
v1,si_snr_db,higher,4018-103416-0033,3,substitution-mid,0.20633851848180296,0.21529367878772732,-0.008955160305924359
v1,si_snr_db,higher,1737-148989-0006,1,dropout-low,-0.0622670137895156,0.07505637506574558,-0.13732338885526119
v1,si_snr_db,higher,1737-148989-0006,1,dropout-mid,0.34239566564174595,0.37304163664449774,-0.030645971002751793
v1,si_snr_db,higher,1737-148989-0006,1,substitution-low,0.0,0.0,0.0
v1,si_snr_db,higher,1737-148989-0006,1,substitution-mid,0.15375552290008088,0.004100597618396762,0.14965492528168411
v1,si_snr_db,higher,1737-148989-0006,2,dropout-low,0.08194034141719087,0.021661426556905283,0.06027891486028558
v1,si_snr_db,higher,1737-148989-0006,2,dropout-mid,0.08367422582099415,-0.03581806866796278,0.11949229448895693
v1,si_snr_db,higher,1737-148989-0006,2,substitution-low,0.0,0.0,0.0
v1,si_snr_db,higher,1737-148989-0006,2,substitution-mid,-0.00590111362524226,0.11530362823892126,-0.12120474186416352
v1,si_snr_db,higher,1737-148989-0006,3,dropout-low,0.06932735394953582,0.18437481493239183,-0.11504746098285601
v1,si_snr_db,higher,1737-148989-0006,3,dropout-mid,1.6521152023373578,1.8909581547611634,-0.2388429524238056
v1,si_snr_db,higher,1737-148989-0006,3,substitution-low,0.0053614570188198485,0.01488185875346204,-0.009520401734642192
v1,si_snr_db,higher,1737-148989-0006,3,substitution-mid,0.08358826379337536,-0.056504569304378194,0.14009283309775356
v1,si_snr_db,higher,1455-138263-0040,1,dropout-low,0.31195102385633433,-0.019226019753878276,0.3311770436102126
v1,si_snr_db,higher,1455-138263-0040,1,dropout-mid,0.9553446335588767,0.6709444677320722,0.2844001658268045
v1,si_snr_db,higher,1455-138263-0040,1,substitution-low,0.0,0.0,0.0
v1,si_snr_db,higher,1455-138263-0040,1,substitution-mid,0.11157090258133451,0.18390477654677717,-0.07233387396544266
v1,si_snr_db,higher,1455-138263-0040,2,dropout-low,0.03616579869750547,0.03735856817720684,-0.0011927694797013721
v1,si_snr_db,higher,1455-138263-0040,2,dropout-mid,0.4891593515115722,0.5466639618905611,-0.05750461037898891
v1,si_snr_db,higher,1455-138263-0040,2,substitution-low,-0.01288046825755984,0.051247879384531014,-0.06412834764209085
v1,si_snr_db,higher,1455-138263-0040,2,substitution-mid,0.04988809517661519,0.05702922830953838,-0.007141133132923194
v1,si_snr_db,higher,1455-138263-0040,3,dropout-low,0.13864135814367318,0.17146012221927553,-0.03281876407560236
v1,si_snr_db,higher,1455-138263-0040,3,dropout-mid,0.4627858696169742,0.5099680819578329,-0.04718221234085873
v1,si_snr_db,higher,1455-138263-0040,3,substitution-low,0.08860388451161372,0.08626872823477094,0.002335156276842776
v1,si_snr_db,higher,1455-138263-0040,3,substitution-mid,0.07785546002536714,0.13772101820906935,-0.059865558183702205
v1,si_snr_db,higher,311-124404-0119,1,dropout-low,0.042930721310158404,-0.038989818123420505,0.08192053943357891
v1,si_snr_db,higher,311-124404-0119,1,dropout-mid,-0.012106740539421068,0.032927398230926386,-0.045034138770347454
v1,si_snr_db,higher,311-124404-0119,1,substitution-low,0.021913390805329058,0.011217509040132967,0.010695881765196091
v1,si_snr_db,higher,311-124404-0119,1,substitution-mid,-0.2737338750104321,0.25221778666826467,-0.5259516616786968
v1,si_snr_db,higher,311-124404-0119,2,dropout-low,0.0725286020985012,0.045315924362189675,0.02721267773631153
v1,si_snr_db,higher,311-124404-0119,2,dropout-mid,0.6263934916066807,0.5961754867356839,0.030218004870996795
v1,si_snr_db,higher,311-124404-0119,2,substitution-low,0.0,0.0,0.0
v1,si_snr_db,higher,311-124404-0119,2,substitution-mid,0.3399489065542525,0.4476059747275203,-0.10765706817326781
v1,si_snr_db,higher,311-124404-0119,3,dropout-low,0.09474162857131552,0.053823228345637464,0.04091840022567805
v1,si_snr_db,higher,311-124404-0119,3,dropout-mid,0.8283153823056151,0.4101547434881544,0.4181606388174607
v1,si_snr_db,higher,311-124404-0119,3,substitution-low,0.0,0.0,0.0
v1,si_snr_db,higher,311-124404-0119,3,substitution-mid,0.09780037474090103,0.0957669388396476,0.002033435901253433
v1,si_snr_db,higher,4680-16026-0019,1,dropout-low,0.0,0.0,0.0
v1,si_snr_db,higher,4680-16026-0019,1,dropout-mid,0.0876959461452296,0.10154519910323423,-0.013849252958004626
v1,si_snr_db,higher,4680-16026-0019,1,substitution-low,0.0,0.0,0.0
v1,si_snr_db,higher,4680-16026-0019,1,substitution-mid,0.2367664839517257,0.4465379694771846,-0.2097714855254589
v1,si_snr_db,higher,4680-16026-0019,2,dropout-low,0.7013992101042748,0.8592561754135697,-0.15785696530929494
v1,si_snr_db,higher,4680-16026-0019,2,dropout-mid,0.19920855406377402,0.3492691567898438,-0.1500606027260698
v1,si_snr_db,higher,4680-16026-0019,2,substitution-low,0.0,0.0,0.0
v1,si_snr_db,higher,4680-16026-0019,2,substitution-mid,1.8240635664117872,1.3639103260223768,0.4601532403894104
v1,si_snr_db,higher,4680-16026-0019,3,dropout-low,0.027521290565863055,0.21191891128810614,-0.18439762072224308
v1,si_snr_db,higher,4680-16026-0019,3,dropout-mid,0.49682572403703773,0.3941561819564967,0.10266954208054102
v1,si_snr_db,higher,4680-16026-0019,3,substitution-low,0.03444215114310545,0.03395201383241542,0.0004901373106900309
v1,si_snr_db,higher,4680-16026-0019,3,substitution-mid,0.0032362452981260503,0.02662764877939061,-0.02339140348126456
v1,si_snr_db,higher,8098-278278-0035,1,dropout-low,0.054097096946465584,0.26343433029944663,-0.20933723335298104
v1,si_snr_db,higher,8098-278278-0035,1,dropout-mid,0.4334679915215798,0.5907362795289437,-0.15726828800736392
v1,si_snr_db,higher,8098-278278-0035,1,substitution-low,0.015178510838200765,0.005868580104245069,0.009309930733955696
v1,si_snr_db,higher,8098-278278-0035,1,substitution-mid,-0.0015743738181193123,-0.028181044403957856,0.026606670585838543
v1,si_snr_db,higher,8098-278278-0035,2,dropout-low,0.657034708844664,0.6905523804630567,-0.0335176716183927
v1,si_snr_db,higher,8098-278278-0035,2,dropout-mid,1.2892759934223395,1.0174069612761911,0.2718690321461483
v1,si_snr_db,higher,8098-278278-0035,2,substitution-low,0.01941323690089078,0.014909384545793491,0.0045038523550972875
v1,si_snr_db,higher,8098-278278-0035,2,substitution-mid,0.0702476803511434,0.060868774315480295,0.009378906035663104
v1,si_snr_db,higher,8098-278278-0035,3,dropout-low,0.22677193364689874,0.29390660629012455,-0.06713467264322581
v1,si_snr_db,higher,8098-278278-0035,3,dropout-mid,1.0144221226798142,1.20228052340285,-0.18785840072303572
v1,si_snr_db,higher,8098-278278-0035,3,substitution-low,0.00036242865462376983,2.6729337685660326e-05,0.0003356993169381095
v1,si_snr_db,higher,8098-278278-0035,3,substitution-mid,0.21739920107360955,0.17724489860925563,0.04015430246435392
v1,corr,higher,8838-298545-0037,1,dropout-low,0.005336314439773615,0.016400218009948786,-0.011063903570175171
v1,corr,higher,8838-298545-0037,1,dropout-mid,0.03882899880409241,0.03386425971984869,0.004964739084243719
v1,corr,higher,8838-298545-0037,1,substitution-low,-0.0004762411117553711,0.0005336999893188477,-0.0010099411010742188
v1,corr,higher,8838-298545-0037,1,substitution-mid,0.001001358032226618,0.001906275749206543,-0.000904917716979925
v1,corr,higher,8838-298545-0037,2,dropout-low,0.01391589641571045,0.01593071222305298,-0.0020148158073425293
v1,corr,higher,8838-298545-0037,2,dropout-mid,0.04258507490158081,0.03695470094680786,0.005630373954772949
v1,corr,higher,8838-298545-0037,2,substitution-low,0.0,0.0,0.0
v1,corr,higher,8838-298545-0037,2,substitution-mid,0.00045228004455566406,0.002158939838409424,-0.0017066597938537598
v1,corr,higher,8838-298545-0037,3,dropout-low,0.012749314308166504,0.02764904499053955,-0.014899730682373047
v1,corr,higher,8838-298545-0037,3,dropout-mid,0.02282559871673584,0.019433915615081787,0.0033916831016540527
v1,corr,higher,8838-298545-0037,3,substitution-low,0.00014209747314453125,0.0004475116729736328,-0.00030541419982910156
v1,corr,higher,8838-298545-0037,3,substitution-mid,0.00040465593338012695,-0.0005260109901428223,0.0009306669235229492
v1,corr,higher,5390-30102-0015,1,dropout-low,0.009050607681274414,0.011181622743606567,-0.0021310150623321533
v1,corr,higher,5390-30102-0015,1,dropout-mid,0.0216902494430542,0.027564346790313776,-0.005874097347259577
v1,corr,higher,5390-30102-0015,1,substitution-low,-0.00020813941955566406,8.445978164672852e-05,-0.0002925992012023926
v1,corr,higher,5390-30102-0015,1,substitution-mid,0.0020742416381835938,0.005955189466476496,-0.003880947828292902
v1,corr,higher,5390-30102-0015,2,dropout-low,0.0032050609588623047,0.005059957504272461,-0.0018548965454101562
v1,corr,higher,5390-30102-0015,2,dropout-mid,0.030287325382232666,0.03710061311721802,-0.0068132877349853516
v1,corr,higher,5390-30102-0015,2,substitution-low,-2.1576881408691406e-05,0.000567018985748291,-0.0005885958671569824
v1,corr,higher,5390-30102-0015,2,substitution-mid,0.003609001636505127,0.00454789400100708,-0.0009388923645019531
v1,corr,higher,5390-30102-0015,3,dropout-low,0.00357973575592041,0.0015121102333068848,0.0020676255226135254
v1,corr,higher,5390-30102-0015,3,dropout-mid,0.01923966407775879,0.014454424381256104,0.0047852396965026855
v1,corr,higher,5390-30102-0015,3,substitution-low,0.0007161498069763184,0.001312851905822754,-0.0005967020988464355
v1,corr,higher,5390-30102-0015,3,substitution-mid,0.006699621677398682,0.007114052772521973,-0.000414431095123291
v1,corr,higher,4018-103416-0033,1,dropout-low,0.02649909257888794,0.021350085735321045,0.0051490068435668945
v1,corr,higher,4018-103416-0033,1,dropout-mid,0.039661288261413574,0.03008204698562622,0.009579241275787354
v1,corr,higher,4018-103416-0033,1,substitution-low,0.007514536380767822,0.007921576499938965,-0.0004070401191711426
v1,corr,higher,4018-103416-0033,1,substitution-mid,0.006851792335510254,0.0034662485122680664,0.0033855438232421875
v1,corr,higher,4018-103416-0033,2,dropout-low,0.04276806116104126,0.05951410531997681,-0.016746044158935547
v1,corr,higher,4018-103416-0033,2,dropout-mid,0.01878833770751953,0.02248680591583252,-0.0036984682083129883
v1,corr,higher,4018-103416-0033,2,substitution-low,-2.8252601623535156e-05,7.283687591552734e-05,-0.0001010894775390625
v1,corr,higher,4018-103416-0033,2,substitution-mid,0.0034018754959106445,0.002128303050994873,0.0012735724449157715
v1,corr,higher,4018-103416-0033,3,dropout-low,0.003532707691192627,0.002279937267303467,0.0012527704238891602
v1,corr,higher,4018-103416-0033,3,dropout-mid,0.029066026210784912,0.029432177543640137,-0.0003661513328552246
v1,corr,higher,4018-103416-0033,3,substitution-low,0.0010654330253602184,0.0016789436340332031,-0.0006135106086729847
v1,corr,higher,4018-103416-0033,3,substitution-mid,0.003944098949432373,0.004129171371460072,-0.0001850724220276989
v1,corr,higher,1737-148989-0006,1,dropout-low,-0.00088661909103388,0.0011513531208038885,-0.0020379722118377686
v1,corr,higher,1737-148989-0006,1,dropout-mid,0.004768654704093905,0.005630657076835688,-0.0008620023727417825
v1,corr,higher,1737-148989-0006,1,substitution-low,0.0,0.0,0.0
v1,corr,higher,1737-148989-0006,1,substitution-mid,0.002163618803024306,6.313621997838803e-05,0.002100482583045918
v1,corr,higher,1737-148989-0006,2,dropout-low,0.0014900565147399902,0.00042361021041870117,0.001066446304321289
v1,corr,higher,1737-148989-0006,2,dropout-mid,0.0015214085578917902,-0.0007025748491287787,0.002223983407020569
v1,corr,higher,1737-148989-0006,2,substitution-low,0.0,0.0,0.0
v1,corr,higher,1737-148989-0006,2,substitution-mid,-0.0001077950000763217,0.0022438764572143,-0.0023516714572906217
v1,corr,higher,1737-148989-0006,3,dropout-low,0.0015639662742615024,0.0044260472059250155,-0.002862080931663513
v1,corr,higher,1737-148989-0006,3,dropout-mid,0.03441436588764191,0.041724652051925604,-0.007310286164283697
v1,corr,higher,1737-148989-0006,3,substitution-low,0.00012134015560150146,0.000360220670700101,-0.00023888051509859953
v1,corr,higher,1737-148989-0006,3,substitution-mid,0.001884371042251587,-0.0013726055622101108,0.0032569766044616977
v1,corr,higher,1455-138263-0040,1,dropout-low,0.011174321174621582,-0.0006680190563201904,0.011842340230941772
v1,corr,higher,1455-138263-0040,1,dropout-mid,0.033427655696868896,0.022706300020217896,0.010721355676651001
v1,corr,higher,1455-138263-0040,1,substitution-low,0.0,0.0,0.0
v1,corr,higher,1455-138263-0040,1,substitution-mid,0.004025101661682073,0.006341099739074707,-0.0023159980773926336
v1,corr,higher,1455-138263-0040,2,dropout-low,0.0016003251075744629,0.0016517043113708496,-5.137920379638672e-05
v1,corr,higher,1455-138263-0040,2,dropout-mid,0.02160012722015381,0.024097979068756104,-0.002497851848602295
v1,corr,higher,1455-138263-0040,2,substitution-low,-0.0005701780319213867,0.002265632152557373,-0.0028358101844787598
v1,corr,higher,1455-138263-0040,2,substitution-mid,0.002207458019256592,0.0025211572647094727,-0.00031369924545288086
v1,corr,higher,1455-138263-0040,3,dropout-low,0.006118118762969971,0.007517337799072266,-0.001399219036102295
v1,corr,higher,1455-138263-0040,3,dropout-mid,0.020454883575439453,0.022423505783081055,-0.0019686222076416016
v1,corr,higher,1455-138263-0040,3,substitution-low,0.003908753395080566,0.0037790536880493164,0.00012969970703125
v1,corr,higher,1455-138263-0040,3,substitution-mid,0.003434419631958008,0.006036102771759033,-0.0026016831398010254
v1,corr,higher,311-124404-0119,1,dropout-low,0.0013056099414824884,-0.0010539442300795954,0.002359554171562084
v1,corr,higher,311-124404-0119,1,dropout-mid,-0.00036901235580449887,0.0008870959281921942,-0.001256108283996693
v1,corr,higher,311-124404-0119,1,substitution-low,0.0006670355796813965,0.00030250847339630127,0.0003645271062850952
v1,corr,higher,311-124404-0119,1,substitution-mid,-0.008438736200332697,0.006725490093231201,-0.015164226293563898
v1,corr,higher,311-124404-0119,2,dropout-low,0.0031848549842834473,0.0019791126251220703,0.001205742359161377
v1,corr,higher,311-124404-0119,2,dropout-mid,0.027617812156677246,0.02617877721786499,0.0014390349388122559
v1,corr,higher,311-124404-0119,2,substitution-low,0.0,0.0,0.0
v1,corr,higher,311-124404-0119,2,substitution-mid,0.014960527420043945,0.019629836082458496,-0.004669308662414551
v1,corr,higher,311-124404-0119,3,dropout-low,0.0037668347358703613,0.002081573009490967,0.0016852617263793945
v1,corr,higher,311-124404-0119,3,dropout-mid,0.033668577671051025,0.0160638689994812,0.017604708671569824
v1,corr,higher,311-124404-0119,3,substitution-low,0.0,0.0,0.0
v1,corr,higher,311-124404-0119,3,substitution-mid,0.003888845443725586,0.0037093758583068848,0.00017946958541870117
v1,corr,higher,4680-16026-0019,1,dropout-low,0.0,0.0,0.0
v1,corr,higher,4680-16026-0019,1,dropout-mid,0.0036237239837646484,0.0038556456565856934,-0.00023192167282104492
v1,corr,higher,4680-16026-0019,1,substitution-low,0.0,0.0,0.0
v1,corr,higher,4680-16026-0019,1,substitution-mid,0.009820640087127686,0.01717740297317505,-0.007356762886047363
v1,corr,higher,4680-16026-0019,2,dropout-low,0.020908117294311523,0.02320951223373413,-0.0023013949394226074
v1,corr,higher,4680-16026-0019,2,dropout-mid,0.00575566291809082,0.009109735488891602,-0.0033540725708007812
v1,corr,higher,4680-16026-0019,2,substitution-low,0.0,0.0,0.0
v1,corr,higher,4680-16026-0019,2,substitution-mid,0.05804318189620972,0.03809809684753418,0.019945085048675537
v1,corr,higher,4680-16026-0019,3,dropout-low,0.0005471706390380859,0.004642188549041748,-0.004095017910003662
v1,corr,higher,4680-16026-0019,3,dropout-mid,0.010261476039886475,0.008757591247558594,0.0015038847923278809
v1,corr,higher,4680-16026-0019,3,substitution-low,0.0006850957870483398,0.0007334351539611816,-4.83393669128418e-05
v1,corr,higher,4680-16026-0019,3,substitution-mid,6.41942024230957e-05,0.0005748867988586426,-0.0005106925964355469
v1,corr,higher,8098-278278-0035,1,dropout-low,0.001444354653358404,0.007553279399871826,-0.006108924746513422
v1,corr,higher,8098-278278-0035,1,dropout-mid,0.011368185281753512,0.016689002513885498,-0.005320817232131986
v1,corr,higher,8098-278278-0035,1,substitution-low,0.00040598213672640715,0.00017023086547851562,0.00023575127124789153
v1,corr,higher,8098-278278-0035,1,substitution-mid,-4.217028617858887e-05,-0.0008186697959899902,0.0007764995098114014
v1,corr,higher,8098-278278-0035,2,dropout-low,0.027417659759521484,0.028803765773773193,-0.001386106014251709
v1,corr,higher,8098-278278-0035,2,dropout-mid,0.05452030897140503,0.04274410009384155,0.011776208877563477
v1,corr,higher,8098-278278-0035,2,substitution-low,0.0007972121238708496,0.0006111860275268555,0.00018602609634399414
v1,corr,higher,8098-278278-0035,2,substitution-mid,0.0028887391090393066,0.002498924732208252,0.0003898143768310547
v1,corr,higher,8098-278278-0035,3,dropout-low,0.008611559867858887,0.010623395442962646,-0.0020118355751037598
v1,corr,higher,8098-278278-0035,3,dropout-mid,0.03963655233383179,0.04513192176818848,-0.0054953694343566895
v1,corr,higher,8098-278278-0035,3,substitution-low,1.3589859008789062e-05,8.940696716308594e-07,1.2695789337158203e-05
v1,corr,higher,8098-278278-0035,3,substitution-mid,0.008252441883087158,0.006373286247253418,0.0018791556358337402
v1,wave_l1,lower,8838-298545-0037,1,dropout-low,0.00016843527555469862,0.0004482716321944982,-0.0002798363566397996
v1,wave_l1,lower,8838-298545-0037,1,dropout-mid,0.0009410418570041934,0.0007372461259364943,0.0002037957310676991
v1,wave_l1,lower,8838-298545-0037,1,substitution-low,2.2709369659493217e-05,5.356594920159774e-05,-3.085657954210452e-05
v1,wave_l1,lower,8838-298545-0037,1,substitution-mid,2.991035580639928e-05,5.48660755156985e-05,-2.4955719709299218e-05
v1,wave_l1,lower,8838-298545-0037,2,dropout-low,0.0005623959004878998,0.0006333515048026969,-7.095560431479714e-05
v1,wave_l1,lower,8838-298545-0037,2,dropout-mid,0.0015183053910732998,0.0014046058058738986,0.00011369958519940118
v1,wave_l1,lower,8838-298545-0037,2,substitution-low,0.0,0.0,0.0
v1,wave_l1,lower,8838-298545-0037,2,substitution-mid,1.6910955309899084e-05,7.99316912890001e-05,-6.302073597910102e-05
v1,wave_l1,lower,8838-298545-0037,3,dropout-low,0.0004894379526375996,0.0006747804582118988,-0.00018534250557429924
v1,wave_l1,lower,8838-298545-0037,3,dropout-mid,0.0012896917760372023,0.0011411383748054019,0.00014855340123180044
v1,wave_l1,lower,8838-298545-0037,3,substitution-low,-1.9928440451698337e-05,6.006285548210144e-05,-7.999129593379978e-05
v1,wave_l1,lower,8838-298545-0037,3,substitution-mid,4.8253685235900845e-05,6.064772605798852e-06,4.2188912630101993e-05
v1,wave_l1,lower,5390-30102-0015,1,dropout-low,0.0001337341964245016,0.00018486380577090178,-5.112960934640018e-05
v1,wave_l1,lower,5390-30102-0015,1,dropout-mid,0.0005429405719042033,0.000558476895093897,-1.553632318969378e-05
v1,wave_l1,lower,5390-30102-0015,1,substitution-low,-4.151836037597639e-06,1.6875565051963082e-06,-5.8393925427939475e-06
v1,wave_l1,lower,5390-30102-0015,1,substitution-mid,2.8531998395999597e-05,8.547306060789628e-05,-5.694106221189668e-05
v1,wave_l1,lower,5390-30102-0015,2,dropout-low,0.00014717131853100168,0.00020866096019750077,-6.148964166649909e-05
v1,wave_l1,lower,5390-30102-0015,2,dropout-mid,0.001206813380122202,0.0012884549796581997,-8.164159953599759e-05
v1,wave_l1,lower,5390-30102-0015,2,substitution-low,7.836148142800758e-06,2.603791654109955e-05,-1.820176839829879e-05
v1,wave_l1,lower,5390-30102-0015,2,substitution-mid,0.00012604333460329922,0.00018514506518850157,-5.910173058520235e-05
v1,wave_l1,lower,5390-30102-0015,3,dropout-low,0.00015373155474660005,0.00010855495929719752,4.517659544940253e-05
v1,wave_l1,lower,5390-30102-0015,3,dropout-mid,0.0009592752903699979,0.0007153730839490995,0.00024390220642089844
v1,wave_l1,lower,5390-30102-0015,3,substitution-low,5.333125591279811e-05,9.493343532089929e-05,-4.160217940810118e-05
v1,wave_l1,lower,5390-30102-0015,3,substitution-mid,0.0003412123769521991,0.0003001466393471007,4.106573760509838e-05
v1,wave_l1,lower,4018-103416-0033,1,dropout-low,0.0008670166134834012,0.0007038637995719979,0.0001631528139114033
v1,wave_l1,lower,4018-103416-0033,1,dropout-mid,0.0016002170741558006,0.0011404342949389995,0.00045978277921680105
v1,wave_l1,lower,4018-103416-0033,1,substitution-low,0.00022696703672410445,0.0001834519207476945,4.3515115976409946e-05
v1,wave_l1,lower,4018-103416-0033,1,substitution-mid,0.0003402307629585058,0.00017843768000599947,0.00016179308295250633
v1,wave_l1,lower,4018-103416-0033,2,dropout-low,0.0015949700027703996,0.0020544230937958007,-0.00045945309102540105
v1,wave_l1,lower,4018-103416-0033,2,dropout-mid,0.001185171306133298,0.0014868918806314017,-0.0003017205744981037
v1,wave_l1,lower,4018-103416-0033,2,substitution-low,3.4831464289925007e-07,1.0371208190900622e-05,-1.0022893548001371e-05
v1,wave_l1,lower,4018-103416-0033,2,substitution-mid,0.00019627250730989976,0.00017184577882289886,2.4426728487000893e-05
v1,wave_l1,lower,4018-103416-0033,3,dropout-low,0.00032984279096130026,0.00021405890583999984,0.00011578388512130042
v1,wave_l1,lower,4018-103416-0033,3,dropout-mid,0.002282703295350099,0.0022006314247846985,8.207187056540055e-05
v1,wave_l1,lower,4018-103416-0033,3,substitution-low,0.00013545155525209948,0.00018781051039699903,-5.235895514489955e-05
v1,wave_l1,lower,4018-103416-0033,3,substitution-mid,0.0004896316677331994,0.00048459693789490096,5.0347298382984185e-06
v1,wave_l1,lower,1737-148989-0006,1,dropout-low,2.0220875740099842e-05,-9.505078196598432e-06,2.9725953936698274e-05
v1,wave_l1,lower,1737-148989-0006,1,dropout-mid,0.0001158434897661001,0.00010317191481590271,1.2671574950197384e-05
v1,wave_l1,lower,1737-148989-0006,1,substitution-low,0.0,0.0,0.0
v1,wave_l1,lower,1737-148989-0006,1,substitution-mid,0.0002468507736920998,4.370696842670094e-05,0.00020314380526539888
v1,wave_l1,lower,1737-148989-0006,2,dropout-low,3.733858466149764e-05,6.21750950809824e-06,3.11210751533994e-05
v1,wave_l1,lower,1737-148989-0006,2,dropout-mid,0.00026774220168599913,8.122809231279893e-05,0.0001865141093732002
v1,wave_l1,lower,1737-148989-0006,2,substitution-low,0.0,0.0,0.0
v1,wave_l1,lower,1737-148989-0006,2,substitution-mid,2.8371810913099815e-05,3.8087368011498896e-05,-9.71555709839908e-06
v1,wave_l1,lower,1737-148989-0006,3,dropout-low,1.6683712601699846e-05,9.005144238479965e-05,-7.33677297830998e-05
v1,wave_l1,lower,1737-148989-0006,3,dropout-mid,0.0006021801382304001,0.0005233865231275975,7.879361510280264e-05
v1,wave_l1,lower,1737-148989-0006,3,substitution-low,-3.4123659132974382e-06,1.2038275599500492e-05,-1.545064151279793e-05
v1,wave_l1,lower,1737-148989-0006,3,substitution-mid,-1.2040138244597681e-05,1.20140612129907e-06,-1.3241544365896751e-05
v1,wave_l1,lower,1455-138263-0040,1,dropout-low,0.0002622213214635988,0.00016825832426550086,9.396299719809792e-05
v1,wave_l1,lower,1455-138263-0040,1,dropout-mid,0.0006231311708688979,0.0003251396119595025,0.0002979915589093954
v1,wave_l1,lower,1455-138263-0040,1,substitution-low,0.0,0.0,0.0
v1,wave_l1,lower,1455-138263-0040,1,substitution-mid,4.2812898755097833e-05,8.166208863260097e-05,-3.884918987750313e-05
v1,wave_l1,lower,1455-138263-0040,2,dropout-low,8.834153413770154e-05,0.00011654943227770026,-2.8207898139998716e-05
v1,wave_l1,lower,1455-138263-0040,2,dropout-mid,0.0005559306591749018,0.0005851909518241986,-2.926029264929686e-05
v1,wave_l1,lower,1455-138263-0040,2,substitution-low,5.3070485591902306e-05,6.902776658539861e-05,-1.5957280993496303e-05
v1,wave_l1,lower,1455-138263-0040,2,substitution-mid,0.00010731630027289996,0.00012975186109549786,-2.24355608225979e-05
v1,wave_l1,lower,1455-138263-0040,3,dropout-low,0.00023103132843970212,0.000315312296152101,-8.428096771239887e-05
v1,wave_l1,lower,1455-138263-0040,3,dropout-mid,0.0004276633262634,0.0003947075456380983,3.295578062530169e-05
v1,wave_l1,lower,1455-138263-0040,3,substitution-low,9.068846702570132e-05,0.00012025795876979828,-2.9569491744096954e-05
v1,wave_l1,lower,1455-138263-0040,3,substitution-mid,0.0001382753252983024,0.00024620443582539994,-0.00010792911052709755
v1,wave_l1,lower,311-124404-0119,1,dropout-low,7.370486855499958e-06,-3.032758831979926e-05,3.769807517529922e-05
v1,wave_l1,lower,311-124404-0119,1,dropout-mid,4.867091774999471e-06,4.1149556636799894e-05,-3.628246486180042e-05
v1,wave_l1,lower,311-124404-0119,1,substitution-low,5.899555981159904e-05,4.146434366699911e-05,1.753121614459993e-05
v1,wave_l1,lower,311-124404-0119,1,substitution-mid,-7.733516395089929e-05,3.529898822310015e-05,-0.00011263415217399944
v1,wave_l1,lower,311-124404-0119,2,dropout-low,0.00012718606740239925,6.0967169701999294e-05,6.621889770039996e-05
v1,wave_l1,lower,311-124404-0119,2,dropout-mid,0.00031577795743949894,0.00044739898294209914,-0.0001316210255026002
v1,wave_l1,lower,311-124404-0119,2,substitution-low,0.0,0.0,0.0
v1,wave_l1,lower,311-124404-0119,2,substitution-mid,0.00023723766207699865,0.0002521891146897992,-1.4951452612800564e-05
v1,wave_l1,lower,311-124404-0119,3,dropout-low,9.057298302650105e-05,5.048047751190013e-05,4.009250551460092e-05
v1,wave_l1,lower,311-124404-0119,3,dropout-mid,0.0005132555961609008,0.0004354538396001001,7.780175656080072e-05
v1,wave_l1,lower,311-124404-0119,3,substitution-low,0.0,0.0,0.0
v1,wave_l1,lower,311-124404-0119,3,substitution-mid,8.132308721540103e-05,8.063390850999996e-06,7.325969636440104e-05
v1,wave_l1,lower,4680-16026-0019,1,dropout-low,0.0,0.0,0.0
v1,wave_l1,lower,4680-16026-0019,1,dropout-mid,0.00020043365657329906,0.00027010031044490124,-6.966665387160217e-05
v1,wave_l1,lower,4680-16026-0019,1,substitution-low,0.0,0.0,0.0
v1,wave_l1,lower,4680-16026-0019,1,substitution-mid,0.0003555510193109998,0.0007197167724371026,-0.0003641657531261028
v1,wave_l1,lower,4680-16026-0019,2,dropout-low,0.0007621813565492006,0.0011633988469838992,-0.00040121749043469865
v1,wave_l1,lower,4680-16026-0019,2,dropout-mid,0.0005759745836258004,0.0008180830627679998,-0.00024210847914219943
v1,wave_l1,lower,4680-16026-0019,2,substitution-low,0.0,0.0,0.0
v1,wave_l1,lower,4680-16026-0019,2,substitution-mid,0.0016854256391525026,0.0010328777134418002,0.0006525479257107024
v1,wave_l1,lower,4680-16026-0019,3,dropout-low,0.00011065416038029754,0.000434128567576398,-0.00032347440719610043
v1,wave_l1,lower,4680-16026-0019,3,dropout-mid,0.001022234559059098,0.001006195321679098,1.6039237380000015e-05
v1,wave_l1,lower,4680-16026-0019,3,substitution-low,0.00011341460049149946,0.00016632862389080044,-5.2914023399300986e-05
v1,wave_l1,lower,4680-16026-0019,3,substitution-mid,6.323680281597466e-06,2.7026981115299553e-05,-2.0703300833702087e-05
v1,wave_l1,lower,8098-278278-0035,1,dropout-low,-4.904717206959813e-05,0.00014416128396989997,-0.0001932084560394981
v1,wave_l1,lower,8098-278278-0035,1,dropout-mid,0.00034731626510620117,0.0003173761069774003,2.9940158128800853e-05
v1,wave_l1,lower,8098-278278-0035,1,substitution-low,4.7646462917050325e-06,-5.062669515595863e-06,9.827315807300896e-06
v1,wave_l1,lower,8098-278278-0035,1,substitution-mid,-7.727369666099548e-05,-4.3772161006899735e-05,-3.350153565409575e-05
v1,wave_l1,lower,8098-278278-0035,2,dropout-low,0.0009136721491814007,0.000966593623161302,-5.292147397990138e-05
v1,wave_l1,lower,8098-278278-0035,2,dropout-mid,0.002279482781887096,0.001667663455009405,0.0006118193268776911
v1,wave_l1,lower,8098-278278-0035,2,substitution-low,6.239116191870259e-05,4.403665661810441e-05,1.835450530059818e-05
v1,wave_l1,lower,8098-278278-0035,2,substitution-mid,0.00019655749201780148,0.00017227232456200336,2.4285167455798118e-05
v1,wave_l1,lower,8098-278278-0035,3,dropout-low,0.0005589984357357025,0.0005230065435170989,3.599189221860366e-05
v1,wave_l1,lower,8098-278278-0035,3,dropout-mid,0.002048924565315198,0.002382857725024199,-0.00033393315970900103
v1,wave_l1,lower,8098-278278-0035,3,substitution-low,1.1287629603992655e-06,4.842877388000488e-06,-3.714114427601223e-06
v1,wave_l1,lower,8098-278278-0035,3,substitution-mid,0.0003882572054862976,0.00024285912513730135,0.00014539808034899626
v2,mel_l1,lower,8838-298545-0037,1,dropout-mid,0.04326641559600852,0.039232730865478294,0.004033684730530229
v2,mel_l1,lower,8838-298545-0037,1,dropout-high,0.04355442523956299,0.050388693809509055,-0.006834268569946067
v2,mel_l1,lower,8838-298545-0037,1,substitution-mid,0.023676514625549316,0.015894889831542747,0.00778162479400657
v2,mel_l1,lower,8838-298545-0037,1,substitution-high,0.031177163124084473,0.036768317222595215,-0.005591154098510742
v2,mel_l1,lower,8838-298545-0037,2,dropout-mid,0.0370255708694458,0.027632474899291992,0.009393095970153809
v2,mel_l1,lower,8838-298545-0037,2,dropout-high,0.07361817359924316,0.05619132518768333,0.017426848411559837
v2,mel_l1,lower,8838-298545-0037,2,substitution-mid,0.014837026596069114,0.011398315429687722,0.003438711166381392
v2,mel_l1,lower,8838-298545-0037,2,substitution-high,0.08729732036590576,0.07953190803527832,0.007765412330627441
v2,mel_l1,lower,8838-298545-0037,3,dropout-mid,0.03662216663360596,0.03475862741470315,0.00186353921890281
v2,mel_l1,lower,8838-298545-0037,3,dropout-high,0.09823906421661377,0.07239466905593872,0.02584439516067505
v2,mel_l1,lower,8838-298545-0037,3,substitution-mid,0.017473578453063965,0.011667430400848389,0.005806148052215576
v2,mel_l1,lower,8838-298545-0037,3,substitution-high,0.05276501178741455,0.0491904616355896,0.003574550151824951
v2,mel_l1,lower,5390-30102-0015,1,dropout-mid,0.017832636833190918,0.017507076263427734,0.0003255605697631836
v2,mel_l1,lower,5390-30102-0015,1,dropout-high,0.050556063652038574,0.038421273231506126,0.012134790420532449
v2,mel_l1,lower,5390-30102-0015,1,substitution-mid,0.005397796630859375,0.006966710090637207,-0.001568913459777832
v2,mel_l1,lower,5390-30102-0015,1,substitution-high,0.03761911392211914,0.05148875713348389,-0.013869643211364746
v2,mel_l1,lower,5390-30102-0015,2,dropout-mid,0.03324007987976074,0.025686085224151722,0.00755399465560902
v2,mel_l1,lower,5390-30102-0015,2,dropout-high,0.07337629795074463,0.06536310911178578,0.008013188838958851
v2,mel_l1,lower,5390-30102-0015,2,substitution-mid,0.009402036666869895,0.007920563220977672,0.001481473445892223
v2,mel_l1,lower,5390-30102-0015,2,substitution-high,0.041558146476745605,0.042301952838897594,-0.0007438063621519886
v2,mel_l1,lower,5390-30102-0015,3,dropout-mid,0.04177379608154297,0.03664332628250122,0.005130469799041748
v2,mel_l1,lower,5390-30102-0015,3,dropout-high,0.0729438066482544,0.06390386819839466,0.00903993844985973
v2,mel_l1,lower,5390-30102-0015,3,substitution-mid,0.013595581054687389,0.014016389846801647,-0.0004208087921142578
v2,mel_l1,lower,5390-30102-0015,3,substitution-high,0.05386614799499512,0.053405165672302024,0.00046098232269309314
v2,mel_l1,lower,4018-103416-0033,1,dropout-mid,0.025882720947265847,0.030050933361053467,-0.00416821241378762
v2,mel_l1,lower,4018-103416-0033,1,dropout-high,0.04769670963287376,0.0497058629989624,-0.002009153366088645
v2,mel_l1,lower,4018-103416-0033,1,substitution-mid,0.015112161636352761,0.007256805896759033,0.007855355739593728
v2,mel_l1,lower,4018-103416-0033,1,substitution-high,0.045079708099365456,0.03615748882293701,0.008922219276428445
v2,mel_l1,lower,4018-103416-0033,2,dropout-mid,0.024927735328674316,0.022106051445007324,0.002821683883666992
v2,mel_l1,lower,4018-103416-0033,2,dropout-high,0.06335443258285511,0.06558912992477417,-0.0022346973419190563
v2,mel_l1,lower,4018-103416-0033,2,substitution-mid,0.01676100492477417,0.025609850883483887,-0.008848845958709717
v2,mel_l1,lower,4018-103416-0033,2,substitution-high,0.07456052303314209,0.04014098644256592,0.03441953659057617
v2,mel_l1,lower,4018-103416-0033,3,dropout-mid,0.026256322860717773,0.033503592014312744,-0.007247269153594971
v2,mel_l1,lower,4018-103416-0033,3,dropout-high,0.08794736862182617,0.06788724660873413,0.02006012201309204
v2,mel_l1,lower,4018-103416-0033,3,substitution-mid,0.016759097576141357,0.013222754001617432,0.0035363435745239258
v2,mel_l1,lower,4018-103416-0033,3,substitution-high,0.07708829641342163,0.05701875686645508,0.020069539546966553
v2,mel_l1,lower,1737-148989-0006,1,dropout-mid,0.02077615261077881,0.011756539344787598,0.009019613265991211
v2,mel_l1,lower,1737-148989-0006,1,dropout-high,0.0345454216003418,0.034404754638671875,0.00014066696166992188
v2,mel_l1,lower,1737-148989-0006,1,substitution-mid,0.0007714033126831055,0.0005303621292114258,0.0002410411834716797
v2,mel_l1,lower,1737-148989-0006,1,substitution-high,0.02106344699859619,0.018918633460998535,0.0021448135375976562
v2,mel_l1,lower,1737-148989-0006,2,dropout-mid,0.029693663120269775,0.022089064121246338,0.0076045989990234375
v2,mel_l1,lower,1737-148989-0006,2,dropout-high,0.07257908582687378,0.057749390602111816,0.014829695224761963
v2,mel_l1,lower,1737-148989-0006,2,substitution-mid,0.016950130462646595,0.0146501064300536,0.0023000240325929955
v2,mel_l1,lower,1737-148989-0006,2,substitution-high,0.029407262802124134,0.037748754024505615,-0.00834149122238148
v2,mel_l1,lower,1737-148989-0006,3,dropout-mid,0.043779850006103405,0.030602693557739258,0.013177156448364147
v2,mel_l1,lower,1737-148989-0006,3,dropout-high,0.09710496664047241,0.0767682194709779,0.020336747169494518
v2,mel_l1,lower,1737-148989-0006,3,substitution-mid,0.018991947174072266,0.015070557594299316,0.003921389579772949
v2,mel_l1,lower,1737-148989-0006,3,substitution-high,0.06255918741226185,0.057818353176117054,0.0047408342361447975
v2,mel_l1,lower,1455-138263-0040,1,dropout-mid,0.022461652755737083,0.01570296287536621,0.006758689880370872
v2,mel_l1,lower,1455-138263-0040,1,dropout-high,0.057417869567871094,0.03639042377471924,0.021027445793151855
v2,mel_l1,lower,1455-138263-0040,1,substitution-mid,0.015379309654236062,0.013570547103881836,0.001808762550354226
v2,mel_l1,lower,1455-138263-0040,1,substitution-high,0.030855894088745117,0.026139497756958008,0.004716396331787109
v2,mel_l1,lower,1455-138263-0040,2,dropout-mid,0.05241578817367554,0.04231715202331554,0.010098636150359996
v2,mel_l1,lower,1455-138263-0040,2,dropout-high,0.05958151817321777,0.06431853771209706,-0.0047370195388792835
v2,mel_l1,lower,1455-138263-0040,2,substitution-mid,0.01919090747833241,0.014815688133239746,0.004375219345092662
v2,mel_l1,lower,1455-138263-0040,2,substitution-high,0.04980391263961803,0.048140525817871094,0.0016633868217469372
v2,mel_l1,lower,1455-138263-0040,3,dropout-mid,0.04933357238769531,0.03730100393295288,0.012032568454742432
v2,mel_l1,lower,1455-138263-0040,3,dropout-high,0.0809040069580077,0.06279361248016357,0.018110394477844127
v2,mel_l1,lower,1455-138263-0040,3,substitution-mid,0.016574203968048096,0.01655876636505127,1.5437602996826172e-05
v2,mel_l1,lower,1455-138263-0040,3,substitution-high,0.05179429054260243,0.05426621437072754,-0.002471923828125111
v2,mel_l1,lower,311-124404-0119,1,dropout-mid,0.016787290573119895,0.013982295989990456,0.0028049945831294387
v2,mel_l1,lower,311-124404-0119,1,dropout-high,0.06198465824127197,0.049297213554382324,0.012687444686889648
v2,mel_l1,lower,311-124404-0119,1,substitution-mid,0.01258862018585205,0.013589859008789062,-0.0010012388229370117
v2,mel_l1,lower,311-124404-0119,1,substitution-high,0.03793501853942871,0.03607833385467529,0.001856684684753418
v2,mel_l1,lower,311-124404-0119,2,dropout-mid,0.0483393073081968,0.03908330202102661,0.009256005287170188
v2,mel_l1,lower,311-124404-0119,2,dropout-high,0.07962137460708607,0.07900738716125477,0.0006139874458312988
v2,mel_l1,lower,311-124404-0119,2,substitution-mid,0.0289839506149292,0.021910905838012806,0.007073044776916393
v2,mel_l1,lower,311-124404-0119,2,substitution-high,0.07268518209457386,0.10100871324539185,-0.028323531150817982
v2,mel_l1,lower,311-124404-0119,3,dropout-mid,0.04645669460296631,0.02703690528869629,0.01941978931427002
v2,mel_l1,lower,311-124404-0119,3,dropout-high,0.08298909664154053,0.05961483716964722,0.02337425947189331
v2,mel_l1,lower,311-124404-0119,3,substitution-mid,0.01884526014328003,0.016757488250732422,0.0020877718925476074
v2,mel_l1,lower,311-124404-0119,3,substitution-high,0.07851189374923706,0.057036757469177246,0.021475136280059814
v2,mel_l1,lower,4680-16026-0019,1,dropout-mid,0.03973197937011719,0.03616213798522949,0.0035698413848876953
v2,mel_l1,lower,4680-16026-0019,1,dropout-high,0.08329379558563232,0.06533002853393555,0.017963767051696777
v2,mel_l1,lower,4680-16026-0019,1,substitution-mid,0.020696163177490234,0.007439374923706277,0.013256788253783958
v2,mel_l1,lower,4680-16026-0019,1,substitution-high,0.0029870271682739258,0.006106376647949219,-0.003119349479675293
v2,mel_l1,lower,4680-16026-0019,2,dropout-mid,0.07633936405181885,0.061611413955688366,0.014727950096130482
v2,mel_l1,lower,4680-16026-0019,2,dropout-high,0.045897901058197244,0.03896307945251476,0.006934821605682484
v2,mel_l1,lower,4680-16026-0019,2,substitution-mid,0.0,0.0,0.0
v2,mel_l1,lower,4680-16026-0019,2,substitution-high,0.051618754863739236,0.045857489109039196,0.00576126575470004
v2,mel_l1,lower,4680-16026-0019,3,dropout-mid,0.04355227947235096,0.050903499126434326,-0.007351219654083363
v2,mel_l1,lower,4680-16026-0019,3,dropout-high,0.10210597515106201,0.11677181720733643,-0.014665842056274414
v2,mel_l1,lower,4680-16026-0019,3,substitution-mid,0.04754042625427257,0.022703468799591064,0.024836957454681508
v2,mel_l1,lower,4680-16026-0019,3,substitution-high,0.04957616329193115,0.044391512870788574,0.005184650421142578
v2,mel_l1,lower,8098-278278-0035,1,dropout-mid,0.012056827545166016,0.015152812004089578,-0.003095984458923562
v2,mel_l1,lower,8098-278278-0035,1,dropout-high,0.03885138034820579,0.024674534797668457,0.014176845550537331
v2,mel_l1,lower,8098-278278-0035,1,substitution-mid,0.04860210418701172,0.03227698802947998,0.01632511615753174
v2,mel_l1,lower,8098-278278-0035,1,substitution-high,0.06383609771728538,0.05415511131286621,0.009680986404419167
v2,mel_l1,lower,8098-278278-0035,2,dropout-mid,0.03128325939178467,0.025891602039337158,0.00539165735244751
v2,mel_l1,lower,8098-278278-0035,2,dropout-high,0.06899607181549072,0.06198990345001221,0.007006168365478516
v2,mel_l1,lower,8098-278278-0035,2,substitution-mid,0.026882886886596458,0.021037042140960804,0.005845844745635653
v2,mel_l1,lower,8098-278278-0035,2,substitution-high,0.03719830513000488,0.04533910751342751,-0.00814080238342263
v2,mel_l1,lower,8098-278278-0035,3,dropout-mid,0.032036423683166504,0.031090497970581166,0.0009459257125853382
v2,mel_l1,lower,8098-278278-0035,3,dropout-high,0.0823395848274231,0.05595773458480835,0.026381850242614746
v2,mel_l1,lower,8098-278278-0035,3,substitution-mid,0.013119518756866455,0.011408865451812744,0.001710653305053711
v2,mel_l1,lower,8098-278278-0035,3,substitution-high,0.03469908237457264,0.03732705116271973,-0.0026279687881470837
v2,pesq_wb,higher,8838-298545-0037,1,dropout-mid,0.09604322910308838,0.08204293251037598,0.014000296592712402
v2,pesq_wb,higher,8838-298545-0037,1,dropout-high,0.1072152853012085,0.05068349838256836,0.05653178691864014
v2,pesq_wb,higher,8838-298545-0037,1,substitution-mid,0.02033400535583496,0.02521681785583496,-0.0048828125
v2,pesq_wb,higher,8838-298545-0037,1,substitution-high,0.06466698646545388,0.06652975082397461,-0.0018627643585207299
v2,pesq_wb,higher,8838-298545-0037,2,dropout-mid,0.13723862171173073,0.11879837512969971,0.018440246582031028
v2,pesq_wb,higher,8838-298545-0037,2,dropout-high,0.2699078321456909,0.26597821712493896,0.003929615020751953
v2,pesq_wb,higher,8838-298545-0037,2,substitution-mid,0.05536949634552002,0.05633854866027854,-0.0009690523147585228
v2,pesq_wb,higher,8838-298545-0037,2,substitution-high,0.22494804859161377,0.18630468845367454,0.03864336013793923
v2,pesq_wb,higher,8838-298545-0037,3,dropout-mid,0.11981916427612305,0.13562512397766113,-0.015805959701538086
v2,pesq_wb,higher,8838-298545-0037,3,dropout-high,0.398250937461853,0.29643583297729514,0.10181510448455788
v2,pesq_wb,higher,8838-298545-0037,3,substitution-mid,0.05825316905975342,0.06432068347930908,-0.006067514419555664
v2,pesq_wb,higher,8838-298545-0037,3,substitution-high,0.13694286346435547,0.08663153648376465,0.05031132698059082
v2,pesq_wb,higher,5390-30102-0015,1,dropout-mid,0.02126479148864746,0.028332829475402832,-0.007068037986755371
v2,pesq_wb,higher,5390-30102-0015,1,dropout-high,0.05209970474243164,0.06535685062408447,-0.013257145881652832
v2,pesq_wb,higher,5390-30102-0015,1,substitution-mid,0.0072116851806638405,0.008792996406555176,-0.0015813112258913353
v2,pesq_wb,higher,5390-30102-0015,1,substitution-high,0.03771054744720481,0.04969227313995361,-0.011981725692748801
v2,pesq_wb,higher,5390-30102-0015,2,dropout-mid,0.08816826343536355,0.06076502799987793,0.027403235435485618
v2,pesq_wb,higher,5390-30102-0015,2,dropout-high,0.170867919921875,0.15363991260528564,0.017228007316589355
v2,pesq_wb,higher,5390-30102-0015,2,substitution-mid,0.02908039093017556,0.029928207397460938,-0.0008478164672853783
v2,pesq_wb,higher,5390-30102-0015,2,substitution-high,0.09684109687805176,0.0830683708190918,0.013772726058959961
v2,pesq_wb,higher,5390-30102-0015,3,dropout-mid,0.1802150011062622,0.1333801746368406,0.04683482646942161
v2,pesq_wb,higher,5390-30102-0015,3,dropout-high,0.2700382471084595,0.204492449760437,0.06554579734802246
v2,pesq_wb,higher,5390-30102-0015,3,substitution-mid,0.05396902561187744,0.044054627418518066,0.009914398193359375
v2,pesq_wb,higher,5390-30102-0015,3,substitution-high,0.20391368865966797,0.18303096294403076,0.020882725715637207
v2,pesq_wb,higher,4018-103416-0033,1,dropout-mid,0.06448924541473411,0.08878719806671143,-0.024297952651977317
v2,pesq_wb,higher,4018-103416-0033,1,dropout-high,0.10294485092163108,0.13932502269744873,-0.03638017177581765
v2,pesq_wb,higher,4018-103416-0033,1,substitution-mid,0.01934587955474898,0.013215899467468262,0.0061299800872807175
v2,pesq_wb,higher,4018-103416-0033,1,substitution-high,0.11452805995941162,0.10510826110839844,0.009419798851013184
v2,pesq_wb,higher,4018-103416-0033,2,dropout-mid,0.22076392173767112,0.23725152015686057,-0.016487598419189453
v2,pesq_wb,higher,4018-103416-0033,2,dropout-high,0.43014347553253174,0.4788632392883301,-0.04871976375579834
v2,pesq_wb,higher,4018-103416-0033,2,substitution-mid,0.12564694881439187,0.05763506889343262,0.06801187992095925
v2,pesq_wb,higher,4018-103416-0033,2,substitution-high,0.2813723087310791,0.18878436088562012,0.09258794784545898
v2,pesq_wb,higher,4018-103416-0033,3,dropout-mid,0.2513740062713623,0.2523458003997803,-0.0009717941284179688
v2,pesq_wb,higher,4018-103416-0033,3,dropout-high,0.5756634473800659,0.5960625410079956,-0.020399093627929688
v2,pesq_wb,higher,4018-103416-0033,3,substitution-mid,0.03902173042297363,0.05518198013305664,-0.016160249710083008
v2,pesq_wb,higher,4018-103416-0033,3,substitution-high,0.4527527093887329,0.3641374111175535,0.08861529827117942
v2,pesq_wb,higher,1737-148989-0006,1,dropout-mid,0.010215878486633079,0.0010339021682739258,0.009181976318359153
v2,pesq_wb,higher,1737-148989-0006,1,dropout-high,0.031491875648498535,0.015017032623291016,0.01647484302520752
v2,pesq_wb,higher,1737-148989-0006,1,substitution-mid,0.003699064254760742,-0.005151629447937012,0.008850693702697754
v2,pesq_wb,higher,1737-148989-0006,1,substitution-high,0.014680743217468262,0.01303601264953591,0.001644730567932351
v2,pesq_wb,higher,1737-148989-0006,2,dropout-mid,0.07570767402648926,0.056059837341308594,0.019647836685180664
v2,pesq_wb,higher,1737-148989-0006,2,dropout-high,0.15788555145263672,0.13057196140289307,0.027313590049743652
v2,pesq_wb,higher,1737-148989-0006,2,substitution-mid,0.05435299873352051,0.04585742950439475,0.008495569229125755
v2,pesq_wb,higher,1737-148989-0006,2,substitution-high,0.05134248733520508,0.08768224716186523,-0.036339759826660156
v2,pesq_wb,higher,1737-148989-0006,3,dropout-mid,0.10876917839050293,0.09097051620483398,0.017798662185668945
v2,pesq_wb,higher,1737-148989-0006,3,dropout-high,0.2757319211959839,0.2407054901123047,0.0350264310836792
v2,pesq_wb,higher,1737-148989-0006,3,substitution-mid,0.0518418550491333,0.06474196910858132,-0.01290011405944802
v2,pesq_wb,higher,1737-148989-0006,3,substitution-high,0.18690145015716553,0.21708452701568604,-0.030183076858520508
v2,pesq_wb,higher,1455-138263-0040,1,dropout-mid,0.015463948249816895,0.018343329429626465,-0.0028793811798095703
v2,pesq_wb,higher,1455-138263-0040,1,dropout-high,0.04316401481628418,0.0311931371688845,0.01197087764739968
v2,pesq_wb,higher,1455-138263-0040,1,substitution-mid,0.01798725128173828,0.01930904388427712,-0.0013217926025388405
v2,pesq_wb,higher,1455-138263-0040,1,substitution-high,0.029875993728637473,0.022159814834594727,0.007716178894042747
v2,pesq_wb,higher,1455-138263-0040,2,dropout-mid,0.13883733749389648,0.1059952974319458,0.032842040061950684
v2,pesq_wb,higher,1455-138263-0040,2,dropout-high,0.17956364154815674,0.16043365001678467,0.01912999153137207
v2,pesq_wb,higher,1455-138263-0040,2,substitution-mid,0.07341051101684593,0.047003984451293945,0.02640652656555198
v2,pesq_wb,higher,1455-138263-0040,2,substitution-high,0.13328886032104514,0.1101064682006836,0.02318239212036155
v2,pesq_wb,higher,1455-138263-0040,3,dropout-mid,0.17931973934173584,0.1357564926147461,0.043563246726989746
v2,pesq_wb,higher,1455-138263-0040,3,dropout-high,0.2054305076599121,0.1904447078704834,0.014985799789428711
v2,pesq_wb,higher,1455-138263-0040,3,substitution-mid,0.06429088115692161,0.044175148010253906,0.020115733146667703
v2,pesq_wb,higher,1455-138263-0040,3,substitution-high,0.17528164386749268,0.1467280387878418,0.02855360507965088
v2,pesq_wb,higher,311-124404-0119,1,dropout-mid,0.0012617111206052467,0.011257529258728027,-0.00999581813812278
v2,pesq_wb,higher,311-124404-0119,1,dropout-high,0.042414426803588645,0.034598469734191895,0.00781595706939675
v2,pesq_wb,higher,311-124404-0119,1,substitution-mid,0.013507127761840598,0.01963067054748535,-0.006123542785644753
v2,pesq_wb,higher,311-124404-0119,1,substitution-high,0.025933742523193137,0.026070475578307883,-0.0001367330551147461
v2,pesq_wb,higher,311-124404-0119,2,dropout-mid,0.024078965187072754,0.04677724838256836,-0.022698283195495605
v2,pesq_wb,higher,311-124404-0119,2,dropout-high,0.08041155338287331,0.1017458438873291,-0.02133429050445579
v2,pesq_wb,higher,311-124404-0119,2,substitution-mid,0.028867006301879883,0.031115174293518066,-0.0022481679916381836
v2,pesq_wb,higher,311-124404-0119,2,substitution-high,0.06391644477844238,0.07004141807556152,-0.006124973297119141
v2,pesq_wb,higher,311-124404-0119,3,dropout-mid,0.05403923988342285,-0.020648956298827903,0.07468819618225075
v2,pesq_wb,higher,311-124404-0119,3,dropout-high,0.13544487953186035,0.09479641914367676,0.040648460388183594
v2,pesq_wb,higher,311-124404-0119,3,substitution-mid,0.03191936016082764,0.007042646408081055,0.024876713752746582
v2,pesq_wb,higher,311-124404-0119,3,substitution-high,0.09084880352020264,0.08218109607696511,0.008667707443237527
v2,pesq_wb,higher,4680-16026-0019,1,dropout-mid,0.38827443122863814,0.3545818328857424,0.03369259834289573
v2,pesq_wb,higher,4680-16026-0019,1,dropout-high,0.5522077083587651,0.4981735944747927,0.05403411388397239
v2,pesq_wb,higher,4680-16026-0019,1,substitution-mid,0.007350921630859597,0.0003070831298828125,0.0070438385009767845
v2,pesq_wb,higher,4680-16026-0019,1,substitution-high,0.0022444725036627755,-0.0012488365173339844,0.00349330902099676
v2,pesq_wb,higher,4680-16026-0019,2,dropout-mid,0.8595447540283203,0.784083843231201,0.07546091079711936
v2,pesq_wb,higher,4680-16026-0019,2,dropout-high,0.41141462326049805,0.5920032262802124,-0.18058860301971436
v2,pesq_wb,higher,4680-16026-0019,2,substitution-mid,0.0,0.0,0.0
v2,pesq_wb,higher,4680-16026-0019,2,substitution-high,0.2325122356414795,0.09969973564147949,0.1328125
v2,pesq_wb,higher,4680-16026-0019,3,dropout-mid,0.6100261211395268,0.4612090587615967,0.14881706237793013
v2,pesq_wb,higher,4680-16026-0019,3,dropout-high,1.2300250530242924,1.1671907901763916,0.06283426284790083
v2,pesq_wb,higher,4680-16026-0019,3,substitution-mid,0.1141593456268315,0.0834963321685791,0.030663013458252397
v2,pesq_wb,higher,4680-16026-0019,3,substitution-high,0.4019780158996591,0.403605461120605,-0.0016274452209459334
v2,pesq_wb,higher,8098-278278-0035,1,dropout-mid,0.015550017356872559,0.01874101161956787,-0.0031909942626953125
v2,pesq_wb,higher,8098-278278-0035,1,dropout-high,0.06075823307037376,0.05522787570953369,0.005530357360840066
v2,pesq_wb,higher,8098-278278-0035,1,substitution-mid,0.009766459465026855,0.004143476486206055,0.005622982978820801
v2,pesq_wb,higher,8098-278278-0035,1,substitution-high,0.030556440353393777,0.04361152648925781,-0.013055086135864036
v2,pesq_wb,higher,8098-278278-0035,2,dropout-mid,0.09703767299652122,0.09332263469696045,0.003715038299560769
v2,pesq_wb,higher,8098-278278-0035,2,dropout-high,0.16070079803466797,0.16470825672149658,-0.004007458686828613
v2,pesq_wb,higher,8098-278278-0035,2,substitution-mid,0.0584256649017334,0.05304980278015137,0.005375862121582031
v2,pesq_wb,higher,8098-278278-0035,2,substitution-high,0.061152219772338645,0.08735871315002441,-0.02620649337768577
v2,pesq_wb,higher,8098-278278-0035,3,dropout-mid,0.15703940391540527,0.10295701026916504,0.054082393646240234
v2,pesq_wb,higher,8098-278278-0035,3,dropout-high,0.2707803249359133,0.20577144622802734,0.06500887870788596
v2,pesq_wb,higher,8098-278278-0035,3,substitution-mid,0.02603602409362793,0.01611328125,0.00992274284362793
v2,pesq_wb,higher,8098-278278-0035,3,substitution-high,0.10943007469177246,0.08048009872436501,0.02894997596740745
v2,stoi,higher,8838-298545-0037,1,dropout-mid,0.02238282492095689,0.016914308558094726,0.005468516362862164
v2,stoi,higher,8838-298545-0037,1,dropout-high,0.02649707920235178,0.018084823607243727,0.008412255595108054
v2,stoi,higher,8838-298545-0037,1,substitution-mid,0.00432975962557669,0.005245822069220418,-0.0009160624436437281
v2,stoi,higher,8838-298545-0037,1,substitution-high,0.025480822176229934,0.022252360700831253,0.0032284614753986807
v2,stoi,higher,8838-298545-0037,2,dropout-mid,0.01158146111554026,0.01261573517450787,-0.0010342740589676103
v2,stoi,higher,8838-298545-0037,2,dropout-high,0.03507733335029606,0.032713475498464595,0.0023638578518314635
v2,stoi,higher,8838-298545-0037,2,substitution-mid,0.005572884366159436,0.0027304246051910175,0.002842459760968419
v2,stoi,higher,8838-298545-0037,2,substitution-high,0.02317120676685125,0.024779184402043075,-0.0016079776351918262
v2,stoi,higher,8838-298545-0037,3,dropout-mid,0.02107073652396041,0.016614751290787377,0.004455985233173032
v2,stoi,higher,8838-298545-0037,3,dropout-high,0.044384593730132926,0.041422965011222,0.0029616287189109247
v2,stoi,higher,8838-298545-0037,3,substitution-mid,0.004232416419061469,0.003995332672357299,0.00023708374670416976
v2,stoi,higher,8838-298545-0037,3,substitution-high,0.012106188450503486,0.008214073469376637,0.0038921149811268485
v2,stoi,higher,5390-30102-0015,1,dropout-mid,0.00927498008537786,0.007717493976953205,0.001557486108424655
v2,stoi,higher,5390-30102-0015,1,dropout-high,0.028790580528693543,0.02427301960268413,0.004517560926009412
v2,stoi,higher,5390-30102-0015,1,substitution-mid,0.004244048327258443,0.004403717355077386,-0.00015966902781894277
v2,stoi,higher,5390-30102-0015,1,substitution-high,0.02052803340039311,0.02243569035670745,-0.0019076569563143408
v2,stoi,higher,5390-30102-0015,2,dropout-mid,0.014428012178625327,0.013919816308818778,0.0005081958698065492
v2,stoi,higher,5390-30102-0015,2,dropout-high,0.03537060318978236,0.03131951634708352,0.004051086842698837
v2,stoi,higher,5390-30102-0015,2,substitution-mid,0.005797496398203927,0.004320246507200198,0.001477249891003729
v2,stoi,higher,5390-30102-0015,2,substitution-high,0.020944206469804882,0.02153236580348583,-0.0005881593336809487
v2,stoi,higher,5390-30102-0015,3,dropout-mid,0.02043037150450233,0.018618936317314483,0.0018114351871878487
v2,stoi,higher,5390-30102-0015,3,dropout-high,0.03610901624017926,0.02963182058209779,0.006477195658081469
v2,stoi,higher,5390-30102-0015,3,substitution-mid,0.0038440424673303886,0.003928863234424429,-8.48207670940404e-05
v2,stoi,higher,5390-30102-0015,3,substitution-high,0.025325768815226746,0.023538543394724942,0.0017872254205018034
v2,stoi,higher,4018-103416-0033,1,dropout-mid,0.013904381306419689,0.010679225828467476,0.003225155477952213
v2,stoi,higher,4018-103416-0033,1,dropout-high,0.030522913309129374,0.03437730733214284,-0.0038543940230134632
v2,stoi,higher,4018-103416-0033,1,substitution-mid,0.006316105993056542,0.004196697799937588,0.0021194081931189546
v2,stoi,higher,4018-103416-0033,1,substitution-high,0.029674853637880583,0.02528500022191371,0.004389853415966871
v2,stoi,higher,4018-103416-0033,2,dropout-mid,0.014631239977040966,0.012150646169896362,0.0024805938071446043
v2,stoi,higher,4018-103416-0033,2,dropout-high,0.03505545774706198,0.02768144258925842,0.0073740151578035595
v2,stoi,higher,4018-103416-0033,2,substitution-mid,0.0053694689248211525,0.008182434329547794,-0.0028129654047266417
v2,stoi,higher,4018-103416-0033,2,substitution-high,0.020903662147503277,0.01887773976523266,0.0020259223822706174
v2,stoi,higher,4018-103416-0033,3,dropout-mid,0.012475359395488828,0.01365311062971064,-0.0011777512342218133
v2,stoi,higher,4018-103416-0033,3,dropout-high,0.047893661562168566,0.04317490134694735,0.004718760215221218
v2,stoi,higher,4018-103416-0033,3,substitution-mid,0.008013245331493501,0.007908683577116604,0.0001045617543768973
v2,stoi,higher,4018-103416-0033,3,substitution-high,0.023881747396120923,0.022792553447820163,0.0010891939483007596
v2,stoi,higher,1737-148989-0006,1,dropout-mid,0.005641458530080801,0.0011092153103526847,0.004532243219728116
v2,stoi,higher,1737-148989-0006,1,dropout-high,0.021850054432734023,0.015204791837270082,0.006645262595463941
v2,stoi,higher,1737-148989-0006,1,substitution-mid,0.00020750120709400743,0.00032369234800300184,-0.0001161911409089944
v2,stoi,higher,1737-148989-0006,1,substitution-high,0.011963014006665107,0.009448581021370361,0.0025144329852947456
v2,stoi,higher,1737-148989-0006,2,dropout-mid,0.010770402318371008,0.005550250467442286,0.005220151850928723
v2,stoi,higher,1737-148989-0006,2,dropout-high,0.03452961060743209,0.025951772862079836,0.008577837745352257
v2,stoi,higher,1737-148989-0006,2,substitution-mid,0.01471907773501524,0.015305480850607678,-0.0005864031155924376
v2,stoi,higher,1737-148989-0006,2,substitution-high,0.011043926838549156,0.013836724289914337,-0.002792797451365181
v2,stoi,higher,1737-148989-0006,3,dropout-mid,0.01856191674872576,0.011735788879148834,0.006826127869576926
v2,stoi,higher,1737-148989-0006,3,dropout-high,0.042337875440143447,0.03369643039930659,0.00864144504083686
v2,stoi,higher,1737-148989-0006,3,substitution-mid,0.006496667594358185,0.009316907880936753,-0.002820240286578568
v2,stoi,higher,1737-148989-0006,3,substitution-high,0.03304802005148333,0.02122504541636483,0.0118229746351185
v2,stoi,higher,1455-138263-0040,1,dropout-mid,0.010426627977892844,0.011605226465492224,-0.0011785984875993805
v2,stoi,higher,1455-138263-0040,1,dropout-high,0.030364862029210293,0.020407711511678084,0.00995715051753221
v2,stoi,higher,1455-138263-0040,1,substitution-mid,0.012879017092888523,0.01506534945098692,-0.0021863323580983973
v2,stoi,higher,1455-138263-0040,1,substitution-high,0.00997440293244023,0.011430725874730374,-0.0014563229422901447
v2,stoi,higher,1455-138263-0040,2,dropout-mid,0.02208596776057059,0.02191895857699977,0.00016700918357082095
v2,stoi,higher,1455-138263-0040,2,dropout-high,0.04231413979156173,0.0317310911876697,0.010583048603892031
v2,stoi,higher,1455-138263-0040,2,substitution-mid,0.006443747195891691,0.007460204570872597,-0.0010164573749809058
v2,stoi,higher,1455-138263-0040,2,substitution-high,0.023711685465729437,0.025050273670856993,-0.0013385882051275555
v2,stoi,higher,1455-138263-0040,3,dropout-mid,0.022649026356585167,0.02029039336005356,0.0023586329965316066
v2,stoi,higher,1455-138263-0040,3,dropout-high,0.035148930360283326,0.02849345278995996,0.006655477570323365
v2,stoi,higher,1455-138263-0040,3,substitution-mid,0.005198416514961002,0.008671445163523361,-0.0034730286485623596
v2,stoi,higher,1455-138263-0040,3,substitution-high,0.02594665297627452,0.02722640925268327,-0.00127975627640875
v2,stoi,higher,311-124404-0119,1,dropout-mid,0.0016036224553160894,0.0024113470162256956,-0.0008077245609096062
v2,stoi,higher,311-124404-0119,1,dropout-high,0.025989171231933117,0.02116538476049412,0.0048237864714389955
v2,stoi,higher,311-124404-0119,1,substitution-mid,0.0006911957887537623,0.0019053803845009432,-0.0012141845957471809
v2,stoi,higher,311-124404-0119,1,substitution-high,0.01488221230191522,0.011085694043367678,0.003796518258547543
v2,stoi,higher,311-124404-0119,2,dropout-mid,0.00966815524241793,0.009101940025827204,0.0005662152165907264
v2,stoi,higher,311-124404-0119,2,dropout-high,0.040001649073000856,0.024057851475750902,0.015943797597249953
v2,stoi,higher,311-124404-0119,2,substitution-mid,0.013205907222227586,0.00849838752943044,0.004707519692797146
v2,stoi,higher,311-124404-0119,2,substitution-high,0.02044035226923524,0.03407416244637296,-0.013633810177137717
v2,stoi,higher,311-124404-0119,3,dropout-mid,0.02024768987072534,0.008486465084108885,0.011761224786616453
v2,stoi,higher,311-124404-0119,3,dropout-high,0.0387153811709694,0.027925005885628185,0.010790375285341214
v2,stoi,higher,311-124404-0119,3,substitution-mid,0.006267652598159867,0.005625526696919403,0.0006421259012404645
v2,stoi,higher,311-124404-0119,3,substitution-high,0.025777765550093812,0.03091532769889538,-0.005137562148801567
v2,stoi,higher,4680-16026-0019,1,dropout-mid,0.01716293928271495,0.012681584690714565,0.004481354592000386
v2,stoi,higher,4680-16026-0019,1,dropout-high,0.06918730455830457,0.04393318995642881,0.025254114601875766
v2,stoi,higher,4680-16026-0019,1,substitution-mid,0.0,0.0,0.0
v2,stoi,higher,4680-16026-0019,1,substitution-high,5.139687877653287e-05,0.0007473233012247338,-0.0006959264224482009
v2,stoi,higher,4680-16026-0019,2,dropout-mid,0.026403250718415316,0.026502201095414235,-9.895037699891862e-05
v2,stoi,higher,4680-16026-0019,2,dropout-high,0.005385847605980598,0.028148049139156472,-0.022762201533175874
v2,stoi,higher,4680-16026-0019,2,substitution-mid,0.0,0.0,0.0
v2,stoi,higher,4680-16026-0019,2,substitution-high,0.027776630940446356,0.017757666258843563,0.010018964681602793
v2,stoi,higher,4680-16026-0019,3,dropout-mid,0.02119050732332939,0.023799998096836195,-0.0026094907735068062
v2,stoi,higher,4680-16026-0019,3,dropout-high,0.05271228461443944,0.03666035016653957,0.016051934447899874
v2,stoi,higher,4680-16026-0019,3,substitution-mid,0.012458548274652204,0.012153794598054768,0.0003047536765974357
v2,stoi,higher,4680-16026-0019,3,substitution-high,0.00803088803922225,0.0023728428183104056,0.005658045220911845
v2,stoi,higher,8098-278278-0035,1,dropout-mid,0.012193351585040313,0.006023292227044563,0.00617005935799575
v2,stoi,higher,8098-278278-0035,1,dropout-high,0.019654344730684725,0.016419761220798135,0.0032345835098865905
v2,stoi,higher,8098-278278-0035,1,substitution-mid,0.0018670274212555515,0.003017761485940351,-0.0011507340646847997
v2,stoi,higher,8098-278278-0035,1,substitution-high,0.016981795880795736,0.020355267506318442,-0.003373471625522706
v2,stoi,higher,8098-278278-0035,2,dropout-mid,0.015259958153456155,0.014539879336494255,0.0007200788169618999
v2,stoi,higher,8098-278278-0035,2,dropout-high,0.029701201723575044,0.025643340792360858,0.0040578609312141856
v2,stoi,higher,8098-278278-0035,2,substitution-mid,0.012412954080011751,0.011072639059899858,0.001340315020111893
v2,stoi,higher,8098-278278-0035,2,substitution-high,0.015148922652512442,0.014244791052260175,0.000904131600252267
v2,stoi,higher,8098-278278-0035,3,dropout-mid,0.019128326759673797,0.01413157852472513,0.004996748234948667
v2,stoi,higher,8098-278278-0035,3,dropout-high,0.03562982239997414,0.03215717246335237,0.0034726499366217745
v2,stoi,higher,8098-278278-0035,3,substitution-mid,0.004061385566697551,0.0037559960132658166,0.00030538955343173413
v2,stoi,higher,8098-278278-0035,3,substitution-high,0.013664284022336437,0.017082766477752087,-0.00341848245541565
v2,si_snr_db,higher,8838-298545-0037,1,dropout-mid,1.2156994558585463,0.880467214046531,0.3352322418120153
v2,si_snr_db,higher,8838-298545-0037,1,dropout-high,1.648817785935826,1.5319297134632741,0.11688807247255184
v2,si_snr_db,higher,8838-298545-0037,1,substitution-mid,0.21519256314621504,0.19864958191516457,0.01654298123105047
v2,si_snr_db,higher,8838-298545-0037,1,substitution-high,0.4067819372830863,0.43025856637796256,-0.023476629094876245
v2,si_snr_db,higher,8838-298545-0037,2,dropout-mid,0.9515793055089115,0.7105500439624195,0.24102926154649196
v2,si_snr_db,higher,8838-298545-0037,2,dropout-high,1.214280287278661,1.395074620386612,-0.1807943331079509
v2,si_snr_db,higher,8838-298545-0037,2,substitution-mid,0.2890151043823723,0.3475422553136021,-0.05852715093122979
v2,si_snr_db,higher,8838-298545-0037,2,substitution-high,0.5065530479817558,0.5785393955773989,-0.07198634759564304
v2,si_snr_db,higher,8838-298545-0037,3,dropout-mid,0.8801307009114525,0.7385848971361904,0.14154580377526216
v2,si_snr_db,higher,8838-298545-0037,3,dropout-high,2.4167320831605803,2.7266977334917493,-0.30996565033116896
v2,si_snr_db,higher,8838-298545-0037,3,substitution-mid,0.10211058104459081,0.03816223024316612,0.06394835080142469
v2,si_snr_db,higher,8838-298545-0037,3,substitution-high,0.5784249820885603,0.40435225316721746,0.17407272892134285
v2,si_snr_db,higher,5390-30102-0015,1,dropout-mid,0.3779985346312271,0.5743418773909088,-0.19634334275968168
v2,si_snr_db,higher,5390-30102-0015,1,dropout-high,1.6461075027300067,1.3385790998281113,0.3075284029018954
v2,si_snr_db,higher,5390-30102-0015,1,substitution-mid,0.050591886255217045,-0.008687416563630812,0.05927930281884786
v2,si_snr_db,higher,5390-30102-0015,1,substitution-high,0.7197133476394626,0.6121846645059055,0.10752868313355712
v2,si_snr_db,higher,5390-30102-0015,2,dropout-mid,1.0018338676776004,0.8803267269095174,0.121507140768083
v2,si_snr_db,higher,5390-30102-0015,2,dropout-high,2.886103674661808,2.21774003407197,0.6683636405898379
v2,si_snr_db,higher,5390-30102-0015,2,substitution-mid,0.2693782399586042,0.1698544114970384,0.09952382846156582
v2,si_snr_db,higher,5390-30102-0015,2,substitution-high,0.7109286881552848,0.5591710736992808,0.151757614456004
v2,si_snr_db,higher,5390-30102-0015,3,dropout-mid,1.2650572811677863,0.9702041136812016,0.29485316748658463
v2,si_snr_db,higher,5390-30102-0015,3,dropout-high,1.696102979858657,1.3632144069232235,0.3328885729354336
v2,si_snr_db,higher,5390-30102-0015,3,substitution-mid,0.07395048212162125,0.10458820123524726,-0.030637719113626005
v2,si_snr_db,higher,5390-30102-0015,3,substitution-high,1.110115657470661,0.968862373215732,0.141253284254929
v2,si_snr_db,higher,4018-103416-0033,1,dropout-mid,1.3449269035004798,0.945625130289512,0.3993017732109678
v2,si_snr_db,higher,4018-103416-0033,1,dropout-high,1.8630306242271848,1.6985795104185966,0.16445111380858823
v2,si_snr_db,higher,4018-103416-0033,1,substitution-mid,0.032186183073039,0.06831224052152796,-0.03612605744848896
v2,si_snr_db,higher,4018-103416-0033,1,substitution-high,0.5916504020773544,0.6315564424517639,-0.03990604037440948
v2,si_snr_db,higher,4018-103416-0033,2,dropout-mid,1.9856669623507561,2.091423882948005,-0.10575692059724906
v2,si_snr_db,higher,4018-103416-0033,2,dropout-high,3.6383716043262715,3.666328186212736,-0.027956581886464438
v2,si_snr_db,higher,4018-103416-0033,2,substitution-mid,0.2608401254941626,0.36747156235622214,-0.10663143686205956
v2,si_snr_db,higher,4018-103416-0033,2,substitution-high,0.7057848068611183,0.8706940751107832,-0.1649092682496649
v2,si_snr_db,higher,4018-103416-0033,3,dropout-mid,1.5221513622595095,1.2894926527632586,0.2326587094962509
v2,si_snr_db,higher,4018-103416-0033,3,dropout-high,3.431882528303323,3.095990536290684,0.3358919920126393
v2,si_snr_db,higher,4018-103416-0033,3,substitution-mid,0.4572658527464233,0.33862815575323335,0.11863769699318993
v2,si_snr_db,higher,4018-103416-0033,3,substitution-high,1.4909228035093607,1.4093450389764293,0.08157776453293142
v2,si_snr_db,higher,1737-148989-0006,1,dropout-mid,0.42896374789870606,0.10205855776560213,0.32690519013310393
v2,si_snr_db,higher,1737-148989-0006,1,dropout-high,2.228986818852146,2.8469543389440624,-0.6179675200919164
v2,si_snr_db,higher,1737-148989-0006,1,substitution-mid,0.0011580730069269407,0.013142122451323957,-0.011984049444397016
v2,si_snr_db,higher,1737-148989-0006,1,substitution-high,-0.15590745577514298,-0.1112128589626451,-0.04469459681249788
v2,si_snr_db,higher,1737-148989-0006,2,dropout-mid,0.5642978882794356,0.08550834999794787,0.47878953828148774
v2,si_snr_db,higher,1737-148989-0006,2,dropout-high,1.1475388253788186,1.6975356208972983,-0.5499967955184797
v2,si_snr_db,higher,1737-148989-0006,2,substitution-mid,0.25112494880185565,-0.025600221943994583,0.27672517074585024
v2,si_snr_db,higher,1737-148989-0006,2,substitution-high,0.07298938911472952,0.3879246784127215,-0.31493528929799197
v2,si_snr_db,higher,1737-148989-0006,3,dropout-mid,0.711905974979226,0.5789584413047617,0.13294753367446432
v2,si_snr_db,higher,1737-148989-0006,3,dropout-high,1.684329580649429,2.8612171082272795,-1.1768875275778505
v2,si_snr_db,higher,1737-148989-0006,3,substitution-mid,0.18750466420061862,0.23564683855044954,-0.048142174349830924
v2,si_snr_db,higher,1737-148989-0006,3,substitution-high,-0.06320308632419014,0.4323844030423398,-0.49558748936652997
v2,si_snr_db,higher,1455-138263-0040,1,dropout-mid,0.45544858644279174,0.5008720424145814,-0.04542345597178965
v2,si_snr_db,higher,1455-138263-0040,1,dropout-high,1.9173833250370311,1.8394835858711733,0.0778997391658578
v2,si_snr_db,higher,1455-138263-0040,1,substitution-mid,0.2666665543157105,0.40771026251563924,-0.14104370819992873
v2,si_snr_db,higher,1455-138263-0040,1,substitution-high,0.1970278316876115,0.004219137251475047,0.19280869443613646
v2,si_snr_db,higher,1455-138263-0040,2,dropout-mid,1.0525949368489962,1.0780676030238574,-0.025472666174861214
v2,si_snr_db,higher,1455-138263-0040,2,dropout-high,1.5948534245720691,1.9241628811293259,-0.32930945655725674
v2,si_snr_db,higher,1455-138263-0040,2,substitution-mid,0.12268395278606103,0.09709467241893588,0.025589280367125156
v2,si_snr_db,higher,1455-138263-0040,2,substitution-high,0.620639477369687,0.6513305981414437,-0.03069112077175662
v2,si_snr_db,higher,1455-138263-0040,3,dropout-mid,1.1543982692175265,1.2918498670163174,-0.1374515977987909
v2,si_snr_db,higher,1455-138263-0040,3,dropout-high,1.284183640737623,1.4143272205387922,-0.1301435798011692
v2,si_snr_db,higher,1455-138263-0040,3,substitution-mid,0.2208680762070392,0.2636975795496648,-0.042829503342625586
v2,si_snr_db,higher,1455-138263-0040,3,substitution-high,0.26169685914879404,0.558217624710605,-0.29652076556181095
v2,si_snr_db,higher,311-124404-0119,1,dropout-mid,0.10382723647026104,0.046175559932459365,0.05765167653780168
v2,si_snr_db,higher,311-124404-0119,1,dropout-high,4.223466827221479,1.3440735451405725,2.8793932820809065
v2,si_snr_db,higher,311-124404-0119,1,substitution-mid,0.0009839439572143505,-0.013833828565452677,0.014817772522667028
v2,si_snr_db,higher,311-124404-0119,1,substitution-high,1.1733997945894146,-0.04458691909204049,1.217986713681455
v2,si_snr_db,higher,311-124404-0119,2,dropout-mid,0.6615787862223337,0.4270951324531367,0.234483653769197
v2,si_snr_db,higher,311-124404-0119,2,dropout-high,3.7180153062767367,1.4407426243003048,2.2772726819764317
v2,si_snr_db,higher,311-124404-0119,2,substitution-mid,0.1844987276475829,0.1337059242247105,0.0507928034228724
v2,si_snr_db,higher,311-124404-0119,2,substitution-high,0.5118011211548865,1.3705123600842628,-0.8587112389293763
v2,si_snr_db,higher,311-124404-0119,3,dropout-mid,0.430423618036233,0.4092150953778641,0.021208522658368922
v2,si_snr_db,higher,311-124404-0119,3,dropout-high,2.399808440300681,1.5356182439101536,0.8641901963905274
v2,si_snr_db,higher,311-124404-0119,3,substitution-mid,0.05077559185772945,-0.030558307937830986,0.08133389979556044
v2,si_snr_db,higher,311-124404-0119,3,substitution-high,0.5372296149313127,0.49743196314238547,0.039797651788927246
v2,si_snr_db,higher,4680-16026-0019,1,dropout-mid,2.2337171485153293,1.8709267680646842,0.36279038045064516
v2,si_snr_db,higher,4680-16026-0019,1,dropout-high,4.37885450776678,4.850917605889365,-0.47206309812258507
v2,si_snr_db,higher,4680-16026-0019,1,substitution-mid,3.808263998139605e-05,4.122040640519575e-05,-3.137766423799704e-06
v2,si_snr_db,higher,4680-16026-0019,1,substitution-high,-0.00642374838475801,0.053398468878503524,-0.059822217263261535
v2,si_snr_db,higher,4680-16026-0019,2,dropout-mid,2.5303644807638097,4.516521454784414,-1.986156974020604
v2,si_snr_db,higher,4680-16026-0019,2,dropout-high,2.884672655975667,4.667008847695547,-1.78233619171988
v2,si_snr_db,higher,4680-16026-0019,2,substitution-mid,0.0,0.0,0.0
v2,si_snr_db,higher,4680-16026-0019,2,substitution-high,0.439083902271145,0.3103343832633789,0.1287495190077661
v2,si_snr_db,higher,4680-16026-0019,3,dropout-mid,2.7940993007814594,1.3431159114970206,1.4509833892844388
v2,si_snr_db,higher,4680-16026-0019,3,dropout-high,5.515872289530518,5.816623021126537,-0.30075073159601917
v2,si_snr_db,higher,4680-16026-0019,3,substitution-mid,0.8339565586642843,0.8534071483874754,-0.019450589723191136
v2,si_snr_db,higher,4680-16026-0019,3,substitution-high,0.48710070490309665,0.44729600496143185,0.0398046999416648
v2,si_snr_db,higher,8098-278278-0035,1,dropout-mid,0.7302976334561428,0.7187792980565693,0.011518335399573587
v2,si_snr_db,higher,8098-278278-0035,1,dropout-high,2.79060509364904,1.9747442389115069,0.815860854737533
v2,si_snr_db,higher,8098-278278-0035,1,substitution-mid,0.11365114818167399,0.10642300152935746,0.007228146652316525
v2,si_snr_db,higher,8098-278278-0035,1,substitution-high,0.47535340216431266,0.8877284299999602,-0.4123750278356475
v2,si_snr_db,higher,8098-278278-0035,2,dropout-mid,0.5260324669750682,0.4470474138082159,0.07898505316685234
v2,si_snr_db,higher,8098-278278-0035,2,dropout-high,1.6507120201914733,1.542816065743983,0.10789595444749045
v2,si_snr_db,higher,8098-278278-0035,2,substitution-mid,0.37288642745627393,0.2958571790185917,0.07702924843768222
v2,si_snr_db,higher,8098-278278-0035,2,substitution-high,0.3246634637586952,0.5422577729000423,-0.2175943091413471
v2,si_snr_db,higher,8098-278278-0035,3,dropout-mid,0.9428459352169852,1.0068334670933707,-0.0639875318763855
v2,si_snr_db,higher,8098-278278-0035,3,dropout-high,2.4882556604046515,2.6401132408744408,-0.15185758046978926
v2,si_snr_db,higher,8098-278278-0035,3,substitution-mid,0.09561413455443502,0.07342987081761909,0.022184263736815923
v2,si_snr_db,higher,8098-278278-0035,3,substitution-high,0.35797898166861464,0.4477986869499866,-0.08981970528137195
v2,corr,higher,8838-298545-0037,1,dropout-mid,0.05125266313552862,0.037739068269729614,0.013513594865799006
v2,corr,higher,8838-298545-0037,1,dropout-high,0.0688737034797669,0.064878910779953,0.003994792699813898
v2,corr,higher,8838-298545-0037,1,substitution-mid,0.009239524602890015,0.00860440731048584,0.0006351172924041748
v2,corr,higher,8838-298545-0037,1,substitution-high,0.017410695552825928,0.018574744462966974,-0.0011640489101410467
v2,corr,higher,8838-298545-0037,2,dropout-mid,0.03895193338394165,0.02929145097732544,0.009660482406616211
v2,corr,higher,8838-298545-0037,2,dropout-high,0.050038814544677734,0.05842941999435425,-0.008390605449676514
v2,corr,higher,8838-298545-0037,2,substitution-mid,0.011609554290771484,0.014189481735229492,-0.002579927444458008
v2,corr,higher,8838-298545-0037,2,substitution-high,0.020480692386627197,0.023768305778503418,-0.0032876133918762207
v2,corr,higher,8838-298545-0037,3,dropout-mid,0.03224623203277588,0.026502549648284912,0.005743682384490967
v2,corr,higher,8838-298545-0037,3,dropout-high,0.0937698483467102,0.10561257600784302,-0.011842727661132812
v2,corr,higher,8838-298545-0037,3,substitution-mid,0.003613889217376709,0.0013252496719360352,0.002288639545440674
v2,corr,higher,8838-298545-0037,3,substitution-high,0.020918607711791992,0.014289498329162598,0.0066291093826293945
v2,corr,higher,5390-30102-0015,1,dropout-mid,0.016584813594818115,0.024476498365402166,-0.007891684770584051
v2,corr,higher,5390-30102-0015,1,dropout-high,0.0710669755935669,0.05619770288467402,0.014869272708892878
v2,corr,higher,5390-30102-0015,1,substitution-mid,0.002226114273071289,-0.0003738701343536932,0.0025999844074249823
v2,corr,higher,5390-30102-0015,1,substitution-high,0.03146541118621826,0.0260714590549469,0.005393952131271362
v2,corr,higher,5390-30102-0015,2,dropout-mid,0.03993415832519531,0.03685420751571655,0.0030799508094787598
v2,corr,higher,5390-30102-0015,2,dropout-high,0.12048250436782837,0.09506064653396606,0.025421857833862305
v2,corr,higher,5390-30102-0015,2,substitution-mid,0.010480701923370361,0.006989181041717529,0.003491520881652832
v2,corr,higher,5390-30102-0015,2,substitution-high,0.02807861566543579,0.023236572742462158,0.004842042922973633
v2,corr,higher,5390-30102-0015,3,dropout-mid,0.04523354768753052,0.03594517707824707,0.009288370609283447
v2,corr,higher,5390-30102-0015,3,dropout-high,0.06178373098373413,0.05129671096801758,0.010487020015716553
v2,corr,higher,5390-30102-0015,3,substitution-mid,0.0024973154067993164,0.003732144832611084,-0.0012348294258117676
v2,corr,higher,5390-30102-0015,3,substitution-high,0.039418041706085205,0.03589349985122681,0.0035245418548583984
v2,corr,higher,4018-103416-0033,1,dropout-mid,0.05667412281036377,0.040396690368652344,0.016277432441711426
v2,corr,higher,4018-103416-0033,1,dropout-high,0.07924103736877441,0.07336729764938354,0.005873739719390869
v2,corr,higher,4018-103416-0033,1,substitution-mid,0.0013145208358764648,0.002867758274078369,-0.0015532374382019043
v2,corr,higher,4018-103416-0033,1,substitution-high,0.024519622325897217,0.026826858520507812,-0.0023072361946105957
v2,corr,higher,4018-103416-0033,2,dropout-mid,0.05793064832687378,0.06250005960464478,-0.004569411277770996
v2,corr,higher,4018-103416-0033,2,dropout-high,0.11669301986694336,0.11957216262817383,-0.0028791427612304688
v2,corr,higher,4018-103416-0033,2,substitution-mid,0.0067899227142333984,0.009828269481658936,-0.003038346767425537
v2,corr,higher,4018-103416-0033,2,substitution-high,0.018944203853607178,0.024087846279144287,-0.005143642425537109
v2,corr,higher,4018-103416-0033,3,dropout-mid,0.03242087364196777,0.028964996337890625,0.0034558773040771484
v2,corr,higher,4018-103416-0033,3,dropout-high,0.08467370271682739,0.07954210042953491,0.0051316022872924805
v2,corr,higher,4018-103416-0033,3,substitution-mid,0.00892561674118042,0.007054388523101807,0.0018712282180786133
v2,corr,higher,4018-103416-0033,3,substitution-high,0.03167581558227539,0.03195303678512573,-0.0002772212028503418
v2,corr,higher,1737-148989-0006,1,dropout-mid,0.005946144461631803,0.0012536495923995972,0.0046924948692322055
v2,corr,higher,1737-148989-0006,1,dropout-high,0.028036683797836304,0.030122429132461506,-0.0020857453346252025
v2,corr,higher,1737-148989-0006,1,substitution-mid,1.6435980796813965e-05,0.00016222894191740556,-0.0001457929611205916
v2,corr,higher,1737-148989-0006,1,substitution-high,-0.0022314637899398804,-0.0013823732733726918,-0.0008490905165671886
v2,corr,higher,1737-148989-0006,2,dropout-mid,0.010002836585044889,0.0015828907489776889,0.0084199458360672
v2,corr,higher,1737-148989-0006,2,dropout-high,0.019725665450096103,0.028873026371002197,-0.009147360920906095
v2,corr,higher,1737-148989-0006,2,substitution-mid,0.004525795578956604,-0.00047670304775232486,0.005002498626708929
v2,corr,higher,1737-148989-0006,2,substitution-high,0.0013279020786284845,0.007067486643791199,-0.005739584565162714
v2,corr,higher,1737-148989-0006,3,dropout-mid,0.015548780560493497,0.0113472491502761,0.004201531410217396
v2,corr,higher,1737-148989-0006,3,dropout-high,0.03502859175205231,0.0498606413602829,-0.01483204960823059
v2,corr,higher,1737-148989-0006,3,substitution-mid,0.004204913973808289,0.004701480269431985,-0.000496566295623696
v2,corr,higher,1737-148989-0006,3,substitution-high,-0.0014353245496750155,0.00853906571865079,-0.009974390268325806
v2,corr,higher,1455-138263-0040,1,dropout-mid,0.016230791807174683,0.014600306749343928,0.001630485057830755
v2,corr,higher,1455-138263-0040,1,dropout-high,0.06467333436012268,0.05047659575939181,0.014196738600730868
v2,corr,higher,1455-138263-0040,1,substitution-mid,0.009567707777023315,0.011933952569961603,-0.002366244792938288
v2,corr,higher,1455-138263-0040,1,substitution-high,0.007086664438247681,0.00012576580047612973,0.006960898637771551
v2,corr,higher,1455-138263-0040,2,dropout-mid,0.046282947063446045,0.04613649845123291,0.00014644861221313477
v2,corr,higher,1455-138263-0040,2,dropout-high,0.06973057985305786,0.08101177215576172,-0.011281192302703857
v2,corr,higher,1455-138263-0040,2,substitution-mid,0.005427241325378418,0.004217565059661865,0.0012096762657165527
v2,corr,higher,1455-138263-0040,2,substitution-high,0.027382969856262207,0.028071016073226984,-0.0006880462169647772
v2,corr,higher,1455-138263-0040,3,dropout-mid,0.051090896129608154,0.05716627836227417,-0.006075382232666016
v2,corr,higher,1455-138263-0040,3,dropout-high,0.05683094263076782,0.06255990266799927,-0.005728960037231445
v2,corr,higher,1455-138263-0040,3,substitution-mid,0.009751200675964355,0.011670231819152832,-0.0019190311431884766
v2,corr,higher,1455-138263-0040,3,substitution-high,0.011556267738342285,0.024719536304473877,-0.013163268566131592
v2,corr,higher,311-124404-0119,1,dropout-mid,0.003149241209030096,0.00115986168384552,0.001989379525184576
v2,corr,higher,311-124404-0119,1,dropout-high,0.10638272762298578,0.03169618546962741,0.07468654215335838
v2,corr,higher,311-124404-0119,1,substitution-mid,2.9981136321965973e-05,-0.0003485232591628751,0.00037850439548484105
v2,corr,higher,311-124404-0119,1,substitution-high,0.03395587205886835,-0.0011249482631682794,0.03508082032203663
v2,corr,higher,311-124404-0119,2,dropout-mid,0.029174864292144775,0.018757283687591553,0.010417580604553223
v2,corr,higher,311-124404-0119,2,dropout-high,0.16228365898132324,0.06361240148544312,0.09867125749588013
v2,corr,higher,311-124404-0119,2,substitution-mid,0.008109509944915771,0.005856215953826904,0.002253293991088867
v2,corr,higher,311-124404-0119,2,substitution-high,0.022549986839294434,0.06050145626068115,-0.03795146942138672
v2,corr,higher,311-124404-0119,3,dropout-mid,0.017294347286224365,0.016532301902770996,0.0007620453834533691
v2,corr,higher,311-124404-0119,3,dropout-high,0.10107433795928955,0.06386959552764893,0.037204742431640625
v2,corr,higher,311-124404-0119,3,substitution-mid,0.0020159482955932617,-0.0012179017066955566,0.0032338500022888184
v2,corr,higher,311-124404-0119,3,substitution-high,0.021655142307281494,0.020148098468780518,0.0015070438385009766
v2,corr,higher,4680-16026-0019,1,dropout-mid,0.09613549709320068,0.0817059874534607,0.01442950963973999
v2,corr,higher,4680-16026-0019,1,dropout-high,0.19065934419631958,0.21119275689125067,-0.020533412694931086
v2,corr,higher,4680-16026-0019,1,substitution-mid,1.6093254089355469e-06,1.6689300537109375e-06,-5.960464477539063e-08
v2,corr,higher,4680-16026-0019,1,substitution-high,-0.00026470422744750977,0.0022758841514587402,-0.00254058837890625
v2,corr,higher,4680-16026-0019,2,dropout-mid,0.08359408378601074,0.16915470361709595,-0.0855606198310852
v2,corr,higher,4680-16026-0019,2,dropout-high,0.09699708223342896,0.17564153671264648,-0.07864445447921753
v2,corr,higher,4680-16026-0019,2,substitution-mid,0.0,0.0,0.0
v2,corr,higher,4680-16026-0019,2,substitution-high,0.012878894805908203,0.009555399417877197,0.003323495388031006
v2,corr,higher,4680-16026-0019,3,dropout-mid,0.06894510984420776,0.03529733419418335,0.033647775650024414
v2,corr,higher,4680-16026-0019,3,dropout-high,0.16271060705184937,0.19720745086669922,-0.034496843814849854
v2,corr,higher,4680-16026-0019,3,substitution-mid,0.01769888401031494,0.02166879177093506,-0.003969907760620117
v2,corr,higher,4680-16026-0019,3,substitution-high,0.01005256175994873,0.01102977991104126,-0.0009772181510925293
v2,corr,higher,8098-278278-0035,1,dropout-mid,0.018885463476181003,0.024174839258193914,-0.005289375782012912
v2,corr,higher,8098-278278-0035,1,dropout-high,0.0653911828994751,0.06314688920974731,0.002244293689727783
v2,corr,higher,8098-278278-0035,1,substitution-mid,0.0030259490013122003,0.003664791584014837,-0.0006388425827026367
v2,corr,higher,8098-278278-0035,1,substitution-high,0.012442007660865811,0.029659599065780584,-0.017217591404914773
v2,corr,higher,8098-278278-0035,2,dropout-mid,0.02188354730606079,0.018500685691833496,0.003382861614227295
v2,corr,higher,8098-278278-0035,2,dropout-high,0.070254385471344,0.0653718113899231,0.0048825740814208984
v2,corr,higher,8098-278278-0035,2,substitution-mid,0.015454530715942383,0.01219642162322998,0.0032581090927124023
v2,corr,higher,8098-278278-0035,2,substitution-high,0.013439655303955078,0.022493839263916016,-0.009054183959960938
v2,corr,higher,8098-278278-0035,3,dropout-mid,0.0367504358291626,0.03810220956802368,-0.001351773738861084
v2,corr,higher,8098-278278-0035,3,dropout-high,0.10145294666290283,0.10540682077407837,-0.003953874111175537
v2,corr,higher,8098-278278-0035,3,substitution-mid,0.0036122798919677734,0.002674579620361328,0.0009377002716064453
v2,corr,higher,8098-278278-0035,3,substitution-high,0.013662397861480713,0.01657325029373169,-0.0029108524322509766
v2,wave_l1,lower,8838-298545-0037,1,dropout-mid,0.0010413564741611966,0.000975269824266406,6.608664989479068e-05
v2,wave_l1,lower,8838-298545-0037,1,dropout-high,0.0017073526978492945,0.0015958882868290017,0.00011146441102029281
v2,wave_l1,lower,8838-298545-0037,1,substitution-mid,0.00018171221017839606,0.0002054013311863015,-2.3689121007905434e-05
v2,wave_l1,lower,8838-298545-0037,1,substitution-high,0.0004345290362835,0.0004542395472527036,-1.971051096920362e-05
v2,wave_l1,lower,8838-298545-0037,2,dropout-mid,0.0014605727046727995,0.0009349882602691026,0.000525584444403697
v2,wave_l1,lower,8838-298545-0037,2,dropout-high,0.002144834026694298,0.0021149478852748003,2.9886141419497442e-05
v2,wave_l1,lower,8838-298545-0037,2,substitution-mid,0.000556502491235799,0.0004894919693470001,6.701052188879883e-05
v2,wave_l1,lower,8838-298545-0037,2,substitution-high,0.001025078818201998,0.0010244529694318008,6.258487701971127e-07
v2,wave_l1,lower,8838-298545-0037,3,dropout-mid,0.0014784131199121024,0.0012921150773764004,0.00018629804253570206
v2,wave_l1,lower,8838-298545-0037,3,dropout-high,0.0036411378532648017,0.003958117216825503,-0.00031697936356070086
v2,wave_l1,lower,8838-298545-0037,3,substitution-mid,0.00019614957273000194,0.00011698529124260296,7.916428148739899e-05
v2,wave_l1,lower,8838-298545-0037,3,substitution-high,0.0009388383477926011,0.0006059780716896022,0.0003328602761029989
v2,wave_l1,lower,5390-30102-0015,1,dropout-mid,0.0003637131303549021,0.0004024580121040969,-3.874488174919477e-05
v2,wave_l1,lower,5390-30102-0015,1,dropout-high,0.001583313569426599,0.0011859983205795982,0.0003973152488470008
v2,wave_l1,lower,5390-30102-0015,1,substitution-mid,6.677024066450293e-05,3.2685697078697895e-05,3.408454358580504e-05
v2,wave_l1,lower,5390-30102-0015,1,substitution-high,0.0006279777735472003,0.0004895552992821017,0.00013842247426509857
v2,wave_l1,lower,5390-30102-0015,2,dropout-mid,0.0015265103429555997,0.0012126658111810996,0.00031384453177450006
v2,wave_l1,lower,5390-30102-0015,2,dropout-high,0.0036678761243820017,0.002754306420683899,0.0009135697036981028
v2,wave_l1,lower,5390-30102-0015,2,substitution-mid,0.00027576647698879936,0.0001710262149572997,0.00010474026203149966
v2,wave_l1,lower,5390-30102-0015,2,substitution-high,0.0010317750275135006,0.0007453914731740986,0.00028638355433940194
v2,wave_l1,lower,5390-30102-0015,3,dropout-mid,0.0018477179110049993,0.0016104150563478019,0.00023730285465719744
v2,wave_l1,lower,5390-30102-0015,3,dropout-high,0.0028583165258169,0.0021964143961668015,0.0006619021296500986
v2,wave_l1,lower,5390-30102-0015,3,substitution-mid,0.0002486482262611979,0.0002549067139625029,-6.258487701304993e-06
v2,wave_l1,lower,5390-30102-0015,3,substitution-high,0.001669276505708698,0.0014679804444313015,0.00020129606127739647
v2,wave_l1,lower,4018-103416-0033,1,dropout-mid,0.002465810626745203,0.0016290731728077004,0.0008367374539375028
v2,wave_l1,lower,4018-103416-0033,1,dropout-high,0.0032787248492241045,0.0028985179960726998,0.0003802068531514047
v2,wave_l1,lower,4018-103416-0033,1,substitution-mid,0.00015951693058010447,0.0001957863569259019,-3.626942634579744e-05
v2,wave_l1,lower,4018-103416-0033,1,substitution-high,0.0013244599103928029,0.0014455914497375003,-0.00012113153934469739
v2,wave_l1,lower,4018-103416-0033,2,dropout-mid,0.0028676576912403003,0.0029231496155261993,-5.549192428589908e-05
v2,wave_l1,lower,4018-103416-0033,2,dropout-high,0.006464581936597796,0.006120488047599803,0.00034409388899799345
v2,wave_l1,lower,4018-103416-0033,2,substitution-mid,0.0005303826183080985,0.0006769709289074013,-0.0001465883105993028
v2,wave_l1,lower,4018-103416-0033,2,substitution-high,0.0013962592929601982,0.0016024056822061018,-0.00020614638924590367
v2,wave_l1,lower,4018-103416-0033,3,dropout-mid,0.002632739022374101,0.0023411847651003993,0.00029155425727370177
v2,wave_l1,lower,4018-103416-0033,3,dropout-high,0.006226852536201501,0.005710138007998401,0.0005167145282031008
v2,wave_l1,lower,4018-103416-0033,3,substitution-mid,0.0008127950131892984,0.0007046330720185991,0.00010816194117069938
v2,wave_l1,lower,4018-103416-0033,3,substitution-high,0.0022611487656831984,0.002264808863401399,-3.6600977182006666e-06
v2,wave_l1,lower,1737-148989-0006,1,dropout-mid,0.0003312751650809999,6.36242330073998e-05,0.0002676509320736001
v2,wave_l1,lower,1737-148989-0006,1,dropout-high,0.00017549842596049914,0.0003648344427346975,-0.00018933601677419837
v2,wave_l1,lower,1737-148989-0006,1,substitution-mid,5.234032868992045e-07,5.196779966399473e-06,-4.6733766795002685e-06
v2,wave_l1,lower,1737-148989-0006,1,substitution-high,-9.154155850410114e-05,-4.1661784052800244e-05,-4.98797744513009e-05
v2,wave_l1,lower,1737-148989-0006,2,dropout-mid,0.0004491917788982981,0.0002284590154886003,0.00022073276340969783
v2,wave_l1,lower,1737-148989-0006,2,dropout-high,0.0005724560469388996,0.0004417318850756004,0.00013072416186329927
v2,wave_l1,lower,1737-148989-0006,2,substitution-mid,6.170198321350101e-05,6.45723193884e-05,-2.8703361748989853e-06
v2,wave_l1,lower,1737-148989-0006,2,substitution-high,0.00015367567539219945,0.00015210360288619995,1.5720725059995e-06
v2,wave_l1,lower,1737-148989-0006,3,dropout-mid,0.0007508564740420012,0.00034245476126670144,0.0004084017127752998
v2,wave_l1,lower,1737-148989-0006,3,dropout-high,0.0011999066919089023,0.0009635500609875003,0.000236356630921402
v2,wave_l1,lower,1737-148989-0006,3,substitution-mid,6.518699228770172e-05,0.00010367482900620201,-3.8487836718500285e-05
v2,wave_l1,lower,1737-148989-0006,3,substitution-high,0.0003019329160451993,0.0001498106867075001,0.0001521222293376992
v2,wave_l1,lower,1455-138263-0040,1,dropout-mid,0.0003294311463832994,0.00026912428438670075,6.0306861996598654e-05
v2,wave_l1,lower,1455-138263-0040,1,dropout-high,0.0012649204581976006,0.0009835828095675,0.0002813376486301006
v2,wave_l1,lower,1455-138263-0040,1,substitution-mid,0.00016427785158159777,0.0001806877553463017,-1.6409903764703915e-05
v2,wave_l1,lower,1455-138263-0040,1,substitution-high,2.3189932107998273e-05,-4.2008236050598835e-05,6.519816815859711e-05
v2,wave_l1,lower,1455-138263-0040,2,dropout-mid,0.0011391006410122022,0.0011235177516937013,1.558288931850088e-05
v2,wave_l1,lower,1455-138263-0040,2,dropout-high,0.0019432790577411027,0.002111312001943602,-0.00016803294420249942
v2,wave_l1,lower,1455-138263-0040,2,substitution-mid,0.00022585690021510035,0.00017799437046049985,4.786252975460051e-05
v2,wave_l1,lower,1455-138263-0040,2,substitution-high,0.0005855821073055024,0.0005754511803389012,1.0130926966601256e-05
v2,wave_l1,lower,1455-138263-0040,3,dropout-mid,0.0014902800321579014,0.0015787407755852023,-8.84607434273009e-05
v2,wave_l1,lower,1455-138263-0040,3,dropout-high,0.002261683344841,0.0017854124307633001,0.0004762709140776998
v2,wave_l1,lower,1455-138263-0040,3,substitution-mid,0.00021226704120630088,0.000300174579024301,-8.790753781800012e-05
v2,wave_l1,lower,1455-138263-0040,3,substitution-high,0.0004424899816513027,0.000778356567025202,-0.0003358665853738993
v2,wave_l1,lower,311-124404-0119,1,dropout-mid,7.84974545240992e-05,-4.73484396929999e-06,8.323229849339919e-05
v2,wave_l1,lower,311-124404-0119,1,dropout-high,0.0009458996355534016,0.000385507941245998,0.0005603916943074036
v2,wave_l1,lower,311-124404-0119,1,substitution-mid,-3.132969140999531e-06,-2.5548040866803234e-05,2.2415071725803704e-05
v2,wave_l1,lower,311-124404-0119,1,substitution-high,0.00035230442881590066,5.101226270199863e-05,0.000301292166113902
v2,wave_l1,lower,311-124404-0119,2,dropout-mid,0.0006196973845362993,0.0003478974103927994,0.0002717999741434999
v2,wave_l1,lower,311-124404-0119,2,dropout-high,0.0015418501570821,0.0007625157013536003,0.0007793344557284997
v2,wave_l1,lower,311-124404-0119,2,substitution-mid,0.00011033937335019894,0.00013460591435430005,-2.426654100410111e-05
v2,wave_l1,lower,311-124404-0119,2,substitution-high,0.0005861409008502995,0.0010872632265090994,-0.0005011223256588
v2,wave_l1,lower,311-124404-0119,3,dropout-mid,0.0006549349054694002,0.00046993978321560083,0.0001849951222537994
v2,wave_l1,lower,311-124404-0119,3,dropout-high,0.0020665619522333006,0.0013782791793346995,0.0006882827728986012
v2,wave_l1,lower,311-124404-0119,3,substitution-mid,8.220504969360005e-05,5.048513412480096e-05,3.171991556879909e-05
v2,wave_l1,lower,311-124404-0119,3,substitution-high,0.0006112307310104006,0.0005823830142618006,2.8847716748599955e-05
v2,wave_l1,lower,4680-16026-0019,1,dropout-mid,0.0019037611782550985,0.0015785675495862996,0.000325193628668799
v2,wave_l1,lower,4680-16026-0019,1,dropout-high,0.005492249503731797,0.006302567198872504,-0.0008103176951407068
v2,wave_l1,lower,4680-16026-0019,1,substitution-mid,3.080815076897392e-06,6.066635251000124e-06,-2.9858201741027324e-06
v2,wave_l1,lower,4680-16026-0019,1,substitution-high,-7.111579179701344e-06,0.00021854601800440007,-0.00022565759718410142
v2,wave_l1,lower,4680-16026-0019,2,dropout-mid,0.0036073029041290006,0.005085429176688201,-0.0014781262725592006
v2,wave_l1,lower,4680-16026-0019,2,dropout-high,0.0036118477582931,0.004846667870879201,-0.0012348201125861012
v2,wave_l1,lower,4680-16026-0019,2,substitution-mid,0.0,0.0,0.0
v2,wave_l1,lower,4680-16026-0019,2,substitution-high,0.0010563097894191013,0.001097824424505199,-4.1514635086097734e-05
v2,wave_l1,lower,4680-16026-0019,3,dropout-mid,0.0036565698683261975,0.0022806040942668984,0.0013759657740592991
v2,wave_l1,lower,4680-16026-0019,3,dropout-high,0.006915962323546399,0.007976260036230098,-0.0010602977126836985
v2,wave_l1,lower,4680-16026-0019,3,substitution-mid,0.0009724237024783984,0.0011588297784327975,-0.0001864060759543991
v2,wave_l1,lower,4680-16026-0019,3,substitution-high,0.0009360238909720993,0.0008989162743090993,3.710761666299994e-05
v2,wave_l1,lower,8098-278278-0035,1,dropout-mid,0.0006822049617767056,0.0006810240447521002,1.1809170246054879e-06
v2,wave_l1,lower,8098-278278-0035,1,dropout-high,0.001375935971736901,0.0013360828161239,3.985315561300107e-05
v2,wave_l1,lower,8098-278278-0035,1,substitution-mid,0.0001073181629181047,9.549036622039792e-05,1.1827796697706783e-05
v2,wave_l1,lower,8098-278278-0035,1,substitution-high,0.00025994703173640166,0.0007892288267611972,-0.0005292817950247955
v2,wave_l1,lower,8098-278278-0035,2,dropout-mid,0.001211959868669496,0.0012733936309814939,-6.143376231199787e-05
v2,wave_l1,lower,8098-278278-0035,2,dropout-high,0.003550749272108099,0.0032667778432368955,0.00028397142887120336
v2,wave_l1,lower,8098-278278-0035,2,substitution-mid,0.00048406049609189816,0.00042564421892169607,5.841627717020209e-05
v2,wave_l1,lower,8098-278278-0035,2,substitution-high,0.0005917772650718967,0.0010936893522739966,-0.0005019120872020999
v2,wave_l1,lower,8098-278278-0035,3,dropout-mid,0.0020041055977344027,0.0018684957176446984,0.00013560988008970432
v2,wave_l1,lower,8098-278278-0035,3,dropout-high,0.005125306546688101,0.0048840548843145995,0.00024125166237350115
v2,wave_l1,lower,8098-278278-0035,3,substitution-mid,0.00020777434110640092,0.0002159606665373022,-8.186325430901281e-06
v2,wave_l1,lower,8098-278278-0035,3,substitution-high,0.0008810348808764995,0.0008886549621821005,-7.62008130560099e-06
