model,L,sample_id,speaker_id,audio_path,predicted_speaker,top1_correct,verified,score,correct_score,max_impostor_score,margin,duration_sec
original,0,p225_109_mic1,p225,data\VCTK\wav48_silence_trimmed\p225\p225_109_mic1.flac,p283,0,1,0.9975541234016418,0.9910882711410522,0.9975541234016418,-0.0064658522605896,2.2446875
base,1,p225_109_mic1,p225,data\VCTK\wav48_silence_trimmed\p225\p225_109_mic1.flac,p239,0,1,0.9937285780906677,0.98932284116745,0.9937285780906677,-0.0044057369232177734,2.2446875
base,2,p225_109_mic1,p225,data\VCTK\wav48_silence_trimmed\p225\p225_109_mic1.flac,p283,0,1,0.9978029131889343,0.9917332530021667,0.9978029131889343,-0.006069660186767578,2.2446875
base,3,p225_109_mic1,p225,data\VCTK\wav48_silence_trimmed\p225\p225_109_mic1.flac,p283,0,1,0.9982038140296936,0.9925529360771179,0.9982038140296936,-0.005650877952575684,2.2446875
lca,1,p225_109_mic1,p225,data\VCTK\wav48_silence_trimmed\p225\p225_109_mic1.flac,p303,0,1,0.9929561018943787,0.9829958081245422,0.9929561018943787,-0.009960293769836426,2.2446875
lca,2,p225_109_mic1,p225,data\VCTK\wav48_silence_trimmed\p225\p225_109_mic1.flac,p303,0,1,0.9969784021377563,0.9891373515129089,0.9969784021377563,-0.007841050624847412,2.2446875
lca,3,p225_109_mic1,p225,data\VCTK\wav48_silence_trimmed\p225\p225_109_mic1.flac,p300,0,1,0.9970643520355225,0.9911195635795593,0.9970643520355225,-0.005944788455963135,2.2446875
original,0,p225_116_mic1,p225,data\VCTK\wav48_silence_trimmed\p225\p225_116_mic1.flac,p299,0,1,0.9976884126663208,0.9969208836555481,0.9976884126663208,-0.0007675290107727051,4.7751875
base,1,p225_116_mic1,p225,data\VCTK\wav48_silence_trimmed\p225\p225_116_mic1.flac,p312,0,1,0.9930453896522522,0.9916765093803406,0.9930453896522522,-0.001368880271911621,4.7751875
base,2,p225_116_mic1,p225,data\VCTK\wav48_silence_trimmed\p225\p225_116_mic1.flac,p312,0,1,0.9966579079627991,0.995188295841217,0.9966579079627991,-0.0014696121215820312,4.7751875
base,3,p225_116_mic1,p225,data\VCTK\wav48_silence_trimmed\p225\p225_116_mic1.flac,p299,0,1,0.9979922771453857,0.997456967830658,0.9979922771453857,-0.0005353093147277832,4.7751875
lca,1,p225_116_mic1,p225,data\VCTK\wav48_silence_trimmed\p225\p225_116_mic1.flac,p239,0,1,0.993735134601593,0.9909127950668335,0.993735134601593,-0.0028223395347595215,4.7751875
lca,2,p225_116_mic1,p225,data\VCTK\wav48_silence_trimmed\p225\p225_116_mic1.flac,p312,0,1,0.9969885945320129,0.9956041574478149,0.9969885945320129,-0.001384437084197998,4.7751875
lca,3,p225_116_mic1,p225,data\VCTK\wav48_silence_trimmed\p225\p225_116_mic1.flac,p312,0,1,0.9966874122619629,0.9947563409805298,0.9966874122619629,-0.0019310712814331055,4.7751875
original,0,p225_133_mic1,p225,data\VCTK\wav48_silence_trimmed\p225\p225_133_mic1.flac,p259,0,1,0.9946323037147522,0.989375650882721,0.9946323037147522,-0.00525665283203125,1.998875
base,1,p225_133_mic1,p225,data\VCTK\wav48_silence_trimmed\p225\p225_133_mic1.flac,p239,0,1,0.9888225793838501,0.9812199473381042,0.9888225793838501,-0.00760263204574585,1.998875
base,2,p225_133_mic1,p225,data\VCTK\wav48_silence_trimmed\p225\p225_133_mic1.flac,p252,0,1,0.9954309463500977,0.9894352555274963,0.9954309463500977,-0.005995690822601318,1.998875
base,3,p225_133_mic1,p225,data\VCTK\wav48_silence_trimmed\p225\p225_133_mic1.flac,p239,0,1,0.9962909817695618,0.9911552667617798,0.9962909817695618,-0.005135715007781982,1.998875
lca,1,p225_133_mic1,p225,data\VCTK\wav48_silence_trimmed\p225\p225_133_mic1.flac,p239,0,1,0.988455057144165,0.9788109660148621,0.988455057144165,-0.009644091129302979,1.998875
lca,2,p225_133_mic1,p225,data\VCTK\wav48_silence_trimmed\p225\p225_133_mic1.flac,p239,0,1,0.9939021468162537,0.9858189821243286,0.9939021468162537,-0.008083164691925049,1.998875
lca,3,p225_133_mic1,p225,data\VCTK\wav48_silence_trimmed\p225\p225_133_mic1.flac,p259,0,1,0.9943990707397461,0.9867837429046631,0.9943990707397461,-0.007615327835083008,1.998875
original,0,p225_257_mic1,p225,data\VCTK\wav48_silence_trimmed\p225\p225_257_mic1.flac,p285,0,1,0.9973371028900146,0.9923948645591736,0.9973371028900146,-0.0049422383308410645,2.363875
base,1,p225_257_mic1,p225,data\VCTK\wav48_silence_trimmed\p225\p225_257_mic1.flac,p239,0,1,0.9883993268013,0.9812063574790955,0.9883993268013,-0.00719296932220459,2.363875
base,2,p225_257_mic1,p225,data\VCTK\wav48_silence_trimmed\p225\p225_257_mic1.flac,p255,0,1,0.9967014789581299,0.9906912446022034,0.9967014789581299,-0.006010234355926514,2.363875
base,3,p225_257_mic1,p225,data\VCTK\wav48_silence_trimmed\p225\p225_257_mic1.flac,p255,0,1,0.9976645112037659,0.9923732876777649,0.9976645112037659,-0.0052912235260009766,2.363875
lca,1,p225_257_mic1,p225,data\VCTK\wav48_silence_trimmed\p225\p225_257_mic1.flac,p239,0,1,0.9907240867614746,0.9841098785400391,0.9907240867614746,-0.006614208221435547,2.363875
lca,2,p225_257_mic1,p225,data\VCTK\wav48_silence_trimmed\p225\p225_257_mic1.flac,p255,0,1,0.9942945837974548,0.986244797706604,0.9942945837974548,-0.00804978609085083,2.363875
lca,3,p225_257_mic1,p225,data\VCTK\wav48_silence_trimmed\p225\p225_257_mic1.flac,p259,0,1,0.9956156611442566,0.9884499907493591,0.9956156611442566,-0.007165670394897461,2.363875
original,0,p225_319_mic1,p225,data\VCTK\wav48_silence_trimmed\p225\p225_319_mic1.flac,p252,0,1,0.9972480535507202,0.9901830554008484,0.9972480535507202,-0.007064998149871826,2.7408125
base,1,p225_319_mic1,p225,data\VCTK\wav48_silence_trimmed\p225\p225_319_mic1.flac,p239,0,1,0.9914167523384094,0.984811544418335,0.9914167523384094,-0.006605207920074463,2.7408125
base,2,p225_319_mic1,p225,data\VCTK\wav48_silence_trimmed\p225\p225_319_mic1.flac,p259,0,1,0.9961398243904114,0.9897861480712891,0.9961398243904114,-0.0063536763191223145,2.7408125
base,3,p225_319_mic1,p225,data\VCTK\wav48_silence_trimmed\p225\p225_319_mic1.flac,p259,0,1,0.9964696168899536,0.9892468452453613,0.9964696168899536,-0.007222771644592285,2.7408125
lca,1,p225_319_mic1,p225,data\VCTK\wav48_silence_trimmed\p225\p225_319_mic1.flac,p239,0,1,0.9899482131004333,0.981421709060669,0.9899482131004333,-0.008526504039764404,2.7408125
lca,2,p225_319_mic1,p225,data\VCTK\wav48_silence_trimmed\p225\p225_319_mic1.flac,p252,0,1,0.9955983757972717,0.9869726300239563,0.9955983757972717,-0.00862574577331543,2.7408125
lca,3,p225_319_mic1,p225,data\VCTK\wav48_silence_trimmed\p225\p225_319_mic1.flac,p252,0,1,0.9971042275428772,0.9879027605056763,0.9971042275428772,-0.009201467037200928,2.7408125
original,0,p226_063_mic2,p226,data\VCTK\wav48_silence_trimmed\p226\p226_063_mic2.flac,p347,0,1,0.9980834722518921,0.9924132823944092,0.9980834722518921,-0.00567018985748291,2.4654375
base,1,p226_063_mic2,p226,data\VCTK\wav48_silence_trimmed\p226\p226_063_mic2.flac,p247,0,1,0.9945110082626343,0.9840741157531738,0.9945110082626343,-0.01043689250946045,2.4654375
base,2,p226_063_mic2,p226,data\VCTK\wav48_silence_trimmed\p226\p226_063_mic2.flac,p278,0,1,0.9977803826332092,0.9936125874519348,0.9977803826332092,-0.004167795181274414,2.4654375
base,3,p226_063_mic2,p226,data\VCTK\wav48_silence_trimmed\p226\p226_063_mic2.flac,p347,0,1,0.9976064562797546,0.9920918345451355,0.9976064562797546,-0.005514621734619141,2.4654375
lca,1,p226_063_mic2,p226,data\VCTK\wav48_silence_trimmed\p226\p226_063_mic2.flac,p278,0,1,0.9970312118530273,0.9918347597122192,0.9970312118530273,-0.0051964521408081055,2.4654375
lca,2,p226_063_mic2,p226,data\VCTK\wav48_silence_trimmed\p226\p226_063_mic2.flac,p278,0,1,0.9975830912590027,0.9951366186141968,0.9975830912590027,-0.002446472644805908,2.4654375
lca,3,p226_063_mic2,p226,data\VCTK\wav48_silence_trimmed\p226\p226_063_mic2.flac,p278,0,1,0.9976446032524109,0.9944788217544556,0.9976446032524109,-0.0031657814979553223,2.4654375
original,0,p226_077_mic1,p226,data\VCTK\wav48_silence_trimmed\p226\p226_077_mic1.flac,p226,1,1,0.9967553615570068,0.9967553615570068,0.996455192565918,0.0003001689910888672,3.3258125
base,1,p226_077_mic1,p226,data\VCTK\wav48_silence_trimmed\p226\p226_077_mic1.flac,p303,0,1,0.9955177903175354,0.9897593259811401,0.9955177903175354,-0.005758464336395264,3.3258125
base,2,p226_077_mic1,p226,data\VCTK\wav48_silence_trimmed\p226\p226_077_mic1.flac,p298,0,1,0.9986981749534607,0.995278537273407,0.9986981749534607,-0.003419637680053711,3.3258125
base,3,p226_077_mic1,p226,data\VCTK\wav48_silence_trimmed\p226\p226_077_mic1.flac,p298,0,1,0.997468888759613,0.9966701865196228,0.997468888759613,-0.0007987022399902344,3.3258125
lca,1,p226_077_mic1,p226,data\VCTK\wav48_silence_trimmed\p226\p226_077_mic1.flac,p298,0,1,0.9955223798751831,0.9876015186309814,0.9955223798751831,-0.00792086124420166,3.3258125
lca,2,p226_077_mic1,p226,data\VCTK\wav48_silence_trimmed\p226\p226_077_mic1.flac,p298,0,1,0.9982513189315796,0.9960836172103882,0.9982513189315796,-0.0021677017211914062,3.3258125
lca,3,p226_077_mic1,p226,data\VCTK\wav48_silence_trimmed\p226\p226_077_mic1.flac,p298,0,1,0.9976281523704529,0.9966738224029541,0.9976281523704529,-0.0009543299674987793,3.3258125
original,0,p226_090_mic1,p226,data\VCTK\wav48_silence_trimmed\p226\p226_090_mic1.flac,p258,0,1,0.9978427886962891,0.9925973415374756,0.9978427886962891,-0.0052454471588134766,3.649625
base,1,p226_090_mic1,p226,data\VCTK\wav48_silence_trimmed\p226\p226_090_mic1.flac,p259,0,1,0.9927106499671936,0.9785135388374329,0.9927106499671936,-0.014197111129760742,3.649625
base,2,p226_090_mic1,p226,data\VCTK\wav48_silence_trimmed\p226\p226_090_mic1.flac,p258,0,1,0.9985094666481018,0.9944567680358887,0.9985094666481018,-0.004052698612213135,3.649625
base,3,p226_090_mic1,p226,data\VCTK\wav48_silence_trimmed\p226\p226_090_mic1.flac,p258,0,1,0.9987677931785583,0.9938534498214722,0.9987677931785583,-0.004914343357086182,3.649625
lca,1,p226_090_mic1,p226,data\VCTK\wav48_silence_trimmed\p226\p226_090_mic1.flac,p259,0,1,0.9908052086830139,0.9770873785018921,0.9908052086830139,-0.013717830181121826,3.649625
lca,2,p226_090_mic1,p226,data\VCTK\wav48_silence_trimmed\p226\p226_090_mic1.flac,p259,0,1,0.9969721436500549,0.9881511926651001,0.9969721436500549,-0.008820950984954834,3.649625
lca,3,p226_090_mic1,p226,data\VCTK\wav48_silence_trimmed\p226\p226_090_mic1.flac,p258,0,1,0.9976215362548828,0.9915139675140381,0.9976215362548828,-0.0061075687408447266,3.649625
original,0,p226_193_mic1,p226,data\VCTK\wav48_silence_trimmed\p226\p226_193_mic1.flac,p347,0,1,0.9947534203529358,0.9809799790382385,0.9947534203529358,-0.013773441314697266,4.373
base,1,p226_193_mic1,p226,data\VCTK\wav48_silence_trimmed\p226\p226_193_mic1.flac,p285,0,1,0.991938591003418,0.9669328331947327,0.991938591003418,-0.025005757808685303,4.373
base,2,p226_193_mic1,p226,data\VCTK\wav48_silence_trimmed\p226\p226_193_mic1.flac,p263,0,1,0.9954102039337158,0.9794297218322754,0.9954102039337158,-0.01598048210144043,4.373
base,3,p226_193_mic1,p226,data\VCTK\wav48_silence_trimmed\p226\p226_193_mic1.flac,p263,0,1,0.9951511025428772,0.9743187427520752,0.9951511025428772,-0.020832359790802002,4.373
lca,1,p226_193_mic1,p226,data\VCTK\wav48_silence_trimmed\p226\p226_193_mic1.flac,p285,0,1,0.9905004501342773,0.9593673944473267,0.9905004501342773,-0.031133055686950684,4.373
lca,2,p226_193_mic1,p226,data\VCTK\wav48_silence_trimmed\p226\p226_193_mic1.flac,p334,0,1,0.9959707260131836,0.9821929931640625,0.9959707260131836,-0.013777732849121094,4.373
lca,3,p226_193_mic1,p226,data\VCTK\wav48_silence_trimmed\p226\p226_193_mic1.flac,p347,0,1,0.9956570863723755,0.9824749827384949,0.9956570863723755,-0.013182103633880615,4.373
original,0,p226_240_mic2,p226,data\VCTK\wav48_silence_trimmed\p226\p226_240_mic2.flac,p298,0,1,0.9983230829238892,0.9972295165061951,0.9983230829238892,-0.0010935664176940918,3.2459375
base,1,p226_240_mic2,p226,data\VCTK\wav48_silence_trimmed\p226\p226_240_mic2.flac,p303,0,1,0.9955209493637085,0.9876810908317566,0.9955209493637085,-0.007839858531951904,3.2459375
base,2,p226_240_mic2,p226,data\VCTK\wav48_silence_trimmed\p226\p226_240_mic2.flac,p302,0,1,0.9987013339996338,0.9971699118614197,0.9987013339996338,-0.0015314221382141113,3.2459375
base,3,p226_240_mic2,p226,data\VCTK\wav48_silence_trimmed\p226\p226_240_mic2.flac,p298,0,1,0.9984051585197449,0.9975013732910156,0.9984051585197449,-0.000903785228729248,3.2459375
lca,1,p226_240_mic2,p226,data\VCTK\wav48_silence_trimmed\p226\p226_240_mic2.flac,p303,0,1,0.9957611560821533,0.9899160861968994,0.9957611560821533,-0.005845069885253906,3.2459375
lca,2,p226_240_mic2,p226,data\VCTK\wav48_silence_trimmed\p226\p226_240_mic2.flac,p302,0,1,0.9983519315719604,0.9970108866691589,0.9983519315719604,-0.0013410449028015137,3.2459375
lca,3,p226_240_mic2,p226,data\VCTK\wav48_silence_trimmed\p226\p226_240_mic2.flac,p302,0,1,0.9983496069908142,0.9978966116905212,0.9983496069908142,-0.00045299530029296875,3.2459375
original,0,p227_008_mic1,p227,data\VCTK\wav48_silence_trimmed\p227\p227_008_mic1.flac,p341,0,1,0.9932795763015747,0.9851245880126953,0.9932795763015747,-0.008154988288879395,7.814125
base,1,p227_008_mic1,p227,data\VCTK\wav48_silence_trimmed\p227\p227_008_mic1.flac,p333,0,1,0.9869031310081482,0.961665153503418,0.9869031310081482,-0.025237977504730225,7.814125
base,2,p227_008_mic1,p227,data\VCTK\wav48_silence_trimmed\p227\p227_008_mic1.flac,p266,0,1,0.9910790920257568,0.966310977935791,0.9910790920257568,-0.02476811408996582,7.814125
base,3,p227_008_mic1,p227,data\VCTK\wav48_silence_trimmed\p227\p227_008_mic1.flac,p266,0,1,0.9911385178565979,0.9651747941970825,0.9911385178565979,-0.02596372365951538,7.814125
lca,1,p227_008_mic1,p227,data\VCTK\wav48_silence_trimmed\p227\p227_008_mic1.flac,p334,0,1,0.9906322956085205,0.9745277762413025,0.9906322956085205,-0.016104519367218018,7.814125
lca,2,p227_008_mic1,p227,data\VCTK\wav48_silence_trimmed\p227\p227_008_mic1.flac,p266,0,1,0.9901481866836548,0.9659349918365479,0.9901481866836548,-0.024213194847106934,7.814125
lca,3,p227_008_mic1,p227,data\VCTK\wav48_silence_trimmed\p227\p227_008_mic1.flac,p266,0,1,0.9924341440200806,0.9718567132949829,0.9924341440200806,-0.020577430725097656,7.814125
original,0,p227_169_mic2,p227,data\VCTK\wav48_silence_trimmed\p227\p227_169_mic2.flac,p302,0,1,0.9972476959228516,0.9949873089790344,0.9972476959228516,-0.0022603869438171387,2.018875
base,1,p227_169_mic2,p227,data\VCTK\wav48_silence_trimmed\p227\p227_169_mic2.flac,p303,0,1,0.9947176575660706,0.9894636273384094,0.9947176575660706,-0.005254030227661133,2.018875
base,2,p227_169_mic2,p227,data\VCTK\wav48_silence_trimmed\p227\p227_169_mic2.flac,p302,0,1,0.9978129863739014,0.9970017671585083,0.9978129863739014,-0.0008112192153930664,2.018875
base,3,p227_169_mic2,p227,data\VCTK\wav48_silence_trimmed\p227\p227_169_mic2.flac,p241,0,1,0.9975022077560425,0.997307300567627,0.9975022077560425,-0.00019490718841552734,2.018875
lca,1,p227_169_mic2,p227,data\VCTK\wav48_silence_trimmed\p227\p227_169_mic2.flac,p303,0,1,0.9946563243865967,0.9885637164115906,0.9946563243865967,-0.0060926079750061035,2.018875
lca,2,p227_169_mic2,p227,data\VCTK\wav48_silence_trimmed\p227\p227_169_mic2.flac,p302,0,1,0.9978484511375427,0.9944300055503845,0.9978484511375427,-0.003418445587158203,2.018875
lca,3,p227_169_mic2,p227,data\VCTK\wav48_silence_trimmed\p227\p227_169_mic2.flac,p302,0,1,0.9980118274688721,0.9960787892341614,0.9980118274688721,-0.0019330382347106934,2.018875
original,0,p227_270_mic2,p227,data\VCTK\wav48_silence_trimmed\p227\p227_270_mic2.flac,p298,0,1,0.9971643686294556,0.9905286431312561,0.9971643686294556,-0.006635725498199463,1.98075
base,1,p227_270_mic2,p227,data\VCTK\wav48_silence_trimmed\p227\p227_270_mic2.flac,p303,0,1,0.9971959590911865,0.9900921583175659,0.9971959590911865,-0.0071038007736206055,1.98075
base,2,p227_270_mic2,p227,data\VCTK\wav48_silence_trimmed\p227\p227_270_mic2.flac,p298,0,1,0.9984225630760193,0.9849123954772949,0.9984225630760193,-0.013510167598724365,1.98075
base,3,p227_270_mic2,p227,data\VCTK\wav48_silence_trimmed\p227\p227_270_mic2.flac,p298,0,1,0.998332142829895,0.988577663898468,0.998332142829895,-0.009754478931427002,1.98075
lca,1,p227_270_mic2,p227,data\VCTK\wav48_silence_trimmed\p227\p227_270_mic2.flac,p298,0,1,0.9975294470787048,0.9871595501899719,0.9975294470787048,-0.01036989688873291,1.98075
lca,2,p227_270_mic2,p227,data\VCTK\wav48_silence_trimmed\p227\p227_270_mic2.flac,p298,0,1,0.9987983703613281,0.9881959557533264,0.9987983703613281,-0.010602414608001709,1.98075
lca,3,p227_270_mic2,p227,data\VCTK\wav48_silence_trimmed\p227\p227_270_mic2.flac,p298,0,1,0.9980772137641907,0.9902999401092529,0.9980772137641907,-0.007777273654937744,1.98075
original,0,p227_336_mic1,p227,data\VCTK\wav48_silence_trimmed\p227\p227_336_mic1.flac,p227,1,1,0.9977641105651855,0.9977641105651855,0.9970717430114746,0.0006923675537109375,1.9793125
base,1,p227_336_mic1,p227,data\VCTK\wav48_silence_trimmed\p227\p227_336_mic1.flac,p303,0,1,0.9947056770324707,0.9896353483200073,0.9947056770324707,-0.005070328712463379,1.9793125
base,2,p227_336_mic1,p227,data\VCTK\wav48_silence_trimmed\p227\p227_336_mic1.flac,p256,0,1,0.9983885288238525,0.9965257048606873,0.9983885288238525,-0.0018628239631652832,1.9793125
base,3,p227_336_mic1,p227,data\VCTK\wav48_silence_trimmed\p227\p227_336_mic1.flac,p256,0,1,0.9985698461532593,0.9975376725196838,0.9985698461532593,-0.0010321736335754395,1.9793125
lca,1,p227_336_mic1,p227,data\VCTK\wav48_silence_trimmed\p227\p227_336_mic1.flac,p303,0,1,0.9953115582466125,0.9882856607437134,0.9953115582466125,-0.00702589750289917,1.9793125
lca,2,p227_336_mic1,p227,data\VCTK\wav48_silence_trimmed\p227\p227_336_mic1.flac,p256,0,1,0.996601939201355,0.99477219581604,0.996601939201355,-0.0018297433853149414,1.9793125
lca,3,p227_336_mic1,p227,data\VCTK\wav48_silence_trimmed\p227\p227_336_mic1.flac,p256,0,1,0.9970200061798096,0.9959750771522522,0.9970200061798096,-0.001044929027557373,1.9793125
original,0,p227_359_mic1,p227,data\VCTK\wav48_silence_trimmed\p227\p227_359_mic1.flac,p334,0,1,0.9973748922348022,0.9942318797111511,0.9973748922348022,-0.003143012523651123,2.853375
base,1,p227_359_mic1,p227,data\VCTK\wav48_silence_trimmed\p227\p227_359_mic1.flac,p285,0,1,0.991906464099884,0.9732280373573303,0.991906464099884,-0.01867842674255371,2.853375
base,2,p227_359_mic1,p227,data\VCTK\wav48_silence_trimmed\p227\p227_359_mic1.flac,p334,0,1,0.9980334639549255,0.9936403632164001,0.9980334639549255,-0.004393100738525391,2.853375
base,3,p227_359_mic1,p227,data\VCTK\wav48_silence_trimmed\p227\p227_359_mic1.flac,p334,0,1,0.9979239106178284,0.9866577982902527,0.9979239106178284,-0.011266112327575684,2.853375
lca,1,p227_359_mic1,p227,data\VCTK\wav48_silence_trimmed\p227\p227_359_mic1.flac,p259,0,1,0.9915961027145386,0.9781386852264404,0.9915961027145386,-0.013457417488098145,2.853375
lca,2,p227_359_mic1,p227,data\VCTK\wav48_silence_trimmed\p227\p227_359_mic1.flac,p285,0,1,0.9951995015144348,0.9801669120788574,0.9951995015144348,-0.015032589435577393,2.853375
lca,3,p227_359_mic1,p227,data\VCTK\wav48_silence_trimmed\p227\p227_359_mic1.flac,p334,0,1,0.9949977397918701,0.9795512557029724,0.9949977397918701,-0.015446484088897705,2.853375
original,0,p228_041_mic2,p228,data\VCTK\wav48_silence_trimmed\p228\p228_041_mic2.flac,p297,0,1,0.9983386993408203,0.9895537495613098,0.9983386993408203,-0.008784949779510498,3.5005625
base,1,p228_041_mic2,p228,data\VCTK\wav48_silence_trimmed\p228\p228_041_mic2.flac,p333,0,1,0.9878270030021667,0.9492243528366089,0.9878270030021667,-0.03860265016555786,3.5005625
base,2,p228_041_mic2,p228,data\VCTK\wav48_silence_trimmed\p228\p228_041_mic2.flac,p297,0,1,0.9966416358947754,0.9841387271881104,0.9966416358947754,-0.012502908706665039,3.5005625
base,3,p228_041_mic2,p228,data\VCTK\wav48_silence_trimmed\p228\p228_041_mic2.flac,p297,0,1,0.9977428913116455,0.9881678819656372,0.9977428913116455,-0.0095750093460083,3.5005625
lca,1,p228_041_mic2,p228,data\VCTK\wav48_silence_trimmed\p228\p228_041_mic2.flac,p333,0,1,0.9920196533203125,0.9652241468429565,0.9920196533203125,-0.026795506477355957,3.5005625
lca,2,p228_041_mic2,p228,data\VCTK\wav48_silence_trimmed\p228\p228_041_mic2.flac,p333,0,1,0.9955427050590515,0.9755901098251343,0.9955427050590515,-0.019952595233917236,3.5005625
lca,3,p228_041_mic2,p228,data\VCTK\wav48_silence_trimmed\p228\p228_041_mic2.flac,p297,0,1,0.9974818229675293,0.9861549139022827,0.9974818229675293,-0.011326909065246582,3.5005625
original,0,p228_144_mic1,p228,data\VCTK\wav48_silence_trimmed\p228\p228_144_mic1.flac,p313,0,1,0.9980002045631409,0.9968595504760742,0.9980002045631409,-0.0011406540870666504,3.8315
base,1,p228_144_mic1,p228,data\VCTK\wav48_silence_trimmed\p228\p228_144_mic1.flac,p297,0,1,0.9956614971160889,0.9891701936721802,0.9956614971160889,-0.006491303443908691,3.8315
base,2,p228_144_mic1,p228,data\VCTK\wav48_silence_trimmed\p228\p228_144_mic1.flac,p265,0,1,0.9985828995704651,0.9982298612594604,0.9985828995704651,-0.00035303831100463867,3.8315
base,3,p228_144_mic1,p228,data\VCTK\wav48_silence_trimmed\p228\p228_144_mic1.flac,p265,0,1,0.998526930809021,0.9980378150939941,0.998526930809021,-0.0004891157150268555,3.8315
lca,1,p228_144_mic1,p228,data\VCTK\wav48_silence_trimmed\p228\p228_144_mic1.flac,p239,0,1,0.992484450340271,0.9814417362213135,0.992484450340271,-0.01104271411895752,3.8315
lca,2,p228_144_mic1,p228,data\VCTK\wav48_silence_trimmed\p228\p228_144_mic1.flac,p262,0,1,0.9971339702606201,0.9930470585823059,0.9971339702606201,-0.004086911678314209,3.8315
lca,3,p228_144_mic1,p228,data\VCTK\wav48_silence_trimmed\p228\p228_144_mic1.flac,p313,0,1,0.9979609251022339,0.996132493019104,0.9979609251022339,-0.0018284320831298828,3.8315
original,0,p228_196_mic2,p228,data\VCTK\wav48_silence_trimmed\p228\p228_196_mic2.flac,p262,0,1,0.9981830716133118,0.9961159825325012,0.9981830716133118,-0.002067089080810547,4.9195625
base,1,p228_196_mic2,p228,data\VCTK\wav48_silence_trimmed\p228\p228_196_mic2.flac,p239,0,1,0.994352400302887,0.9833008050918579,0.994352400302887,-0.011051595211029053,4.9195625
base,2,p228_196_mic2,p228,data\VCTK\wav48_silence_trimmed\p228\p228_196_mic2.flac,p262,0,1,0.9982126951217651,0.9933160543441772,0.9982126951217651,-0.004896640777587891,4.9195625
base,3,p228_196_mic2,p228,data\VCTK\wav48_silence_trimmed\p228\p228_196_mic2.flac,p262,0,1,0.998094916343689,0.9929236173629761,0.998094916343689,-0.005171298980712891,4.9195625
lca,1,p228_196_mic2,p228,data\VCTK\wav48_silence_trimmed\p228\p228_196_mic2.flac,p239,0,1,0.9959354996681213,0.9836556911468506,0.9959354996681213,-0.012279808521270752,4.9195625
lca,2,p228_196_mic2,p228,data\VCTK\wav48_silence_trimmed\p228\p228_196_mic2.flac,p239,0,1,0.9976614713668823,0.9907424449920654,0.9976614713668823,-0.0069190263748168945,4.9195625
lca,3,p228_196_mic2,p228,data\VCTK\wav48_silence_trimmed\p228\p228_196_mic2.flac,p262,0,1,0.9982913732528687,0.9953784346580505,0.9982913732528687,-0.0029129385948181152,4.9195625
original,0,p228_204_mic1,p228,data\VCTK\wav48_silence_trimmed\p228\p228_204_mic1.flac,p298,0,1,0.9966472387313843,0.9887945652008057,0.9966472387313843,-0.007852673530578613,2.645625
base,1,p228_204_mic1,p228,data\VCTK\wav48_silence_trimmed\p228\p228_204_mic1.flac,p303,0,1,0.9954661130905151,0.9795852303504944,0.9954661130905151,-0.015880882740020752,2.645625
base,2,p228_204_mic1,p228,data\VCTK\wav48_silence_trimmed\p228\p228_204_mic1.flac,p303,0,1,0.9974821209907532,0.9907363057136536,0.9974821209907532,-0.006745815277099609,2.645625
base,3,p228_204_mic1,p228,data\VCTK\wav48_silence_trimmed\p228\p228_204_mic1.flac,p298,0,1,0.9971324801445007,0.9906918406486511,0.9971324801445007,-0.006440639495849609,2.645625
lca,1,p228_204_mic1,p228,data\VCTK\wav48_silence_trimmed\p228\p228_204_mic1.flac,p303,0,1,0.9915255904197693,0.9709299206733704,0.9915255904197693,-0.020595669746398926,2.645625
lca,2,p228_204_mic1,p228,data\VCTK\wav48_silence_trimmed\p228\p228_204_mic1.flac,p303,0,1,0.9968625903129578,0.9870228171348572,0.9968625903129578,-0.009839773178100586,2.645625
lca,3,p228_204_mic1,p228,data\VCTK\wav48_silence_trimmed\p228\p228_204_mic1.flac,p303,0,1,0.9965099096298218,0.9886516332626343,0.9965099096298218,-0.0078582763671875,2.645625
original,0,p228_312_mic1,p228,data\VCTK\wav48_silence_trimmed\p228\p228_312_mic1.flac,p298,0,1,0.9937736392021179,0.9902206063270569,0.9937736392021179,-0.003553032875061035,3.0304375
base,1,p228_312_mic1,p228,data\VCTK\wav48_silence_trimmed\p228\p228_312_mic1.flac,p298,0,1,0.9948449730873108,0.9833757877349854,0.9948449730873108,-0.01146918535232544,3.0304375
base,2,p228_312_mic1,p228,data\VCTK\wav48_silence_trimmed\p228\p228_312_mic1.flac,p298,0,1,0.9964559674263,0.9904870390892029,0.9964559674263,-0.005968928337097168,3.0304375
base,3,p228_312_mic1,p228,data\VCTK\wav48_silence_trimmed\p228\p228_312_mic1.flac,p298,0,1,0.9955666065216064,0.9904573559761047,0.9955666065216064,-0.005109250545501709,3.0304375
lca,1,p228_312_mic1,p228,data\VCTK\wav48_silence_trimmed\p228\p228_312_mic1.flac,p303,0,1,0.9942724704742432,0.9815632104873657,0.9942724704742432,-0.012709259986877441,3.0304375
lca,2,p228_312_mic1,p228,data\VCTK\wav48_silence_trimmed\p228\p228_312_mic1.flac,p298,0,1,0.9969922304153442,0.9895410537719727,0.9969922304153442,-0.007451176643371582,3.0304375
lca,3,p228_312_mic1,p228,data\VCTK\wav48_silence_trimmed\p228\p228_312_mic1.flac,p298,0,1,0.9960293769836426,0.9891347885131836,0.9960293769836426,-0.006894588470458984,3.0304375
original,0,p229_034_mic1,p229,data\VCTK\wav48_silence_trimmed\p229\p229_034_mic1.flac,p229,1,1,0.9947169423103333,0.9947169423103333,0.9936515092849731,0.0010654330253601074,3.64075
base,1,p229_034_mic1,p229,data\VCTK\wav48_silence_trimmed\p229\p229_034_mic1.flac,p333,0,1,0.9865987300872803,0.9758578538894653,0.9865987300872803,-0.010740876197814941,3.64075
base,2,p229_034_mic1,p229,data\VCTK\wav48_silence_trimmed\p229\p229_034_mic1.flac,p229,1,1,0.9945847988128662,0.9945847988128662,0.9940668344497681,0.0005179643630981445,3.64075
base,3,p229_034_mic1,p229,data\VCTK\wav48_silence_trimmed\p229\p229_034_mic1.flac,p229,1,1,0.9952477216720581,0.9952477216720581,0.9938634634017944,0.0013842582702636719,3.64075
lca,1,p229_034_mic1,p229,data\VCTK\wav48_silence_trimmed\p229\p229_034_mic1.flac,p255,0,1,0.9910354018211365,0.9867557287216187,0.9910354018211365,-0.004279673099517822,3.64075
lca,2,p229_034_mic1,p229,data\VCTK\wav48_silence_trimmed\p229\p229_034_mic1.flac,p255,0,1,0.9952057600021362,0.9946495294570923,0.9952057600021362,-0.0005562305450439453,3.64075
lca,3,p229_034_mic1,p229,data\VCTK\wav48_silence_trimmed\p229\p229_034_mic1.flac,p255,0,1,0.9942805171012878,0.9940999150276184,0.9942805171012878,-0.0001806020736694336,3.64075
original,0,p229_139_mic1,p229,data\VCTK\wav48_silence_trimmed\p229\p229_139_mic1.flac,p229,1,1,0.9992502927780151,0.9992502927780151,0.9970888495445251,0.0021614432334899902,3.2039375
base,1,p229_139_mic1,p229,data\VCTK\wav48_silence_trimmed\p229\p229_139_mic1.flac,p239,0,1,0.9934017658233643,0.9888570308685303,0.9934017658233643,-0.004544734954833984,3.2039375
base,2,p229_139_mic1,p229,data\VCTK\wav48_silence_trimmed\p229\p229_139_mic1.flac,p229,1,1,0.9981557726860046,0.9981557726860046,0.997480571269989,0.000675201416015625,3.2039375
base,3,p229_139_mic1,p229,data\VCTK\wav48_silence_trimmed\p229\p229_139_mic1.flac,p229,1,1,0.9988780617713928,0.9988780617713928,0.997020423412323,0.0018576383590698242,3.2039375
lca,1,p229_139_mic1,p229,data\VCTK\wav48_silence_trimmed\p229\p229_139_mic1.flac,p239,0,1,0.9949277639389038,0.9916865229606628,0.9949277639389038,-0.003241240978240967,3.2039375
lca,2,p229_139_mic1,p229,data\VCTK\wav48_silence_trimmed\p229\p229_139_mic1.flac,p259,0,1,0.996870756149292,0.9967979192733765,0.996870756149292,-7.283687591552734e-05,3.2039375
lca,3,p229_139_mic1,p229,data\VCTK\wav48_silence_trimmed\p229\p229_139_mic1.flac,p229,1,1,0.9978047013282776,0.9978047013282776,0.996791660785675,0.001013040542602539,3.2039375
original,0,p229_203_mic1,p229,data\VCTK\wav48_silence_trimmed\p229\p229_203_mic1.flac,p343,0,1,0.9966411590576172,0.9957788586616516,0.9966411590576172,-0.0008623003959655762,4.1498125
base,1,p229_203_mic1,p229,data\VCTK\wav48_silence_trimmed\p229\p229_203_mic1.flac,p239,0,1,0.9909034967422485,0.9868905544281006,0.9909034967422485,-0.004012942314147949,4.1498125
base,2,p229_203_mic1,p229,data\VCTK\wav48_silence_trimmed\p229\p229_203_mic1.flac,p343,0,1,0.9956479668617249,0.9932550191879272,0.9956479668617249,-0.0023929476737976074,4.1498125
base,3,p229_203_mic1,p229,data\VCTK\wav48_silence_trimmed\p229\p229_203_mic1.flac,p343,0,1,0.9958431720733643,0.9932103157043457,0.9958431720733643,-0.0026328563690185547,4.1498125
lca,1,p229_203_mic1,p229,data\VCTK\wav48_silence_trimmed\p229\p229_203_mic1.flac,p239,0,1,0.9932080507278442,0.9899706840515137,0.9932080507278442,-0.0032373666763305664,4.1498125
lca,2,p229_203_mic1,p229,data\VCTK\wav48_silence_trimmed\p229\p229_203_mic1.flac,p343,0,1,0.9946301579475403,0.9932267665863037,0.9946301579475403,-0.0014033913612365723,4.1498125
lca,3,p229_203_mic1,p229,data\VCTK\wav48_silence_trimmed\p229\p229_203_mic1.flac,p343,0,1,0.9958764910697937,0.9947052001953125,0.9958764910697937,-0.0011712908744812012,4.1498125
original,0,p229_204_mic1,p229,data\VCTK\wav48_silence_trimmed\p229\p229_204_mic1.flac,p229,1,1,0.9985763430595398,0.9985763430595398,0.9963361024856567,0.0022402405738830566,2.692875
base,1,p229_204_mic1,p229,data\VCTK\wav48_silence_trimmed\p229\p229_204_mic1.flac,p239,0,1,0.994410514831543,0.990983784198761,0.994410514831543,-0.0034267306327819824,2.692875
base,2,p229_204_mic1,p229,data\VCTK\wav48_silence_trimmed\p229\p229_204_mic1.flac,p255,0,1,0.9969128966331482,0.996048092842102,0.9969128966331482,-0.0008648037910461426,2.692875
base,3,p229_204_mic1,p229,data\VCTK\wav48_silence_trimmed\p229\p229_204_mic1.flac,p229,1,1,0.9972490668296814,0.9972490668296814,0.996086835861206,0.0011622309684753418,2.692875
lca,1,p229_204_mic1,p229,data\VCTK\wav48_silence_trimmed\p229\p229_204_mic1.flac,p239,0,1,0.9931588172912598,0.9884873032569885,0.9931588172912598,-0.00467151403427124,2.692875
lca,2,p229_204_mic1,p229,data\VCTK\wav48_silence_trimmed\p229\p229_204_mic1.flac,p239,0,1,0.9964215159416199,0.996359646320343,0.9964215159416199,-6.186962127685547e-05,2.692875
lca,3,p229_204_mic1,p229,data\VCTK\wav48_silence_trimmed\p229\p229_204_mic1.flac,p229,1,1,0.997263491153717,0.997263491153717,0.9960662126541138,0.0011972784996032715,2.692875
original,0,p229_366_mic1,p229,data\VCTK\wav48_silence_trimmed\p229\p229_366_mic1.flac,p343,0,1,0.9950166344642639,0.9943574666976929,0.9950166344642639,-0.0006591677665710449,3.8048125
base,1,p229_366_mic1,p229,data\VCTK\wav48_silence_trimmed\p229\p229_366_mic1.flac,p333,0,1,0.9917626976966858,0.9832019209861755,0.9917626976966858,-0.008560776710510254,3.8048125
base,2,p229_366_mic1,p229,data\VCTK\wav48_silence_trimmed\p229\p229_366_mic1.flac,p229,1,1,0.9957835078239441,0.9957835078239441,0.9954250454902649,0.0003584623336791992,3.8048125
base,3,p229_366_mic1,p229,data\VCTK\wav48_silence_trimmed\p229\p229_366_mic1.flac,p229,1,1,0.9959719181060791,0.9959719181060791,0.9953379034996033,0.0006340146064758301,3.8048125
lca,1,p229_366_mic1,p229,data\VCTK\wav48_silence_trimmed\p229\p229_366_mic1.flac,p255,0,1,0.9922472834587097,0.985622763633728,0.9922472834587097,-0.0066245198249816895,3.8048125
lca,2,p229_366_mic1,p229,data\VCTK\wav48_silence_trimmed\p229\p229_366_mic1.flac,p255,0,1,0.9946418404579163,0.9917091727256775,0.9946418404579163,-0.0029326677322387695,3.8048125
lca,3,p229_366_mic1,p229,data\VCTK\wav48_silence_trimmed\p229\p229_366_mic1.flac,p266,0,1,0.9919367432594299,0.9888256788253784,0.9919367432594299,-0.0031110644340515137,3.8048125
original,0,p230_034_mic1,p230,data\VCTK\wav48_silence_trimmed\p230\p230_034_mic1.flac,p343,0,1,0.9935379028320312,0.9921157956123352,0.9935379028320312,-0.001422107219696045,2.67925
base,1,p230_034_mic1,p230,data\VCTK\wav48_silence_trimmed\p230\p230_034_mic1.flac,p312,0,1,0.9853792190551758,0.9682124257087708,0.9853792190551758,-0.01716679334640503,2.67925
base,2,p230_034_mic1,p230,data\VCTK\wav48_silence_trimmed\p230\p230_034_mic1.flac,p339,0,1,0.9963645339012146,0.9925909638404846,0.9963645339012146,-0.0037735700607299805,2.67925
base,3,p230_034_mic1,p230,data\VCTK\wav48_silence_trimmed\p230\p230_034_mic1.flac,p312,0,1,0.995826780796051,0.99354088306427,0.995826780796051,-0.002285897731781006,2.67925
lca,1,p230_034_mic1,p230,data\VCTK\wav48_silence_trimmed\p230\p230_034_mic1.flac,p312,0,1,0.988686740398407,0.9743823409080505,0.988686740398407,-0.014304399490356445,2.67925
lca,2,p230_034_mic1,p230,data\VCTK\wav48_silence_trimmed\p230\p230_034_mic1.flac,p312,0,1,0.9951077699661255,0.9876279830932617,0.9951077699661255,-0.0074797868728637695,2.67925
lca,3,p230_034_mic1,p230,data\VCTK\wav48_silence_trimmed\p230\p230_034_mic1.flac,p312,0,1,0.9936390519142151,0.9886536598205566,0.9936390519142151,-0.004985392093658447,2.67925
original,0,p230_093_mic2,p230,data\VCTK\wav48_silence_trimmed\p230\p230_093_mic2.flac,p329,0,1,0.9969547986984253,0.9942439198493958,0.9969547986984253,-0.002710878849029541,2.434125
base,1,p230_093_mic2,p230,data\VCTK\wav48_silence_trimmed\p230\p230_093_mic2.flac,p303,0,1,0.9942976832389832,0.9802230000495911,0.9942976832389832,-0.01407468318939209,2.434125
base,2,p230_093_mic2,p230,data\VCTK\wav48_silence_trimmed\p230\p230_093_mic2.flac,p288,0,1,0.9973762631416321,0.9923983812332153,0.9973762631416321,-0.004977881908416748,2.434125
base,3,p230_093_mic2,p230,data\VCTK\wav48_silence_trimmed\p230\p230_093_mic2.flac,p233,0,1,0.9966941475868225,0.9929937124252319,0.9966941475868225,-0.003700435161590576,2.434125
lca,1,p230_093_mic2,p230,data\VCTK\wav48_silence_trimmed\p230\p230_093_mic2.flac,p278,0,1,0.9957043528556824,0.9893779754638672,0.9957043528556824,-0.0063263773918151855,2.434125
lca,2,p230_093_mic2,p230,data\VCTK\wav48_silence_trimmed\p230\p230_093_mic2.flac,p302,0,1,0.9964213967323303,0.9888628721237183,0.9964213967323303,-0.0075585246086120605,2.434125
lca,3,p230_093_mic2,p230,data\VCTK\wav48_silence_trimmed\p230\p230_093_mic2.flac,p308,0,1,0.996780276298523,0.9887834787368774,0.996780276298523,-0.007996797561645508,2.434125
original,0,p230_258_mic2,p230,data\VCTK\wav48_silence_trimmed\p230\p230_258_mic2.flac,p308,0,1,0.9972556829452515,0.9925100803375244,0.9972556829452515,-0.004745602607727051,3.896625
base,1,p230_258_mic2,p230,data\VCTK\wav48_silence_trimmed\p230\p230_258_mic2.flac,p297,0,1,0.9963614344596863,0.988319993019104,0.9963614344596863,-0.008041441440582275,3.896625
base,2,p230_258_mic2,p230,data\VCTK\wav48_silence_trimmed\p230\p230_258_mic2.flac,p225,0,1,0.9968348741531372,0.9963418245315552,0.9968348741531372,-0.0004930496215820312,3.896625
base,3,p230_258_mic2,p230,data\VCTK\wav48_silence_trimmed\p230\p230_258_mic2.flac,p271,0,1,0.9971493482589722,0.9960285425186157,0.9971493482589722,-0.0011208057403564453,3.896625
lca,1,p230_258_mic2,p230,data\VCTK\wav48_silence_trimmed\p230\p230_258_mic2.flac,p297,0,1,0.9958680272102356,0.9889634847640991,0.9958680272102356,-0.006904542446136475,3.896625
lca,2,p230_258_mic2,p230,data\VCTK\wav48_silence_trimmed\p230\p230_258_mic2.flac,p271,0,1,0.9968463778495789,0.993613600730896,0.9968463778495789,-0.0032327771186828613,3.896625
lca,3,p230_258_mic2,p230,data\VCTK\wav48_silence_trimmed\p230\p230_258_mic2.flac,p271,0,1,0.997754693031311,0.995370090007782,0.997754693031311,-0.0023846030235290527,3.896625
original,0,p230_317_mic1,p230,data\VCTK\wav48_silence_trimmed\p230\p230_317_mic1.flac,p230,1,1,0.9964214563369751,0.9964214563369751,0.9961121678352356,0.00030928850173950195,4.0945
base,1,p230_317_mic1,p230,data\VCTK\wav48_silence_trimmed\p230\p230_317_mic1.flac,p312,0,1,0.9930195808410645,0.9857668876647949,0.9930195808410645,-0.007252693176269531,4.0945
base,2,p230_317_mic1,p230,data\VCTK\wav48_silence_trimmed\p230\p230_317_mic1.flac,p266,0,1,0.996484637260437,0.9944359064102173,0.996484637260437,-0.0020487308502197266,4.0945
base,3,p230_317_mic1,p230,data\VCTK\wav48_silence_trimmed\p230\p230_317_mic1.flac,p266,0,1,0.9962958693504333,0.9932767152786255,0.9962958693504333,-0.0030191540718078613,4.0945
lca,1,p230_317_mic1,p230,data\VCTK\wav48_silence_trimmed\p230\p230_317_mic1.flac,p312,0,1,0.9944737553596497,0.9922835826873779,0.9944737553596497,-0.0021901726722717285,4.0945
lca,2,p230_317_mic1,p230,data\VCTK\wav48_silence_trimmed\p230\p230_317_mic1.flac,p266,0,1,0.9969513416290283,0.9921892881393433,0.9969513416290283,-0.004762053489685059,4.0945
lca,3,p230_317_mic1,p230,data\VCTK\wav48_silence_trimmed\p230\p230_317_mic1.flac,p266,0,1,0.9963034987449646,0.9931344985961914,0.9963034987449646,-0.0031690001487731934,4.0945
original,0,p230_396_mic2,p230,data\VCTK\wav48_silence_trimmed\p230\p230_396_mic2.flac,p233,0,1,0.996049165725708,0.9893009066581726,0.996049165725708,-0.0067482590675354,2.0094375
base,1,p230_396_mic2,p230,data\VCTK\wav48_silence_trimmed\p230\p230_396_mic2.flac,p268,0,1,0.993989884853363,0.9823281764984131,0.993989884853363,-0.011661708354949951,2.0094375
base,2,p230_396_mic2,p230,data\VCTK\wav48_silence_trimmed\p230\p230_396_mic2.flac,p268,0,1,0.9952509999275208,0.9903202056884766,0.9952509999275208,-0.0049307942390441895,2.0094375
base,3,p230_396_mic2,p230,data\VCTK\wav48_silence_trimmed\p230\p230_396_mic2.flac,p329,0,1,0.9952813386917114,0.9904654026031494,0.9952813386917114,-0.004815936088562012,2.0094375
lca,1,p230_396_mic2,p230,data\VCTK\wav48_silence_trimmed\p230\p230_396_mic2.flac,p268,0,1,0.9941753149032593,0.9853380918502808,0.9941753149032593,-0.008837223052978516,2.0094375
lca,2,p230_396_mic2,p230,data\VCTK\wav48_silence_trimmed\p230\p230_396_mic2.flac,p268,0,1,0.9954591393470764,0.9893429279327393,0.9954591393470764,-0.006116211414337158,2.0094375
lca,3,p230_396_mic2,p230,data\VCTK\wav48_silence_trimmed\p230\p230_396_mic2.flac,p268,0,1,0.9955978989601135,0.9886535406112671,0.9955978989601135,-0.0069443583488464355,2.0094375
original,0,p231_045_mic1,p231,data\VCTK\wav48_silence_trimmed\p231\p231_045_mic1.flac,p252,0,1,0.9977989196777344,0.997291088104248,0.9977989196777344,-0.0005078315734863281,1.9240625
base,1,p231_045_mic1,p231,data\VCTK\wav48_silence_trimmed\p231\p231_045_mic1.flac,p239,0,1,0.9914454221725464,0.9768118858337402,0.9914454221725464,-0.014633536338806152,1.9240625
base,2,p231_045_mic1,p231,data\VCTK\wav48_silence_trimmed\p231\p231_045_mic1.flac,p259,0,1,0.9967739582061768,0.990372896194458,0.9967739582061768,-0.00640106201171875,1.9240625
base,3,p231_045_mic1,p231,data\VCTK\wav48_silence_trimmed\p231\p231_045_mic1.flac,p252,0,1,0.997147262096405,0.9933872222900391,0.997147262096405,-0.003760039806365967,1.9240625
lca,1,p231_045_mic1,p231,data\VCTK\wav48_silence_trimmed\p231\p231_045_mic1.flac,p303,0,1,0.9920353889465332,0.9827555418014526,0.9920353889465332,-0.009279847145080566,1.9240625
lca,2,p231_045_mic1,p231,data\VCTK\wav48_silence_trimmed\p231\p231_045_mic1.flac,p252,0,1,0.9971277713775635,0.9905668497085571,0.9971277713775635,-0.006560921669006348,1.9240625
lca,3,p231_045_mic1,p231,data\VCTK\wav48_silence_trimmed\p231\p231_045_mic1.flac,p252,0,1,0.9964395761489868,0.9905933141708374,0.9964395761489868,-0.005846261978149414,1.9240625
original,0,p231_118_mic1,p231,data\VCTK\wav48_silence_trimmed\p231\p231_118_mic1.flac,p228,0,1,0.9968468546867371,0.9945428371429443,0.9968468546867371,-0.0023040175437927246,2.376
base,1,p231_118_mic1,p231,data\VCTK\wav48_silence_trimmed\p231\p231_118_mic1.flac,p297,0,1,0.9952976703643799,0.9908247590065002,0.9952976703643799,-0.004472911357879639,2.376
base,2,p231_118_mic1,p231,data\VCTK\wav48_silence_trimmed\p231\p231_118_mic1.flac,p228,0,1,0.997952938079834,0.9942847490310669,0.997952938079834,-0.00366818904876709,2.376
base,3,p231_118_mic1,p231,data\VCTK\wav48_silence_trimmed\p231\p231_118_mic1.flac,p228,0,1,0.9974448680877686,0.993929922580719,0.9974448680877686,-0.0035149455070495605,2.376
lca,1,p231_118_mic1,p231,data\VCTK\wav48_silence_trimmed\p231\p231_118_mic1.flac,p303,0,1,0.9946617484092712,0.9879167079925537,0.9946617484092712,-0.006745040416717529,2.376
lca,2,p231_118_mic1,p231,data\VCTK\wav48_silence_trimmed\p231\p231_118_mic1.flac,p228,0,1,0.9964523315429688,0.9945168495178223,0.9964523315429688,-0.0019354820251464844,2.376
lca,3,p231_118_mic1,p231,data\VCTK\wav48_silence_trimmed\p231\p231_118_mic1.flac,p228,0,1,0.9963683485984802,0.994390070438385,0.9963683485984802,-0.001978278160095215,2.376
original,0,p231_266_mic2,p231,data\VCTK\wav48_silence_trimmed\p231\p231_266_mic2.flac,p308,0,1,0.9972109198570251,0.9970430135726929,0.9972109198570251,-0.0001679062843322754,2.209375
base,1,p231_266_mic2,p231,data\VCTK\wav48_silence_trimmed\p231\p231_266_mic2.flac,p303,0,1,0.9959603548049927,0.987865686416626,0.9959603548049927,-0.0080946683883667,2.209375
base,2,p231_266_mic2,p231,data\VCTK\wav48_silence_trimmed\p231\p231_266_mic2.flac,p308,0,1,0.9977312088012695,0.994961142539978,0.9977312088012695,-0.002770066261291504,2.209375
base,3,p231_266_mic2,p231,data\VCTK\wav48_silence_trimmed\p231\p231_266_mic2.flac,p233,0,1,0.9977009296417236,0.9976959228515625,0.9977009296417236,-5.0067901611328125e-06,2.209375
lca,1,p231_266_mic2,p231,data\VCTK\wav48_silence_trimmed\p231\p231_266_mic2.flac,p303,0,1,0.9962359666824341,0.9897426962852478,0.9962359666824341,-0.006493270397186279,2.209375
lca,2,p231_266_mic2,p231,data\VCTK\wav48_silence_trimmed\p231\p231_266_mic2.flac,p283,0,1,0.9974361658096313,0.9964914321899414,0.9974361658096313,-0.0009447336196899414,2.209375
lca,3,p231_266_mic2,p231,data\VCTK\wav48_silence_trimmed\p231\p231_266_mic2.flac,p283,0,1,0.9975261092185974,0.9972625970840454,0.9975261092185974,-0.00026351213455200195,2.209375
original,0,p231_296_mic1,p231,data\VCTK\wav48_silence_trimmed\p231\p231_296_mic1.flac,p267,0,1,0.9952870607376099,0.9948664307594299,0.9952870607376099,-0.00042062997817993164,2.82725
base,1,p231_296_mic1,p231,data\VCTK\wav48_silence_trimmed\p231\p231_296_mic1.flac,p297,0,1,0.9933708906173706,0.9881337285041809,0.9933708906173706,-0.005237162113189697,2.82725
base,2,p231_296_mic1,p231,data\VCTK\wav48_silence_trimmed\p231\p231_296_mic1.flac,p245,0,1,0.9966487884521484,0.993965208530426,0.9966487884521484,-0.002683579921722412,2.82725
base,3,p231_296_mic1,p231,data\VCTK\wav48_silence_trimmed\p231\p231_296_mic1.flac,p275,0,1,0.9956271052360535,0.9936489462852478,0.9956271052360535,-0.001978158950805664,2.82725
lca,1,p231_296_mic1,p231,data\VCTK\wav48_silence_trimmed\p231\p231_296_mic1.flac,p239,0,1,0.990939736366272,0.9820342659950256,0.990939736366272,-0.008905470371246338,2.82725
lca,2,p231_296_mic1,p231,data\VCTK\wav48_silence_trimmed\p231\p231_296_mic1.flac,p252,0,1,0.995457112789154,0.993253231048584,0.995457112789154,-0.0022038817405700684,2.82725
lca,3,p231_296_mic1,p231,data\VCTK\wav48_silence_trimmed\p231\p231_296_mic1.flac,p232,0,1,0.9950706362724304,0.9930301308631897,0.9950706362724304,-0.0020405054092407227,2.82725
original,0,p231_403_mic2,p231,data\VCTK\wav48_silence_trimmed\p231\p231_403_mic2.flac,p267,0,1,0.9973264932632446,0.9932542443275452,0.9973264932632446,-0.004072248935699463,2.775
base,1,p231_403_mic2,p231,data\VCTK\wav48_silence_trimmed\p231\p231_403_mic2.flac,p297,0,1,0.9945456981658936,0.9884290099143982,0.9945456981658936,-0.006116688251495361,2.775
base,2,p231_403_mic2,p231,data\VCTK\wav48_silence_trimmed\p231\p231_403_mic2.flac,p267,0,1,0.9969920516014099,0.9939538240432739,0.9969920516014099,-0.0030382275581359863,2.775
base,3,p231_403_mic2,p231,data\VCTK\wav48_silence_trimmed\p231\p231_403_mic2.flac,p267,0,1,0.9972018003463745,0.9936560988426208,0.9972018003463745,-0.003545701503753662,2.775
lca,1,p231_403_mic2,p231,data\VCTK\wav48_silence_trimmed\p231\p231_403_mic2.flac,p297,0,1,0.9938901662826538,0.987885057926178,0.9938901662826538,-0.00600510835647583,2.775
lca,2,p231_403_mic2,p231,data\VCTK\wav48_silence_trimmed\p231\p231_403_mic2.flac,p267,0,1,0.9972641468048096,0.9922904372215271,0.9972641468048096,-0.004973709583282471,2.775
lca,3,p231_403_mic2,p231,data\VCTK\wav48_silence_trimmed\p231\p231_403_mic2.flac,p267,0,1,0.9974918365478516,0.9916008114814758,0.9974918365478516,-0.005891025066375732,2.775
original,0,p232_038_mic2,p232,data\VCTK\wav48_silence_trimmed\p232\p232_038_mic2.flac,p241,0,1,0.9965677261352539,0.9942761659622192,0.9965677261352539,-0.002291560173034668,2.3505625
base,1,p232_038_mic2,p232,data\VCTK\wav48_silence_trimmed\p232\p232_038_mic2.flac,p255,0,1,0.9930522441864014,0.9863362908363342,0.9930522441864014,-0.006715953350067139,2.3505625
base,2,p232_038_mic2,p232,data\VCTK\wav48_silence_trimmed\p232\p232_038_mic2.flac,p258,0,1,0.996330738067627,0.9933621287345886,0.996330738067627,-0.00296860933303833,2.3505625
base,3,p232_038_mic2,p232,data\VCTK\wav48_silence_trimmed\p232\p232_038_mic2.flac,p258,0,1,0.996905505657196,0.994154155254364,0.996905505657196,-0.0027513504028320312,2.3505625
lca,1,p232_038_mic2,p232,data\VCTK\wav48_silence_trimmed\p232\p232_038_mic2.flac,p259,0,1,0.9921940565109253,0.9839861989021301,0.9921940565109253,-0.008207857608795166,2.3505625
lca,2,p232_038_mic2,p232,data\VCTK\wav48_silence_trimmed\p232\p232_038_mic2.flac,p259,0,1,0.9958997964859009,0.9909195899963379,0.9958997964859009,-0.004980206489562988,2.3505625
lca,3,p232_038_mic2,p232,data\VCTK\wav48_silence_trimmed\p232\p232_038_mic2.flac,p252,0,1,0.9964975714683533,0.9922091364860535,0.9964975714683533,-0.004288434982299805,2.3505625
original,0,p232_085_mic1,p232,data\VCTK\wav48_silence_trimmed\p232\p232_085_mic1.flac,p232,1,1,0.9968542456626892,0.9968542456626892,0.9961766600608826,0.0006775856018066406,2.4206875
base,1,p232_085_mic1,p232,data\VCTK\wav48_silence_trimmed\p232\p232_085_mic1.flac,p285,0,1,0.9917756915092468,0.9865097999572754,0.9917756915092468,-0.0052658915519714355,2.4206875
base,2,p232_085_mic1,p232,data\VCTK\wav48_silence_trimmed\p232\p232_085_mic1.flac,p334,0,1,0.9974384903907776,0.9966734647750854,0.9974384903907776,-0.0007650256156921387,2.4206875
base,3,p232_085_mic1,p232,data\VCTK\wav48_silence_trimmed\p232\p232_085_mic1.flac,p232,1,1,0.9964574575424194,0.9964574575424194,0.9963601231575012,9.733438491821289e-05,2.4206875
lca,1,p232_085_mic1,p232,data\VCTK\wav48_silence_trimmed\p232\p232_085_mic1.flac,p259,0,1,0.9931808114051819,0.9853489995002747,0.9931808114051819,-0.007831811904907227,2.4206875
lca,2,p232_085_mic1,p232,data\VCTK\wav48_silence_trimmed\p232\p232_085_mic1.flac,p285,0,1,0.9947487115859985,0.9911686778068542,0.9947487115859985,-0.003580033779144287,2.4206875
lca,3,p232_085_mic1,p232,data\VCTK\wav48_silence_trimmed\p232\p232_085_mic1.flac,p334,0,1,0.9956883192062378,0.9945356845855713,0.9956883192062378,-0.001152634620666504,2.4206875
original,0,p232_216_mic1,p232,data\VCTK\wav48_silence_trimmed\p232\p232_216_mic1.flac,p232,1,1,0.9978381395339966,0.9978381395339966,0.9965981841087341,0.0012399554252624512,3.38175
base,1,p232_216_mic1,p232,data\VCTK\wav48_silence_trimmed\p232\p232_216_mic1.flac,p285,0,1,0.9929167032241821,0.987013041973114,0.9929167032241821,-0.005903661251068115,3.38175
base,2,p232_216_mic1,p232,data\VCTK\wav48_silence_trimmed\p232\p232_216_mic1.flac,p275,0,1,0.9975425601005554,0.9971641302108765,0.9975425601005554,-0.0003784298896789551,3.38175
base,3,p232_216_mic1,p232,data\VCTK\wav48_silence_trimmed\p232\p232_216_mic1.flac,p232,1,1,0.9982212781906128,0.9982212781906128,0.9976927638053894,0.0005285143852233887,3.38175
lca,1,p232_216_mic1,p232,data\VCTK\wav48_silence_trimmed\p232\p232_216_mic1.flac,p255,0,1,0.9930574297904968,0.9879926443099976,0.9930574297904968,-0.005064785480499268,3.38175
lca,2,p232_216_mic1,p232,data\VCTK\wav48_silence_trimmed\p232\p232_216_mic1.flac,p285,0,1,0.996418297290802,0.9959274530410767,0.996418297290802,-0.0004908442497253418,3.38175
lca,3,p232_216_mic1,p232,data\VCTK\wav48_silence_trimmed\p232\p232_216_mic1.flac,p232,1,1,0.995998203754425,0.995998203754425,0.9954929947853088,0.0005052089691162109,3.38175
original,0,p232_317_mic2,p232,data\VCTK\wav48_silence_trimmed\p232\p232_317_mic2.flac,p274,0,1,0.9945272207260132,0.9920095205307007,0.9945272207260132,-0.0025177001953125,2.774125
base,1,p232_317_mic2,p232,data\VCTK\wav48_silence_trimmed\p232\p232_317_mic2.flac,p333,0,1,0.9913147687911987,0.9837663173675537,0.9913147687911987,-0.0075484514236450195,2.774125
base,2,p232_317_mic2,p232,data\VCTK\wav48_silence_trimmed\p232\p232_317_mic2.flac,p243,0,1,0.9970144033432007,0.9910784959793091,0.9970144033432007,-0.0059359073638916016,2.774125
base,3,p232_317_mic2,p232,data\VCTK\wav48_silence_trimmed\p232\p232_317_mic2.flac,p243,0,1,0.9963265657424927,0.9908862709999084,0.9963265657424927,-0.0054402947425842285,2.774125
lca,1,p232_317_mic2,p232,data\VCTK\wav48_silence_trimmed\p232\p232_317_mic2.flac,p255,0,1,0.9939264059066772,0.9878226518630981,0.9939264059066772,-0.0061037540435791016,2.774125
lca,2,p232_317_mic2,p232,data\VCTK\wav48_silence_trimmed\p232\p232_317_mic2.flac,p243,0,1,0.9964255690574646,0.9909716248512268,0.9964255690574646,-0.005453944206237793,2.774125
lca,3,p232_317_mic2,p232,data\VCTK\wav48_silence_trimmed\p232\p232_317_mic2.flac,p243,0,1,0.9959985613822937,0.9920583367347717,0.9959985613822937,-0.003940224647521973,2.774125
original,0,p232_338_mic2,p232,data\VCTK\wav48_silence_trimmed\p232\p232_338_mic2.flac,p286,0,1,0.996826171875,0.995853841304779,0.996826171875,-0.0009723305702209473,2.5706875
base,1,p232_338_mic2,p232,data\VCTK\wav48_silence_trimmed\p232\p232_338_mic2.flac,p255,0,1,0.9922453165054321,0.9863816499710083,0.9922453165054321,-0.005863666534423828,2.5706875
base,2,p232_338_mic2,p232,data\VCTK\wav48_silence_trimmed\p232\p232_338_mic2.flac,p334,0,1,0.9970659017562866,0.9941129088401794,0.9970659017562866,-0.0029529929161071777,2.5706875
base,3,p232_338_mic2,p232,data\VCTK\wav48_silence_trimmed\p232\p232_338_mic2.flac,p334,0,1,0.9977789521217346,0.9957488179206848,0.9977789521217346,-0.0020301342010498047,2.5706875
lca,1,p232_338_mic2,p232,data\VCTK\wav48_silence_trimmed\p232\p232_338_mic2.flac,p285,0,1,0.9919094443321228,0.9854903221130371,0.9919094443321228,-0.006419122219085693,2.5706875
lca,2,p232_338_mic2,p232,data\VCTK\wav48_silence_trimmed\p232\p232_338_mic2.flac,p334,0,1,0.9958476424217224,0.9918413758277893,0.9958476424217224,-0.0040062665939331055,2.5706875
lca,3,p232_338_mic2,p232,data\VCTK\wav48_silence_trimmed\p232\p232_338_mic2.flac,p334,0,1,0.9971909523010254,0.9941807389259338,0.9971909523010254,-0.0030102133750915527,2.5706875
original,0,p233_060_mic1,p233,data\VCTK\wav48_silence_trimmed\p233\p233_060_mic1.flac,p233,1,1,0.998366117477417,0.998366117477417,0.9980749487876892,0.0002911686897277832,3.5398125
base,1,p233_060_mic1,p233,data\VCTK\wav48_silence_trimmed\p233\p233_060_mic1.flac,p253,0,1,0.9918323159217834,0.9849338531494141,0.9918323159217834,-0.006898462772369385,3.5398125
base,2,p233_060_mic1,p233,data\VCTK\wav48_silence_trimmed\p233\p233_060_mic1.flac,p253,0,1,0.9978594183921814,0.996301531791687,0.9978594183921814,-0.0015578866004943848,3.5398125
base,3,p233_060_mic1,p233,data\VCTK\wav48_silence_trimmed\p233\p233_060_mic1.flac,p314,0,1,0.9981837272644043,0.9980228543281555,0.9981837272644043,-0.0001608729362487793,3.5398125
lca,1,p233_060_mic1,p233,data\VCTK\wav48_silence_trimmed\p233\p233_060_mic1.flac,p239,0,1,0.993014931678772,0.9854347109794617,0.993014931678772,-0.007580220699310303,3.5398125
lca,2,p233_060_mic1,p233,data\VCTK\wav48_silence_trimmed\p233\p233_060_mic1.flac,p268,0,1,0.9970135688781738,0.9952836632728577,0.9970135688781738,-0.0017299056053161621,3.5398125
lca,3,p233_060_mic1,p233,data\VCTK\wav48_silence_trimmed\p233\p233_060_mic1.flac,p268,0,1,0.997704267501831,0.9972050189971924,0.997704267501831,-0.0004992485046386719,3.5398125
original,0,p233_066_mic2,p233,data\VCTK\wav48_silence_trimmed\p233\p233_066_mic2.flac,p233,1,1,0.9978864192962646,0.9978864192962646,0.9974709749221802,0.00041544437408447266,2.2546875
base,1,p233_066_mic2,p233,data\VCTK\wav48_silence_trimmed\p233\p233_066_mic2.flac,p268,0,1,0.9953113794326782,0.9912295341491699,0.9953113794326782,-0.004081845283508301,2.2546875
base,2,p233_066_mic2,p233,data\VCTK\wav48_silence_trimmed\p233\p233_066_mic2.flac,p233,1,1,0.9982552528381348,0.9982552528381348,0.9976312518119812,0.0006240010261535645,2.2546875
base,3,p233_066_mic2,p233,data\VCTK\wav48_silence_trimmed\p233\p233_066_mic2.flac,p233,1,1,0.9982836842536926,0.9982836842536926,0.9972404837608337,0.0010432004928588867,2.2546875
lca,1,p233_066_mic2,p233,data\VCTK\wav48_silence_trimmed\p233\p233_066_mic2.flac,p268,0,1,0.9960559606552124,0.9926850199699402,0.9960559606552124,-0.003370940685272217,2.2546875
lca,2,p233_066_mic2,p233,data\VCTK\wav48_silence_trimmed\p233\p233_066_mic2.flac,p268,0,1,0.9980199933052063,0.9978182315826416,0.9980199933052063,-0.00020176172256469727,2.2546875
lca,3,p233_066_mic2,p233,data\VCTK\wav48_silence_trimmed\p233\p233_066_mic2.flac,p233,1,1,0.9982880353927612,0.9982880353927612,0.9977354407310486,0.0005525946617126465,2.2546875
original,0,p233_292_mic2,p233,data\VCTK\wav48_silence_trimmed\p233\p233_292_mic2.flac,p351,0,1,0.9980883002281189,0.996454656124115,0.9980883002281189,-0.0016336441040039062,2.0680625
base,1,p233_292_mic2,p233,data\VCTK\wav48_silence_trimmed\p233\p233_292_mic2.flac,p268,0,1,0.9934437274932861,0.9890978336334229,0.9934437274932861,-0.004345893859863281,2.0680625
base,2,p233_292_mic2,p233,data\VCTK\wav48_silence_trimmed\p233\p233_292_mic2.flac,p297,0,1,0.9976650476455688,0.9967323541641235,0.9976650476455688,-0.0009326934814453125,2.0680625
base,3,p233_292_mic2,p233,data\VCTK\wav48_silence_trimmed\p233\p233_292_mic2.flac,p351,0,1,0.9973243474960327,0.9965614080429077,0.9973243474960327,-0.000762939453125,2.0680625
lca,1,p233_292_mic2,p233,data\VCTK\wav48_silence_trimmed\p233\p233_292_mic2.flac,p239,0,1,0.9955293536186218,0.9906953573226929,0.9955293536186218,-0.004833996295928955,2.0680625
lca,2,p233_292_mic2,p233,data\VCTK\wav48_silence_trimmed\p233\p233_292_mic2.flac,p297,0,1,0.9972509145736694,0.9963265657424927,0.9972509145736694,-0.0009243488311767578,2.0680625
lca,3,p233_292_mic2,p233,data\VCTK\wav48_silence_trimmed\p233\p233_292_mic2.flac,p288,0,1,0.9976354241371155,0.9975243806838989,0.9976354241371155,-0.00011104345321655273,2.0680625
original,0,p233_309_mic2,p233,data\VCTK\wav48_silence_trimmed\p233\p233_309_mic2.flac,p233,1,1,0.9985992908477783,0.9985992908477783,0.9977701306343079,0.000829160213470459,2.936375
base,1,p233_309_mic2,p233,data\VCTK\wav48_silence_trimmed\p233\p233_309_mic2.flac,p297,0,1,0.9949991106987,0.9926848411560059,0.9949991106987,-0.002314269542694092,2.936375
base,2,p233_309_mic2,p233,data\VCTK\wav48_silence_trimmed\p233\p233_309_mic2.flac,p233,1,1,0.9972661137580872,0.9972661137580872,0.9966701865196228,0.0005959272384643555,2.936375
base,3,p233_309_mic2,p233,data\VCTK\wav48_silence_trimmed\p233\p233_309_mic2.flac,p233,1,1,0.9978960156440735,0.9978960156440735,0.9978147745132446,8.124113082885742e-05,2.936375
lca,1,p233_309_mic2,p233,data\VCTK\wav48_silence_trimmed\p233\p233_309_mic2.flac,p268,0,1,0.9956383109092712,0.9947019815444946,0.9956383109092712,-0.0009363293647766113,2.936375
lca,2,p233_309_mic2,p233,data\VCTK\wav48_silence_trimmed\p233\p233_309_mic2.flac,p268,0,1,0.9970802664756775,0.9966880679130554,0.9970802664756775,-0.0003921985626220703,2.936375
lca,3,p233_309_mic2,p233,data\VCTK\wav48_silence_trimmed\p233\p233_309_mic2.flac,p233,1,1,0.9975240230560303,0.9975240230560303,0.9970981478691101,0.000425875186920166,2.936375
original,0,p233_363_mic1,p233,data\VCTK\wav48_silence_trimmed\p233\p233_363_mic1.flac,p233,1,1,0.9970624446868896,0.9970624446868896,0.9968441128730774,0.00021833181381225586,2.349625
base,1,p233_363_mic1,p233,data\VCTK\wav48_silence_trimmed\p233\p233_363_mic1.flac,p255,0,1,0.9902266263961792,0.9801355600357056,0.9902266263961792,-0.010091066360473633,2.349625
base,2,p233_363_mic1,p233,data\VCTK\wav48_silence_trimmed\p233\p233_363_mic1.flac,p264,0,1,0.9968625903129578,0.9937326908111572,0.9968625903129578,-0.003129899501800537,2.349625
base,3,p233_363_mic1,p233,data\VCTK\wav48_silence_trimmed\p233\p233_363_mic1.flac,p264,0,1,0.9974717497825623,0.9959458112716675,0.9974717497825623,-0.0015259385108947754,2.349625
lca,1,p233_363_mic1,p233,data\VCTK\wav48_silence_trimmed\p233\p233_363_mic1.flac,p255,0,1,0.9888267517089844,0.9744036793708801,0.9888267517089844,-0.014423072338104248,2.349625
lca,2,p233_363_mic1,p233,data\VCTK\wav48_silence_trimmed\p233\p233_363_mic1.flac,p297,0,1,0.9967685341835022,0.9951513409614563,0.9967685341835022,-0.0016171932220458984,2.349625
lca,3,p233_363_mic1,p233,data\VCTK\wav48_silence_trimmed\p233\p233_363_mic1.flac,p314,0,1,0.9971561431884766,0.9963372349739075,0.9971561431884766,-0.0008189082145690918,2.349625
original,0,p234_009_mic2,p234,data\VCTK\wav48_silence_trimmed\p234\p234_009_mic2.flac,p234,1,1,0.997678279876709,0.997678279876709,0.9963884949684143,0.0012897849082946777,5.260625
base,1,p234_009_mic2,p234,data\VCTK\wav48_silence_trimmed\p234\p234_009_mic2.flac,p278,0,1,0.9939332008361816,0.9887236952781677,0.9939332008361816,-0.005209505558013916,5.260625
base,2,p234_009_mic2,p234,data\VCTK\wav48_silence_trimmed\p234\p234_009_mic2.flac,p294,0,1,0.9964798092842102,0.9954252243041992,0.9964798092842102,-0.0010545849800109863,5.260625
base,3,p234_009_mic2,p234,data\VCTK\wav48_silence_trimmed\p234\p234_009_mic2.flac,p294,0,1,0.9966217279434204,0.9965041875839233,0.9966217279434204,-0.00011754035949707031,5.260625
lca,1,p234_009_mic2,p234,data\VCTK\wav48_silence_trimmed\p234\p234_009_mic2.flac,p225,0,1,0.994353175163269,0.9913060665130615,0.994353175163269,-0.0030471086502075195,5.260625
lca,2,p234_009_mic2,p234,data\VCTK\wav48_silence_trimmed\p234\p234_009_mic2.flac,p294,0,1,0.9960799217224121,0.9949535131454468,0.9960799217224121,-0.001126408576965332,5.260625
lca,3,p234_009_mic2,p234,data\VCTK\wav48_silence_trimmed\p234\p234_009_mic2.flac,p294,0,1,0.9959656596183777,0.9957109689712524,0.9959656596183777,-0.00025469064712524414,5.260625
original,0,p234_037_mic1,p234,data\VCTK\wav48_silence_trimmed\p234\p234_037_mic1.flac,p288,0,1,0.9978755116462708,0.9919632077217102,0.9978755116462708,-0.005912303924560547,4.3538125
base,1,p234_037_mic1,p234,data\VCTK\wav48_silence_trimmed\p234\p234_037_mic1.flac,p239,0,1,0.9934123754501343,0.9786830544471741,0.9934123754501343,-0.014729321002960205,4.3538125
base,2,p234_037_mic1,p234,data\VCTK\wav48_silence_trimmed\p234\p234_037_mic1.flac,p297,0,1,0.9983674883842468,0.9882041811943054,0.9983674883842468,-0.010163307189941406,4.3538125
base,3,p234_037_mic1,p234,data\VCTK\wav48_silence_trimmed\p234\p234_037_mic1.flac,p300,0,1,0.9978338479995728,0.9885032773017883,0.9978338479995728,-0.009330570697784424,4.3538125
lca,1,p234_037_mic1,p234,data\VCTK\wav48_silence_trimmed\p234\p234_037_mic1.flac,p239,0,1,0.9936503171920776,0.9793264865875244,0.9936503171920776,-0.014323830604553223,4.3538125
lca,2,p234_037_mic1,p234,data\VCTK\wav48_silence_trimmed\p234\p234_037_mic1.flac,p297,0,1,0.9967536926269531,0.9863873720169067,0.9967536926269531,-0.010366320610046387,4.3538125
lca,3,p234_037_mic1,p234,data\VCTK\wav48_silence_trimmed\p234\p234_037_mic1.flac,p300,0,1,0.997725248336792,0.9878378510475159,0.997725248336792,-0.009887397289276123,4.3538125
original,0,p234_198_mic2,p234,data\VCTK\wav48_silence_trimmed\p234\p234_198_mic2.flac,s5,0,1,0.9968258738517761,0.9880220293998718,0.9968258738517761,-0.008803844451904297,3.3989375
base,1,p234_198_mic2,p234,data\VCTK\wav48_silence_trimmed\p234\p234_198_mic2.flac,p253,0,1,0.9923524260520935,0.9771755933761597,0.9923524260520935,-0.015176832675933838,3.3989375
base,2,p234_198_mic2,p234,data\VCTK\wav48_silence_trimmed\p234\p234_198_mic2.flac,p268,0,1,0.9974857568740845,0.9854500889778137,0.9974857568740845,-0.012035667896270752,3.3989375
base,3,p234_198_mic2,p234,data\VCTK\wav48_silence_trimmed\p234\p234_198_mic2.flac,p268,0,1,0.9979762434959412,0.9858384728431702,0.9979762434959412,-0.012137770652770996,3.3989375
lca,1,p234_198_mic2,p234,data\VCTK\wav48_silence_trimmed\p234\p234_198_mic2.flac,p252,0,1,0.9922734498977661,0.9779738783836365,0.9922734498977661,-0.014299571514129639,3.3989375
lca,2,p234_198_mic2,p234,data\VCTK\wav48_silence_trimmed\p234\p234_198_mic2.flac,p297,0,1,0.9955981373786926,0.984409511089325,0.9955981373786926,-0.011188626289367676,3.3989375
lca,3,p234_198_mic2,p234,data\VCTK\wav48_silence_trimmed\p234\p234_198_mic2.flac,p268,0,1,0.9963480234146118,0.9851054549217224,0.9963480234146118,-0.011242568492889404,3.3989375
original,0,p234_239_mic1,p234,data\VCTK\wav48_silence_trimmed\p234\p234_239_mic1.flac,p288,0,1,0.9976511001586914,0.9923359155654907,0.9976511001586914,-0.005315184593200684,4.387125
base,1,p234_239_mic1,p234,data\VCTK\wav48_silence_trimmed\p234\p234_239_mic1.flac,p303,0,1,0.994753897190094,0.9770767688751221,0.994753897190094,-0.017677128314971924,4.387125
base,2,p234_239_mic1,p234,data\VCTK\wav48_silence_trimmed\p234\p234_239_mic1.flac,p300,0,1,0.9976134896278381,0.9898712635040283,0.9976134896278381,-0.0077422261238098145,4.387125
base,3,p234_239_mic1,p234,data\VCTK\wav48_silence_trimmed\p234\p234_239_mic1.flac,p300,0,1,0.9977095723152161,0.9911118745803833,0.9977095723152161,-0.006597697734832764,4.387125
lca,1,p234_239_mic1,p234,data\VCTK\wav48_silence_trimmed\p234\p234_239_mic1.flac,p303,0,1,0.9952189326286316,0.9794909954071045,0.9952189326286316,-0.0157279372215271,4.387125
lca,2,p234_239_mic1,p234,data\VCTK\wav48_silence_trimmed\p234\p234_239_mic1.flac,p300,0,1,0.9970651268959045,0.9881681203842163,0.9970651268959045,-0.008897006511688232,4.387125
lca,3,p234_239_mic1,p234,data\VCTK\wav48_silence_trimmed\p234\p234_239_mic1.flac,p300,0,1,0.9971527457237244,0.989889919757843,0.9971527457237244,-0.007262825965881348,4.387125
original,0,p234_267_mic1,p234,data\VCTK\wav48_silence_trimmed\p234\p234_267_mic1.flac,p233,0,1,0.9973071813583374,0.9923816919326782,0.9973071813583374,-0.00492548942565918,3.6719375
base,1,p234_267_mic1,p234,data\VCTK\wav48_silence_trimmed\p234\p234_267_mic1.flac,p239,0,1,0.9936338663101196,0.9822636842727661,0.9936338663101196,-0.011370182037353516,3.6719375
base,2,p234_267_mic1,p234,data\VCTK\wav48_silence_trimmed\p234\p234_267_mic1.flac,p302,0,1,0.9986882209777832,0.9854333996772766,0.9986882209777832,-0.013254821300506592,3.6719375
base,3,p234_267_mic1,p234,data\VCTK\wav48_silence_trimmed\p234\p234_267_mic1.flac,p302,0,1,0.9986668229103088,0.9856281280517578,0.9986668229103088,-0.013038694858551025,3.6719375
lca,1,p234_267_mic1,p234,data\VCTK\wav48_silence_trimmed\p234\p234_267_mic1.flac,p345,0,1,0.9945645928382874,0.9829214215278625,0.9945645928382874,-0.011643171310424805,3.6719375
lca,2,p234_267_mic1,p234,data\VCTK\wav48_silence_trimmed\p234\p234_267_mic1.flac,p302,0,1,0.9973436594009399,0.9863197803497314,0.9973436594009399,-0.011023879051208496,3.6719375
lca,3,p234_267_mic1,p234,data\VCTK\wav48_silence_trimmed\p234\p234_267_mic1.flac,p256,0,1,0.998245120048523,0.9890216588973999,0.998245120048523,-0.009223461151123047,3.6719375
original,0,p236_055_mic2,p236,data\VCTK\wav48_silence_trimmed\p236\p236_055_mic2.flac,p238,0,1,0.9975427389144897,0.9947949051856995,0.9975427389144897,-0.002747833728790283,2.3045625
base,1,p236_055_mic2,p236,data\VCTK\wav48_silence_trimmed\p236\p236_055_mic2.flac,p236,1,1,0.9915533065795898,0.9915533065795898,0.9899631142616272,0.0015901923179626465,2.3045625
base,2,p236_055_mic2,p236,data\VCTK\wav48_silence_trimmed\p236\p236_055_mic2.flac,p268,0,1,0.9960377812385559,0.9946572780609131,0.9960377812385559,-0.0013805031776428223,2.3045625
base,3,p236_055_mic2,p236,data\VCTK\wav48_silence_trimmed\p236\p236_055_mic2.flac,p238,0,1,0.9969872236251831,0.9939274787902832,0.9969872236251831,-0.0030597448348999023,2.3045625
lca,1,p236_055_mic2,p236,data\VCTK\wav48_silence_trimmed\p236\p236_055_mic2.flac,p236,1,1,0.9914445877075195,0.9914445877075195,0.9895904064178467,0.0018541812896728516,2.3045625
lca,2,p236_055_mic2,p236,data\VCTK\wav48_silence_trimmed\p236\p236_055_mic2.flac,p238,0,1,0.995850682258606,0.9943101406097412,0.995850682258606,-0.001540541648864746,2.3045625
lca,3,p236_055_mic2,p236,data\VCTK\wav48_silence_trimmed\p236\p236_055_mic2.flac,p238,0,1,0.9964811205863953,0.9946107864379883,0.9964811205863953,-0.0018703341484069824,2.3045625
original,0,p236_121_mic1,p236,data\VCTK\wav48_silence_trimmed\p236\p236_121_mic1.flac,p261,0,1,0.9941409230232239,0.9868339896202087,0.9941409230232239,-0.007306933403015137,1.8390625
base,1,p236_121_mic1,p236,data\VCTK\wav48_silence_trimmed\p236\p236_121_mic1.flac,p312,0,1,0.9914585947990417,0.9869505763053894,0.9914585947990417,-0.004508018493652344,1.8390625
base,2,p236_121_mic1,p236,data\VCTK\wav48_silence_trimmed\p236\p236_121_mic1.flac,p312,0,1,0.9956520199775696,0.9900968670845032,0.9956520199775696,-0.005555152893066406,1.8390625
base,3,p236_121_mic1,p236,data\VCTK\wav48_silence_trimmed\p236\p236_121_mic1.flac,p312,0,1,0.9939824342727661,0.9869438409805298,0.9939824342727661,-0.007038593292236328,1.8390625
lca,1,p236_121_mic1,p236,data\VCTK\wav48_silence_trimmed\p236\p236_121_mic1.flac,p312,0,1,0.9914333820343018,0.9876486659049988,0.9914333820343018,-0.0037847161293029785,1.8390625
lca,2,p236_121_mic1,p236,data\VCTK\wav48_silence_trimmed\p236\p236_121_mic1.flac,p305,0,1,0.9942245483398438,0.9886061549186707,0.9942245483398438,-0.005618393421173096,1.8390625
lca,3,p236_121_mic1,p236,data\VCTK\wav48_silence_trimmed\p236\p236_121_mic1.flac,p312,0,1,0.9949467778205872,0.990199089050293,0.9949467778205872,-0.0047476887702941895,1.8390625
original,0,p236_226_mic1,p236,data\VCTK\wav48_silence_trimmed\p236\p236_226_mic1.flac,p300,0,1,0.9969608783721924,0.9913679957389832,0.9969608783721924,-0.0055928826332092285,2.34925
base,1,p236_226_mic1,p236,data\VCTK\wav48_silence_trimmed\p236\p236_226_mic1.flac,p239,0,1,0.9929230809211731,0.9906855821609497,0.9929230809211731,-0.0022374987602233887,2.34925
base,2,p236_226_mic1,p236,data\VCTK\wav48_silence_trimmed\p236\p236_226_mic1.flac,p351,0,1,0.9973722696304321,0.9945187568664551,0.9973722696304321,-0.0028535127639770508,2.34925
base,3,p236_226_mic1,p236,data\VCTK\wav48_silence_trimmed\p236\p236_226_mic1.flac,p300,0,1,0.9977036714553833,0.9931038022041321,0.9977036714553833,-0.004599869251251221,2.34925
lca,1,p236_226_mic1,p236,data\VCTK\wav48_silence_trimmed\p236\p236_226_mic1.flac,p239,0,1,0.9918556213378906,0.9910790920257568,0.9918556213378906,-0.0007765293121337891,2.34925
lca,2,p236_226_mic1,p236,data\VCTK\wav48_silence_trimmed\p236\p236_226_mic1.flac,p300,0,1,0.9966781139373779,0.9950538873672485,0.9966781139373779,-0.0016242265701293945,2.34925
lca,3,p236_226_mic1,p236,data\VCTK\wav48_silence_trimmed\p236\p236_226_mic1.flac,p351,0,1,0.9968979954719543,0.9937924146652222,0.9968979954719543,-0.0031055808067321777,2.34925
original,0,p236_394_mic2,p236,data\VCTK\wav48_silence_trimmed\p236\p236_394_mic2.flac,p312,0,1,0.9963917136192322,0.9959514141082764,0.9963917136192322,-0.00044029951095581055,2.6890625
base,1,p236_394_mic2,p236,data\VCTK\wav48_silence_trimmed\p236\p236_394_mic2.flac,p335,0,1,0.9911932945251465,0.9897639751434326,0.9911932945251465,-0.0014293193817138672,2.6890625
base,2,p236_394_mic2,p236,data\VCTK\wav48_silence_trimmed\p236\p236_394_mic2.flac,p312,0,1,0.9960350394248962,0.9929769039154053,0.9960350394248962,-0.003058135509490967,2.6890625
base,3,p236_394_mic2,p236,data\VCTK\wav48_silence_trimmed\p236\p236_394_mic2.flac,p312,0,1,0.9966491460800171,0.993750274181366,0.9966491460800171,-0.002898871898651123,2.6890625
lca,1,p236_394_mic2,p236,data\VCTK\wav48_silence_trimmed\p236\p236_394_mic2.flac,p239,0,1,0.9943192005157471,0.9927696585655212,0.9943192005157471,-0.00154954195022583,2.6890625
lca,2,p236_394_mic2,p236,data\VCTK\wav48_silence_trimmed\p236\p236_394_mic2.flac,p312,0,1,0.9951757192611694,0.9932504892349243,0.9951757192611694,-0.0019252300262451172,2.6890625
lca,3,p236_394_mic2,p236,data\VCTK\wav48_silence_trimmed\p236\p236_394_mic2.flac,p312,0,1,0.9945017695426941,0.9918088912963867,0.9945017695426941,-0.002692878246307373,2.6890625
original,0,p236_492_mic2,p236,data\VCTK\wav48_silence_trimmed\p236\p236_492_mic2.flac,s5,0,1,0.9968847036361694,0.9957306981086731,0.9968847036361694,-0.0011540055274963379,2.2233125
base,1,p236_492_mic2,p236,data\VCTK\wav48_silence_trimmed\p236\p236_492_mic2.flac,p236,1,1,0.9899925589561462,0.9899925589561462,0.98946613073349,0.00052642822265625,2.2233125
base,2,p236_492_mic2,p236,data\VCTK\wav48_silence_trimmed\p236\p236_492_mic2.flac,p236,1,1,0.9946105480194092,0.9946105480194092,0.9936335682868958,0.0009769797325134277,2.2233125
base,3,p236_492_mic2,p236,data\VCTK\wav48_silence_trimmed\p236\p236_492_mic2.flac,p236,1,1,0.9967911839485168,0.9967911839485168,0.995947539806366,0.0008436441421508789,2.2233125
lca,1,p236_492_mic2,p236,data\VCTK\wav48_silence_trimmed\p236\p236_492_mic2.flac,p255,0,1,0.9946722984313965,0.9914131164550781,0.9946722984313965,-0.0032591819763183594,2.2233125
lca,2,p236_492_mic2,p236,data\VCTK\wav48_silence_trimmed\p236\p236_492_mic2.flac,s5,0,1,0.9966764450073242,0.9957161545753479,0.9966764450073242,-0.0009602904319763184,2.2233125
lca,3,p236_492_mic2,p236,data\VCTK\wav48_silence_trimmed\p236\p236_492_mic2.flac,s5,0,1,0.9966033697128296,0.9964699745178223,0.9966033697128296,-0.00013339519500732422,2.2233125
original,0,p237_140_mic2,p237,data\VCTK\wav48_silence_trimmed\p237\p237_140_mic2.flac,p287,0,1,0.9961898922920227,0.9956296682357788,0.9961898922920227,-0.0005602240562438965,3.15075
base,1,p237_140_mic2,p237,data\VCTK\wav48_silence_trimmed\p237\p237_140_mic2.flac,p292,0,1,0.9950588941574097,0.9906526207923889,0.9950588941574097,-0.004406273365020752,3.15075
base,2,p237_140_mic2,p237,data\VCTK\wav48_silence_trimmed\p237\p237_140_mic2.flac,p271,0,1,0.9972504377365112,0.9944000840187073,0.9972504377365112,-0.002850353717803955,3.15075
base,3,p237_140_mic2,p237,data\VCTK\wav48_silence_trimmed\p237\p237_140_mic2.flac,p272,0,1,0.9962615966796875,0.9942776560783386,0.9962615966796875,-0.001983940601348877,3.15075
lca,1,p237_140_mic2,p237,data\VCTK\wav48_silence_trimmed\p237\p237_140_mic2.flac,p278,0,1,0.9961713552474976,0.9910933971405029,0.9961713552474976,-0.005077958106994629,3.15075
lca,2,p237_140_mic2,p237,data\VCTK\wav48_silence_trimmed\p237\p237_140_mic2.flac,p360,0,1,0.9952872395515442,0.9945501685142517,0.9952872395515442,-0.0007370710372924805,3.15075
lca,3,p237_140_mic2,p237,data\VCTK\wav48_silence_trimmed\p237\p237_140_mic2.flac,p360,0,1,0.9955829977989197,0.9947879314422607,0.9955829977989197,-0.0007950663566589355,3.15075
original,0,p237_164_mic2,p237,data\VCTK\wav48_silence_trimmed\p237\p237_164_mic2.flac,p345,0,1,0.9981660842895508,0.9943546652793884,0.9981660842895508,-0.0038114190101623535,2.7354375
base,1,p237_164_mic2,p237,data\VCTK\wav48_silence_trimmed\p237\p237_164_mic2.flac,p252,0,1,0.9950998425483704,0.9897456765174866,0.9950998425483704,-0.005354166030883789,2.7354375
base,2,p237_164_mic2,p237,data\VCTK\wav48_silence_trimmed\p237\p237_164_mic2.flac,p345,0,1,0.9979692697525024,0.9921830296516418,0.9979692697525024,-0.005786240100860596,2.7354375
base,3,p237_164_mic2,p237,data\VCTK\wav48_silence_trimmed\p237\p237_164_mic2.flac,p345,0,1,0.9983730316162109,0.9952976107597351,0.9983730316162109,-0.00307542085647583,2.7354375
lca,1,p237_164_mic2,p237,data\VCTK\wav48_silence_trimmed\p237\p237_164_mic2.flac,p256,0,1,0.9964576959609985,0.9918773174285889,0.9964576959609985,-0.004580378532409668,2.7354375
lca,2,p237_164_mic2,p237,data\VCTK\wav48_silence_trimmed\p237\p237_164_mic2.flac,p345,0,1,0.9974371194839478,0.9916694760322571,0.9974371194839478,-0.005767643451690674,2.7354375
lca,3,p237_164_mic2,p237,data\VCTK\wav48_silence_trimmed\p237\p237_164_mic2.flac,p302,0,1,0.9975641369819641,0.9920704364776611,0.9975641369819641,-0.0054937005043029785,2.7354375
original,0,p237_239_mic1,p237,data\VCTK\wav48_silence_trimmed\p237\p237_239_mic1.flac,p237,1,1,0.9991721510887146,0.9991721510887146,0.9964555501937866,0.0027166008949279785,3.19075
base,1,p237_239_mic1,p237,data\VCTK\wav48_silence_trimmed\p237\p237_239_mic1.flac,p278,0,1,0.9956738948822021,0.9920719861984253,0.9956738948822021,-0.0036019086837768555,3.19075
base,2,p237_239_mic1,p237,data\VCTK\wav48_silence_trimmed\p237\p237_239_mic1.flac,p345,0,1,0.9970212578773499,0.9956483244895935,0.9970212578773499,-0.0013729333877563477,3.19075
base,3,p237_239_mic1,p237,data\VCTK\wav48_silence_trimmed\p237\p237_239_mic1.flac,p237,1,1,0.9985030293464661,0.9985030293464661,0.996432900428772,0.002070128917694092,3.19075
lca,1,p237_239_mic1,p237,data\VCTK\wav48_silence_trimmed\p237\p237_239_mic1.flac,p292,0,1,0.995070219039917,0.9919949769973755,0.995070219039917,-0.003075242042541504,3.19075
lca,2,p237_239_mic1,p237,data\VCTK\wav48_silence_trimmed\p237\p237_239_mic1.flac,p237,1,1,0.997705340385437,0.997705340385437,0.9972620010375977,0.00044333934783935547,3.19075
lca,3,p237_239_mic1,p237,data\VCTK\wav48_silence_trimmed\p237\p237_239_mic1.flac,p237,1,1,0.9983424544334412,0.9983424544334412,0.9959126710891724,0.002429783344268799,3.19075
original,0,p237_284_mic2,p237,data\VCTK\wav48_silence_trimmed\p237\p237_284_mic2.flac,p246,0,1,0.9968275427818298,0.9962171912193298,0.9968275427818298,-0.0006103515625,4.5543125
base,1,p237_284_mic2,p237,data\VCTK\wav48_silence_trimmed\p237\p237_284_mic2.flac,p259,0,1,0.9946110248565674,0.9864999651908875,0.9946110248565674,-0.008111059665679932,4.5543125
base,2,p237_284_mic2,p237,data\VCTK\wav48_silence_trimmed\p237\p237_284_mic2.flac,p345,0,1,0.9971173405647278,0.994556188583374,0.9971173405647278,-0.0025611519813537598,4.5543125
base,3,p237_284_mic2,p237,data\VCTK\wav48_silence_trimmed\p237\p237_284_mic2.flac,p345,0,1,0.9977478981018066,0.995164692401886,0.9977478981018066,-0.0025832056999206543,4.5543125
lca,1,p237_284_mic2,p237,data\VCTK\wav48_silence_trimmed\p237\p237_284_mic2.flac,p245,0,1,0.9945706129074097,0.9909064769744873,0.9945706129074097,-0.0036641359329223633,4.5543125
lca,2,p237_284_mic2,p237,data\VCTK\wav48_silence_trimmed\p237\p237_284_mic2.flac,p345,0,1,0.9975329637527466,0.9940369725227356,0.9975329637527466,-0.0034959912300109863,4.5543125
lca,3,p237_284_mic2,p237,data\VCTK\wav48_silence_trimmed\p237\p237_284_mic2.flac,p345,0,1,0.9979990124702454,0.9948529005050659,0.9979990124702454,-0.0031461119651794434,4.5543125
original,0,p237_314_mic1,p237,data\VCTK\wav48_silence_trimmed\p237\p237_314_mic1.flac,p316,0,1,0.9956134557723999,0.9954192042350769,0.9956134557723999,-0.00019425153732299805,4.2555
base,1,p237_314_mic1,p237,data\VCTK\wav48_silence_trimmed\p237\p237_314_mic1.flac,p259,0,1,0.9930930137634277,0.9823662638664246,0.9930930137634277,-0.010726749897003174,4.2555
base,2,p237_314_mic1,p237,data\VCTK\wav48_silence_trimmed\p237\p237_314_mic1.flac,p254,0,1,0.996373176574707,0.9949788451194763,0.996373176574707,-0.0013943314552307129,4.2555
base,3,p237_314_mic1,p237,data\VCTK\wav48_silence_trimmed\p237\p237_314_mic1.flac,p254,0,1,0.9961298704147339,0.995174765586853,0.9961298704147339,-0.0009551048278808594,4.2555
lca,1,p237_314_mic1,p237,data\VCTK\wav48_silence_trimmed\p237\p237_314_mic1.flac,p259,0,1,0.9919931292533875,0.9804539680480957,0.9919931292533875,-0.011539161205291748,4.2555
lca,2,p237_314_mic1,p237,data\VCTK\wav48_silence_trimmed\p237\p237_314_mic1.flac,p252,0,1,0.9967955350875854,0.9929198026657104,0.9967955350875854,-0.003875732421875,4.2555
lca,3,p237_314_mic1,p237,data\VCTK\wav48_silence_trimmed\p237\p237_314_mic1.flac,p252,0,1,0.9965189099311829,0.995367705821991,0.9965189099311829,-0.0011512041091918945,4.2555
original,0,p238_071_mic2,p238,data\VCTK\wav48_silence_trimmed\p238\p238_071_mic2.flac,p297,0,1,0.9981939792633057,0.9931599497795105,0.9981939792633057,-0.005034029483795166,4.3956875
base,1,p238_071_mic2,p238,data\VCTK\wav48_silence_trimmed\p238\p238_071_mic2.flac,p239,0,1,0.9933343529701233,0.9835201501846313,0.9933343529701233,-0.009814202785491943,4.3956875
base,2,p238_071_mic2,p238,data\VCTK\wav48_silence_trimmed\p238\p238_071_mic2.flac,p297,0,1,0.9985448122024536,0.992425262928009,0.9985448122024536,-0.00611954927444458,4.3956875
base,3,p238_071_mic2,p238,data\VCTK\wav48_silence_trimmed\p238\p238_071_mic2.flac,p297,0,1,0.9985832571983337,0.9927090406417847,0.9985832571983337,-0.005874216556549072,4.3956875
lca,1,p238_071_mic2,p238,data\VCTK\wav48_silence_trimmed\p238\p238_071_mic2.flac,p239,0,1,0.9924914836883545,0.9825741052627563,0.9924914836883545,-0.009917378425598145,4.3956875
lca,2,p238_071_mic2,p238,data\VCTK\wav48_silence_trimmed\p238\p238_071_mic2.flac,p239,0,1,0.9974653124809265,0.989242434501648,0.9974653124809265,-0.008222877979278564,4.3956875
lca,3,p238_071_mic2,p238,data\VCTK\wav48_silence_trimmed\p238\p238_071_mic2.flac,p297,0,1,0.9983247518539429,0.9912857413291931,0.9983247518539429,-0.007039010524749756,4.3956875
original,0,p238_129_mic2,p238,data\VCTK\wav48_silence_trimmed\p238\p238_129_mic2.flac,p238,1,1,0.9977720975875854,0.9977720975875854,0.9973363280296326,0.00043576955795288086,2.7738125
base,1,p238_129_mic2,p238,data\VCTK\wav48_silence_trimmed\p238\p238_129_mic2.flac,p253,0,1,0.9917463064193726,0.9866094589233398,0.9917463064193726,-0.005136847496032715,2.7738125
base,2,p238_129_mic2,p238,data\VCTK\wav48_silence_trimmed\p238\p238_129_mic2.flac,p253,0,1,0.99527508020401,0.9940784573554993,0.99527508020401,-0.0011966228485107422,2.7738125
base,3,p238_129_mic2,p238,data\VCTK\wav48_silence_trimmed\p238\p238_129_mic2.flac,p253,0,1,0.9962403774261475,0.9952433109283447,0.9962403774261475,-0.0009970664978027344,2.7738125
lca,1,p238_129_mic2,p238,data\VCTK\wav48_silence_trimmed\p238\p238_129_mic2.flac,p239,0,1,0.9918789267539978,0.9853500127792358,0.9918789267539978,-0.006528913974761963,2.7738125
lca,2,p238_129_mic2,p238,data\VCTK\wav48_silence_trimmed\p238\p238_129_mic2.flac,p253,0,1,0.9954104423522949,0.9931541085243225,0.9954104423522949,-0.002256333827972412,2.7738125
lca,3,p238_129_mic2,p238,data\VCTK\wav48_silence_trimmed\p238\p238_129_mic2.flac,p297,0,1,0.9951310157775879,0.9935863614082336,0.9951310157775879,-0.001544654369354248,2.7738125
original,0,p238_269_mic2,p238,data\VCTK\wav48_silence_trimmed\p238\p238_269_mic2.flac,p238,1,1,0.9979575872421265,0.9979575872421265,0.9969887137413025,0.0009688735008239746,2.991625
base,1,p238_269_mic2,p238,data\VCTK\wav48_silence_trimmed\p238\p238_269_mic2.flac,p303,0,1,0.994352400302887,0.9923621416091919,0.994352400302887,-0.0019902586936950684,2.991625
base,2,p238_269_mic2,p238,data\VCTK\wav48_silence_trimmed\p238\p238_269_mic2.flac,p303,0,1,0.997180163860321,0.9955828189849854,0.997180163860321,-0.0015973448753356934,2.991625
base,3,p238_269_mic2,p238,data\VCTK\wav48_silence_trimmed\p238\p238_269_mic2.flac,p303,0,1,0.997764527797699,0.9965927600860596,0.997764527797699,-0.0011717677116394043,2.991625
lca,1,p238_269_mic2,p238,data\VCTK\wav48_silence_trimmed\p238\p238_269_mic2.flac,p303,0,1,0.9954037070274353,0.9941911101341248,0.9954037070274353,-0.0012125968933105469,2.991625
lca,2,p238_269_mic2,p238,data\VCTK\wav48_silence_trimmed\p238\p238_269_mic2.flac,p303,0,1,0.9971137642860413,0.9965333938598633,0.9971137642860413,-0.0005803704261779785,2.991625
lca,3,p238_269_mic2,p238,data\VCTK\wav48_silence_trimmed\p238\p238_269_mic2.flac,p303,0,1,0.9971855878829956,0.9971835613250732,0.9971855878829956,-2.0265579223632812e-06,2.991625
original,0,p238_431_mic2,p238,data\VCTK\wav48_silence_trimmed\p238\p238_431_mic2.flac,p238,1,1,0.9979692101478577,0.9979692101478577,0.997357189655304,0.0006120204925537109,2.9048125
base,1,p238_431_mic2,p238,data\VCTK\wav48_silence_trimmed\p238\p238_431_mic2.flac,p239,0,1,0.99513840675354,0.990190327167511,0.99513840675354,-0.004948079586029053,2.9048125
base,2,p238_431_mic2,p238,data\VCTK\wav48_silence_trimmed\p238\p238_431_mic2.flac,p297,0,1,0.996328592300415,0.9936188459396362,0.996328592300415,-0.0027097463607788086,2.9048125
base,3,p238_431_mic2,p238,data\VCTK\wav48_silence_trimmed\p238\p238_431_mic2.flac,s5,0,1,0.9967086911201477,0.9955533742904663,0.9967086911201477,-0.0011553168296813965,2.9048125
lca,1,p238_431_mic2,p238,data\VCTK\wav48_silence_trimmed\p238\p238_431_mic2.flac,p297,0,1,0.9973071813583374,0.9909564256668091,0.9973071813583374,-0.00635075569152832,2.9048125
lca,2,p238_431_mic2,p238,data\VCTK\wav48_silence_trimmed\p238\p238_431_mic2.flac,s5,0,1,0.9966583847999573,0.994421660900116,0.9966583847999573,-0.0022367238998413086,2.9048125
lca,3,p238_431_mic2,p238,data\VCTK\wav48_silence_trimmed\p238\p238_431_mic2.flac,s5,0,1,0.9974072575569153,0.9950031042098999,0.9974072575569153,-0.002404153347015381,2.9048125
original,0,p238_445_mic1,p238,data\VCTK\wav48_silence_trimmed\p238\p238_445_mic1.flac,p280,0,1,0.9979990720748901,0.9935972690582275,0.9979990720748901,-0.004401803016662598,5.463875
base,1,p238_445_mic1,p238,data\VCTK\wav48_silence_trimmed\p238\p238_445_mic1.flac,p239,0,1,0.994713544845581,0.9825459718704224,0.994713544845581,-0.012167572975158691,5.463875
base,2,p238_445_mic1,p238,data\VCTK\wav48_silence_trimmed\p238\p238_445_mic1.flac,p297,0,1,0.9982531666755676,0.9907208681106567,0.9982531666755676,-0.007532298564910889,5.463875
base,3,p238_445_mic1,p238,data\VCTK\wav48_silence_trimmed\p238\p238_445_mic1.flac,p299,0,1,0.9982241988182068,0.98927903175354,0.9982241988182068,-0.008945167064666748,5.463875
lca,1,p238_445_mic1,p238,data\VCTK\wav48_silence_trimmed\p238\p238_445_mic1.flac,p339,0,1,0.9954544901847839,0.981978714466095,0.9954544901847839,-0.013475775718688965,5.463875
lca,2,p238_445_mic1,p238,data\VCTK\wav48_silence_trimmed\p238\p238_445_mic1.flac,p299,0,1,0.9975975155830383,0.9866876006126404,0.9975975155830383,-0.01090991497039795,5.463875
lca,3,p238_445_mic1,p238,data\VCTK\wav48_silence_trimmed\p238\p238_445_mic1.flac,p299,0,1,0.9974499940872192,0.9862209558486938,0.9974499940872192,-0.01122903823852539,5.463875
original,0,p239_084_mic2,p239,data\VCTK\wav48_silence_trimmed\p239\p239_084_mic2.flac,p303,0,1,0.996918261051178,0.9845010638237,0.996918261051178,-0.012417197227478027,2.6291875
base,1,p239_084_mic2,p239,data\VCTK\wav48_silence_trimmed\p239\p239_084_mic2.flac,p303,0,1,0.9951081275939941,0.985964834690094,0.9951081275939941,-0.009143292903900146,2.6291875
base,2,p239_084_mic2,p239,data\VCTK\wav48_silence_trimmed\p239\p239_084_mic2.flac,p303,0,1,0.9976058006286621,0.9884147644042969,0.9976058006286621,-0.009191036224365234,2.6291875
base,3,p239_084_mic2,p239,data\VCTK\wav48_silence_trimmed\p239\p239_084_mic2.flac,p303,0,1,0.9980230331420898,0.9872361421585083,0.9980230331420898,-0.010786890983581543,2.6291875
lca,1,p239_084_mic2,p239,data\VCTK\wav48_silence_trimmed\p239\p239_084_mic2.flac,p303,0,1,0.99540114402771,0.9862691164016724,0.99540114402771,-0.009132027626037598,2.6291875
lca,2,p239_084_mic2,p239,data\VCTK\wav48_silence_trimmed\p239\p239_084_mic2.flac,p303,0,1,0.9948251247406006,0.9873203039169312,0.9948251247406006,-0.007504820823669434,2.6291875
lca,3,p239_084_mic2,p239,data\VCTK\wav48_silence_trimmed\p239\p239_084_mic2.flac,p303,0,1,0.9964221119880676,0.9841372966766357,0.9964221119880676,-0.012284815311431885,2.6291875
original,0,p239_219_mic1,p239,data\VCTK\wav48_silence_trimmed\p239\p239_219_mic1.flac,p283,0,1,0.9965335130691528,0.9900058507919312,0.9965335130691528,-0.00652766227722168,2.3064375
base,1,p239_219_mic1,p239,data\VCTK\wav48_silence_trimmed\p239\p239_219_mic1.flac,p303,0,1,0.9959444403648376,0.9867624640464783,0.9959444403648376,-0.009181976318359375,2.3064375
base,2,p239_219_mic1,p239,data\VCTK\wav48_silence_trimmed\p239\p239_219_mic1.flac,p256,0,1,0.9961612820625305,0.9917084574699402,0.9961612820625305,-0.004452824592590332,2.3064375
base,3,p239_219_mic1,p239,data\VCTK\wav48_silence_trimmed\p239\p239_219_mic1.flac,p283,0,1,0.9962871074676514,0.9900628328323364,0.9962871074676514,-0.006224274635314941,2.3064375
lca,1,p239_219_mic1,p239,data\VCTK\wav48_silence_trimmed\p239\p239_219_mic1.flac,p303,0,1,0.9907147288322449,0.9789278507232666,0.9907147288322449,-0.011786878108978271,2.3064375
lca,2,p239_219_mic1,p239,data\VCTK\wav48_silence_trimmed\p239\p239_219_mic1.flac,p256,0,1,0.9947790503501892,0.9906609058380127,0.9947790503501892,-0.004118144512176514,2.3064375
lca,3,p239_219_mic1,p239,data\VCTK\wav48_silence_trimmed\p239\p239_219_mic1.flac,p283,0,1,0.9958673715591431,0.989638090133667,0.9958673715591431,-0.006229281425476074,2.3064375
original,0,p239_246_mic2,p239,data\VCTK\wav48_silence_trimmed\p239\p239_246_mic2.flac,p239,1,1,0.9977418780326843,0.9977418780326843,0.9953474998474121,0.002394378185272217,4.1006875
base,1,p239_246_mic2,p239,data\VCTK\wav48_silence_trimmed\p239\p239_246_mic2.flac,p239,1,1,0.99312824010849,0.99312824010849,0.9911708831787109,0.0019573569297790527,4.1006875
base,2,p239_246_mic2,p239,data\VCTK\wav48_silence_trimmed\p239\p239_246_mic2.flac,p239,1,1,0.9969161152839661,0.9969161152839661,0.9945996403694153,0.0023164749145507812,4.1006875
base,3,p239_246_mic2,p239,data\VCTK\wav48_silence_trimmed\p239\p239_246_mic2.flac,p239,1,1,0.9977409839630127,0.9977409839630127,0.995170533657074,0.0025704503059387207,4.1006875
lca,1,p239_246_mic2,p239,data\VCTK\wav48_silence_trimmed\p239\p239_246_mic2.flac,p239,1,1,0.993455171585083,0.993455171585083,0.9929088950157166,0.0005462765693664551,4.1006875
lca,2,p239_246_mic2,p239,data\VCTK\wav48_silence_trimmed\p239\p239_246_mic2.flac,p239,1,1,0.9957433938980103,0.9957433938980103,0.9943468570709229,0.0013965368270874023,4.1006875
lca,3,p239_246_mic2,p239,data\VCTK\wav48_silence_trimmed\p239\p239_246_mic2.flac,p239,1,1,0.9971751570701599,0.9971751570701599,0.995164155960083,0.0020110011100769043,4.1006875
original,0,p239_283_mic1,p239,data\VCTK\wav48_silence_trimmed\p239\p239_283_mic1.flac,p239,1,1,0.9978973865509033,0.9978973865509033,0.9967663288116455,0.0011310577392578125,2.390625
base,1,p239_283_mic1,p239,data\VCTK\wav48_silence_trimmed\p239\p239_283_mic1.flac,p239,1,1,0.994732677936554,0.994732677936554,0.9929256439208984,0.0018070340156555176,2.390625
base,2,p239_283_mic1,p239,data\VCTK\wav48_silence_trimmed\p239\p239_283_mic1.flac,p239,1,1,0.9974473118782043,0.9974473118782043,0.9967551827430725,0.0006921291351318359,2.390625
base,3,p239_283_mic1,p239,data\VCTK\wav48_silence_trimmed\p239\p239_283_mic1.flac,p255,0,1,0.9961463212966919,0.995517909526825,0.9961463212966919,-0.0006284117698669434,2.390625
lca,1,p239_283_mic1,p239,data\VCTK\wav48_silence_trimmed\p239\p239_283_mic1.flac,p239,1,1,0.9911174178123474,0.9911174178123474,0.9897080063819885,0.0014094114303588867,2.390625
lca,2,p239_283_mic1,p239,data\VCTK\wav48_silence_trimmed\p239\p239_283_mic1.flac,p255,0,1,0.9950692653656006,0.9948999881744385,0.9950692653656006,-0.00016927719116210938,2.390625
lca,3,p239_283_mic1,p239,data\VCTK\wav48_silence_trimmed\p239\p239_283_mic1.flac,p239,1,1,0.9963474869728088,0.9963474869728088,0.9956669807434082,0.0006805062294006348,2.390625
original,0,p239_392_mic2,p239,data\VCTK\wav48_silence_trimmed\p239\p239_392_mic2.flac,p303,0,1,0.9981287717819214,0.983384370803833,0.9981287717819214,-0.014744400978088379,2.3053125
base,1,p239_392_mic2,p239,data\VCTK\wav48_silence_trimmed\p239\p239_392_mic2.flac,p303,0,1,0.9951205253601074,0.9829084277153015,0.9951205253601074,-0.012212097644805908,2.3053125
base,2,p239_392_mic2,p239,data\VCTK\wav48_silence_trimmed\p239\p239_392_mic2.flac,p303,0,1,0.9979227185249329,0.9853877425193787,0.9979227185249329,-0.0125349760055542,2.3053125
base,3,p239_392_mic2,p239,data\VCTK\wav48_silence_trimmed\p239\p239_392_mic2.flac,p303,0,1,0.9986281991004944,0.987105131149292,0.9986281991004944,-0.011523067951202393,2.3053125
lca,1,p239_392_mic2,p239,data\VCTK\wav48_silence_trimmed\p239\p239_392_mic2.flac,p303,0,1,0.9952168464660645,0.9841665625572205,0.9952168464660645,-0.011050283908843994,2.3053125
lca,2,p239_392_mic2,p239,data\VCTK\wav48_silence_trimmed\p239\p239_392_mic2.flac,p303,0,1,0.9967176914215088,0.9844313263893127,0.9967176914215088,-0.012286365032196045,2.3053125
lca,3,p239_392_mic2,p239,data\VCTK\wav48_silence_trimmed\p239\p239_392_mic2.flac,p303,0,1,0.9970924258232117,0.9836478233337402,0.9970924258232117,-0.013444602489471436,2.3053125
original,0,p240_008_mic1,p240,data\VCTK\wav48_silence_trimmed\p240\p240_008_mic1.flac,p333,0,1,0.9910007119178772,0.9786919355392456,0.9910007119178772,-0.012308776378631592,6.7995625
base,1,p240_008_mic1,p240,data\VCTK\wav48_silence_trimmed\p240\p240_008_mic1.flac,p333,0,1,0.9848484396934509,0.9683836698532104,0.9848484396934509,-0.01646476984024048,6.7995625
base,2,p240_008_mic1,p240,data\VCTK\wav48_silence_trimmed\p240\p240_008_mic1.flac,p333,0,1,0.9869860410690308,0.9698940515518188,0.9869860410690308,-0.017091989517211914,6.7995625
base,3,p240_008_mic1,p240,data\VCTK\wav48_silence_trimmed\p240\p240_008_mic1.flac,p333,0,1,0.989253044128418,0.9757347106933594,0.989253044128418,-0.013518333435058594,6.7995625
lca,1,p240_008_mic1,p240,data\VCTK\wav48_silence_trimmed\p240\p240_008_mic1.flac,p333,0,1,0.9837827682495117,0.9662559628486633,0.9837827682495117,-0.01752680540084839,6.7995625
lca,2,p240_008_mic1,p240,data\VCTK\wav48_silence_trimmed\p240\p240_008_mic1.flac,p333,0,1,0.9858668446540833,0.9677241444587708,0.9858668446540833,-0.0181427001953125,6.7995625
lca,3,p240_008_mic1,p240,data\VCTK\wav48_silence_trimmed\p240\p240_008_mic1.flac,p333,0,1,0.9889863133430481,0.9750766158103943,0.9889863133430481,-0.013909697532653809,6.7995625
original,0,p240_064_mic1,p240,data\VCTK\wav48_silence_trimmed\p240\p240_064_mic1.flac,p283,0,1,0.9976620078086853,0.9919800162315369,0.9976620078086853,-0.0056819915771484375,2.4258125
base,1,p240_064_mic1,p240,data\VCTK\wav48_silence_trimmed\p240\p240_064_mic1.flac,p303,0,1,0.995140016078949,0.9828141331672668,0.995140016078949,-0.012325882911682129,2.4258125
base,2,p240_064_mic1,p240,data\VCTK\wav48_silence_trimmed\p240\p240_064_mic1.flac,p303,0,1,0.9963901042938232,0.9918985962867737,0.9963901042938232,-0.0044915080070495605,2.4258125
base,3,p240_064_mic1,p240,data\VCTK\wav48_silence_trimmed\p240\p240_064_mic1.flac,p283,0,1,0.9973331093788147,0.9922232627868652,0.9973331093788147,-0.005109846591949463,2.4258125
lca,1,p240_064_mic1,p240,data\VCTK\wav48_silence_trimmed\p240\p240_064_mic1.flac,p303,0,1,0.9935752749443054,0.982220470905304,0.9935752749443054,-0.011354804039001465,2.4258125
lca,2,p240_064_mic1,p240,data\VCTK\wav48_silence_trimmed\p240\p240_064_mic1.flac,p283,0,1,0.99594646692276,0.990837037563324,0.99594646692276,-0.005109429359436035,2.4258125
lca,3,p240_064_mic1,p240,data\VCTK\wav48_silence_trimmed\p240\p240_064_mic1.flac,p283,0,1,0.9970278143882751,0.9916157126426697,0.9970278143882751,-0.005412101745605469,2.4258125
original,0,p240_150_mic1,p240,data\VCTK\wav48_silence_trimmed\p240\p240_150_mic1.flac,p276,0,1,0.995821475982666,0.994563102722168,0.995821475982666,-0.0012583732604980469,4.143375
base,1,p240_150_mic1,p240,data\VCTK\wav48_silence_trimmed\p240\p240_150_mic1.flac,p305,0,1,0.9916555285453796,0.9861313700675964,0.9916555285453796,-0.005524158477783203,4.143375
base,2,p240_150_mic1,p240,data\VCTK\wav48_silence_trimmed\p240\p240_150_mic1.flac,p276,0,1,0.9965273141860962,0.9932200908660889,0.9965273141860962,-0.0033072233200073242,4.143375
base,3,p240_150_mic1,p240,data\VCTK\wav48_silence_trimmed\p240\p240_150_mic1.flac,p276,0,1,0.9961026906967163,0.9926883578300476,0.9961026906967163,-0.003414332866668701,4.143375
lca,1,p240_150_mic1,p240,data\VCTK\wav48_silence_trimmed\p240\p240_150_mic1.flac,p236,0,1,0.9891230463981628,0.9837710857391357,0.9891230463981628,-0.0053519606590271,4.143375
lca,2,p240_150_mic1,p240,data\VCTK\wav48_silence_trimmed\p240\p240_150_mic1.flac,p276,0,1,0.9956859946250916,0.9928918480873108,0.9956859946250916,-0.0027941465377807617,4.143375
lca,3,p240_150_mic1,p240,data\VCTK\wav48_silence_trimmed\p240\p240_150_mic1.flac,p276,0,1,0.9964705109596252,0.9943039417266846,0.9964705109596252,-0.002166569232940674,4.143375
original,0,p240_333_mic2,p240,data\VCTK\wav48_silence_trimmed\p240\p240_333_mic2.flac,p276,0,1,0.9966201782226562,0.9952592253684998,0.9966201782226562,-0.0013609528541564941,3.5055625
base,1,p240_333_mic2,p240,data\VCTK\wav48_silence_trimmed\p240\p240_333_mic2.flac,p335,0,1,0.9898094534873962,0.9846147298812866,0.9898094534873962,-0.005194723606109619,3.5055625
base,2,p240_333_mic2,p240,data\VCTK\wav48_silence_trimmed\p240\p240_333_mic2.flac,p239,0,1,0.9962738156318665,0.9938997030258179,0.9962738156318665,-0.002374112606048584,3.5055625
base,3,p240_333_mic2,p240,data\VCTK\wav48_silence_trimmed\p240\p240_333_mic2.flac,p335,0,1,0.9965241551399231,0.9934134483337402,0.9965241551399231,-0.0031107068061828613,3.5055625
lca,1,p240_333_mic2,p240,data\VCTK\wav48_silence_trimmed\p240\p240_333_mic2.flac,p312,0,1,0.9914789199829102,0.9864917397499084,0.9914789199829102,-0.004987180233001709,3.5055625
lca,2,p240_333_mic2,p240,data\VCTK\wav48_silence_trimmed\p240\p240_333_mic2.flac,p312,0,1,0.9956547617912292,0.99354487657547,0.9956547617912292,-0.0021098852157592773,3.5055625
lca,3,p240_333_mic2,p240,data\VCTK\wav48_silence_trimmed\p240\p240_333_mic2.flac,p335,0,1,0.9964510798454285,0.9946892857551575,0.9964510798454285,-0.001761794090270996,3.5055625
original,0,p240_358_mic2,p240,data\VCTK\wav48_silence_trimmed\p240\p240_358_mic2.flac,p276,0,1,0.9954847693443298,0.9934671521186829,0.9954847693443298,-0.0020176172256469727,4.1846875
base,1,p240_358_mic2,p240,data\VCTK\wav48_silence_trimmed\p240\p240_358_mic2.flac,p333,0,1,0.9884089827537537,0.9813694357872009,0.9884089827537537,-0.007039546966552734,4.1846875
base,2,p240_358_mic2,p240,data\VCTK\wav48_silence_trimmed\p240\p240_358_mic2.flac,p276,0,1,0.9935307502746582,0.9886677265167236,0.9935307502746582,-0.00486302375793457,4.1846875
base,3,p240_358_mic2,p240,data\VCTK\wav48_silence_trimmed\p240\p240_358_mic2.flac,p276,0,1,0.9950612783432007,0.9914779663085938,0.9950612783432007,-0.0035833120346069336,4.1846875
lca,1,p240_358_mic2,p240,data\VCTK\wav48_silence_trimmed\p240\p240_358_mic2.flac,p333,0,1,0.9892232418060303,0.9840871095657349,0.9892232418060303,-0.00513613224029541,4.1846875
lca,2,p240_358_mic2,p240,data\VCTK\wav48_silence_trimmed\p240\p240_358_mic2.flac,p333,0,1,0.9925978183746338,0.9861466288566589,0.9925978183746338,-0.0064511895179748535,4.1846875
lca,3,p240_358_mic2,p240,data\VCTK\wav48_silence_trimmed\p240\p240_358_mic2.flac,p276,0,1,0.9939858913421631,0.9887999296188354,0.9939858913421631,-0.005185961723327637,4.1846875
original,0,p241_009_mic1,p241,data\VCTK\wav48_silence_trimmed\p241\p241_009_mic1.flac,p266,0,1,0.989294707775116,0.9569522738456726,0.989294707775116,-0.03234243392944336,4.595125
base,1,p241_009_mic1,p241,data\VCTK\wav48_silence_trimmed\p241\p241_009_mic1.flac,p273,0,1,0.992389976978302,0.9761186242103577,0.992389976978302,-0.016271352767944336,4.595125
base,2,p241_009_mic1,p241,data\VCTK\wav48_silence_trimmed\p241\p241_009_mic1.flac,p270,0,1,0.9951229095458984,0.9622339010238647,0.9951229095458984,-0.03288900852203369,4.595125
base,3,p241_009_mic1,p241,data\VCTK\wav48_silence_trimmed\p241\p241_009_mic1.flac,p270,0,1,0.9973300099372864,0.9678525924682617,0.9973300099372864,-0.029477417469024658,4.595125
lca,1,p241_009_mic1,p241,data\VCTK\wav48_silence_trimmed\p241\p241_009_mic1.flac,p263,0,1,0.9904597401618958,0.9716731905937195,0.9904597401618958,-0.01878654956817627,4.595125
lca,2,p241_009_mic1,p241,data\VCTK\wav48_silence_trimmed\p241\p241_009_mic1.flac,p266,0,1,0.9933228492736816,0.9703508615493774,0.9933228492736816,-0.0229719877243042,4.595125
lca,3,p241_009_mic1,p241,data\VCTK\wav48_silence_trimmed\p241\p241_009_mic1.flac,p270,0,1,0.993140697479248,0.9623008966445923,0.993140697479248,-0.03083980083465576,4.595125
original,0,p241_028_mic2,p241,data\VCTK\wav48_silence_trimmed\p241\p241_028_mic2.flac,p266,0,1,0.995281994342804,0.9761579036712646,0.995281994342804,-0.019124090671539307,3.2496875
base,1,p241_028_mic2,p241,data\VCTK\wav48_silence_trimmed\p241\p241_028_mic2.flac,p334,0,1,0.9938917756080627,0.9828040599822998,0.9938917756080627,-0.01108771562576294,3.2496875
base,2,p241_028_mic2,p241,data\VCTK\wav48_silence_trimmed\p241\p241_028_mic2.flac,p334,0,1,0.9954524636268616,0.9818530678749084,0.9954524636268616,-0.013599395751953125,3.2496875
base,3,p241_028_mic2,p241,data\VCTK\wav48_silence_trimmed\p241\p241_028_mic2.flac,p270,0,1,0.994937539100647,0.9824260473251343,0.994937539100647,-0.012511491775512695,3.2496875
lca,1,p241_028_mic2,p241,data\VCTK\wav48_silence_trimmed\p241\p241_028_mic2.flac,p334,0,1,0.9947240352630615,0.9824805855751038,0.9947240352630615,-0.012243449687957764,3.2496875
lca,2,p241_028_mic2,p241,data\VCTK\wav48_silence_trimmed\p241\p241_028_mic2.flac,p334,0,1,0.9952996969223022,0.9848164319992065,0.9952996969223022,-0.010483264923095703,3.2496875
lca,3,p241_028_mic2,p241,data\VCTK\wav48_silence_trimmed\p241\p241_028_mic2.flac,p334,0,1,0.9949842095375061,0.9811554551124573,0.9949842095375061,-0.013828754425048828,3.2496875
original,0,p241_076_mic2,p241,data\VCTK\wav48_silence_trimmed\p241\p241_076_mic2.flac,p334,0,1,0.9974572062492371,0.9896849393844604,0.9974572062492371,-0.007772266864776611,2.80025
base,1,p241_076_mic2,p241,data\VCTK\wav48_silence_trimmed\p241\p241_076_mic2.flac,p292,0,1,0.9936252236366272,0.9872721433639526,0.9936252236366272,-0.0063530802726745605,2.80025
base,2,p241_076_mic2,p241,data\VCTK\wav48_silence_trimmed\p241\p241_076_mic2.flac,p334,0,1,0.9963824152946472,0.9889034032821655,0.9963824152946472,-0.0074790120124816895,2.80025
base,3,p241_076_mic2,p241,data\VCTK\wav48_silence_trimmed\p241\p241_076_mic2.flac,p334,0,1,0.9973536133766174,0.9891254901885986,0.9973536133766174,-0.008228123188018799,2.80025
lca,1,p241_076_mic2,p241,data\VCTK\wav48_silence_trimmed\p241\p241_076_mic2.flac,p278,0,1,0.9945077896118164,0.9909787774085999,0.9945077896118164,-0.0035290122032165527,2.80025
lca,2,p241_076_mic2,p241,data\VCTK\wav48_silence_trimmed\p241\p241_076_mic2.flac,p334,0,1,0.9959006905555725,0.9901423454284668,0.9959006905555725,-0.005758345127105713,2.80025
lca,3,p241_076_mic2,p241,data\VCTK\wav48_silence_trimmed\p241\p241_076_mic2.flac,p334,0,1,0.9962816834449768,0.9904856085777283,0.9962816834449768,-0.005796074867248535,2.80025
original,0,p241_167_mic1,p241,data\VCTK\wav48_silence_trimmed\p241\p241_167_mic1.flac,p241,1,1,0.9973342418670654,0.9973342418670654,0.9967876672744751,0.000546574592590332,2.6463125
base,1,p241_167_mic1,p241,data\VCTK\wav48_silence_trimmed\p241\p241_167_mic1.flac,p345,0,1,0.9942685961723328,0.9925277829170227,0.9942685961723328,-0.0017408132553100586,2.6463125
base,2,p241_167_mic1,p241,data\VCTK\wav48_silence_trimmed\p241\p241_167_mic1.flac,p256,0,1,0.99797123670578,0.9967191219329834,0.99797123670578,-0.0012521147727966309,2.6463125
base,3,p241_167_mic1,p241,data\VCTK\wav48_silence_trimmed\p241\p241_167_mic1.flac,p256,0,1,0.9977356791496277,0.9972366690635681,0.9977356791496277,-0.0004990100860595703,2.6463125
lca,1,p241_167_mic1,p241,data\VCTK\wav48_silence_trimmed\p241\p241_167_mic1.flac,p259,0,1,0.993785560131073,0.991217851638794,0.993785560131073,-0.0025677084922790527,2.6463125
lca,2,p241_167_mic1,p241,data\VCTK\wav48_silence_trimmed\p241\p241_167_mic1.flac,p252,0,1,0.9977771639823914,0.9963001012802124,0.9977771639823914,-0.001477062702178955,2.6463125
lca,3,p241_167_mic1,p241,data\VCTK\wav48_silence_trimmed\p241\p241_167_mic1.flac,p256,0,1,0.9979140162467957,0.9967861175537109,0.9979140162467957,-0.0011278986930847168,2.6463125
original,0,p241_273_mic1,p241,data\VCTK\wav48_silence_trimmed\p241\p241_273_mic1.flac,p266,0,1,0.986814022064209,0.9645923376083374,0.986814022064209,-0.022221684455871582,3.8313125
base,1,p241_273_mic1,p241,data\VCTK\wav48_silence_trimmed\p241\p241_273_mic1.flac,p285,0,1,0.9839204549789429,0.9550209045410156,0.9839204549789429,-0.028899550437927246,3.8313125
base,2,p241_273_mic1,p241,data\VCTK\wav48_silence_trimmed\p241\p241_273_mic1.flac,p285,0,1,0.991479754447937,0.9708431363105774,0.991479754447937,-0.02063661813735962,3.8313125
base,3,p241_273_mic1,p241,data\VCTK\wav48_silence_trimmed\p241\p241_273_mic1.flac,p266,0,1,0.9902539849281311,0.9685490727424622,0.9902539849281311,-0.021704912185668945,3.8313125
lca,1,p241_273_mic1,p241,data\VCTK\wav48_silence_trimmed\p241\p241_273_mic1.flac,p285,0,1,0.9883177876472473,0.9670457243919373,0.9883177876472473,-0.02127206325531006,3.8313125
lca,2,p241_273_mic1,p241,data\VCTK\wav48_silence_trimmed\p241\p241_273_mic1.flac,p285,0,1,0.9846665859222412,0.9554912447929382,0.9846665859222412,-0.02917534112930298,3.8313125
lca,3,p241_273_mic1,p241,data\VCTK\wav48_silence_trimmed\p241\p241_273_mic1.flac,p285,0,1,0.9866178631782532,0.9603608250617981,0.9866178631782532,-0.026257038116455078,3.8313125
original,0,p243_169_mic2,p243,data\VCTK\wav48_silence_trimmed\p243\p243_169_mic2.flac,p243,1,1,0.9960277676582336,0.9960277676582336,0.9958064556121826,0.0002213120460510254,3.48375
base,1,p243_169_mic2,p243,data\VCTK\wav48_silence_trimmed\p243\p243_169_mic2.flac,p247,0,1,0.9936184883117676,0.9916316270828247,0.9936184883117676,-0.001986861228942871,3.48375
base,2,p243_169_mic2,p243,data\VCTK\wav48_silence_trimmed\p243\p243_169_mic2.flac,p278,0,1,0.9958457946777344,0.9951051473617554,0.9958457946777344,-0.0007406473159790039,3.48375
base,3,p243_169_mic2,p243,data\VCTK\wav48_silence_trimmed\p243\p243_169_mic2.flac,p278,0,1,0.9956804513931274,0.9952194094657898,0.9956804513931274,-0.0004610419273376465,3.48375
lca,1,p243_169_mic2,p243,data\VCTK\wav48_silence_trimmed\p243\p243_169_mic2.flac,p247,0,1,0.9948534369468689,0.9933511018753052,0.9948534369468689,-0.0015023350715637207,3.48375
lca,2,p243_169_mic2,p243,data\VCTK\wav48_silence_trimmed\p243\p243_169_mic2.flac,p243,1,1,0.9944446682929993,0.9944446682929993,0.9943166375160217,0.00012803077697753906,3.48375
lca,3,p243_169_mic2,p243,data\VCTK\wav48_silence_trimmed\p243\p243_169_mic2.flac,p243,1,1,0.9956010580062866,0.9956010580062866,0.9953492879867554,0.00025177001953125,3.48375
original,0,p243_182_mic2,p243,data\VCTK\wav48_silence_trimmed\p243\p243_182_mic2.flac,p243,1,1,0.9983466863632202,0.9983466863632202,0.9971144795417786,0.0012322068214416504,3.25275
base,1,p243_182_mic2,p243,data\VCTK\wav48_silence_trimmed\p243\p243_182_mic2.flac,p259,0,1,0.9943475127220154,0.9905898571014404,0.9943475127220154,-0.003757655620574951,3.25275
base,2,p243_182_mic2,p243,data\VCTK\wav48_silence_trimmed\p243\p243_182_mic2.flac,p243,1,1,0.9973724484443665,0.9973724484443665,0.9961779117584229,0.0011945366859436035,3.25275
base,3,p243_182_mic2,p243,data\VCTK\wav48_silence_trimmed\p243\p243_182_mic2.flac,p243,1,1,0.9984157681465149,0.9984157681465149,0.9970289468765259,0.0013868212699890137,3.25275
lca,1,p243_182_mic2,p243,data\VCTK\wav48_silence_trimmed\p243\p243_182_mic2.flac,p259,0,1,0.9949907064437866,0.9943248629570007,0.9949907064437866,-0.0006658434867858887,3.25275
lca,2,p243_182_mic2,p243,data\VCTK\wav48_silence_trimmed\p243\p243_182_mic2.flac,p243,1,1,0.9966409802436829,0.9966409802436829,0.99609375,0.0005472302436828613,3.25275
lca,3,p243_182_mic2,p243,data\VCTK\wav48_silence_trimmed\p243\p243_182_mic2.flac,p243,1,1,0.9973592162132263,0.9973592162132263,0.9967795014381409,0.0005797147750854492,3.25275
original,0,p243_227_mic1,p243,data\VCTK\wav48_silence_trimmed\p243\p243_227_mic1.flac,p274,0,1,0.9964497089385986,0.993452787399292,0.9964497089385986,-0.0029969215393066406,4.1221875
base,1,p243_227_mic1,p243,data\VCTK\wav48_silence_trimmed\p243\p243_227_mic1.flac,p255,0,1,0.9923949241638184,0.9864751100540161,0.9923949241638184,-0.005919814109802246,4.1221875
base,2,p243_227_mic1,p243,data\VCTK\wav48_silence_trimmed\p243\p243_227_mic1.flac,p274,0,1,0.9947572946548462,0.9926064610481262,0.9947572946548462,-0.0021508336067199707,4.1221875
base,3,p243_227_mic1,p243,data\VCTK\wav48_silence_trimmed\p243\p243_227_mic1.flac,p274,0,1,0.9952940344810486,0.9924046993255615,0.9952940344810486,-0.0028893351554870605,4.1221875
lca,1,p243_227_mic1,p243,data\VCTK\wav48_silence_trimmed\p243\p243_227_mic1.flac,p255,0,1,0.9926783442497253,0.9884476065635681,0.9926783442497253,-0.0042307376861572266,4.1221875
lca,2,p243_227_mic1,p243,data\VCTK\wav48_silence_trimmed\p243\p243_227_mic1.flac,p255,0,1,0.9945465922355652,0.9928349852561951,0.9945465922355652,-0.0017116069793701172,4.1221875
lca,3,p243_227_mic1,p243,data\VCTK\wav48_silence_trimmed\p243\p243_227_mic1.flac,p274,0,1,0.9945847988128662,0.9907622933387756,0.9945847988128662,-0.003822505474090576,4.1221875
original,0,p243_251_mic1,p243,data\VCTK\wav48_silence_trimmed\p243\p243_251_mic1.flac,p260,0,1,0.998164176940918,0.9968528151512146,0.998164176940918,-0.0013113617897033691,3.5463125
base,1,p243_251_mic1,p243,data\VCTK\wav48_silence_trimmed\p243\p243_251_mic1.flac,p259,0,1,0.9933027625083923,0.9898521900177002,0.9933027625083923,-0.0034505724906921387,3.5463125
base,2,p243_251_mic1,p243,data\VCTK\wav48_silence_trimmed\p243\p243_251_mic1.flac,p278,0,1,0.9973384141921997,0.9969944953918457,0.9973384141921997,-0.0003439188003540039,3.5463125
base,3,p243_251_mic1,p243,data\VCTK\wav48_silence_trimmed\p243\p243_251_mic1.flac,p278,0,1,0.9974349141120911,0.9971891045570374,0.9974349141120911,-0.00024580955505371094,3.5463125
lca,1,p243_251_mic1,p243,data\VCTK\wav48_silence_trimmed\p243\p243_251_mic1.flac,p259,0,1,0.994924783706665,0.9903087615966797,0.994924783706665,-0.0046160221099853516,3.5463125
lca,2,p243_251_mic1,p243,data\VCTK\wav48_silence_trimmed\p243\p243_251_mic1.flac,p247,0,1,0.9967944622039795,0.9956549406051636,0.9967944622039795,-0.001139521598815918,3.5463125
lca,3,p243_251_mic1,p243,data\VCTK\wav48_silence_trimmed\p243\p243_251_mic1.flac,p334,0,1,0.9973763823509216,0.9952961206436157,0.9973763823509216,-0.002080261707305908,3.5463125
original,0,p243_291_mic2,p243,data\VCTK\wav48_silence_trimmed\p243\p243_291_mic2.flac,p243,1,1,0.9970920085906982,0.9970920085906982,0.9960676431655884,0.0010243654251098633,3.502375
base,1,p243_291_mic2,p243,data\VCTK\wav48_silence_trimmed\p243\p243_291_mic2.flac,p259,0,1,0.9926626682281494,0.9892691969871521,0.9926626682281494,-0.0033934712409973145,3.502375
base,2,p243_291_mic2,p243,data\VCTK\wav48_silence_trimmed\p243\p243_291_mic2.flac,p243,1,1,0.9979565739631653,0.9979565739631653,0.9957318902015686,0.0022246837615966797,3.502375
base,3,p243_291_mic2,p243,data\VCTK\wav48_silence_trimmed\p243\p243_291_mic2.flac,p243,1,1,0.9984199404716492,0.9984199404716492,0.9964010119438171,0.0020189285278320312,3.502375
lca,1,p243_291_mic2,p243,data\VCTK\wav48_silence_trimmed\p243\p243_291_mic2.flac,p258,0,1,0.9940001368522644,0.9938547015190125,0.9940001368522644,-0.00014543533325195312,3.502375
lca,2,p243_291_mic2,p243,data\VCTK\wav48_silence_trimmed\p243\p243_291_mic2.flac,p243,1,1,0.9966784119606018,0.9966784119606018,0.9953629970550537,0.0013154149055480957,3.502375
lca,3,p243_291_mic2,p243,data\VCTK\wav48_silence_trimmed\p243\p243_291_mic2.flac,p243,1,1,0.9976877570152283,0.9976877570152283,0.9962014555931091,0.0014863014221191406,3.502375
original,0,p244_023_mic2,p244,data\VCTK\wav48_silence_trimmed\p244\p244_023_mic2.flac,p282,0,1,0.9842259287834167,0.9666672945022583,0.9842259287834167,-0.017558634281158447,10.543875
base,1,p244_023_mic2,p244,data\VCTK\wav48_silence_trimmed\p244\p244_023_mic2.flac,p266,0,1,0.9779521226882935,0.9469037652015686,0.9779521226882935,-0.031048357486724854,10.543875
base,2,p244_023_mic2,p244,data\VCTK\wav48_silence_trimmed\p244\p244_023_mic2.flac,p273,0,1,0.9847783446311951,0.966041624546051,0.9847783446311951,-0.018736720085144043,10.543875
base,3,p244_023_mic2,p244,data\VCTK\wav48_silence_trimmed\p244\p244_023_mic2.flac,p273,0,1,0.9849549531936646,0.9684745073318481,0.9849549531936646,-0.016480445861816406,10.543875
lca,1,p244_023_mic2,p244,data\VCTK\wav48_silence_trimmed\p244\p244_023_mic2.flac,p266,0,1,0.9795512557029724,0.9487765431404114,0.9795512557029724,-0.030774712562561035,10.543875
lca,2,p244_023_mic2,p244,data\VCTK\wav48_silence_trimmed\p244\p244_023_mic2.flac,p273,0,1,0.9836377501487732,0.961982786655426,0.9836377501487732,-0.021654963493347168,10.543875
lca,3,p244_023_mic2,p244,data\VCTK\wav48_silence_trimmed\p244\p244_023_mic2.flac,p273,0,1,0.983916163444519,0.9647965431213379,0.983916163444519,-0.019119620323181152,10.543875
original,0,p244_103_mic2,p244,data\VCTK\wav48_silence_trimmed\p244\p244_103_mic2.flac,p277,0,1,0.9940394163131714,0.9931451678276062,0.9940394163131714,-0.0008942484855651855,3.6440625
base,1,p244_103_mic2,p244,data\VCTK\wav48_silence_trimmed\p244\p244_103_mic2.flac,p333,0,1,0.9940457344055176,0.9760860800743103,0.9940457344055176,-0.017959654331207275,3.6440625
base,2,p244_103_mic2,p244,data\VCTK\wav48_silence_trimmed\p244\p244_103_mic2.flac,p277,0,1,0.9967570304870605,0.9954991936683655,0.9967570304870605,-0.0012578368186950684,3.6440625
base,3,p244_103_mic2,p244,data\VCTK\wav48_silence_trimmed\p244\p244_103_mic2.flac,p244,1,1,0.9953717589378357,0.9953717589378357,0.9948678016662598,0.0005039572715759277,3.6440625
lca,1,p244_103_mic2,p244,data\VCTK\wav48_silence_trimmed\p244\p244_103_mic2.flac,p333,0,1,0.9940210580825806,0.9755034446716309,0.9940210580825806,-0.018517613410949707,3.6440625
lca,2,p244_103_mic2,p244,data\VCTK\wav48_silence_trimmed\p244\p244_103_mic2.flac,p341,0,1,0.9951909184455872,0.9897097945213318,0.9951909184455872,-0.005481123924255371,3.6440625
lca,3,p244_103_mic2,p244,data\VCTK\wav48_silence_trimmed\p244\p244_103_mic2.flac,p277,0,1,0.9956331253051758,0.9925812482833862,0.9956331253051758,-0.0030518770217895508,3.6440625
original,0,p244_190_mic1,p244,data\VCTK\wav48_silence_trimmed\p244\p244_190_mic1.flac,p257,0,1,0.9949761629104614,0.9845350980758667,0.9949761629104614,-0.010441064834594727,3.251625
base,1,p244_190_mic1,p244,data\VCTK\wav48_silence_trimmed\p244\p244_190_mic1.flac,p333,0,1,0.9860835075378418,0.9566802382469177,0.9860835075378418,-0.029403269290924072,3.251625
base,2,p244_190_mic1,p244,data\VCTK\wav48_silence_trimmed\p244\p244_190_mic1.flac,p333,0,1,0.9968849420547485,0.9829503297805786,0.9968849420547485,-0.013934612274169922,3.251625
base,3,p244_190_mic1,p244,data\VCTK\wav48_silence_trimmed\p244\p244_190_mic1.flac,p341,0,1,0.996995210647583,0.9865908026695251,0.996995210647583,-0.010404407978057861,3.251625
lca,1,p244_190_mic1,p244,data\VCTK\wav48_silence_trimmed\p244\p244_190_mic1.flac,p333,0,1,0.985992968082428,0.9598088264465332,0.985992968082428,-0.026184141635894775,3.251625
lca,2,p244_190_mic1,p244,data\VCTK\wav48_silence_trimmed\p244\p244_190_mic1.flac,p333,0,1,0.9957681894302368,0.9829466342926025,0.9957681894302368,-0.012821555137634277,3.251625
lca,3,p244_190_mic1,p244,data\VCTK\wav48_silence_trimmed\p244\p244_190_mic1.flac,p257,0,1,0.9959259629249573,0.9857321977615356,0.9959259629249573,-0.01019376516342163,3.251625
original,0,p244_293_mic2,p244,data\VCTK\wav48_silence_trimmed\p244\p244_293_mic2.flac,p266,0,1,0.9939327836036682,0.9813801646232605,0.9939327836036682,-0.012552618980407715,3.168
base,1,p244_293_mic2,p244,data\VCTK\wav48_silence_trimmed\p244\p244_293_mic2.flac,p333,0,1,0.9891905784606934,0.965366542339325,0.9891905784606934,-0.023824036121368408,3.168
base,2,p244_293_mic2,p244,data\VCTK\wav48_silence_trimmed\p244\p244_293_mic2.flac,p341,0,1,0.9941332340240479,0.9832502007484436,0.9941332340240479,-0.010883033275604248,3.168
base,3,p244_293_mic2,p244,data\VCTK\wav48_silence_trimmed\p244\p244_293_mic2.flac,p282,0,1,0.994666576385498,0.9837465882301331,0.994666576385498,-0.01091998815536499,3.168
lca,1,p244_293_mic2,p244,data\VCTK\wav48_silence_trimmed\p244\p244_293_mic2.flac,p333,0,1,0.9925698637962341,0.970132052898407,0.9925698637962341,-0.02243781089782715,3.168
lca,2,p244_293_mic2,p244,data\VCTK\wav48_silence_trimmed\p244\p244_293_mic2.flac,p282,0,1,0.9933719635009766,0.977892279624939,0.9933719635009766,-0.015479683876037598,3.168
lca,3,p244_293_mic2,p244,data\VCTK\wav48_silence_trimmed\p244\p244_293_mic2.flac,p266,0,1,0.9940974712371826,0.9763790965080261,0.9940974712371826,-0.017718374729156494,3.168
original,0,p244_389_mic2,p244,data\VCTK\wav48_silence_trimmed\p244\p244_389_mic2.flac,p277,0,1,0.9950823187828064,0.9937154054641724,0.9950823187828064,-0.0013669133186340332,3.239375
base,1,p244_389_mic2,p244,data\VCTK\wav48_silence_trimmed\p244\p244_389_mic2.flac,p341,0,1,0.9926133155822754,0.9799325466156006,0.9926133155822754,-0.012680768966674805,3.239375
base,2,p244_389_mic2,p244,data\VCTK\wav48_silence_trimmed\p244\p244_389_mic2.flac,p306,0,1,0.9931789636611938,0.9873917698860168,0.9931789636611938,-0.005787193775177002,3.239375
base,3,p244_389_mic2,p244,data\VCTK\wav48_silence_trimmed\p244\p244_389_mic2.flac,p306,0,1,0.9930753111839294,0.9885383248329163,0.9930753111839294,-0.004536986351013184,3.239375
lca,1,p244_389_mic2,p244,data\VCTK\wav48_silence_trimmed\p244\p244_389_mic2.flac,p341,0,1,0.9920791387557983,0.9790143966674805,0.9920791387557983,-0.013064742088317871,3.239375
lca,2,p244_389_mic2,p244,data\VCTK\wav48_silence_trimmed\p244\p244_389_mic2.flac,p266,0,1,0.9925339221954346,0.9830638766288757,0.9925339221954346,-0.009470045566558838,3.239375
lca,3,p244_389_mic2,p244,data\VCTK\wav48_silence_trimmed\p244\p244_389_mic2.flac,p306,0,1,0.9940130114555359,0.9883132576942444,0.9940130114555359,-0.005699753761291504,3.239375
original,0,p245_044_mic2,p245,data\VCTK\wav48_silence_trimmed\p245\p245_044_mic2.flac,p256,0,1,0.9965808391571045,0.9961256980895996,0.9965808391571045,-0.0004551410675048828,2.907375
base,1,p245_044_mic2,p245,data\VCTK\wav48_silence_trimmed\p245\p245_044_mic2.flac,p239,0,1,0.9944725036621094,0.9901662468910217,0.9944725036621094,-0.0043062567710876465,2.907375
base,2,p245_044_mic2,p245,data\VCTK\wav48_silence_trimmed\p245\p245_044_mic2.flac,p345,0,1,0.9972421526908875,0.9928587079048157,0.9972421526908875,-0.004383444786071777,2.907375
base,3,p245_044_mic2,p245,data\VCTK\wav48_silence_trimmed\p245\p245_044_mic2.flac,p256,0,1,0.9971973896026611,0.9943772554397583,0.9971973896026611,-0.002820134162902832,2.907375
lca,1,p245_044_mic2,p245,data\VCTK\wav48_silence_trimmed\p245\p245_044_mic2.flac,p239,0,1,0.9936553239822388,0.9884936809539795,0.9936553239822388,-0.005161643028259277,2.907375
lca,2,p245_044_mic2,p245,data\VCTK\wav48_silence_trimmed\p245\p245_044_mic2.flac,p259,0,1,0.9956367015838623,0.9922419786453247,0.9956367015838623,-0.0033947229385375977,2.907375
lca,3,p245_044_mic2,p245,data\VCTK\wav48_silence_trimmed\p245\p245_044_mic2.flac,p259,0,1,0.9960680603981018,0.9931987524032593,0.9960680603981018,-0.0028693079948425293,2.907375
original,0,p245_091_mic2,p245,data\VCTK\wav48_silence_trimmed\p245\p245_091_mic2.flac,p302,0,1,0.9976580739021301,0.9917622208595276,0.9976580739021301,-0.005895853042602539,2.898375
base,1,p245_091_mic2,p245,data\VCTK\wav48_silence_trimmed\p245\p245_091_mic2.flac,p303,0,1,0.9932865500450134,0.9836724996566772,0.9932865500450134,-0.009614050388336182,2.898375
base,2,p245_091_mic2,p245,data\VCTK\wav48_silence_trimmed\p245\p245_091_mic2.flac,p345,0,1,0.9973897337913513,0.9905022382736206,0.9973897337913513,-0.006887495517730713,2.898375
base,3,p245_091_mic2,p245,data\VCTK\wav48_silence_trimmed\p245\p245_091_mic2.flac,p256,0,1,0.9976635575294495,0.9928032755851746,0.9976635575294495,-0.004860281944274902,2.898375
lca,1,p245_091_mic2,p245,data\VCTK\wav48_silence_trimmed\p245\p245_091_mic2.flac,p239,0,1,0.9935624599456787,0.9869750738143921,0.9935624599456787,-0.006587386131286621,2.898375
lca,2,p245_091_mic2,p245,data\VCTK\wav48_silence_trimmed\p245\p245_091_mic2.flac,p256,0,1,0.9963226914405823,0.9910985827445984,0.9963226914405823,-0.005224108695983887,2.898375
lca,3,p245_091_mic2,p245,data\VCTK\wav48_silence_trimmed\p245\p245_091_mic2.flac,p256,0,1,0.9969624876976013,0.9926268458366394,0.9969624876976013,-0.004335641860961914,2.898375
original,0,p245_108_mic1,p245,data\VCTK\wav48_silence_trimmed\p245\p245_108_mic1.flac,p256,0,1,0.9973666667938232,0.9901295900344849,0.9973666667938232,-0.007237076759338379,2.017125
base,1,p245_108_mic1,p245,data\VCTK\wav48_silence_trimmed\p245\p245_108_mic1.flac,p303,0,1,0.9947803020477295,0.9841708540916443,0.9947803020477295,-0.010609447956085205,2.017125
base,2,p245_108_mic1,p245,data\VCTK\wav48_silence_trimmed\p245\p245_108_mic1.flac,p302,0,1,0.9976333379745483,0.9873173832893372,0.9976333379745483,-0.010315954685211182,2.017125
base,3,p245_108_mic1,p245,data\VCTK\wav48_silence_trimmed\p245\p245_108_mic1.flac,p345,0,1,0.99761962890625,0.9894466996192932,0.99761962890625,-0.008172929286956787,2.017125
lca,1,p245_108_mic1,p245,data\VCTK\wav48_silence_trimmed\p245\p245_108_mic1.flac,p303,0,1,0.995063841342926,0.9833941459655762,0.995063841342926,-0.011669695377349854,2.017125
lca,2,p245_108_mic1,p245,data\VCTK\wav48_silence_trimmed\p245\p245_108_mic1.flac,p302,0,1,0.9963083267211914,0.9859293699264526,0.9963083267211914,-0.01037895679473877,2.017125
lca,3,p245_108_mic1,p245,data\VCTK\wav48_silence_trimmed\p245\p245_108_mic1.flac,p256,0,1,0.9976209402084351,0.988256573677063,0.9976209402084351,-0.00936436653137207,2.017125
original,0,p245_160_mic2,p245,data\VCTK\wav48_silence_trimmed\p245\p245_160_mic2.flac,p245,1,1,0.9971808791160583,0.9971808791160583,0.9964199066162109,0.0007609724998474121,3.6258125
base,1,p245_160_mic2,p245,data\VCTK\wav48_silence_trimmed\p245\p245_160_mic2.flac,p255,0,1,0.9934110641479492,0.9898970723152161,0.9934110641479492,-0.0035139918327331543,3.6258125
base,2,p245_160_mic2,p245,data\VCTK\wav48_silence_trimmed\p245\p245_160_mic2.flac,p274,0,1,0.996244490146637,0.9959399104118347,0.996244490146637,-0.0003045797348022461,3.6258125
base,3,p245_160_mic2,p245,data\VCTK\wav48_silence_trimmed\p245\p245_160_mic2.flac,p255,0,1,0.9939032196998596,0.9916707277297974,0.9939032196998596,-0.002232491970062256,3.6258125
lca,1,p245_160_mic2,p245,data\VCTK\wav48_silence_trimmed\p245\p245_160_mic2.flac,p255,0,1,0.9913527369499207,0.9861352443695068,0.9913527369499207,-0.005217492580413818,3.6258125
lca,2,p245_160_mic2,p245,data\VCTK\wav48_silence_trimmed\p245\p245_160_mic2.flac,p255,0,1,0.9951281547546387,0.993259072303772,0.9951281547546387,-0.0018690824508666992,3.6258125
lca,3,p245_160_mic2,p245,data\VCTK\wav48_silence_trimmed\p245\p245_160_mic2.flac,p255,0,1,0.9954323172569275,0.9943206310272217,0.9954323172569275,-0.0011116862297058105,3.6258125
original,0,p245_224_mic2,p245,data\VCTK\wav48_silence_trimmed\p245\p245_224_mic2.flac,p302,0,1,0.9973899126052856,0.9900357723236084,0.9973899126052856,-0.007354140281677246,3.3781875
base,1,p245_224_mic2,p245,data\VCTK\wav48_silence_trimmed\p245\p245_224_mic2.flac,p239,0,1,0.994205117225647,0.9877685308456421,0.994205117225647,-0.006436586380004883,3.3781875
base,2,p245_224_mic2,p245,data\VCTK\wav48_silence_trimmed\p245\p245_224_mic2.flac,p302,0,1,0.9977396726608276,0.9877312183380127,0.9977396726608276,-0.010008454322814941,3.3781875
base,3,p245_224_mic2,p245,data\VCTK\wav48_silence_trimmed\p245\p245_224_mic2.flac,p302,0,1,0.9972419738769531,0.9892749786376953,0.9972419738769531,-0.007966995239257812,3.3781875
lca,1,p245_224_mic2,p245,data\VCTK\wav48_silence_trimmed\p245\p245_224_mic2.flac,p256,0,1,0.9959190487861633,0.9892656803131104,0.9959190487861633,-0.0066533684730529785,3.3781875
lca,2,p245_224_mic2,p245,data\VCTK\wav48_silence_trimmed\p245\p245_224_mic2.flac,p256,0,1,0.9978622794151306,0.9899846315383911,0.9978622794151306,-0.007877647876739502,3.3781875
lca,3,p245_224_mic2,p245,data\VCTK\wav48_silence_trimmed\p245\p245_224_mic2.flac,p256,0,1,0.9981387853622437,0.9909888505935669,0.9981387853622437,-0.007149934768676758,3.3781875
original,0,p246_010_mic2,p246,data\VCTK\wav48_silence_trimmed\p246\p246_010_mic2.flac,p281,0,1,0.9973692893981934,0.9945057034492493,0.9973692893981934,-0.002863585948944092,3.5696875
base,1,p246_010_mic2,p246,data\VCTK\wav48_silence_trimmed\p246\p246_010_mic2.flac,p278,0,1,0.9979066848754883,0.9907109141349792,0.9979066848754883,-0.007195770740509033,3.5696875
base,2,p246_010_mic2,p246,data\VCTK\wav48_silence_trimmed\p246\p246_010_mic2.flac,p278,0,1,0.9966585040092468,0.991223931312561,0.9966585040092468,-0.005434572696685791,3.5696875
base,3,p246_010_mic2,p246,data\VCTK\wav48_silence_trimmed\p246\p246_010_mic2.flac,p281,0,1,0.9968307614326477,0.991633415222168,0.9968307614326477,-0.005197346210479736,3.5696875
lca,1,p246_010_mic2,p246,data\VCTK\wav48_silence_trimmed\p246\p246_010_mic2.flac,p278,0,1,0.9978798627853394,0.9905831217765808,0.9978798627853394,-0.007296741008758545,3.5696875
lca,2,p246_010_mic2,p246,data\VCTK\wav48_silence_trimmed\p246\p246_010_mic2.flac,p278,0,1,0.9972083568572998,0.9920142889022827,0.9972083568572998,-0.00519406795501709,3.5696875
lca,3,p246_010_mic2,p246,data\VCTK\wav48_silence_trimmed\p246\p246_010_mic2.flac,p281,0,1,0.9965411424636841,0.992529034614563,0.9965411424636841,-0.004012107849121094,3.5696875
original,0,p246_123_mic2,p246,data\VCTK\wav48_silence_trimmed\p246\p246_123_mic2.flac,p246,1,1,0.9990292191505432,0.9990292191505432,0.9983590245246887,0.0006701946258544922,2.3480625
base,1,p246_123_mic2,p246,data\VCTK\wav48_silence_trimmed\p246\p246_123_mic2.flac,p345,0,1,0.9958617091178894,0.9884458184242249,0.9958617091178894,-0.007415890693664551,2.3480625
base,2,p246_123_mic2,p246,data\VCTK\wav48_silence_trimmed\p246\p246_123_mic2.flac,p258,0,1,0.9985085129737854,0.996748685836792,0.9985085129737854,-0.0017598271369934082,2.3480625
base,3,p246_123_mic2,p246,data\VCTK\wav48_silence_trimmed\p246\p246_123_mic2.flac,p360,0,1,0.9983680844306946,0.997800886631012,0.9983680844306946,-0.0005671977996826172,2.3480625
lca,1,p246_123_mic2,p246,data\VCTK\wav48_silence_trimmed\p246\p246_123_mic2.flac,p345,0,1,0.9968143105506897,0.9919691681861877,0.9968143105506897,-0.004845142364501953,2.3480625
lca,2,p246_123_mic2,p246,data\VCTK\wav48_silence_trimmed\p246\p246_123_mic2.flac,p258,0,1,0.9979606866836548,0.9959137439727783,0.9979606866836548,-0.002046942710876465,2.3480625
lca,3,p246_123_mic2,p246,data\VCTK\wav48_silence_trimmed\p246\p246_123_mic2.flac,p258,0,1,0.9979361891746521,0.996770441532135,0.9979361891746521,-0.0011657476425170898,2.3480625
original,0,p246_216_mic1,p246,data\VCTK\wav48_silence_trimmed\p246\p246_216_mic1.flac,p237,0,1,0.997574508190155,0.9968951344490051,0.997574508190155,-0.0006793737411499023,2.899
base,1,p246_216_mic1,p246,data\VCTK\wav48_silence_trimmed\p246\p246_216_mic1.flac,p259,0,1,0.9942543506622314,0.9893378615379333,0.9942543506622314,-0.004916489124298096,2.899
base,2,p246_216_mic1,p246,data\VCTK\wav48_silence_trimmed\p246\p246_216_mic1.flac,p237,0,1,0.9975791573524475,0.9960718750953674,0.9975791573524475,-0.0015072822570800781,2.899
base,3,p246_216_mic1,p246,data\VCTK\wav48_silence_trimmed\p246\p246_216_mic1.flac,p237,0,1,0.9975892901420593,0.9968389868736267,0.9975892901420593,-0.0007503032684326172,2.899
lca,1,p246_216_mic1,p246,data\VCTK\wav48_silence_trimmed\p246\p246_216_mic1.flac,p259,0,1,0.9940816760063171,0.9881893396377563,0.9940816760063171,-0.005892336368560791,2.899
lca,2,p246_216_mic1,p246,data\VCTK\wav48_silence_trimmed\p246\p246_216_mic1.flac,p256,0,1,0.9972348213195801,0.995025634765625,0.9972348213195801,-0.002209186553955078,2.899
lca,3,p246_216_mic1,p246,data\VCTK\wav48_silence_trimmed\p246\p246_216_mic1.flac,p237,0,1,0.9972099661827087,0.9947458505630493,0.9972099661827087,-0.002464115619659424,2.899
original,0,p246_249_mic2,p246,data\VCTK\wav48_silence_trimmed\p246\p246_249_mic2.flac,p360,0,1,0.9968417882919312,0.9956398010253906,0.9968417882919312,-0.0012019872665405273,4.64125
base,1,p246_249_mic2,p246,data\VCTK\wav48_silence_trimmed\p246\p246_249_mic2.flac,p243,0,1,0.9947683215141296,0.9889057874679565,0.9947683215141296,-0.005862534046173096,4.64125
base,2,p246_249_mic2,p246,data\VCTK\wav48_silence_trimmed\p246\p246_249_mic2.flac,p271,0,1,0.9979544878005981,0.9937278628349304,0.9979544878005981,-0.004226624965667725,4.64125
base,3,p246_249_mic2,p246,data\VCTK\wav48_silence_trimmed\p246\p246_249_mic2.flac,p271,0,1,0.9980701804161072,0.9940065741539001,0.9980701804161072,-0.004063606262207031,4.64125
lca,1,p246_249_mic2,p246,data\VCTK\wav48_silence_trimmed\p246\p246_249_mic2.flac,p247,0,1,0.9959567785263062,0.990838348865509,0.9959567785263062,-0.005118429660797119,4.64125
lca,2,p246_249_mic2,p246,data\VCTK\wav48_silence_trimmed\p246\p246_249_mic2.flac,p271,0,1,0.9960311055183411,0.992819607257843,0.9960311055183411,-0.003211498260498047,4.64125
lca,3,p246_249_mic2,p246,data\VCTK\wav48_silence_trimmed\p246\p246_249_mic2.flac,p274,0,1,0.996412992477417,0.9930062890052795,0.996412992477417,-0.003406703472137451,4.64125
original,0,p246_310_mic1,p246,data\VCTK\wav48_silence_trimmed\p246\p246_310_mic1.flac,p285,0,1,0.9948398470878601,0.9846616983413696,0.9948398470878601,-0.010178148746490479,2.5181875
base,1,p246_310_mic1,p246,data\VCTK\wav48_silence_trimmed\p246\p246_310_mic1.flac,p285,0,1,0.987840473651886,0.969509482383728,0.987840473651886,-0.01833099126815796,2.5181875
base,2,p246_310_mic1,p246,data\VCTK\wav48_silence_trimmed\p246\p246_310_mic1.flac,p259,0,1,0.9966328740119934,0.9907503724098206,0.9966328740119934,-0.0058825016021728516,2.5181875
base,3,p246_310_mic1,p246,data\VCTK\wav48_silence_trimmed\p246\p246_310_mic1.flac,p334,0,1,0.9969258308410645,0.9921919107437134,0.9969258308410645,-0.004733920097351074,2.5181875
lca,1,p246_310_mic1,p246,data\VCTK\wav48_silence_trimmed\p246\p246_310_mic1.flac,p255,0,1,0.9875147938728333,0.9715732932090759,0.9875147938728333,-0.015941500663757324,2.5181875
lca,2,p246_310_mic1,p246,data\VCTK\wav48_silence_trimmed\p246\p246_310_mic1.flac,p285,0,1,0.9931650757789612,0.9810947775840759,0.9931650757789612,-0.012070298194885254,2.5181875
lca,3,p246_310_mic1,p246,data\VCTK\wav48_silence_trimmed\p246\p246_310_mic1.flac,p285,0,1,0.9932224750518799,0.9824881553649902,0.9932224750518799,-0.010734319686889648,2.5181875
original,0,p247_010_mic2,p247,data\VCTK\wav48_silence_trimmed\p247\p247_010_mic2.flac,p247,1,1,0.997397780418396,0.997397780418396,0.9961460828781128,0.0012516975402832031,3.2944375
base,1,p247_010_mic2,p247,data\VCTK\wav48_silence_trimmed\p247\p247_010_mic2.flac,p239,0,1,0.9907782673835754,0.9886547923088074,0.9907782673835754,-0.0021234750747680664,3.2944375
base,2,p247_010_mic2,p247,data\VCTK\wav48_silence_trimmed\p247\p247_010_mic2.flac,p247,1,1,0.9964511394500732,0.9964511394500732,0.9956895709037781,0.000761568546295166,3.2944375
base,3,p247_010_mic2,p247,data\VCTK\wav48_silence_trimmed\p247\p247_010_mic2.flac,p247,1,1,0.9972769618034363,0.9972769618034363,0.995981752872467,0.0012952089309692383,3.2944375
lca,1,p247_010_mic2,p247,data\VCTK\wav48_silence_trimmed\p247\p247_010_mic2.flac,p239,0,1,0.9916121959686279,0.9891730546951294,0.9916121959686279,-0.002439141273498535,3.2944375
lca,2,p247_010_mic2,p247,data\VCTK\wav48_silence_trimmed\p247\p247_010_mic2.flac,p255,0,1,0.9927915930747986,0.9908866882324219,0.9927915930747986,-0.001904904842376709,3.2944375
lca,3,p247_010_mic2,p247,data\VCTK\wav48_silence_trimmed\p247\p247_010_mic2.flac,p255,0,1,0.9949813485145569,0.9944571852684021,0.9949813485145569,-0.0005241632461547852,3.2944375
original,0,p247_034_mic1,p247,data\VCTK\wav48_silence_trimmed\p247\p247_034_mic1.flac,p292,0,1,0.9937378764152527,0.9923981428146362,0.9937378764152527,-0.001339733600616455,3.3885625
base,1,p247_034_mic1,p247,data\VCTK\wav48_silence_trimmed\p247\p247_034_mic1.flac,p312,0,1,0.986436128616333,0.9817721247673035,0.986436128616333,-0.004664003849029541,3.3885625
base,2,p247_034_mic1,p247,data\VCTK\wav48_silence_trimmed\p247\p247_034_mic1.flac,p334,0,1,0.9930511713027954,0.9894919395446777,0.9930511713027954,-0.0035592317581176758,3.3885625
base,3,p247_034_mic1,p247,data\VCTK\wav48_silence_trimmed\p247\p247_034_mic1.flac,p334,0,1,0.9940376877784729,0.9907823204994202,0.9940376877784729,-0.0032553672790527344,3.3885625
lca,1,p247_034_mic1,p247,data\VCTK\wav48_silence_trimmed\p247\p247_034_mic1.flac,p312,0,1,0.9882898330688477,0.985625684261322,0.9882898330688477,-0.0026641488075256348,3.3885625
lca,2,p247_034_mic1,p247,data\VCTK\wav48_silence_trimmed\p247\p247_034_mic1.flac,p334,0,1,0.9904507398605347,0.9865434169769287,0.9904507398605347,-0.003907322883605957,3.3885625
lca,3,p247_034_mic1,p247,data\VCTK\wav48_silence_trimmed\p247\p247_034_mic1.flac,p334,0,1,0.9914895296096802,0.9872995018959045,0.9914895296096802,-0.004190027713775635,3.3885625
original,0,p247_279_mic2,p247,data\VCTK\wav48_silence_trimmed\p247\p247_279_mic2.flac,p239,0,1,0.9962356090545654,0.9953156113624573,0.9962356090545654,-0.0009199976921081543,2.4145625
base,1,p247_279_mic2,p247,data\VCTK\wav48_silence_trimmed\p247\p247_279_mic2.flac,p239,0,1,0.9915603995323181,0.9878703355789185,0.9915603995323181,-0.003690063953399658,2.4145625
base,2,p247_279_mic2,p247,data\VCTK\wav48_silence_trimmed\p247\p247_279_mic2.flac,p259,0,1,0.9953262805938721,0.9936915636062622,0.9953262805938721,-0.0016347169876098633,2.4145625
base,3,p247_279_mic2,p247,data\VCTK\wav48_silence_trimmed\p247\p247_279_mic2.flac,p239,0,1,0.9955567121505737,0.9941203594207764,0.9955567121505737,-0.0014363527297973633,2.4145625
lca,1,p247_279_mic2,p247,data\VCTK\wav48_silence_trimmed\p247\p247_279_mic2.flac,p239,0,1,0.9925736784934998,0.989093542098999,0.9925736784934998,-0.0034801363945007324,2.4145625
lca,2,p247_279_mic2,p247,data\VCTK\wav48_silence_trimmed\p247\p247_279_mic2.flac,p259,0,1,0.9935814738273621,0.9909979701042175,0.9935814738273621,-0.0025835037231445312,2.4145625
lca,3,p247_279_mic2,p247,data\VCTK\wav48_silence_trimmed\p247\p247_279_mic2.flac,p239,0,1,0.9948695302009583,0.9929257035255432,0.9948695302009583,-0.001943826675415039,2.4145625
original,0,p247_308_mic2,p247,data\VCTK\wav48_silence_trimmed\p247\p247_308_mic2.flac,p247,1,1,0.9978882074356079,0.9978882074356079,0.9959753751754761,0.001912832260131836,3.5081875
base,1,p247_308_mic2,p247,data\VCTK\wav48_silence_trimmed\p247\p247_308_mic2.flac,p259,0,1,0.9939019083976746,0.9936990737915039,0.9939019083976746,-0.0002028346061706543,3.5081875
base,2,p247_308_mic2,p247,data\VCTK\wav48_silence_trimmed\p247\p247_308_mic2.flac,p247,1,1,0.9969401359558105,0.9969401359558105,0.9958056211471558,0.0011345148086547852,3.5081875
base,3,p247_308_mic2,p247,data\VCTK\wav48_silence_trimmed\p247\p247_308_mic2.flac,p247,1,1,0.9977357983589172,0.9977357983589172,0.996686577796936,0.0010492205619812012,3.5081875
lca,1,p247_308_mic2,p247,data\VCTK\wav48_silence_trimmed\p247\p247_308_mic2.flac,p247,1,1,0.9938191771507263,0.9938191771507263,0.9930037260055542,0.0008154511451721191,3.5081875
lca,2,p247_308_mic2,p247,data\VCTK\wav48_silence_trimmed\p247\p247_308_mic2.flac,p247,1,1,0.9954874515533447,0.9954874515533447,0.993929922580719,0.0015575289726257324,3.5081875
lca,3,p247_308_mic2,p247,data\VCTK\wav48_silence_trimmed\p247\p247_308_mic2.flac,p247,1,1,0.9968834519386292,0.9968834519386292,0.9957931041717529,0.0010903477668762207,3.5081875
original,0,p247_371_mic1,p247,data\VCTK\wav48_silence_trimmed\p247\p247_371_mic1.flac,p255,0,1,0.9972078800201416,0.9944142699241638,0.9972078800201416,-0.002793610095977783,2.805375
base,1,p247_371_mic1,p247,data\VCTK\wav48_silence_trimmed\p247\p247_371_mic1.flac,p239,0,1,0.9922634363174438,0.9890398979187012,0.9922634363174438,-0.0032235383987426758,2.805375
base,2,p247_371_mic1,p247,data\VCTK\wav48_silence_trimmed\p247\p247_371_mic1.flac,p252,0,1,0.9962459206581116,0.993681788444519,0.9962459206581116,-0.0025641322135925293,2.805375
base,3,p247_371_mic1,p247,data\VCTK\wav48_silence_trimmed\p247\p247_371_mic1.flac,p259,0,1,0.9972706437110901,0.9943604469299316,0.9972706437110901,-0.0029101967811584473,2.805375
lca,1,p247_371_mic1,p247,data\VCTK\wav48_silence_trimmed\p247\p247_371_mic1.flac,p239,0,1,0.9930392503738403,0.9895014762878418,0.9930392503738403,-0.003537774085998535,2.805375
lca,2,p247_371_mic1,p247,data\VCTK\wav48_silence_trimmed\p247\p247_371_mic1.flac,p259,0,1,0.9962669610977173,0.9931910037994385,0.9962669610977173,-0.0030759572982788086,2.805375
lca,3,p247_371_mic1,p247,data\VCTK\wav48_silence_trimmed\p247\p247_371_mic1.flac,p259,0,1,0.9965217113494873,0.9937735795974731,0.9965217113494873,-0.00274813175201416,2.805375
original,0,p248_125_mic2,p248,data\VCTK\wav48_silence_trimmed\p248\p248_125_mic2.flac,p238,0,1,0.997504472732544,0.9926193952560425,0.997504472732544,-0.004885077476501465,2.7855625
base,1,p248_125_mic2,p248,data\VCTK\wav48_silence_trimmed\p248\p248_125_mic2.flac,p268,0,1,0.9939620494842529,0.9907380938529968,0.9939620494842529,-0.0032239556312561035,2.7855625
base,2,p248_125_mic2,p248,data\VCTK\wav48_silence_trimmed\p248\p248_125_mic2.flac,p238,0,1,0.9968600869178772,0.993521511554718,0.9968600869178772,-0.0033385753631591797,2.7855625
base,3,p248_125_mic2,p248,data\VCTK\wav48_silence_trimmed\p248\p248_125_mic2.flac,p238,0,1,0.9977067112922668,0.9940758943557739,0.9977067112922668,-0.00363081693649292,2.7855625
lca,1,p248_125_mic2,p248,data\VCTK\wav48_silence_trimmed\p248\p248_125_mic2.flac,p268,0,1,0.9940341114997864,0.9925867319107056,0.9940341114997864,-0.0014473795890808105,2.7855625
lca,2,p248_125_mic2,p248,data\VCTK\wav48_silence_trimmed\p248\p248_125_mic2.flac,p238,0,1,0.995898425579071,0.992446780204773,0.995898425579071,-0.0034516453742980957,2.7855625
lca,3,p248_125_mic2,p248,data\VCTK\wav48_silence_trimmed\p248\p248_125_mic2.flac,p238,0,1,0.996791660785675,0.9933893084526062,0.996791660785675,-0.0034023523330688477,2.7855625
original,0,p248_231_mic2,p248,data\VCTK\wav48_silence_trimmed\p248\p248_231_mic2.flac,p248,1,1,0.9980617761611938,0.9980617761611938,0.9970124363899231,0.001049339771270752,4.449375
base,1,p248_231_mic2,p248,data\VCTK\wav48_silence_trimmed\p248\p248_231_mic2.flac,p239,0,1,0.9923206567764282,0.991840660572052,0.9923206567764282,-0.0004799962043762207,4.449375
base,2,p248_231_mic2,p248,data\VCTK\wav48_silence_trimmed\p248\p248_231_mic2.flac,p253,0,1,0.9958111047744751,0.9953010082244873,0.9958111047744751,-0.000510096549987793,4.449375
base,3,p248_231_mic2,p248,data\VCTK\wav48_silence_trimmed\p248\p248_231_mic2.flac,p253,0,1,0.9961752891540527,0.9953330755233765,0.9961752891540527,-0.0008422136306762695,4.449375
lca,1,p248_231_mic2,p248,data\VCTK\wav48_silence_trimmed\p248\p248_231_mic2.flac,p236,0,1,0.9914833903312683,0.9896458387374878,0.9914833903312683,-0.0018375515937805176,4.449375
lca,2,p248_231_mic2,p248,data\VCTK\wav48_silence_trimmed\p248\p248_231_mic2.flac,p248,1,1,0.9953104257583618,0.9953104257583618,0.9949411749839783,0.0003692507743835449,4.449375
lca,3,p248_231_mic2,p248,data\VCTK\wav48_silence_trimmed\p248\p248_231_mic2.flac,p248,1,1,0.9972236156463623,0.9972236156463623,0.9964518547058105,0.0007717609405517578,4.449375
original,0,p248_291_mic1,p248,data\VCTK\wav48_silence_trimmed\p248\p248_291_mic1.flac,p248,1,1,0.994505763053894,0.994505763053894,0.9936596751213074,0.0008460879325866699,2.3025
base,1,p248_291_mic1,p248,data\VCTK\wav48_silence_trimmed\p248\p248_291_mic1.flac,p248,1,1,0.9922739267349243,0.9922739267349243,0.9922353625297546,3.8564205169677734e-05,2.3025
base,2,p248_291_mic1,p248,data\VCTK\wav48_silence_trimmed\p248\p248_291_mic1.flac,p248,1,1,0.9940265417098999,0.9940265417098999,0.9937382936477661,0.00028824806213378906,2.3025
base,3,p248_291_mic1,p248,data\VCTK\wav48_silence_trimmed\p248\p248_291_mic1.flac,p236,0,1,0.9947142004966736,0.9940565228462219,0.9947142004966736,-0.0006576776504516602,2.3025
lca,1,p248_291_mic1,p248,data\VCTK\wav48_silence_trimmed\p248\p248_291_mic1.flac,p236,0,1,0.9880367517471313,0.9876036643981934,0.9880367517471313,-0.0004330873489379883,2.3025
lca,2,p248_291_mic1,p248,data\VCTK\wav48_silence_trimmed\p248\p248_291_mic1.flac,p236,0,1,0.9914885759353638,0.9900115728378296,0.9914885759353638,-0.0014770030975341797,2.3025
lca,3,p248_291_mic1,p248,data\VCTK\wav48_silence_trimmed\p248\p248_291_mic1.flac,p236,0,1,0.9931049346923828,0.9915222525596619,0.9931049346923828,-0.0015826821327209473,2.3025
original,0,p248_304_mic2,p248,data\VCTK\wav48_silence_trimmed\p248\p248_304_mic2.flac,p248,1,1,0.994365930557251,0.994365930557251,0.9937648177146912,0.0006011128425598145,2.89325
base,1,p248_304_mic2,p248,data\VCTK\wav48_silence_trimmed\p248\p248_304_mic2.flac,p248,1,1,0.9922994375228882,0.9922994375228882,0.9912688732147217,0.001030564308166504,2.89325
base,2,p248_304_mic2,p248,data\VCTK\wav48_silence_trimmed\p248\p248_304_mic2.flac,p248,1,1,0.9953939914703369,0.9953939914703369,0.9938646554946899,0.0015293359756469727,2.89325
base,3,p248_304_mic2,p248,data\VCTK\wav48_silence_trimmed\p248\p248_304_mic2.flac,p248,1,1,0.9952384233474731,0.9952384233474731,0.9941308498382568,0.0011075735092163086,2.89325
lca,1,p248_304_mic2,p248,data\VCTK\wav48_silence_trimmed\p248\p248_304_mic2.flac,p248,1,1,0.9934068918228149,0.9934068918228149,0.9929579496383667,0.0004489421844482422,2.89325
lca,2,p248_304_mic2,p248,data\VCTK\wav48_silence_trimmed\p248\p248_304_mic2.flac,p248,1,1,0.9929976463317871,0.9929976463317871,0.9927270412445068,0.00027060508728027344,2.89325
lca,3,p248_304_mic2,p248,data\VCTK\wav48_silence_trimmed\p248\p248_304_mic2.flac,p248,1,1,0.9952569603919983,0.9952569603919983,0.9944777488708496,0.0007792115211486816,2.89325
original,0,p248_311_mic2,p248,data\VCTK\wav48_silence_trimmed\p248\p248_311_mic2.flac,p248,1,1,0.9977527856826782,0.9977527856826782,0.9958606362342834,0.0018921494483947754,2.712
base,1,p248_311_mic2,p248,data\VCTK\wav48_silence_trimmed\p248\p248_311_mic2.flac,p340,0,1,0.9918895959854126,0.9906142950057983,0.9918895959854126,-0.0012753009796142578,2.712
base,2,p248_311_mic2,p248,data\VCTK\wav48_silence_trimmed\p248\p248_311_mic2.flac,p248,1,1,0.9953169822692871,0.9953169822692871,0.9949688911437988,0.00034809112548828125,2.712
base,3,p248_311_mic2,p248,data\VCTK\wav48_silence_trimmed\p248\p248_311_mic2.flac,p248,1,1,0.9962530136108398,0.9962530136108398,0.9960139393806458,0.0002390742301940918,2.712
lca,1,p248_311_mic2,p248,data\VCTK\wav48_silence_trimmed\p248\p248_311_mic2.flac,p340,0,1,0.9927613139152527,0.9903764128684998,0.9927613139152527,-0.0023849010467529297,2.712
lca,2,p248_311_mic2,p248,data\VCTK\wav48_silence_trimmed\p248\p248_311_mic2.flac,p340,0,1,0.9952239394187927,0.9946424961090088,0.9952239394187927,-0.0005814433097839355,2.712
lca,3,p248_311_mic2,p248,data\VCTK\wav48_silence_trimmed\p248\p248_311_mic2.flac,p340,0,1,0.9957836270332336,0.9955689907073975,0.9957836270332336,-0.00021463632583618164,2.712
original,0,p249_021_mic2,p249,data\VCTK\wav48_silence_trimmed\p249\p249_021_mic2.flac,p306,0,1,0.9954055547714233,0.9936184883117676,0.9954055547714233,-0.0017870664596557617,8.8339375
base,1,p249_021_mic2,p249,data\VCTK\wav48_silence_trimmed\p249\p249_021_mic2.flac,p266,0,1,0.9860010147094727,0.9744049906730652,0.9860010147094727,-0.01159602403640747,8.8339375
base,2,p249_021_mic2,p249,data\VCTK\wav48_silence_trimmed\p249\p249_021_mic2.flac,p273,0,1,0.9958798885345459,0.9915189743041992,0.9958798885345459,-0.00436091423034668,8.8339375
base,3,p249_021_mic2,p249,data\VCTK\wav48_silence_trimmed\p249\p249_021_mic2.flac,p273,0,1,0.9962889552116394,0.9904817342758179,0.9962889552116394,-0.005807220935821533,8.8339375
lca,1,p249_021_mic2,p249,data\VCTK\wav48_silence_trimmed\p249\p249_021_mic2.flac,p282,0,1,0.9908640384674072,0.9852027893066406,0.9908640384674072,-0.0056612491607666016,8.8339375
lca,2,p249_021_mic2,p249,data\VCTK\wav48_silence_trimmed\p249\p249_021_mic2.flac,p266,0,1,0.9943578839302063,0.9867982864379883,0.9943578839302063,-0.007559597492218018,8.8339375
lca,3,p249_021_mic2,p249,data\VCTK\wav48_silence_trimmed\p249\p249_021_mic2.flac,p266,0,1,0.9944466948509216,0.9848160743713379,0.9944466948509216,-0.00963062047958374,8.8339375
original,0,p249_079_mic1,p249,data\VCTK\wav48_silence_trimmed\p249\p249_079_mic1.flac,p249,1,1,0.9962946772575378,0.9962946772575378,0.9958688616752625,0.0004258155822753906,3.261375
base,1,p249_079_mic1,p249,data\VCTK\wav48_silence_trimmed\p249\p249_079_mic1.flac,p333,0,1,0.9915274381637573,0.987987756729126,0.9915274381637573,-0.0035396814346313477,3.261375
base,2,p249_079_mic1,p249,data\VCTK\wav48_silence_trimmed\p249\p249_079_mic1.flac,p249,1,1,0.9955218434333801,0.9955218434333801,0.995357871055603,0.0001639723777770996,3.261375
base,3,p249_079_mic1,p249,data\VCTK\wav48_silence_trimmed\p249\p249_079_mic1.flac,p249,1,1,0.9966039657592773,0.9966039657592773,0.9964558482170105,0.0001481175422668457,3.261375
lca,1,p249_079_mic1,p249,data\VCTK\wav48_silence_trimmed\p249\p249_079_mic1.flac,p333,0,1,0.9916402101516724,0.9860541820526123,0.9916402101516724,-0.005586028099060059,3.261375
lca,2,p249_079_mic1,p249,data\VCTK\wav48_silence_trimmed\p249\p249_079_mic1.flac,p266,0,1,0.9946691393852234,0.9927561283111572,0.9946691393852234,-0.0019130110740661621,3.261375
lca,3,p249_079_mic1,p249,data\VCTK\wav48_silence_trimmed\p249\p249_079_mic1.flac,p266,0,1,0.995922863483429,0.9939456582069397,0.995922863483429,-0.001977205276489258,3.261375
original,0,p249_139_mic2,p249,data\VCTK\wav48_silence_trimmed\p249\p249_139_mic2.flac,p297,0,1,0.9977729916572571,0.9972430467605591,0.9977729916572571,-0.000529944896697998,2.818125
base,1,p249_139_mic2,p249,data\VCTK\wav48_silence_trimmed\p249\p249_139_mic2.flac,p239,0,1,0.9924147129058838,0.9865319132804871,0.9924147129058838,-0.0058827996253967285,2.818125
base,2,p249_139_mic2,p249,data\VCTK\wav48_silence_trimmed\p249\p249_139_mic2.flac,p297,0,1,0.9978827238082886,0.9960066080093384,0.9978827238082886,-0.0018761157989501953,2.818125
base,3,p249_139_mic2,p249,data\VCTK\wav48_silence_trimmed\p249\p249_139_mic2.flac,p262,0,1,0.9980176687240601,0.9974110722541809,0.9980176687240601,-0.0006065964698791504,2.818125
lca,1,p249_139_mic2,p249,data\VCTK\wav48_silence_trimmed\p249\p249_139_mic2.flac,p239,0,1,0.9951531291007996,0.9907432794570923,0.9951531291007996,-0.004409849643707275,2.818125
lca,2,p249_139_mic2,p249,data\VCTK\wav48_silence_trimmed\p249\p249_139_mic2.flac,p262,0,1,0.9953143000602722,0.9941175580024719,0.9953143000602722,-0.001196742057800293,2.818125
lca,3,p249_139_mic2,p249,data\VCTK\wav48_silence_trimmed\p249\p249_139_mic2.flac,p262,0,1,0.997185468673706,0.9962087273597717,0.997185468673706,-0.0009767413139343262,2.818125
original,0,p249_253_mic2,p249,data\VCTK\wav48_silence_trimmed\p249\p249_253_mic2.flac,p262,0,1,0.998074471950531,0.9977544546127319,0.998074471950531,-0.00032001733779907227,3.5479375
base,1,p249_253_mic2,p249,data\VCTK\wav48_silence_trimmed\p249\p249_253_mic2.flac,p312,0,1,0.9950291514396667,0.9900087118148804,0.9950291514396667,-0.005020439624786377,3.5479375
base,2,p249_253_mic2,p249,data\VCTK\wav48_silence_trimmed\p249\p249_253_mic2.flac,p225,0,1,0.9978614449501038,0.9967543482780457,0.9978614449501038,-0.0011070966720581055,3.5479375
base,3,p249_253_mic2,p249,data\VCTK\wav48_silence_trimmed\p249\p249_253_mic2.flac,p262,0,1,0.9974923729896545,0.9969751238822937,0.9974923729896545,-0.0005172491073608398,3.5479375
lca,1,p249_253_mic2,p249,data\VCTK\wav48_silence_trimmed\p249\p249_253_mic2.flac,p312,0,1,0.9956076741218567,0.9930812120437622,0.9956076741218567,-0.0025264620780944824,3.5479375
lca,2,p249_253_mic2,p249,data\VCTK\wav48_silence_trimmed\p249\p249_253_mic2.flac,p262,0,1,0.997596025466919,0.996349573135376,0.997596025466919,-0.0012464523315429688,3.5479375
lca,3,p249_253_mic2,p249,data\VCTK\wav48_silence_trimmed\p249\p249_253_mic2.flac,p262,0,1,0.997931182384491,0.997084379196167,0.997931182384491,-0.0008468031883239746,3.5479375
original,0,p249_267_mic2,p249,data\VCTK\wav48_silence_trimmed\p249\p249_267_mic2.flac,p266,0,1,0.9953845143318176,0.9923192262649536,0.9953845143318176,-0.0030652880668640137,3.80975
base,1,p249_267_mic2,p249,data\VCTK\wav48_silence_trimmed\p249\p249_267_mic2.flac,p341,0,1,0.9893614053726196,0.9855446815490723,0.9893614053726196,-0.0038167238235473633,3.80975
base,2,p249_267_mic2,p249,data\VCTK\wav48_silence_trimmed\p249\p249_267_mic2.flac,p341,0,1,0.9924361705780029,0.9905682802200317,0.9924361705780029,-0.0018678903579711914,3.80975
base,3,p249_267_mic2,p249,data\VCTK\wav48_silence_trimmed\p249\p249_267_mic2.flac,p266,0,1,0.9938298463821411,0.9906823635101318,0.9938298463821411,-0.0031474828720092773,3.80975
lca,1,p249_267_mic2,p249,data\VCTK\wav48_silence_trimmed\p249\p249_267_mic2.flac,p341,0,1,0.9919974207878113,0.9889383912086487,0.9919974207878113,-0.0030590295791625977,3.80975
lca,2,p249_267_mic2,p249,data\VCTK\wav48_silence_trimmed\p249\p249_267_mic2.flac,p341,0,1,0.9929338097572327,0.9917857050895691,0.9929338097572327,-0.0011481046676635742,3.80975
lca,3,p249_267_mic2,p249,data\VCTK\wav48_silence_trimmed\p249\p249_267_mic2.flac,p266,0,1,0.9940240979194641,0.9916052222251892,0.9940240979194641,-0.0024188756942749023,3.80975
original,0,p250_002_mic2,p250,data\VCTK\wav48_silence_trimmed\p250\p250_002_mic2.flac,p295,0,1,0.9964310526847839,0.9876599907875061,0.9964310526847839,-0.008771061897277832,3.3868125
base,1,p250_002_mic2,p250,data\VCTK\wav48_silence_trimmed\p250\p250_002_mic2.flac,p239,0,1,0.9952659606933594,0.9888623356819153,0.9952659606933594,-0.006403625011444092,3.3868125
base,2,p250_002_mic2,p250,data\VCTK\wav48_silence_trimmed\p250\p250_002_mic2.flac,p303,0,1,0.9961170554161072,0.9875233769416809,0.9961170554161072,-0.00859367847442627,3.3868125
base,3,p250_002_mic2,p250,data\VCTK\wav48_silence_trimmed\p250\p250_002_mic2.flac,p303,0,1,0.9965609908103943,0.9880281686782837,0.9965609908103943,-0.008532822132110596,3.3868125
lca,1,p250_002_mic2,p250,data\VCTK\wav48_silence_trimmed\p250\p250_002_mic2.flac,p239,0,1,0.9966403841972351,0.9925166964530945,0.9966403841972351,-0.004123687744140625,3.3868125
lca,2,p250_002_mic2,p250,data\VCTK\wav48_silence_trimmed\p250\p250_002_mic2.flac,p297,0,1,0.9962244033813477,0.9922813773155212,0.9962244033813477,-0.003943026065826416,3.3868125
lca,3,p250_002_mic2,p250,data\VCTK\wav48_silence_trimmed\p250\p250_002_mic2.flac,p268,0,1,0.9967130422592163,0.9935954213142395,0.9967130422592163,-0.0031176209449768066,3.3868125
original,0,p250_166_mic1,p250,data\VCTK\wav48_silence_trimmed\p250\p250_166_mic1.flac,p323,0,1,0.9959646463394165,0.9944959282875061,0.9959646463394165,-0.0014687180519104004,2.4491875
base,1,p250_166_mic1,p250,data\VCTK\wav48_silence_trimmed\p250\p250_166_mic1.flac,p297,0,1,0.9944184422492981,0.9892604351043701,0.9944184422492981,-0.0051580071449279785,2.4491875
base,2,p250_166_mic1,p250,data\VCTK\wav48_silence_trimmed\p250\p250_166_mic1.flac,p264,0,1,0.9974552392959595,0.9956787824630737,0.9974552392959595,-0.0017764568328857422,2.4491875
base,3,p250_166_mic1,p250,data\VCTK\wav48_silence_trimmed\p250\p250_166_mic1.flac,p280,0,1,0.9974059462547302,0.9960240125656128,0.9974059462547302,-0.0013819336891174316,2.4491875
lca,1,p250_166_mic1,p250,data\VCTK\wav48_silence_trimmed\p250\p250_166_mic1.flac,p297,0,1,0.995806872844696,0.9918268918991089,0.995806872844696,-0.003979980945587158,2.4491875
lca,2,p250_166_mic1,p250,data\VCTK\wav48_silence_trimmed\p250\p250_166_mic1.flac,p299,0,1,0.9972674250602722,0.9949178695678711,0.9972674250602722,-0.002349555492401123,2.4491875
lca,3,p250_166_mic1,p250,data\VCTK\wav48_silence_trimmed\p250\p250_166_mic1.flac,p299,0,1,0.9963831305503845,0.9942338466644287,0.9963831305503845,-0.0021492838859558105,2.4491875
original,0,p250_260_mic2,p250,data\VCTK\wav48_silence_trimmed\p250\p250_260_mic2.flac,p312,0,1,0.9967498183250427,0.9919784665107727,0.9967498183250427,-0.0047713518142700195,3.5626875
base,1,p250_260_mic2,p250,data\VCTK\wav48_silence_trimmed\p250\p250_260_mic2.flac,p312,0,1,0.9881079792976379,0.9772066473960876,0.9881079792976379,-0.010901331901550293,3.5626875
base,2,p250_260_mic2,p250,data\VCTK\wav48_silence_trimmed\p250\p250_260_mic2.flac,p312,0,1,0.9939538240432739,0.9850044250488281,0.9939538240432739,-0.0089493989944458,3.5626875
base,3,p250_260_mic2,p250,data\VCTK\wav48_silence_trimmed\p250\p250_260_mic2.flac,p312,0,1,0.9940375089645386,0.9862934350967407,0.9940375089645386,-0.0077440738677978516,3.5626875
lca,1,p250_260_mic2,p250,data\VCTK\wav48_silence_trimmed\p250\p250_260_mic2.flac,p312,0,1,0.9927476048469543,0.9838213324546814,0.9927476048469543,-0.00892627239227295,3.5626875
lca,2,p250_260_mic2,p250,data\VCTK\wav48_silence_trimmed\p250\p250_260_mic2.flac,p312,0,1,0.9916658401489258,0.981849193572998,0.9916658401489258,-0.009816646575927734,3.5626875
lca,3,p250_260_mic2,p250,data\VCTK\wav48_silence_trimmed\p250\p250_260_mic2.flac,p333,0,1,0.9930540323257446,0.9839422106742859,0.9930540323257446,-0.00911182165145874,3.5626875
original,0,p250_448_mic2,p250,data\VCTK\wav48_silence_trimmed\p250\p250_448_mic2.flac,p339,0,1,0.9979161620140076,0.9965528249740601,0.9979161620140076,-0.0013633370399475098,2.6053125
base,1,p250_448_mic2,p250,data\VCTK\wav48_silence_trimmed\p250\p250_448_mic2.flac,p339,0,1,0.9939804077148438,0.9888836145401001,0.9939804077148438,-0.005096793174743652,2.6053125
base,2,p250_448_mic2,p250,data\VCTK\wav48_silence_trimmed\p250\p250_448_mic2.flac,p339,0,1,0.997356116771698,0.9940850138664246,0.997356116771698,-0.0032711029052734375,2.6053125
base,3,p250_448_mic2,p250,data\VCTK\wav48_silence_trimmed\p250\p250_448_mic2.flac,p297,0,1,0.9968304634094238,0.9950377941131592,0.9968304634094238,-0.0017926692962646484,2.6053125
lca,1,p250_448_mic2,p250,data\VCTK\wav48_silence_trimmed\p250\p250_448_mic2.flac,p340,0,1,0.9957669973373413,0.9917647242546082,0.9957669973373413,-0.004002273082733154,2.6053125
lca,2,p250_448_mic2,p250,data\VCTK\wav48_silence_trimmed\p250\p250_448_mic2.flac,p339,0,1,0.9975875020027161,0.9942848682403564,0.9975875020027161,-0.003302633762359619,2.6053125
lca,3,p250_448_mic2,p250,data\VCTK\wav48_silence_trimmed\p250\p250_448_mic2.flac,p339,0,1,0.9982206225395203,0.9953814148902893,0.9982206225395203,-0.002839207649230957,2.6053125
original,0,p250_454_mic1,p250,data\VCTK\wav48_silence_trimmed\p250\p250_454_mic1.flac,p249,0,1,0.9960012435913086,0.9940181970596313,0.9960012435913086,-0.001983046531677246,2.756
base,1,p250_454_mic1,p250,data\VCTK\wav48_silence_trimmed\p250\p250_454_mic1.flac,p297,0,1,0.9967028498649597,0.9913917183876038,0.9967028498649597,-0.005311131477355957,2.756
base,2,p250_454_mic1,p250,data\VCTK\wav48_silence_trimmed\p250\p250_454_mic1.flac,p318,0,1,0.9980291724205017,0.9954009056091309,0.9980291724205017,-0.0026282668113708496,2.756
base,3,p250_454_mic1,p250,data\VCTK\wav48_silence_trimmed\p250\p250_454_mic1.flac,p318,0,1,0.9979389905929565,0.9959020018577576,0.9979389905929565,-0.0020369887351989746,2.756
lca,1,p250_454_mic1,p250,data\VCTK\wav48_silence_trimmed\p250\p250_454_mic1.flac,p335,0,1,0.9950340390205383,0.9895864725112915,0.9950340390205383,-0.005447566509246826,2.756
lca,2,p250_454_mic1,p250,data\VCTK\wav48_silence_trimmed\p250\p250_454_mic1.flac,p297,0,1,0.9973593950271606,0.9951918721199036,0.9973593950271606,-0.00216752290725708,2.756
lca,3,p250_454_mic1,p250,data\VCTK\wav48_silence_trimmed\p250\p250_454_mic1.flac,p306,0,1,0.997197687625885,0.9956268668174744,0.997197687625885,-0.0015708208084106445,2.756
original,0,p251_029_mic1,p251,data\VCTK\wav48_silence_trimmed\p251\p251_029_mic1.flac,p255,0,1,0.991645097732544,0.9895941019058228,0.991645097732544,-0.0020509958267211914,3.2673125
base,1,p251_029_mic1,p251,data\VCTK\wav48_silence_trimmed\p251\p251_029_mic1.flac,p285,0,1,0.9889825582504272,0.9819538593292236,0.9889825582504272,-0.007028698921203613,3.2673125
base,2,p251_029_mic1,p251,data\VCTK\wav48_silence_trimmed\p251\p251_029_mic1.flac,p285,0,1,0.9911084175109863,0.9863315224647522,0.9911084175109863,-0.004776895046234131,3.2673125
base,3,p251_029_mic1,p251,data\VCTK\wav48_silence_trimmed\p251\p251_029_mic1.flac,p263,0,1,0.9917460083961487,0.9867128729820251,0.9917460083961487,-0.005033135414123535,3.2673125
lca,1,p251_029_mic1,p251,data\VCTK\wav48_silence_trimmed\p251\p251_029_mic1.flac,p285,0,1,0.9861641526222229,0.9785725474357605,0.9861641526222229,-0.007591605186462402,3.2673125
lca,2,p251_029_mic1,p251,data\VCTK\wav48_silence_trimmed\p251\p251_029_mic1.flac,p263,0,1,0.9870275855064392,0.9804912209510803,0.9870275855064392,-0.006536364555358887,3.2673125
lca,3,p251_029_mic1,p251,data\VCTK\wav48_silence_trimmed\p251\p251_029_mic1.flac,p263,0,1,0.988692045211792,0.9812933802604675,0.988692045211792,-0.007398664951324463,3.2673125
original,0,p251_122_mic1,p251,data\VCTK\wav48_silence_trimmed\p251\p251_122_mic1.flac,p254,0,1,0.9962564706802368,0.9939340353012085,0.9962564706802368,-0.0023224353790283203,2.10125
base,1,p251_122_mic1,p251,data\VCTK\wav48_silence_trimmed\p251\p251_122_mic1.flac,p259,0,1,0.9915235638618469,0.9832431077957153,0.9915235638618469,-0.008280456066131592,2.10125
base,2,p251_122_mic1,p251,data\VCTK\wav48_silence_trimmed\p251\p251_122_mic1.flac,p252,0,1,0.9972942471504211,0.9931912422180176,0.9972942471504211,-0.0041030049324035645,2.10125
base,3,p251_122_mic1,p251,data\VCTK\wav48_silence_trimmed\p251\p251_122_mic1.flac,p259,0,1,0.9971237778663635,0.9940244555473328,0.9971237778663635,-0.0030993223190307617,2.10125
lca,1,p251_122_mic1,p251,data\VCTK\wav48_silence_trimmed\p251\p251_122_mic1.flac,p252,0,1,0.9890586137771606,0.9793041944503784,0.9890586137771606,-0.009754419326782227,2.10125
lca,2,p251_122_mic1,p251,data\VCTK\wav48_silence_trimmed\p251\p251_122_mic1.flac,p259,0,1,0.996494472026825,0.9913471341133118,0.996494472026825,-0.005147337913513184,2.10125
lca,3,p251_122_mic1,p251,data\VCTK\wav48_silence_trimmed\p251\p251_122_mic1.flac,p259,0,1,0.9967683553695679,0.992625892162323,0.9967683553695679,-0.004142463207244873,2.10125
original,0,p251_138_mic2,p251,data\VCTK\wav48_silence_trimmed\p251\p251_138_mic2.flac,p298,0,1,0.9971206188201904,0.9837750196456909,0.9971206188201904,-0.013345599174499512,1.8
base,1,p251_138_mic2,p251,data\VCTK\wav48_silence_trimmed\p251\p251_138_mic2.flac,p303,0,1,0.9964514970779419,0.9801682829856873,0.9964514970779419,-0.01628321409225464,1.8
base,2,p251_138_mic2,p251,data\VCTK\wav48_silence_trimmed\p251\p251_138_mic2.flac,p298,0,1,0.9976778030395508,0.981914222240448,0.9976778030395508,-0.015763580799102783,1.8
base,3,p251_138_mic2,p251,data\VCTK\wav48_silence_trimmed\p251\p251_138_mic2.flac,p302,0,1,0.9963151812553406,0.9854608774185181,0.9963151812553406,-0.01085430383682251,1.8
lca,1,p251_138_mic2,p251,data\VCTK\wav48_silence_trimmed\p251\p251_138_mic2.flac,p298,0,1,0.9957703351974487,0.9733666777610779,0.9957703351974487,-0.02240365743637085,1.8
lca,2,p251_138_mic2,p251,data\VCTK\wav48_silence_trimmed\p251\p251_138_mic2.flac,p298,0,1,0.9982175827026367,0.9793179631233215,0.9982175827026367,-0.018899619579315186,1.8
lca,3,p251_138_mic2,p251,data\VCTK\wav48_silence_trimmed\p251\p251_138_mic2.flac,p298,0,1,0.9974555969238281,0.9832243323326111,0.9974555969238281,-0.014231264591217041,1.8
original,0,p251_217_mic2,p251,data\VCTK\wav48_silence_trimmed\p251\p251_217_mic2.flac,p302,0,1,0.998628556728363,0.9894165992736816,0.998628556728363,-0.009211957454681396,2.2721875
base,1,p251_217_mic2,p251,data\VCTK\wav48_silence_trimmed\p251\p251_217_mic2.flac,p302,0,1,0.9963463544845581,0.9828252196311951,0.9963463544845581,-0.013521134853363037,2.2721875
base,2,p251_217_mic2,p251,data\VCTK\wav48_silence_trimmed\p251\p251_217_mic2.flac,p302,0,1,0.9987781643867493,0.9901102781295776,0.9987781643867493,-0.00866788625717163,2.2721875
base,3,p251_217_mic2,p251,data\VCTK\wav48_silence_trimmed\p251\p251_217_mic2.flac,p302,0,1,0.9982827305793762,0.9911875128746033,0.9982827305793762,-0.007095217704772949,2.2721875
lca,1,p251_217_mic2,p251,data\VCTK\wav48_silence_trimmed\p251\p251_217_mic2.flac,p298,0,1,0.99671471118927,0.9771891236305237,0.99671471118927,-0.019525587558746338,2.2721875
lca,2,p251_217_mic2,p251,data\VCTK\wav48_silence_trimmed\p251\p251_217_mic2.flac,p302,0,1,0.9981457591056824,0.9848135709762573,0.9981457591056824,-0.013332188129425049,2.2721875
lca,3,p251_217_mic2,p251,data\VCTK\wav48_silence_trimmed\p251\p251_217_mic2.flac,p302,0,1,0.9980996251106262,0.9848113059997559,0.9980996251106262,-0.013288319110870361,2.2721875
original,0,p251_236_mic1,p251,data\VCTK\wav48_silence_trimmed\p251\p251_236_mic1.flac,p256,0,1,0.9969773292541504,0.994147539138794,0.9969773292541504,-0.0028297901153564453,2.0415
base,1,p251_236_mic1,p251,data\VCTK\wav48_silence_trimmed\p251\p251_236_mic1.flac,p345,0,1,0.994233250617981,0.9878971576690674,0.994233250617981,-0.006336092948913574,2.0415
base,2,p251_236_mic1,p251,data\VCTK\wav48_silence_trimmed\p251\p251_236_mic1.flac,p256,0,1,0.9978925585746765,0.9927647113800049,0.9978925585746765,-0.005127847194671631,2.0415
base,3,p251_236_mic1,p251,data\VCTK\wav48_silence_trimmed\p251\p251_236_mic1.flac,p256,0,1,0.9983882904052734,0.9948897957801819,0.9983882904052734,-0.0034984946250915527,2.0415
lca,1,p251_236_mic1,p251,data\VCTK\wav48_silence_trimmed\p251\p251_236_mic1.flac,p303,0,1,0.994009256362915,0.982903778553009,0.994009256362915,-0.011105477809906006,2.0415
lca,2,p251_236_mic1,p251,data\VCTK\wav48_silence_trimmed\p251\p251_236_mic1.flac,p256,0,1,0.9961916208267212,0.9885829091072083,0.9961916208267212,-0.0076087117195129395,2.0415
lca,3,p251_236_mic1,p251,data\VCTK\wav48_silence_trimmed\p251\p251_236_mic1.flac,p256,0,1,0.9971392154693604,0.9905049204826355,0.9971392154693604,-0.0066342949867248535,2.0415
original,0,p252_182_mic2,p252,data\VCTK\wav48_silence_trimmed\p252\p252_182_mic2.flac,p259,0,1,0.9983737468719482,0.9940639138221741,0.9983737468719482,-0.00430983304977417,3.873875
base,1,p252_182_mic2,p252,data\VCTK\wav48_silence_trimmed\p252\p252_182_mic2.flac,p259,0,1,0.9921703934669495,0.9882612228393555,0.9921703934669495,-0.003909170627593994,3.873875
base,2,p252_182_mic2,p252,data\VCTK\wav48_silence_trimmed\p252\p252_182_mic2.flac,p259,0,1,0.9967473149299622,0.9924600124359131,0.9967473149299622,-0.004287302494049072,3.873875
base,3,p252_182_mic2,p252,data\VCTK\wav48_silence_trimmed\p252\p252_182_mic2.flac,p259,0,1,0.9975231885910034,0.9936551451683044,0.9975231885910034,-0.0038680434226989746,3.873875
lca,1,p252_182_mic2,p252,data\VCTK\wav48_silence_trimmed\p252\p252_182_mic2.flac,p259,0,1,0.9935148358345032,0.9904292821884155,0.9935148358345032,-0.0030855536460876465,3.873875
lca,2,p252_182_mic2,p252,data\VCTK\wav48_silence_trimmed\p252\p252_182_mic2.flac,p259,0,1,0.9952787160873413,0.9914364218711853,0.9952787160873413,-0.003842294216156006,3.873875
lca,3,p252_182_mic2,p252,data\VCTK\wav48_silence_trimmed\p252\p252_182_mic2.flac,p259,0,1,0.9966862201690674,0.9933378100395203,0.9966862201690674,-0.003348410129547119,3.873875
original,0,p252_220_mic1,p252,data\VCTK\wav48_silence_trimmed\p252\p252_220_mic1.flac,p259,0,1,0.9979994297027588,0.9951543211936951,0.9979994297027588,-0.0028451085090637207,2.7845
base,1,p252_220_mic1,p252,data\VCTK\wav48_silence_trimmed\p252\p252_220_mic1.flac,p259,0,1,0.9897981882095337,0.9848466515541077,0.9897981882095337,-0.004951536655426025,2.7845
base,2,p252_220_mic1,p252,data\VCTK\wav48_silence_trimmed\p252\p252_220_mic1.flac,p259,0,1,0.997961163520813,0.9972581267356873,0.997961163520813,-0.0007030367851257324,2.7845
base,3,p252_220_mic1,p252,data\VCTK\wav48_silence_trimmed\p252\p252_220_mic1.flac,p259,0,1,0.9984613656997681,0.9964225888252258,0.9984613656997681,-0.0020387768745422363,2.7845
lca,1,p252_220_mic1,p252,data\VCTK\wav48_silence_trimmed\p252\p252_220_mic1.flac,p259,0,1,0.9907029867172241,0.986175000667572,0.9907029867172241,-0.0045279860496521,2.7845
lca,2,p252_220_mic1,p252,data\VCTK\wav48_silence_trimmed\p252\p252_220_mic1.flac,p259,0,1,0.9976605176925659,0.9950643181800842,0.9976605176925659,-0.0025961995124816895,2.7845
lca,3,p252_220_mic1,p252,data\VCTK\wav48_silence_trimmed\p252\p252_220_mic1.flac,p259,0,1,0.9981985092163086,0.9973490834236145,0.9981985092163086,-0.0008494257926940918,2.7845
original,0,p252_243_mic1,p252,data\VCTK\wav48_silence_trimmed\p252\p252_243_mic1.flac,p252,1,1,0.9982897639274597,0.9982897639274597,0.9967756271362305,0.001514136791229248,2.91075
base,1,p252_243_mic1,p252,data\VCTK\wav48_silence_trimmed\p252\p252_243_mic1.flac,p252,1,1,0.9905741810798645,0.9905741810798645,0.989774227142334,0.0007999539375305176,2.91075
base,2,p252_243_mic1,p252,data\VCTK\wav48_silence_trimmed\p252\p252_243_mic1.flac,p259,0,1,0.9973404407501221,0.997136652469635,0.9973404407501221,-0.00020378828048706055,2.91075
base,3,p252_243_mic1,p252,data\VCTK\wav48_silence_trimmed\p252\p252_243_mic1.flac,p252,1,1,0.9981378316879272,0.9981378316879272,0.9964147806167603,0.0017230510711669922,2.91075
lca,1,p252_243_mic1,p252,data\VCTK\wav48_silence_trimmed\p252\p252_243_mic1.flac,p252,1,1,0.9877374172210693,0.9877374172210693,0.9873901605606079,0.0003472566604614258,2.91075
lca,2,p252_243_mic1,p252,data\VCTK\wav48_silence_trimmed\p252\p252_243_mic1.flac,p252,1,1,0.9962438344955444,0.9962438344955444,0.9948049187660217,0.001438915729522705,2.91075
lca,3,p252_243_mic1,p252,data\VCTK\wav48_silence_trimmed\p252\p252_243_mic1.flac,p252,1,1,0.9972150325775146,0.9972150325775146,0.9959402084350586,0.0012748241424560547,2.91075
original,0,p252_270_mic2,p252,data\VCTK\wav48_silence_trimmed\p252\p252_270_mic2.flac,p311,0,1,0.9972203969955444,0.9957019686698914,0.9972203969955444,-0.0015184283256530762,4.4558125
base,1,p252_270_mic2,p252,data\VCTK\wav48_silence_trimmed\p252\p252_270_mic2.flac,p259,0,1,0.9935624599456787,0.9895808100700378,0.9935624599456787,-0.003981649875640869,4.4558125
base,2,p252_270_mic2,p252,data\VCTK\wav48_silence_trimmed\p252\p252_270_mic2.flac,p258,0,1,0.9959627985954285,0.9946767091751099,0.9959627985954285,-0.0012860894203186035,4.4558125
base,3,p252_270_mic2,p252,data\VCTK\wav48_silence_trimmed\p252\p252_270_mic2.flac,p311,0,1,0.9971767067909241,0.9955810308456421,0.9971767067909241,-0.0015956759452819824,4.4558125
lca,1,p252_270_mic2,p252,data\VCTK\wav48_silence_trimmed\p252\p252_270_mic2.flac,p259,0,1,0.9938070178031921,0.9923492074012756,0.9938070178031921,-0.001457810401916504,4.4558125
lca,2,p252_270_mic2,p252,data\VCTK\wav48_silence_trimmed\p252\p252_270_mic2.flac,p252,1,1,0.9956649541854858,0.9956649541854858,0.9954164624214172,0.0002484917640686035,4.4558125
lca,3,p252_270_mic2,p252,data\VCTK\wav48_silence_trimmed\p252\p252_270_mic2.flac,p252,1,1,0.9964748024940491,0.9964748024940491,0.9964728355407715,1.9669532775878906e-06,4.4558125
original,0,p252_293_mic1,p252,data\VCTK\wav48_silence_trimmed\p252\p252_293_mic1.flac,p252,1,1,0.9972341060638428,0.9972341060638428,0.9971016645431519,0.00013244152069091797,2.9818125
base,1,p252_293_mic1,p252,data\VCTK\wav48_silence_trimmed\p252\p252_293_mic1.flac,p259,0,1,0.9909228682518005,0.9878109693527222,0.9909228682518005,-0.003111898899078369,2.9818125
base,2,p252_293_mic1,p252,data\VCTK\wav48_silence_trimmed\p252\p252_293_mic1.flac,p259,0,1,0.9981142282485962,0.9979246258735657,0.9981142282485962,-0.00018960237503051758,2.9818125
base,3,p252_293_mic1,p252,data\VCTK\wav48_silence_trimmed\p252\p252_293_mic1.flac,p252,1,1,0.9979444146156311,0.9979444146156311,0.9973819255828857,0.0005624890327453613,2.9818125
lca,1,p252_293_mic1,p252,data\VCTK\wav48_silence_trimmed\p252\p252_293_mic1.flac,p259,0,1,0.988548219203949,0.9858661890029907,0.988548219203949,-0.002682030200958252,2.9818125
lca,2,p252_293_mic1,p252,data\VCTK\wav48_silence_trimmed\p252\p252_293_mic1.flac,p259,0,1,0.9967526793479919,0.995582640171051,0.9967526793479919,-0.001170039176940918,2.9818125
lca,3,p252_293_mic1,p252,data\VCTK\wav48_silence_trimmed\p252\p252_293_mic1.flac,p252,1,1,0.9981892704963684,0.9981892704963684,0.9975363612174988,0.0006529092788696289,2.9818125
original,0,p253_045_mic2,p253,data\VCTK\wav48_silence_trimmed\p253\p253_045_mic2.flac,p268,0,1,0.9959046840667725,0.9944400787353516,0.9959046840667725,-0.0014646053314208984,2.339375
base,1,p253_045_mic2,p253,data\VCTK\wav48_silence_trimmed\p253\p253_045_mic2.flac,p253,1,1,0.9943525791168213,0.9943525791168213,0.9932335615158081,0.0011190176010131836,2.339375
base,2,p253_045_mic2,p253,data\VCTK\wav48_silence_trimmed\p253\p253_045_mic2.flac,p268,0,1,0.9963815212249756,0.9955517053604126,0.9963815212249756,-0.0008298158645629883,2.339375
base,3,p253_045_mic2,p253,data\VCTK\wav48_silence_trimmed\p253\p253_045_mic2.flac,p268,0,1,0.99664705991745,0.9954928159713745,0.99664705991745,-0.0011542439460754395,2.339375
lca,1,p253_045_mic2,p253,data\VCTK\wav48_silence_trimmed\p253\p253_045_mic2.flac,p253,1,1,0.9948697090148926,0.9948697090148926,0.9946255087852478,0.0002442002296447754,2.339375
lca,2,p253_045_mic2,p253,data\VCTK\wav48_silence_trimmed\p253\p253_045_mic2.flac,p253,1,1,0.996010959148407,0.996010959148407,0.9952638149261475,0.0007471442222595215,2.339375
lca,3,p253_045_mic2,p253,data\VCTK\wav48_silence_trimmed\p253\p253_045_mic2.flac,p253,1,1,0.9958330988883972,0.9958330988883972,0.995657205581665,0.00017589330673217773,2.339375
original,0,p253_206_mic2,p253,data\VCTK\wav48_silence_trimmed\p253\p253_206_mic2.flac,p238,0,1,0.9925491809844971,0.9859560132026672,0.9925491809844971,-0.006593167781829834,1.6226875
base,1,p253_206_mic2,p253,data\VCTK\wav48_silence_trimmed\p253\p253_206_mic2.flac,p253,1,1,0.9885761737823486,0.9885761737823486,0.9881290197372437,0.00044715404510498047,1.6226875
base,2,p253_206_mic2,p253,data\VCTK\wav48_silence_trimmed\p253\p253_206_mic2.flac,p268,0,1,0.9932085871696472,0.9909610152244568,0.9932085871696472,-0.0022475719451904297,1.6226875
base,3,p253_206_mic2,p253,data\VCTK\wav48_silence_trimmed\p253\p253_206_mic2.flac,p268,0,1,0.9935047030448914,0.9901345372200012,0.9935047030448914,-0.0033701658248901367,1.6226875
lca,1,p253_206_mic2,p253,data\VCTK\wav48_silence_trimmed\p253\p253_206_mic2.flac,p268,0,1,0.9945701956748962,0.9915441274642944,0.9945701956748962,-0.0030260682106018066,1.6226875
lca,2,p253_206_mic2,p253,data\VCTK\wav48_silence_trimmed\p253\p253_206_mic2.flac,p268,0,1,0.9932883381843567,0.9895992875099182,0.9932883381843567,-0.0036890506744384766,1.6226875
lca,3,p253_206_mic2,p253,data\VCTK\wav48_silence_trimmed\p253\p253_206_mic2.flac,p238,0,1,0.9927493333816528,0.9866734743118286,0.9927493333816528,-0.006075859069824219,1.6226875
original,0,p253_281_mic1,p253,data\VCTK\wav48_silence_trimmed\p253\p253_281_mic1.flac,p236,0,1,0.9947729706764221,0.9929887056350708,0.9947729706764221,-0.0017842650413513184,2.9556875
base,1,p253_281_mic1,p253,data\VCTK\wav48_silence_trimmed\p253\p253_281_mic1.flac,p236,0,1,0.9880653619766235,0.9835935831069946,0.9880653619766235,-0.004471778869628906,2.9556875
base,2,p253_281_mic1,p253,data\VCTK\wav48_silence_trimmed\p253\p253_281_mic1.flac,p236,0,1,0.9963989853858948,0.9953120946884155,0.9963989853858948,-0.001086890697479248,2.9556875
base,3,p253_281_mic1,p253,data\VCTK\wav48_silence_trimmed\p253\p253_281_mic1.flac,p236,0,1,0.9959198832511902,0.9943341016769409,0.9959198832511902,-0.0015857815742492676,2.9556875
lca,1,p253_281_mic1,p253,data\VCTK\wav48_silence_trimmed\p253\p253_281_mic1.flac,p236,0,1,0.9884293079376221,0.9827739596366882,0.9884293079376221,-0.005655348300933838,2.9556875
lca,2,p253_281_mic1,p253,data\VCTK\wav48_silence_trimmed\p253\p253_281_mic1.flac,p236,0,1,0.9953239560127258,0.9914548397064209,0.9953239560127258,-0.0038691163063049316,2.9556875
lca,3,p253_281_mic1,p253,data\VCTK\wav48_silence_trimmed\p253\p253_281_mic1.flac,p236,0,1,0.9963539838790894,0.9934577345848083,0.9963539838790894,-0.002896249294281006,2.9556875
original,0,p253_343_mic2,p253,data\VCTK\wav48_silence_trimmed\p253\p253_343_mic2.flac,p253,1,1,0.9953371286392212,0.9953371286392212,0.9940106868743896,0.001326441764831543,2.798125
base,1,p253_343_mic2,p253,data\VCTK\wav48_silence_trimmed\p253\p253_343_mic2.flac,p236,0,1,0.9885926842689514,0.9883909821510315,0.9885926842689514,-0.00020170211791992188,2.798125
base,2,p253_343_mic2,p253,data\VCTK\wav48_silence_trimmed\p253\p253_343_mic2.flac,p253,1,1,0.9927432537078857,0.9927432537078857,0.991795003414154,0.0009482502937316895,2.798125
base,3,p253_343_mic2,p253,data\VCTK\wav48_silence_trimmed\p253\p253_343_mic2.flac,p253,1,1,0.9945182800292969,0.9945182800292969,0.9931957721710205,0.0013225078582763672,2.798125
lca,1,p253_343_mic2,p253,data\VCTK\wav48_silence_trimmed\p253\p253_343_mic2.flac,p239,0,1,0.9911200404167175,0.9908822774887085,0.9911200404167175,-0.0002377629280090332,2.798125
lca,2,p253_343_mic2,p253,data\VCTK\wav48_silence_trimmed\p253\p253_343_mic2.flac,p236,0,1,0.9910154938697815,0.9900681972503662,0.9910154938697815,-0.0009472966194152832,2.798125
lca,3,p253_343_mic2,p253,data\VCTK\wav48_silence_trimmed\p253\p253_343_mic2.flac,p253,1,1,0.9917977452278137,0.9917977452278137,0.9912217259407043,0.000576019287109375,2.798125
original,0,p253_381_mic1,p253,data\VCTK\wav48_silence_trimmed\p253\p253_381_mic1.flac,p249,0,1,0.997330367565155,0.9942591190338135,0.997330367565155,-0.0030712485313415527,1.7946875
base,1,p253_381_mic1,p253,data\VCTK\wav48_silence_trimmed\p253\p253_381_mic1.flac,p239,0,1,0.9942644238471985,0.992702066898346,0.9942644238471985,-0.001562356948852539,1.7946875
base,2,p253_381_mic1,p253,data\VCTK\wav48_silence_trimmed\p253\p253_381_mic1.flac,p351,0,1,0.9975455403327942,0.995841920375824,0.9975455403327942,-0.0017036199569702148,1.7946875
base,3,p253_381_mic1,p253,data\VCTK\wav48_silence_trimmed\p253\p253_381_mic1.flac,p351,0,1,0.9977073669433594,0.9952048063278198,0.9977073669433594,-0.0025025606155395508,1.7946875
lca,1,p253_381_mic1,p253,data\VCTK\wav48_silence_trimmed\p253\p253_381_mic1.flac,p239,0,1,0.9951983690261841,0.9943649172782898,0.9951983690261841,-0.0008334517478942871,1.7946875
lca,2,p253_381_mic1,p253,data\VCTK\wav48_silence_trimmed\p253\p253_381_mic1.flac,p262,0,1,0.9974897503852844,0.9948726892471313,0.9974897503852844,-0.002617061138153076,1.7946875
lca,3,p253_381_mic1,p253,data\VCTK\wav48_silence_trimmed\p253\p253_381_mic1.flac,p351,0,1,0.9976874589920044,0.994862973690033,0.9976874589920044,-0.0028244853019714355,1.7946875
original,0,p254_049_mic1,p254,data\VCTK\wav48_silence_trimmed\p254\p254_049_mic1.flac,p254,1,1,0.9967302680015564,0.9967302680015564,0.9960052967071533,0.0007249712944030762,3.0453125
base,1,p254_049_mic1,p254,data\VCTK\wav48_silence_trimmed\p254\p254_049_mic1.flac,p259,0,1,0.9877002239227295,0.9814466834068298,0.9877002239227295,-0.006253540515899658,3.0453125
base,2,p254_049_mic1,p254,data\VCTK\wav48_silence_trimmed\p254\p254_049_mic1.flac,p252,0,1,0.995436429977417,0.9952836036682129,0.995436429977417,-0.00015282630920410156,3.0453125
base,3,p254_049_mic1,p254,data\VCTK\wav48_silence_trimmed\p254\p254_049_mic1.flac,p252,0,1,0.9960940480232239,0.996058464050293,0.9960940480232239,-3.55839729309082e-05,3.0453125
lca,1,p254_049_mic1,p254,data\VCTK\wav48_silence_trimmed\p254\p254_049_mic1.flac,p252,0,1,0.9891484379768372,0.983855664730072,0.9891484379768372,-0.005292773246765137,3.0453125
lca,2,p254_049_mic1,p254,data\VCTK\wav48_silence_trimmed\p254\p254_049_mic1.flac,p252,0,1,0.9952567219734192,0.9913288354873657,0.9952567219734192,-0.003927886486053467,3.0453125
lca,3,p254_049_mic1,p254,data\VCTK\wav48_silence_trimmed\p254\p254_049_mic1.flac,p252,0,1,0.9960026741027832,0.9937892556190491,0.9960026741027832,-0.002213418483734131,3.0453125
original,0,p254_086_mic2,p254,data\VCTK\wav48_silence_trimmed\p254\p254_086_mic2.flac,p255,0,1,0.9969322085380554,0.9956824779510498,0.9969322085380554,-0.0012497305870056152,2.179875
base,1,p254_086_mic2,p254,data\VCTK\wav48_silence_trimmed\p254\p254_086_mic2.flac,p255,0,1,0.9916402697563171,0.9847991466522217,0.9916402697563171,-0.006841123104095459,2.179875
base,2,p254_086_mic2,p254,data\VCTK\wav48_silence_trimmed\p254\p254_086_mic2.flac,p292,0,1,0.99655681848526,0.9945525527000427,0.99655681848526,-0.002004265785217285,2.179875
base,3,p254_086_mic2,p254,data\VCTK\wav48_silence_trimmed\p254\p254_086_mic2.flac,p292,0,1,0.9971171021461487,0.9949706792831421,0.9971171021461487,-0.002146422863006592,2.179875
lca,1,p254_086_mic2,p254,data\VCTK\wav48_silence_trimmed\p254\p254_086_mic2.flac,p255,0,1,0.9909740686416626,0.9852597117424011,0.9909740686416626,-0.005714356899261475,2.179875
lca,2,p254_086_mic2,p254,data\VCTK\wav48_silence_trimmed\p254\p254_086_mic2.flac,p259,0,1,0.9961087703704834,0.9958112835884094,0.9961087703704834,-0.0002974867820739746,2.179875
lca,3,p254_086_mic2,p254,data\VCTK\wav48_silence_trimmed\p254\p254_086_mic2.flac,p292,0,1,0.9969415068626404,0.9969408512115479,0.9969415068626404,-6.556510925292969e-07,2.179875
original,0,p254_194_mic1,p254,data\VCTK\wav48_silence_trimmed\p254\p254_194_mic1.flac,p254,1,1,0.9987472295761108,0.9987472295761108,0.9970569610595703,0.0016902685165405273,3.3508125
base,1,p254_194_mic1,p254,data\VCTK\wav48_silence_trimmed\p254\p254_194_mic1.flac,p255,0,1,0.9935309886932373,0.9887034296989441,0.9935309886932373,-0.004827558994293213,3.3508125
base,2,p254_194_mic1,p254,data\VCTK\wav48_silence_trimmed\p254\p254_194_mic1.flac,p345,0,1,0.9981850385665894,0.9949606657028198,0.9981850385665894,-0.0032243728637695312,3.3508125
base,3,p254_194_mic1,p254,data\VCTK\wav48_silence_trimmed\p254\p254_194_mic1.flac,p254,1,1,0.9975478649139404,0.9975478649139404,0.9974483251571655,9.953975677490234e-05,3.3508125
lca,1,p254_194_mic1,p254,data\VCTK\wav48_silence_trimmed\p254\p254_194_mic1.flac,p255,0,1,0.9925013780593872,0.9870827198028564,0.9925013780593872,-0.005418658256530762,3.3508125
lca,2,p254_194_mic1,p254,data\VCTK\wav48_silence_trimmed\p254\p254_194_mic1.flac,p259,0,1,0.996105968952179,0.9957501888275146,0.996105968952179,-0.00035578012466430664,3.3508125
lca,3,p254_194_mic1,p254,data\VCTK\wav48_silence_trimmed\p254\p254_194_mic1.flac,p254,1,1,0.9976162314414978,0.9976162314414978,0.996407151222229,0.0012090802192687988,3.3508125
original,0,p254_202_mic2,p254,data\VCTK\wav48_silence_trimmed\p254\p254_202_mic2.flac,p283,0,1,0.9956400990486145,0.9908975958824158,0.9956400990486145,-0.0047425031661987305,2.2338125
base,1,p254_202_mic2,p254,data\VCTK\wav48_silence_trimmed\p254\p254_202_mic2.flac,p303,0,1,0.9945885539054871,0.9799026846885681,0.9945885539054871,-0.014685869216918945,2.2338125
base,2,p254_202_mic2,p254,data\VCTK\wav48_silence_trimmed\p254\p254_202_mic2.flac,p303,0,1,0.9960142374038696,0.986885666847229,0.9960142374038696,-0.009128570556640625,2.2338125
base,3,p254_202_mic2,p254,data\VCTK\wav48_silence_trimmed\p254\p254_202_mic2.flac,p303,0,1,0.9961085915565491,0.9884799122810364,0.9961085915565491,-0.007628679275512695,2.2338125
lca,1,p254_202_mic2,p254,data\VCTK\wav48_silence_trimmed\p254\p254_202_mic2.flac,p252,0,1,0.9941127300262451,0.9876885414123535,0.9941127300262451,-0.0064241886138916016,2.2338125
lca,2,p254_202_mic2,p254,data\VCTK\wav48_silence_trimmed\p254\p254_202_mic2.flac,p252,0,1,0.9947536587715149,0.9897017478942871,0.9947536587715149,-0.005051910877227783,2.2338125
lca,3,p254_202_mic2,p254,data\VCTK\wav48_silence_trimmed\p254\p254_202_mic2.flac,p303,0,1,0.9947830438613892,0.9885438084602356,0.9947830438613892,-0.0062392354011535645,2.2338125
original,0,p254_243_mic1,p254,data\VCTK\wav48_silence_trimmed\p254\p254_243_mic1.flac,p272,0,1,0.9930568337440491,0.9879197478294373,0.9930568337440491,-0.005137085914611816,3.7246875
base,1,p254_243_mic1,p254,data\VCTK\wav48_silence_trimmed\p254\p254_243_mic1.flac,p285,0,1,0.988664448261261,0.979322075843811,0.988664448261261,-0.009342372417449951,3.7246875
base,2,p254_243_mic1,p254,data\VCTK\wav48_silence_trimmed\p254\p254_243_mic1.flac,p292,0,1,0.9946181178092957,0.9906735420227051,0.9946181178092957,-0.003944575786590576,3.7246875
base,3,p254_243_mic1,p254,data\VCTK\wav48_silence_trimmed\p254\p254_243_mic1.flac,p272,0,1,0.9949241876602173,0.9915379285812378,0.9949241876602173,-0.003386259078979492,3.7246875
lca,1,p254_243_mic1,p254,data\VCTK\wav48_silence_trimmed\p254\p254_243_mic1.flac,p285,0,1,0.9896133542060852,0.9817008972167969,0.9896133542060852,-0.00791245698928833,3.7246875
lca,2,p254_243_mic1,p254,data\VCTK\wav48_silence_trimmed\p254\p254_243_mic1.flac,p292,0,1,0.9941974878311157,0.990530252456665,0.9941974878311157,-0.0036672353744506836,3.7246875
lca,3,p254_243_mic1,p254,data\VCTK\wav48_silence_trimmed\p254\p254_243_mic1.flac,p292,0,1,0.9959474802017212,0.993324339389801,0.9959474802017212,-0.002623140811920166,3.7246875
original,0,p255_073_mic2,p255,data\VCTK\wav48_silence_trimmed\p255\p255_073_mic2.flac,p262,0,1,0.9966078996658325,0.9929709434509277,0.9966078996658325,-0.003636956214904785,2.7733125
base,1,p255_073_mic2,p255,data\VCTK\wav48_silence_trimmed\p255\p255_073_mic2.flac,p239,0,1,0.9934827089309692,0.9906187653541565,0.9934827089309692,-0.002863943576812744,2.7733125
base,2,p255_073_mic2,p255,data\VCTK\wav48_silence_trimmed\p255\p255_073_mic2.flac,p258,0,1,0.9956643581390381,0.9882854223251343,0.9956643581390381,-0.007378935813903809,2.7733125
base,3,p255_073_mic2,p255,data\VCTK\wav48_silence_trimmed\p255\p255_073_mic2.flac,p258,0,1,0.9964568018913269,0.9903662204742432,0.9964568018913269,-0.00609058141708374,2.7733125
lca,1,p255_073_mic2,p255,data\VCTK\wav48_silence_trimmed\p255\p255_073_mic2.flac,p278,0,1,0.9947242736816406,0.9899095892906189,0.9947242736816406,-0.0048146843910217285,2.7733125
lca,2,p255_073_mic2,p255,data\VCTK\wav48_silence_trimmed\p255\p255_073_mic2.flac,p258,0,1,0.9960734248161316,0.9894129037857056,0.9960734248161316,-0.006660521030426025,2.7733125
lca,3,p255_073_mic2,p255,data\VCTK\wav48_silence_trimmed\p255\p255_073_mic2.flac,p258,0,1,0.9963815212249756,0.9910818338394165,0.9963815212249756,-0.005299687385559082,2.7733125
original,0,p255_135_mic1,p255,data\VCTK\wav48_silence_trimmed\p255\p255_135_mic1.flac,p292,0,1,0.9956859350204468,0.9944868087768555,0.9956859350204468,-0.0011991262435913086,3.0323125
base,1,p255_135_mic1,p255,data\VCTK\wav48_silence_trimmed\p255\p255_135_mic1.flac,p255,1,1,0.9912971258163452,0.9912971258163452,0.9907500147819519,0.0005471110343933105,3.0323125
base,2,p255_135_mic1,p255,data\VCTK\wav48_silence_trimmed\p255\p255_135_mic1.flac,p292,0,1,0.9959677457809448,0.9945319294929504,0.9959677457809448,-0.0014358162879943848,3.0323125
base,3,p255_135_mic1,p255,data\VCTK\wav48_silence_trimmed\p255\p255_135_mic1.flac,p292,0,1,0.9952969551086426,0.9937578439712524,0.9952969551086426,-0.0015391111373901367,3.0323125
lca,1,p255_135_mic1,p255,data\VCTK\wav48_silence_trimmed\p255\p255_135_mic1.flac,p259,0,1,0.9917821288108826,0.99085932970047,0.9917821288108826,-0.0009227991104125977,3.0323125
lca,2,p255_135_mic1,p255,data\VCTK\wav48_silence_trimmed\p255\p255_135_mic1.flac,p292,0,1,0.9962733387947083,0.9949269890785217,0.9962733387947083,-0.0013463497161865234,3.0323125
lca,3,p255_135_mic1,p255,data\VCTK\wav48_silence_trimmed\p255\p255_135_mic1.flac,p292,0,1,0.9958752393722534,0.9939045906066895,0.9958752393722534,-0.001970648765563965,3.0323125
original,0,p255_298_mic1,p255,data\VCTK\wav48_silence_trimmed\p255\p255_298_mic1.flac,p292,0,1,0.996677815914154,0.9945661425590515,0.996677815914154,-0.002111673355102539,5.07175
base,1,p255_298_mic1,p255,data\VCTK\wav48_silence_trimmed\p255\p255_298_mic1.flac,p292,0,1,0.9932038187980652,0.9930811524391174,0.9932038187980652,-0.0001226663589477539,5.07175
base,2,p255_298_mic1,p255,data\VCTK\wav48_silence_trimmed\p255\p255_298_mic1.flac,p292,0,1,0.9975780844688416,0.99525386095047,0.9975780844688416,-0.002324223518371582,5.07175
base,3,p255_298_mic1,p255,data\VCTK\wav48_silence_trimmed\p255\p255_298_mic1.flac,p292,0,1,0.9969797730445862,0.9944941401481628,0.9969797730445862,-0.00248563289642334,5.07175
lca,1,p255_298_mic1,p255,data\VCTK\wav48_silence_trimmed\p255\p255_298_mic1.flac,p259,0,1,0.9925900101661682,0.9924008846282959,0.9925900101661682,-0.00018912553787231445,5.07175
lca,2,p255_298_mic1,p255,data\VCTK\wav48_silence_trimmed\p255\p255_298_mic1.flac,p292,0,1,0.996168851852417,0.994268000125885,0.996168851852417,-0.0019008517265319824,5.07175
lca,3,p255_298_mic1,p255,data\VCTK\wav48_silence_trimmed\p255\p255_298_mic1.flac,p292,0,1,0.9964523315429688,0.9936832785606384,0.9964523315429688,-0.0027690529823303223,5.07175
original,0,p255_347_mic1,p255,data\VCTK\wav48_silence_trimmed\p255\p255_347_mic1.flac,p275,0,1,0.9963558316230774,0.9960318207740784,0.9963558316230774,-0.00032401084899902344,4.0323125
base,1,p255_347_mic1,p255,data\VCTK\wav48_silence_trimmed\p255\p255_347_mic1.flac,p333,0,1,0.9930269718170166,0.9915434718132019,0.9930269718170166,-0.0014835000038146973,4.0323125
base,2,p255_347_mic1,p255,data\VCTK\wav48_silence_trimmed\p255\p255_347_mic1.flac,p308,0,1,0.9964725375175476,0.9848079085350037,0.9964725375175476,-0.011664628982543945,4.0323125
base,3,p255_347_mic1,p255,data\VCTK\wav48_silence_trimmed\p255\p255_347_mic1.flac,p258,0,1,0.9969844818115234,0.9894581437110901,0.9969844818115234,-0.00752633810043335,4.0323125
lca,1,p255_347_mic1,p255,data\VCTK\wav48_silence_trimmed\p255\p255_347_mic1.flac,p333,0,1,0.9884549975395203,0.9862488508224487,0.9884549975395203,-0.002206146717071533,4.0323125
lca,2,p255_347_mic1,p255,data\VCTK\wav48_silence_trimmed\p255\p255_347_mic1.flac,p255,1,1,0.9966936707496643,0.9966936707496643,0.9957407116889954,0.0009529590606689453,4.0323125
lca,3,p255_347_mic1,p255,data\VCTK\wav48_silence_trimmed\p255\p255_347_mic1.flac,p255,1,1,0.9967193007469177,0.9967193007469177,0.9963319301605225,0.00038737058639526367,4.0323125
original,0,p255_381_mic1,p255,data\VCTK\wav48_silence_trimmed\p255\p255_381_mic1.flac,p255,1,1,0.9971476793289185,0.9971476793289185,0.9963813424110413,0.0007663369178771973,3.8789375
base,1,p255_381_mic1,p255,data\VCTK\wav48_silence_trimmed\p255\p255_381_mic1.flac,p255,1,1,0.9914621710777283,0.9914621710777283,0.9907746315002441,0.0006875395774841309,3.8789375
base,2,p255_381_mic1,p255,data\VCTK\wav48_silence_trimmed\p255\p255_381_mic1.flac,p255,1,1,0.9974987506866455,0.9974987506866455,0.9966564178466797,0.0008423328399658203,3.8789375
base,3,p255_381_mic1,p255,data\VCTK\wav48_silence_trimmed\p255\p255_381_mic1.flac,p255,1,1,0.9973227381706238,0.9973227381706238,0.9967878460884094,0.0005348920822143555,3.8789375
lca,1,p255_381_mic1,p255,data\VCTK\wav48_silence_trimmed\p255\p255_381_mic1.flac,p259,0,1,0.9907771348953247,0.9905880093574524,0.9907771348953247,-0.00018912553787231445,3.8789375
lca,2,p255_381_mic1,p255,data\VCTK\wav48_silence_trimmed\p255\p255_381_mic1.flac,p255,1,1,0.9961584806442261,0.9961584806442261,0.9961304664611816,2.8014183044433594e-05,3.8789375
lca,3,p255_381_mic1,p255,data\VCTK\wav48_silence_trimmed\p255\p255_381_mic1.flac,p292,0,1,0.9965489506721497,0.9962663650512695,0.9965489506721497,-0.00028258562088012695,3.8789375
original,0,p256_033_mic2,p256,data\VCTK\wav48_silence_trimmed\p256\p256_033_mic2.flac,p256,1,1,0.9981861710548401,0.9981861710548401,0.9978839755058289,0.00030219554901123047,3.876125
base,1,p256_033_mic2,p256,data\VCTK\wav48_silence_trimmed\p256\p256_033_mic2.flac,p303,0,1,0.995988667011261,0.9911190867424011,0.995988667011261,-0.004869580268859863,3.876125
base,2,p256_033_mic2,p256,data\VCTK\wav48_silence_trimmed\p256\p256_033_mic2.flac,p345,0,1,0.9984705448150635,0.9975137710571289,0.9984705448150635,-0.0009567737579345703,3.876125
base,3,p256_033_mic2,p256,data\VCTK\wav48_silence_trimmed\p256\p256_033_mic2.flac,p345,0,1,0.9984577298164368,0.9975789785385132,0.9984577298164368,-0.000878751277923584,3.876125
lca,1,p256_033_mic2,p256,data\VCTK\wav48_silence_trimmed\p256\p256_033_mic2.flac,p303,0,1,0.9955921173095703,0.9942560195922852,0.9955921173095703,-0.0013360977172851562,3.876125
lca,2,p256_033_mic2,p256,data\VCTK\wav48_silence_trimmed\p256\p256_033_mic2.flac,p345,0,1,0.997511625289917,0.9971354603767395,0.997511625289917,-0.00037616491317749023,3.876125
lca,3,p256_033_mic2,p256,data\VCTK\wav48_silence_trimmed\p256\p256_033_mic2.flac,p345,0,1,0.9977183938026428,0.9968151450157166,0.9977183938026428,-0.0009032487869262695,3.876125
original,0,p256_096_mic2,p256,data\VCTK\wav48_silence_trimmed\p256\p256_096_mic2.flac,p259,0,1,0.9962406754493713,0.9954922199249268,0.9962406754493713,-0.0007484555244445801,4.7009375
base,1,p256_096_mic2,p256,data\VCTK\wav48_silence_trimmed\p256\p256_096_mic2.flac,p239,0,1,0.9935759902000427,0.9875990748405457,0.9935759902000427,-0.00597691535949707,4.7009375
base,2,p256_096_mic2,p256,data\VCTK\wav48_silence_trimmed\p256\p256_096_mic2.flac,p255,0,1,0.9959398508071899,0.9924049377441406,0.9959398508071899,-0.0035349130630493164,4.7009375
base,3,p256_096_mic2,p256,data\VCTK\wav48_silence_trimmed\p256\p256_096_mic2.flac,p255,0,1,0.9961419105529785,0.9921378493309021,0.9961419105529785,-0.004004061222076416,4.7009375
lca,1,p256_096_mic2,p256,data\VCTK\wav48_silence_trimmed\p256\p256_096_mic2.flac,p259,0,1,0.9939326643943787,0.9901780486106873,0.9939326643943787,-0.0037546157836914062,4.7009375
lca,2,p256_096_mic2,p256,data\VCTK\wav48_silence_trimmed\p256\p256_096_mic2.flac,p259,0,1,0.995326817035675,0.9923848509788513,0.995326817035675,-0.0029419660568237305,4.7009375
lca,3,p256_096_mic2,p256,data\VCTK\wav48_silence_trimmed\p256\p256_096_mic2.flac,p259,0,1,0.9959474802017212,0.9949910044670105,0.9959474802017212,-0.0009564757347106934,4.7009375
original,0,p256_173_mic2,p256,data\VCTK\wav48_silence_trimmed\p256\p256_173_mic2.flac,p302,0,1,0.9977846741676331,0.996031641960144,0.9977846741676331,-0.0017530322074890137,3.42625
base,1,p256_173_mic2,p256,data\VCTK\wav48_silence_trimmed\p256\p256_173_mic2.flac,p303,0,1,0.9957003593444824,0.9918295741081238,0.9957003593444824,-0.0038707852363586426,3.42625
base,2,p256_173_mic2,p256,data\VCTK\wav48_silence_trimmed\p256\p256_173_mic2.flac,p345,0,1,0.9976279139518738,0.9964949488639832,0.9976279139518738,-0.001132965087890625,3.42625
base,3,p256_173_mic2,p256,data\VCTK\wav48_silence_trimmed\p256\p256_173_mic2.flac,p302,0,1,0.997864305973053,0.9962722659111023,0.997864305973053,-0.0015920400619506836,3.42625
lca,1,p256_173_mic2,p256,data\VCTK\wav48_silence_trimmed\p256\p256_173_mic2.flac,p302,0,1,0.9960609674453735,0.9950739145278931,0.9960609674453735,-0.0009870529174804688,3.42625
lca,2,p256_173_mic2,p256,data\VCTK\wav48_silence_trimmed\p256\p256_173_mic2.flac,p256,1,1,0.9968903064727783,0.9968903064727783,0.9965477585792542,0.0003425478935241699,3.42625
lca,3,p256_173_mic2,p256,data\VCTK\wav48_silence_trimmed\p256\p256_173_mic2.flac,p256,1,1,0.9975419044494629,0.9975419044494629,0.9969404339790344,0.0006014704704284668,3.42625
original,0,p256_222_mic1,p256,data\VCTK\wav48_silence_trimmed\p256\p256_222_mic1.flac,p252,0,1,0.9973853230476379,0.9938520193099976,0.9973853230476379,-0.003533303737640381,3.588125
base,1,p256_222_mic1,p256,data\VCTK\wav48_silence_trimmed\p256\p256_222_mic1.flac,p303,0,1,0.9913733005523682,0.984595537185669,0.9913733005523682,-0.006777763366699219,3.588125
base,2,p256_222_mic1,p256,data\VCTK\wav48_silence_trimmed\p256\p256_222_mic1.flac,p252,0,1,0.9970065951347351,0.9933319091796875,0.9970065951347351,-0.0036746859550476074,3.588125
base,3,p256_222_mic1,p256,data\VCTK\wav48_silence_trimmed\p256\p256_222_mic1.flac,p252,0,1,0.9976654648780823,0.9941385984420776,0.9976654648780823,-0.0035268664360046387,3.588125
lca,1,p256_222_mic1,p256,data\VCTK\wav48_silence_trimmed\p256\p256_222_mic1.flac,p303,0,1,0.9897667169570923,0.9809820652008057,0.9897667169570923,-0.008784651756286621,3.588125
lca,2,p256_222_mic1,p256,data\VCTK\wav48_silence_trimmed\p256\p256_222_mic1.flac,p252,0,1,0.9941828846931458,0.9900586009025574,0.9941828846931458,-0.004124283790588379,3.588125
lca,3,p256_222_mic1,p256,data\VCTK\wav48_silence_trimmed\p256\p256_222_mic1.flac,p252,0,1,0.9965653419494629,0.9930951595306396,0.9965653419494629,-0.003470182418823242,3.588125
original,0,p256_232_mic2,p256,data\VCTK\wav48_silence_trimmed\p256\p256_232_mic2.flac,p256,1,1,0.9979663491249084,0.9979663491249084,0.9972549080848694,0.0007114410400390625,3.561875
base,1,p256_232_mic2,p256,data\VCTK\wav48_silence_trimmed\p256\p256_232_mic2.flac,p345,0,1,0.995259702205658,0.9933193325996399,0.995259702205658,-0.0019403696060180664,3.561875
base,2,p256_232_mic2,p256,data\VCTK\wav48_silence_trimmed\p256\p256_232_mic2.flac,p345,0,1,0.9979228377342224,0.9967040419578552,0.9979228377342224,-0.0012187957763671875,3.561875
base,3,p256_232_mic2,p256,data\VCTK\wav48_silence_trimmed\p256\p256_232_mic2.flac,p345,0,1,0.9975710511207581,0.9968766570091248,0.9975710511207581,-0.0006943941116333008,3.561875
lca,1,p256_232_mic2,p256,data\VCTK\wav48_silence_trimmed\p256\p256_232_mic2.flac,p302,0,1,0.9964023232460022,0.9940327405929565,0.9964023232460022,-0.0023695826530456543,3.561875
lca,2,p256_232_mic2,p256,data\VCTK\wav48_silence_trimmed\p256\p256_232_mic2.flac,p256,1,1,0.9971281886100769,0.9971281886100769,0.9968856573104858,0.00024253129959106445,3.561875
lca,3,p256_232_mic2,p256,data\VCTK\wav48_silence_trimmed\p256\p256_232_mic2.flac,p256,1,1,0.997238039970398,0.997238039970398,0.9968560338020325,0.0003820061683654785,3.561875
original,0,p257_003_mic1,p257,data\VCTK\wav48_silence_trimmed\p257\p257_003_mic1.flac,p266,0,1,0.9961349964141846,0.9927783608436584,0.9961349964141846,-0.003356635570526123,5.9074375
base,1,p257_003_mic1,p257,data\VCTK\wav48_silence_trimmed\p257\p257_003_mic1.flac,p333,0,1,0.993560254573822,0.9890936017036438,0.993560254573822,-0.004466652870178223,5.9074375
base,2,p257_003_mic1,p257,data\VCTK\wav48_silence_trimmed\p257\p257_003_mic1.flac,p341,0,1,0.9975386261940002,0.9940109848976135,0.9975386261940002,-0.0035276412963867188,5.9074375
base,3,p257_003_mic1,p257,data\VCTK\wav48_silence_trimmed\p257\p257_003_mic1.flac,p341,0,1,0.9968284964561462,0.9933356642723083,0.9968284964561462,-0.0034928321838378906,5.9074375
lca,1,p257_003_mic1,p257,data\VCTK\wav48_silence_trimmed\p257\p257_003_mic1.flac,p333,0,1,0.9935702085494995,0.9885742664337158,0.9935702085494995,-0.004995942115783691,5.9074375
lca,2,p257_003_mic1,p257,data\VCTK\wav48_silence_trimmed\p257\p257_003_mic1.flac,p341,0,1,0.9969221353530884,0.9953051805496216,0.9969221353530884,-0.0016169548034667969,5.9074375
lca,3,p257_003_mic1,p257,data\VCTK\wav48_silence_trimmed\p257\p257_003_mic1.flac,p341,0,1,0.9980151653289795,0.9960919618606567,0.9980151653289795,-0.001923203468322754,5.9074375
original,0,p257_218_mic2,p257,data\VCTK\wav48_silence_trimmed\p257\p257_218_mic2.flac,p297,0,1,0.9984983205795288,0.9946423172950745,0.9984983205795288,-0.0038560032844543457,2.478375
base,1,p257_218_mic2,p257,data\VCTK\wav48_silence_trimmed\p257\p257_218_mic2.flac,p253,0,1,0.9928609728813171,0.9850879311561584,0.9928609728813171,-0.007773041725158691,2.478375
base,2,p257_218_mic2,p257,data\VCTK\wav48_silence_trimmed\p257\p257_218_mic2.flac,p297,0,1,0.9970815777778625,0.9944401383399963,0.9970815777778625,-0.002641439437866211,2.478375
base,3,p257_218_mic2,p257,data\VCTK\wav48_silence_trimmed\p257\p257_218_mic2.flac,p253,0,1,0.9979594945907593,0.991985559463501,0.9979594945907593,-0.005973935127258301,2.478375
lca,1,p257_218_mic2,p257,data\VCTK\wav48_silence_trimmed\p257\p257_218_mic2.flac,p239,0,1,0.9950008392333984,0.9908190965652466,0.9950008392333984,-0.0041817426681518555,2.478375
lca,2,p257_218_mic2,p257,data\VCTK\wav48_silence_trimmed\p257\p257_218_mic2.flac,p339,0,1,0.9965253472328186,0.9951127171516418,0.9965253472328186,-0.0014126300811767578,2.478375
lca,3,p257_218_mic2,p257,data\VCTK\wav48_silence_trimmed\p257\p257_218_mic2.flac,p339,0,1,0.997603178024292,0.9961675405502319,0.997603178024292,-0.0014356374740600586,2.478375
original,0,p257_232_mic2,p257,data\VCTK\wav48_silence_trimmed\p257\p257_232_mic2.flac,p341,0,1,0.9959769248962402,0.9958163499832153,0.9959769248962402,-0.00016057491302490234,3.8851875
base,1,p257_232_mic2,p257,data\VCTK\wav48_silence_trimmed\p257\p257_232_mic2.flac,p312,0,1,0.9911879301071167,0.986197829246521,0.9911879301071167,-0.004990100860595703,3.8851875
base,2,p257_232_mic2,p257,data\VCTK\wav48_silence_trimmed\p257\p257_232_mic2.flac,p312,0,1,0.99531090259552,0.9934861660003662,0.99531090259552,-0.0018247365951538086,3.8851875
base,3,p257_232_mic2,p257,data\VCTK\wav48_silence_trimmed\p257\p257_232_mic2.flac,p282,0,1,0.9956714510917664,0.9944393634796143,0.9956714510917664,-0.0012320876121520996,3.8851875
lca,1,p257_232_mic2,p257,data\VCTK\wav48_silence_trimmed\p257\p257_232_mic2.flac,p312,0,1,0.9949640035629272,0.990966260433197,0.9949640035629272,-0.003997743129730225,3.8851875
lca,2,p257_232_mic2,p257,data\VCTK\wav48_silence_trimmed\p257\p257_232_mic2.flac,p312,0,1,0.9947840571403503,0.9939013719558716,0.9947840571403503,-0.0008826851844787598,3.8851875
lca,3,p257_232_mic2,p257,data\VCTK\wav48_silence_trimmed\p257\p257_232_mic2.flac,p266,0,1,0.9954326152801514,0.9944877624511719,0.9954326152801514,-0.0009448528289794922,3.8851875
original,0,p257_252_mic2,p257,data\VCTK\wav48_silence_trimmed\p257\p257_252_mic2.flac,p240,0,1,0.9968131184577942,0.9938732981681824,0.9968131184577942,-0.0029398202896118164,2.137875
base,1,p257_252_mic2,p257,data\VCTK\wav48_silence_trimmed\p257\p257_252_mic2.flac,p239,0,1,0.9910688400268555,0.9835245609283447,0.9910688400268555,-0.007544279098510742,2.137875
base,2,p257_252_mic2,p257,data\VCTK\wav48_silence_trimmed\p257\p257_252_mic2.flac,p253,0,1,0.9956528544425964,0.9910200238227844,0.9956528544425964,-0.004632830619812012,2.137875
base,3,p257_252_mic2,p257,data\VCTK\wav48_silence_trimmed\p257\p257_252_mic2.flac,p239,0,1,0.9955047965049744,0.9930759072303772,0.9955047965049744,-0.002428889274597168,2.137875
lca,1,p257_252_mic2,p257,data\VCTK\wav48_silence_trimmed\p257\p257_252_mic2.flac,p239,0,1,0.9918809533119202,0.9835586547851562,0.9918809533119202,-0.008322298526763916,2.137875
lca,2,p257_252_mic2,p257,data\VCTK\wav48_silence_trimmed\p257\p257_252_mic2.flac,p300,0,1,0.9951852560043335,0.9900729656219482,0.9951852560043335,-0.005112290382385254,2.137875
lca,3,p257_252_mic2,p257,data\VCTK\wav48_silence_trimmed\p257\p257_252_mic2.flac,p300,0,1,0.9951695799827576,0.991862952709198,0.9951695799827576,-0.0033066272735595703,2.137875
original,0,p257_370_mic2,p257,data\VCTK\wav48_silence_trimmed\p257\p257_370_mic2.flac,p339,0,1,0.9978465437889099,0.9971119165420532,0.9978465437889099,-0.0007346272468566895,2.3064375
base,1,p257_370_mic2,p257,data\VCTK\wav48_silence_trimmed\p257\p257_370_mic2.flac,p312,0,1,0.9918561577796936,0.9874559640884399,0.9918561577796936,-0.004400193691253662,2.3064375
base,2,p257_370_mic2,p257,data\VCTK\wav48_silence_trimmed\p257\p257_370_mic2.flac,p335,0,1,0.9960516691207886,0.9953766465187073,0.9960516691207886,-0.0006750226020812988,2.3064375
base,3,p257_370_mic2,p257,data\VCTK\wav48_silence_trimmed\p257\p257_370_mic2.flac,p335,0,1,0.9965839385986328,0.9964122176170349,0.9965839385986328,-0.0001717209815979004,2.3064375
lca,1,p257_370_mic2,p257,data\VCTK\wav48_silence_trimmed\p257\p257_370_mic2.flac,p312,0,1,0.9950425624847412,0.9921338558197021,0.9950425624847412,-0.0029087066650390625,2.3064375
lca,2,p257_370_mic2,p257,data\VCTK\wav48_silence_trimmed\p257\p257_370_mic2.flac,p312,0,1,0.9957367777824402,0.9951288104057312,0.9957367777824402,-0.0006079673767089844,2.3064375
lca,3,p257_370_mic2,p257,data\VCTK\wav48_silence_trimmed\p257\p257_370_mic2.flac,p312,0,1,0.9958702325820923,0.9958146214485168,0.9958702325820923,-5.561113357543945e-05,2.3064375
original,0,p258_088_mic2,p258,data\VCTK\wav48_silence_trimmed\p258\p258_088_mic2.flac,p258,1,1,0.9988617897033691,0.9988617897033691,0.9978075623512268,0.001054227352142334,1.7965625
base,1,p258_088_mic2,p258,data\VCTK\wav48_silence_trimmed\p258\p258_088_mic2.flac,p259,0,1,0.9941902160644531,0.993116557598114,0.9941902160644531,-0.0010736584663391113,1.7965625
base,2,p258_088_mic2,p258,data\VCTK\wav48_silence_trimmed\p258\p258_088_mic2.flac,p258,1,1,0.9978798627853394,0.9978798627853394,0.997443675994873,0.0004361867904663086,1.7965625
base,3,p258_088_mic2,p258,data\VCTK\wav48_silence_trimmed\p258\p258_088_mic2.flac,p258,1,1,0.9977095127105713,0.9977095127105713,0.9973714351654053,0.0003380775451660156,1.7965625
lca,1,p258_088_mic2,p258,data\VCTK\wav48_silence_trimmed\p258\p258_088_mic2.flac,p252,0,1,0.9943587183952332,0.9939268231391907,0.9943587183952332,-0.00043189525604248047,1.7965625
lca,2,p258_088_mic2,p258,data\VCTK\wav48_silence_trimmed\p258\p258_088_mic2.flac,p259,0,1,0.9971699118614197,0.9970294833183289,0.9971699118614197,-0.0001404285430908203,1.7965625
lca,3,p258_088_mic2,p258,data\VCTK\wav48_silence_trimmed\p258\p258_088_mic2.flac,p258,1,1,0.9981942772865295,0.9981942772865295,0.9973715543746948,0.0008227229118347168,1.7965625
original,0,p258_094_mic1,p258,data\VCTK\wav48_silence_trimmed\p258\p258_094_mic1.flac,p252,0,1,0.9983540177345276,0.9956838488578796,0.9983540177345276,-0.0026701688766479492,1.7546875
base,1,p258_094_mic1,p258,data\VCTK\wav48_silence_trimmed\p258\p258_094_mic1.flac,p252,0,1,0.9912691712379456,0.9871737360954285,0.9912691712379456,-0.00409543514251709,1.7546875
base,2,p258_094_mic1,p258,data\VCTK\wav48_silence_trimmed\p258\p258_094_mic1.flac,p252,0,1,0.9979339241981506,0.9943971037864685,0.9979339241981506,-0.003536820411682129,1.7546875
base,3,p258_094_mic1,p258,data\VCTK\wav48_silence_trimmed\p258\p258_094_mic1.flac,p252,0,1,0.9979963302612305,0.9949362277984619,0.9979963302612305,-0.0030601024627685547,1.7546875
lca,1,p258_094_mic1,p258,data\VCTK\wav48_silence_trimmed\p258\p258_094_mic1.flac,p303,0,1,0.9932180047035217,0.9900495409965515,0.9932180047035217,-0.003168463706970215,1.7546875
lca,2,p258_094_mic1,p258,data\VCTK\wav48_silence_trimmed\p258\p258_094_mic1.flac,p252,0,1,0.996737003326416,0.9930941462516785,0.996737003326416,-0.003642857074737549,1.7546875
lca,3,p258_094_mic1,p258,data\VCTK\wav48_silence_trimmed\p258\p258_094_mic1.flac,p252,0,1,0.9974926710128784,0.9937621355056763,0.9974926710128784,-0.0037305355072021484,1.7546875
original,0,p258_138_mic2,p258,data\VCTK\wav48_silence_trimmed\p258\p258_138_mic2.flac,p275,0,1,0.9963905811309814,0.9945316314697266,0.9963905811309814,-0.0018589496612548828,4.0511875
base,1,p258_138_mic2,p258,data\VCTK\wav48_silence_trimmed\p258\p258_138_mic2.flac,p292,0,1,0.9938320517539978,0.9902522563934326,0.9938320517539978,-0.0035797953605651855,4.0511875
base,2,p258_138_mic2,p258,data\VCTK\wav48_silence_trimmed\p258\p258_138_mic2.flac,p243,0,1,0.9965997338294983,0.9939010739326477,0.9965997338294983,-0.002698659896850586,4.0511875
base,3,p258_138_mic2,p258,data\VCTK\wav48_silence_trimmed\p258\p258_138_mic2.flac,p326,0,1,0.9969020485877991,0.9919946789741516,0.9969020485877991,-0.004907369613647461,4.0511875
lca,1,p258_138_mic2,p258,data\VCTK\wav48_silence_trimmed\p258\p258_138_mic2.flac,p292,0,1,0.994641125202179,0.9914773106575012,0.994641125202179,-0.0031638145446777344,4.0511875
lca,2,p258_138_mic2,p258,data\VCTK\wav48_silence_trimmed\p258\p258_138_mic2.flac,p243,0,1,0.9971405863761902,0.9952785968780518,0.9971405863761902,-0.0018619894981384277,4.0511875
lca,3,p258_138_mic2,p258,data\VCTK\wav48_silence_trimmed\p258\p258_138_mic2.flac,p347,0,1,0.9961240291595459,0.9929070472717285,0.9961240291595459,-0.003216981887817383,4.0511875
original,0,p258_142_mic2,p258,data\VCTK\wav48_silence_trimmed\p258\p258_142_mic2.flac,p258,1,1,0.9986967444419861,0.9986967444419861,0.997336745262146,0.0013599991798400879,2.90475
base,1,p258_142_mic2,p258,data\VCTK\wav48_silence_trimmed\p258\p258_142_mic2.flac,p292,0,1,0.9944218397140503,0.9919999241828918,0.9944218397140503,-0.0024219155311584473,2.90475
base,2,p258_142_mic2,p258,data\VCTK\wav48_silence_trimmed\p258\p258_142_mic2.flac,p258,1,1,0.9986730813980103,0.9986730813980103,0.9973618388175964,0.0013112425804138184,2.90475
base,3,p258_142_mic2,p258,data\VCTK\wav48_silence_trimmed\p258\p258_142_mic2.flac,p258,1,1,0.9990752339363098,0.9990752339363098,0.9980804920196533,0.0009947419166564941,2.90475
lca,1,p258_142_mic2,p258,data\VCTK\wav48_silence_trimmed\p258\p258_142_mic2.flac,p259,0,1,0.9946981072425842,0.9937561750411987,0.9946981072425842,-0.000941932201385498,2.90475
lca,2,p258_142_mic2,p258,data\VCTK\wav48_silence_trimmed\p258\p258_142_mic2.flac,p258,1,1,0.9985878467559814,0.9985878467559814,0.997170090675354,0.0014177560806274414,2.90475
lca,3,p258_142_mic2,p258,data\VCTK\wav48_silence_trimmed\p258\p258_142_mic2.flac,p258,1,1,0.9984325170516968,0.9984325170516968,0.9975234270095825,0.0009090900421142578,2.90475
original,0,p258_366_mic2,p258,data\VCTK\wav48_silence_trimmed\p258\p258_366_mic2.flac,p334,0,1,0.9913354516029358,0.9797038435935974,0.9913354516029358,-0.011631608009338379,4.1011875
base,1,p258_366_mic2,p258,data\VCTK\wav48_silence_trimmed\p258\p258_366_mic2.flac,p285,0,1,0.9893341660499573,0.9758721590042114,0.9893341660499573,-0.01346200704574585,4.1011875
base,2,p258_366_mic2,p258,data\VCTK\wav48_silence_trimmed\p258\p258_366_mic2.flac,p334,0,1,0.9936005473136902,0.9842522144317627,0.9936005473136902,-0.00934833288192749,4.1011875
base,3,p258_366_mic2,p258,data\VCTK\wav48_silence_trimmed\p258\p258_366_mic2.flac,p334,0,1,0.9945480823516846,0.9871795177459717,0.9945480823516846,-0.007368564605712891,4.1011875
lca,1,p258_366_mic2,p258,data\VCTK\wav48_silence_trimmed\p258\p258_366_mic2.flac,p334,0,1,0.992072582244873,0.9847049117088318,0.992072582244873,-0.00736767053604126,4.1011875
lca,2,p258_366_mic2,p258,data\VCTK\wav48_silence_trimmed\p258\p258_366_mic2.flac,p334,0,1,0.9928297996520996,0.9831600189208984,0.9928297996520996,-0.009669780731201172,4.1011875
lca,3,p258_366_mic2,p258,data\VCTK\wav48_silence_trimmed\p258\p258_366_mic2.flac,p334,0,1,0.9917747974395752,0.9802939295768738,0.9917747974395752,-0.011480867862701416,4.1011875
original,0,p259_056_mic1,p259,data\VCTK\wav48_silence_trimmed\p259\p259_056_mic1.flac,p285,0,1,0.9980518817901611,0.996484637260437,0.9980518817901611,-0.001567244529724121,3.2965625
base,1,p259_056_mic1,p259,data\VCTK\wav48_silence_trimmed\p259\p259_056_mic1.flac,p255,0,1,0.9923318028450012,0.991665780544281,0.9923318028450012,-0.0006660223007202148,3.2965625
base,2,p259_056_mic1,p259,data\VCTK\wav48_silence_trimmed\p259\p259_056_mic1.flac,p285,0,1,0.9974756836891174,0.9952271580696106,0.9974756836891174,-0.002248525619506836,3.2965625
base,3,p259_056_mic1,p259,data\VCTK\wav48_silence_trimmed\p259\p259_056_mic1.flac,p285,0,1,0.997814953327179,0.9970498085021973,0.997814953327179,-0.0007651448249816895,3.2965625
lca,1,p259_056_mic1,p259,data\VCTK\wav48_silence_trimmed\p259\p259_056_mic1.flac,p285,0,1,0.9874883890151978,0.986734926700592,0.9874883890151978,-0.0007534623146057129,3.2965625
lca,2,p259_056_mic1,p259,data\VCTK\wav48_silence_trimmed\p259\p259_056_mic1.flac,p259,1,1,0.9960392713546753,0.9960392713546753,0.9956924915313721,0.00034677982330322266,3.2965625
lca,3,p259_056_mic1,p259,data\VCTK\wav48_silence_trimmed\p259\p259_056_mic1.flac,p259,1,1,0.9979122281074524,0.9979122281074524,0.9967866539955139,0.0011255741119384766,3.2965625
original,0,p259_200_mic2,p259,data\VCTK\wav48_silence_trimmed\p259\p259_200_mic2.flac,p285,0,1,0.9943310022354126,0.989250898361206,0.9943310022354126,-0.005080103874206543,5.20675
base,1,p259_200_mic2,p259,data\VCTK\wav48_silence_trimmed\p259\p259_200_mic2.flac,p285,0,1,0.9910352230072021,0.9850885272026062,0.9910352230072021,-0.005946695804595947,5.20675
base,2,p259_200_mic2,p259,data\VCTK\wav48_silence_trimmed\p259\p259_200_mic2.flac,p334,0,1,0.9945308566093445,0.9903213381767273,0.9945308566093445,-0.0042095184326171875,5.20675
base,3,p259_200_mic2,p259,data\VCTK\wav48_silence_trimmed\p259\p259_200_mic2.flac,p334,0,1,0.9938015341758728,0.988365113735199,0.9938015341758728,-0.005436420440673828,5.20675
lca,1,p259_200_mic2,p259,data\VCTK\wav48_silence_trimmed\p259\p259_200_mic2.flac,p285,0,1,0.9872780442237854,0.9800622463226318,0.9872780442237854,-0.0072157979011535645,5.20675
lca,2,p259_200_mic2,p259,data\VCTK\wav48_silence_trimmed\p259\p259_200_mic2.flac,p285,0,1,0.9926599264144897,0.9876740574836731,0.9926599264144897,-0.00498586893081665,5.20675
lca,3,p259_200_mic2,p259,data\VCTK\wav48_silence_trimmed\p259\p259_200_mic2.flac,p334,0,1,0.9947938323020935,0.9906998872756958,0.9947938323020935,-0.004093945026397705,5.20675
original,0,p259_260_mic1,p259,data\VCTK\wav48_silence_trimmed\p259\p259_260_mic1.flac,p334,0,1,0.9962018728256226,0.99498051404953,0.9962018728256226,-0.0012213587760925293,2.58925
base,1,p259_260_mic1,p259,data\VCTK\wav48_silence_trimmed\p259\p259_260_mic1.flac,p334,0,1,0.9927078485488892,0.9904589653015137,0.9927078485488892,-0.0022488832473754883,2.58925
base,2,p259_260_mic1,p259,data\VCTK\wav48_silence_trimmed\p259\p259_260_mic1.flac,p334,0,1,0.9963425993919373,0.9916238188743591,0.9963425993919373,-0.004718780517578125,2.58925
base,3,p259_260_mic1,p259,data\VCTK\wav48_silence_trimmed\p259\p259_260_mic1.flac,p334,0,1,0.9971407651901245,0.9927997589111328,0.9971407651901245,-0.004341006278991699,2.58925
lca,1,p259_260_mic1,p259,data\VCTK\wav48_silence_trimmed\p259\p259_260_mic1.flac,p259,1,1,0.9927356839179993,0.9927356839179993,0.9926207661628723,0.00011491775512695312,2.58925
lca,2,p259_260_mic1,p259,data\VCTK\wav48_silence_trimmed\p259\p259_260_mic1.flac,p334,0,1,0.9939456582069397,0.9907426238059998,0.9939456582069397,-0.0032030344009399414,2.58925
lca,3,p259_260_mic1,p259,data\VCTK\wav48_silence_trimmed\p259\p259_260_mic1.flac,p334,0,1,0.9963440299034119,0.9930059313774109,0.9963440299034119,-0.0033380985260009766,2.58925
original,0,p259_287_mic1,p259,data\VCTK\wav48_silence_trimmed\p259\p259_287_mic1.flac,p259,1,1,0.9973983764648438,0.9973983764648438,0.9970683455467224,0.0003300309181213379,2.5653125
base,1,p259_287_mic1,p259,data\VCTK\wav48_silence_trimmed\p259\p259_287_mic1.flac,p259,1,1,0.9948299527168274,0.9948299527168274,0.9943267703056335,0.0005031824111938477,2.5653125
base,2,p259_287_mic1,p259,data\VCTK\wav48_silence_trimmed\p259\p259_287_mic1.flac,p258,0,1,0.9983115196228027,0.9948266744613647,0.9983115196228027,-0.0034848451614379883,2.5653125
base,3,p259_287_mic1,p259,data\VCTK\wav48_silence_trimmed\p259\p259_287_mic1.flac,p258,0,1,0.9984786510467529,0.9942047595977783,0.9984786510467529,-0.004273891448974609,2.5653125
lca,1,p259_287_mic1,p259,data\VCTK\wav48_silence_trimmed\p259\p259_287_mic1.flac,p259,1,1,0.9932812452316284,0.9932812452316284,0.9916901588439941,0.0015910863876342773,2.5653125
lca,2,p259_287_mic1,p259,data\VCTK\wav48_silence_trimmed\p259\p259_287_mic1.flac,p259,1,1,0.9964034557342529,0.9964034557342529,0.9963462948799133,5.716085433959961e-05,2.5653125
lca,3,p259_287_mic1,p259,data\VCTK\wav48_silence_trimmed\p259\p259_287_mic1.flac,p259,1,1,0.9975917935371399,0.9975917935371399,0.996862530708313,0.0007292628288269043,2.5653125
original,0,p259_349_mic2,p259,data\VCTK\wav48_silence_trimmed\p259\p259_349_mic2.flac,p259,1,1,0.9983935952186584,0.9983935952186584,0.9973129630088806,0.001080632209777832,3.0244375
base,1,p259_349_mic2,p259,data\VCTK\wav48_silence_trimmed\p259\p259_349_mic2.flac,p259,1,1,0.9936723709106445,0.9936723709106445,0.9932253956794739,0.0004469752311706543,3.0244375
base,2,p259_349_mic2,p259,data\VCTK\wav48_silence_trimmed\p259\p259_349_mic2.flac,p259,1,1,0.9974249005317688,0.9974249005317688,0.9965429306030273,0.0008819699287414551,3.0244375
base,3,p259_349_mic2,p259,data\VCTK\wav48_silence_trimmed\p259\p259_349_mic2.flac,p259,1,1,0.9971043467521667,0.9971043467521667,0.9968952536582947,0.0002090930938720703,3.0244375
lca,1,p259_349_mic2,p259,data\VCTK\wav48_silence_trimmed\p259\p259_349_mic2.flac,p259,1,1,0.9929602742195129,0.9929602742195129,0.9924300312995911,0.000530242919921875,3.0244375
lca,2,p259_349_mic2,p259,data\VCTK\wav48_silence_trimmed\p259\p259_349_mic2.flac,p259,1,1,0.9961541295051575,0.9961541295051575,0.99481600522995,0.0013381242752075195,3.0244375
lca,3,p259_349_mic2,p259,data\VCTK\wav48_silence_trimmed\p259\p259_349_mic2.flac,p259,1,1,0.9972131252288818,0.9972131252288818,0.9950376152992249,0.0021755099296569824,3.0244375
original,0,p260_098_mic2,p260,data\VCTK\wav48_silence_trimmed\p260\p260_098_mic2.flac,p298,0,1,0.9979038238525391,0.98981112241745,0.9979038238525391,-0.008092701435089111,2.122375
base,1,p260_098_mic2,p260,data\VCTK\wav48_silence_trimmed\p260\p260_098_mic2.flac,p303,0,1,0.9933371543884277,0.9864470958709717,0.9933371543884277,-0.006890058517456055,2.122375
base,2,p260_098_mic2,p260,data\VCTK\wav48_silence_trimmed\p260\p260_098_mic2.flac,p303,0,1,0.9966006875038147,0.9904668927192688,0.9966006875038147,-0.0061337947845458984,2.122375
base,3,p260_098_mic2,p260,data\VCTK\wav48_silence_trimmed\p260\p260_098_mic2.flac,p302,0,1,0.9970296025276184,0.9913809299468994,0.9970296025276184,-0.005648672580718994,2.122375
lca,1,p260_098_mic2,p260,data\VCTK\wav48_silence_trimmed\p260\p260_098_mic2.flac,p303,0,1,0.992618978023529,0.9861226081848145,0.992618978023529,-0.0064963698387146,2.122375
lca,2,p260_098_mic2,p260,data\VCTK\wav48_silence_trimmed\p260\p260_098_mic2.flac,p303,0,1,0.9953485131263733,0.9878228902816772,0.9953485131263733,-0.007525622844696045,2.122375
lca,3,p260_098_mic2,p260,data\VCTK\wav48_silence_trimmed\p260\p260_098_mic2.flac,p302,0,1,0.9963605999946594,0.990202784538269,0.9963605999946594,-0.006157815456390381,2.122375
original,0,p260_170_mic1,p260,data\VCTK\wav48_silence_trimmed\p260\p260_170_mic1.flac,p298,0,1,0.9946082830429077,0.9793983101844788,0.9946082830429077,-0.015209972858428955,2.4786875
base,1,p260_170_mic1,p260,data\VCTK\wav48_silence_trimmed\p260\p260_170_mic1.flac,p298,0,1,0.9966614842414856,0.979110598564148,0.9966614842414856,-0.017550885677337646,2.4786875
base,2,p260_170_mic1,p260,data\VCTK\wav48_silence_trimmed\p260\p260_170_mic1.flac,p298,0,1,0.9971327781677246,0.982414722442627,0.9971327781677246,-0.014718055725097656,2.4786875
base,3,p260_170_mic1,p260,data\VCTK\wav48_silence_trimmed\p260\p260_170_mic1.flac,p298,0,1,0.9957910180091858,0.9791591167449951,0.9957910180091858,-0.016631901264190674,2.4786875
lca,1,p260_170_mic1,p260,data\VCTK\wav48_silence_trimmed\p260\p260_170_mic1.flac,p298,0,1,0.9959124326705933,0.9734422564506531,0.9959124326705933,-0.022470176219940186,2.4786875
lca,2,p260_170_mic1,p260,data\VCTK\wav48_silence_trimmed\p260\p260_170_mic1.flac,p298,0,1,0.9971935749053955,0.9804303050041199,0.9971935749053955,-0.016763269901275635,2.4786875
lca,3,p260_170_mic1,p260,data\VCTK\wav48_silence_trimmed\p260\p260_170_mic1.flac,p298,0,1,0.9958550930023193,0.9777401089668274,0.9958550930023193,-0.018114984035491943,2.4786875
original,0,p260_180_mic2,p260,data\VCTK\wav48_silence_trimmed\p260\p260_180_mic2.flac,p243,0,1,0.9983860850334167,0.9977425932884216,0.9983860850334167,-0.0006434917449951172,3.0383125
base,1,p260_180_mic2,p260,data\VCTK\wav48_silence_trimmed\p260\p260_180_mic2.flac,p243,0,1,0.9941930770874023,0.9898155927658081,0.9941930770874023,-0.004377484321594238,3.0383125
base,2,p260_180_mic2,p260,data\VCTK\wav48_silence_trimmed\p260\p260_180_mic2.flac,p243,0,1,0.9980241060256958,0.9956405162811279,0.9980241060256958,-0.002383589744567871,3.0383125
base,3,p260_180_mic2,p260,data\VCTK\wav48_silence_trimmed\p260\p260_180_mic2.flac,p243,0,1,0.998074471950531,0.9964938759803772,0.998074471950531,-0.0015805959701538086,3.0383125
lca,1,p260_180_mic2,p260,data\VCTK\wav48_silence_trimmed\p260\p260_180_mic2.flac,p278,0,1,0.9957438111305237,0.9936982989311218,0.9957438111305237,-0.0020455121994018555,3.0383125
lca,2,p260_180_mic2,p260,data\VCTK\wav48_silence_trimmed\p260\p260_180_mic2.flac,p334,0,1,0.9957625865936279,0.993206799030304,0.9957625865936279,-0.0025557875633239746,3.0383125
lca,3,p260_180_mic2,p260,data\VCTK\wav48_silence_trimmed\p260\p260_180_mic2.flac,p243,0,1,0.9960816502571106,0.9951162934303284,0.9960816502571106,-0.0009653568267822266,3.0383125
original,0,p260_186_mic1,p260,data\VCTK\wav48_silence_trimmed\p260\p260_186_mic1.flac,p302,0,1,0.9958558082580566,0.9932054877281189,0.9958558082580566,-0.002650320529937744,1.835875
base,1,p260_186_mic1,p260,data\VCTK\wav48_silence_trimmed\p260\p260_186_mic1.flac,p303,0,1,0.9955766797065735,0.9868123531341553,0.9955766797065735,-0.008764326572418213,1.835875
base,2,p260_186_mic1,p260,data\VCTK\wav48_silence_trimmed\p260\p260_186_mic1.flac,p302,0,1,0.9970701336860657,0.9935455322265625,0.9970701336860657,-0.003524601459503174,1.835875
base,3,p260_186_mic1,p260,data\VCTK\wav48_silence_trimmed\p260\p260_186_mic1.flac,p302,0,1,0.9964864253997803,0.9931653141975403,0.9964864253997803,-0.0033211112022399902,1.835875
lca,1,p260_186_mic1,p260,data\VCTK\wav48_silence_trimmed\p260\p260_186_mic1.flac,p303,0,1,0.994443953037262,0.9836454391479492,0.994443953037262,-0.010798513889312744,1.835875
lca,2,p260_186_mic1,p260,data\VCTK\wav48_silence_trimmed\p260\p260_186_mic1.flac,p302,0,1,0.9959768056869507,0.9929124116897583,0.9959768056869507,-0.003064393997192383,1.835875
lca,3,p260_186_mic1,p260,data\VCTK\wav48_silence_trimmed\p260\p260_186_mic1.flac,p302,0,1,0.9963179230690002,0.9929418563842773,0.9963179230690002,-0.0033760666847229004,1.835875
original,0,p260_253_mic2,p260,data\VCTK\wav48_silence_trimmed\p260\p260_253_mic2.flac,p302,0,1,0.9972568154335022,0.9956435561180115,0.9972568154335022,-0.0016132593154907227,1.7595
base,1,p260_253_mic2,p260,data\VCTK\wav48_silence_trimmed\p260\p260_253_mic2.flac,p252,0,1,0.9917346835136414,0.9858106970787048,0.9917346835136414,-0.0059239864349365234,1.7595
base,2,p260_253_mic2,p260,data\VCTK\wav48_silence_trimmed\p260\p260_253_mic2.flac,p252,0,1,0.994889497756958,0.9919834733009338,0.994889497756958,-0.00290602445602417,1.7595
base,3,p260_253_mic2,p260,data\VCTK\wav48_silence_trimmed\p260\p260_253_mic2.flac,p345,0,1,0.9965000748634338,0.9942483305931091,0.9965000748634338,-0.002251744270324707,1.7595
lca,1,p260_253_mic2,p260,data\VCTK\wav48_silence_trimmed\p260\p260_253_mic2.flac,p303,0,1,0.9942177534103394,0.9894806146621704,0.9942177534103394,-0.004737138748168945,1.7595
lca,2,p260_253_mic2,p260,data\VCTK\wav48_silence_trimmed\p260\p260_253_mic2.flac,p252,0,1,0.9940382242202759,0.9908678531646729,0.9940382242202759,-0.0031703710556030273,1.7595
lca,3,p260_253_mic2,p260,data\VCTK\wav48_silence_trimmed\p260\p260_253_mic2.flac,p256,0,1,0.9964951276779175,0.9935243725776672,0.9964951276779175,-0.002970755100250244,1.7595
original,0,p261_085_mic2,p261,data\VCTK\wav48_silence_trimmed\p261\p261_085_mic2.flac,p248,0,1,0.9970402717590332,0.9964601993560791,0.9970402717590332,-0.0005800724029541016,2.563375
base,1,p261_085_mic2,p261,data\VCTK\wav48_silence_trimmed\p261\p261_085_mic2.flac,p312,0,1,0.9885828495025635,0.9840602278709412,0.9885828495025635,-0.0045226216316223145,2.563375
base,2,p261_085_mic2,p261,data\VCTK\wav48_silence_trimmed\p261\p261_085_mic2.flac,p248,0,1,0.9959554672241211,0.9944327473640442,0.9959554672241211,-0.0015227198600769043,2.563375
base,3,p261_085_mic2,p261,data\VCTK\wav48_silence_trimmed\p261\p261_085_mic2.flac,p340,0,1,0.9962420463562012,0.995732307434082,0.9962420463562012,-0.0005097389221191406,2.563375
lca,1,p261_085_mic2,p261,data\VCTK\wav48_silence_trimmed\p261\p261_085_mic2.flac,p236,0,1,0.9911453127861023,0.988391637802124,0.9911453127861023,-0.0027536749839782715,2.563375
lca,2,p261_085_mic2,p261,data\VCTK\wav48_silence_trimmed\p261\p261_085_mic2.flac,p340,0,1,0.9931654334068298,0.9908360838890076,0.9931654334068298,-0.0023293495178222656,2.563375
lca,3,p261_085_mic2,p261,data\VCTK\wav48_silence_trimmed\p261\p261_085_mic2.flac,p340,0,1,0.9947382211685181,0.9932488203048706,0.9947382211685181,-0.001489400863647461,2.563375
original,0,p261_088_mic2,p261,data\VCTK\wav48_silence_trimmed\p261\p261_088_mic2.flac,p248,0,1,0.996834933757782,0.9952059388160706,0.996834933757782,-0.0016289949417114258,2.305
base,1,p261_088_mic2,p261,data\VCTK\wav48_silence_trimmed\p261\p261_088_mic2.flac,p236,0,1,0.99146568775177,0.9837207794189453,0.99146568775177,-0.007744908332824707,2.305
base,2,p261_088_mic2,p261,data\VCTK\wav48_silence_trimmed\p261\p261_088_mic2.flac,p248,0,1,0.9972589015960693,0.9948667883872986,0.9972589015960693,-0.002392113208770752,2.305
base,3,p261_088_mic2,p261,data\VCTK\wav48_silence_trimmed\p261\p261_088_mic2.flac,p248,0,1,0.9973016977310181,0.9960508942604065,0.9973016977310181,-0.0012508034706115723,2.305
lca,1,p261_088_mic2,p261,data\VCTK\wav48_silence_trimmed\p261\p261_088_mic2.flac,p236,0,1,0.992149293422699,0.982474148273468,0.992149293422699,-0.009675145149230957,2.305
lca,2,p261_088_mic2,p261,data\VCTK\wav48_silence_trimmed\p261\p261_088_mic2.flac,p236,0,1,0.9959678649902344,0.9916715025901794,0.9959678649902344,-0.004296362400054932,2.305
lca,3,p261_088_mic2,p261,data\VCTK\wav48_silence_trimmed\p261\p261_088_mic2.flac,p236,0,1,0.9958717823028564,0.995268702507019,0.9958717823028564,-0.0006030797958374023,2.305
original,0,p261_097_mic1,p261,data\VCTK\wav48_silence_trimmed\p261\p261_097_mic1.flac,p261,1,1,0.9981849193572998,0.9981849193572998,0.9966960549354553,0.0014888644218444824,4.3985
base,1,p261_097_mic1,p261,data\VCTK\wav48_silence_trimmed\p261\p261_097_mic1.flac,p236,0,1,0.9907582998275757,0.984542727470398,0.9907582998275757,-0.006215572357177734,4.3985
base,2,p261_097_mic1,p261,data\VCTK\wav48_silence_trimmed\p261\p261_097_mic1.flac,p339,0,1,0.9964779019355774,0.9950382709503174,0.9964779019355774,-0.0014396309852600098,4.3985
base,3,p261_097_mic1,p261,data\VCTK\wav48_silence_trimmed\p261\p261_097_mic1.flac,p261,1,1,0.9972416758537292,0.9972416758537292,0.9968950152397156,0.0003466606140136719,4.3985
lca,1,p261_097_mic1,p261,data\VCTK\wav48_silence_trimmed\p261\p261_097_mic1.flac,p236,0,1,0.9890336394309998,0.9819971919059753,0.9890336394309998,-0.007036447525024414,4.3985
lca,2,p261_097_mic1,p261,data\VCTK\wav48_silence_trimmed\p261\p261_097_mic1.flac,p257,0,1,0.9943875670433044,0.9921521544456482,0.9943875670433044,-0.00223541259765625,4.3985
lca,3,p261_097_mic1,p261,data\VCTK\wav48_silence_trimmed\p261\p261_097_mic1.flac,p257,0,1,0.9959317445755005,0.9954220652580261,0.9959317445755005,-0.0005096793174743652,4.3985
original,0,p261_119_mic2,p261,data\VCTK\wav48_silence_trimmed\p261\p261_119_mic2.flac,p323,0,1,0.9970850348472595,0.9919387102127075,0.9970850348472595,-0.005146324634552002,3.3303125
base,1,p261_119_mic2,p261,data\VCTK\wav48_silence_trimmed\p261\p261_119_mic2.flac,p236,0,1,0.9868888258934021,0.9752489924430847,0.9868888258934021,-0.011639833450317383,3.3303125
base,2,p261_119_mic2,p261,data\VCTK\wav48_silence_trimmed\p261\p261_119_mic2.flac,p305,0,1,0.9929792881011963,0.9873741269111633,0.9929792881011963,-0.005605161190032959,3.3303125
base,3,p261_119_mic2,p261,data\VCTK\wav48_silence_trimmed\p261\p261_119_mic2.flac,p323,0,1,0.9941339492797852,0.9912599325180054,0.9941339492797852,-0.002874016761779785,3.3303125
lca,1,p261_119_mic2,p261,data\VCTK\wav48_silence_trimmed\p261\p261_119_mic2.flac,p236,0,1,0.9927584528923035,0.9837990999221802,0.9927584528923035,-0.008959352970123291,3.3303125
lca,2,p261_119_mic2,p261,data\VCTK\wav48_silence_trimmed\p261\p261_119_mic2.flac,p236,0,1,0.9930278658866882,0.9873721599578857,0.9930278658866882,-0.00565570592880249,3.3303125
lca,3,p261_119_mic2,p261,data\VCTK\wav48_silence_trimmed\p261\p261_119_mic2.flac,p236,0,1,0.9929973483085632,0.9887722730636597,0.9929973483085632,-0.0042250752449035645,3.3303125
original,0,p261_329_mic2,p261,data\VCTK\wav48_silence_trimmed\p261\p261_329_mic2.flac,p307,0,1,0.9971100091934204,0.9950284361839294,0.9971100091934204,-0.002081573009490967,2.5223125
base,1,p261_329_mic2,p261,data\VCTK\wav48_silence_trimmed\p261\p261_329_mic2.flac,p248,0,1,0.9935115575790405,0.988730251789093,0.9935115575790405,-0.00478130578994751,2.5223125
base,2,p261_329_mic2,p261,data\VCTK\wav48_silence_trimmed\p261\p261_329_mic2.flac,p297,0,1,0.995883584022522,0.9949035048484802,0.995883584022522,-0.000980079174041748,2.5223125
base,3,p261_329_mic2,p261,data\VCTK\wav48_silence_trimmed\p261\p261_329_mic2.flac,p261,1,1,0.9958384037017822,0.9958384037017822,0.9952205419540405,0.0006178617477416992,2.5223125
lca,1,p261_329_mic2,p261,data\VCTK\wav48_silence_trimmed\p261\p261_329_mic2.flac,p297,0,1,0.9949996471405029,0.9921436905860901,0.9949996471405029,-0.002855956554412842,2.5223125
lca,2,p261_329_mic2,p261,data\VCTK\wav48_silence_trimmed\p261\p261_329_mic2.flac,p297,0,1,0.9963109493255615,0.9944263696670532,0.9963109493255615,-0.0018845796585083008,2.5223125
lca,3,p261_329_mic2,p261,data\VCTK\wav48_silence_trimmed\p261\p261_329_mic2.flac,p248,0,1,0.9962395429611206,0.9955464601516724,0.9962395429611206,-0.0006930828094482422,2.5223125
original,0,p262_014_mic1,p262,data\VCTK\wav48_silence_trimmed\p262\p262_014_mic1.flac,p266,0,1,0.9943951368331909,0.9839292764663696,0.9943951368331909,-0.010465860366821289,5.8178125
base,1,p262_014_mic1,p262,data\VCTK\wav48_silence_trimmed\p262\p262_014_mic1.flac,p333,0,1,0.9886588454246521,0.9679440855979919,0.9886588454246521,-0.020714759826660156,5.8178125
base,2,p262_014_mic1,p262,data\VCTK\wav48_silence_trimmed\p262\p262_014_mic1.flac,p341,0,1,0.9948040246963501,0.98651522397995,0.9948040246963501,-0.008288800716400146,5.8178125
base,3,p262_014_mic1,p262,data\VCTK\wav48_silence_trimmed\p262\p262_014_mic1.flac,p266,0,1,0.9948395490646362,0.9838023781776428,0.9948395490646362,-0.011037170886993408,5.8178125
lca,1,p262_014_mic1,p262,data\VCTK\wav48_silence_trimmed\p262\p262_014_mic1.flac,p333,0,1,0.9899974465370178,0.9705482721328735,0.9899974465370178,-0.019449174404144287,5.8178125
lca,2,p262_014_mic1,p262,data\VCTK\wav48_silence_trimmed\p262\p262_014_mic1.flac,p333,0,1,0.9941878318786621,0.984921932220459,0.9941878318786621,-0.009265899658203125,5.8178125
lca,3,p262_014_mic1,p262,data\VCTK\wav48_silence_trimmed\p262\p262_014_mic1.flac,p266,0,1,0.9947504997253418,0.984657883644104,0.9947504997253418,-0.010092616081237793,5.8178125
original,0,p262_073_mic2,p262,data\VCTK\wav48_silence_trimmed\p262\p262_073_mic2.flac,p341,0,1,0.9965740442276001,0.9914979338645935,0.9965740442276001,-0.005076110363006592,3.7761875
base,1,p262_073_mic2,p262,data\VCTK\wav48_silence_trimmed\p262\p262_073_mic2.flac,p247,0,1,0.9924921989440918,0.9876941442489624,0.9924921989440918,-0.0047980546951293945,3.7761875
base,2,p262_073_mic2,p262,data\VCTK\wav48_silence_trimmed\p262\p262_073_mic2.flac,p247,0,1,0.9951290488243103,0.9905152320861816,0.9951290488243103,-0.004613816738128662,3.7761875
base,3,p262_073_mic2,p262,data\VCTK\wav48_silence_trimmed\p262\p262_073_mic2.flac,p341,0,1,0.9954293370246887,0.9906774759292603,0.9954293370246887,-0.004751861095428467,3.7761875
lca,1,p262_073_mic2,p262,data\VCTK\wav48_silence_trimmed\p262\p262_073_mic2.flac,p247,0,1,0.9930430054664612,0.9902548789978027,0.9930430054664612,-0.0027881264686584473,3.7761875
lca,2,p262_073_mic2,p262,data\VCTK\wav48_silence_trimmed\p262\p262_073_mic2.flac,p247,0,1,0.9943468570709229,0.9906635284423828,0.9943468570709229,-0.003683328628540039,3.7761875
lca,3,p262_073_mic2,p262,data\VCTK\wav48_silence_trimmed\p262\p262_073_mic2.flac,p274,0,1,0.9946168065071106,0.9908825755119324,0.9946168065071106,-0.0037342309951782227,3.7761875
original,0,p262_121_mic1,p262,data\VCTK\wav48_silence_trimmed\p262\p262_121_mic1.flac,p249,0,1,0.9968276023864746,0.9926309585571289,0.9968276023864746,-0.004196643829345703,4.0146875
base,1,p262_121_mic1,p262,data\VCTK\wav48_silence_trimmed\p262\p262_121_mic1.flac,p255,0,1,0.9933850765228271,0.9859529137611389,0.9933850765228271,-0.007432162761688232,4.0146875
base,2,p262_121_mic1,p262,data\VCTK\wav48_silence_trimmed\p262\p262_121_mic1.flac,p341,0,1,0.997349202632904,0.9925675392150879,0.997349202632904,-0.004781663417816162,4.0146875
base,3,p262_121_mic1,p262,data\VCTK\wav48_silence_trimmed\p262\p262_121_mic1.flac,p306,0,1,0.9983611702919006,0.9936714172363281,0.9983611702919006,-0.00468975305557251,4.0146875
lca,1,p262_121_mic1,p262,data\VCTK\wav48_silence_trimmed\p262\p262_121_mic1.flac,p255,0,1,0.9925320148468018,0.9874826669692993,0.9925320148468018,-0.005049347877502441,4.0146875
lca,2,p262_121_mic1,p262,data\VCTK\wav48_silence_trimmed\p262\p262_121_mic1.flac,p249,0,1,0.9970234632492065,0.9941796660423279,0.9970234632492065,-0.002843797206878662,4.0146875
lca,3,p262_121_mic1,p262,data\VCTK\wav48_silence_trimmed\p262\p262_121_mic1.flac,p249,0,1,0.9979563355445862,0.9947208762168884,0.9979563355445862,-0.003235459327697754,4.0146875
original,0,p262_193_mic1,p262,data\VCTK\wav48_silence_trimmed\p262\p262_193_mic1.flac,p245,0,1,0.9962080717086792,0.9906237125396729,0.9962080717086792,-0.005584359169006348,2.8164375
base,1,p262_193_mic1,p262,data\VCTK\wav48_silence_trimmed\p262\p262_193_mic1.flac,p333,0,1,0.9803779125213623,0.9603701829910278,0.9803779125213623,-0.020007729530334473,2.8164375
base,2,p262_193_mic1,p262,data\VCTK\wav48_silence_trimmed\p262\p262_193_mic1.flac,p255,0,1,0.9952834844589233,0.9871898293495178,0.9952834844589233,-0.008093655109405518,2.8164375
base,3,p262_193_mic1,p262,data\VCTK\wav48_silence_trimmed\p262\p262_193_mic1.flac,p245,0,1,0.9954591393470764,0.988534152507782,0.9954591393470764,-0.006924986839294434,2.8164375
lca,1,p262_193_mic1,p262,data\VCTK\wav48_silence_trimmed\p262\p262_193_mic1.flac,p255,0,1,0.9859045743942261,0.9730231761932373,0.9859045743942261,-0.01288139820098877,2.8164375
lca,2,p262_193_mic1,p262,data\VCTK\wav48_silence_trimmed\p262\p262_193_mic1.flac,p255,0,1,0.9941500425338745,0.98448246717453,0.9941500425338745,-0.009667575359344482,2.8164375
lca,3,p262_193_mic1,p262,data\VCTK\wav48_silence_trimmed\p262\p262_193_mic1.flac,p255,0,1,0.9945147037506104,0.9863927960395813,0.9945147037506104,-0.008121907711029053,2.8164375
original,0,p262_354_mic2,p262,data\VCTK\wav48_silence_trimmed\p262\p262_354_mic2.flac,p299,0,1,0.998447060585022,0.997648298740387,0.998447060585022,-0.0007987618446350098,4.90725
base,1,p262_354_mic2,p262,data\VCTK\wav48_silence_trimmed\p262\p262_354_mic2.flac,p239,0,1,0.993739902973175,0.9889973402023315,0.993739902973175,-0.004742562770843506,4.90725
base,2,p262_354_mic2,p262,data\VCTK\wav48_silence_trimmed\p262\p262_354_mic2.flac,p239,0,1,0.9974595904350281,0.996852695941925,0.9974595904350281,-0.0006068944931030273,4.90725
base,3,p262_354_mic2,p262,data\VCTK\wav48_silence_trimmed\p262\p262_354_mic2.flac,p255,0,1,0.9970484375953674,0.9962463974952698,0.9970484375953674,-0.0008020401000976562,4.90725
lca,1,p262_354_mic2,p262,data\VCTK\wav48_silence_trimmed\p262\p262_354_mic2.flac,p239,0,1,0.9954161643981934,0.9934368133544922,0.9954161643981934,-0.001979351043701172,4.90725
lca,2,p262_354_mic2,p262,data\VCTK\wav48_silence_trimmed\p262\p262_354_mic2.flac,p239,0,1,0.9967239499092102,0.995419979095459,0.9967239499092102,-0.0013039708137512207,4.90725
lca,3,p262_354_mic2,p262,data\VCTK\wav48_silence_trimmed\p262\p262_354_mic2.flac,p255,0,1,0.9973195195198059,0.9958085417747498,0.9973195195198059,-0.0015109777450561523,4.90725
original,0,p263_224_mic2,p263,data\VCTK\wav48_silence_trimmed\p263\p263_224_mic2.flac,p263,1,1,0.9977136254310608,0.9977136254310608,0.994339108467102,0.0033745169639587402,3.45775
base,1,p263_224_mic2,p263,data\VCTK\wav48_silence_trimmed\p263\p263_224_mic2.flac,p285,0,1,0.9916092753410339,0.991098165512085,0.9916092753410339,-0.0005111098289489746,3.45775
base,2,p263_224_mic2,p263,data\VCTK\wav48_silence_trimmed\p263\p263_224_mic2.flac,p243,0,1,0.9955215454101562,0.9949787855148315,0.9955215454101562,-0.000542759895324707,3.45775
base,3,p263_224_mic2,p263,data\VCTK\wav48_silence_trimmed\p263\p263_224_mic2.flac,p243,0,1,0.9961349964141846,0.9952991604804993,0.9961349964141846,-0.0008358359336853027,3.45775
lca,1,p263_224_mic2,p263,data\VCTK\wav48_silence_trimmed\p263\p263_224_mic2.flac,p243,0,1,0.9952124357223511,0.9912363886833191,0.9952124357223511,-0.003976047039031982,3.45775
lca,2,p263_224_mic2,p263,data\VCTK\wav48_silence_trimmed\p263\p263_224_mic2.flac,p243,0,1,0.996076762676239,0.9932518601417542,0.996076762676239,-0.0028249025344848633,3.45775
lca,3,p263_224_mic2,p263,data\VCTK\wav48_silence_trimmed\p263\p263_224_mic2.flac,p263,1,1,0.9957371950149536,0.9957371950149536,0.995209276676178,0.0005279183387756348,3.45775
original,0,p263_275_mic2,p263,data\VCTK\wav48_silence_trimmed\p263\p263_275_mic2.flac,p304,0,1,0.9961931109428406,0.9922812581062317,0.9961931109428406,-0.003911852836608887,3.5016875
base,1,p263_275_mic2,p263,data\VCTK\wav48_silence_trimmed\p263\p263_275_mic2.flac,p278,0,1,0.9947770237922668,0.9886959195137024,0.9947770237922668,-0.006081104278564453,3.5016875
base,2,p263_275_mic2,p263,data\VCTK\wav48_silence_trimmed\p263\p263_275_mic2.flac,p347,0,1,0.9958930015563965,0.995637059211731,0.9958930015563965,-0.00025594234466552734,3.5016875
base,3,p263_275_mic2,p263,data\VCTK\wav48_silence_trimmed\p263\p263_275_mic2.flac,p347,0,1,0.9964733123779297,0.9951455593109131,0.9964733123779297,-0.0013277530670166016,3.5016875
lca,1,p263_275_mic2,p263,data\VCTK\wav48_silence_trimmed\p263\p263_275_mic2.flac,p278,0,1,0.9966757297515869,0.9884306192398071,0.9966757297515869,-0.008245110511779785,3.5016875
lca,2,p263_275_mic2,p263,data\VCTK\wav48_silence_trimmed\p263\p263_275_mic2.flac,p347,0,1,0.9956933856010437,0.9929531812667847,0.9956933856010437,-0.002740204334259033,3.5016875
lca,3,p263_275_mic2,p263,data\VCTK\wav48_silence_trimmed\p263\p263_275_mic2.flac,p347,0,1,0.9963188171386719,0.9933331608772278,0.9963188171386719,-0.002985656261444092,3.5016875
original,0,p263_279_mic2,p263,data\VCTK\wav48_silence_trimmed\p263\p263_279_mic2.flac,p263,1,1,0.9982837438583374,0.9982837438583374,0.994750440120697,0.003533303737640381,3.5018125
base,1,p263_279_mic2,p263,data\VCTK\wav48_silence_trimmed\p263\p263_279_mic2.flac,p292,0,1,0.9920286536216736,0.9903890490531921,0.9920286536216736,-0.0016396045684814453,3.5018125
base,2,p263_279_mic2,p263,data\VCTK\wav48_silence_trimmed\p263\p263_279_mic2.flac,p263,1,1,0.9959548711776733,0.9959548711776733,0.9939330220222473,0.0020218491554260254,3.5018125
base,3,p263_279_mic2,p263,data\VCTK\wav48_silence_trimmed\p263\p263_279_mic2.flac,p263,1,1,0.9971386790275574,0.9971386790275574,0.9935327172279358,0.003605961799621582,3.5018125
lca,1,p263_279_mic2,p263,data\VCTK\wav48_silence_trimmed\p263\p263_279_mic2.flac,p263,1,1,0.9921952486038208,0.9921952486038208,0.9915076494216919,0.0006875991821289062,3.5018125
lca,2,p263_279_mic2,p263,data\VCTK\wav48_silence_trimmed\p263\p263_279_mic2.flac,p263,1,1,0.9955348372459412,0.9955348372459412,0.993522047996521,0.002012789249420166,3.5018125
lca,3,p263_279_mic2,p263,data\VCTK\wav48_silence_trimmed\p263\p263_279_mic2.flac,p263,1,1,0.9964475035667419,0.9964475035667419,0.9946948289871216,0.0017526745796203613,3.5018125
original,0,p263_402_mic2,p263,data\VCTK\wav48_silence_trimmed\p263\p263_402_mic2.flac,p251,0,1,0.9966650009155273,0.9952167272567749,0.9966650009155273,-0.0014482736587524414,2.859
base,1,p263_402_mic2,p263,data\VCTK\wav48_silence_trimmed\p263\p263_402_mic2.flac,p292,0,1,0.9925829172134399,0.9880510568618774,0.9925829172134399,-0.0045318603515625,2.859
base,2,p263_402_mic2,p263,data\VCTK\wav48_silence_trimmed\p263\p263_402_mic2.flac,p278,0,1,0.9950568675994873,0.9936217665672302,0.9950568675994873,-0.00143510103225708,2.859
base,3,p263_402_mic2,p263,data\VCTK\wav48_silence_trimmed\p263\p263_402_mic2.flac,p347,0,1,0.9956707954406738,0.9941843152046204,0.9956707954406738,-0.0014864802360534668,2.859
lca,1,p263_402_mic2,p263,data\VCTK\wav48_silence_trimmed\p263\p263_402_mic2.flac,p278,0,1,0.9949775338172913,0.988102376461029,0.9949775338172913,-0.006875157356262207,2.859
lca,2,p263_402_mic2,p263,data\VCTK\wav48_silence_trimmed\p263\p263_402_mic2.flac,p278,0,1,0.9952124953269958,0.991343080997467,0.9952124953269958,-0.0038694143295288086,2.859
lca,3,p263_402_mic2,p263,data\VCTK\wav48_silence_trimmed\p263\p263_402_mic2.flac,p334,0,1,0.9951701164245605,0.9936518669128418,0.9951701164245605,-0.00151824951171875,2.859
original,0,p263_461_mic1,p263,data\VCTK\wav48_silence_trimmed\p263\p263_461_mic1.flac,p255,0,1,0.9943868517875671,0.9906966686248779,0.9943868517875671,-0.003690183162689209,2.816125
base,1,p263_461_mic1,p263,data\VCTK\wav48_silence_trimmed\p263\p263_461_mic1.flac,p285,0,1,0.9883655309677124,0.9771513938903809,0.9883655309677124,-0.011214137077331543,2.816125
base,2,p263_461_mic1,p263,data\VCTK\wav48_silence_trimmed\p263\p263_461_mic1.flac,p275,0,1,0.995853066444397,0.9909024834632874,0.995853066444397,-0.004950582981109619,2.816125
base,3,p263_461_mic1,p263,data\VCTK\wav48_silence_trimmed\p263\p263_461_mic1.flac,p272,0,1,0.9941688179969788,0.9907258749008179,0.9941688179969788,-0.0034429430961608887,2.816125
lca,1,p263_461_mic1,p263,data\VCTK\wav48_silence_trimmed\p263\p263_461_mic1.flac,p255,0,1,0.9920388460159302,0.9847159385681152,0.9920388460159302,-0.007322907447814941,2.816125
lca,2,p263_461_mic1,p263,data\VCTK\wav48_silence_trimmed\p263\p263_461_mic1.flac,p285,0,1,0.9941850900650024,0.9900917410850525,0.9941850900650024,-0.004093348979949951,2.816125
lca,3,p263_461_mic1,p263,data\VCTK\wav48_silence_trimmed\p263\p263_461_mic1.flac,p272,0,1,0.9933602809906006,0.9900201559066772,0.9933602809906006,-0.00334012508392334,2.816125
original,0,p264_211_mic1,p264,data\VCTK\wav48_silence_trimmed\p264\p264_211_mic1.flac,p283,0,1,0.9967191219329834,0.9915280938148499,0.9967191219329834,-0.005191028118133545,2.9898125
base,1,p264_211_mic1,p264,data\VCTK\wav48_silence_trimmed\p264\p264_211_mic1.flac,p268,0,1,0.9937024712562561,0.9870051741600037,0.9937024712562561,-0.006697297096252441,2.9898125
base,2,p264_211_mic1,p264,data\VCTK\wav48_silence_trimmed\p264\p264_211_mic1.flac,p283,0,1,0.9970134496688843,0.9896667003631592,0.9970134496688843,-0.007346749305725098,2.9898125
base,3,p264_211_mic1,p264,data\VCTK\wav48_silence_trimmed\p264\p264_211_mic1.flac,p283,0,1,0.9969398379325867,0.9889222979545593,0.9969398379325867,-0.008017539978027344,2.9898125
lca,1,p264_211_mic1,p264,data\VCTK\wav48_silence_trimmed\p264\p264_211_mic1.flac,p303,0,1,0.9949293732643127,0.9874279499053955,0.9949293732643127,-0.007501423358917236,2.9898125
lca,2,p264_211_mic1,p264,data\VCTK\wav48_silence_trimmed\p264\p264_211_mic1.flac,p283,0,1,0.9974339008331299,0.9913579225540161,0.9974339008331299,-0.0060759782791137695,2.9898125
lca,3,p264_211_mic1,p264,data\VCTK\wav48_silence_trimmed\p264\p264_211_mic1.flac,p283,0,1,0.9976282715797424,0.9910454750061035,0.9976282715797424,-0.006582796573638916,2.9898125
original,0,p264_376_mic1,p264,data\VCTK\wav48_silence_trimmed\p264\p264_376_mic1.flac,p264,1,1,0.9982562065124512,0.9982562065124512,0.9963256120681763,0.0019305944442749023,3.94525
base,1,p264_376_mic1,p264,data\VCTK\wav48_silence_trimmed\p264\p264_376_mic1.flac,p239,0,1,0.9925791621208191,0.9881721138954163,0.9925791621208191,-0.004407048225402832,3.94525
base,2,p264_376_mic1,p264,data\VCTK\wav48_silence_trimmed\p264\p264_376_mic1.flac,p264,1,1,0.9969918727874756,0.9969918727874756,0.9967247247695923,0.0002671480178833008,3.94525
base,3,p264_376_mic1,p264,data\VCTK\wav48_silence_trimmed\p264\p264_376_mic1.flac,p351,0,1,0.9962664842605591,0.9959899187088013,0.9962664842605591,-0.0002765655517578125,3.94525
lca,1,p264_376_mic1,p264,data\VCTK\wav48_silence_trimmed\p264\p264_376_mic1.flac,p239,0,1,0.9940210580825806,0.9899529218673706,0.9940210580825806,-0.004068136215209961,3.94525
lca,2,p264_376_mic1,p264,data\VCTK\wav48_silence_trimmed\p264\p264_376_mic1.flac,p264,1,1,0.9966856241226196,0.9966856241226196,0.996575117111206,0.00011050701141357422,3.94525
lca,3,p264_376_mic1,p264,data\VCTK\wav48_silence_trimmed\p264\p264_376_mic1.flac,p351,0,1,0.9968134760856628,0.9964160323143005,0.9968134760856628,-0.0003974437713623047,3.94525
original,0,p264_414_mic1,p264,data\VCTK\wav48_silence_trimmed\p264\p264_414_mic1.flac,p283,0,1,0.9981926083564758,0.9917623996734619,0.9981926083564758,-0.006430208683013916,2.464625
base,1,p264_414_mic1,p264,data\VCTK\wav48_silence_trimmed\p264\p264_414_mic1.flac,p303,0,1,0.99500572681427,0.9845885634422302,0.99500572681427,-0.010417163372039795,2.464625
base,2,p264_414_mic1,p264,data\VCTK\wav48_silence_trimmed\p264\p264_414_mic1.flac,p283,0,1,0.9984685778617859,0.9913209080696106,0.9984685778617859,-0.007147669792175293,2.464625
base,3,p264_414_mic1,p264,data\VCTK\wav48_silence_trimmed\p264\p264_414_mic1.flac,p283,0,1,0.9984061121940613,0.9901254773139954,0.9984061121940613,-0.008280634880065918,2.464625
lca,1,p264_414_mic1,p264,data\VCTK\wav48_silence_trimmed\p264\p264_414_mic1.flac,p303,0,1,0.9939915537834167,0.9789304137229919,0.9939915537834167,-0.015061140060424805,2.464625
lca,2,p264_414_mic1,p264,data\VCTK\wav48_silence_trimmed\p264\p264_414_mic1.flac,p283,0,1,0.9970806837081909,0.9896210432052612,0.9970806837081909,-0.0074596405029296875,2.464625
lca,3,p264_414_mic1,p264,data\VCTK\wav48_silence_trimmed\p264\p264_414_mic1.flac,p283,0,1,0.9979721903800964,0.9901534914970398,0.9979721903800964,-0.00781869888305664,2.464625
original,0,p264_442_mic1,p264,data\VCTK\wav48_silence_trimmed\p264\p264_442_mic1.flac,p308,0,1,0.9969414472579956,0.9942654967308044,0.9969414472579956,-0.002675950527191162,3.1805625
base,1,p264_442_mic1,p264,data\VCTK\wav48_silence_trimmed\p264\p264_442_mic1.flac,p268,0,1,0.9935691356658936,0.9912421703338623,0.9935691356658936,-0.00232696533203125,3.1805625
base,2,p264_442_mic1,p264,data\VCTK\wav48_silence_trimmed\p264\p264_442_mic1.flac,p283,0,1,0.9971811175346375,0.9962429404258728,0.9971811175346375,-0.0009381771087646484,3.1805625
base,3,p264_442_mic1,p264,data\VCTK\wav48_silence_trimmed\p264\p264_442_mic1.flac,p283,0,1,0.9973198175430298,0.9961680769920349,0.9973198175430298,-0.001151740550994873,3.1805625
lca,1,p264_442_mic1,p264,data\VCTK\wav48_silence_trimmed\p264\p264_442_mic1.flac,p268,0,1,0.9935522079467773,0.9907486438751221,0.9935522079467773,-0.0028035640716552734,3.1805625
lca,2,p264_442_mic1,p264,data\VCTK\wav48_silence_trimmed\p264\p264_442_mic1.flac,p283,0,1,0.997081458568573,0.9966918230056763,0.997081458568573,-0.0003896355628967285,3.1805625
lca,3,p264_442_mic1,p264,data\VCTK\wav48_silence_trimmed\p264\p264_442_mic1.flac,p283,0,1,0.9977326989173889,0.9956499338150024,0.9977326989173889,-0.0020827651023864746,3.1805625
original,0,p264_451_mic2,p264,data\VCTK\wav48_silence_trimmed\p264\p264_451_mic2.flac,p268,0,1,0.9960500597953796,0.986909031867981,0.9960500597953796,-0.009141027927398682,2.8600625
base,1,p264_451_mic2,p264,data\VCTK\wav48_silence_trimmed\p264\p264_451_mic2.flac,p303,0,1,0.9894821643829346,0.9803210496902466,0.9894821643829346,-0.009161114692687988,2.8600625
base,2,p264_451_mic2,p264,data\VCTK\wav48_silence_trimmed\p264\p264_451_mic2.flac,p268,0,1,0.9930316805839539,0.9857038855552673,0.9930316805839539,-0.0073277950286865234,2.8600625
base,3,p264_451_mic2,p264,data\VCTK\wav48_silence_trimmed\p264\p264_451_mic2.flac,p303,0,1,0.9963214993476868,0.9863595366477966,0.9963214993476868,-0.009961962699890137,2.8600625
lca,1,p264_451_mic2,p264,data\VCTK\wav48_silence_trimmed\p264\p264_451_mic2.flac,p268,0,1,0.9914626479148865,0.9832583665847778,0.9914626479148865,-0.008204281330108643,2.8600625
lca,2,p264_451_mic2,p264,data\VCTK\wav48_silence_trimmed\p264\p264_451_mic2.flac,p268,0,1,0.9935553073883057,0.9860851168632507,0.9935553073883057,-0.007470190525054932,2.8600625
lca,3,p264_451_mic2,p264,data\VCTK\wav48_silence_trimmed\p264\p264_451_mic2.flac,p268,0,1,0.9945371150970459,0.9864804148674011,0.9945371150970459,-0.008056700229644775,2.8600625
original,0,p265_073_mic2,p265,data\VCTK\wav48_silence_trimmed\p265\p265_073_mic2.flac,p265,1,1,0.9945038557052612,0.9945038557052612,0.9941230416297913,0.0003808140754699707,3.31225
base,1,p265_073_mic2,p265,data\VCTK\wav48_silence_trimmed\p265\p265_073_mic2.flac,p255,0,1,0.9919217228889465,0.9824894666671753,0.9919217228889465,-0.00943225622177124,3.31225
base,2,p265_073_mic2,p265,data\VCTK\wav48_silence_trimmed\p265\p265_073_mic2.flac,p264,0,1,0.9951292872428894,0.9929231405258179,0.9951292872428894,-0.002206146717071533,3.31225
base,3,p265_073_mic2,p265,data\VCTK\wav48_silence_trimmed\p265\p265_073_mic2.flac,p264,0,1,0.9957758188247681,0.9942857027053833,0.9957758188247681,-0.0014901161193847656,3.31225
lca,1,p265_073_mic2,p265,data\VCTK\wav48_silence_trimmed\p265\p265_073_mic2.flac,p255,0,1,0.9929109811782837,0.9880873560905457,0.9929109811782837,-0.004823625087738037,3.31225
lca,2,p265_073_mic2,p265,data\VCTK\wav48_silence_trimmed\p265\p265_073_mic2.flac,p255,0,1,0.9940313100814819,0.9893777370452881,0.9940313100814819,-0.004653573036193848,3.31225
lca,3,p265_073_mic2,p265,data\VCTK\wav48_silence_trimmed\p265\p265_073_mic2.flac,p264,0,1,0.9938257336616516,0.9923178553581238,0.9938257336616516,-0.001507878303527832,3.31225
original,0,p265_099_mic2,p265,data\VCTK\wav48_silence_trimmed\p265\p265_099_mic2.flac,p293,0,1,0.9952395558357239,0.9909688830375671,0.9952395558357239,-0.004270672798156738,6.077375
base,1,p265_099_mic2,p265,data\VCTK\wav48_silence_trimmed\p265\p265_099_mic2.flac,p297,0,1,0.9947900176048279,0.9878813028335571,0.9947900176048279,-0.006908714771270752,6.077375
base,2,p265_099_mic2,p265,data\VCTK\wav48_silence_trimmed\p265\p265_099_mic2.flac,p225,0,1,0.996059238910675,0.9897984862327576,0.996059238910675,-0.0062607526779174805,6.077375
base,3,p265_099_mic2,p265,data\VCTK\wav48_silence_trimmed\p265\p265_099_mic2.flac,p293,0,1,0.9958128333091736,0.9897588491439819,0.9958128333091736,-0.00605398416519165,6.077375
lca,1,p265_099_mic2,p265,data\VCTK\wav48_silence_trimmed\p265\p265_099_mic2.flac,p225,0,1,0.9962881207466125,0.9890152812004089,0.9962881207466125,-0.007272839546203613,6.077375
lca,2,p265_099_mic2,p265,data\VCTK\wav48_silence_trimmed\p265\p265_099_mic2.flac,p225,0,1,0.996264636516571,0.9886208772659302,0.996264636516571,-0.007643759250640869,6.077375
lca,3,p265_099_mic2,p265,data\VCTK\wav48_silence_trimmed\p265\p265_099_mic2.flac,p225,0,1,0.9959131479263306,0.9902153015136719,0.9959131479263306,-0.005697846412658691,6.077375
original,0,p265_196_mic2,p265,data\VCTK\wav48_silence_trimmed\p265\p265_196_mic2.flac,p267,0,1,0.9963988065719604,0.9931780099868774,0.9963988065719604,-0.003220796585083008,4.1963125
base,1,p265_196_mic2,p265,data\VCTK\wav48_silence_trimmed\p265\p265_196_mic2.flac,p335,0,1,0.9931624531745911,0.9806662201881409,0.9931624531745911,-0.012496232986450195,4.1963125
base,2,p265_196_mic2,p265,data\VCTK\wav48_silence_trimmed\p265\p265_196_mic2.flac,p225,0,1,0.9964156150817871,0.989414632320404,0.9964156150817871,-0.007000982761383057,4.1963125
base,3,p265_196_mic2,p265,data\VCTK\wav48_silence_trimmed\p265\p265_196_mic2.flac,p249,0,1,0.9958418607711792,0.9886442422866821,0.9958418607711792,-0.00719761848449707,4.1963125
lca,1,p265_196_mic2,p265,data\VCTK\wav48_silence_trimmed\p265\p265_196_mic2.flac,p335,0,1,0.9959033131599426,0.9882295727729797,0.9959033131599426,-0.007673740386962891,4.1963125
lca,2,p265_196_mic2,p265,data\VCTK\wav48_silence_trimmed\p265\p265_196_mic2.flac,p225,0,1,0.9963397979736328,0.9900232553482056,0.9963397979736328,-0.006316542625427246,4.1963125
lca,3,p265_196_mic2,p265,data\VCTK\wav48_silence_trimmed\p265\p265_196_mic2.flac,p225,0,1,0.9964779615402222,0.9914523959159851,0.9964779615402222,-0.0050255656242370605,4.1963125
original,0,p265_228_mic2,p265,data\VCTK\wav48_silence_trimmed\p265\p265_228_mic2.flac,p265,1,1,0.9934946894645691,0.9934946894645691,0.9932647943496704,0.00022989511489868164,2.050625
base,1,p265_228_mic2,p265,data\VCTK\wav48_silence_trimmed\p265\p265_228_mic2.flac,p252,0,1,0.9903160929679871,0.9871718883514404,0.9903160929679871,-0.003144204616546631,2.050625
base,2,p265_228_mic2,p265,data\VCTK\wav48_silence_trimmed\p265\p265_228_mic2.flac,p238,0,1,0.9957289099693298,0.993720293045044,0.9957289099693298,-0.0020086169242858887,2.050625
base,3,p265_228_mic2,p265,data\VCTK\wav48_silence_trimmed\p265\p265_228_mic2.flac,p238,0,1,0.9954566955566406,0.9949221611022949,0.9954566955566406,-0.0005345344543457031,2.050625
lca,1,p265_228_mic2,p265,data\VCTK\wav48_silence_trimmed\p265\p265_228_mic2.flac,p252,0,1,0.9933692812919617,0.9904680848121643,0.9933692812919617,-0.0029011964797973633,2.050625
lca,2,p265_228_mic2,p265,data\VCTK\wav48_silence_trimmed\p265\p265_228_mic2.flac,p238,0,1,0.9932495355606079,0.9929623603820801,0.9932495355606079,-0.00028717517852783203,2.050625
lca,3,p265_228_mic2,p265,data\VCTK\wav48_silence_trimmed\p265\p265_228_mic2.flac,p265,1,1,0.9940353631973267,0.9940353631973267,0.9936622381210327,0.0003731250762939453,2.050625
original,0,p265_327_mic1,p265,data\VCTK\wav48_silence_trimmed\p265\p265_327_mic1.flac,p265,1,1,0.9970548152923584,0.9970548152923584,0.996439516544342,0.0006152987480163574,2.1384375
base,1,p265_327_mic1,p265,data\VCTK\wav48_silence_trimmed\p265\p265_327_mic1.flac,p239,0,1,0.991551399230957,0.9854360818862915,0.991551399230957,-0.006115317344665527,2.1384375
base,2,p265_327_mic1,p265,data\VCTK\wav48_silence_trimmed\p265\p265_327_mic1.flac,p351,0,1,0.9968172907829285,0.9955047965049744,0.9968172907829285,-0.0013124942779541016,2.1384375
base,3,p265_327_mic1,p265,data\VCTK\wav48_silence_trimmed\p265\p265_327_mic1.flac,p254,0,1,0.9963231086730957,0.9948678016662598,0.9963231086730957,-0.0014553070068359375,2.1384375
lca,1,p265_327_mic1,p265,data\VCTK\wav48_silence_trimmed\p265\p265_327_mic1.flac,p268,0,1,0.9922124743461609,0.9870785474777222,0.9922124743461609,-0.005133926868438721,2.1384375
lca,2,p265_327_mic1,p265,data\VCTK\wav48_silence_trimmed\p265\p265_327_mic1.flac,p252,0,1,0.9969418048858643,0.9963568449020386,0.9969418048858643,-0.0005849599838256836,2.1384375
lca,3,p265_327_mic1,p265,data\VCTK\wav48_silence_trimmed\p265\p265_327_mic1.flac,p252,0,1,0.9963709115982056,0.9961739182472229,0.9963709115982056,-0.00019699335098266602,2.1384375
original,0,p266_133_mic2,p266,data\VCTK\wav48_silence_trimmed\p266\p266_133_mic2.flac,p273,0,1,0.9933247566223145,0.9893463253974915,0.9933247566223145,-0.003978431224822998,3.63125
base,1,p266_133_mic2,p266,data\VCTK\wav48_silence_trimmed\p266\p266_133_mic2.flac,p225,0,1,0.992020308971405,0.9858941435813904,0.992020308971405,-0.0061261653900146484,3.63125
base,2,p266_133_mic2,p266,data\VCTK\wav48_silence_trimmed\p266\p266_133_mic2.flac,p273,0,1,0.9951368570327759,0.9882230758666992,0.9951368570327759,-0.00691378116607666,3.63125
base,3,p266_133_mic2,p266,data\VCTK\wav48_silence_trimmed\p266\p266_133_mic2.flac,p273,0,1,0.9947121739387512,0.9879820346832275,0.9947121739387512,-0.006730139255523682,3.63125
lca,1,p266_133_mic2,p266,data\VCTK\wav48_silence_trimmed\p266\p266_133_mic2.flac,p225,0,1,0.990494430065155,0.9852194786071777,0.990494430065155,-0.005274951457977295,3.63125
lca,2,p266_133_mic2,p266,data\VCTK\wav48_silence_trimmed\p266\p266_133_mic2.flac,p273,0,1,0.9950934052467346,0.990318775177002,0.9950934052467346,-0.004774630069732666,3.63125
lca,3,p266_133_mic2,p266,data\VCTK\wav48_silence_trimmed\p266\p266_133_mic2.flac,p273,0,1,0.9940468072891235,0.9920363426208496,0.9940468072891235,-0.0020104646682739258,3.63125
original,0,p266_151_mic2,p266,data\VCTK\wav48_silence_trimmed\p266\p266_151_mic2.flac,p306,0,1,0.9958745241165161,0.9935097694396973,0.9958745241165161,-0.0023647546768188477,4.0856875
base,1,p266_151_mic2,p266,data\VCTK\wav48_silence_trimmed\p266\p266_151_mic2.flac,p225,0,1,0.9954901933670044,0.9812671542167664,0.9954901933670044,-0.014223039150238037,4.0856875
base,2,p266_151_mic2,p266,data\VCTK\wav48_silence_trimmed\p266\p266_151_mic2.flac,p306,0,1,0.9973040819168091,0.9940851926803589,0.9973040819168091,-0.0032188892364501953,4.0856875
base,3,p266_151_mic2,p266,data\VCTK\wav48_silence_trimmed\p266\p266_151_mic2.flac,p230,0,1,0.9967851042747498,0.9939227104187012,0.9967851042747498,-0.002862393856048584,4.0856875
lca,1,p266_151_mic2,p266,data\VCTK\wav48_silence_trimmed\p266\p266_151_mic2.flac,p225,0,1,0.9949607849121094,0.9900778532028198,0.9949607849121094,-0.004882931709289551,4.0856875
lca,2,p266_151_mic2,p266,data\VCTK\wav48_silence_trimmed\p266\p266_151_mic2.flac,p266,1,1,0.9960743188858032,0.9960743188858032,0.9946837425231934,0.0013905763626098633,4.0856875
lca,3,p266_151_mic2,p266,data\VCTK\wav48_silence_trimmed\p266\p266_151_mic2.flac,p266,1,1,0.9965158104896545,0.9965158104896545,0.9948960542678833,0.0016197562217712402,4.0856875
original,0,p266_194_mic2,p266,data\VCTK\wav48_silence_trimmed\p266\p266_194_mic2.flac,p336,0,1,0.9965181350708008,0.9797501564025879,0.9965181350708008,-0.01676797866821289,1.5828125
base,1,p266_194_mic2,p266,data\VCTK\wav48_silence_trimmed\p266\p266_194_mic2.flac,p268,0,1,0.994252622127533,0.9673916101455688,0.994252622127533,-0.02686101198196411,1.5828125
base,2,p266_194_mic2,p266,data\VCTK\wav48_silence_trimmed\p266\p266_194_mic2.flac,p283,0,1,0.9966711401939392,0.9723122715950012,0.9966711401939392,-0.02435886859893799,1.5828125
base,3,p266_194_mic2,p266,data\VCTK\wav48_silence_trimmed\p266\p266_194_mic2.flac,p308,0,1,0.9964510798454285,0.9690691828727722,0.9964510798454285,-0.02738189697265625,1.5828125
lca,1,p266_194_mic2,p266,data\VCTK\wav48_silence_trimmed\p266\p266_194_mic2.flac,p301,0,1,0.9934812784194946,0.9694018959999084,0.9934812784194946,-0.02407938241958618,1.5828125
lca,2,p266_194_mic2,p266,data\VCTK\wav48_silence_trimmed\p266\p266_194_mic2.flac,p245,0,1,0.9962372779846191,0.9815340638160706,0.9962372779846191,-0.014703214168548584,1.5828125
lca,3,p266_194_mic2,p266,data\VCTK\wav48_silence_trimmed\p266\p266_194_mic2.flac,p229,0,1,0.9964994192123413,0.9818577766418457,0.9964994192123413,-0.014641642570495605,1.5828125
original,0,p266_210_mic1,p266,data\VCTK\wav48_silence_trimmed\p266\p266_210_mic1.flac,p266,1,1,0.9945393204689026,0.9945393204689026,0.993107259273529,0.0014320611953735352,2.1805
base,1,p266_210_mic1,p266,data\VCTK\wav48_silence_trimmed\p266\p266_210_mic1.flac,p255,0,1,0.9903397560119629,0.979617714881897,0.9903397560119629,-0.010722041130065918,2.1805
base,2,p266_210_mic1,p266,data\VCTK\wav48_silence_trimmed\p266\p266_210_mic1.flac,p249,0,1,0.9969252943992615,0.9919506907463074,0.9969252943992615,-0.0049746036529541016,2.1805
base,3,p266_210_mic1,p266,data\VCTK\wav48_silence_trimmed\p266\p266_210_mic1.flac,p266,1,1,0.9938574433326721,0.9938574433326721,0.9923610687255859,0.0014963746070861816,2.1805
lca,1,p266_210_mic1,p266,data\VCTK\wav48_silence_trimmed\p266\p266_210_mic1.flac,p255,0,1,0.9924904704093933,0.9819138646125793,0.9924904704093933,-0.010576605796813965,2.1805
lca,2,p266_210_mic1,p266,data\VCTK\wav48_silence_trimmed\p266\p266_210_mic1.flac,p255,0,1,0.9927902817726135,0.992104172706604,0.9927902817726135,-0.0006861090660095215,2.1805
lca,3,p266_210_mic1,p266,data\VCTK\wav48_silence_trimmed\p266\p266_210_mic1.flac,p266,1,1,0.9926663041114807,0.9926663041114807,0.9919857382774353,0.0006805658340454102,2.1805
original,0,p266_227_mic2,p266,data\VCTK\wav48_silence_trimmed\p266\p266_227_mic2.flac,p282,0,1,0.9902356863021851,0.989480197429657,0.9902356863021851,-0.0007554888725280762,3.588375
base,1,p266_227_mic2,p266,data\VCTK\wav48_silence_trimmed\p266\p266_227_mic2.flac,p266,1,1,0.9883435368537903,0.9883435368537903,0.9862406253814697,0.0021029114723205566,3.588375
base,2,p266_227_mic2,p266,data\VCTK\wav48_silence_trimmed\p266\p266_227_mic2.flac,p273,0,1,0.9924702644348145,0.9877950549125671,0.9924702644348145,-0.0046752095222473145,3.588375
base,3,p266_227_mic2,p266,data\VCTK\wav48_silence_trimmed\p266\p266_227_mic2.flac,p273,0,1,0.9924651384353638,0.9869412183761597,0.9924651384353638,-0.0055239200592041016,3.588375
lca,1,p266_227_mic2,p266,data\VCTK\wav48_silence_trimmed\p266\p266_227_mic2.flac,p266,1,1,0.9888589382171631,0.9888589382171631,0.987494170665741,0.0013647675514221191,3.588375
lca,2,p266_227_mic2,p266,data\VCTK\wav48_silence_trimmed\p266\p266_227_mic2.flac,p273,0,1,0.9927038550376892,0.9897671341896057,0.9927038550376892,-0.002936720848083496,3.588375
lca,3,p266_227_mic2,p266,data\VCTK\wav48_silence_trimmed\p266\p266_227_mic2.flac,p273,0,1,0.991478443145752,0.9906355142593384,0.991478443145752,-0.0008429288864135742,3.588375
original,0,p267_008_mic1,p267,data\VCTK\wav48_silence_trimmed\p267\p267_008_mic1.flac,p266,0,1,0.9919335246086121,0.9809942245483398,0.9919335246086121,-0.010939300060272217,6.90625
base,1,p267_008_mic1,p267,data\VCTK\wav48_silence_trimmed\p267\p267_008_mic1.flac,p333,0,1,0.9908571839332581,0.9765135049819946,0.9908571839332581,-0.014343678951263428,6.90625
base,2,p267_008_mic1,p267,data\VCTK\wav48_silence_trimmed\p267\p267_008_mic1.flac,p266,0,1,0.9925097227096558,0.9798353910446167,0.9925097227096558,-0.012674331665039062,6.90625
base,3,p267_008_mic1,p267,data\VCTK\wav48_silence_trimmed\p267\p267_008_mic1.flac,p266,0,1,0.991572380065918,0.9773270487785339,0.991572380065918,-0.014245331287384033,6.90625
lca,1,p267_008_mic1,p267,data\VCTK\wav48_silence_trimmed\p267\p267_008_mic1.flac,p333,0,1,0.99146968126297,0.9751120209693909,0.99146968126297,-0.0163576602935791,6.90625
lca,2,p267_008_mic1,p267,data\VCTK\wav48_silence_trimmed\p267\p267_008_mic1.flac,p266,0,1,0.9912376999855042,0.9757537841796875,0.9912376999855042,-0.01548391580581665,6.90625
lca,3,p267_008_mic1,p267,data\VCTK\wav48_silence_trimmed\p267\p267_008_mic1.flac,p266,0,1,0.9925717711448669,0.9793065786361694,0.9925717711448669,-0.01326519250869751,6.90625
original,0,p267_034_mic1,p267,data\VCTK\wav48_silence_trimmed\p267\p267_034_mic1.flac,p266,0,1,0.9956883788108826,0.990668535232544,0.9956883788108826,-0.005019843578338623,3.2436875
base,1,p267_034_mic1,p267,data\VCTK\wav48_silence_trimmed\p267\p267_034_mic1.flac,p312,0,1,0.9940845370292664,0.9836223125457764,0.9940845370292664,-0.01046222448348999,3.2436875
base,2,p267_034_mic1,p267,data\VCTK\wav48_silence_trimmed\p267\p267_034_mic1.flac,p334,0,1,0.9962342977523804,0.9919547438621521,0.9962342977523804,-0.0042795538902282715,3.2436875
base,3,p267_034_mic1,p267,data\VCTK\wav48_silence_trimmed\p267\p267_034_mic1.flac,p266,0,1,0.9968804121017456,0.990135133266449,0.9968804121017456,-0.006745278835296631,3.2436875
lca,1,p267_034_mic1,p267,data\VCTK\wav48_silence_trimmed\p267\p267_034_mic1.flac,p312,0,1,0.9941509962081909,0.983241081237793,0.9941509962081909,-0.01090991497039795,3.2436875
lca,2,p267_034_mic1,p267,data\VCTK\wav48_silence_trimmed\p267\p267_034_mic1.flac,p266,0,1,0.9965398907661438,0.9889916777610779,0.9965398907661438,-0.007548213005065918,3.2436875
lca,3,p267_034_mic1,p267,data\VCTK\wav48_silence_trimmed\p267\p267_034_mic1.flac,p266,0,1,0.995991051197052,0.9899990558624268,0.995991051197052,-0.005991995334625244,3.2436875
original,0,p267_058_mic2,p267,data\VCTK\wav48_silence_trimmed\p267\p267_058_mic2.flac,p267,1,1,0.998674213886261,0.998674213886261,0.9971013069152832,0.0015729069709777832,2.6494375
base,1,p267_058_mic2,p267,data\VCTK\wav48_silence_trimmed\p267\p267_058_mic2.flac,p255,0,1,0.9932499527931213,0.9884867668151855,0.9932499527931213,-0.004763185977935791,2.6494375
base,2,p267_058_mic2,p267,data\VCTK\wav48_silence_trimmed\p267\p267_058_mic2.flac,p267,1,1,0.9976911544799805,0.9976911544799805,0.997441828250885,0.000249326229095459,2.6494375
base,3,p267_058_mic2,p267,data\VCTK\wav48_silence_trimmed\p267\p267_058_mic2.flac,p267,1,1,0.9973205924034119,0.9973205924034119,0.9972684979438782,5.2094459533691406e-05,2.6494375
lca,1,p267_058_mic2,p267,data\VCTK\wav48_silence_trimmed\p267\p267_058_mic2.flac,p297,0,1,0.9951995015144348,0.9905769228935242,0.9951995015144348,-0.0046225786209106445,2.6494375
lca,2,p267_058_mic2,p267,data\VCTK\wav48_silence_trimmed\p267\p267_058_mic2.flac,p249,0,1,0.9965107440948486,0.9963676333427429,0.9965107440948486,-0.0001431107521057129,2.6494375
lca,3,p267_058_mic2,p267,data\VCTK\wav48_silence_trimmed\p267\p267_058_mic2.flac,p267,1,1,0.9974308013916016,0.9974308013916016,0.9969164729118347,0.0005143284797668457,2.6494375
original,0,p267_215_mic1,p267,data\VCTK\wav48_silence_trimmed\p267\p267_215_mic1.flac,p306,0,1,0.9939248561859131,0.9876378178596497,0.9939248561859131,-0.006287038326263428,2.68975
base,1,p267_215_mic1,p267,data\VCTK\wav48_silence_trimmed\p267\p267_215_mic1.flac,p339,0,1,0.9943901300430298,0.9858425259590149,0.9943901300430298,-0.008547604084014893,2.68975
base,2,p267_215_mic1,p267,data\VCTK\wav48_silence_trimmed\p267\p267_215_mic1.flac,p230,0,1,0.9965922832489014,0.9897472858428955,0.9965922832489014,-0.006844997406005859,2.68975
base,3,p267_215_mic1,p267,data\VCTK\wav48_silence_trimmed\p267\p267_215_mic1.flac,p230,0,1,0.9958191514015198,0.9888092875480652,0.9958191514015198,-0.00700986385345459,2.68975
lca,1,p267_215_mic1,p267,data\VCTK\wav48_silence_trimmed\p267\p267_215_mic1.flac,p262,0,1,0.9948013424873352,0.9856657385826111,0.9948013424873352,-0.009135603904724121,2.68975
lca,2,p267_215_mic1,p267,data\VCTK\wav48_silence_trimmed\p267\p267_215_mic1.flac,p230,0,1,0.9950227737426758,0.9875411987304688,0.9950227737426758,-0.007481575012207031,2.68975
lca,3,p267_215_mic1,p267,data\VCTK\wav48_silence_trimmed\p267\p267_215_mic1.flac,p230,0,1,0.994890034198761,0.9872293472290039,0.994890034198761,-0.00766068696975708,2.68975
original,0,p267_362_mic2,p267,data\VCTK\wav48_silence_trimmed\p267\p267_362_mic2.flac,p341,0,1,0.9972448348999023,0.9948419332504272,0.9972448348999023,-0.0024029016494750977,1.964125
base,1,p267_362_mic2,p267,data\VCTK\wav48_silence_trimmed\p267\p267_362_mic2.flac,p312,0,1,0.9944922924041748,0.9829474687576294,0.9944922924041748,-0.01154482364654541,1.964125
base,2,p267_362_mic2,p267,data\VCTK\wav48_silence_trimmed\p267\p267_362_mic2.flac,p312,0,1,0.9970139861106873,0.9923564791679382,0.9970139861106873,-0.0046575069427490234,1.964125
base,3,p267_362_mic2,p267,data\VCTK\wav48_silence_trimmed\p267\p267_362_mic2.flac,p341,0,1,0.9967530369758606,0.9931759238243103,0.9967530369758606,-0.003577113151550293,1.964125
lca,1,p267_362_mic2,p267,data\VCTK\wav48_silence_trimmed\p267\p267_362_mic2.flac,p312,0,1,0.9956353306770325,0.9871551990509033,0.9956353306770325,-0.00848013162612915,1.964125
lca,2,p267_362_mic2,p267,data\VCTK\wav48_silence_trimmed\p267\p267_362_mic2.flac,p341,0,1,0.9960193634033203,0.9905283451080322,0.9960193634033203,-0.005491018295288086,1.964125
lca,3,p267_362_mic2,p267,data\VCTK\wav48_silence_trimmed\p267\p267_362_mic2.flac,p333,0,1,0.9958788752555847,0.990467369556427,0.9958788752555847,-0.005411505699157715,1.964125
original,0,p268_145_mic1,p268,data\VCTK\wav48_silence_trimmed\p268\p268_145_mic1.flac,p268,1,1,0.997194230556488,0.997194230556488,0.9956932067871094,0.0015010237693786621,3.211875
base,1,p268_145_mic1,p268,data\VCTK\wav48_silence_trimmed\p268\p268_145_mic1.flac,p268,1,1,0.9939327836036682,0.9939327836036682,0.9931231737136841,0.0008096098899841309,3.211875
base,2,p268_145_mic1,p268,data\VCTK\wav48_silence_trimmed\p268\p268_145_mic1.flac,p303,0,1,0.9969698786735535,0.9965369701385498,0.9969698786735535,-0.0004329085350036621,3.211875
base,3,p268_145_mic1,p268,data\VCTK\wav48_silence_trimmed\p268\p268_145_mic1.flac,p268,1,1,0.9968392848968506,0.9968392848968506,0.9967980980873108,4.118680953979492e-05,3.211875
lca,1,p268_145_mic1,p268,data\VCTK\wav48_silence_trimmed\p268\p268_145_mic1.flac,p303,0,1,0.9962842464447021,0.994725227355957,0.9962842464447021,-0.0015590190887451172,3.211875
lca,2,p268_145_mic1,p268,data\VCTK\wav48_silence_trimmed\p268\p268_145_mic1.flac,p303,0,1,0.9961873292922974,0.9961814284324646,0.9961873292922974,-5.900859832763672e-06,3.211875
lca,3,p268_145_mic1,p268,data\VCTK\wav48_silence_trimmed\p268\p268_145_mic1.flac,p302,0,1,0.9961796998977661,0.9961075782775879,0.9961796998977661,-7.212162017822266e-05,3.211875
original,0,p268_190_mic2,p268,data\VCTK\wav48_silence_trimmed\p268\p268_190_mic2.flac,p238,0,1,0.9984137415885925,0.9982690811157227,0.9984137415885925,-0.00014466047286987305,3.5264375
base,1,p268_190_mic2,p268,data\VCTK\wav48_silence_trimmed\p268\p268_190_mic2.flac,p268,1,1,0.9940720200538635,0.9940720200538635,0.9938416481018066,0.00023037195205688477,3.5264375
base,2,p268_190_mic2,p268,data\VCTK\wav48_silence_trimmed\p268\p268_190_mic2.flac,p268,1,1,0.9969034790992737,0.9969034790992737,0.9960740804672241,0.0008293986320495605,3.5264375
base,3,p268_190_mic2,p268,data\VCTK\wav48_silence_trimmed\p268\p268_190_mic2.flac,p268,1,1,0.9975609183311462,0.9975609183311462,0.9974871873855591,7.37309455871582e-05,3.5264375
lca,1,p268_190_mic2,p268,data\VCTK\wav48_silence_trimmed\p268\p268_190_mic2.flac,p268,1,1,0.994803249835968,0.994803249835968,0.9941511750221252,0.0006520748138427734,3.5264375
lca,2,p268_190_mic2,p268,data\VCTK\wav48_silence_trimmed\p268\p268_190_mic2.flac,p268,1,1,0.9964659810066223,0.9964659810066223,0.9961816072463989,0.00028437376022338867,3.5264375
lca,3,p268_190_mic2,p268,data\VCTK\wav48_silence_trimmed\p268\p268_190_mic2.flac,p268,1,1,0.9974085688591003,0.9974085688591003,0.9969831705093384,0.0004253983497619629,3.5264375
original,0,p268_249_mic2,p268,data\VCTK\wav48_silence_trimmed\p268\p268_249_mic2.flac,p238,0,1,0.995649516582489,0.9955824613571167,0.995649516582489,-6.705522537231445e-05,3.3008125
base,1,p268_249_mic2,p268,data\VCTK\wav48_silence_trimmed\p268\p268_249_mic2.flac,p297,0,1,0.9948458671569824,0.9878877401351929,0.9948458671569824,-0.006958127021789551,3.3008125
base,2,p268_249_mic2,p268,data\VCTK\wav48_silence_trimmed\p268\p268_249_mic2.flac,p297,0,1,0.9970617294311523,0.9920889735221863,0.9970617294311523,-0.0049727559089660645,3.3008125
base,3,p268_249_mic2,p268,data\VCTK\wav48_silence_trimmed\p268\p268_249_mic2.flac,p301,0,1,0.9968957901000977,0.993735671043396,0.9968957901000977,-0.00316011905670166,3.3008125
lca,1,p268_249_mic2,p268,data\VCTK\wav48_silence_trimmed\p268\p268_249_mic2.flac,p297,0,1,0.9962993264198303,0.9898517727851868,0.9962993264198303,-0.006447553634643555,3.3008125
lca,2,p268_249_mic2,p268,data\VCTK\wav48_silence_trimmed\p268\p268_249_mic2.flac,p297,0,1,0.9960446953773499,0.9892193675041199,0.9960446953773499,-0.0068253278732299805,3.3008125
lca,3,p268_249_mic2,p268,data\VCTK\wav48_silence_trimmed\p268\p268_249_mic2.flac,p297,0,1,0.9966578483581543,0.989973783493042,0.9966578483581543,-0.006684064865112305,3.3008125
original,0,p268_288_mic2,p268,data\VCTK\wav48_silence_trimmed\p268\p268_288_mic2.flac,p303,0,1,0.9963655471801758,0.9935188889503479,0.9963655471801758,-0.002846658229827881,2.4939375
base,1,p268_288_mic2,p268,data\VCTK\wav48_silence_trimmed\p268\p268_288_mic2.flac,p303,0,1,0.9944609999656677,0.9906924366950989,0.9944609999656677,-0.0037685632705688477,2.4939375
base,2,p268_288_mic2,p268,data\VCTK\wav48_silence_trimmed\p268\p268_288_mic2.flac,p303,0,1,0.9969102144241333,0.9939248561859131,0.9969102144241333,-0.002985358238220215,2.4939375
base,3,p268_288_mic2,p268,data\VCTK\wav48_silence_trimmed\p268\p268_288_mic2.flac,p303,0,1,0.9964170455932617,0.9925462603569031,0.9964170455932617,-0.0038707852363586426,2.4939375
lca,1,p268_288_mic2,p268,data\VCTK\wav48_silence_trimmed\p268\p268_288_mic2.flac,p303,0,1,0.9952901005744934,0.991831362247467,0.9952901005744934,-0.003458738327026367,2.4939375
lca,2,p268_288_mic2,p268,data\VCTK\wav48_silence_trimmed\p268\p268_288_mic2.flac,p303,0,1,0.9958444833755493,0.9924342632293701,0.9958444833755493,-0.0034102201461791992,2.4939375
lca,3,p268_288_mic2,p268,data\VCTK\wav48_silence_trimmed\p268\p268_288_mic2.flac,p303,0,1,0.9968825578689575,0.9938257336616516,0.9968825578689575,-0.003056824207305908,2.4939375
original,0,p268_347_mic2,p268,data\VCTK\wav48_silence_trimmed\p268\p268_347_mic2.flac,p268,1,1,0.9979522824287415,0.9979522824287415,0.9961004257202148,0.0018518567085266113,2.5675625
base,1,p268_347_mic2,p268,data\VCTK\wav48_silence_trimmed\p268\p268_347_mic2.flac,p253,0,1,0.9927722811698914,0.9922152757644653,0.9927722811698914,-0.0005570054054260254,2.5675625
base,2,p268_347_mic2,p268,data\VCTK\wav48_silence_trimmed\p268\p268_347_mic2.flac,p268,1,1,0.9970769286155701,0.9970769286155701,0.9957526922225952,0.0013242363929748535,2.5675625
base,3,p268_347_mic2,p268,data\VCTK\wav48_silence_trimmed\p268\p268_347_mic2.flac,p268,1,1,0.9976539611816406,0.9976539611816406,0.9962286949157715,0.0014252662658691406,2.5675625
lca,1,p268_347_mic2,p268,data\VCTK\wav48_silence_trimmed\p268\p268_347_mic2.flac,p268,1,1,0.9936707615852356,0.9936707615852356,0.9929475784301758,0.0007231831550598145,2.5675625
lca,2,p268_347_mic2,p268,data\VCTK\wav48_silence_trimmed\p268\p268_347_mic2.flac,p268,1,1,0.9957886934280396,0.9957886934280396,0.9946969747543335,0.0010917186737060547,2.5675625
lca,3,p268_347_mic2,p268,data\VCTK\wav48_silence_trimmed\p268\p268_347_mic2.flac,p268,1,1,0.9970054626464844,0.9970054626464844,0.9955785870552063,0.0014268755912780762,2.5675625
original,0,p269_144_mic1,p269,data\VCTK\wav48_silence_trimmed\p269\p269_144_mic1.flac,p313,0,1,0.9950008988380432,0.9931033253669739,0.9950008988380432,-0.001897573471069336,3.368375
base,1,p269_144_mic1,p269,data\VCTK\wav48_silence_trimmed\p269\p269_144_mic1.flac,p255,0,1,0.9913341403007507,0.9781962633132935,0.9913341403007507,-0.013137876987457275,3.368375
base,2,p269_144_mic1,p269,data\VCTK\wav48_silence_trimmed\p269\p269_144_mic1.flac,p255,0,1,0.9955152869224548,0.9884164929389954,0.9955152869224548,-0.007098793983459473,3.368375
base,3,p269_144_mic1,p269,data\VCTK\wav48_silence_trimmed\p269\p269_144_mic1.flac,p292,0,1,0.9950142502784729,0.9914738535881042,0.9950142502784729,-0.0035403966903686523,3.368375
lca,1,p269_144_mic1,p269,data\VCTK\wav48_silence_trimmed\p269\p269_144_mic1.flac,p239,0,1,0.9912871718406677,0.9763179421424866,0.9912871718406677,-0.014969229698181152,3.368375
lca,2,p269_144_mic1,p269,data\VCTK\wav48_silence_trimmed\p269\p269_144_mic1.flac,p255,0,1,0.9953559637069702,0.9869697093963623,0.9953559637069702,-0.00838625431060791,3.368375
lca,3,p269_144_mic1,p269,data\VCTK\wav48_silence_trimmed\p269\p269_144_mic1.flac,p292,0,1,0.9955222606658936,0.9906220436096191,0.9955222606658936,-0.004900217056274414,3.368375
original,0,p269_162_mic1,p269,data\VCTK\wav48_silence_trimmed\p269\p269_162_mic1.flac,p229,0,1,0.9959369897842407,0.9957951903343201,0.9959369897842407,-0.0001417994499206543,2.6963125
base,1,p269_162_mic1,p269,data\VCTK\wav48_silence_trimmed\p269\p269_162_mic1.flac,p239,0,1,0.9932413101196289,0.9811899065971375,0.9932413101196289,-0.012051403522491455,2.6963125
base,2,p269_162_mic1,p269,data\VCTK\wav48_silence_trimmed\p269\p269_162_mic1.flac,p255,0,1,0.9969735741615295,0.9923146963119507,0.9969735741615295,-0.004658877849578857,2.6963125
base,3,p269_162_mic1,p269,data\VCTK\wav48_silence_trimmed\p269\p269_162_mic1.flac,p255,0,1,0.9962218999862671,0.9930862188339233,0.9962218999862671,-0.00313568115234375,2.6963125
lca,1,p269_162_mic1,p269,data\VCTK\wav48_silence_trimmed\p269\p269_162_mic1.flac,p239,0,1,0.9910429120063782,0.9767561554908752,0.9910429120063782,-0.01428675651550293,2.6963125
lca,2,p269_162_mic1,p269,data\VCTK\wav48_silence_trimmed\p269\p269_162_mic1.flac,p255,0,1,0.9958176016807556,0.9895903468132019,0.9958176016807556,-0.006227254867553711,2.6963125
lca,3,p269_162_mic1,p269,data\VCTK\wav48_silence_trimmed\p269\p269_162_mic1.flac,p255,0,1,0.9952578544616699,0.9907961487770081,0.9952578544616699,-0.004461705684661865,2.6963125
original,0,p269_191_mic2,p269,data\VCTK\wav48_silence_trimmed\p269\p269_191_mic2.flac,p299,0,1,0.9980670213699341,0.996186375617981,0.9980670213699341,-0.001880645751953125,4.5656875
base,1,p269_191_mic2,p269,data\VCTK\wav48_silence_trimmed\p269\p269_191_mic2.flac,p297,0,1,0.9946134686470032,0.9852330088615417,0.9946134686470032,-0.009380459785461426,4.5656875
base,2,p269_191_mic2,p269,data\VCTK\wav48_silence_trimmed\p269\p269_191_mic2.flac,p297,0,1,0.9977532625198364,0.9943050742149353,0.9977532625198364,-0.003448188304901123,4.5656875
base,3,p269_191_mic2,p269,data\VCTK\wav48_silence_trimmed\p269\p269_191_mic2.flac,p225,0,1,0.9977384805679321,0.9957544803619385,0.9977384805679321,-0.0019840002059936523,4.5656875
lca,1,p269_191_mic2,p269,data\VCTK\wav48_silence_trimmed\p269\p269_191_mic2.flac,p239,0,1,0.9954028725624084,0.9879716634750366,0.9954028725624084,-0.007431209087371826,4.5656875
lca,2,p269_191_mic2,p269,data\VCTK\wav48_silence_trimmed\p269\p269_191_mic2.flac,p262,0,1,0.9968613386154175,0.9944821000099182,0.9968613386154175,-0.0023792386054992676,4.5656875
lca,3,p269_191_mic2,p269,data\VCTK\wav48_silence_trimmed\p269\p269_191_mic2.flac,p262,0,1,0.9976475238800049,0.9957414269447327,0.9976475238800049,-0.0019060969352722168,4.5656875
original,0,p269_326_mic2,p269,data\VCTK\wav48_silence_trimmed\p269\p269_326_mic2.flac,p312,0,1,0.9976933002471924,0.9925909638404846,0.9976933002471924,-0.005102336406707764,2.9655
base,1,p269_326_mic2,p269,data\VCTK\wav48_silence_trimmed\p269\p269_326_mic2.flac,p239,0,1,0.9938628673553467,0.9835853576660156,0.9938628673553467,-0.010277509689331055,2.9655
base,2,p269_326_mic2,p269,data\VCTK\wav48_silence_trimmed\p269\p269_326_mic2.flac,p312,0,1,0.995657205581665,0.9904616475105286,0.995657205581665,-0.005195558071136475,2.9655
base,3,p269_326_mic2,p269,data\VCTK\wav48_silence_trimmed\p269\p269_326_mic2.flac,p312,0,1,0.9961051940917969,0.991966187953949,0.9961051940917969,-0.0041390061378479,2.9655
lca,1,p269_326_mic2,p269,data\VCTK\wav48_silence_trimmed\p269\p269_326_mic2.flac,p239,0,1,0.9937021732330322,0.9854302406311035,0.9937021732330322,-0.008271932601928711,2.9655
lca,2,p269_326_mic2,p269,data\VCTK\wav48_silence_trimmed\p269\p269_326_mic2.flac,p239,0,1,0.9962279200553894,0.9914589524269104,0.9962279200553894,-0.004768967628479004,2.9655
lca,3,p269_326_mic2,p269,data\VCTK\wav48_silence_trimmed\p269\p269_326_mic2.flac,p312,0,1,0.9959778189659119,0.9915626645088196,0.9959778189659119,-0.004415154457092285,2.9655
original,0,p269_354_mic1,p269,data\VCTK\wav48_silence_trimmed\p269\p269_354_mic1.flac,p228,0,1,0.9952846169471741,0.9848101139068604,0.9952846169471741,-0.01047450304031372,2.310125
base,1,p269_354_mic1,p269,data\VCTK\wav48_silence_trimmed\p269\p269_354_mic1.flac,p303,0,1,0.9958999752998352,0.9778745174407959,0.9958999752998352,-0.018025457859039307,2.310125
base,2,p269_354_mic1,p269,data\VCTK\wav48_silence_trimmed\p269\p269_354_mic1.flac,p302,0,1,0.9976383447647095,0.9846307635307312,0.9976383447647095,-0.013007581233978271,2.310125
base,3,p269_354_mic1,p269,data\VCTK\wav48_silence_trimmed\p269\p269_354_mic1.flac,p302,0,1,0.9965687990188599,0.9828659892082214,0.9965687990188599,-0.013702809810638428,2.310125
lca,1,p269_354_mic1,p269,data\VCTK\wav48_silence_trimmed\p269\p269_354_mic1.flac,p303,0,1,0.9964298605918884,0.971645712852478,0.9964298605918884,-0.0247841477394104,2.310125
lca,2,p269_354_mic1,p269,data\VCTK\wav48_silence_trimmed\p269\p269_354_mic1.flac,p298,0,1,0.9975782036781311,0.9822447896003723,0.9975782036781311,-0.015333414077758789,2.310125
lca,3,p269_354_mic1,p269,data\VCTK\wav48_silence_trimmed\p269\p269_354_mic1.flac,p302,0,1,0.9961611032485962,0.9839124083518982,0.9961611032485962,-0.012248694896697998,2.310125
original,0,p270_010_mic1,p270,data\VCTK\wav48_silence_trimmed\p270\p270_010_mic1.flac,p364,0,1,0.9928696155548096,0.9898536801338196,0.9928696155548096,-0.0030159354209899902,3.2469375
base,1,p270_010_mic1,p270,data\VCTK\wav48_silence_trimmed\p270\p270_010_mic1.flac,p263,0,1,0.9833152294158936,0.9711014032363892,0.9833152294158936,-0.012213826179504395,3.2469375
base,2,p270_010_mic1,p270,data\VCTK\wav48_silence_trimmed\p270\p270_010_mic1.flac,p272,0,1,0.9964385628700256,0.9941291213035583,0.9964385628700256,-0.002309441566467285,3.2469375
base,3,p270_010_mic1,p270,data\VCTK\wav48_silence_trimmed\p270\p270_010_mic1.flac,p272,0,1,0.9952868819236755,0.9947395324707031,0.9952868819236755,-0.0005473494529724121,3.2469375
lca,1,p270_010_mic1,p270,data\VCTK\wav48_silence_trimmed\p270\p270_010_mic1.flac,p263,0,1,0.9939292073249817,0.9861082434654236,0.9939292073249817,-0.007820963859558105,3.2469375
lca,2,p270_010_mic1,p270,data\VCTK\wav48_silence_trimmed\p270\p270_010_mic1.flac,p263,0,1,0.9953756928443909,0.99322909116745,0.9953756928443909,-0.002146601676940918,3.2469375
lca,3,p270_010_mic1,p270,data\VCTK\wav48_silence_trimmed\p270\p270_010_mic1.flac,p364,0,1,0.9945102334022522,0.9935597777366638,0.9945102334022522,-0.0009504556655883789,3.2469375
original,0,p270_028_mic2,p270,data\VCTK\wav48_silence_trimmed\p270\p270_028_mic2.flac,p270,1,1,0.996383547782898,0.996383547782898,0.9932892918586731,0.0030942559242248535,2.8593125
base,1,p270_028_mic2,p270,data\VCTK\wav48_silence_trimmed\p270\p270_028_mic2.flac,p273,0,1,0.9924778938293457,0.99034583568573,0.9924778938293457,-0.0021320581436157227,2.8593125
base,2,p270_028_mic2,p270,data\VCTK\wav48_silence_trimmed\p270\p270_028_mic2.flac,p273,0,1,0.9960137009620667,0.9951249957084656,0.9960137009620667,-0.0008887052536010742,2.8593125
base,3,p270_028_mic2,p270,data\VCTK\wav48_silence_trimmed\p270\p270_028_mic2.flac,p273,0,1,0.9962225556373596,0.9958897829055786,0.9962225556373596,-0.00033277273178100586,2.8593125
lca,1,p270_028_mic2,p270,data\VCTK\wav48_silence_trimmed\p270\p270_028_mic2.flac,p347,0,1,0.9945551753044128,0.9930910468101501,0.9945551753044128,-0.0014641284942626953,2.8593125
lca,2,p270_028_mic2,p270,data\VCTK\wav48_silence_trimmed\p270\p270_028_mic2.flac,p270,1,1,0.9956866502761841,0.9956866502761841,0.9949346780776978,0.0007519721984863281,2.8593125
lca,3,p270_028_mic2,p270,data\VCTK\wav48_silence_trimmed\p270\p270_028_mic2.flac,p270,1,1,0.9970421195030212,0.9970421195030212,0.9953170418739319,0.0017250776290893555,2.8593125
original,0,p270_032_mic1,p270,data\VCTK\wav48_silence_trimmed\p270\p270_032_mic1.flac,p364,0,1,0.9940695762634277,0.9929302930831909,0.9940695762634277,-0.0011392831802368164,3.286375
base,1,p270_032_mic1,p270,data\VCTK\wav48_silence_trimmed\p270\p270_032_mic1.flac,p334,0,1,0.9941567778587341,0.9845436215400696,0.9941567778587341,-0.00961315631866455,3.286375
base,2,p270_032_mic1,p270,data\VCTK\wav48_silence_trimmed\p270\p270_032_mic1.flac,p263,0,1,0.9945864677429199,0.9919604659080505,0.9945864677429199,-0.0026260018348693848,3.286375
base,3,p270_032_mic1,p270,data\VCTK\wav48_silence_trimmed\p270\p270_032_mic1.flac,p364,0,1,0.9948621392250061,0.9939044117927551,0.9948621392250061,-0.0009577274322509766,3.286375
lca,1,p270_032_mic1,p270,data\VCTK\wav48_silence_trimmed\p270\p270_032_mic1.flac,p334,0,1,0.9932733178138733,0.9816159605979919,0.9932733178138733,-0.011657357215881348,3.286375
lca,2,p270_032_mic1,p270,data\VCTK\wav48_silence_trimmed\p270\p270_032_mic1.flac,p263,0,1,0.9943984746932983,0.9900968670845032,0.9943984746932983,-0.004301607608795166,3.286375
lca,3,p270_032_mic1,p270,data\VCTK\wav48_silence_trimmed\p270\p270_032_mic1.flac,p263,0,1,0.9943248629570007,0.9922502636909485,0.9943248629570007,-0.002074599266052246,3.286375
original,0,p270_155_mic2,p270,data\VCTK\wav48_silence_trimmed\p270\p270_155_mic2.flac,p270,1,1,0.990975558757782,0.990975558757782,0.9909752011299133,3.5762786865234375e-07,2.68875
base,1,p270_155_mic2,p270,data\VCTK\wav48_silence_trimmed\p270\p270_155_mic2.flac,p334,0,1,0.9933173656463623,0.9836543798446655,0.9933173656463623,-0.009662985801696777,2.68875
base,2,p270_155_mic2,p270,data\VCTK\wav48_silence_trimmed\p270\p270_155_mic2.flac,p326,0,1,0.9942083358764648,0.9911662936210632,0.9942083358764648,-0.0030420422554016113,2.68875
base,3,p270_155_mic2,p270,data\VCTK\wav48_silence_trimmed\p270\p270_155_mic2.flac,p326,0,1,0.9950131773948669,0.9929027557373047,0.9950131773948669,-0.002110421657562256,2.68875
lca,1,p270_155_mic2,p270,data\VCTK\wav48_silence_trimmed\p270\p270_155_mic2.flac,p334,0,1,0.9949935674667358,0.9838608503341675,0.9949935674667358,-0.01113271713256836,2.68875
lca,2,p270_155_mic2,p270,data\VCTK\wav48_silence_trimmed\p270\p270_155_mic2.flac,p334,0,1,0.9936079382896423,0.9895233511924744,0.9936079382896423,-0.004084587097167969,2.68875
lca,3,p270_155_mic2,p270,data\VCTK\wav48_silence_trimmed\p270\p270_155_mic2.flac,p334,0,1,0.9922180771827698,0.990215539932251,0.9922180771827698,-0.002002537250518799,2.68875
original,0,p270_235_mic2,p270,data\VCTK\wav48_silence_trimmed\p270\p270_235_mic2.flac,p270,1,1,0.9972112774848938,0.9972112774848938,0.9945529699325562,0.0026583075523376465,4.271375
base,1,p270_235_mic2,p270,data\VCTK\wav48_silence_trimmed\p270\p270_235_mic2.flac,p266,0,1,0.9932766556739807,0.9895610809326172,0.9932766556739807,-0.0037155747413635254,4.271375
base,2,p270_235_mic2,p270,data\VCTK\wav48_silence_trimmed\p270\p270_235_mic2.flac,p273,0,1,0.9975656270980835,0.9963536858558655,0.9975656270980835,-0.0012119412422180176,4.271375
base,3,p270_235_mic2,p270,data\VCTK\wav48_silence_trimmed\p270\p270_235_mic2.flac,p273,0,1,0.9968361854553223,0.9961748123168945,0.9968361854553223,-0.0006613731384277344,4.271375
lca,1,p270_235_mic2,p270,data\VCTK\wav48_silence_trimmed\p270\p270_235_mic2.flac,p347,0,1,0.9941492080688477,0.9923548102378845,0.9941492080688477,-0.0017943978309631348,4.271375
lca,2,p270_235_mic2,p270,data\VCTK\wav48_silence_trimmed\p270\p270_235_mic2.flac,p270,1,1,0.9967654347419739,0.9967654347419739,0.9952855110168457,0.0014799237251281738,4.271375
lca,3,p270_235_mic2,p270,data\VCTK\wav48_silence_trimmed\p270\p270_235_mic2.flac,p270,1,1,0.9972186088562012,0.9972186088562012,0.9958252310752869,0.0013933777809143066,4.271375
original,0,p271_127_mic2,p271,data\VCTK\wav48_silence_trimmed\p271\p271_127_mic2.flac,p270,0,1,0.9951762557029724,0.9861476421356201,0.9951762557029724,-0.009028613567352295,4.986125
base,1,p271_127_mic2,p271,data\VCTK\wav48_silence_trimmed\p271\p271_127_mic2.flac,p263,0,1,0.9923025965690613,0.9837072491645813,0.9923025965690613,-0.00859534740447998,4.986125
base,2,p271_127_mic2,p271,data\VCTK\wav48_silence_trimmed\p271\p271_127_mic2.flac,p263,0,1,0.9961369037628174,0.9861814975738525,0.9961369037628174,-0.009955406188964844,4.986125
base,3,p271_127_mic2,p271,data\VCTK\wav48_silence_trimmed\p271\p271_127_mic2.flac,p326,0,1,0.9966921210289001,0.990390956401825,0.9966921210289001,-0.006301164627075195,4.986125
lca,1,p271_127_mic2,p271,data\VCTK\wav48_silence_trimmed\p271\p271_127_mic2.flac,p263,0,1,0.9943914413452148,0.9887599349021912,0.9943914413452148,-0.005631506443023682,4.986125
lca,2,p271_127_mic2,p271,data\VCTK\wav48_silence_trimmed\p271\p271_127_mic2.flac,p263,0,1,0.9957436919212341,0.9874624609947205,0.9957436919212341,-0.008281230926513672,4.986125
lca,3,p271_127_mic2,p271,data\VCTK\wav48_silence_trimmed\p271\p271_127_mic2.flac,p270,0,1,0.9958007335662842,0.9887213110923767,0.9958007335662842,-0.007079422473907471,4.986125
original,0,p271_145_mic2,p271,data\VCTK\wav48_silence_trimmed\p271\p271_145_mic2.flac,p274,0,1,0.997884213924408,0.9945586323738098,0.997884213924408,-0.0033255815505981445,2.661875
base,1,p271_145_mic2,p271,data\VCTK\wav48_silence_trimmed\p271\p271_145_mic2.flac,p259,0,1,0.995102047920227,0.9892826676368713,0.995102047920227,-0.005819380283355713,2.661875
base,2,p271_145_mic2,p271,data\VCTK\wav48_silence_trimmed\p271\p271_145_mic2.flac,p274,0,1,0.9977342486381531,0.9926879405975342,0.9977342486381531,-0.0050463080406188965,2.661875
base,3,p271_145_mic2,p271,data\VCTK\wav48_silence_trimmed\p271\p271_145_mic2.flac,p274,0,1,0.9978559017181396,0.9947716593742371,0.9978559017181396,-0.003084242343902588,2.661875
lca,1,p271_145_mic2,p271,data\VCTK\wav48_silence_trimmed\p271\p271_145_mic2.flac,p259,0,1,0.9956898093223572,0.9893103241920471,0.9956898093223572,-0.006379485130310059,2.661875
lca,2,p271_145_mic2,p271,data\VCTK\wav48_silence_trimmed\p271\p271_145_mic2.flac,p275,0,1,0.9973531365394592,0.994030237197876,0.9973531365394592,-0.003322899341583252,2.661875
lca,3,p271_145_mic2,p271,data\VCTK\wav48_silence_trimmed\p271\p271_145_mic2.flac,p275,0,1,0.9978139400482178,0.9947693347930908,0.9978139400482178,-0.003044605255126953,2.661875
original,0,p271_186_mic2,p271,data\VCTK\wav48_silence_trimmed\p271\p271_186_mic2.flac,p326,0,1,0.9954495429992676,0.9897487759590149,0.9954495429992676,-0.0057007670402526855,4.8975625
base,1,p271_186_mic2,p271,data\VCTK\wav48_silence_trimmed\p271\p271_186_mic2.flac,p285,0,1,0.993211030960083,0.9836013317108154,0.993211030960083,-0.009609699249267578,4.8975625
base,2,p271_186_mic2,p271,data\VCTK\wav48_silence_trimmed\p271\p271_186_mic2.flac,p274,0,1,0.9935405254364014,0.9851686358451843,0.9935405254364014,-0.008371889591217041,4.8975625
base,3,p271_186_mic2,p271,data\VCTK\wav48_silence_trimmed\p271\p271_186_mic2.flac,p326,0,1,0.9947367906570435,0.98628830909729,0.9947367906570435,-0.008448481559753418,4.8975625
lca,1,p271_186_mic2,p271,data\VCTK\wav48_silence_trimmed\p271\p271_186_mic2.flac,p285,0,1,0.992518424987793,0.981631875038147,0.992518424987793,-0.010886549949645996,4.8975625
lca,2,p271_186_mic2,p271,data\VCTK\wav48_silence_trimmed\p271\p271_186_mic2.flac,p263,0,1,0.9930842518806458,0.9823912978172302,0.9930842518806458,-0.010692954063415527,4.8975625
lca,3,p271_186_mic2,p271,data\VCTK\wav48_silence_trimmed\p271\p271_186_mic2.flac,p266,0,1,0.9930936098098755,0.9816104173660278,0.9930936098098755,-0.011483192443847656,4.8975625
original,0,p271_229_mic2,p271,data\VCTK\wav48_silence_trimmed\p271\p271_229_mic2.flac,p360,0,1,0.9974968433380127,0.9963423013687134,0.9974968433380127,-0.0011545419692993164,2.2646875
base,1,p271_229_mic2,p271,data\VCTK\wav48_silence_trimmed\p271\p271_229_mic2.flac,p259,0,1,0.9935325980186462,0.9852188229560852,0.9935325980186462,-0.008313775062561035,2.2646875
base,2,p271_229_mic2,p271,data\VCTK\wav48_silence_trimmed\p271\p271_229_mic2.flac,p292,0,1,0.9967560768127441,0.9938761591911316,0.9967560768127441,-0.002879917621612549,2.2646875
base,3,p271_229_mic2,p271,data\VCTK\wav48_silence_trimmed\p271\p271_229_mic2.flac,p292,0,1,0.9967429041862488,0.9944547414779663,0.9967429041862488,-0.0022881627082824707,2.2646875
lca,1,p271_229_mic2,p271,data\VCTK\wav48_silence_trimmed\p271\p271_229_mic2.flac,p259,0,1,0.9934515953063965,0.9841653108596802,0.9934515953063965,-0.009286284446716309,2.2646875
lca,2,p271_229_mic2,p271,data\VCTK\wav48_silence_trimmed\p271\p271_229_mic2.flac,p259,0,1,0.9969395995140076,0.9929313659667969,0.9969395995140076,-0.004008233547210693,2.2646875
lca,3,p271_229_mic2,p271,data\VCTK\wav48_silence_trimmed\p271\p271_229_mic2.flac,p292,0,1,0.9968732595443726,0.9943357110023499,0.9968732595443726,-0.002537548542022705,2.2646875
original,0,p271_397_mic2,p271,data\VCTK\wav48_silence_trimmed\p271\p271_397_mic2.flac,p266,0,1,0.9902733564376831,0.9748329520225525,0.9902733564376831,-0.015440404415130615,4.9069375
base,1,p271_397_mic2,p271,data\VCTK\wav48_silence_trimmed\p271\p271_397_mic2.flac,p292,0,1,0.991797924041748,0.9814806580543518,0.991797924041748,-0.01031726598739624,4.9069375
base,2,p271_397_mic2,p271,data\VCTK\wav48_silence_trimmed\p271\p271_397_mic2.flac,p334,0,1,0.9937306046485901,0.9883967638015747,0.9937306046485901,-0.005333840847015381,4.9069375
base,3,p271_397_mic2,p271,data\VCTK\wav48_silence_trimmed\p271\p271_397_mic2.flac,p326,0,1,0.9930506944656372,0.9850849509239197,0.9930506944656372,-0.00796574354171753,4.9069375
lca,1,p271_397_mic2,p271,data\VCTK\wav48_silence_trimmed\p271\p271_397_mic2.flac,p263,0,1,0.9908357262611389,0.9762622117996216,0.9908357262611389,-0.014573514461517334,4.9069375
lca,2,p271_397_mic2,p271,data\VCTK\wav48_silence_trimmed\p271\p271_397_mic2.flac,p263,0,1,0.9919674396514893,0.9790186882019043,0.9919674396514893,-0.012948751449584961,4.9069375
lca,3,p271_397_mic2,p271,data\VCTK\wav48_silence_trimmed\p271\p271_397_mic2.flac,p334,0,1,0.9929157495498657,0.9845337867736816,0.9929157495498657,-0.008381962776184082,4.9069375
original,0,p272_046_mic2,p272,data\VCTK\wav48_silence_trimmed\p272\p272_046_mic2.flac,p272,1,1,0.9962248802185059,0.9962248802185059,0.9958932399749756,0.00033164024353027344,4.697875
base,1,p272_046_mic2,p272,data\VCTK\wav48_silence_trimmed\p272\p272_046_mic2.flac,p285,0,1,0.991546094417572,0.9873846769332886,0.991546094417572,-0.004161417484283447,4.697875
base,2,p272_046_mic2,p272,data\VCTK\wav48_silence_trimmed\p272\p272_046_mic2.flac,p243,0,1,0.996509850025177,0.9942872524261475,0.996509850025177,-0.002222597599029541,4.697875
base,3,p272_046_mic2,p272,data\VCTK\wav48_silence_trimmed\p272\p272_046_mic2.flac,p274,0,1,0.9959035515785217,0.9958046674728394,0.9959035515785217,-9.888410568237305e-05,4.697875
lca,1,p272_046_mic2,p272,data\VCTK\wav48_silence_trimmed\p272\p272_046_mic2.flac,p285,0,1,0.9929315447807312,0.9906213879585266,0.9929315447807312,-0.00231015682220459,4.697875
lca,2,p272_046_mic2,p272,data\VCTK\wav48_silence_trimmed\p272\p272_046_mic2.flac,p263,0,1,0.9930239915847778,0.991686999797821,0.9930239915847778,-0.0013369917869567871,4.697875
lca,3,p272_046_mic2,p272,data\VCTK\wav48_silence_trimmed\p272\p272_046_mic2.flac,p263,0,1,0.9944364428520203,0.9937800168991089,0.9944364428520203,-0.000656425952911377,4.697875
original,0,p272_074_mic2,p272,data\VCTK\wav48_silence_trimmed\p272\p272_074_mic2.flac,p292,0,1,0.9969363212585449,0.9928644299507141,0.9969363212585449,-0.0040718913078308105,2.6249375
base,1,p272_074_mic2,p272,data\VCTK\wav48_silence_trimmed\p272\p272_074_mic2.flac,p259,0,1,0.9935066103935242,0.983299195766449,0.9935066103935242,-0.010207414627075195,2.6249375
base,2,p272_074_mic2,p272,data\VCTK\wav48_silence_trimmed\p272\p272_074_mic2.flac,p252,0,1,0.997267484664917,0.9906823635101318,0.997267484664917,-0.006585121154785156,2.6249375
base,3,p272_074_mic2,p272,data\VCTK\wav48_silence_trimmed\p272\p272_074_mic2.flac,p345,0,1,0.9976381063461304,0.9917210340499878,0.9976381063461304,-0.005917072296142578,2.6249375
lca,1,p272_074_mic2,p272,data\VCTK\wav48_silence_trimmed\p272\p272_074_mic2.flac,p302,0,1,0.9961509704589844,0.9795934557914734,0.9961509704589844,-0.016557514667510986,2.6249375
lca,2,p272_074_mic2,p272,data\VCTK\wav48_silence_trimmed\p272\p272_074_mic2.flac,p252,0,1,0.9971766471862793,0.9909261465072632,0.9971766471862793,-0.006250500679016113,2.6249375
lca,3,p272_074_mic2,p272,data\VCTK\wav48_silence_trimmed\p272\p272_074_mic2.flac,p252,0,1,0.9975446462631226,0.9912070035934448,0.9975446462631226,-0.006337642669677734,2.6249375
original,0,p272_219_mic2,p272,data\VCTK\wav48_silence_trimmed\p272\p272_219_mic2.flac,p278,0,1,0.9972726106643677,0.9903950691223145,0.9972726106643677,-0.006877541542053223,3.1903125
base,1,p272_219_mic2,p272,data\VCTK\wav48_silence_trimmed\p272\p272_219_mic2.flac,p278,0,1,0.9945856928825378,0.9844710826873779,0.9945856928825378,-0.010114610195159912,3.1903125
base,2,p272_219_mic2,p272,data\VCTK\wav48_silence_trimmed\p272\p272_219_mic2.flac,p278,0,1,0.9973903298377991,0.987226665019989,0.9973903298377991,-0.010163664817810059,3.1903125
base,3,p272_219_mic2,p272,data\VCTK\wav48_silence_trimmed\p272\p272_219_mic2.flac,p278,0,1,0.9979276061058044,0.9896674156188965,0.9979276061058044,-0.008260190486907959,3.1903125
lca,1,p272_219_mic2,p272,data\VCTK\wav48_silence_trimmed\p272\p272_219_mic2.flac,p302,0,1,0.9951252937316895,0.9817294478416443,0.9951252937316895,-0.013395845890045166,3.1903125
lca,2,p272_219_mic2,p272,data\VCTK\wav48_silence_trimmed\p272\p272_219_mic2.flac,p278,0,1,0.9967546463012695,0.9869309067726135,0.9967546463012695,-0.009823739528656006,3.1903125
lca,3,p272_219_mic2,p272,data\VCTK\wav48_silence_trimmed\p272\p272_219_mic2.flac,p278,0,1,0.9970730543136597,0.9877454042434692,0.9970730543136597,-0.00932765007019043,3.1903125
original,0,p272_353_mic1,p272,data\VCTK\wav48_silence_trimmed\p272\p272_353_mic1.flac,p275,0,1,0.9963529109954834,0.9960659146308899,0.9963529109954834,-0.00028699636459350586,2.6923125
base,1,p272_353_mic1,p272,data\VCTK\wav48_silence_trimmed\p272\p272_353_mic1.flac,p259,0,1,0.9949401021003723,0.988619863986969,0.9949401021003723,-0.00632023811340332,2.6923125
base,2,p272_353_mic1,p272,data\VCTK\wav48_silence_trimmed\p272\p272_353_mic1.flac,p252,0,1,0.9974286556243896,0.9917791485786438,0.9974286556243896,-0.00564950704574585,2.6923125
base,3,p272_353_mic1,p272,data\VCTK\wav48_silence_trimmed\p272\p272_353_mic1.flac,p246,0,1,0.9969096779823303,0.9933184385299683,0.9969096779823303,-0.0035912394523620605,2.6923125
lca,1,p272_353_mic1,p272,data\VCTK\wav48_silence_trimmed\p272\p272_353_mic1.flac,p252,0,1,0.9931179881095886,0.9789665937423706,0.9931179881095886,-0.014151394367218018,2.6923125
lca,2,p272_353_mic1,p272,data\VCTK\wav48_silence_trimmed\p272\p272_353_mic1.flac,p252,0,1,0.997280478477478,0.9931296706199646,0.997280478477478,-0.004150807857513428,2.6923125
lca,3,p272_353_mic1,p272,data\VCTK\wav48_silence_trimmed\p272\p272_353_mic1.flac,p237,0,1,0.9962071776390076,0.9951971173286438,0.9962071776390076,-0.0010100603103637695,2.6923125
original,0,p272_386_mic1,p272,data\VCTK\wav48_silence_trimmed\p272\p272_386_mic1.flac,p272,1,1,0.9971347451210022,0.9971347451210022,0.9964826703071594,0.0006520748138427734,4.05725
base,1,p272_386_mic1,p272,data\VCTK\wav48_silence_trimmed\p272\p272_386_mic1.flac,p334,0,1,0.9962337613105774,0.9930598735809326,0.9962337613105774,-0.0031738877296447754,4.05725
base,2,p272_386_mic1,p272,data\VCTK\wav48_silence_trimmed\p272\p272_386_mic1.flac,p326,0,1,0.9977436065673828,0.9963082671165466,0.9977436065673828,-0.0014353394508361816,4.05725
base,3,p272_386_mic1,p272,data\VCTK\wav48_silence_trimmed\p272\p272_386_mic1.flac,p326,0,1,0.9976385235786438,0.9962390661239624,0.9976385235786438,-0.0013994574546813965,4.05725
lca,1,p272_386_mic1,p272,data\VCTK\wav48_silence_trimmed\p272\p272_386_mic1.flac,p334,0,1,0.9954594373703003,0.9891068339347839,0.9954594373703003,-0.006352603435516357,4.05725
lca,2,p272_386_mic1,p272,data\VCTK\wav48_silence_trimmed\p272\p272_386_mic1.flac,p347,0,1,0.9971953630447388,0.99581378698349,0.9971953630447388,-0.0013815760612487793,4.05725
lca,3,p272_386_mic1,p272,data\VCTK\wav48_silence_trimmed\p272\p272_386_mic1.flac,p347,0,1,0.997089147567749,0.9958540201187134,0.997089147567749,-0.0012351274490356445,4.05725
original,0,p273_062_mic2,p273,data\VCTK\wav48_silence_trimmed\p273\p273_062_mic2.flac,p376,0,1,0.9970090985298157,0.9905786514282227,0.9970090985298157,-0.006430447101593018,3.2575625
base,1,p273_062_mic2,p273,data\VCTK\wav48_silence_trimmed\p273\p273_062_mic2.flac,p278,0,1,0.996099054813385,0.9857445359230042,0.996099054813385,-0.01035451889038086,3.2575625
base,2,p273_062_mic2,p273,data\VCTK\wav48_silence_trimmed\p273\p273_062_mic2.flac,p376,0,1,0.9953523278236389,0.9903977513313293,0.9953523278236389,-0.00495457649230957,3.2575625
base,3,p273_062_mic2,p273,data\VCTK\wav48_silence_trimmed\p273\p273_062_mic2.flac,p376,0,1,0.9955254793167114,0.9931035041809082,0.9955254793167114,-0.0024219751358032227,3.2575625
lca,1,p273_062_mic2,p273,data\VCTK\wav48_silence_trimmed\p273\p273_062_mic2.flac,p278,0,1,0.9967077970504761,0.9881870150566101,0.9967077970504761,-0.008520781993865967,3.2575625
lca,2,p273_062_mic2,p273,data\VCTK\wav48_silence_trimmed\p273\p273_062_mic2.flac,p376,0,1,0.995552659034729,0.9914100766181946,0.995552659034729,-0.004142582416534424,3.2575625
lca,3,p273_062_mic2,p273,data\VCTK\wav48_silence_trimmed\p273\p273_062_mic2.flac,p376,0,1,0.9956957697868347,0.9921974539756775,0.9956957697868347,-0.0034983158111572266,3.2575625
original,0,p273_137_mic1,p273,data\VCTK\wav48_silence_trimmed\p273\p273_137_mic1.flac,p266,0,1,0.9875907897949219,0.9859541058540344,0.9875907897949219,-0.0016366839408874512,3.004
base,1,p273_137_mic1,p273,data\VCTK\wav48_silence_trimmed\p273\p273_137_mic1.flac,p266,0,1,0.9716830253601074,0.96241694688797,0.9716830253601074,-0.009266078472137451,3.004
base,2,p273_137_mic1,p273,data\VCTK\wav48_silence_trimmed\p273\p273_137_mic1.flac,p273,1,1,0.9908668398857117,0.9908668398857117,0.989219069480896,0.0016477704048156738,3.004
base,3,p273_137_mic1,p273,data\VCTK\wav48_silence_trimmed\p273\p273_137_mic1.flac,p273,1,1,0.9907661080360413,0.9907661080360413,0.9887367486953735,0.0020293593406677246,3.004
lca,1,p273_137_mic1,p273,data\VCTK\wav48_silence_trimmed\p273\p273_137_mic1.flac,p341,0,1,0.9866461753845215,0.981292188167572,0.9866461753845215,-0.005353987216949463,3.004
lca,2,p273_137_mic1,p273,data\VCTK\wav48_silence_trimmed\p273\p273_137_mic1.flac,p266,0,1,0.9879151582717896,0.9855125546455383,0.9879151582717896,-0.0024026036262512207,3.004
lca,3,p273_137_mic1,p273,data\VCTK\wav48_silence_trimmed\p273\p273_137_mic1.flac,p266,0,1,0.9877943992614746,0.9867509603500366,0.9877943992614746,-0.0010434389114379883,3.004
original,0,p273_241_mic1,p273,data\VCTK\wav48_silence_trimmed\p273\p273_241_mic1.flac,p245,0,1,0.9982508420944214,0.9850965738296509,0.9982508420944214,-0.013154268264770508,3.1163125
base,1,p273_241_mic1,p273,data\VCTK\wav48_silence_trimmed\p273\p273_241_mic1.flac,p259,0,1,0.9920735359191895,0.9662023186683655,0.9920735359191895,-0.025871217250823975,3.1163125
base,2,p273_241_mic1,p273,data\VCTK\wav48_silence_trimmed\p273\p273_241_mic1.flac,p245,0,1,0.998232364654541,0.9808292984962463,0.998232364654541,-0.017403066158294678,3.1163125
base,3,p273_241_mic1,p273,data\VCTK\wav48_silence_trimmed\p273\p273_241_mic1.flac,p245,0,1,0.9980904459953308,0.9845581650733948,0.9980904459953308,-0.013532280921936035,3.1163125
lca,1,p273_241_mic1,p273,data\VCTK\wav48_silence_trimmed\p273\p273_241_mic1.flac,p255,0,1,0.990093469619751,0.9615004062652588,0.990093469619751,-0.028593063354492188,3.1163125
lca,2,p273_241_mic1,p273,data\VCTK\wav48_silence_trimmed\p273\p273_241_mic1.flac,p245,0,1,0.997221827507019,0.9815535545349121,0.997221827507019,-0.015668272972106934,3.1163125
lca,3,p273_241_mic1,p273,data\VCTK\wav48_silence_trimmed\p273\p273_241_mic1.flac,p245,0,1,0.9976204037666321,0.9833467602729797,0.9976204037666321,-0.014273643493652344,3.1163125
original,0,p273_377_mic2,p273,data\VCTK\wav48_silence_trimmed\p273\p273_377_mic2.flac,p376,0,1,0.9973827600479126,0.986751139163971,0.9973827600479126,-0.01063162088394165,2.5451875
base,1,p273_377_mic2,p273,data\VCTK\wav48_silence_trimmed\p273\p273_377_mic2.flac,p278,0,1,0.9971150755882263,0.9856756925582886,0.9971150755882263,-0.011439383029937744,2.5451875
base,2,p273_377_mic2,p273,data\VCTK\wav48_silence_trimmed\p273\p273_377_mic2.flac,p278,0,1,0.9971646666526794,0.9899846911430359,0.9971646666526794,-0.007179975509643555,2.5451875
base,3,p273_377_mic2,p273,data\VCTK\wav48_silence_trimmed\p273\p273_377_mic2.flac,p376,0,1,0.9974820017814636,0.9896858930587769,0.9974820017814636,-0.007796108722686768,2.5451875
lca,1,p273_377_mic2,p273,data\VCTK\wav48_silence_trimmed\p273\p273_377_mic2.flac,p278,0,1,0.9964619874954224,0.9869436025619507,0.9964619874954224,-0.00951838493347168,2.5451875
lca,2,p273_377_mic2,p273,data\VCTK\wav48_silence_trimmed\p273\p273_377_mic2.flac,p271,0,1,0.9972046613693237,0.9853538274765015,0.9972046613693237,-0.011850833892822266,2.5451875
lca,3,p273_377_mic2,p273,data\VCTK\wav48_silence_trimmed\p273\p273_377_mic2.flac,p226,0,1,0.9974652528762817,0.9839383363723755,0.9974652528762817,-0.01352691650390625,2.5451875
original,0,p273_384_mic2,p273,data\VCTK\wav48_silence_trimmed\p273\p273_384_mic2.flac,p374,0,1,0.9963703155517578,0.9874329566955566,0.9963703155517578,-0.008937358856201172,2.7015625
base,1,p273_384_mic2,p273,data\VCTK\wav48_silence_trimmed\p273\p273_384_mic2.flac,p278,0,1,0.9943183064460754,0.9862325191497803,0.9943183064460754,-0.008085787296295166,2.7015625
base,2,p273_384_mic2,p273,data\VCTK\wav48_silence_trimmed\p273\p273_384_mic2.flac,p376,0,1,0.9962921142578125,0.991490364074707,0.9962921142578125,-0.004801750183105469,2.7015625
base,3,p273_384_mic2,p273,data\VCTK\wav48_silence_trimmed\p273\p273_384_mic2.flac,p376,0,1,0.9965519905090332,0.9933579564094543,0.9965519905090332,-0.0031940340995788574,2.7015625
lca,1,p273_384_mic2,p273,data\VCTK\wav48_silence_trimmed\p273\p273_384_mic2.flac,p278,0,1,0.9962754845619202,0.982047438621521,0.9962754845619202,-0.01422804594039917,2.7015625
lca,2,p273_384_mic2,p273,data\VCTK\wav48_silence_trimmed\p273\p273_384_mic2.flac,p278,0,1,0.9960857629776001,0.9906666278839111,0.9960857629776001,-0.005419135093688965,2.7015625
lca,3,p273_384_mic2,p273,data\VCTK\wav48_silence_trimmed\p273\p273_384_mic2.flac,p376,0,1,0.9955812692642212,0.9926803708076477,0.9955812692642212,-0.0029008984565734863,2.7015625
original,0,p274_298_mic2,p274,data\VCTK\wav48_silence_trimmed\p274\p274_298_mic2.flac,p298,0,1,0.9967007637023926,0.9697757959365845,0.9967007637023926,-0.026924967765808105,3.7975
base,1,p274_298_mic2,p274,data\VCTK\wav48_silence_trimmed\p274\p274_298_mic2.flac,p303,0,1,0.9961453080177307,0.9746177196502686,0.9961453080177307,-0.021527588367462158,3.7975
base,2,p274_298_mic2,p274,data\VCTK\wav48_silence_trimmed\p274\p274_298_mic2.flac,p302,0,1,0.9973992109298706,0.9814175367355347,0.9973992109298706,-0.015981674194335938,3.7975
base,3,p274_298_mic2,p274,data\VCTK\wav48_silence_trimmed\p274\p274_298_mic2.flac,p298,0,1,0.9966323971748352,0.9793163537979126,0.9966323971748352,-0.017316043376922607,3.7975
lca,1,p274_298_mic2,p274,data\VCTK\wav48_silence_trimmed\p274\p274_298_mic2.flac,p303,0,1,0.9963399171829224,0.9732231497764587,0.9963399171829224,-0.023116767406463623,3.7975
lca,2,p274_298_mic2,p274,data\VCTK\wav48_silence_trimmed\p274\p274_298_mic2.flac,p302,0,1,0.9978312849998474,0.984491765499115,0.9978312849998474,-0.013339519500732422,3.7975
lca,3,p274_298_mic2,p274,data\VCTK\wav48_silence_trimmed\p274\p274_298_mic2.flac,p302,0,1,0.9976387023925781,0.9832079410552979,0.9976387023925781,-0.014430761337280273,3.7975
original,0,p274_335_mic1,p274,data\VCTK\wav48_silence_trimmed\p274\p274_335_mic1.flac,p279,0,1,0.9974603652954102,0.992983341217041,0.9974603652954102,-0.004477024078369141,2.6804375
base,1,p274_335_mic1,p274,data\VCTK\wav48_silence_trimmed\p274\p274_335_mic1.flac,p259,0,1,0.9932578802108765,0.983784556388855,0.9932578802108765,-0.009473323822021484,2.6804375
base,2,p274_335_mic1,p274,data\VCTK\wav48_silence_trimmed\p274\p274_335_mic1.flac,p279,0,1,0.9969348907470703,0.991490364074707,0.9969348907470703,-0.005444526672363281,2.6804375
base,3,p274_335_mic1,p274,data\VCTK\wav48_silence_trimmed\p274\p274_335_mic1.flac,p258,0,1,0.9978140592575073,0.9914339780807495,0.9978140592575073,-0.0063800811767578125,2.6804375
lca,1,p274_335_mic1,p274,data\VCTK\wav48_silence_trimmed\p274\p274_335_mic1.flac,p239,0,1,0.9932615756988525,0.9826081395149231,0.9932615756988525,-0.010653436183929443,2.6804375
lca,2,p274_335_mic1,p274,data\VCTK\wav48_silence_trimmed\p274\p274_335_mic1.flac,p259,0,1,0.9963429570198059,0.9896376729011536,0.9963429570198059,-0.006705284118652344,2.6804375
lca,3,p274_335_mic1,p274,data\VCTK\wav48_silence_trimmed\p274\p274_335_mic1.flac,p279,0,1,0.9969690442085266,0.990741491317749,0.9969690442085266,-0.006227552890777588,2.6804375
original,0,p274_388_mic2,p274,data\VCTK\wav48_silence_trimmed\p274\p274_388_mic2.flac,p281,0,1,0.9954323768615723,0.9904314279556274,0.9954323768615723,-0.005000948905944824,4.26675
base,1,p274_388_mic2,p274,data\VCTK\wav48_silence_trimmed\p274\p274_388_mic2.flac,p278,0,1,0.9960228800773621,0.9913126826286316,0.9960228800773621,-0.004710197448730469,4.26675
base,2,p274_388_mic2,p274,data\VCTK\wav48_silence_trimmed\p274\p274_388_mic2.flac,p281,0,1,0.9953573346138,0.9892013669013977,0.9953573346138,-0.006155967712402344,4.26675
base,3,p274_388_mic2,p274,data\VCTK\wav48_silence_trimmed\p274\p274_388_mic2.flac,p281,0,1,0.9955822229385376,0.9871335029602051,0.9955822229385376,-0.00844871997833252,4.26675
lca,1,p274_388_mic2,p274,data\VCTK\wav48_silence_trimmed\p274\p274_388_mic2.flac,p278,0,1,0.9932591915130615,0.9906827211380005,0.9932591915130615,-0.002576470375061035,4.26675
lca,2,p274_388_mic2,p274,data\VCTK\wav48_silence_trimmed\p274\p274_388_mic2.flac,p326,0,1,0.9948370456695557,0.9906145334243774,0.9948370456695557,-0.004222512245178223,4.26675
lca,3,p274_388_mic2,p274,data\VCTK\wav48_silence_trimmed\p274\p274_388_mic2.flac,p281,0,1,0.9955893158912659,0.990159809589386,0.9955893158912659,-0.005429506301879883,4.26675
original,0,p274_409_mic2,p274,data\VCTK\wav48_silence_trimmed\p274\p274_409_mic2.flac,p281,0,1,0.9958831071853638,0.9920433163642883,0.9958831071853638,-0.0038397908210754395,4.771875
base,1,p274_409_mic2,p274,data\VCTK\wav48_silence_trimmed\p274\p274_409_mic2.flac,p278,0,1,0.9974088668823242,0.9904198050498962,0.9974088668823242,-0.0069890618324279785,4.771875
base,2,p274_409_mic2,p274,data\VCTK\wav48_silence_trimmed\p274\p274_409_mic2.flac,p271,0,1,0.9973277449607849,0.9905757904052734,0.9973277449607849,-0.006751954555511475,4.771875
base,3,p274_409_mic2,p274,data\VCTK\wav48_silence_trimmed\p274\p274_409_mic2.flac,p281,0,1,0.9971398711204529,0.9923157095909119,0.9971398711204529,-0.004824161529541016,4.771875
lca,1,p274_409_mic2,p274,data\VCTK\wav48_silence_trimmed\p274\p274_409_mic2.flac,p278,0,1,0.9974588751792908,0.9906112551689148,0.9974588751792908,-0.0068476200103759766,4.771875
lca,2,p274_409_mic2,p274,data\VCTK\wav48_silence_trimmed\p274\p274_409_mic2.flac,p271,0,1,0.9974985122680664,0.9915593862533569,0.9974985122680664,-0.005939126014709473,4.771875
lca,3,p274_409_mic2,p274,data\VCTK\wav48_silence_trimmed\p274\p274_409_mic2.flac,p281,0,1,0.9969186186790466,0.99318927526474,0.9969186186790466,-0.0037293434143066406,4.771875
original,0,p274_456_mic2,p274,data\VCTK\wav48_silence_trimmed\p274\p274_456_mic2.flac,p360,0,1,0.9964401125907898,0.9923837780952454,0.9964401125907898,-0.004056334495544434,3.208
base,1,p274_456_mic2,p274,data\VCTK\wav48_silence_trimmed\p274\p274_456_mic2.flac,p278,0,1,0.995722234249115,0.9891601800918579,0.995722234249115,-0.00656205415725708,3.208
base,2,p274_456_mic2,p274,data\VCTK\wav48_silence_trimmed\p274\p274_456_mic2.flac,p271,0,1,0.997022807598114,0.9924007654190063,0.997022807598114,-0.004622042179107666,3.208
base,3,p274_456_mic2,p274,data\VCTK\wav48_silence_trimmed\p274\p274_456_mic2.flac,p271,0,1,0.9968725442886353,0.9910286664962769,0.9968725442886353,-0.0058438777923583984,3.208
lca,1,p274_456_mic2,p274,data\VCTK\wav48_silence_trimmed\p274\p274_456_mic2.flac,p278,0,1,0.9957844614982605,0.9881548881530762,0.9957844614982605,-0.007629573345184326,3.208
lca,2,p274_456_mic2,p274,data\VCTK\wav48_silence_trimmed\p274\p274_456_mic2.flac,p278,0,1,0.9972534775733948,0.9930270314216614,0.9972534775733948,-0.0042264461517333984,3.208
lca,3,p274_456_mic2,p274,data\VCTK\wav48_silence_trimmed\p274\p274_456_mic2.flac,p271,0,1,0.9969977140426636,0.9923264384269714,0.9969977140426636,-0.004671275615692139,3.208
original,0,p275_028_mic2,p275,data\VCTK\wav48_silence_trimmed\p275\p275_028_mic2.flac,p364,0,1,0.9940648078918457,0.9838528633117676,0.9940648078918457,-0.010211944580078125,4.4449375
base,1,p275_028_mic2,p275,data\VCTK\wav48_silence_trimmed\p275\p275_028_mic2.flac,p263,0,1,0.9884083271026611,0.9802431464195251,0.9884083271026611,-0.008165180683135986,4.4449375
base,2,p275_028_mic2,p275,data\VCTK\wav48_silence_trimmed\p275\p275_028_mic2.flac,p364,0,1,0.9939866065979004,0.9854384064674377,0.9939866065979004,-0.008548200130462646,4.4449375
base,3,p275_028_mic2,p275,data\VCTK\wav48_silence_trimmed\p275\p275_028_mic2.flac,p364,0,1,0.9942577481269836,0.9826164841651917,0.9942577481269836,-0.011641263961791992,4.4449375
lca,1,p275_028_mic2,p275,data\VCTK\wav48_silence_trimmed\p275\p275_028_mic2.flac,p263,0,1,0.9941734075546265,0.9872678518295288,0.9941734075546265,-0.006905555725097656,4.4449375
lca,2,p275_028_mic2,p275,data\VCTK\wav48_silence_trimmed\p275\p275_028_mic2.flac,p263,0,1,0.9949060678482056,0.9866042137145996,0.9949060678482056,-0.008301854133605957,4.4449375
lca,3,p275_028_mic2,p275,data\VCTK\wav48_silence_trimmed\p275\p275_028_mic2.flac,p263,0,1,0.993338942527771,0.9821714758872986,0.993338942527771,-0.011167466640472412,4.4449375
original,0,p275_044_mic1,p275,data\VCTK\wav48_silence_trimmed\p275\p275_044_mic1.flac,p275,1,1,0.9950531721115112,0.9950531721115112,0.9945626258850098,0.0004905462265014648,4.0255625
base,1,p275_044_mic1,p275,data\VCTK\wav48_silence_trimmed\p275\p275_044_mic1.flac,p255,0,1,0.9924827218055725,0.9889768362045288,0.9924827218055725,-0.003505885601043701,4.0255625
base,2,p275_044_mic1,p275,data\VCTK\wav48_silence_trimmed\p275\p275_044_mic1.flac,p292,0,1,0.9957529902458191,0.9957059025764465,0.9957529902458191,-4.7087669372558594e-05,4.0255625
base,3,p275_044_mic1,p275,data\VCTK\wav48_silence_trimmed\p275\p275_044_mic1.flac,p275,1,1,0.9964520931243896,0.9964520931243896,0.9958261847496033,0.000625908374786377,4.0255625
lca,1,p275_044_mic1,p275,data\VCTK\wav48_silence_trimmed\p275\p275_044_mic1.flac,p259,0,1,0.9940041899681091,0.9892419576644897,0.9940041899681091,-0.004762232303619385,4.0255625
lca,2,p275_044_mic1,p275,data\VCTK\wav48_silence_trimmed\p275\p275_044_mic1.flac,p285,0,1,0.9944207668304443,0.9932453036308289,0.9944207668304443,-0.0011754631996154785,4.0255625
lca,3,p275_044_mic1,p275,data\VCTK\wav48_silence_trimmed\p275\p275_044_mic1.flac,p285,0,1,0.9932026863098145,0.9928069114685059,0.9932026863098145,-0.00039577484130859375,4.0255625
original,0,p275_051_mic2,p275,data\VCTK\wav48_silence_trimmed\p275\p275_051_mic2.flac,p298,0,1,0.9986775517463684,0.9802801609039307,0.9986775517463684,-0.018397390842437744,2.9291875
base,1,p275_051_mic2,p275,data\VCTK\wav48_silence_trimmed\p275\p275_051_mic2.flac,p298,0,1,0.995756983757019,0.9703314900398254,0.995756983757019,-0.025425493717193604,2.9291875
base,2,p275_051_mic2,p275,data\VCTK\wav48_silence_trimmed\p275\p275_051_mic2.flac,p298,0,1,0.9981822967529297,0.976751446723938,0.9981822967529297,-0.0214308500289917,2.9291875
base,3,p275_051_mic2,p275,data\VCTK\wav48_silence_trimmed\p275\p275_051_mic2.flac,p298,0,1,0.9978970289230347,0.9791411757469177,0.9978970289230347,-0.018755853176116943,2.9291875
lca,1,p275_051_mic2,p275,data\VCTK\wav48_silence_trimmed\p275\p275_051_mic2.flac,p298,0,1,0.9963346719741821,0.9739075899124146,0.9963346719741821,-0.022427082061767578,2.9291875
lca,2,p275_051_mic2,p275,data\VCTK\wav48_silence_trimmed\p275\p275_051_mic2.flac,p302,0,1,0.9977113008499146,0.9840615391731262,0.9977113008499146,-0.01364976167678833,2.9291875
lca,3,p275_051_mic2,p275,data\VCTK\wav48_silence_trimmed\p275\p275_051_mic2.flac,p302,0,1,0.9981865882873535,0.9842061400413513,0.9981865882873535,-0.013980448246002197,2.9291875
original,0,p275_379_mic1,p275,data\VCTK\wav48_silence_trimmed\p275\p275_379_mic1.flac,p237,0,1,0.9965702891349792,0.9923700094223022,0.9965702891349792,-0.004200279712677002,1.8350625
base,1,p275_379_mic1,p275,data\VCTK\wav48_silence_trimmed\p275\p275_379_mic1.flac,p239,0,1,0.9920685291290283,0.9822927117347717,0.9920685291290283,-0.009775817394256592,1.8350625
base,2,p275_379_mic1,p275,data\VCTK\wav48_silence_trimmed\p275\p275_379_mic1.flac,p256,0,1,0.9966849684715271,0.9902853965759277,0.9966849684715271,-0.006399571895599365,1.8350625
base,3,p275_379_mic1,p275,data\VCTK\wav48_silence_trimmed\p275\p275_379_mic1.flac,p256,0,1,0.9970800876617432,0.9909710884094238,0.9970800876617432,-0.006108999252319336,1.8350625
lca,1,p275_379_mic1,p275,data\VCTK\wav48_silence_trimmed\p275\p275_379_mic1.flac,p252,0,1,0.9924251437187195,0.9825344085693359,0.9924251437187195,-0.009890735149383545,1.8350625
lca,2,p275_379_mic1,p275,data\VCTK\wav48_silence_trimmed\p275\p275_379_mic1.flac,p302,0,1,0.9963864684104919,0.9866442680358887,0.9963864684104919,-0.009742200374603271,1.8350625
lca,3,p275_379_mic1,p275,data\VCTK\wav48_silence_trimmed\p275\p275_379_mic1.flac,p256,0,1,0.9967988729476929,0.9888252019882202,0.9967988729476929,-0.007973670959472656,1.8350625
original,0,p275_404_mic2,p275,data\VCTK\wav48_silence_trimmed\p275\p275_404_mic2.flac,p252,0,1,0.9979328513145447,0.9938598275184631,0.9979328513145447,-0.004073023796081543,2.5955625
base,1,p275_404_mic2,p275,data\VCTK\wav48_silence_trimmed\p275\p275_404_mic2.flac,p252,0,1,0.9935245513916016,0.9869655966758728,0.9935245513916016,-0.00655895471572876,2.5955625
base,2,p275_404_mic2,p275,data\VCTK\wav48_silence_trimmed\p275\p275_404_mic2.flac,p258,0,1,0.9976514577865601,0.9907706379890442,0.9976514577865601,-0.006880819797515869,2.5955625
base,3,p275_404_mic2,p275,data\VCTK\wav48_silence_trimmed\p275\p275_404_mic2.flac,p258,0,1,0.9981921911239624,0.9929706454277039,0.9981921911239624,-0.005221545696258545,2.5955625
lca,1,p275_404_mic2,p275,data\VCTK\wav48_silence_trimmed\p275\p275_404_mic2.flac,p252,0,1,0.9946054816246033,0.9847628474235535,0.9946054816246033,-0.009842634201049805,2.5955625
lca,2,p275_404_mic2,p275,data\VCTK\wav48_silence_trimmed\p275\p275_404_mic2.flac,p252,0,1,0.996972918510437,0.9897483587265015,0.996972918510437,-0.007224559783935547,2.5955625
lca,3,p275_404_mic2,p275,data\VCTK\wav48_silence_trimmed\p275\p275_404_mic2.flac,p252,0,1,0.9971843957901001,0.9902757406234741,0.9971843957901001,-0.0069086551666259766,2.5955625
original,0,p276_200_mic2,p276,data\VCTK\wav48_silence_trimmed\p276\p276_200_mic2.flac,p276,1,1,0.9977368712425232,0.9977368712425232,0.9964449405670166,0.0012919306755065918,2.98925
base,1,p276_200_mic2,p276,data\VCTK\wav48_silence_trimmed\p276\p276_200_mic2.flac,p239,0,1,0.9943846464157104,0.9895002841949463,0.9943846464157104,-0.00488436222076416,2.98925
base,2,p276_200_mic2,p276,data\VCTK\wav48_silence_trimmed\p276\p276_200_mic2.flac,p239,0,1,0.997177004814148,0.9958072900772095,0.997177004814148,-0.0013697147369384766,2.98925
base,3,p276_200_mic2,p276,data\VCTK\wav48_silence_trimmed\p276\p276_200_mic2.flac,p262,0,1,0.9964559674263,0.9950111508369446,0.9964559674263,-0.0014448165893554688,2.98925
lca,1,p276_200_mic2,p276,data\VCTK\wav48_silence_trimmed\p276\p276_200_mic2.flac,p239,0,1,0.9929912090301514,0.9880605340003967,0.9929912090301514,-0.004930675029754639,2.98925
lca,2,p276_200_mic2,p276,data\VCTK\wav48_silence_trimmed\p276\p276_200_mic2.flac,p239,0,1,0.9956392049789429,0.9940975308418274,0.9956392049789429,-0.0015416741371154785,2.98925
lca,3,p276_200_mic2,p276,data\VCTK\wav48_silence_trimmed\p276\p276_200_mic2.flac,p257,0,1,0.9950939416885376,0.9950340390205383,0.9950939416885376,-5.990266799926758e-05,2.98925
original,0,p276_256_mic2,p276,data\VCTK\wav48_silence_trimmed\p276\p276_256_mic2.flac,p267,0,1,0.9962297677993774,0.9951841831207275,0.9962297677993774,-0.0010455846786499023,3.9005625
base,1,p276_256_mic2,p276,data\VCTK\wav48_silence_trimmed\p276\p276_256_mic2.flac,p297,0,1,0.9947771430015564,0.9906753301620483,0.9947771430015564,-0.004101812839508057,3.9005625
base,2,p276_256_mic2,p276,data\VCTK\wav48_silence_trimmed\p276\p276_256_mic2.flac,p244,0,1,0.9960963129997253,0.9901522994041443,0.9960963129997253,-0.005944013595581055,3.9005625
base,3,p276_256_mic2,p276,data\VCTK\wav48_silence_trimmed\p276\p276_256_mic2.flac,p244,0,1,0.9967037439346313,0.9924417734146118,0.9967037439346313,-0.004261970520019531,3.9005625
lca,1,p276_256_mic2,p276,data\VCTK\wav48_silence_trimmed\p276\p276_256_mic2.flac,p297,0,1,0.9959636926651001,0.9952912926673889,0.9959636926651001,-0.0006723999977111816,3.9005625
lca,2,p276_256_mic2,p276,data\VCTK\wav48_silence_trimmed\p276\p276_256_mic2.flac,p297,0,1,0.9964039325714111,0.9961943626403809,0.9964039325714111,-0.00020956993103027344,3.9005625
lca,3,p276_256_mic2,p276,data\VCTK\wav48_silence_trimmed\p276\p276_256_mic2.flac,p267,0,1,0.9963843822479248,0.996322512626648,0.9963843822479248,-6.186962127685547e-05,3.9005625
original,0,p276_277_mic2,p276,data\VCTK\wav48_silence_trimmed\p276\p276_277_mic2.flac,p276,1,1,0.9971140027046204,0.9971140027046204,0.9968451261520386,0.0002688765525817871,2.7235625
base,1,p276_277_mic2,p276,data\VCTK\wav48_silence_trimmed\p276\p276_277_mic2.flac,p239,0,1,0.993408203125,0.9876696467399597,0.993408203125,-0.005738556385040283,2.7235625
base,2,p276_277_mic2,p276,data\VCTK\wav48_silence_trimmed\p276\p276_277_mic2.flac,p239,0,1,0.9976333379745483,0.9953055381774902,0.9976333379745483,-0.0023277997970581055,2.7235625
base,3,p276_277_mic2,p276,data\VCTK\wav48_silence_trimmed\p276\p276_277_mic2.flac,p351,0,1,0.9980950951576233,0.9946373105049133,0.9980950951576233,-0.003457784652709961,2.7235625
lca,1,p276_277_mic2,p276,data\VCTK\wav48_silence_trimmed\p276\p276_277_mic2.flac,p239,0,1,0.9940535426139832,0.9889827370643616,0.9940535426139832,-0.005070805549621582,2.7235625
lca,2,p276_277_mic2,p276,data\VCTK\wav48_silence_trimmed\p276\p276_277_mic2.flac,p239,0,1,0.9966536164283752,0.995041012763977,0.9966536164283752,-0.0016126036643981934,2.7235625
lca,3,p276_277_mic2,p276,data\VCTK\wav48_silence_trimmed\p276\p276_277_mic2.flac,p239,0,1,0.9973284006118774,0.9958856701850891,0.9973284006118774,-0.00144273042678833,2.7235625
original,0,p276_304_mic2,p276,data\VCTK\wav48_silence_trimmed\p276\p276_304_mic2.flac,p276,1,1,0.9967892169952393,0.9967892169952393,0.9939773678779602,0.0028118491172790527,2.8529375
base,1,p276_304_mic2,p276,data\VCTK\wav48_silence_trimmed\p276\p276_304_mic2.flac,p333,0,1,0.9871954917907715,0.9844748377799988,0.9871954917907715,-0.002720654010772705,2.8529375
base,2,p276_304_mic2,p276,data\VCTK\wav48_silence_trimmed\p276\p276_304_mic2.flac,p276,1,1,0.9960469007492065,0.9960469007492065,0.994533121585846,0.0015137791633605957,2.8529375
base,3,p276_304_mic2,p276,data\VCTK\wav48_silence_trimmed\p276\p276_304_mic2.flac,p276,1,1,0.9966214895248413,0.9966214895248413,0.9952294826507568,0.0013920068740844727,2.8529375
lca,1,p276_304_mic2,p276,data\VCTK\wav48_silence_trimmed\p276\p276_304_mic2.flac,p255,0,1,0.9890514612197876,0.9875063896179199,0.9890514612197876,-0.0015450716018676758,2.8529375
lca,2,p276_304_mic2,p276,data\VCTK\wav48_silence_trimmed\p276\p276_304_mic2.flac,p276,1,1,0.9948762655258179,0.9948762655258179,0.9942741990089417,0.0006020665168762207,2.8529375
lca,3,p276_304_mic2,p276,data\VCTK\wav48_silence_trimmed\p276\p276_304_mic2.flac,p276,1,1,0.9959916472434998,0.9959916472434998,0.9946929812431335,0.001298666000366211,2.8529375
original,0,p276_397_mic1,p276,data\VCTK\wav48_silence_trimmed\p276\p276_397_mic1.flac,p276,1,1,0.9970119595527649,0.9970119595527649,0.9949632287025452,0.0020487308502197266,3.7940625
base,1,p276_397_mic1,p276,data\VCTK\wav48_silence_trimmed\p276\p276_397_mic1.flac,p335,0,1,0.9915740489959717,0.9904024600982666,0.9915740489959717,-0.0011715888977050781,3.7940625
base,2,p276_397_mic1,p276,data\VCTK\wav48_silence_trimmed\p276\p276_397_mic1.flac,p276,1,1,0.9965421557426453,0.9965421557426453,0.9964438676834106,9.828805923461914e-05,3.7940625
base,3,p276_397_mic1,p276,data\VCTK\wav48_silence_trimmed\p276\p276_397_mic1.flac,p276,1,1,0.9969069361686707,0.9969069361686707,0.9962328672409058,0.0006740689277648926,3.7940625
lca,1,p276_397_mic1,p276,data\VCTK\wav48_silence_trimmed\p276\p276_397_mic1.flac,p255,0,1,0.9913011193275452,0.9889122843742371,0.9913011193275452,-0.0023888349533081055,3.7940625
lca,2,p276_397_mic1,p276,data\VCTK\wav48_silence_trimmed\p276\p276_397_mic1.flac,p276,1,1,0.9965438842773438,0.9965438842773438,0.996517539024353,2.6345252990722656e-05,3.7940625
lca,3,p276_397_mic1,p276,data\VCTK\wav48_silence_trimmed\p276\p276_397_mic1.flac,p276,1,1,0.9963551163673401,0.9963551163673401,0.9957859516143799,0.0005691647529602051,3.7940625
original,0,p277_083_mic1,p277,data\VCTK\wav48_silence_trimmed\p277\p277_083_mic1.flac,p267,0,1,0.9976605772972107,0.9949315190315247,0.9976605772972107,-0.002729058265686035,2.8193125
base,1,p277_083_mic1,p277,data\VCTK\wav48_silence_trimmed\p277\p277_083_mic1.flac,p253,0,1,0.9949516654014587,0.9831995964050293,0.9949516654014587,-0.011752068996429443,2.8193125
base,2,p277_083_mic1,p277,data\VCTK\wav48_silence_trimmed\p277\p277_083_mic1.flac,p267,0,1,0.9980127811431885,0.9930357336997986,0.9980127811431885,-0.004977047443389893,2.8193125
base,3,p277_083_mic1,p277,data\VCTK\wav48_silence_trimmed\p277\p277_083_mic1.flac,p267,0,1,0.9984011054039001,0.9939350485801697,0.9984011054039001,-0.004466056823730469,2.8193125
lca,1,p277_083_mic1,p277,data\VCTK\wav48_silence_trimmed\p277\p277_083_mic1.flac,p236,0,1,0.9922780394554138,0.9741545915603638,0.9922780394554138,-0.01812344789505005,2.8193125
lca,2,p277_083_mic1,p277,data\VCTK\wav48_silence_trimmed\p277\p277_083_mic1.flac,p297,0,1,0.9965459108352661,0.9904471635818481,0.9965459108352661,-0.006098747253417969,2.8193125
lca,3,p277_083_mic1,p277,data\VCTK\wav48_silence_trimmed\p277\p277_083_mic1.flac,p267,0,1,0.9974864721298218,0.9937281608581543,0.9974864721298218,-0.0037583112716674805,2.8193125
original,0,p277_198_mic2,p277,data\VCTK\wav48_silence_trimmed\p277\p277_198_mic2.flac,p277,1,1,0.9964542984962463,0.9964542984962463,0.9952784776687622,0.0011758208274841309,3.24575
base,1,p277_198_mic2,p277,data\VCTK\wav48_silence_trimmed\p277\p277_198_mic2.flac,p335,0,1,0.9931894540786743,0.9838062524795532,0.9931894540786743,-0.009383201599121094,3.24575
base,2,p277_198_mic2,p277,data\VCTK\wav48_silence_trimmed\p277\p277_198_mic2.flac,p264,0,1,0.9960394501686096,0.993462324142456,0.9960394501686096,-0.0025771260261535645,3.24575
base,3,p277_198_mic2,p277,data\VCTK\wav48_silence_trimmed\p277\p277_198_mic2.flac,p264,0,1,0.9962574243545532,0.9954951405525208,0.9962574243545532,-0.0007622838020324707,3.24575
lca,1,p277_198_mic2,p277,data\VCTK\wav48_silence_trimmed\p277\p277_198_mic2.flac,p225,0,1,0.9950810074806213,0.9899149537086487,0.9950810074806213,-0.005166053771972656,3.24575
lca,2,p277_198_mic2,p277,data\VCTK\wav48_silence_trimmed\p277\p277_198_mic2.flac,p225,0,1,0.9957287907600403,0.9929132461547852,0.9957287907600403,-0.002815544605255127,3.24575
lca,3,p277_198_mic2,p277,data\VCTK\wav48_silence_trimmed\p277\p277_198_mic2.flac,p225,0,1,0.9962146282196045,0.9945043921470642,0.9962146282196045,-0.0017102360725402832,3.24575
original,0,p277_326_mic2,p277,data\VCTK\wav48_silence_trimmed\p277\p277_326_mic2.flac,p293,0,1,0.996613085269928,0.996021568775177,0.996613085269928,-0.0005915164947509766,2.2498125
base,1,p277_326_mic2,p277,data\VCTK\wav48_silence_trimmed\p277\p277_326_mic2.flac,p340,0,1,0.9933077096939087,0.9856440424919128,0.9933077096939087,-0.00766366720199585,2.2498125
base,2,p277_326_mic2,p277,data\VCTK\wav48_silence_trimmed\p277\p277_326_mic2.flac,p293,0,1,0.9955180883407593,0.9937044382095337,0.9955180883407593,-0.001813650131225586,2.2498125
base,3,p277_326_mic2,p277,data\VCTK\wav48_silence_trimmed\p277\p277_326_mic2.flac,p293,0,1,0.9961936473846436,0.9948437809944153,0.9961936473846436,-0.0013498663902282715,2.2498125
lca,1,p277_326_mic2,p277,data\VCTK\wav48_silence_trimmed\p277\p277_326_mic2.flac,p225,0,1,0.993895411491394,0.989524781703949,0.993895411491394,-0.004370629787445068,2.2498125
lca,2,p277_326_mic2,p277,data\VCTK\wav48_silence_trimmed\p277\p277_326_mic2.flac,p230,0,1,0.9954391121864319,0.9938240051269531,0.9954391121864319,-0.0016151070594787598,2.2498125
lca,3,p277_326_mic2,p277,data\VCTK\wav48_silence_trimmed\p277\p277_326_mic2.flac,p230,0,1,0.9963424801826477,0.9950115084648132,0.9963424801826477,-0.0013309717178344727,2.2498125
original,0,p277_418_mic1,p277,data\VCTK\wav48_silence_trimmed\p277\p277_418_mic1.flac,p267,0,1,0.9965916872024536,0.9924428462982178,0.9965916872024536,-0.00414884090423584,2.47575
base,1,p277_418_mic1,p277,data\VCTK\wav48_silence_trimmed\p277\p277_418_mic1.flac,p339,0,1,0.9898449182510376,0.9792036414146423,0.9898449182510376,-0.010641276836395264,2.47575
base,2,p277_418_mic1,p277,data\VCTK\wav48_silence_trimmed\p277\p277_418_mic1.flac,p267,0,1,0.9958096742630005,0.9898216724395752,0.9958096742630005,-0.005988001823425293,2.47575
base,3,p277_418_mic1,p277,data\VCTK\wav48_silence_trimmed\p277\p277_418_mic1.flac,p267,0,1,0.995941698551178,0.9896579384803772,0.995941698551178,-0.006283760070800781,2.47575
lca,1,p277_418_mic1,p277,data\VCTK\wav48_silence_trimmed\p277\p277_418_mic1.flac,p339,0,1,0.9929742217063904,0.9828797578811646,0.9929742217063904,-0.01009446382522583,2.47575
lca,2,p277_418_mic1,p277,data\VCTK\wav48_silence_trimmed\p277\p277_418_mic1.flac,p267,0,1,0.9940842986106873,0.9863225221633911,0.9940842986106873,-0.007761776447296143,2.47575
lca,3,p277_418_mic1,p277,data\VCTK\wav48_silence_trimmed\p277\p277_418_mic1.flac,p267,0,1,0.9949048757553101,0.9870433807373047,0.9949048757553101,-0.007861495018005371,2.47575
original,0,p277_447_mic1,p277,data\VCTK\wav48_silence_trimmed\p277\p277_447_mic1.flac,p336,0,1,0.9969485402107239,0.9961279630661011,0.9969485402107239,-0.0008205771446228027,3.17325
base,1,p277_447_mic1,p277,data\VCTK\wav48_silence_trimmed\p277\p277_447_mic1.flac,p239,0,1,0.9917457699775696,0.9769480228424072,0.9917457699775696,-0.014797747135162354,3.17325
base,2,p277_447_mic1,p277,data\VCTK\wav48_silence_trimmed\p277\p277_447_mic1.flac,p314,0,1,0.9974291920661926,0.9940669536590576,0.9974291920661926,-0.0033622384071350098,3.17325
base,3,p277_447_mic1,p277,data\VCTK\wav48_silence_trimmed\p277\p277_447_mic1.flac,p336,0,1,0.996967077255249,0.995738685131073,0.996967077255249,-0.0012283921241760254,3.17325
lca,1,p277_447_mic1,p277,data\VCTK\wav48_silence_trimmed\p277\p277_447_mic1.flac,s5,0,1,0.9893180727958679,0.9735130071640015,0.9893180727958679,-0.015805065631866455,3.17325
lca,2,p277_447_mic1,p277,data\VCTK\wav48_silence_trimmed\p277\p277_447_mic1.flac,p297,0,1,0.9962348937988281,0.990234375,0.9962348937988281,-0.006000518798828125,3.17325
lca,3,p277_447_mic1,p277,data\VCTK\wav48_silence_trimmed\p277\p277_447_mic1.flac,p299,0,1,0.996822714805603,0.9929790496826172,0.996822714805603,-0.00384366512298584,3.17325
original,0,p278_118_mic1,p278,data\VCTK\wav48_silence_trimmed\p278\p278_118_mic1.flac,p274,0,1,0.9965324401855469,0.9916411638259888,0.9965324401855469,-0.0048912763595581055,5.14525
base,1,p278_118_mic1,p278,data\VCTK\wav48_silence_trimmed\p278\p278_118_mic1.flac,p255,0,1,0.9908062815666199,0.9765204787254333,0.9908062815666199,-0.014285802841186523,5.14525
base,2,p278_118_mic1,p278,data\VCTK\wav48_silence_trimmed\p278\p278_118_mic1.flac,p274,0,1,0.9946262240409851,0.9863032698631287,0.9946262240409851,-0.008322954177856445,5.14525
base,3,p278_118_mic1,p278,data\VCTK\wav48_silence_trimmed\p278\p278_118_mic1.flac,p274,0,1,0.9961961507797241,0.9904481172561646,0.9961961507797241,-0.00574803352355957,5.14525
lca,1,p278_118_mic1,p278,data\VCTK\wav48_silence_trimmed\p278\p278_118_mic1.flac,p255,0,1,0.9897297620773315,0.9740121364593506,0.9897297620773315,-0.015717625617980957,5.14525
lca,2,p278_118_mic1,p278,data\VCTK\wav48_silence_trimmed\p278\p278_118_mic1.flac,p274,0,1,0.995238721370697,0.9886024594306946,0.995238721370697,-0.006636261940002441,5.14525
lca,3,p278_118_mic1,p278,data\VCTK\wav48_silence_trimmed\p278\p278_118_mic1.flac,p274,0,1,0.9964788556098938,0.9894176721572876,0.9964788556098938,-0.007061183452606201,5.14525
original,0,p278_124_mic1,p278,data\VCTK\wav48_silence_trimmed\p278\p278_124_mic1.flac,p345,0,1,0.9981629252433777,0.9981563091278076,0.9981629252433777,-6.616115570068359e-06,2.716625
base,1,p278_124_mic1,p278,data\VCTK\wav48_silence_trimmed\p278\p278_124_mic1.flac,p239,0,1,0.9943150877952576,0.991978108882904,0.9943150877952576,-0.0023369789123535156,2.716625
base,2,p278_124_mic1,p278,data\VCTK\wav48_silence_trimmed\p278\p278_124_mic1.flac,p345,0,1,0.9980759620666504,0.9979156255722046,0.9980759620666504,-0.00016033649444580078,2.716625
base,3,p278_124_mic1,p278,data\VCTK\wav48_silence_trimmed\p278\p278_124_mic1.flac,p278,1,1,0.9986725449562073,0.9986725449562073,0.9977915287017822,0.0008810162544250488,2.716625
lca,1,p278_124_mic1,p278,data\VCTK\wav48_silence_trimmed\p278\p278_124_mic1.flac,p345,0,1,0.993706464767456,0.9919950366020203,0.993706464767456,-0.001711428165435791,2.716625
lca,2,p278_124_mic1,p278,data\VCTK\wav48_silence_trimmed\p278\p278_124_mic1.flac,p345,0,1,0.9978300929069519,0.9965041875839233,0.9978300929069519,-0.0013259053230285645,2.716625
lca,3,p278_124_mic1,p278,data\VCTK\wav48_silence_trimmed\p278\p278_124_mic1.flac,p345,0,1,0.9983315467834473,0.9974633455276489,0.9983315467834473,-0.0008682012557983398,2.716625
original,0,p278_139_mic1,p278,data\VCTK\wav48_silence_trimmed\p278\p278_139_mic1.flac,p345,0,1,0.9975710511207581,0.9959606528282166,0.9975710511207581,-0.001610398292541504,3.1341875
base,1,p278_139_mic1,p278,data\VCTK\wav48_silence_trimmed\p278\p278_139_mic1.flac,p252,0,1,0.9924525618553162,0.9897167086601257,0.9924525618553162,-0.0027358531951904297,3.1341875
base,2,p278_139_mic1,p278,data\VCTK\wav48_silence_trimmed\p278\p278_139_mic1.flac,p345,0,1,0.9980513453483582,0.9953275918960571,0.9980513453483582,-0.0027237534523010254,3.1341875
base,3,p278_139_mic1,p278,data\VCTK\wav48_silence_trimmed\p278\p278_139_mic1.flac,p345,0,1,0.9984610080718994,0.9957762360572815,0.9984610080718994,-0.00268477201461792,3.1341875
lca,1,p278_139_mic1,p278,data\VCTK\wav48_silence_trimmed\p278\p278_139_mic1.flac,p252,0,1,0.9920693039894104,0.9873760342597961,0.9920693039894104,-0.004693269729614258,3.1341875
lca,2,p278_139_mic1,p278,data\VCTK\wav48_silence_trimmed\p278\p278_139_mic1.flac,p252,0,1,0.9959295988082886,0.9914866089820862,0.9959295988082886,-0.004442989826202393,3.1341875
lca,3,p278_139_mic1,p278,data\VCTK\wav48_silence_trimmed\p278\p278_139_mic1.flac,p252,0,1,0.9976630210876465,0.9932904243469238,0.9976630210876465,-0.004372596740722656,3.1341875
original,0,p278_224_mic1,p278,data\VCTK\wav48_silence_trimmed\p278\p278_224_mic1.flac,p345,0,1,0.9976292848587036,0.9969316124916077,0.9976292848587036,-0.0006976723670959473,2.6793125
base,1,p278_224_mic1,p278,data\VCTK\wav48_silence_trimmed\p278\p278_224_mic1.flac,p239,0,1,0.9930943846702576,0.989026665687561,0.9930943846702576,-0.004067718982696533,2.6793125
base,2,p278_224_mic1,p278,data\VCTK\wav48_silence_trimmed\p278\p278_224_mic1.flac,p256,0,1,0.9975554347038269,0.9952213764190674,0.9975554347038269,-0.0023340582847595215,2.6793125
base,3,p278_224_mic1,p278,data\VCTK\wav48_silence_trimmed\p278\p278_224_mic1.flac,p256,0,1,0.998167097568512,0.9960345029830933,0.998167097568512,-0.002132594585418701,2.6793125
lca,1,p278_224_mic1,p278,data\VCTK\wav48_silence_trimmed\p278\p278_224_mic1.flac,p252,0,1,0.9937472343444824,0.9913951754570007,0.9937472343444824,-0.0023520588874816895,2.6793125
lca,2,p278_224_mic1,p278,data\VCTK\wav48_silence_trimmed\p278\p278_224_mic1.flac,p256,0,1,0.9976285696029663,0.9951823949813843,0.9976285696029663,-0.0024461746215820312,2.6793125
lca,3,p278_224_mic1,p278,data\VCTK\wav48_silence_trimmed\p278\p278_224_mic1.flac,p256,0,1,0.9980566501617432,0.9953402280807495,0.9980566501617432,-0.0027164220809936523,2.6793125
original,0,p278_298_mic2,p278,data\VCTK\wav48_silence_trimmed\p278\p278_298_mic2.flac,p298,0,1,0.9985244870185852,0.9828648567199707,0.9985244870185852,-0.015659630298614502,4.626
base,1,p278_298_mic2,p278,data\VCTK\wav48_silence_trimmed\p278\p278_298_mic2.flac,p303,0,1,0.994140088558197,0.987548291683197,0.994140088558197,-0.006591796875,4.626
base,2,p278_298_mic2,p278,data\VCTK\wav48_silence_trimmed\p278\p278_298_mic2.flac,p298,0,1,0.9981784820556641,0.9872324466705322,0.9981784820556641,-0.010946035385131836,4.626
base,3,p278_298_mic2,p278,data\VCTK\wav48_silence_trimmed\p278\p278_298_mic2.flac,p298,0,1,0.9987716674804688,0.9871907830238342,0.9987716674804688,-0.011580884456634521,4.626
lca,1,p278_298_mic2,p278,data\VCTK\wav48_silence_trimmed\p278\p278_298_mic2.flac,p298,0,1,0.995926558971405,0.9813850522041321,0.995926558971405,-0.01454150676727295,4.626
lca,2,p278_298_mic2,p278,data\VCTK\wav48_silence_trimmed\p278\p278_298_mic2.flac,p298,0,1,0.9969808459281921,0.9803482294082642,0.9969808459281921,-0.01663261651992798,4.626
lca,3,p278_298_mic2,p278,data\VCTK\wav48_silence_trimmed\p278\p278_298_mic2.flac,p298,0,1,0.9981935620307922,0.9858997464179993,0.9981935620307922,-0.012293815612792969,4.626
original,0,p279_053_mic2,p279,data\VCTK\wav48_silence_trimmed\p279\p279_053_mic2.flac,p303,0,1,0.9967224597930908,0.9883072376251221,0.9967224597930908,-0.00841522216796875,1.622625
base,1,p279_053_mic2,p279,data\VCTK\wav48_silence_trimmed\p279\p279_053_mic2.flac,p303,0,1,0.9944511651992798,0.9874368906021118,0.9944511651992798,-0.007014274597167969,1.622625
base,2,p279_053_mic2,p279,data\VCTK\wav48_silence_trimmed\p279\p279_053_mic2.flac,p303,0,1,0.9963212013244629,0.9875653386116028,0.9963212013244629,-0.008755862712860107,1.622625
base,3,p279_053_mic2,p279,data\VCTK\wav48_silence_trimmed\p279\p279_053_mic2.flac,p298,0,1,0.9969536066055298,0.986627459526062,0.9969536066055298,-0.010326147079467773,1.622625
lca,1,p279_053_mic2,p279,data\VCTK\wav48_silence_trimmed\p279\p279_053_mic2.flac,p303,0,1,0.9942876696586609,0.988021969795227,0.9942876696586609,-0.006265699863433838,1.622625
lca,2,p279_053_mic2,p279,data\VCTK\wav48_silence_trimmed\p279\p279_053_mic2.flac,p303,0,1,0.9939078092575073,0.9899057745933533,0.9939078092575073,-0.004002034664154053,1.622625
lca,3,p279_053_mic2,p279,data\VCTK\wav48_silence_trimmed\p279\p279_053_mic2.flac,p252,0,1,0.9944953322410583,0.9907188415527344,0.9944953322410583,-0.0037764906883239746,1.622625
original,0,p279_190_mic2,p279,data\VCTK\wav48_silence_trimmed\p279\p279_190_mic2.flac,p292,0,1,0.9967719316482544,0.9908963441848755,0.9967719316482544,-0.005875587463378906,3.4580625
base,1,p279_190_mic2,p279,data\VCTK\wav48_silence_trimmed\p279\p279_190_mic2.flac,p292,0,1,0.9949043989181519,0.9897860884666443,0.9949043989181519,-0.005118310451507568,3.4580625
base,2,p279_190_mic2,p279,data\VCTK\wav48_silence_trimmed\p279\p279_190_mic2.flac,p292,0,1,0.9979062080383301,0.9925934672355652,0.9979062080383301,-0.005312740802764893,3.4580625
base,3,p279_190_mic2,p279,data\VCTK\wav48_silence_trimmed\p279\p279_190_mic2.flac,p334,0,1,0.9965274930000305,0.9897619485855103,0.9965274930000305,-0.006765544414520264,3.4580625
lca,1,p279_190_mic2,p279,data\VCTK\wav48_silence_trimmed\p279\p279_190_mic2.flac,p255,0,1,0.9920679926872253,0.9856774806976318,0.9920679926872253,-0.006390511989593506,3.4580625
lca,2,p279_190_mic2,p279,data\VCTK\wav48_silence_trimmed\p279\p279_190_mic2.flac,p334,0,1,0.9964611530303955,0.9896258115768433,0.9964611530303955,-0.006835341453552246,3.4580625
lca,3,p279_190_mic2,p279,data\VCTK\wav48_silence_trimmed\p279\p279_190_mic2.flac,p347,0,1,0.9971715807914734,0.9907872676849365,0.9971715807914734,-0.006384313106536865,3.4580625
original,0,p279_207_mic1,p279,data\VCTK\wav48_silence_trimmed\p279\p279_207_mic1.flac,p274,0,1,0.9958118796348572,0.9892303347587585,0.9958118796348572,-0.006581544876098633,4.2893125
base,1,p279_207_mic1,p279,data\VCTK\wav48_silence_trimmed\p279\p279_207_mic1.flac,p255,0,1,0.9938306212425232,0.9889817237854004,0.9938306212425232,-0.004848897457122803,4.2893125
base,2,p279_207_mic1,p279,data\VCTK\wav48_silence_trimmed\p279\p279_207_mic1.flac,p243,0,1,0.9967396855354309,0.9926006197929382,0.9967396855354309,-0.004139065742492676,4.2893125
base,3,p279_207_mic1,p279,data\VCTK\wav48_silence_trimmed\p279\p279_207_mic1.flac,p334,0,1,0.9969607591629028,0.9929899573326111,0.9969607591629028,-0.003970801830291748,4.2893125
lca,1,p279_207_mic1,p279,data\VCTK\wav48_silence_trimmed\p279\p279_207_mic1.flac,p255,0,1,0.9931291341781616,0.9861751794815063,0.9931291341781616,-0.0069539546966552734,4.2893125
lca,2,p279_207_mic1,p279,data\VCTK\wav48_silence_trimmed\p279\p279_207_mic1.flac,p255,0,1,0.9959613680839539,0.9893442392349243,0.9959613680839539,-0.006617128849029541,4.2893125
lca,3,p279_207_mic1,p279,data\VCTK\wav48_silence_trimmed\p279\p279_207_mic1.flac,p285,0,1,0.9963296055793762,0.9897214770317078,0.9963296055793762,-0.006608128547668457,4.2893125
original,0,p279_284_mic2,p279,data\VCTK\wav48_silence_trimmed\p279\p279_284_mic2.flac,p302,0,1,0.9980388879776001,0.9953562021255493,0.9980388879776001,-0.0026826858520507812,2.909375
base,1,p279_284_mic2,p279,data\VCTK\wav48_silence_trimmed\p279\p279_284_mic2.flac,p303,0,1,0.9944767951965332,0.990160346031189,0.9944767951965332,-0.004316449165344238,2.909375
base,2,p279_284_mic2,p279,data\VCTK\wav48_silence_trimmed\p279\p279_284_mic2.flac,p345,0,1,0.9976258873939514,0.9946775436401367,0.9976258873939514,-0.0029483437538146973,2.909375
base,3,p279_284_mic2,p279,data\VCTK\wav48_silence_trimmed\p279\p279_284_mic2.flac,p256,0,1,0.9973911046981812,0.9939874410629272,0.9973911046981812,-0.0034036636352539062,2.909375
lca,1,p279_284_mic2,p279,data\VCTK\wav48_silence_trimmed\p279\p279_284_mic2.flac,p302,0,1,0.9947500228881836,0.9910408854484558,0.9947500228881836,-0.003709137439727783,2.909375
lca,2,p279_284_mic2,p279,data\VCTK\wav48_silence_trimmed\p279\p279_284_mic2.flac,p302,0,1,0.997602105140686,0.9945639967918396,0.997602105140686,-0.0030381083488464355,2.909375
lca,3,p279_284_mic2,p279,data\VCTK\wav48_silence_trimmed\p279\p279_284_mic2.flac,p256,0,1,0.9983330368995667,0.9952076077461243,0.9983330368995667,-0.003125429153442383,2.909375
original,0,p279_339_mic2,p279,data\VCTK\wav48_silence_trimmed\p279\p279_339_mic2.flac,p298,0,1,0.9986678957939148,0.9865450263023376,0.9986678957939148,-0.012122869491577148,2.5349375
base,1,p279_339_mic2,p279,data\VCTK\wav48_silence_trimmed\p279\p279_339_mic2.flac,p303,0,1,0.9958121180534363,0.983159601688385,0.9958121180534363,-0.01265251636505127,2.5349375
base,2,p279_339_mic2,p279,data\VCTK\wav48_silence_trimmed\p279\p279_339_mic2.flac,p298,0,1,0.9986315965652466,0.981483519077301,0.9986315965652466,-0.017148077487945557,2.5349375
base,3,p279_339_mic2,p279,data\VCTK\wav48_silence_trimmed\p279\p279_339_mic2.flac,p298,0,1,0.999076247215271,0.9812675714492798,0.999076247215271,-0.01780867576599121,2.5349375
lca,1,p279_339_mic2,p279,data\VCTK\wav48_silence_trimmed\p279\p279_339_mic2.flac,p298,0,1,0.9967993497848511,0.9838699698448181,0.9967993497848511,-0.012929379940032959,2.5349375
lca,2,p279_339_mic2,p279,data\VCTK\wav48_silence_trimmed\p279\p279_339_mic2.flac,p298,0,1,0.9981002807617188,0.9886791706085205,0.9981002807617188,-0.009421110153198242,2.5349375
lca,3,p279_339_mic2,p279,data\VCTK\wav48_silence_trimmed\p279\p279_339_mic2.flac,p298,0,1,0.9988207817077637,0.9872918725013733,0.9988207817077637,-0.01152890920639038,2.5349375
original,0,p280_009_mic1,p280,data\VCTK\wav48_silence_trimmed\p280\p280_009_mic1.flac,p280,1,1,0.9971715211868286,0.9971715211868286,0.9970646500587463,0.00010687112808227539,5.182
base,1,p280_009_mic1,p280,data\VCTK\wav48_silence_trimmed\p280\p280_009_mic1.flac,p312,0,1,0.9906233549118042,0.9838661551475525,0.9906233549118042,-0.006757199764251709,5.182
base,2,p280_009_mic1,p280,data\VCTK\wav48_silence_trimmed\p280\p280_009_mic1.flac,p312,0,1,0.9958922863006592,0.9936450123786926,0.9958922863006592,-0.0022472739219665527,5.182
base,3,p280_009_mic1,p280,data\VCTK\wav48_silence_trimmed\p280\p280_009_mic1.flac,p280,1,1,0.9966788291931152,0.9966788291931152,0.9965928196907043,8.600950241088867e-05,5.182
lca,1,p280_009_mic1,p280,data\VCTK\wav48_silence_trimmed\p280\p280_009_mic1.flac,p312,0,1,0.9934035539627075,0.9874887466430664,0.9934035539627075,-0.005914807319641113,5.182
lca,2,p280_009_mic1,p280,data\VCTK\wav48_silence_trimmed\p280\p280_009_mic1.flac,p312,0,1,0.9962701201438904,0.9944045543670654,0.9962701201438904,-0.0018655657768249512,5.182
lca,3,p280_009_mic1,p280,data\VCTK\wav48_silence_trimmed\p280\p280_009_mic1.flac,p312,0,1,0.9960600137710571,0.9939032793045044,0.9960600137710571,-0.0021567344665527344,5.182
original,0,p280_220_mic1,p280,data\VCTK\wav48_silence_trimmed\p280\p280_220_mic1.flac,p228,0,1,0.9974395036697388,0.9955810904502869,0.9974395036697388,-0.0018584132194519043,3.56375
base,1,p280_220_mic1,p280,data\VCTK\wav48_silence_trimmed\p280\p280_220_mic1.flac,p239,0,1,0.9949305057525635,0.9911848306655884,0.9949305057525635,-0.0037456750869750977,3.56375
base,2,p280_220_mic1,p280,data\VCTK\wav48_silence_trimmed\p280\p280_220_mic1.flac,p228,0,1,0.9970412850379944,0.9957513809204102,0.9970412850379944,-0.0012899041175842285,3.56375
base,3,p280_220_mic1,p280,data\VCTK\wav48_silence_trimmed\p280\p280_220_mic1.flac,p228,0,1,0.9978654980659485,0.9957179427146912,0.9978654980659485,-0.0021475553512573242,3.56375
lca,1,p280_220_mic1,p280,data\VCTK\wav48_silence_trimmed\p280\p280_220_mic1.flac,p303,0,1,0.9943373799324036,0.9904187917709351,0.9943373799324036,-0.003918588161468506,3.56375
lca,2,p280_220_mic1,p280,data\VCTK\wav48_silence_trimmed\p280\p280_220_mic1.flac,p262,0,1,0.9970447421073914,0.99481201171875,0.9970447421073914,-0.0022327303886413574,3.56375
lca,3,p280_220_mic1,p280,data\VCTK\wav48_silence_trimmed\p280\p280_220_mic1.flac,p262,0,1,0.9976103901863098,0.9955782890319824,0.9976103901863098,-0.0020321011543273926,3.56375
original,0,p280_271_mic1,p280,data\VCTK\wav48_silence_trimmed\p280\p280_271_mic1.flac,p238,0,1,0.9970484972000122,0.9932249188423157,0.9970484972000122,-0.003823578357696533,3.1866875
base,1,p280_271_mic1,p280,data\VCTK\wav48_silence_trimmed\p280\p280_271_mic1.flac,p239,0,1,0.9933129549026489,0.9866187572479248,0.9933129549026489,-0.006694197654724121,3.1866875
base,2,p280_271_mic1,p280,data\VCTK\wav48_silence_trimmed\p280\p280_271_mic1.flac,p297,0,1,0.9981558322906494,0.9957476854324341,0.9981558322906494,-0.002408146858215332,3.1866875
base,3,p280_271_mic1,p280,data\VCTK\wav48_silence_trimmed\p280\p280_271_mic1.flac,p314,0,1,0.9985541105270386,0.9969186782836914,0.9985541105270386,-0.001635432243347168,3.1866875
lca,1,p280_271_mic1,p280,data\VCTK\wav48_silence_trimmed\p280\p280_271_mic1.flac,p239,0,1,0.9941568374633789,0.9876351952552795,0.9941568374633789,-0.006521642208099365,3.1866875
lca,2,p280_271_mic1,p280,data\VCTK\wav48_silence_trimmed\p280\p280_271_mic1.flac,p297,0,1,0.9975797533988953,0.9951974153518677,0.9975797533988953,-0.002382338047027588,3.1866875
lca,3,p280_271_mic1,p280,data\VCTK\wav48_silence_trimmed\p280\p280_271_mic1.flac,p299,0,1,0.9978964924812317,0.9965718388557434,0.9978964924812317,-0.0013246536254882812,3.1866875
original,0,p280_326_mic1,p280,data\VCTK\wav48_silence_trimmed\p280\p280_326_mic1.flac,p280,1,1,0.9983938932418823,0.9983938932418823,0.9972463846206665,0.0011475086212158203,4.023875
base,1,p280_326_mic1,p280,data\VCTK\wav48_silence_trimmed\p280\p280_326_mic1.flac,p239,0,1,0.9936361312866211,0.9875919222831726,0.9936361312866211,-0.006044209003448486,4.023875
base,2,p280_326_mic1,p280,data\VCTK\wav48_silence_trimmed\p280\p280_326_mic1.flac,p262,0,1,0.9978626370429993,0.9974126219749451,0.9978626370429993,-0.0004500150680541992,4.023875
base,3,p280_326_mic1,p280,data\VCTK\wav48_silence_trimmed\p280\p280_326_mic1.flac,p262,0,1,0.9981098175048828,0.9977779984474182,0.9981098175048828,-0.0003318190574645996,4.023875
lca,1,p280_326_mic1,p280,data\VCTK\wav48_silence_trimmed\p280\p280_326_mic1.flac,p239,0,1,0.9946733117103577,0.9899476170539856,0.9946733117103577,-0.00472569465637207,4.023875
lca,2,p280_326_mic1,p280,data\VCTK\wav48_silence_trimmed\p280\p280_326_mic1.flac,p262,0,1,0.9978833794593811,0.9972388744354248,0.9978833794593811,-0.0006445050239562988,4.023875
lca,3,p280_326_mic1,p280,data\VCTK\wav48_silence_trimmed\p280\p280_326_mic1.flac,p280,1,1,0.9978072643280029,0.9978072643280029,0.9976867437362671,0.00012052059173583984,4.023875
original,0,p280_402_mic1,p280,data\VCTK\wav48_silence_trimmed\p280\p280_402_mic1.flac,p280,1,1,0.9981523156166077,0.9981523156166077,0.9972390532493591,0.0009132623672485352,4.4428125
base,1,p280_402_mic1,p280,data\VCTK\wav48_silence_trimmed\p280\p280_402_mic1.flac,p239,0,1,0.9938740730285645,0.9891631007194519,0.9938740730285645,-0.004710972309112549,4.4428125
base,2,p280_402_mic1,p280,data\VCTK\wav48_silence_trimmed\p280\p280_402_mic1.flac,p280,1,1,0.9974963665008545,0.9974963665008545,0.9968804121017456,0.0006159543991088867,4.4428125
base,3,p280_402_mic1,p280,data\VCTK\wav48_silence_trimmed\p280\p280_402_mic1.flac,p280,1,1,0.9978565573692322,0.9978565573692322,0.9974963665008545,0.00036019086837768555,4.4428125
lca,1,p280_402_mic1,p280,data\VCTK\wav48_silence_trimmed\p280\p280_402_mic1.flac,p239,0,1,0.9947848916053772,0.9913086891174316,0.9947848916053772,-0.0034762024879455566,4.4428125
lca,2,p280_402_mic1,p280,data\VCTK\wav48_silence_trimmed\p280\p280_402_mic1.flac,p259,0,1,0.9969508051872253,0.9957044720649719,0.9969508051872253,-0.001246333122253418,4.4428125
lca,3,p280_402_mic1,p280,data\VCTK\wav48_silence_trimmed\p280\p280_402_mic1.flac,p259,0,1,0.9966235160827637,0.9959218502044678,0.9966235160827637,-0.0007016658782958984,4.4428125
original,0,p281_177_mic1,p281,data\VCTK\wav48_silence_trimmed\p281\p281_177_mic1.flac,p270,0,1,0.9930628538131714,0.9915184378623962,0.9930628538131714,-0.0015444159507751465,3.2133125
base,1,p281_177_mic1,p281,data\VCTK\wav48_silence_trimmed\p281\p281_177_mic1.flac,p341,0,1,0.9916770458221436,0.9819838404655457,0.9916770458221436,-0.0096932053565979,3.2133125
base,2,p281_177_mic1,p281,data\VCTK\wav48_silence_trimmed\p281\p281_177_mic1.flac,p326,0,1,0.9938169121742249,0.9886483550071716,0.9938169121742249,-0.005168557167053223,3.2133125
base,3,p281_177_mic1,p281,data\VCTK\wav48_silence_trimmed\p281\p281_177_mic1.flac,p270,0,1,0.9936063289642334,0.9890497326850891,0.9936063289642334,-0.004556596279144287,3.2133125
lca,1,p281_177_mic1,p281,data\VCTK\wav48_silence_trimmed\p281\p281_177_mic1.flac,p334,0,1,0.9932387471199036,0.9850437641143799,0.9932387471199036,-0.008194983005523682,3.2133125
lca,2,p281_177_mic1,p281,data\VCTK\wav48_silence_trimmed\p281\p281_177_mic1.flac,p326,0,1,0.9946340322494507,0.990202784538269,0.9946340322494507,-0.004431247711181641,3.2133125
lca,3,p281_177_mic1,p281,data\VCTK\wav48_silence_trimmed\p281\p281_177_mic1.flac,p326,0,1,0.9957686066627502,0.9935318231582642,0.9957686066627502,-0.002236783504486084,3.2133125
original,0,p281_201_mic1,p281,data\VCTK\wav48_silence_trimmed\p281\p281_201_mic1.flac,p281,1,1,0.9963485598564148,0.9963485598564148,0.9957391619682312,0.0006093978881835938,5.3804375
base,1,p281_201_mic1,p281,data\VCTK\wav48_silence_trimmed\p281\p281_201_mic1.flac,p292,0,1,0.9955408573150635,0.984383761882782,0.9955408573150635,-0.011157095432281494,5.3804375
base,2,p281_201_mic1,p281,data\VCTK\wav48_silence_trimmed\p281\p281_201_mic1.flac,p347,0,1,0.9961766600608826,0.9931952953338623,0.9961766600608826,-0.0029813647270202637,5.3804375
base,3,p281_201_mic1,p281,data\VCTK\wav48_silence_trimmed\p281\p281_201_mic1.flac,p347,0,1,0.996597945690155,0.9953504800796509,0.996597945690155,-0.0012474656105041504,5.3804375
lca,1,p281_201_mic1,p281,data\VCTK\wav48_silence_trimmed\p281\p281_201_mic1.flac,p278,0,1,0.9948570132255554,0.983547568321228,0.9948570132255554,-0.011309444904327393,5.3804375
lca,2,p281_201_mic1,p281,data\VCTK\wav48_silence_trimmed\p281\p281_201_mic1.flac,p347,0,1,0.9963478446006775,0.9937047362327576,0.9963478446006775,-0.002643108367919922,5.3804375
lca,3,p281_201_mic1,p281,data\VCTK\wav48_silence_trimmed\p281\p281_201_mic1.flac,p347,0,1,0.9944329261779785,0.9916073679924011,0.9944329261779785,-0.0028255581855773926,5.3804375
original,0,p281_315_mic2,p281,data\VCTK\wav48_silence_trimmed\p281\p281_315_mic2.flac,p281,1,1,0.9977791905403137,0.9977791905403137,0.9964881539344788,0.001291036605834961,2.808375
base,1,p281_315_mic2,p281,data\VCTK\wav48_silence_trimmed\p281\p281_315_mic2.flac,p278,0,1,0.9968805313110352,0.9910815358161926,0.9968805313110352,-0.005798995494842529,2.808375
base,2,p281_315_mic2,p281,data\VCTK\wav48_silence_trimmed\p281\p281_315_mic2.flac,p281,1,1,0.9969193935394287,0.9969193935394287,0.996773898601532,0.00014549493789672852,2.808375
base,3,p281_315_mic2,p281,data\VCTK\wav48_silence_trimmed\p281\p281_315_mic2.flac,p281,1,1,0.9965532422065735,0.9965532422065735,0.995929479598999,0.0006237626075744629,2.808375
lca,1,p281_315_mic2,p281,data\VCTK\wav48_silence_trimmed\p281\p281_315_mic2.flac,p278,0,1,0.9974172115325928,0.9883642792701721,0.9974172115325928,-0.009052932262420654,2.808375
lca,2,p281_315_mic2,p281,data\VCTK\wav48_silence_trimmed\p281\p281_315_mic2.flac,p278,0,1,0.9967266321182251,0.9949408173561096,0.9967266321182251,-0.0017858147621154785,2.808375
lca,3,p281_315_mic2,p281,data\VCTK\wav48_silence_trimmed\p281\p281_315_mic2.flac,p281,1,1,0.9968547224998474,0.9968547224998474,0.9961870908737183,0.0006676316261291504,2.808375
original,0,p281_331_mic1,p281,data\VCTK\wav48_silence_trimmed\p281\p281_331_mic1.flac,p272,0,1,0.9897261261940002,0.985334038734436,0.9897261261940002,-0.004392087459564209,4.461875
base,1,p281_331_mic1,p281,data\VCTK\wav48_silence_trimmed\p281\p281_331_mic1.flac,p333,0,1,0.9818670153617859,0.9556079506874084,0.9818670153617859,-0.02625906467437744,4.461875
base,2,p281_331_mic1,p281,data\VCTK\wav48_silence_trimmed\p281\p281_331_mic1.flac,p272,0,1,0.9928246736526489,0.9859064817428589,0.9928246736526489,-0.006918191909790039,4.461875
base,3,p281_331_mic1,p281,data\VCTK\wav48_silence_trimmed\p281\p281_331_mic1.flac,p326,0,1,0.9908391833305359,0.98517906665802,0.9908391833305359,-0.005660116672515869,4.461875
lca,1,p281_331_mic1,p281,data\VCTK\wav48_silence_trimmed\p281\p281_331_mic1.flac,p274,0,1,0.9953062534332275,0.9854296445846558,0.9953062534332275,-0.009876608848571777,4.461875
lca,2,p281_331_mic1,p281,data\VCTK\wav48_silence_trimmed\p281\p281_331_mic1.flac,p326,0,1,0.9944954514503479,0.9905661344528198,0.9944954514503479,-0.003929316997528076,4.461875
lca,3,p281_331_mic1,p281,data\VCTK\wav48_silence_trimmed\p281\p281_331_mic1.flac,p326,0,1,0.9910240769386292,0.9865385890007019,0.9910240769386292,-0.004485487937927246,4.461875
original,0,p281_384_mic2,p281,data\VCTK\wav48_silence_trimmed\p281\p281_384_mic2.flac,p281,1,1,0.9975607991218567,0.9975607991218567,0.9960753321647644,0.0014854669570922852,3.4435625
base,1,p281_384_mic2,p281,data\VCTK\wav48_silence_trimmed\p281\p281_384_mic2.flac,p243,0,1,0.9944514036178589,0.9842674732208252,0.9944514036178589,-0.010183930397033691,3.4435625
base,2,p281_384_mic2,p281,data\VCTK\wav48_silence_trimmed\p281\p281_384_mic2.flac,p326,0,1,0.9961366057395935,0.9918448328971863,0.9961366057395935,-0.0042917728424072266,3.4435625
base,3,p281_384_mic2,p281,data\VCTK\wav48_silence_trimmed\p281\p281_384_mic2.flac,p270,0,1,0.9967040419578552,0.9940345883369446,0.9967040419578552,-0.0026694536209106445,3.4435625
lca,1,p281_384_mic2,p281,data\VCTK\wav48_silence_trimmed\p281\p281_384_mic2.flac,p334,0,1,0.9945794939994812,0.9883026480674744,0.9945794939994812,-0.006276845932006836,3.4435625
lca,2,p281_384_mic2,p281,data\VCTK\wav48_silence_trimmed\p281\p281_384_mic2.flac,p347,0,1,0.9954898357391357,0.9927659034729004,0.9954898357391357,-0.0027239322662353516,3.4435625
lca,3,p281_384_mic2,p281,data\VCTK\wav48_silence_trimmed\p281\p281_384_mic2.flac,p326,0,1,0.9967070817947388,0.9950973987579346,0.9967070817947388,-0.0016096830368041992,3.4435625
original,0,p282_006_mic2,p282,data\VCTK\wav48_silence_trimmed\p282\p282_006_mic2.flac,p282,1,1,0.9925379157066345,0.9925379157066345,0.9874271750450134,0.005110740661621094,4.90025
base,1,p282_006_mic2,p282,data\VCTK\wav48_silence_trimmed\p282\p282_006_mic2.flac,p282,1,1,0.9891276955604553,0.9891276955604553,0.988805890083313,0.000321805477142334,4.90025
base,2,p282_006_mic2,p282,data\VCTK\wav48_silence_trimmed\p282\p282_006_mic2.flac,p282,1,1,0.9931943416595459,0.9931943416595459,0.9907709360122681,0.002423405647277832,4.90025
base,3,p282_006_mic2,p282,data\VCTK\wav48_silence_trimmed\p282\p282_006_mic2.flac,p282,1,1,0.9917287826538086,0.9917287826538086,0.9892544746398926,0.0024743080139160156,4.90025
lca,1,p282_006_mic2,p282,data\VCTK\wav48_silence_trimmed\p282\p282_006_mic2.flac,p282,1,1,0.9900090098381042,0.9900090098381042,0.9863265752792358,0.003682434558868408,4.90025
lca,2,p282_006_mic2,p282,data\VCTK\wav48_silence_trimmed\p282\p282_006_mic2.flac,p282,1,1,0.9914992451667786,0.9914992451667786,0.9868356585502625,0.004663586616516113,4.90025
lca,3,p282_006_mic2,p282,data\VCTK\wav48_silence_trimmed\p282\p282_006_mic2.flac,p282,1,1,0.9924301505088806,0.9924301505088806,0.988139271736145,0.004290878772735596,4.90025
original,0,p282_198_mic2,p282,data\VCTK\wav48_silence_trimmed\p282\p282_198_mic2.flac,p303,0,1,0.9966509342193604,0.9677494168281555,0.9966509342193604,-0.028901517391204834,2.2204375
base,1,p282_198_mic2,p282,data\VCTK\wav48_silence_trimmed\p282\p282_198_mic2.flac,p303,0,1,0.9953638315200806,0.957185685634613,0.9953638315200806,-0.03817814588546753,2.2204375
base,2,p282_198_mic2,p282,data\VCTK\wav48_silence_trimmed\p282\p282_198_mic2.flac,p303,0,1,0.9978350400924683,0.967724084854126,0.9978350400924683,-0.030110955238342285,2.2204375
base,3,p282_198_mic2,p282,data\VCTK\wav48_silence_trimmed\p282\p282_198_mic2.flac,p303,0,1,0.9970846772193909,0.9677422642707825,0.9970846772193909,-0.0293424129486084,2.2204375
lca,1,p282_198_mic2,p282,data\VCTK\wav48_silence_trimmed\p282\p282_198_mic2.flac,p303,0,1,0.9977296590805054,0.9646745324134827,0.9977296590805054,-0.033055126667022705,2.2204375
lca,2,p282_198_mic2,p282,data\VCTK\wav48_silence_trimmed\p282\p282_198_mic2.flac,p303,0,1,0.997951090335846,0.9696294665336609,0.997951090335846,-0.02832162380218506,2.2204375
lca,3,p282_198_mic2,p282,data\VCTK\wav48_silence_trimmed\p282\p282_198_mic2.flac,p303,0,1,0.9971491098403931,0.9697705507278442,0.9971491098403931,-0.027378559112548828,2.2204375
original,0,p282_279_mic1,p282,data\VCTK\wav48_silence_trimmed\p282\p282_279_mic1.flac,p294,0,1,0.997300386428833,0.9942531585693359,0.997300386428833,-0.0030472278594970703,4.1249375
base,1,p282_279_mic1,p282,data\VCTK\wav48_silence_trimmed\p282\p282_279_mic1.flac,p297,0,1,0.9942691922187805,0.9786267876625061,0.9942691922187805,-0.015642404556274414,4.1249375
base,2,p282_279_mic1,p282,data\VCTK\wav48_silence_trimmed\p282\p282_279_mic1.flac,p297,0,1,0.9972965717315674,0.9922890663146973,0.9972965717315674,-0.005007505416870117,4.1249375
base,3,p282_279_mic1,p282,data\VCTK\wav48_silence_trimmed\p282\p282_279_mic1.flac,p343,0,1,0.9974137544631958,0.9941900372505188,0.9974137544631958,-0.003223717212677002,4.1249375
lca,1,p282_279_mic1,p282,data\VCTK\wav48_silence_trimmed\p282\p282_279_mic1.flac,p297,0,1,0.9948683381080627,0.9809814691543579,0.9948683381080627,-0.013886868953704834,4.1249375
lca,2,p282_279_mic1,p282,data\VCTK\wav48_silence_trimmed\p282\p282_279_mic1.flac,p297,0,1,0.9977121353149414,0.9905885457992554,0.9977121353149414,-0.007123589515686035,4.1249375
lca,3,p282_279_mic1,p282,data\VCTK\wav48_silence_trimmed\p282\p282_279_mic1.flac,p343,0,1,0.9973744750022888,0.9936857223510742,0.9973744750022888,-0.0036887526512145996,4.1249375
original,0,p282_330_mic1,p282,data\VCTK\wav48_silence_trimmed\p282\p282_330_mic1.flac,p298,0,1,0.9965023398399353,0.9504676461219788,0.9965023398399353,-0.04603469371795654,4.05025
base,1,p282_330_mic1,p282,data\VCTK\wav48_silence_trimmed\p282\p282_330_mic1.flac,p303,0,1,0.9945369362831116,0.9533907175064087,0.9945369362831116,-0.04114621877670288,4.05025
base,2,p282_330_mic1,p282,data\VCTK\wav48_silence_trimmed\p282\p282_330_mic1.flac,p298,0,1,0.9974225759506226,0.9600957632064819,0.9974225759506226,-0.037326812744140625,4.05025
base,3,p282_330_mic1,p282,data\VCTK\wav48_silence_trimmed\p282\p282_330_mic1.flac,p298,0,1,0.997498095035553,0.9607610702514648,0.997498095035553,-0.036737024784088135,4.05025
lca,1,p282_330_mic1,p282,data\VCTK\wav48_silence_trimmed\p282\p282_330_mic1.flac,p298,0,1,0.9959025382995605,0.9481273293495178,0.9959025382995605,-0.047775208950042725,4.05025
lca,2,p282_330_mic1,p282,data\VCTK\wav48_silence_trimmed\p282\p282_330_mic1.flac,p298,0,1,0.9981666803359985,0.9572744369506836,0.9981666803359985,-0.04089224338531494,4.05025
lca,3,p282_330_mic1,p282,data\VCTK\wav48_silence_trimmed\p282\p282_330_mic1.flac,p298,0,1,0.9979528188705444,0.9593331813812256,0.9979528188705444,-0.03861963748931885,4.05025
original,0,p282_353_mic1,p282,data\VCTK\wav48_silence_trimmed\p282\p282_353_mic1.flac,p303,0,1,0.9962555766105652,0.9671860933303833,0.9962555766105652,-0.029069483280181885,2.3175625
base,1,p282_353_mic1,p282,data\VCTK\wav48_silence_trimmed\p282\p282_353_mic1.flac,p303,0,1,0.9933919906616211,0.9613128304481506,0.9933919906616211,-0.03207916021347046,2.3175625
base,2,p282_353_mic1,p282,data\VCTK\wav48_silence_trimmed\p282\p282_353_mic1.flac,p303,0,1,0.9985246062278748,0.9685028195381165,0.9985246062278748,-0.0300217866897583,2.3175625
base,3,p282_353_mic1,p282,data\VCTK\wav48_silence_trimmed\p282\p282_353_mic1.flac,p303,0,1,0.9982314705848694,0.9678936004638672,0.9982314705848694,-0.030337870121002197,2.3175625
lca,1,p282_353_mic1,p282,data\VCTK\wav48_silence_trimmed\p282\p282_353_mic1.flac,p303,0,1,0.9936609864234924,0.957007110118866,0.9936609864234924,-0.036653876304626465,2.3175625
lca,2,p282_353_mic1,p282,data\VCTK\wav48_silence_trimmed\p282\p282_353_mic1.flac,p303,0,1,0.9983806610107422,0.965705931186676,0.9983806610107422,-0.03267472982406616,2.3175625
lca,3,p282_353_mic1,p282,data\VCTK\wav48_silence_trimmed\p282\p282_353_mic1.flac,p303,0,1,0.9985441565513611,0.9668087363243103,0.9985441565513611,-0.03173542022705078,2.3175625
original,0,p283_050_mic1,p283,data\VCTK\wav48_silence_trimmed\p283\p283_050_mic1.flac,p257,0,1,0.9971629977226257,0.9869024157524109,0.9971629977226257,-0.010260581970214844,2.8639375
base,1,p283_050_mic1,p283,data\VCTK\wav48_silence_trimmed\p283\p283_050_mic1.flac,p312,0,1,0.9876953959465027,0.9679144024848938,0.9876953959465027,-0.019780993461608887,2.8639375
base,2,p283_050_mic1,p283,data\VCTK\wav48_silence_trimmed\p283\p283_050_mic1.flac,p239,0,1,0.9956901669502258,0.9857420921325684,0.9956901669502258,-0.00994807481765747,2.8639375
base,3,p283_050_mic1,p283,data\VCTK\wav48_silence_trimmed\p283\p283_050_mic1.flac,p351,0,1,0.9972143173217773,0.9887557625770569,0.9972143173217773,-0.008458554744720459,2.8639375
lca,1,p283_050_mic1,p283,data\VCTK\wav48_silence_trimmed\p283\p283_050_mic1.flac,p333,0,1,0.9853441119194031,0.9648831486701965,0.9853441119194031,-0.020460963249206543,2.8639375
lca,2,p283_050_mic1,p283,data\VCTK\wav48_silence_trimmed\p283\p283_050_mic1.flac,p255,0,1,0.9942637085914612,0.9814114570617676,0.9942637085914612,-0.012852251529693604,2.8639375
lca,3,p283_050_mic1,p283,data\VCTK\wav48_silence_trimmed\p283\p283_050_mic1.flac,p351,0,1,0.9965528845787048,0.987427294254303,0.9965528845787048,-0.009125590324401855,2.8639375
original,0,p283_224_mic1,p283,data\VCTK\wav48_silence_trimmed\p283\p283_224_mic1.flac,p336,0,1,0.9979267120361328,0.9966819882392883,0.9979267120361328,-0.0012447237968444824,3.0355
base,1,p283_224_mic1,p283,data\VCTK\wav48_silence_trimmed\p283\p283_224_mic1.flac,p239,0,1,0.9936074614524841,0.9839666485786438,0.9936074614524841,-0.009640812873840332,3.0355
base,2,p283_224_mic1,p283,data\VCTK\wav48_silence_trimmed\p283\p283_224_mic1.flac,p297,0,1,0.9980785846710205,0.9959853291511536,0.9980785846710205,-0.0020932555198669434,3.0355
base,3,p283_224_mic1,p283,data\VCTK\wav48_silence_trimmed\p283\p283_224_mic1.flac,p297,0,1,0.9979683756828308,0.9964290857315063,0.9979683756828308,-0.0015392899513244629,3.0355
lca,1,p283_224_mic1,p283,data\VCTK\wav48_silence_trimmed\p283\p283_224_mic1.flac,p239,0,1,0.9924609661102295,0.9838260412216187,0.9924609661102295,-0.00863492488861084,3.0355
lca,2,p283_224_mic1,p283,data\VCTK\wav48_silence_trimmed\p283\p283_224_mic1.flac,p297,0,1,0.9973254799842834,0.9940403699874878,0.9973254799842834,-0.0032851099967956543,3.0355
lca,3,p283_224_mic1,p283,data\VCTK\wav48_silence_trimmed\p283\p283_224_mic1.flac,p351,0,1,0.9978081583976746,0.9947572350502014,0.9978081583976746,-0.0030509233474731445,3.0355
original,0,p283_351_mic1,p283,data\VCTK\wav48_silence_trimmed\p283\p283_351_mic1.flac,p333,0,1,0.9924115538597107,0.9733416438102722,0.9924115538597107,-0.019069910049438477,3.248
base,1,p283_351_mic1,p283,data\VCTK\wav48_silence_trimmed\p283\p283_351_mic1.flac,p236,0,1,0.9843931198120117,0.9670342803001404,0.9843931198120117,-0.017358839511871338,3.248
base,2,p283_351_mic1,p283,data\VCTK\wav48_silence_trimmed\p283\p283_351_mic1.flac,p333,0,1,0.9916723370552063,0.9743662476539612,0.9916723370552063,-0.017306089401245117,3.248
base,3,p283_351_mic1,p283,data\VCTK\wav48_silence_trimmed\p283\p283_351_mic1.flac,p333,0,1,0.992666482925415,0.9779587388038635,0.992666482925415,-0.014707744121551514,3.248
lca,1,p283_351_mic1,p283,data\VCTK\wav48_silence_trimmed\p283\p283_351_mic1.flac,p236,0,1,0.9854009747505188,0.9691963791847229,0.9854009747505188,-0.0162045955657959,3.248
lca,2,p283_351_mic1,p283,data\VCTK\wav48_silence_trimmed\p283\p283_351_mic1.flac,p333,0,1,0.987217903137207,0.968460202217102,0.987217903137207,-0.01875770092010498,3.248
lca,3,p283_351_mic1,p283,data\VCTK\wav48_silence_trimmed\p283\p283_351_mic1.flac,p276,0,1,0.9906807541847229,0.9787834882736206,0.9906807541847229,-0.011897265911102295,3.248
original,0,p283_369_mic2,p283,data\VCTK\wav48_silence_trimmed\p283\p283_369_mic2.flac,p276,0,1,0.9977320432662964,0.988974928855896,0.9977320432662964,-0.00875711441040039,2.43375
base,1,p283_369_mic2,p283,data\VCTK\wav48_silence_trimmed\p283\p283_369_mic2.flac,p239,0,1,0.9949698448181152,0.9874486923217773,0.9949698448181152,-0.007521152496337891,2.43375
base,2,p283_369_mic2,p283,data\VCTK\wav48_silence_trimmed\p283\p283_369_mic2.flac,p276,0,1,0.9966210126876831,0.9815152883529663,0.9966210126876831,-0.015105724334716797,2.43375
base,3,p283_369_mic2,p283,data\VCTK\wav48_silence_trimmed\p283\p283_369_mic2.flac,p351,0,1,0.9975072145462036,0.9907730221748352,0.9975072145462036,-0.006734192371368408,2.43375
lca,1,p283_369_mic2,p283,data\VCTK\wav48_silence_trimmed\p283\p283_369_mic2.flac,p255,0,1,0.9953823089599609,0.9835447072982788,0.9953823089599609,-0.011837601661682129,2.43375
lca,2,p283_369_mic2,p283,data\VCTK\wav48_silence_trimmed\p283\p283_369_mic2.flac,p276,0,1,0.995722234249115,0.9846905469894409,0.995722234249115,-0.011031687259674072,2.43375
lca,3,p283_369_mic2,p283,data\VCTK\wav48_silence_trimmed\p283\p283_369_mic2.flac,p276,0,1,0.9969661831855774,0.9875988960266113,0.9969661831855774,-0.009367287158966064,2.43375
original,0,p283_398_mic2,p283,data\VCTK\wav48_silence_trimmed\p283\p283_398_mic2.flac,p265,0,1,0.9962438941001892,0.9946475028991699,0.9962438941001892,-0.0015963912010192871,2.608
base,1,p283_398_mic2,p283,data\VCTK\wav48_silence_trimmed\p283\p283_398_mic2.flac,p239,0,1,0.9909927248954773,0.9808191657066345,0.9909927248954773,-0.010173559188842773,2.608
base,2,p283_398_mic2,p283,data\VCTK\wav48_silence_trimmed\p283\p283_398_mic2.flac,p351,0,1,0.9967796802520752,0.9915159940719604,0.9967796802520752,-0.005263686180114746,2.608
base,3,p283_398_mic2,p283,data\VCTK\wav48_silence_trimmed\p283\p283_398_mic2.flac,p351,0,1,0.9969580173492432,0.992314338684082,0.9969580173492432,-0.004643678665161133,2.608
lca,1,p283_398_mic2,p283,data\VCTK\wav48_silence_trimmed\p283\p283_398_mic2.flac,p239,0,1,0.9935871362686157,0.9853361248970032,0.9935871362686157,-0.008251011371612549,2.608
lca,2,p283_398_mic2,p283,data\VCTK\wav48_silence_trimmed\p283\p283_398_mic2.flac,p351,0,1,0.9964308738708496,0.9919039011001587,0.9964308738708496,-0.004526972770690918,2.608
lca,3,p283_398_mic2,p283,data\VCTK\wav48_silence_trimmed\p283\p283_398_mic2.flac,p351,0,1,0.9960752725601196,0.9906232953071594,0.9960752725601196,-0.005451977252960205,2.608
original,0,p284_042_mic1,p284,data\VCTK\wav48_silence_trimmed\p284\p284_042_mic1.flac,p284,1,1,0.9987219572067261,0.9987219572067261,0.9981600046157837,0.0005619525909423828,3.5866875
base,1,p284_042_mic1,p284,data\VCTK\wav48_silence_trimmed\p284\p284_042_mic1.flac,p255,0,1,0.9933172464370728,0.9858303070068359,0.9933172464370728,-0.007486939430236816,3.5866875
base,2,p284_042_mic1,p284,data\VCTK\wav48_silence_trimmed\p284\p284_042_mic1.flac,p258,0,1,0.9977397918701172,0.9952244758605957,0.9977397918701172,-0.0025153160095214844,3.5866875
base,3,p284_042_mic1,p284,data\VCTK\wav48_silence_trimmed\p284\p284_042_mic1.flac,p258,0,1,0.9981711506843567,0.9962961077690125,0.9981711506843567,-0.0018750429153442383,3.5866875
lca,1,p284_042_mic1,p284,data\VCTK\wav48_silence_trimmed\p284\p284_042_mic1.flac,p255,0,1,0.9942102432250977,0.9864887595176697,0.9942102432250977,-0.0077214837074279785,3.5866875
lca,2,p284_042_mic1,p284,data\VCTK\wav48_silence_trimmed\p284\p284_042_mic1.flac,p259,0,1,0.9976768493652344,0.9938095808029175,0.9976768493652344,-0.0038672685623168945,3.5866875
lca,3,p284_042_mic1,p284,data\VCTK\wav48_silence_trimmed\p284\p284_042_mic1.flac,p255,0,1,0.9971412420272827,0.9946222305297852,0.9971412420272827,-0.0025190114974975586,3.5866875
original,0,p284_127_mic2,p284,data\VCTK\wav48_silence_trimmed\p284\p284_127_mic2.flac,p302,0,1,0.997093915939331,0.9859538674354553,0.997093915939331,-0.011140048503875732,2.005
base,1,p284_127_mic2,p284,data\VCTK\wav48_silence_trimmed\p284\p284_127_mic2.flac,p302,0,1,0.9963172674179077,0.9803844094276428,0.9963172674179077,-0.015932857990264893,2.005
base,2,p284_127_mic2,p284,data\VCTK\wav48_silence_trimmed\p284\p284_127_mic2.flac,p302,0,1,0.9978545904159546,0.9856681823730469,0.9978545904159546,-0.012186408042907715,2.005
base,3,p284_127_mic2,p284,data\VCTK\wav48_silence_trimmed\p284\p284_127_mic2.flac,p302,0,1,0.9976205229759216,0.986397922039032,0.9976205229759216,-0.011222600936889648,2.005
lca,1,p284_127_mic2,p284,data\VCTK\wav48_silence_trimmed\p284\p284_127_mic2.flac,p302,0,1,0.9961856007575989,0.9794946908950806,0.9961856007575989,-0.01669090986251831,2.005
lca,2,p284_127_mic2,p284,data\VCTK\wav48_silence_trimmed\p284\p284_127_mic2.flac,p226,0,1,0.9970938563346863,0.9861633777618408,0.9970938563346863,-0.010930478572845459,2.005
lca,3,p284_127_mic2,p284,data\VCTK\wav48_silence_trimmed\p284\p284_127_mic2.flac,p226,0,1,0.9970303773880005,0.9871476292610168,0.9970303773880005,-0.009882748126983643,2.005
original,0,p284_143_mic1,p284,data\VCTK\wav48_silence_trimmed\p284\p284_143_mic1.flac,p284,1,1,0.9970865249633789,0.9970865249633789,0.996614396572113,0.00047212839126586914,2.43575
base,1,p284_143_mic1,p284,data\VCTK\wav48_silence_trimmed\p284\p284_143_mic1.flac,p243,0,1,0.996351957321167,0.9910459518432617,0.996351957321167,-0.0053060054779052734,2.43575
base,2,p284_143_mic1,p284,data\VCTK\wav48_silence_trimmed\p284\p284_143_mic1.flac,p258,0,1,0.9982253313064575,0.9939721822738647,0.9982253313064575,-0.0042531490325927734,2.43575
base,3,p284_143_mic1,p284,data\VCTK\wav48_silence_trimmed\p284\p284_143_mic1.flac,p271,0,1,0.9986063838005066,0.9960700869560242,0.9986063838005066,-0.002536296844482422,2.43575
lca,1,p284_143_mic1,p284,data\VCTK\wav48_silence_trimmed\p284\p284_143_mic1.flac,p259,0,1,0.9952733516693115,0.9898275136947632,0.9952733516693115,-0.00544583797454834,2.43575
lca,2,p284_143_mic1,p284,data\VCTK\wav48_silence_trimmed\p284\p284_143_mic1.flac,p334,0,1,0.997211217880249,0.9946240782737732,0.997211217880249,-0.00258713960647583,2.43575
lca,3,p284_143_mic1,p284,data\VCTK\wav48_silence_trimmed\p284\p284_143_mic1.flac,p251,0,1,0.997327446937561,0.9962152242660522,0.997327446937561,-0.001112222671508789,2.43575
original,0,p284_372_mic1,p284,data\VCTK\wav48_silence_trimmed\p284\p284_372_mic1.flac,p376,0,1,0.9971683621406555,0.9945703148841858,0.9971683621406555,-0.0025980472564697266,3.5849375
base,1,p284_372_mic1,p284,data\VCTK\wav48_silence_trimmed\p284\p284_372_mic1.flac,p278,0,1,0.9956710338592529,0.9910785555839539,0.9956710338592529,-0.004592478275299072,3.5849375
base,2,p284_372_mic1,p284,data\VCTK\wav48_silence_trimmed\p284\p284_372_mic1.flac,p260,0,1,0.9973146319389343,0.9938075542449951,0.9973146319389343,-0.003507077693939209,3.5849375
base,3,p284_372_mic1,p284,data\VCTK\wav48_silence_trimmed\p284\p284_372_mic1.flac,p260,0,1,0.9974940419197083,0.9942519068717957,0.9974940419197083,-0.0032421350479125977,3.5849375
lca,1,p284_372_mic1,p284,data\VCTK\wav48_silence_trimmed\p284\p284_372_mic1.flac,p278,0,1,0.9962134957313538,0.9915249347686768,0.9962134957313538,-0.004688560962677002,3.5849375
lca,2,p284_372_mic1,p284,data\VCTK\wav48_silence_trimmed\p284\p284_372_mic1.flac,p360,0,1,0.9963394999504089,0.9934065937995911,0.9963394999504089,-0.002932906150817871,3.5849375
lca,3,p284_372_mic1,p284,data\VCTK\wav48_silence_trimmed\p284\p284_372_mic1.flac,p347,0,1,0.9966376423835754,0.9933760166168213,0.9966376423835754,-0.0032616257667541504,3.5849375
original,0,p284_383_mic2,p284,data\VCTK\wav48_silence_trimmed\p284\p284_383_mic2.flac,p302,0,1,0.9980578422546387,0.9863829016685486,0.9980578422546387,-0.011674940586090088,2.733125
base,1,p284_383_mic2,p284,data\VCTK\wav48_silence_trimmed\p284\p284_383_mic2.flac,p303,0,1,0.9942533373832703,0.9842115640640259,0.9942533373832703,-0.010041773319244385,2.733125
base,2,p284_383_mic2,p284,data\VCTK\wav48_silence_trimmed\p284\p284_383_mic2.flac,p345,0,1,0.9976195096969604,0.9906557202339172,0.9976195096969604,-0.006963789463043213,2.733125
base,3,p284_383_mic2,p284,data\VCTK\wav48_silence_trimmed\p284\p284_383_mic2.flac,p302,0,1,0.9979586601257324,0.9892595410346985,0.9979586601257324,-0.008699119091033936,2.733125
lca,1,p284_383_mic2,p284,data\VCTK\wav48_silence_trimmed\p284\p284_383_mic2.flac,p302,0,1,0.9961025714874268,0.9851218461990356,0.9961025714874268,-0.010980725288391113,2.733125
lca,2,p284_383_mic2,p284,data\VCTK\wav48_silence_trimmed\p284\p284_383_mic2.flac,p345,0,1,0.9974850416183472,0.9905542135238647,0.9974850416183472,-0.006930828094482422,2.733125
lca,3,p284_383_mic2,p284,data\VCTK\wav48_silence_trimmed\p284\p284_383_mic2.flac,p345,0,1,0.9977689981460571,0.9921914935112,0.9977689981460571,-0.005577504634857178,2.733125
original,0,p285_060_mic1,p285,data\VCTK\wav48_silence_trimmed\p285\p285_060_mic1.flac,p285,1,1,0.9899795055389404,0.9899795055389404,0.9877738356590271,0.00220566987991333,3.7565625
base,1,p285_060_mic1,p285,data\VCTK\wav48_silence_trimmed\p285\p285_060_mic1.flac,p285,1,1,0.9867396354675293,0.9867396354675293,0.9864153861999512,0.000324249267578125,3.7565625
base,2,p285_060_mic1,p285,data\VCTK\wav48_silence_trimmed\p285\p285_060_mic1.flac,p285,1,1,0.9863061308860779,0.9863061308860779,0.9862306714057922,7.545948028564453e-05,3.7565625
base,3,p285_060_mic1,p285,data\VCTK\wav48_silence_trimmed\p285\p285_060_mic1.flac,p285,1,1,0.9872407913208008,0.9872407913208008,0.9867454767227173,0.0004953145980834961,3.7565625
lca,1,p285_060_mic1,p285,data\VCTK\wav48_silence_trimmed\p285\p285_060_mic1.flac,p285,1,1,0.980294942855835,0.980294942855835,0.9792506694793701,0.0010442733764648438,3.7565625
lca,2,p285_060_mic1,p285,data\VCTK\wav48_silence_trimmed\p285\p285_060_mic1.flac,p285,1,1,0.9919871091842651,0.9919871091842651,0.9897485971450806,0.0022385120391845703,3.7565625
lca,3,p285_060_mic1,p285,data\VCTK\wav48_silence_trimmed\p285\p285_060_mic1.flac,p285,1,1,0.9899911284446716,0.9899911284446716,0.9870085120201111,0.002982616424560547,3.7565625
original,0,p285_074_mic2,p285,data\VCTK\wav48_silence_trimmed\p285\p285_074_mic2.flac,p285,1,1,0.9939099550247192,0.9939099550247192,0.9913980960845947,0.0025118589401245117,3.119125
base,1,p285_074_mic2,p285,data\VCTK\wav48_silence_trimmed\p285\p285_074_mic2.flac,p285,1,1,0.9892668724060059,0.9892668724060059,0.9886740446090698,0.0005928277969360352,3.119125
base,2,p285_074_mic2,p285,data\VCTK\wav48_silence_trimmed\p285\p285_074_mic2.flac,p274,0,1,0.9941259026527405,0.9941230416297913,0.9941259026527405,-2.86102294921875e-06,3.119125
base,3,p285_074_mic2,p285,data\VCTK\wav48_silence_trimmed\p285\p285_074_mic2.flac,p274,0,1,0.9950180053710938,0.9941650032997131,0.9950180053710938,-0.0008530020713806152,3.119125
lca,1,p285_074_mic2,p285,data\VCTK\wav48_silence_trimmed\p285\p285_074_mic2.flac,p285,1,1,0.988933801651001,0.988933801651001,0.9887994527816772,0.00013434886932373047,3.119125
lca,2,p285_074_mic2,p285,data\VCTK\wav48_silence_trimmed\p285\p285_074_mic2.flac,p285,1,1,0.9943894743919373,0.9943894743919373,0.9932339191436768,0.001155555248260498,3.119125
lca,3,p285_074_mic2,p285,data\VCTK\wav48_silence_trimmed\p285\p285_074_mic2.flac,p285,1,1,0.9916703104972839,0.9916703104972839,0.9898189306259155,0.0018513798713684082,3.119125
original,0,p285_173_mic1,p285,data\VCTK\wav48_silence_trimmed\p285\p285_173_mic1.flac,p315,0,1,0.9971208572387695,0.9914315938949585,0.9971208572387695,-0.005689263343811035,1.496125
base,1,p285_173_mic1,p285,data\VCTK\wav48_silence_trimmed\p285\p285_173_mic1.flac,p259,0,1,0.9909156560897827,0.984629213809967,0.9909156560897827,-0.006286442279815674,1.496125
base,2,p285_173_mic1,p285,data\VCTK\wav48_silence_trimmed\p285\p285_173_mic1.flac,p315,0,1,0.9958107471466064,0.9898229837417603,0.9958107471466064,-0.005987763404846191,1.496125
base,3,p285_173_mic1,p285,data\VCTK\wav48_silence_trimmed\p285\p285_173_mic1.flac,p315,0,1,0.9963358640670776,0.9919893145561218,0.9963358640670776,-0.0043465495109558105,1.496125
lca,1,p285_173_mic1,p285,data\VCTK\wav48_silence_trimmed\p285\p285_173_mic1.flac,p259,0,1,0.9871436357498169,0.9814853668212891,0.9871436357498169,-0.005658268928527832,1.496125
lca,2,p285_173_mic1,p285,data\VCTK\wav48_silence_trimmed\p285\p285_173_mic1.flac,p259,0,1,0.9944425225257874,0.989564061164856,0.9944425225257874,-0.0048784613609313965,1.496125
lca,3,p285_173_mic1,p285,data\VCTK\wav48_silence_trimmed\p285\p285_173_mic1.flac,p259,0,1,0.9954054355621338,0.9926100373268127,0.9954054355621338,-0.002795398235321045,1.496125
original,0,p285_237_mic2,p285,data\VCTK\wav48_silence_trimmed\p285\p285_237_mic2.flac,p285,1,1,0.9969984292984009,0.9969984292984009,0.9957465529441833,0.0012518763542175293,2.992
base,1,p285_237_mic2,p285,data\VCTK\wav48_silence_trimmed\p285\p285_237_mic2.flac,p285,1,1,0.9925428628921509,0.9925428628921509,0.9919470548629761,0.0005958080291748047,2.992
base,2,p285_237_mic2,p285,data\VCTK\wav48_silence_trimmed\p285\p285_237_mic2.flac,p285,1,1,0.9954555034637451,0.9954555034637451,0.9942773580551147,0.001178145408630371,2.992
base,3,p285_237_mic2,p285,data\VCTK\wav48_silence_trimmed\p285\p285_237_mic2.flac,p334,0,1,0.9969760179519653,0.9965952038764954,0.9969760179519653,-0.0003808140754699707,2.992
lca,1,p285_237_mic2,p285,data\VCTK\wav48_silence_trimmed\p285\p285_237_mic2.flac,p255,0,1,0.9936875104904175,0.9934223890304565,0.9936875104904175,-0.0002651214599609375,2.992
lca,2,p285_237_mic2,p285,data\VCTK\wav48_silence_trimmed\p285\p285_237_mic2.flac,p285,1,1,0.9941519498825073,0.9941519498825073,0.9923357963562012,0.0018161535263061523,2.992
lca,3,p285_237_mic2,p285,data\VCTK\wav48_silence_trimmed\p285\p285_237_mic2.flac,p266,0,1,0.9951968193054199,0.9948729276657104,0.9951968193054199,-0.00032389163970947266,2.992
original,0,p285_333_mic2,p285,data\VCTK\wav48_silence_trimmed\p285\p285_333_mic2.flac,p285,1,1,0.9916256070137024,0.9916256070137024,0.9876272678375244,0.0039983391761779785,2.2664375
base,1,p285_333_mic2,p285,data\VCTK\wav48_silence_trimmed\p285\p285_333_mic2.flac,p285,1,1,0.9890753030776978,0.9890753030776978,0.9888379573822021,0.00023734569549560547,2.2664375
base,2,p285_333_mic2,p285,data\VCTK\wav48_silence_trimmed\p285\p285_333_mic2.flac,p285,1,1,0.9907591342926025,0.9907591342926025,0.9900200963020325,0.0007390379905700684,2.2664375
base,3,p285_333_mic2,p285,data\VCTK\wav48_silence_trimmed\p285\p285_333_mic2.flac,p334,0,1,0.9920966029167175,0.991864800453186,0.9920966029167175,-0.00023180246353149414,2.2664375
lca,1,p285_333_mic2,p285,data\VCTK\wav48_silence_trimmed\p285\p285_333_mic2.flac,p334,0,1,0.9912806153297424,0.9907646775245667,0.9912806153297424,-0.0005159378051757812,2.2664375
lca,2,p285_333_mic2,p285,data\VCTK\wav48_silence_trimmed\p285\p285_333_mic2.flac,p334,0,1,0.9939154386520386,0.9935131669044495,0.9939154386520386,-0.00040227174758911133,2.2664375
lca,3,p285_333_mic2,p285,data\VCTK\wav48_silence_trimmed\p285\p285_333_mic2.flac,p334,0,1,0.9945257902145386,0.9939701557159424,0.9945257902145386,-0.0005556344985961914,2.2664375
original,0,p286_048_mic2,p286,data\VCTK\wav48_silence_trimmed\p286\p286_048_mic2.flac,p232,0,1,0.9946529865264893,0.9946354031562805,0.9946529865264893,-1.7583370208740234e-05,3.9721875
base,1,p286_048_mic2,p286,data\VCTK\wav48_silence_trimmed\p286\p286_048_mic2.flac,p255,0,1,0.9903462529182434,0.9842545390129089,0.9903462529182434,-0.006091713905334473,3.9721875
base,2,p286_048_mic2,p286,data\VCTK\wav48_silence_trimmed\p286\p286_048_mic2.flac,p285,0,1,0.993596076965332,0.9906159043312073,0.993596076965332,-0.002980172634124756,3.9721875
base,3,p286_048_mic2,p286,data\VCTK\wav48_silence_trimmed\p286\p286_048_mic2.flac,p285,0,1,0.9945625066757202,0.9931721091270447,0.9945625066757202,-0.0013903975486755371,3.9721875
lca,1,p286_048_mic2,p286,data\VCTK\wav48_silence_trimmed\p286\p286_048_mic2.flac,p255,0,1,0.991532027721405,0.9851388335227966,0.991532027721405,-0.0063931941986083984,3.9721875
lca,2,p286_048_mic2,p286,data\VCTK\wav48_silence_trimmed\p286\p286_048_mic2.flac,p285,0,1,0.9930582642555237,0.9888566732406616,0.9930582642555237,-0.0042015910148620605,3.9721875
lca,3,p286_048_mic2,p286,data\VCTK\wav48_silence_trimmed\p286\p286_048_mic2.flac,p285,0,1,0.9943263530731201,0.990964412689209,0.9943263530731201,-0.003361940383911133,3.9721875
original,0,p286_081_mic1,p286,data\VCTK\wav48_silence_trimmed\p286\p286_081_mic1.flac,p252,0,1,0.9956250190734863,0.995485782623291,0.9956250190734863,-0.0001392364501953125,2.728
base,1,p286_081_mic1,p286,data\VCTK\wav48_silence_trimmed\p286\p286_081_mic1.flac,p259,0,1,0.990923285484314,0.9853559136390686,0.990923285484314,-0.005567371845245361,2.728
base,2,p286_081_mic1,p286,data\VCTK\wav48_silence_trimmed\p286\p286_081_mic1.flac,p252,0,1,0.997302770614624,0.9933239221572876,0.997302770614624,-0.003978848457336426,2.728
base,3,p286_081_mic1,p286,data\VCTK\wav48_silence_trimmed\p286\p286_081_mic1.flac,p252,0,1,0.9973623752593994,0.9944772124290466,0.9973623752593994,-0.002885162830352783,2.728
lca,1,p286_081_mic1,p286,data\VCTK\wav48_silence_trimmed\p286\p286_081_mic1.flac,p259,0,1,0.9883260130882263,0.9819684624671936,0.9883260130882263,-0.006357550621032715,2.728
lca,2,p286_081_mic1,p286,data\VCTK\wav48_silence_trimmed\p286\p286_081_mic1.flac,p259,0,1,0.995085597038269,0.9902462959289551,0.995085597038269,-0.004839301109313965,2.728
lca,3,p286_081_mic1,p286,data\VCTK\wav48_silence_trimmed\p286\p286_081_mic1.flac,p259,0,1,0.9953637719154358,0.9911482334136963,0.9953637719154358,-0.004215538501739502,2.728
original,0,p286_104_mic2,p286,data\VCTK\wav48_silence_trimmed\p286\p286_104_mic2.flac,p286,1,1,0.9959668517112732,0.9959668517112732,0.9945571422576904,0.0014097094535827637,2.3078125
base,1,p286_104_mic2,p286,data\VCTK\wav48_silence_trimmed\p286\p286_104_mic2.flac,p259,0,1,0.9892212748527527,0.9841739535331726,0.9892212748527527,-0.005047321319580078,2.3078125
base,2,p286_104_mic2,p286,data\VCTK\wav48_silence_trimmed\p286\p286_104_mic2.flac,p259,0,1,0.9949273467063904,0.99293452501297,0.9949273467063904,-0.00199282169342041,2.3078125
base,3,p286_104_mic2,p286,data\VCTK\wav48_silence_trimmed\p286\p286_104_mic2.flac,p286,1,1,0.9954404234886169,0.9954404234886169,0.9953454732894897,9.495019912719727e-05,2.3078125
lca,1,p286_104_mic2,p286,data\VCTK\wav48_silence_trimmed\p286\p286_104_mic2.flac,p255,0,1,0.9889605045318604,0.9826598763465881,0.9889605045318604,-0.006300628185272217,2.3078125
lca,2,p286_104_mic2,p286,data\VCTK\wav48_silence_trimmed\p286\p286_104_mic2.flac,p259,0,1,0.9947672486305237,0.9925473928451538,0.9947672486305237,-0.002219855785369873,2.3078125
lca,3,p286_104_mic2,p286,data\VCTK\wav48_silence_trimmed\p286\p286_104_mic2.flac,p259,0,1,0.9952526688575745,0.9944417476654053,0.9952526688575745,-0.0008109211921691895,2.3078125
original,0,p286_112_mic2,p286,data\VCTK\wav48_silence_trimmed\p286\p286_112_mic2.flac,p314,0,1,0.9966685175895691,0.9948776364326477,0.9966685175895691,-0.0017908811569213867,2.340625
base,1,p286_112_mic2,p286,data\VCTK\wav48_silence_trimmed\p286\p286_112_mic2.flac,p297,0,1,0.9937939047813416,0.9897507429122925,0.9937939047813416,-0.004043161869049072,2.340625
base,2,p286_112_mic2,p286,data\VCTK\wav48_silence_trimmed\p286\p286_112_mic2.flac,p268,0,1,0.9963892102241516,0.9929405450820923,0.9963892102241516,-0.003448665142059326,2.340625
base,3,p286_112_mic2,p286,data\VCTK\wav48_silence_trimmed\p286\p286_112_mic2.flac,p297,0,1,0.997505247592926,0.9950957298278809,0.997505247592926,-0.002409517765045166,2.340625
lca,1,p286_112_mic2,p286,data\VCTK\wav48_silence_trimmed\p286\p286_112_mic2.flac,p268,0,1,0.9912466406822205,0.9863056540489197,0.9912466406822205,-0.004940986633300781,2.340625
lca,2,p286_112_mic2,p286,data\VCTK\wav48_silence_trimmed\p286\p286_112_mic2.flac,p268,0,1,0.995193600654602,0.9886872172355652,0.995193600654602,-0.006506383419036865,2.340625
lca,3,p286_112_mic2,p286,data\VCTK\wav48_silence_trimmed\p286\p286_112_mic2.flac,p252,0,1,0.996010422706604,0.9918540120124817,0.996010422706604,-0.0041564106941223145,2.340625
original,0,p286_243_mic2,p286,data\VCTK\wav48_silence_trimmed\p286\p286_243_mic2.flac,p259,0,1,0.996406078338623,0.9962641000747681,0.996406078338623,-0.00014197826385498047,2.30825
base,1,p286_243_mic2,p286,data\VCTK\wav48_silence_trimmed\p286\p286_243_mic2.flac,p259,0,1,0.992824912071228,0.9885128140449524,0.992824912071228,-0.004312098026275635,2.30825
base,2,p286_243_mic2,p286,data\VCTK\wav48_silence_trimmed\p286\p286_243_mic2.flac,p252,0,1,0.9962518811225891,0.9929277300834656,0.9962518811225891,-0.003324151039123535,2.30825
base,3,p286_243_mic2,p286,data\VCTK\wav48_silence_trimmed\p286\p286_243_mic2.flac,p259,0,1,0.9971060156822205,0.9947606921195984,0.9971060156822205,-0.0023453235626220703,2.30825
lca,1,p286_243_mic2,p286,data\VCTK\wav48_silence_trimmed\p286\p286_243_mic2.flac,p259,0,1,0.9953253865242004,0.9910455346107483,0.9953253865242004,-0.0042798519134521484,2.30825
lca,2,p286_243_mic2,p286,data\VCTK\wav48_silence_trimmed\p286\p286_243_mic2.flac,p252,0,1,0.9964028596878052,0.99274080991745,0.9964028596878052,-0.0036620497703552246,2.30825
lca,3,p286_243_mic2,p286,data\VCTK\wav48_silence_trimmed\p286\p286_243_mic2.flac,p252,0,1,0.9968674182891846,0.9934911727905273,0.9968674182891846,-0.0033762454986572266,2.30825
original,0,p287_024_mic2,p287,data\VCTK\wav48_silence_trimmed\p287\p287_024_mic2.flac,p364,0,1,0.9940516352653503,0.9852835536003113,0.9940516352653503,-0.008768081665039062,6.8673125
base,1,p287_024_mic2,p287,data\VCTK\wav48_silence_trimmed\p287\p287_024_mic2.flac,p263,0,1,0.9949350953102112,0.9812886714935303,0.9949350953102112,-0.013646423816680908,6.8673125
base,2,p287_024_mic2,p287,data\VCTK\wav48_silence_trimmed\p287\p287_024_mic2.flac,p364,0,1,0.994976282119751,0.9845927357673645,0.994976282119751,-0.010383546352386475,6.8673125
base,3,p287_024_mic2,p287,data\VCTK\wav48_silence_trimmed\p287\p287_024_mic2.flac,p273,0,1,0.9946337342262268,0.9852178692817688,0.9946337342262268,-0.009415864944458008,6.8673125
lca,1,p287_024_mic2,p287,data\VCTK\wav48_silence_trimmed\p287\p287_024_mic2.flac,p263,0,1,0.9949517250061035,0.9838898777961731,0.9949517250061035,-0.01106184720993042,6.8673125
lca,2,p287_024_mic2,p287,data\VCTK\wav48_silence_trimmed\p287\p287_024_mic2.flac,p263,0,1,0.9951447248458862,0.9847368001937866,0.9951447248458862,-0.01040792465209961,6.8673125
lca,3,p287_024_mic2,p287,data\VCTK\wav48_silence_trimmed\p287\p287_024_mic2.flac,p263,0,1,0.9937610030174255,0.9867871999740601,0.9937610030174255,-0.0069738030433654785,6.8673125
original,0,p287_053_mic1,p287,data\VCTK\wav48_silence_trimmed\p287\p287_053_mic1.flac,p287,1,1,0.9942382574081421,0.9942382574081421,0.9927326440811157,0.0015056133270263672,2.8834375
base,1,p287_053_mic1,p287,data\VCTK\wav48_silence_trimmed\p287\p287_053_mic1.flac,p274,0,1,0.9937919974327087,0.9877999424934387,0.9937919974327087,-0.0059920549392700195,2.8834375
base,2,p287_053_mic1,p287,data\VCTK\wav48_silence_trimmed\p287\p287_053_mic1.flac,p287,1,1,0.9957636594772339,0.9957636594772339,0.9957219362258911,4.172325134277344e-05,2.8834375
base,3,p287_053_mic1,p287,data\VCTK\wav48_silence_trimmed\p287\p287_053_mic1.flac,p376,0,1,0.9954603314399719,0.9949671626091003,0.9954603314399719,-0.000493168830871582,2.8834375
lca,1,p287_053_mic1,p287,data\VCTK\wav48_silence_trimmed\p287\p287_053_mic1.flac,p243,0,1,0.9955597519874573,0.9887727499008179,0.9955597519874573,-0.006787002086639404,2.8834375
lca,2,p287_053_mic1,p287,data\VCTK\wav48_silence_trimmed\p287\p287_053_mic1.flac,p360,0,1,0.9964019656181335,0.9960886836051941,0.9964019656181335,-0.0003132820129394531,2.8834375
lca,3,p287_053_mic1,p287,data\VCTK\wav48_silence_trimmed\p287\p287_053_mic1.flac,p271,0,1,0.995890200138092,0.995658814907074,0.995890200138092,-0.0002313852310180664,2.8834375
original,0,p287_213_mic2,p287,data\VCTK\wav48_silence_trimmed\p287\p287_213_mic2.flac,p287,1,1,0.997327446937561,0.997327446937561,0.9970571398735046,0.0002703070640563965,2.6829375
base,1,p287_213_mic2,p287,data\VCTK\wav48_silence_trimmed\p287\p287_213_mic2.flac,p243,0,1,0.9952368140220642,0.9902383089065552,0.9952368140220642,-0.004998505115509033,2.6829375
base,2,p287_213_mic2,p287,data\VCTK\wav48_silence_trimmed\p287\p287_213_mic2.flac,p274,0,1,0.9963865876197815,0.995177149772644,0.9963865876197815,-0.0012094378471374512,2.6829375
base,3,p287_213_mic2,p287,data\VCTK\wav48_silence_trimmed\p287\p287_213_mic2.flac,p287,1,1,0.9970106482505798,0.9970106482505798,0.9970049262046814,5.7220458984375e-06,2.6829375
lca,1,p287_213_mic2,p287,data\VCTK\wav48_silence_trimmed\p287\p287_213_mic2.flac,p247,0,1,0.9953697323799133,0.9905407428741455,0.9953697323799133,-0.004828989505767822,2.6829375
lca,2,p287_213_mic2,p287,data\VCTK\wav48_silence_trimmed\p287\p287_213_mic2.flac,p245,0,1,0.9956282377243042,0.9939312934875488,0.9956282377243042,-0.001696944236755371,2.6829375
lca,3,p287_213_mic2,p287,data\VCTK\wav48_silence_trimmed\p287\p287_213_mic2.flac,p271,0,1,0.9967848062515259,0.9960539937019348,0.9967848062515259,-0.0007308125495910645,2.6829375
original,0,p287_298_mic1,p287,data\VCTK\wav48_silence_trimmed\p287\p287_298_mic1.flac,p302,0,1,0.9941847920417786,0.9912316203117371,0.9941847920417786,-0.002953171730041504,2.587625
base,1,p287_298_mic1,p287,data\VCTK\wav48_silence_trimmed\p287\p287_298_mic1.flac,p302,0,1,0.9953195452690125,0.9849321842193604,0.9953195452690125,-0.0103873610496521,2.587625
base,2,p287_298_mic1,p287,data\VCTK\wav48_silence_trimmed\p287\p287_298_mic1.flac,p302,0,1,0.997276246547699,0.9903350472450256,0.997276246547699,-0.00694119930267334,2.587625
base,3,p287_298_mic1,p287,data\VCTK\wav48_silence_trimmed\p287\p287_298_mic1.flac,p302,0,1,0.9960851669311523,0.9910297989845276,0.9960851669311523,-0.005055367946624756,2.587625
lca,1,p287_298_mic1,p287,data\VCTK\wav48_silence_trimmed\p287\p287_298_mic1.flac,p303,0,1,0.9952634572982788,0.9800161123275757,0.9952634572982788,-0.015247344970703125,2.587625
lca,2,p287_298_mic1,p287,data\VCTK\wav48_silence_trimmed\p287\p287_298_mic1.flac,p302,0,1,0.9970444440841675,0.9891557097434998,0.9970444440841675,-0.007888734340667725,2.587625
lca,3,p287_298_mic1,p287,data\VCTK\wav48_silence_trimmed\p287\p287_298_mic1.flac,p302,0,1,0.9963249564170837,0.9883409738540649,0.9963249564170837,-0.007983982563018799,2.587625
original,0,p287_396_mic2,p287,data\VCTK\wav48_silence_trimmed\p287\p287_396_mic2.flac,p274,0,1,0.9968445897102356,0.9960536360740662,0.9968445897102356,-0.0007909536361694336,2.931875
base,1,p287_396_mic2,p287,data\VCTK\wav48_silence_trimmed\p287\p287_396_mic2.flac,p312,0,1,0.9941972494125366,0.9861213564872742,0.9941972494125366,-0.008075892925262451,2.931875
base,2,p287_396_mic2,p287,data\VCTK\wav48_silence_trimmed\p287\p287_396_mic2.flac,p292,0,1,0.9961735010147095,0.9931500554084778,0.9961735010147095,-0.0030234456062316895,2.931875
base,3,p287_396_mic2,p287,data\VCTK\wav48_silence_trimmed\p287\p287_396_mic2.flac,p292,0,1,0.9953579902648926,0.9924449324607849,0.9953579902648926,-0.002913057804107666,2.931875
lca,1,p287_396_mic2,p287,data\VCTK\wav48_silence_trimmed\p287\p287_396_mic2.flac,p334,0,1,0.9955407977104187,0.9895471334457397,0.9955407977104187,-0.005993664264678955,2.931875
lca,2,p287_396_mic2,p287,data\VCTK\wav48_silence_trimmed\p287\p287_396_mic2.flac,p292,0,1,0.9961662888526917,0.9931508898735046,0.9961662888526917,-0.0030153989791870117,2.931875
lca,3,p287_396_mic2,p287,data\VCTK\wav48_silence_trimmed\p287\p287_396_mic2.flac,p292,0,1,0.9961304068565369,0.9923458099365234,0.9961304068565369,-0.0037845969200134277,2.931875
original,0,p288_022_mic1,p288,data\VCTK\wav48_silence_trimmed\p288\p288_022_mic1.flac,p323,0,1,0.9964359402656555,0.9939477443695068,0.9964359402656555,-0.0024881958961486816,7.2305625
base,1,p288_022_mic1,p288,data\VCTK\wav48_silence_trimmed\p288\p288_022_mic1.flac,p333,0,1,0.9902544617652893,0.980218768119812,0.9902544617652893,-0.010035693645477295,7.2305625
base,2,p288_022_mic1,p288,data\VCTK\wav48_silence_trimmed\p288\p288_022_mic1.flac,p333,0,1,0.996664822101593,0.9841022491455078,0.996664822101593,-0.012562572956085205,7.2305625
base,3,p288_022_mic1,p288,data\VCTK\wav48_silence_trimmed\p288\p288_022_mic1.flac,p341,0,1,0.9971368908882141,0.9891800880432129,0.9971368908882141,-0.00795680284500122,7.2305625
lca,1,p288_022_mic1,p288,data\VCTK\wav48_silence_trimmed\p288\p288_022_mic1.flac,p333,0,1,0.9916546940803528,0.9761958122253418,0.9916546940803528,-0.015458881855010986,7.2305625
lca,2,p288_022_mic1,p288,data\VCTK\wav48_silence_trimmed\p288\p288_022_mic1.flac,p333,0,1,0.9957983493804932,0.9879088997840881,0.9957983493804932,-0.00788944959640503,7.2305625
lca,3,p288_022_mic1,p288,data\VCTK\wav48_silence_trimmed\p288\p288_022_mic1.flac,p339,0,1,0.9976508021354675,0.9944231510162354,0.9976508021354675,-0.0032276511192321777,7.2305625
original,0,p288_027_mic2,p288,data\VCTK\wav48_silence_trimmed\p288\p288_027_mic2.flac,p298,0,1,0.99449622631073,0.9810376167297363,0.99449622631073,-0.013458609580993652,2.435375
base,1,p288_027_mic2,p288,data\VCTK\wav48_silence_trimmed\p288\p288_027_mic2.flac,p303,0,1,0.9946998953819275,0.981384813785553,0.9946998953819275,-0.013315081596374512,2.435375
base,2,p288_027_mic2,p288,data\VCTK\wav48_silence_trimmed\p288\p288_027_mic2.flac,p303,0,1,0.996975839138031,0.9846892952919006,0.996975839138031,-0.012286543846130371,2.435375
base,3,p288_027_mic2,p288,data\VCTK\wav48_silence_trimmed\p288\p288_027_mic2.flac,p303,0,1,0.996563196182251,0.9842056035995483,0.996563196182251,-0.012357592582702637,2.435375
lca,1,p288_027_mic2,p288,data\VCTK\wav48_silence_trimmed\p288\p288_027_mic2.flac,p303,0,1,0.9957944750785828,0.9843755960464478,0.9957944750785828,-0.01141887903213501,2.435375
lca,2,p288_027_mic2,p288,data\VCTK\wav48_silence_trimmed\p288\p288_027_mic2.flac,p303,0,1,0.9949315190315247,0.9817174673080444,0.9949315190315247,-0.013214051723480225,2.435375
lca,3,p288_027_mic2,p288,data\VCTK\wav48_silence_trimmed\p288\p288_027_mic2.flac,p303,0,1,0.9961293935775757,0.9844415783882141,0.9961293935775757,-0.011687815189361572,2.435375
original,0,p288_075_mic2,p288,data\VCTK\wav48_silence_trimmed\p288\p288_075_mic2.flac,p299,0,1,0.9974122047424316,0.9973403811454773,0.9974122047424316,-7.18235969543457e-05,4.5241875
base,1,p288_075_mic2,p288,data\VCTK\wav48_silence_trimmed\p288\p288_075_mic2.flac,p239,0,1,0.9921211004257202,0.9846416115760803,0.9921211004257202,-0.007479488849639893,4.5241875
base,2,p288_075_mic2,p288,data\VCTK\wav48_silence_trimmed\p288\p288_075_mic2.flac,p312,0,1,0.9960551857948303,0.9920194149017334,0.9960551857948303,-0.004035770893096924,4.5241875
base,3,p288_075_mic2,p288,data\VCTK\wav48_silence_trimmed\p288\p288_075_mic2.flac,p297,0,1,0.9968924522399902,0.9955254793167114,0.9968924522399902,-0.0013669729232788086,4.5241875
lca,1,p288_075_mic2,p288,data\VCTK\wav48_silence_trimmed\p288\p288_075_mic2.flac,p312,0,1,0.9927692413330078,0.9850003719329834,0.9927692413330078,-0.007768869400024414,4.5241875
lca,2,p288_075_mic2,p288,data\VCTK\wav48_silence_trimmed\p288\p288_075_mic2.flac,p339,0,1,0.995693027973175,0.9916588068008423,0.995693027973175,-0.004034221172332764,4.5241875
lca,3,p288_075_mic2,p288,data\VCTK\wav48_silence_trimmed\p288\p288_075_mic2.flac,p339,0,1,0.9971100687980652,0.9946566820144653,0.9971100687980652,-0.0024533867835998535,4.5241875
original,0,p288_302_mic2,p288,data\VCTK\wav48_silence_trimmed\p288\p288_302_mic2.flac,p288,1,1,0.9981964826583862,0.9981964826583862,0.9975537061691284,0.0006427764892578125,4.1985625
base,1,p288_302_mic2,p288,data\VCTK\wav48_silence_trimmed\p288\p288_302_mic2.flac,p239,0,1,0.9949502944946289,0.9916132092475891,0.9949502944946289,-0.003337085247039795,4.1985625
base,2,p288_302_mic2,p288,data\VCTK\wav48_silence_trimmed\p288\p288_302_mic2.flac,p294,0,1,0.9970106482505798,0.9964002370834351,0.9970106482505798,-0.0006104111671447754,4.1985625
base,3,p288_302_mic2,p288,data\VCTK\wav48_silence_trimmed\p288\p288_302_mic2.flac,p225,0,1,0.9976845383644104,0.9965425729751587,0.9976845383644104,-0.001141965389251709,4.1985625
lca,1,p288_302_mic2,p288,data\VCTK\wav48_silence_trimmed\p288\p288_302_mic2.flac,p297,0,1,0.9958637952804565,0.9946630001068115,0.9958637952804565,-0.0012007951736450195,4.1985625
lca,2,p288_302_mic2,p288,data\VCTK\wav48_silence_trimmed\p288\p288_302_mic2.flac,p297,0,1,0.997463047504425,0.9964900016784668,0.997463047504425,-0.000973045825958252,4.1985625
lca,3,p288_302_mic2,p288,data\VCTK\wav48_silence_trimmed\p288\p288_302_mic2.flac,p225,0,1,0.9974727630615234,0.9961434006690979,0.9974727630615234,-0.0013293623924255371,4.1985625
original,0,p288_360_mic1,p288,data\VCTK\wav48_silence_trimmed\p288\p288_360_mic1.flac,p288,1,1,0.9986932277679443,0.9986932277679443,0.9973469972610474,0.0013462305068969727,3.1155625
base,1,p288_360_mic1,p288,data\VCTK\wav48_silence_trimmed\p288\p288_360_mic1.flac,p297,0,1,0.9940683245658875,0.9919423460960388,0.9940683245658875,-0.002125978469848633,3.1155625
base,2,p288_360_mic1,p288,data\VCTK\wav48_silence_trimmed\p288\p288_360_mic1.flac,p297,0,1,0.9973699450492859,0.996846616268158,0.9973699450492859,-0.0005233287811279297,3.1155625
base,3,p288_360_mic1,p288,data\VCTK\wav48_silence_trimmed\p288\p288_360_mic1.flac,p299,0,1,0.9978383183479309,0.9970721006393433,0.9978383183479309,-0.0007662177085876465,3.1155625
lca,1,p288_360_mic1,p288,data\VCTK\wav48_silence_trimmed\p288\p288_360_mic1.flac,p239,0,1,0.9949823021888733,0.9928680658340454,0.9949823021888733,-0.002114236354827881,3.1155625
lca,2,p288_360_mic1,p288,data\VCTK\wav48_silence_trimmed\p288\p288_360_mic1.flac,p288,1,1,0.9970864057540894,0.9970864057540894,0.9967740774154663,0.0003123283386230469,3.1155625
lca,3,p288_360_mic1,p288,data\VCTK\wav48_silence_trimmed\p288\p288_360_mic1.flac,p288,1,1,0.9977844953536987,0.9977844953536987,0.9973723888397217,0.0004121065139770508,3.1155625
original,0,p292_025_mic1,p292,data\VCTK\wav48_silence_trimmed\p292\p292_025_mic1.flac,p316,0,1,0.9933782815933228,0.9902839660644531,0.9933782815933228,-0.003094315528869629,3.0751875
base,1,p292_025_mic1,p292,data\VCTK\wav48_silence_trimmed\p292\p292_025_mic1.flac,p301,0,1,0.9951056838035583,0.9875396490097046,0.9951056838035583,-0.00756603479385376,3.0751875
base,2,p292_025_mic1,p292,data\VCTK\wav48_silence_trimmed\p292\p292_025_mic1.flac,p316,0,1,0.9967197775840759,0.9920447468757629,0.9967197775840759,-0.004675030708312988,3.0751875
base,3,p292_025_mic1,p292,data\VCTK\wav48_silence_trimmed\p292\p292_025_mic1.flac,p316,0,1,0.9961972832679749,0.9914493560791016,0.9961972832679749,-0.004747927188873291,3.0751875
lca,1,p292_025_mic1,p292,data\VCTK\wav48_silence_trimmed\p292\p292_025_mic1.flac,p245,0,1,0.997069776058197,0.9921774864196777,0.997069776058197,-0.004892289638519287,3.0751875
lca,2,p292_025_mic1,p292,data\VCTK\wav48_silence_trimmed\p292\p292_025_mic1.flac,p316,0,1,0.9965628385543823,0.9932712316513062,0.9965628385543823,-0.003291606903076172,3.0751875
lca,3,p292_025_mic1,p292,data\VCTK\wav48_silence_trimmed\p292\p292_025_mic1.flac,p316,0,1,0.9962918162345886,0.9927685856819153,0.9962918162345886,-0.00352323055267334,3.0751875
original,0,p292_062_mic2,p292,data\VCTK\wav48_silence_trimmed\p292\p292_062_mic2.flac,p292,1,1,0.9973763823509216,0.9973763823509216,0.9968386888504028,0.0005376935005187988,3.1165
base,1,p292_062_mic2,p292,data\VCTK\wav48_silence_trimmed\p292\p292_062_mic2.flac,p239,0,1,0.9950360655784607,0.9925497174263,0.9950360655784607,-0.0024863481521606445,3.1165
base,2,p292_062_mic2,p292,data\VCTK\wav48_silence_trimmed\p292\p292_062_mic2.flac,p292,1,1,0.9971328377723694,0.9971328377723694,0.9962365031242371,0.0008963346481323242,3.1165
base,3,p292_062_mic2,p292,data\VCTK\wav48_silence_trimmed\p292\p292_062_mic2.flac,p292,1,1,0.9975618720054626,0.9975618720054626,0.9965910315513611,0.0009708404541015625,3.1165
lca,1,p292_062_mic2,p292,data\VCTK\wav48_silence_trimmed\p292\p292_062_mic2.flac,p256,0,1,0.9948604106903076,0.9920092821121216,0.9948604106903076,-0.002851128578186035,3.1165
lca,2,p292_062_mic2,p292,data\VCTK\wav48_silence_trimmed\p292\p292_062_mic2.flac,p259,0,1,0.995117723941803,0.9948760867118835,0.995117723941803,-0.0002416372299194336,3.1165
lca,3,p292_062_mic2,p292,data\VCTK\wav48_silence_trimmed\p292\p292_062_mic2.flac,p292,1,1,0.9962708353996277,0.9962708353996277,0.9957626461982727,0.0005081892013549805,3.1165
original,0,p292_229_mic2,p292,data\VCTK\wav48_silence_trimmed\p292\p292_229_mic2.flac,p345,0,1,0.9977752566337585,0.9942720532417297,0.9977752566337585,-0.0035032033920288086,3.391625
base,1,p292_229_mic2,p292,data\VCTK\wav48_silence_trimmed\p292\p292_229_mic2.flac,p259,0,1,0.9941278696060181,0.9924959540367126,0.9941278696060181,-0.00163191556930542,3.391625
base,2,p292_229_mic2,p292,data\VCTK\wav48_silence_trimmed\p292\p292_229_mic2.flac,p345,0,1,0.9965508580207825,0.9941308498382568,0.9965508580207825,-0.0024200081825256348,3.391625
base,3,p292_229_mic2,p292,data\VCTK\wav48_silence_trimmed\p292\p292_229_mic2.flac,p345,0,1,0.9975802302360535,0.9945690035820007,0.9975802302360535,-0.0030112266540527344,3.391625
lca,1,p292_229_mic2,p292,data\VCTK\wav48_silence_trimmed\p292\p292_229_mic2.flac,p259,0,1,0.9948189854621887,0.9932152032852173,0.9948189854621887,-0.0016037821769714355,3.391625
lca,2,p292_229_mic2,p292,data\VCTK\wav48_silence_trimmed\p292\p292_229_mic2.flac,p345,0,1,0.9960446953773499,0.9907007217407227,0.9960446953773499,-0.005343973636627197,3.391625
lca,3,p292_229_mic2,p292,data\VCTK\wav48_silence_trimmed\p292\p292_229_mic2.flac,p345,0,1,0.9968250393867493,0.9917986989021301,0.9968250393867493,-0.005026340484619141,3.391625
original,0,p292_254_mic1,p292,data\VCTK\wav48_silence_trimmed\p292\p292_254_mic1.flac,p292,1,1,0.9965147376060486,0.9965147376060486,0.995899498462677,0.000615239143371582,2.349875
base,1,p292_254_mic1,p292,data\VCTK\wav48_silence_trimmed\p292\p292_254_mic1.flac,p252,0,1,0.9950814247131348,0.9904146790504456,0.9950814247131348,-0.004666745662689209,2.349875
base,2,p292_254_mic1,p292,data\VCTK\wav48_silence_trimmed\p292\p292_254_mic1.flac,p258,0,1,0.9971723556518555,0.9954410195350647,0.9971723556518555,-0.0017313361167907715,2.349875
base,3,p292_254_mic1,p292,data\VCTK\wav48_silence_trimmed\p292\p292_254_mic1.flac,p254,0,1,0.9967559576034546,0.9961440563201904,0.9967559576034546,-0.0006119012832641602,2.349875
lca,1,p292_254_mic1,p292,data\VCTK\wav48_silence_trimmed\p292\p292_254_mic1.flac,p252,0,1,0.9939130544662476,0.9856300354003906,0.9939130544662476,-0.008283019065856934,2.349875
lca,2,p292_254_mic1,p292,data\VCTK\wav48_silence_trimmed\p292\p292_254_mic1.flac,p252,0,1,0.9969205260276794,0.9939378499984741,0.9969205260276794,-0.0029826760292053223,2.349875
lca,3,p292_254_mic1,p292,data\VCTK\wav48_silence_trimmed\p292\p292_254_mic1.flac,p252,0,1,0.9971044063568115,0.9942594766616821,0.9971044063568115,-0.0028449296951293945,2.349875
original,0,p292_358_mic2,p292,data\VCTK\wav48_silence_trimmed\p292\p292_358_mic2.flac,p258,0,1,0.9973439574241638,0.9957348704338074,0.9973439574241638,-0.0016090869903564453,2.6484375
base,1,p292_358_mic2,p292,data\VCTK\wav48_silence_trimmed\p292\p292_358_mic2.flac,p259,0,1,0.9943498969078064,0.9918510913848877,0.9943498969078064,-0.002498805522918701,2.6484375
base,2,p292_358_mic2,p292,data\VCTK\wav48_silence_trimmed\p292\p292_358_mic2.flac,p258,0,1,0.99641352891922,0.9950913786888123,0.99641352891922,-0.0013221502304077148,2.6484375
base,3,p292_358_mic2,p292,data\VCTK\wav48_silence_trimmed\p292\p292_358_mic2.flac,p258,0,1,0.9967076778411865,0.99526047706604,0.9967076778411865,-0.0014472007751464844,2.6484375
lca,1,p292_358_mic2,p292,data\VCTK\wav48_silence_trimmed\p292\p292_358_mic2.flac,p259,0,1,0.9956659078598022,0.9935210943222046,0.9956659078598022,-0.0021448135375976562,2.6484375
lca,2,p292_358_mic2,p292,data\VCTK\wav48_silence_trimmed\p292\p292_358_mic2.flac,p259,0,1,0.9959459900856018,0.9941200017929077,0.9959459900856018,-0.0018259882926940918,2.6484375
lca,3,p292_358_mic2,p292,data\VCTK\wav48_silence_trimmed\p292\p292_358_mic2.flac,p258,0,1,0.9966453313827515,0.9945815801620483,0.9966453313827515,-0.002063751220703125,2.6484375
original,0,p293_047_mic2,p293,data\VCTK\wav48_silence_trimmed\p293\p293_047_mic2.flac,p293,1,1,0.9967654943466187,0.9967654943466187,0.9955531358718872,0.0012123584747314453,2.8634375
base,1,p293_047_mic2,p293,data\VCTK\wav48_silence_trimmed\p293\p293_047_mic2.flac,p239,0,1,0.9937227964401245,0.9823497533798218,0.9937227964401245,-0.011373043060302734,2.8634375
base,2,p293_047_mic2,p293,data\VCTK\wav48_silence_trimmed\p293\p293_047_mic2.flac,p278,0,1,0.9949755668640137,0.9942241907119751,0.9949755668640137,-0.0007513761520385742,2.8634375
base,3,p293_047_mic2,p293,data\VCTK\wav48_silence_trimmed\p293\p293_047_mic2.flac,p294,0,1,0.9961047172546387,0.9960641264915466,0.9961047172546387,-4.0590763092041016e-05,2.8634375
lca,1,p293_047_mic2,p293,data\VCTK\wav48_silence_trimmed\p293\p293_047_mic2.flac,p278,0,1,0.9957466721534729,0.9917128682136536,0.9957466721534729,-0.004033803939819336,2.8634375
lca,2,p293_047_mic2,p293,data\VCTK\wav48_silence_trimmed\p293\p293_047_mic2.flac,p225,0,1,0.9955940246582031,0.9932723045349121,0.9955940246582031,-0.0023217201232910156,2.8634375
lca,3,p293_047_mic2,p293,data\VCTK\wav48_silence_trimmed\p293\p293_047_mic2.flac,p293,1,1,0.9964112043380737,0.9964112043380737,0.9957095384597778,0.0007016658782958984,2.8634375
original,0,p293_137_mic2,p293,data\VCTK\wav48_silence_trimmed\p293\p293_137_mic2.flac,p298,0,1,0.9963224530220032,0.9776662588119507,0.9963224530220032,-0.01865619421005249,6.44575
base,1,p293_137_mic2,p293,data\VCTK\wav48_silence_trimmed\p293\p293_137_mic2.flac,p298,0,1,0.9937238693237305,0.9656834006309509,0.9937238693237305,-0.02804046869277954,6.44575
base,2,p293_137_mic2,p293,data\VCTK\wav48_silence_trimmed\p293\p293_137_mic2.flac,p298,0,1,0.9948787689208984,0.9711810946464539,0.9948787689208984,-0.02369767427444458,6.44575
base,3,p293_137_mic2,p293,data\VCTK\wav48_silence_trimmed\p293\p293_137_mic2.flac,p298,0,1,0.9953540563583374,0.972074568271637,0.9953540563583374,-0.02327948808670044,6.44575
lca,1,p293_137_mic2,p293,data\VCTK\wav48_silence_trimmed\p293\p293_137_mic2.flac,p298,0,1,0.9927769899368286,0.9647182822227478,0.9927769899368286,-0.02805870771408081,6.44575
lca,2,p293_137_mic2,p293,data\VCTK\wav48_silence_trimmed\p293\p293_137_mic2.flac,p298,0,1,0.9919726848602295,0.9651633501052856,0.9919726848602295,-0.026809334754943848,6.44575
lca,3,p293_137_mic2,p293,data\VCTK\wav48_silence_trimmed\p293\p293_137_mic2.flac,p298,0,1,0.9957173466682434,0.9723849296569824,0.9957173466682434,-0.023332417011260986,6.44575
original,0,p293_320_mic1,p293,data\VCTK\wav48_silence_trimmed\p293\p293_320_mic1.flac,p262,0,1,0.9967531561851501,0.989769697189331,0.9967531561851501,-0.006983458995819092,3.8025625
base,1,p293_320_mic1,p293,data\VCTK\wav48_silence_trimmed\p293\p293_320_mic1.flac,p303,0,1,0.9966158270835876,0.9782383441925049,0.9966158270835876,-0.018377482891082764,3.8025625
base,2,p293_320_mic1,p293,data\VCTK\wav48_silence_trimmed\p293\p293_320_mic1.flac,p302,0,1,0.9979392886161804,0.9886725544929504,0.9979392886161804,-0.00926673412322998,3.8025625
base,3,p293_320_mic1,p293,data\VCTK\wav48_silence_trimmed\p293\p293_320_mic1.flac,p283,0,1,0.9976769089698792,0.9888678789138794,0.9976769089698792,-0.008809030055999756,3.8025625
lca,1,p293_320_mic1,p293,data\VCTK\wav48_silence_trimmed\p293\p293_320_mic1.flac,p303,0,1,0.9930708408355713,0.9740750789642334,0.9930708408355713,-0.01899576187133789,3.8025625
lca,2,p293_320_mic1,p293,data\VCTK\wav48_silence_trimmed\p293\p293_320_mic1.flac,p300,0,1,0.9967389106750488,0.9841060638427734,0.9967389106750488,-0.01263284683227539,3.8025625
lca,3,p293_320_mic1,p293,data\VCTK\wav48_silence_trimmed\p293\p293_320_mic1.flac,p256,0,1,0.9971449375152588,0.9852315187454224,0.9971449375152588,-0.011913418769836426,3.8025625
original,0,p293_354_mic2,p293,data\VCTK\wav48_silence_trimmed\p293\p293_354_mic2.flac,p233,0,1,0.9972436428070068,0.9963380694389343,0.9972436428070068,-0.0009055733680725098,3.5908125
base,1,p293_354_mic2,p293,data\VCTK\wav48_silence_trimmed\p293\p293_354_mic2.flac,p303,0,1,0.9963961243629456,0.980867326259613,0.9963961243629456,-0.01552879810333252,3.5908125
base,2,p293_354_mic2,p293,data\VCTK\wav48_silence_trimmed\p293\p293_354_mic2.flac,p303,0,1,0.9967201948165894,0.9912946820259094,0.9967201948165894,-0.005425512790679932,3.5908125
base,3,p293_354_mic2,p293,data\VCTK\wav48_silence_trimmed\p293\p293_354_mic2.flac,p329,0,1,0.9963781237602234,0.9923725128173828,0.9963781237602234,-0.004005610942840576,3.5908125
lca,1,p293_354_mic2,p293,data\VCTK\wav48_silence_trimmed\p293\p293_354_mic2.flac,p302,0,1,0.9962793588638306,0.9900395274162292,0.9962793588638306,-0.006239831447601318,3.5908125
lca,2,p293_354_mic2,p293,data\VCTK\wav48_silence_trimmed\p293\p293_354_mic2.flac,p329,0,1,0.9963350296020508,0.9936450123786926,0.9963350296020508,-0.0026900172233581543,3.5908125
lca,3,p293_354_mic2,p293,data\VCTK\wav48_silence_trimmed\p293\p293_354_mic2.flac,p233,0,1,0.9967094659805298,0.994096040725708,0.9967094659805298,-0.0026134252548217773,3.5908125
original,0,p293_382_mic2,p293,data\VCTK\wav48_silence_trimmed\p293\p293_382_mic2.flac,p293,1,1,0.9981136322021484,0.9981136322021484,0.9970613121986389,0.0010523200035095215,4.28975
base,1,p293_382_mic2,p293,data\VCTK\wav48_silence_trimmed\p293\p293_382_mic2.flac,p268,0,1,0.993671178817749,0.9860824942588806,0.993671178817749,-0.007588684558868408,4.28975
base,2,p293_382_mic2,p293,data\VCTK\wav48_silence_trimmed\p293\p293_382_mic2.flac,p301,0,1,0.9968206882476807,0.9938744306564331,0.9968206882476807,-0.0029462575912475586,4.28975
base,3,p293_382_mic2,p293,data\VCTK\wav48_silence_trimmed\p293\p293_382_mic2.flac,p225,0,1,0.9968194961547852,0.9944761395454407,0.9968194961547852,-0.0023433566093444824,4.28975
lca,1,p293_382_mic2,p293,data\VCTK\wav48_silence_trimmed\p293\p293_382_mic2.flac,p278,0,1,0.9974469542503357,0.993126392364502,0.9974469542503357,-0.00432056188583374,4.28975
lca,2,p293_382_mic2,p293,data\VCTK\wav48_silence_trimmed\p293\p293_382_mic2.flac,p225,0,1,0.9973676204681396,0.9951496720314026,0.9973676204681396,-0.0022179484367370605,4.28975
lca,3,p293_382_mic2,p293,data\VCTK\wav48_silence_trimmed\p293\p293_382_mic2.flac,p225,0,1,0.9971843957901001,0.9966700673103333,0.9971843957901001,-0.0005143284797668457,4.28975
original,0,p294_120_mic2,p294,data\VCTK\wav48_silence_trimmed\p294\p294_120_mic2.flac,p294,1,1,0.9966782331466675,0.9966782331466675,0.9949333071708679,0.0017449259757995605,2.9969375
base,1,p294_120_mic2,p294,data\VCTK\wav48_silence_trimmed\p294\p294_120_mic2.flac,p303,0,1,0.9921693205833435,0.9876916408538818,0.9921693205833435,-0.00447767972946167,2.9969375
base,2,p294_120_mic2,p294,data\VCTK\wav48_silence_trimmed\p294\p294_120_mic2.flac,p278,0,1,0.9939349889755249,0.9936757683753967,0.9939349889755249,-0.00025922060012817383,2.9969375
base,3,p294_120_mic2,p294,data\VCTK\wav48_silence_trimmed\p294\p294_120_mic2.flac,p294,1,1,0.9937442541122437,0.9937442541122437,0.9935196042060852,0.00022464990615844727,2.9969375
lca,1,p294_120_mic2,p294,data\VCTK\wav48_silence_trimmed\p294\p294_120_mic2.flac,p278,0,1,0.9934030771255493,0.9910838007926941,0.9934030771255493,-0.0023192763328552246,2.9969375
lca,2,p294_120_mic2,p294,data\VCTK\wav48_silence_trimmed\p294\p294_120_mic2.flac,p294,1,1,0.9942388534545898,0.9942388534545898,0.9942107796669006,2.8073787689208984e-05,2.9969375
lca,3,p294_120_mic2,p294,data\VCTK\wav48_silence_trimmed\p294\p294_120_mic2.flac,p294,1,1,0.9951682090759277,0.9951682090759277,0.9943194389343262,0.0008487701416015625,2.9969375
original,0,p294_183_mic2,p294,data\VCTK\wav48_silence_trimmed\p294\p294_183_mic2.flac,p308,0,1,0.9979751110076904,0.9887447953224182,0.9979751110076904,-0.009230315685272217,3.160625
base,1,p294_183_mic2,p294,data\VCTK\wav48_silence_trimmed\p294\p294_183_mic2.flac,p298,0,1,0.9965553283691406,0.9791224598884583,0.9965553283691406,-0.017432868480682373,3.160625
base,2,p294_183_mic2,p294,data\VCTK\wav48_silence_trimmed\p294\p294_183_mic2.flac,p298,0,1,0.9975020885467529,0.9870653748512268,0.9975020885467529,-0.010436713695526123,3.160625
base,3,p294_183_mic2,p294,data\VCTK\wav48_silence_trimmed\p294\p294_183_mic2.flac,p298,0,1,0.997144341468811,0.9854830503463745,0.997144341468811,-0.011661291122436523,3.160625
lca,1,p294_183_mic2,p294,data\VCTK\wav48_silence_trimmed\p294\p294_183_mic2.flac,p298,0,1,0.9950704574584961,0.9831019043922424,0.9950704574584961,-0.011968553066253662,3.160625
lca,2,p294_183_mic2,p294,data\VCTK\wav48_silence_trimmed\p294\p294_183_mic2.flac,p298,0,1,0.9975712299346924,0.9846939444541931,0.9975712299346924,-0.012877285480499268,3.160625
lca,3,p294_183_mic2,p294,data\VCTK\wav48_silence_trimmed\p294\p294_183_mic2.flac,p298,0,1,0.9975565075874329,0.9850363731384277,0.9975565075874329,-0.012520134449005127,3.160625
original,0,p294_302_mic1,p294,data\VCTK\wav48_silence_trimmed\p294\p294_302_mic1.flac,p302,0,1,0.9990142583847046,0.9909728765487671,0.9990142583847046,-0.0080413818359375,3.1028125
base,1,p294_302_mic1,p294,data\VCTK\wav48_silence_trimmed\p294\p294_302_mic1.flac,p303,0,1,0.995009183883667,0.9862968325614929,0.995009183883667,-0.008712351322174072,3.1028125
base,2,p294_302_mic1,p294,data\VCTK\wav48_silence_trimmed\p294\p294_302_mic1.flac,p302,0,1,0.9987123012542725,0.9895411729812622,0.9987123012542725,-0.009171128273010254,3.1028125
base,3,p294_302_mic1,p294,data\VCTK\wav48_silence_trimmed\p294\p294_302_mic1.flac,p283,0,1,0.9983097910881042,0.9917420744895935,0.9983097910881042,-0.006567716598510742,3.1028125
lca,1,p294_302_mic1,p294,data\VCTK\wav48_silence_trimmed\p294\p294_302_mic1.flac,p303,0,1,0.9949274659156799,0.9785470962524414,0.9949274659156799,-0.016380369663238525,3.1028125
lca,2,p294_302_mic1,p294,data\VCTK\wav48_silence_trimmed\p294\p294_302_mic1.flac,p303,0,1,0.9981337785720825,0.9851731061935425,0.9981337785720825,-0.012960672378540039,3.1028125
lca,3,p294_302_mic1,p294,data\VCTK\wav48_silence_trimmed\p294\p294_302_mic1.flac,p302,0,1,0.9976341724395752,0.9880690574645996,0.9976341724395752,-0.009565114974975586,3.1028125
original,0,p294_303_mic1,p294,data\VCTK\wav48_silence_trimmed\p294\p294_303_mic1.flac,p262,0,1,0.9973477125167847,0.9946090579032898,0.9973477125167847,-0.002738654613494873,3.0681875
base,1,p294_303_mic1,p294,data\VCTK\wav48_silence_trimmed\p294\p294_303_mic1.flac,p239,0,1,0.9933982491493225,0.9869577288627625,0.9933982491493225,-0.006440520286560059,3.0681875
base,2,p294_303_mic1,p294,data\VCTK\wav48_silence_trimmed\p294\p294_303_mic1.flac,p256,0,1,0.9975729584693909,0.9920478463172913,0.9975729584693909,-0.005525112152099609,3.0681875
base,3,p294_303_mic1,p294,data\VCTK\wav48_silence_trimmed\p294\p294_303_mic1.flac,p256,0,1,0.9975358843803406,0.9922969341278076,0.9975358843803406,-0.005238950252532959,3.0681875
lca,1,p294_303_mic1,p294,data\VCTK\wav48_silence_trimmed\p294\p294_303_mic1.flac,p303,0,1,0.9894564151763916,0.9775792956352234,0.9894564151763916,-0.011877119541168213,3.0681875
lca,2,p294_303_mic1,p294,data\VCTK\wav48_silence_trimmed\p294\p294_303_mic1.flac,p252,0,1,0.9962823390960693,0.988967776298523,0.9962823390960693,-0.007314562797546387,3.0681875
lca,3,p294_303_mic1,p294,data\VCTK\wav48_silence_trimmed\p294\p294_303_mic1.flac,p256,0,1,0.9975883364677429,0.9910516142845154,0.9975883364677429,-0.006536722183227539,3.0681875
original,0,p294_383_mic1,p294,data\VCTK\wav48_silence_trimmed\p294\p294_383_mic1.flac,p301,0,1,0.9967300295829773,0.9952347874641418,0.9967300295829773,-0.0014952421188354492,2.738625
base,1,p294_383_mic1,p294,data\VCTK\wav48_silence_trimmed\p294\p294_383_mic1.flac,p268,0,1,0.993759036064148,0.9883672595024109,0.993759036064148,-0.0053917765617370605,2.738625
base,2,p294_383_mic1,p294,data\VCTK\wav48_silence_trimmed\p294\p294_383_mic1.flac,p300,0,1,0.9969503879547119,0.9947117567062378,0.9969503879547119,-0.002238631248474121,2.738625
base,3,p294_383_mic1,p294,data\VCTK\wav48_silence_trimmed\p294\p294_383_mic1.flac,p262,0,1,0.9968940019607544,0.9950047731399536,0.9968940019607544,-0.0018892288208007812,2.738625
lca,1,p294_383_mic1,p294,data\VCTK\wav48_silence_trimmed\p294\p294_383_mic1.flac,p303,0,1,0.9908708930015564,0.9851284027099609,0.9908708930015564,-0.005742490291595459,2.738625
lca,2,p294_383_mic1,p294,data\VCTK\wav48_silence_trimmed\p294\p294_383_mic1.flac,p239,0,1,0.9957413077354431,0.9921931028366089,0.9957413077354431,-0.0035482048988342285,2.738625
lca,3,p294_383_mic1,p294,data\VCTK\wav48_silence_trimmed\p294\p294_383_mic1.flac,p262,0,1,0.9967494010925293,0.9944837093353271,0.9967494010925293,-0.0022656917572021484,2.738625
original,0,p295_081_mic1,p295,data\VCTK\wav48_silence_trimmed\p295\p295_081_mic1.flac,p283,0,1,0.998328447341919,0.9909148812294006,0.998328447341919,-0.0074135661125183105,3.6658125
base,1,p295_081_mic1,p295,data\VCTK\wav48_silence_trimmed\p295\p295_081_mic1.flac,p303,0,1,0.9958683848381042,0.9864549040794373,0.9958683848381042,-0.009413480758666992,3.6658125
base,2,p295_081_mic1,p295,data\VCTK\wav48_silence_trimmed\p295\p295_081_mic1.flac,p283,0,1,0.9986891746520996,0.9892839193344116,0.9986891746520996,-0.009405255317687988,3.6658125
base,3,p295_081_mic1,p295,data\VCTK\wav48_silence_trimmed\p295\p295_081_mic1.flac,p283,0,1,0.9990814924240112,0.9904062747955322,0.9990814924240112,-0.008675217628479004,3.6658125
lca,1,p295_081_mic1,p295,data\VCTK\wav48_silence_trimmed\p295\p295_081_mic1.flac,p303,0,1,0.9945145845413208,0.981369137763977,0.9945145845413208,-0.01314544677734375,3.6658125
lca,2,p295_081_mic1,p295,data\VCTK\wav48_silence_trimmed\p295\p295_081_mic1.flac,p283,0,1,0.9973010420799255,0.9865393042564392,0.9973010420799255,-0.010761737823486328,3.6658125
lca,3,p295_081_mic1,p295,data\VCTK\wav48_silence_trimmed\p295\p295_081_mic1.flac,p283,0,1,0.9984824061393738,0.9873615503311157,0.9984824061393738,-0.011120855808258057,3.6658125
original,0,p295_155_mic1,p295,data\VCTK\wav48_silence_trimmed\p295\p295_155_mic1.flac,p308,0,1,0.9961629509925842,0.9938603043556213,0.9961629509925842,-0.0023026466369628906,3.4994375
base,1,p295_155_mic1,p295,data\VCTK\wav48_silence_trimmed\p295\p295_155_mic1.flac,p253,0,1,0.9953993558883667,0.9891789555549622,0.9953993558883667,-0.006220400333404541,3.4994375
base,2,p295_155_mic1,p295,data\VCTK\wav48_silence_trimmed\p295\p295_155_mic1.flac,p308,0,1,0.9973914623260498,0.9942335486412048,0.9973914623260498,-0.0031579136848449707,3.4994375
base,3,p295_155_mic1,p295,data\VCTK\wav48_silence_trimmed\p295\p295_155_mic1.flac,p308,0,1,0.997372031211853,0.9933553338050842,0.997372031211853,-0.004016697406768799,3.4994375
lca,1,p295_155_mic1,p295,data\VCTK\wav48_silence_trimmed\p295\p295_155_mic1.flac,p303,0,1,0.9956923723220825,0.9908022284507751,0.9956923723220825,-0.004890143871307373,3.4994375
lca,2,p295_155_mic1,p295,data\VCTK\wav48_silence_trimmed\p295\p295_155_mic1.flac,p233,0,1,0.9968828558921814,0.9923913478851318,0.9968828558921814,-0.0044915080070495605,3.4994375
lca,3,p295_155_mic1,p295,data\VCTK\wav48_silence_trimmed\p295\p295_155_mic1.flac,p233,0,1,0.997422456741333,0.9933831691741943,0.997422456741333,-0.004039287567138672,3.4994375
original,0,p295_310_mic1,p295,data\VCTK\wav48_silence_trimmed\p295\p295_310_mic1.flac,p318,0,1,0.9968133568763733,0.9863925576210022,0.9968133568763733,-0.010420799255371094,3.802
base,1,p295_310_mic1,p295,data\VCTK\wav48_silence_trimmed\p295\p295_310_mic1.flac,p239,0,1,0.9950165152549744,0.9794255495071411,0.9950165152549744,-0.015590965747833252,3.802
base,2,p295_310_mic1,p295,data\VCTK\wav48_silence_trimmed\p295\p295_310_mic1.flac,p297,0,1,0.9977837800979614,0.988696277141571,0.9977837800979614,-0.00908750295639038,3.802
base,3,p295_310_mic1,p295,data\VCTK\wav48_silence_trimmed\p295\p295_310_mic1.flac,p294,0,1,0.997789204120636,0.9887733459472656,0.997789204120636,-0.009015858173370361,3.802
lca,1,p295_310_mic1,p295,data\VCTK\wav48_silence_trimmed\p295\p295_310_mic1.flac,p239,0,1,0.9942999482154846,0.9753031730651855,0.9942999482154846,-0.018996775150299072,3.802
lca,2,p295_310_mic1,p295,data\VCTK\wav48_silence_trimmed\p295\p295_310_mic1.flac,p297,0,1,0.9973783493041992,0.9826977252960205,0.9973783493041992,-0.014680624008178711,3.802
lca,3,p295_310_mic1,p295,data\VCTK\wav48_silence_trimmed\p295\p295_310_mic1.flac,p299,0,1,0.9977888464927673,0.9826750159263611,0.9977888464927673,-0.01511383056640625,3.802
original,0,p295_365_mic2,p295,data\VCTK\wav48_silence_trimmed\p295\p295_365_mic2.flac,p295,1,1,0.9990816116333008,0.9990816116333008,0.996928334236145,0.0021532773971557617,3.588375
base,1,p295_365_mic2,p295,data\VCTK\wav48_silence_trimmed\p295\p295_365_mic2.flac,p303,0,1,0.9946324825286865,0.9901335835456848,0.9946324825286865,-0.004498898983001709,3.588375
base,2,p295_365_mic2,p295,data\VCTK\wav48_silence_trimmed\p295\p295_365_mic2.flac,p295,1,1,0.997067928314209,0.997067928314209,0.9962560534477234,0.0008118748664855957,3.588375
base,3,p295_365_mic2,p295,data\VCTK\wav48_silence_trimmed\p295\p295_365_mic2.flac,p295,1,1,0.998223066329956,0.998223066329956,0.9964620471000671,0.001761019229888916,3.588375
lca,1,p295_365_mic2,p295,data\VCTK\wav48_silence_trimmed\p295\p295_365_mic2.flac,p345,0,1,0.9961491227149963,0.9939579963684082,0.9961491227149963,-0.0021911263465881348,3.588375
lca,2,p295_365_mic2,p295,data\VCTK\wav48_silence_trimmed\p295\p295_365_mic2.flac,p295,1,1,0.9968152642250061,0.9968152642250061,0.9945880770683289,0.002227187156677246,3.588375
lca,3,p295_365_mic2,p295,data\VCTK\wav48_silence_trimmed\p295\p295_365_mic2.flac,p295,1,1,0.9970265626907349,0.9970265626907349,0.9953901171684265,0.0016364455223083496,3.588375
original,0,p295_400_mic1,p295,data\VCTK\wav48_silence_trimmed\p295\p295_400_mic1.flac,p228,0,1,0.9975128769874573,0.9883313179016113,0.9975128769874573,-0.009181559085845947,3.3313125
base,1,p295_400_mic1,p295,data\VCTK\wav48_silence_trimmed\p295\p295_400_mic1.flac,p239,0,1,0.9954878091812134,0.9831227660179138,0.9954878091812134,-0.01236504316329956,3.3313125
base,2,p295_400_mic1,p295,data\VCTK\wav48_silence_trimmed\p295\p295_400_mic1.flac,p262,0,1,0.9978306293487549,0.9870697259902954,0.9978306293487549,-0.010760903358459473,3.3313125
base,3,p295_400_mic1,p295,data\VCTK\wav48_silence_trimmed\p295\p295_400_mic1.flac,p262,0,1,0.9973859190940857,0.9838375449180603,0.9973859190940857,-0.01354837417602539,3.3313125
lca,1,p295_400_mic1,p295,data\VCTK\wav48_silence_trimmed\p295\p295_400_mic1.flac,p239,0,1,0.9948185086250305,0.9847262501716614,0.9948185086250305,-0.01009225845336914,3.3313125
lca,2,p295_400_mic1,p295,data\VCTK\wav48_silence_trimmed\p295\p295_400_mic1.flac,p262,0,1,0.9974492788314819,0.9859660863876343,0.9974492788314819,-0.011483192443847656,3.3313125
lca,3,p295_400_mic1,p295,data\VCTK\wav48_silence_trimmed\p295\p295_400_mic1.flac,p262,0,1,0.9975236654281616,0.9837843179702759,0.9975236654281616,-0.013739347457885742,3.3313125
original,0,p297_079_mic2,p297,data\VCTK\wav48_silence_trimmed\p297\p297_079_mic2.flac,p238,0,1,0.9979018568992615,0.9929912686347961,0.9979018568992615,-0.004910588264465332,3.191375
base,1,p297_079_mic2,p297,data\VCTK\wav48_silence_trimmed\p297\p297_079_mic2.flac,p303,0,1,0.9935697317123413,0.9902589917182922,0.9935697317123413,-0.0033107399940490723,3.191375
base,2,p297_079_mic2,p297,data\VCTK\wav48_silence_trimmed\p297\p297_079_mic2.flac,p303,0,1,0.9971451759338379,0.9902700781822205,0.9971451759338379,-0.006875097751617432,3.191375
base,3,p297_079_mic2,p297,data\VCTK\wav48_silence_trimmed\p297\p297_079_mic2.flac,p268,0,1,0.9967905879020691,0.9926631450653076,0.9967905879020691,-0.004127442836761475,3.191375
lca,1,p297_079_mic2,p297,data\VCTK\wav48_silence_trimmed\p297\p297_079_mic2.flac,p303,0,1,0.996282160282135,0.9885652661323547,0.996282160282135,-0.0077168941497802734,3.191375
lca,2,p297_079_mic2,p297,data\VCTK\wav48_silence_trimmed\p297\p297_079_mic2.flac,p303,0,1,0.9961171746253967,0.9891881942749023,0.9961171746253967,-0.006928980350494385,3.191375
lca,3,p297_079_mic2,p297,data\VCTK\wav48_silence_trimmed\p297\p297_079_mic2.flac,p303,0,1,0.9970559477806091,0.991562008857727,0.9970559477806091,-0.00549393892288208,3.191375
original,0,p297_186_mic2,p297,data\VCTK\wav48_silence_trimmed\p297\p297_186_mic2.flac,p303,0,1,0.9967026114463806,0.993066668510437,0.9967026114463806,-0.0036359429359436035,3.6275625
base,1,p297_186_mic2,p297,data\VCTK\wav48_silence_trimmed\p297\p297_186_mic2.flac,p303,0,1,0.9928105473518372,0.9876742959022522,0.9928105473518372,-0.005136251449584961,3.6275625
base,2,p297_186_mic2,p297,data\VCTK\wav48_silence_trimmed\p297\p297_186_mic2.flac,p303,0,1,0.9946184158325195,0.9929392337799072,0.9946184158325195,-0.0016791820526123047,3.6275625
base,3,p297_186_mic2,p297,data\VCTK\wav48_silence_trimmed\p297\p297_186_mic2.flac,p303,0,1,0.9953581690788269,0.9931828379631042,0.9953581690788269,-0.0021753311157226562,3.6275625
lca,1,p297_186_mic2,p297,data\VCTK\wav48_silence_trimmed\p297\p297_186_mic2.flac,p303,0,1,0.9932049512863159,0.9883030652999878,0.9932049512863159,-0.004901885986328125,3.6275625
lca,2,p297_186_mic2,p297,data\VCTK\wav48_silence_trimmed\p297\p297_186_mic2.flac,p303,0,1,0.9933693408966064,0.9893699884414673,0.9933693408966064,-0.00399935245513916,3.6275625
lca,3,p297_186_mic2,p297,data\VCTK\wav48_silence_trimmed\p297\p297_186_mic2.flac,p268,0,1,0.9966477155685425,0.9944325089454651,0.9966477155685425,-0.0022152066230773926,3.6275625
original,0,p297_357_mic1,p297,data\VCTK\wav48_silence_trimmed\p297\p297_357_mic1.flac,p336,0,1,0.9979168772697449,0.9968093633651733,0.9979168772697449,-0.0011075139045715332,3.243375
base,1,p297_357_mic1,p297,data\VCTK\wav48_silence_trimmed\p297\p297_357_mic1.flac,p239,0,1,0.9932568073272705,0.9913893342018127,0.9932568073272705,-0.0018674731254577637,3.243375
base,2,p297_357_mic1,p297,data\VCTK\wav48_silence_trimmed\p297\p297_357_mic1.flac,p297,1,1,0.997718095779419,0.997718095779419,0.9976546168327332,6.347894668579102e-05,3.243375
base,3,p297_357_mic1,p297,data\VCTK\wav48_silence_trimmed\p297\p297_357_mic1.flac,p233,0,1,0.9977886080741882,0.9971489310264587,0.9977886080741882,-0.0006396770477294922,3.243375
lca,1,p297_357_mic1,p297,data\VCTK\wav48_silence_trimmed\p297\p297_357_mic1.flac,p239,0,1,0.9930939078330994,0.9915850162506104,0.9930939078330994,-0.0015088915824890137,3.243375
lca,2,p297_357_mic1,p297,data\VCTK\wav48_silence_trimmed\p297\p297_357_mic1.flac,p297,1,1,0.9980284571647644,0.9980284571647644,0.9977535009384155,0.00027495622634887695,3.243375
lca,3,p297_357_mic1,p297,data\VCTK\wav48_silence_trimmed\p297\p297_357_mic1.flac,p297,1,1,0.9980401992797852,0.9980401992797852,0.997924268245697,0.00011593103408813477,3.243375
original,0,p297_390_mic1,p297,data\VCTK\wav48_silence_trimmed\p297\p297_390_mic1.flac,p261,0,1,0.997771680355072,0.9952432513237,0.997771680355072,-0.0025284290313720703,3.2730625
base,1,p297_390_mic1,p297,data\VCTK\wav48_silence_trimmed\p297\p297_390_mic1.flac,p239,0,1,0.9917688965797424,0.9908578395843506,0.9917688965797424,-0.0009110569953918457,3.2730625
base,2,p297_390_mic1,p297,data\VCTK\wav48_silence_trimmed\p297\p297_390_mic1.flac,p261,0,1,0.9965819716453552,0.996096670627594,0.9965819716453552,-0.00048530101776123047,3.2730625
base,3,p297_390_mic1,p297,data\VCTK\wav48_silence_trimmed\p297\p297_390_mic1.flac,p261,0,1,0.9977077841758728,0.9963824152946472,0.9977077841758728,-0.001325368881225586,3.2730625
lca,1,p297_390_mic1,p297,data\VCTK\wav48_silence_trimmed\p297\p297_390_mic1.flac,p248,0,1,0.9914787411689758,0.990446925163269,0.9914787411689758,-0.0010318160057067871,3.2730625
lca,2,p297_390_mic1,p297,data\VCTK\wav48_silence_trimmed\p297\p297_390_mic1.flac,p340,0,1,0.9962326884269714,0.9959264993667603,0.9962326884269714,-0.00030618906021118164,3.2730625
lca,3,p297_390_mic1,p297,data\VCTK\wav48_silence_trimmed\p297\p297_390_mic1.flac,p261,0,1,0.9968626499176025,0.9961344003677368,0.9968626499176025,-0.0007282495498657227,3.2730625
original,0,p297_408_mic2,p297,data\VCTK\wav48_silence_trimmed\p297\p297_408_mic2.flac,p297,1,1,0.997342050075531,0.997342050075531,0.9969412684440613,0.00040078163146972656,3.972375
base,1,p297_408_mic2,p297,data\VCTK\wav48_silence_trimmed\p297\p297_408_mic2.flac,p239,0,1,0.991429328918457,0.9903313517570496,0.991429328918457,-0.0010979771614074707,3.972375
base,2,p297_408_mic2,p297,data\VCTK\wav48_silence_trimmed\p297\p297_408_mic2.flac,p239,0,1,0.9941167831420898,0.9939736723899841,0.9941167831420898,-0.0001431107521057129,3.972375
base,3,p297_408_mic2,p297,data\VCTK\wav48_silence_trimmed\p297\p297_408_mic2.flac,p297,1,1,0.9955556988716125,0.9955556988716125,0.9947658777236938,0.0007898211479187012,3.972375
lca,1,p297_408_mic2,p297,data\VCTK\wav48_silence_trimmed\p297\p297_408_mic2.flac,p239,0,1,0.9922147989273071,0.9907888174057007,0.9922147989273071,-0.0014259815216064453,3.972375
lca,2,p297_408_mic2,p297,data\VCTK\wav48_silence_trimmed\p297\p297_408_mic2.flac,p239,0,1,0.9928538203239441,0.9924765825271606,0.9928538203239441,-0.00037723779678344727,3.972375
lca,3,p297_408_mic2,p297,data\VCTK\wav48_silence_trimmed\p297\p297_408_mic2.flac,p339,0,1,0.9950104355812073,0.9948292970657349,0.9950104355812073,-0.0001811385154724121,3.972375
original,0,p298_030_mic1,p298,data\VCTK\wav48_silence_trimmed\p298\p298_030_mic1.flac,p374,0,1,0.9972078800201416,0.9824450016021729,0.9972078800201416,-0.01476287841796875,3.756375
base,1,p298_030_mic1,p298,data\VCTK\wav48_silence_trimmed\p298\p298_030_mic1.flac,p345,0,1,0.9955136775970459,0.9891735911369324,0.9955136775970459,-0.006340086460113525,3.756375
base,2,p298_030_mic1,p298,data\VCTK\wav48_silence_trimmed\p298\p298_030_mic1.flac,p260,0,1,0.9977141618728638,0.9850766658782959,0.9977141618728638,-0.012637495994567871,3.756375
base,3,p298_030_mic1,p298,data\VCTK\wav48_silence_trimmed\p298\p298_030_mic1.flac,p260,0,1,0.997949481010437,0.9879265427589417,0.997949481010437,-0.010022938251495361,3.756375
lca,1,p298_030_mic1,p298,data\VCTK\wav48_silence_trimmed\p298\p298_030_mic1.flac,p345,0,1,0.9946030974388123,0.9858388900756836,0.9946030974388123,-0.008764207363128662,3.756375
lca,2,p298_030_mic1,p298,data\VCTK\wav48_silence_trimmed\p298\p298_030_mic1.flac,p260,0,1,0.9974511861801147,0.983975350856781,0.9974511861801147,-0.01347583532333374,3.756375
lca,3,p298_030_mic1,p298,data\VCTK\wav48_silence_trimmed\p298\p298_030_mic1.flac,p260,0,1,0.9975625276565552,0.9835544228553772,0.9975625276565552,-0.014008104801177979,3.756375
original,0,p298_152_mic1,p298,data\VCTK\wav48_silence_trimmed\p298\p298_152_mic1.flac,p260,0,1,0.9979512691497803,0.9910908341407776,0.9979512691497803,-0.0068604350090026855,3.5550625
base,1,p298_152_mic1,p298,data\VCTK\wav48_silence_trimmed\p298\p298_152_mic1.flac,p345,0,1,0.9947242140769958,0.988440990447998,0.9947242140769958,-0.006283223628997803,3.5550625
base,2,p298_152_mic1,p298,data\VCTK\wav48_silence_trimmed\p298\p298_152_mic1.flac,p345,0,1,0.9987886548042297,0.9946259260177612,0.9987886548042297,-0.004162728786468506,3.5550625
base,3,p298_152_mic1,p298,data\VCTK\wav48_silence_trimmed\p298\p298_152_mic1.flac,p345,0,1,0.9985711574554443,0.9926801323890686,0.9985711574554443,-0.005891025066375732,3.5550625
lca,1,p298_152_mic1,p298,data\VCTK\wav48_silence_trimmed\p298\p298_152_mic1.flac,p303,0,1,0.9932286143302917,0.9882143139839172,0.9932286143302917,-0.005014300346374512,3.5550625
lca,2,p298_152_mic1,p298,data\VCTK\wav48_silence_trimmed\p298\p298_152_mic1.flac,p345,0,1,0.9960436224937439,0.9906439781188965,0.9960436224937439,-0.005399644374847412,3.5550625
lca,3,p298_152_mic1,p298,data\VCTK\wav48_silence_trimmed\p298\p298_152_mic1.flac,p345,0,1,0.9976601004600525,0.9917498826980591,0.9976601004600525,-0.005910217761993408,3.5550625
original,0,p298_239_mic1,p298,data\VCTK\wav48_silence_trimmed\p298\p298_239_mic1.flac,p275,0,1,0.9977531433105469,0.9777985215187073,0.9977531433105469,-0.0199546217918396,2.391875
base,1,p298_239_mic1,p298,data\VCTK\wav48_silence_trimmed\p298\p298_239_mic1.flac,p259,0,1,0.9932333827018738,0.9758984446525574,0.9932333827018738,-0.017334938049316406,2.391875
base,2,p298_239_mic1,p298,data\VCTK\wav48_silence_trimmed\p298\p298_239_mic1.flac,p292,0,1,0.9974756240844727,0.9776132702827454,0.9974756240844727,-0.019862353801727295,2.391875
base,3,p298_239_mic1,p298,data\VCTK\wav48_silence_trimmed\p298\p298_239_mic1.flac,p292,0,1,0.9976239800453186,0.9761365652084351,0.9976239800453186,-0.021487414836883545,2.391875
lca,1,p298_239_mic1,p298,data\VCTK\wav48_silence_trimmed\p298\p298_239_mic1.flac,p259,0,1,0.9936472773551941,0.975608766078949,0.9936472773551941,-0.018038511276245117,2.391875
lca,2,p298_239_mic1,p298,data\VCTK\wav48_silence_trimmed\p298\p298_239_mic1.flac,p259,0,1,0.9970665574073792,0.9745656847953796,0.9970665574073792,-0.02250087261199951,2.391875
lca,3,p298_239_mic1,p298,data\VCTK\wav48_silence_trimmed\p298\p298_239_mic1.flac,p292,0,1,0.9973651170730591,0.9729924201965332,0.9973651170730591,-0.02437269687652588,2.391875
original,0,p298_243_mic1,p298,data\VCTK\wav48_silence_trimmed\p298\p298_243_mic1.flac,p302,0,1,0.9977348446846008,0.9957641959190369,0.9977348446846008,-0.001970648765563965,3.4430625
base,1,p298_243_mic1,p298,data\VCTK\wav48_silence_trimmed\p298\p298_243_mic1.flac,p303,0,1,0.9960899949073792,0.9947842359542847,0.9960899949073792,-0.0013057589530944824,3.4430625
base,2,p298_243_mic1,p298,data\VCTK\wav48_silence_trimmed\p298\p298_243_mic1.flac,p302,0,1,0.9983649849891663,0.9956556558609009,0.9983649849891663,-0.002709329128265381,3.4430625
base,3,p298_243_mic1,p298,data\VCTK\wav48_silence_trimmed\p298\p298_243_mic1.flac,p302,0,1,0.9977010488510132,0.9944944381713867,0.9977010488510132,-0.003206610679626465,3.4430625
lca,1,p298_243_mic1,p298,data\VCTK\wav48_silence_trimmed\p298\p298_243_mic1.flac,p298,1,1,0.9949800372123718,0.9949800372123718,0.9949406385421753,3.93986701965332e-05,3.4430625
lca,2,p298_243_mic1,p298,data\VCTK\wav48_silence_trimmed\p298\p298_243_mic1.flac,p302,0,1,0.9983007907867432,0.9969521760940552,0.9983007907867432,-0.0013486146926879883,3.4430625
lca,3,p298_243_mic1,p298,data\VCTK\wav48_silence_trimmed\p298\p298_243_mic1.flac,p302,0,1,0.9984984993934631,0.9959107041358948,0.9984984993934631,-0.0025877952575683594,3.4430625
original,0,p298_292_mic1,p298,data\VCTK\wav48_silence_trimmed\p298\p298_292_mic1.flac,p360,0,1,0.9976382851600647,0.9801456332206726,0.9976382851600647,-0.01749265193939209,3.416375
base,1,p298_292_mic1,p298,data\VCTK\wav48_silence_trimmed\p298\p298_292_mic1.flac,p259,0,1,0.9947187900543213,0.9770497679710388,0.9947187900543213,-0.01766902208328247,3.416375
base,2,p298_292_mic1,p298,data\VCTK\wav48_silence_trimmed\p298\p298_292_mic1.flac,p334,0,1,0.9976986646652222,0.9778499603271484,0.9976986646652222,-0.01984870433807373,3.416375
base,3,p298_292_mic1,p298,data\VCTK\wav48_silence_trimmed\p298\p298_292_mic1.flac,p334,0,1,0.9980862140655518,0.9780712723731995,0.9980862140655518,-0.020014941692352295,3.416375
lca,1,p298_292_mic1,p298,data\VCTK\wav48_silence_trimmed\p298\p298_292_mic1.flac,p247,0,1,0.9943578839302063,0.9796578884124756,0.9943578839302063,-0.014699995517730713,3.416375
lca,2,p298_292_mic1,p298,data\VCTK\wav48_silence_trimmed\p298\p298_292_mic1.flac,p259,0,1,0.9975379705429077,0.9804482460021973,0.9975379705429077,-0.01708972454071045,3.416375
lca,3,p298_292_mic1,p298,data\VCTK\wav48_silence_trimmed\p298\p298_292_mic1.flac,p259,0,1,0.9978774785995483,0.9787445664405823,0.9978774785995483,-0.019132912158966064,3.416375
original,0,p299_111_mic1,p299,data\VCTK\wav48_silence_trimmed\p299\p299_111_mic1.flac,p300,0,1,0.9971373677253723,0.9960896968841553,0.9971373677253723,-0.001047670841217041,3.1618125
base,1,p299_111_mic1,p299,data\VCTK\wav48_silence_trimmed\p299\p299_111_mic1.flac,p239,0,1,0.9899423718452454,0.9841910600662231,0.9899423718452454,-0.005751311779022217,3.1618125
base,2,p299_111_mic1,p299,data\VCTK\wav48_silence_trimmed\p299\p299_111_mic1.flac,p339,0,1,0.9956510663032532,0.9952899813652039,0.9956510663032532,-0.0003610849380493164,3.1618125
base,3,p299_111_mic1,p299,data\VCTK\wav48_silence_trimmed\p299\p299_111_mic1.flac,p297,0,1,0.9959991574287415,0.9958126544952393,0.9959991574287415,-0.00018650293350219727,3.1618125
lca,1,p299_111_mic1,p299,data\VCTK\wav48_silence_trimmed\p299\p299_111_mic1.flac,p236,0,1,0.9883579015731812,0.9818569421768188,0.9883579015731812,-0.006500959396362305,3.1618125
lca,2,p299_111_mic1,p299,data\VCTK\wav48_silence_trimmed\p299\p299_111_mic1.flac,p236,0,1,0.9943768978118896,0.991888165473938,0.9943768978118896,-0.00248873233795166,3.1618125
lca,3,p299_111_mic1,p299,data\VCTK\wav48_silence_trimmed\p299\p299_111_mic1.flac,p236,0,1,0.9956748485565186,0.9943155646324158,0.9956748485565186,-0.0013592839241027832,3.1618125
original,0,p299_169_mic1,p299,data\VCTK\wav48_silence_trimmed\p299\p299_169_mic1.flac,p257,0,1,0.9974498152732849,0.9965857267379761,0.9974498152732849,-0.0008640885353088379,3.43925
base,1,p299_169_mic1,p299,data\VCTK\wav48_silence_trimmed\p299\p299_169_mic1.flac,p239,0,1,0.9891515374183655,0.9838681221008301,0.9891515374183655,-0.0052834153175354,3.43925
base,2,p299_169_mic1,p299,data\VCTK\wav48_silence_trimmed\p299\p299_169_mic1.flac,p339,0,1,0.9960658550262451,0.9937653541564941,0.9960658550262451,-0.0023005008697509766,3.43925
base,3,p299_169_mic1,p299,data\VCTK\wav48_silence_trimmed\p299\p299_169_mic1.flac,p339,0,1,0.9981529116630554,0.9970209002494812,0.9981529116630554,-0.0011320114135742188,3.43925
lca,1,p299_169_mic1,p299,data\VCTK\wav48_silence_trimmed\p299\p299_169_mic1.flac,p239,0,1,0.9887011647224426,0.9834614992141724,0.9887011647224426,-0.005239665508270264,3.43925
lca,2,p299_169_mic1,p299,data\VCTK\wav48_silence_trimmed\p299\p299_169_mic1.flac,p339,0,1,0.9968159794807434,0.995037317276001,0.9968159794807434,-0.0017786622047424316,3.43925
lca,3,p299_169_mic1,p299,data\VCTK\wav48_silence_trimmed\p299\p299_169_mic1.flac,p339,0,1,0.9976822733879089,0.996613085269928,0.9976822733879089,-0.001069188117980957,3.43925
original,0,p299_174_mic1,p299,data\VCTK\wav48_silence_trimmed\p299\p299_174_mic1.flac,p283,0,1,0.9978095889091492,0.9941869974136353,0.9978095889091492,-0.003622591495513916,2.992
base,1,p299_174_mic1,p299,data\VCTK\wav48_silence_trimmed\p299\p299_174_mic1.flac,p268,0,1,0.9890175461769104,0.9836479425430298,0.9890175461769104,-0.005369603633880615,2.992
base,2,p299_174_mic1,p299,data\VCTK\wav48_silence_trimmed\p299\p299_174_mic1.flac,p268,0,1,0.9967968463897705,0.9930908679962158,0.9967968463897705,-0.0037059783935546875,2.992
base,3,p299_174_mic1,p299,data\VCTK\wav48_silence_trimmed\p299\p299_174_mic1.flac,p283,0,1,0.9973666667938232,0.9941418766975403,0.9973666667938232,-0.003224790096282959,2.992
lca,1,p299_174_mic1,p299,data\VCTK\wav48_silence_trimmed\p299\p299_174_mic1.flac,p303,0,1,0.990338921546936,0.9826474785804749,0.990338921546936,-0.007691442966461182,2.992
lca,2,p299_174_mic1,p299,data\VCTK\wav48_silence_trimmed\p299\p299_174_mic1.flac,p303,0,1,0.9967338442802429,0.9888297319412231,0.9967338442802429,-0.007904112339019775,2.992
lca,3,p299_174_mic1,p299,data\VCTK\wav48_silence_trimmed\p299\p299_174_mic1.flac,p238,0,1,0.9960812330245972,0.9915329813957214,0.9960812330245972,-0.004548251628875732,2.992
original,0,p299_228_mic1,p299,data\VCTK\wav48_silence_trimmed\p299\p299_228_mic1.flac,p299,1,1,0.9970194101333618,0.9970194101333618,0.9960949420928955,0.0009244680404663086,3.2869375
base,1,p299_228_mic1,p299,data\VCTK\wav48_silence_trimmed\p299\p299_228_mic1.flac,p239,0,1,0.9863775372505188,0.9808908104896545,0.9863775372505188,-0.005486726760864258,3.2869375
base,2,p299_228_mic1,p299,data\VCTK\wav48_silence_trimmed\p299\p299_228_mic1.flac,p259,0,1,0.9948387145996094,0.9932012557983398,0.9948387145996094,-0.0016374588012695312,3.2869375
base,3,p299_228_mic1,p299,data\VCTK\wav48_silence_trimmed\p299\p299_228_mic1.flac,p299,1,1,0.9960967898368835,0.9960967898368835,0.9958722591400146,0.00022453069686889648,3.2869375
lca,1,p299_228_mic1,p299,data\VCTK\wav48_silence_trimmed\p299\p299_228_mic1.flac,p236,0,1,0.9822641015052795,0.9746072292327881,0.9822641015052795,-0.007656872272491455,3.2869375
lca,2,p299_228_mic1,p299,data\VCTK\wav48_silence_trimmed\p299\p299_228_mic1.flac,p259,0,1,0.9918927550315857,0.9887838363647461,0.9918927550315857,-0.0031089186668395996,3.2869375
lca,3,p299_228_mic1,p299,data\VCTK\wav48_silence_trimmed\p299\p299_228_mic1.flac,p259,0,1,0.9948073625564575,0.9933978319168091,0.9948073625564575,-0.0014095306396484375,3.2869375
original,0,p299_233_mic2,p299,data\VCTK\wav48_silence_trimmed\p299\p299_233_mic2.flac,p317,0,1,0.9963064789772034,0.9878928661346436,0.9963064789772034,-0.008413612842559814,3.3400625
base,1,p299_233_mic2,p299,data\VCTK\wav48_silence_trimmed\p299\p299_233_mic2.flac,p239,0,1,0.9908584952354431,0.9864330887794495,0.9908584952354431,-0.004425406455993652,3.3400625
base,2,p299_233_mic2,p299,data\VCTK\wav48_silence_trimmed\p299\p299_233_mic2.flac,p294,0,1,0.9969218373298645,0.9930799007415771,0.9969218373298645,-0.0038419365882873535,3.3400625
base,3,p299_233_mic2,p299,data\VCTK\wav48_silence_trimmed\p299\p299_233_mic2.flac,p294,0,1,0.9959225058555603,0.9907019138336182,0.9959225058555603,-0.005220592021942139,3.3400625
lca,1,p299_233_mic2,p299,data\VCTK\wav48_silence_trimmed\p299\p299_233_mic2.flac,p239,0,1,0.9922713041305542,0.9889294505119324,0.9922713041305542,-0.003341853618621826,3.3400625
lca,2,p299_233_mic2,p299,data\VCTK\wav48_silence_trimmed\p299\p299_233_mic2.flac,p294,0,1,0.9946755766868591,0.9908071756362915,0.9946755766868591,-0.003868401050567627,3.3400625
lca,3,p299_233_mic2,p299,data\VCTK\wav48_silence_trimmed\p299\p299_233_mic2.flac,p294,0,1,0.9954379200935364,0.9912610054016113,0.9954379200935364,-0.004176914691925049,3.3400625
original,0,p300_097_mic2,p300,data\VCTK\wav48_silence_trimmed\p300\p300_097_mic2.flac,p303,0,1,0.997464656829834,0.99371337890625,0.997464656829834,-0.0037512779235839844,4.8806875
base,1,p300_097_mic2,p300,data\VCTK\wav48_silence_trimmed\p300\p300_097_mic2.flac,p303,0,1,0.9960958361625671,0.9854087233543396,0.9960958361625671,-0.010687112808227539,4.8806875
base,2,p300_097_mic2,p300,data\VCTK\wav48_silence_trimmed\p300\p300_097_mic2.flac,p303,0,1,0.9984135031700134,0.991381824016571,0.9984135031700134,-0.007031679153442383,4.8806875
base,3,p300_097_mic2,p300,data\VCTK\wav48_silence_trimmed\p300\p300_097_mic2.flac,p303,0,1,0.9984598755836487,0.9915657639503479,0.9984598755836487,-0.006894111633300781,4.8806875
lca,1,p300_097_mic2,p300,data\VCTK\wav48_silence_trimmed\p300\p300_097_mic2.flac,p303,0,1,0.9965943098068237,0.9920152425765991,0.9965943098068237,-0.004579067230224609,4.8806875
lca,2,p300_097_mic2,p300,data\VCTK\wav48_silence_trimmed\p300\p300_097_mic2.flac,p303,0,1,0.9979972839355469,0.9922846555709839,0.9979972839355469,-0.005712628364562988,4.8806875
lca,3,p300_097_mic2,p300,data\VCTK\wav48_silence_trimmed\p300\p300_097_mic2.flac,p303,0,1,0.9980347752571106,0.9921094179153442,0.9980347752571106,-0.005925357341766357,4.8806875
original,0,p300_154_mic1,p300,data\VCTK\wav48_silence_trimmed\p300\p300_154_mic1.flac,p298,0,1,0.9969722032546997,0.9868937730789185,0.9969722032546997,-0.01007843017578125,3.9671875
base,1,p300_154_mic1,p300,data\VCTK\wav48_silence_trimmed\p300\p300_154_mic1.flac,p303,0,1,0.9945600032806396,0.9813294410705566,0.9945600032806396,-0.013230562210083008,3.9671875
base,2,p300_154_mic1,p300,data\VCTK\wav48_silence_trimmed\p300\p300_154_mic1.flac,p298,0,1,0.996857762336731,0.9857627749443054,0.996857762336731,-0.011094987392425537,3.9671875
base,3,p300_154_mic1,p300,data\VCTK\wav48_silence_trimmed\p300\p300_154_mic1.flac,p298,0,1,0.9969542026519775,0.9876111149787903,0.9969542026519775,-0.009343087673187256,3.9671875
lca,1,p300_154_mic1,p300,data\VCTK\wav48_silence_trimmed\p300\p300_154_mic1.flac,p303,0,1,0.9913654327392578,0.9764706492424011,0.9913654327392578,-0.01489478349685669,3.9671875
lca,2,p300_154_mic1,p300,data\VCTK\wav48_silence_trimmed\p300\p300_154_mic1.flac,p303,0,1,0.9972320199012756,0.9895583987236023,0.9972320199012756,-0.00767362117767334,3.9671875
lca,3,p300_154_mic1,p300,data\VCTK\wav48_silence_trimmed\p300\p300_154_mic1.flac,p298,0,1,0.9966335296630859,0.9888493418693542,0.9966335296630859,-0.0077841877937316895,3.9671875
original,0,p300_190_mic1,p300,data\VCTK\wav48_silence_trimmed\p300\p300_190_mic1.flac,p299,0,1,0.9960711002349854,0.9957979917526245,0.9960711002349854,-0.00027310848236083984,4.867875
base,1,p300_190_mic1,p300,data\VCTK\wav48_silence_trimmed\p300\p300_190_mic1.flac,p239,0,1,0.9907397627830505,0.984039306640625,0.9907397627830505,-0.006700456142425537,4.867875
base,2,p300_190_mic1,p300,data\VCTK\wav48_silence_trimmed\p300\p300_190_mic1.flac,p236,0,1,0.9956673979759216,0.9928668141365051,0.9956673979759216,-0.002800583839416504,4.867875
base,3,p300_190_mic1,p300,data\VCTK\wav48_silence_trimmed\p300\p300_190_mic1.flac,p351,0,1,0.9965791702270508,0.9957956671714783,0.9965791702270508,-0.0007835030555725098,4.867875
lca,1,p300_190_mic1,p300,data\VCTK\wav48_silence_trimmed\p300\p300_190_mic1.flac,p236,0,1,0.9916155934333801,0.986311674118042,0.9916155934333801,-0.005303919315338135,4.867875
lca,2,p300_190_mic1,p300,data\VCTK\wav48_silence_trimmed\p300\p300_190_mic1.flac,p236,0,1,0.9946724772453308,0.9904729127883911,0.9946724772453308,-0.004199564456939697,4.867875
lca,3,p300_190_mic1,p300,data\VCTK\wav48_silence_trimmed\p300\p300_190_mic1.flac,p236,0,1,0.9961106777191162,0.994155764579773,0.9961106777191162,-0.0019549131393432617,4.867875
original,0,p300_336_mic2,p300,data\VCTK\wav48_silence_trimmed\p300\p300_336_mic2.flac,p288,0,1,0.996603786945343,0.9941585659980774,0.996603786945343,-0.002445220947265625,6.008875
base,1,p300_336_mic2,p300,data\VCTK\wav48_silence_trimmed\p300\p300_336_mic2.flac,p268,0,1,0.9950157999992371,0.9920836091041565,0.9950157999992371,-0.0029321908950805664,6.008875
base,2,p300_336_mic2,p300,data\VCTK\wav48_silence_trimmed\p300\p300_336_mic2.flac,p301,0,1,0.9969198703765869,0.9925746321678162,0.9969198703765869,-0.004345238208770752,6.008875
base,3,p300_336_mic2,p300,data\VCTK\wav48_silence_trimmed\p300\p300_336_mic2.flac,p233,0,1,0.9960941076278687,0.9933515191078186,0.9960941076278687,-0.002742588520050049,6.008875
lca,1,p300_336_mic2,p300,data\VCTK\wav48_silence_trimmed\p300\p300_336_mic2.flac,p301,0,1,0.9956405162811279,0.9926941394805908,0.9956405162811279,-0.0029463768005371094,6.008875
lca,2,p300_336_mic2,p300,data\VCTK\wav48_silence_trimmed\p300\p300_336_mic2.flac,p288,0,1,0.9965069890022278,0.9944713711738586,0.9965069890022278,-0.0020356178283691406,6.008875
lca,3,p300_336_mic2,p300,data\VCTK\wav48_silence_trimmed\p300\p300_336_mic2.flac,p288,0,1,0.9970826506614685,0.9953382015228271,0.9970826506614685,-0.0017444491386413574,6.008875
original,0,p300_388_mic1,p300,data\VCTK\wav48_silence_trimmed\p300\p300_388_mic1.flac,p236,0,1,0.9953958988189697,0.994586169719696,0.9953958988189697,-0.0008097290992736816,3.628375
base,1,p300_388_mic1,p300,data\VCTK\wav48_silence_trimmed\p300\p300_388_mic1.flac,p239,0,1,0.9917917251586914,0.986548662185669,0.9917917251586914,-0.005243062973022461,3.628375
base,2,p300_388_mic1,p300,data\VCTK\wav48_silence_trimmed\p300\p300_388_mic1.flac,p236,0,1,0.9957797527313232,0.9942930340766907,0.9957797527313232,-0.0014867186546325684,3.628375
base,3,p300_388_mic1,p300,data\VCTK\wav48_silence_trimmed\p300\p300_388_mic1.flac,p351,0,1,0.9963334798812866,0.9956282377243042,0.9963334798812866,-0.0007052421569824219,3.628375
lca,1,p300_388_mic1,p300,data\VCTK\wav48_silence_trimmed\p300\p300_388_mic1.flac,p236,0,1,0.9894059896469116,0.9830195307731628,0.9894059896469116,-0.006386458873748779,3.628375
lca,2,p300_388_mic1,p300,data\VCTK\wav48_silence_trimmed\p300\p300_388_mic1.flac,p236,0,1,0.9949246048927307,0.9908754825592041,0.9949246048927307,-0.004049122333526611,3.628375
lca,3,p300_388_mic1,p300,data\VCTK\wav48_silence_trimmed\p300\p300_388_mic1.flac,p236,0,1,0.9952912330627441,0.9924613833427429,0.9952912330627441,-0.0028298497200012207,3.628375
original,0,p301_010_mic2,p301,data\VCTK\wav48_silence_trimmed\p301\p301_010_mic2.flac,p301,1,1,0.9974045157432556,0.9974045157432556,0.9969856142997742,0.0004189014434814453,3.9155625
base,1,p301_010_mic2,p301,data\VCTK\wav48_silence_trimmed\p301\p301_010_mic2.flac,p278,0,1,0.9947978258132935,0.9945510029792786,0.9947978258132935,-0.0002468228340148926,3.9155625
base,2,p301_010_mic2,p301,data\VCTK\wav48_silence_trimmed\p301\p301_010_mic2.flac,p301,1,1,0.9967595338821411,0.9967595338821411,0.9963111281394958,0.00044840574264526367,3.9155625
base,3,p301_010_mic2,p301,data\VCTK\wav48_silence_trimmed\p301\p301_010_mic2.flac,p301,1,1,0.9972308278083801,0.9972308278083801,0.9963067173957825,0.0009241104125976562,3.9155625
lca,1,p301_010_mic2,p301,data\VCTK\wav48_silence_trimmed\p301\p301_010_mic2.flac,p278,0,1,0.9957100749015808,0.9944767355918884,0.9957100749015808,-0.0012333393096923828,3.9155625
lca,2,p301_010_mic2,p301,data\VCTK\wav48_silence_trimmed\p301\p301_010_mic2.flac,p301,1,1,0.9957324266433716,0.9957324266433716,0.9949607849121094,0.000771641731262207,3.9155625
lca,3,p301_010_mic2,p301,data\VCTK\wav48_silence_trimmed\p301\p301_010_mic2.flac,p301,1,1,0.9964259266853333,0.9964259266853333,0.9955648183822632,0.0008611083030700684,3.9155625
original,0,p301_065_mic1,p301,data\VCTK\wav48_silence_trimmed\p301\p301_065_mic1.flac,p301,1,1,0.9978450536727905,0.9978450536727905,0.9954142570495605,0.0024307966232299805,4.431
base,1,p301_065_mic1,p301,data\VCTK\wav48_silence_trimmed\p301\p301_065_mic1.flac,p297,0,1,0.9930042624473572,0.9888074398040771,0.9930042624473572,-0.004196822643280029,4.431
base,2,p301_065_mic1,p301,data\VCTK\wav48_silence_trimmed\p301\p301_065_mic1.flac,p297,0,1,0.9973821640014648,0.9960822463035583,0.9973821640014648,-0.0012999176979064941,4.431
base,3,p301_065_mic1,p301,data\VCTK\wav48_silence_trimmed\p301\p301_065_mic1.flac,p301,1,1,0.9976205825805664,0.9976205825805664,0.9970711469650269,0.0005494356155395508,4.431
lca,1,p301_065_mic1,p301,data\VCTK\wav48_silence_trimmed\p301\p301_065_mic1.flac,p239,0,1,0.9912916421890259,0.9867565035820007,0.9912916421890259,-0.0045351386070251465,4.431
lca,2,p301_065_mic1,p301,data\VCTK\wav48_silence_trimmed\p301\p301_065_mic1.flac,p297,0,1,0.9963414669036865,0.9943302869796753,0.9963414669036865,-0.0020111799240112305,4.431
lca,3,p301_065_mic1,p301,data\VCTK\wav48_silence_trimmed\p301\p301_065_mic1.flac,p297,0,1,0.997124195098877,0.9957405924797058,0.997124195098877,-0.0013836026191711426,4.431
original,0,p301_253_mic2,p301,data\VCTK\wav48_silence_trimmed\p301\p301_253_mic2.flac,p301,1,1,0.9975588321685791,0.9975588321685791,0.9965147376060486,0.0010440945625305176,7.54175
base,1,p301_253_mic2,p301,data\VCTK\wav48_silence_trimmed\p301\p301_253_mic2.flac,p297,0,1,0.9942654967308044,0.9923308491706848,0.9942654967308044,-0.001934647560119629,7.54175
base,2,p301_253_mic2,p301,data\VCTK\wav48_silence_trimmed\p301\p301_253_mic2.flac,p301,1,1,0.9971103668212891,0.9971103668212891,0.9950186610221863,0.002091705799102783,7.54175
base,3,p301_253_mic2,p301,data\VCTK\wav48_silence_trimmed\p301\p301_253_mic2.flac,p301,1,1,0.9976407885551453,0.9976407885551453,0.9953417778015137,0.002299010753631592,7.54175
lca,1,p301_253_mic2,p301,data\VCTK\wav48_silence_trimmed\p301\p301_253_mic2.flac,p301,1,1,0.9946892261505127,0.9946892261505127,0.9939999580383301,0.0006892681121826172,7.54175
lca,2,p301_253_mic2,p301,data\VCTK\wav48_silence_trimmed\p301\p301_253_mic2.flac,p301,1,1,0.9966219663619995,0.9966219663619995,0.9947659969329834,0.0018559694290161133,7.54175
lca,3,p301_253_mic2,p301,data\VCTK\wav48_silence_trimmed\p301\p301_253_mic2.flac,p301,1,1,0.9974267482757568,0.9974267482757568,0.9960502982139587,0.0013764500617980957,7.54175
original,0,p301_314_mic1,p301,data\VCTK\wav48_silence_trimmed\p301\p301_314_mic1.flac,p301,1,1,0.9968393445014954,0.9968393445014954,0.9967261552810669,0.0001131892204284668,3.7215625
base,1,p301_314_mic1,p301,data\VCTK\wav48_silence_trimmed\p301\p301_314_mic1.flac,p268,0,1,0.9938250184059143,0.9907939434051514,0.9938250184059143,-0.0030310750007629395,3.7215625
base,2,p301_314_mic1,p301,data\VCTK\wav48_silence_trimmed\p301\p301_314_mic1.flac,p239,0,1,0.9972507357597351,0.994937539100647,0.9972507357597351,-0.0023131966590881348,3.7215625
base,3,p301_314_mic1,p301,data\VCTK\wav48_silence_trimmed\p301\p301_314_mic1.flac,p262,0,1,0.9976993799209595,0.99531090259552,0.9976993799209595,-0.002388477325439453,3.7215625
lca,1,p301_314_mic1,p301,data\VCTK\wav48_silence_trimmed\p301\p301_314_mic1.flac,p239,0,1,0.9935411810874939,0.9901251792907715,0.9935411810874939,-0.003416001796722412,3.7215625
lca,2,p301_314_mic1,p301,data\VCTK\wav48_silence_trimmed\p301\p301_314_mic1.flac,p239,0,1,0.9956217408180237,0.9949836730957031,0.9956217408180237,-0.0006380677223205566,3.7215625
lca,3,p301_314_mic1,p301,data\VCTK\wav48_silence_trimmed\p301\p301_314_mic1.flac,p239,0,1,0.996471643447876,0.995879054069519,0.996471643447876,-0.0005925893783569336,3.7215625
original,0,p301_405_mic1,p301,data\VCTK\wav48_silence_trimmed\p301\p301_405_mic1.flac,p301,1,1,0.998534083366394,0.998534083366394,0.9955825805664062,0.002951502799987793,3.290625
base,1,p301_405_mic1,p301,data\VCTK\wav48_silence_trimmed\p301\p301_405_mic1.flac,p297,0,1,0.9938713908195496,0.9916461706161499,0.9938713908195496,-0.002225220203399658,3.290625
base,2,p301_405_mic1,p301,data\VCTK\wav48_silence_trimmed\p301\p301_405_mic1.flac,p301,1,1,0.9980954527854919,0.9980954527854919,0.9966958165168762,0.0013996362686157227,3.290625
base,3,p301_405_mic1,p301,data\VCTK\wav48_silence_trimmed\p301\p301_405_mic1.flac,p301,1,1,0.9982177019119263,0.9982177019119263,0.9971410036087036,0.0010766983032226562,3.290625
lca,1,p301_405_mic1,p301,data\VCTK\wav48_silence_trimmed\p301\p301_405_mic1.flac,p301,1,1,0.9917240738868713,0.9917240738868713,0.9911525249481201,0.0005715489387512207,3.290625
lca,2,p301_405_mic1,p301,data\VCTK\wav48_silence_trimmed\p301\p301_405_mic1.flac,p301,1,1,0.9975968599319458,0.9975968599319458,0.9962362051010132,0.0013606548309326172,3.290625
lca,3,p301_405_mic1,p301,data\VCTK\wav48_silence_trimmed\p301\p301_405_mic1.flac,p301,1,1,0.9979889392852783,0.9979889392852783,0.9974612593650818,0.0005276799201965332,3.290625
original,0,p302_043_mic2,p302,data\VCTK\wav48_silence_trimmed\p302\p302_043_mic2.flac,p258,0,1,0.9983422756195068,0.99787837266922,0.9983422756195068,-0.00046390295028686523,2.9169375
base,1,p302_043_mic2,p302,data\VCTK\wav48_silence_trimmed\p302\p302_043_mic2.flac,p303,0,1,0.994791567325592,0.9941025376319885,0.994791567325592,-0.0006890296936035156,2.9169375
base,2,p302_043_mic2,p302,data\VCTK\wav48_silence_trimmed\p302\p302_043_mic2.flac,p302,1,1,0.998075008392334,0.998075008392334,0.9964262843132019,0.00164872407913208,2.9169375
base,3,p302_043_mic2,p302,data\VCTK\wav48_silence_trimmed\p302\p302_043_mic2.flac,p302,1,1,0.9980083703994751,0.9980083703994751,0.9974279403686523,0.0005804300308227539,2.9169375
lca,1,p302_043_mic2,p302,data\VCTK\wav48_silence_trimmed\p302\p302_043_mic2.flac,p302,1,1,0.9949727058410645,0.9949727058410645,0.9943395853042603,0.0006331205368041992,2.9169375
lca,2,p302_043_mic2,p302,data\VCTK\wav48_silence_trimmed\p302\p302_043_mic2.flac,p302,1,1,0.9965431690216064,0.9965431690216064,0.9957093000411987,0.0008338689804077148,2.9169375
lca,3,p302_043_mic2,p302,data\VCTK\wav48_silence_trimmed\p302\p302_043_mic2.flac,p302,1,1,0.9979189038276672,0.9979189038276672,0.9964758157730103,0.0014430880546569824,2.9169375
original,0,p302_046_mic2,p302,data\VCTK\wav48_silence_trimmed\p302\p302_046_mic2.flac,p302,1,1,0.9976409673690796,0.9976409673690796,0.9975641965866089,7.677078247070312e-05,2.834375
base,1,p302_046_mic2,p302,data\VCTK\wav48_silence_trimmed\p302\p302_046_mic2.flac,p303,0,1,0.9952161908149719,0.9939771294593811,0.9952161908149719,-0.0012390613555908203,2.834375
base,2,p302_046_mic2,p302,data\VCTK\wav48_silence_trimmed\p302\p302_046_mic2.flac,p302,1,1,0.998009204864502,0.998009204864502,0.9975568652153015,0.00045233964920043945,2.834375
base,3,p302_046_mic2,p302,data\VCTK\wav48_silence_trimmed\p302\p302_046_mic2.flac,p302,1,1,0.9986214637756348,0.9986214637756348,0.9971745014190674,0.0014469623565673828,2.834375
lca,1,p302_046_mic2,p302,data\VCTK\wav48_silence_trimmed\p302\p302_046_mic2.flac,p302,1,1,0.9963122010231018,0.9963122010231018,0.99565190076828,0.0006603002548217773,2.834375
lca,2,p302_046_mic2,p302,data\VCTK\wav48_silence_trimmed\p302\p302_046_mic2.flac,p302,1,1,0.9976287484169006,0.9976287484169006,0.996678352355957,0.0009503960609436035,2.834375
lca,3,p302_046_mic2,p302,data\VCTK\wav48_silence_trimmed\p302\p302_046_mic2.flac,p302,1,1,0.9978179335594177,0.9978179335594177,0.9973077178001404,0.0005102157592773438,2.834375
original,0,p302_106_mic1,p302,data\VCTK\wav48_silence_trimmed\p302\p302_106_mic1.flac,p302,1,1,0.9983640909194946,0.9983640909194946,0.9973148703575134,0.0010492205619812012,3.28925
base,1,p302_106_mic1,p302,data\VCTK\wav48_silence_trimmed\p302\p302_106_mic1.flac,p239,0,1,0.9938374161720276,0.9901065826416016,0.9938374161720276,-0.0037308335304260254,3.28925
base,2,p302_106_mic1,p302,data\VCTK\wav48_silence_trimmed\p302\p302_106_mic1.flac,p279,0,1,0.9972330927848816,0.994831919670105,0.9972330927848816,-0.0024011731147766113,3.28925
base,3,p302_106_mic1,p302,data\VCTK\wav48_silence_trimmed\p302\p302_106_mic1.flac,p260,0,1,0.9977219104766846,0.9944164752960205,0.9977219104766846,-0.0033054351806640625,3.28925
lca,1,p302_106_mic1,p302,data\VCTK\wav48_silence_trimmed\p302\p302_106_mic1.flac,p239,0,1,0.991574227809906,0.9845127463340759,0.991574227809906,-0.007061481475830078,3.28925
lca,2,p302_106_mic1,p302,data\VCTK\wav48_silence_trimmed\p302\p302_106_mic1.flac,p279,0,1,0.9960495233535767,0.9957674145698547,0.9960495233535767,-0.00028210878372192383,3.28925
lca,3,p302_106_mic1,p302,data\VCTK\wav48_silence_trimmed\p302\p302_106_mic1.flac,p279,0,1,0.9974486827850342,0.9956648349761963,0.9974486827850342,-0.0017838478088378906,3.28925
original,0,p302_110_mic1,p302,data\VCTK\wav48_silence_trimmed\p302\p302_110_mic1.flac,p302,1,1,0.998796820640564,0.998796820640564,0.9970791935920715,0.0017176270484924316,3.3839375
base,1,p302_110_mic1,p302,data\VCTK\wav48_silence_trimmed\p302\p302_110_mic1.flac,p303,0,1,0.9958134293556213,0.9944390058517456,0.9958134293556213,-0.0013744235038757324,3.3839375
base,2,p302_110_mic1,p302,data\VCTK\wav48_silence_trimmed\p302\p302_110_mic1.flac,p302,1,1,0.9983043074607849,0.9983043074607849,0.9973185658454895,0.0009857416152954102,3.3839375
base,3,p302_110_mic1,p302,data\VCTK\wav48_silence_trimmed\p302\p302_110_mic1.flac,p298,0,1,0.998309850692749,0.9982517957687378,0.998309850692749,-5.805492401123047e-05,3.3839375
lca,1,p302_110_mic1,p302,data\VCTK\wav48_silence_trimmed\p302\p302_110_mic1.flac,p303,0,1,0.9955053329467773,0.9923532605171204,0.9955053329467773,-0.0031520724296569824,3.3839375
lca,2,p302_110_mic1,p302,data\VCTK\wav48_silence_trimmed\p302\p302_110_mic1.flac,p302,1,1,0.9970563650131226,0.9970563650131226,0.996833086013794,0.00022327899932861328,3.3839375
lca,3,p302_110_mic1,p302,data\VCTK\wav48_silence_trimmed\p302\p302_110_mic1.flac,p302,1,1,0.9976910352706909,0.9976910352706909,0.996492326259613,0.0011987090110778809,3.3839375
original,0,p302_253_mic2,p302,data\VCTK\wav48_silence_trimmed\p302\p302_253_mic2.flac,p302,1,1,0.9986514449119568,0.9986514449119568,0.9977533221244812,0.0008981227874755859,5.2208125
base,1,p302_253_mic2,p302,data\VCTK\wav48_silence_trimmed\p302\p302_253_mic2.flac,p303,0,1,0.9961990714073181,0.9947264790534973,0.9961990714073181,-0.0014725923538208008,5.2208125
base,2,p302_253_mic2,p302,data\VCTK\wav48_silence_trimmed\p302\p302_253_mic2.flac,p302,1,1,0.9961832165718079,0.9961832165718079,0.9957903027534485,0.000392913818359375,5.2208125
base,3,p302_253_mic2,p302,data\VCTK\wav48_silence_trimmed\p302\p302_253_mic2.flac,p302,1,1,0.9972886443138123,0.9972886443138123,0.9963012933731079,0.0009873509407043457,5.2208125
lca,1,p302_253_mic2,p302,data\VCTK\wav48_silence_trimmed\p302\p302_253_mic2.flac,p302,1,1,0.9967316389083862,0.9967316389083862,0.9955697059631348,0.0011619329452514648,5.2208125
lca,2,p302_253_mic2,p302,data\VCTK\wav48_silence_trimmed\p302\p302_253_mic2.flac,p302,1,1,0.9974623918533325,0.9974623918533325,0.995715320110321,0.0017470717430114746,5.2208125
lca,3,p302_253_mic2,p302,data\VCTK\wav48_silence_trimmed\p302\p302_253_mic2.flac,p302,1,1,0.9972912073135376,0.9972912073135376,0.9966292381286621,0.0006619691848754883,5.2208125
original,0,p303_176_mic1,p303,data\VCTK\wav48_silence_trimmed\p303\p303_176_mic1.flac,p341,0,1,0.9949936270713806,0.9717666506767273,0.9949936270713806,-0.02322697639465332,3.545125
base,1,p303_176_mic1,p303,data\VCTK\wav48_silence_trimmed\p303\p303_176_mic1.flac,p297,0,1,0.9929904341697693,0.9801744818687439,0.9929904341697693,-0.01281595230102539,3.545125
base,2,p303_176_mic1,p303,data\VCTK\wav48_silence_trimmed\p303\p303_176_mic1.flac,p341,0,1,0.995210587978363,0.9763360023498535,0.995210587978363,-0.01887458562850952,3.545125
base,3,p303_176_mic1,p303,data\VCTK\wav48_silence_trimmed\p303\p303_176_mic1.flac,p341,0,1,0.9944324493408203,0.9700431823730469,0.9944324493408203,-0.024389266967773438,3.545125
lca,1,p303_176_mic1,p303,data\VCTK\wav48_silence_trimmed\p303\p303_176_mic1.flac,p255,0,1,0.9902359843254089,0.9655162692070007,0.9902359843254089,-0.024719715118408203,3.545125
lca,2,p303_176_mic1,p303,data\VCTK\wav48_silence_trimmed\p303\p303_176_mic1.flac,p255,0,1,0.9952346086502075,0.9727411270141602,0.9952346086502075,-0.022493481636047363,3.545125
lca,3,p303_176_mic1,p303,data\VCTK\wav48_silence_trimmed\p303\p303_176_mic1.flac,p255,0,1,0.9949666261672974,0.9725866317749023,0.9949666261672974,-0.02237999439239502,3.545125
original,0,p303_187_mic1,p303,data\VCTK\wav48_silence_trimmed\p303\p303_187_mic1.flac,p244,0,1,0.9972321391105652,0.9894249439239502,0.9972321391105652,-0.00780719518661499,3.3939375
base,1,p303_187_mic1,p303,data\VCTK\wav48_silence_trimmed\p303\p303_187_mic1.flac,p253,0,1,0.9949885010719299,0.9934312701225281,0.9949885010719299,-0.0015572309494018555,3.3939375
base,2,p303_187_mic1,p303,data\VCTK\wav48_silence_trimmed\p303\p303_187_mic1.flac,p329,0,1,0.9974465370178223,0.9909043908119202,0.9974465370178223,-0.0065421462059021,3.3939375
base,3,p303_187_mic1,p303,data\VCTK\wav48_silence_trimmed\p303\p303_187_mic1.flac,p329,0,1,0.9969770908355713,0.9899532198905945,0.9969770908355713,-0.007023870944976807,3.3939375
lca,1,p303_187_mic1,p303,data\VCTK\wav48_silence_trimmed\p303\p303_187_mic1.flac,p303,1,1,0.9960751533508301,0.9960751533508301,0.9951013922691345,0.0009737610816955566,3.3939375
lca,2,p303_187_mic1,p303,data\VCTK\wav48_silence_trimmed\p303\p303_187_mic1.flac,p233,0,1,0.9970368146896362,0.9926664233207703,0.9970368146896362,-0.004370391368865967,3.3939375
lca,3,p303_187_mic1,p303,data\VCTK\wav48_silence_trimmed\p303\p303_187_mic1.flac,p228,0,1,0.9970211386680603,0.9909590482711792,0.9970211386680603,-0.0060620903968811035,3.3939375
original,0,p303_233_mic2,p303,data\VCTK\wav48_silence_trimmed\p303\p303_233_mic2.flac,s5,0,1,0.9970568418502808,0.9848450422286987,0.9970568418502808,-0.012211799621582031,5.43675
base,1,p303_233_mic2,p303,data\VCTK\wav48_silence_trimmed\p303\p303_233_mic2.flac,p253,0,1,0.9943943619728088,0.9909927845001221,0.9943943619728088,-0.0034015774726867676,5.43675
base,2,p303_233_mic2,p303,data\VCTK\wav48_silence_trimmed\p303\p303_233_mic2.flac,p253,0,1,0.9965025186538696,0.9883087277412415,0.9965025186538696,-0.008193790912628174,5.43675
base,3,p303_233_mic2,p303,data\VCTK\wav48_silence_trimmed\p303\p303_233_mic2.flac,p253,0,1,0.9967968463897705,0.9881600737571716,0.9967968463897705,-0.008636772632598877,5.43675
lca,1,p303_233_mic2,p303,data\VCTK\wav48_silence_trimmed\p303\p303_233_mic2.flac,p297,0,1,0.9961668848991394,0.9903309941291809,0.9961668848991394,-0.005835890769958496,5.43675
lca,2,p303_233_mic2,p303,data\VCTK\wav48_silence_trimmed\p303\p303_233_mic2.flac,s5,0,1,0.9958924651145935,0.9855706691741943,0.9958924651145935,-0.01032179594039917,5.43675
lca,3,p303_233_mic2,p303,data\VCTK\wav48_silence_trimmed\p303\p303_233_mic2.flac,s5,0,1,0.9964103102684021,0.9849296808242798,0.9964103102684021,-0.011480629444122314,5.43675
original,0,p303_257_mic1,p303,data\VCTK\wav48_silence_trimmed\p303\p303_257_mic1.flac,p298,0,1,0.9978330135345459,0.9930546283721924,0.9978330135345459,-0.004778385162353516,5.38375
base,1,p303_257_mic1,p303,data\VCTK\wav48_silence_trimmed\p303\p303_257_mic1.flac,p303,1,1,0.9967942833900452,0.9967942833900452,0.9945235252380371,0.0022707581520080566,5.38375
base,2,p303_257_mic1,p303,data\VCTK\wav48_silence_trimmed\p303\p303_257_mic1.flac,p298,0,1,0.998662531375885,0.9966238737106323,0.998662531375885,-0.0020386576652526855,5.38375
base,3,p303_257_mic1,p303,data\VCTK\wav48_silence_trimmed\p303\p303_257_mic1.flac,p298,0,1,0.997974157333374,0.9954169988632202,0.997974157333374,-0.0025571584701538086,5.38375
lca,1,p303_257_mic1,p303,data\VCTK\wav48_silence_trimmed\p303\p303_257_mic1.flac,p303,1,1,0.9933717846870422,0.9933717846870422,0.991962730884552,0.0014090538024902344,5.38375
lca,2,p303_257_mic1,p303,data\VCTK\wav48_silence_trimmed\p303\p303_257_mic1.flac,p298,0,1,0.9981086850166321,0.9964288473129272,0.9981086850166321,-0.001679837703704834,5.38375
lca,3,p303_257_mic1,p303,data\VCTK\wav48_silence_trimmed\p303\p303_257_mic1.flac,p298,0,1,0.9986761808395386,0.9974021911621094,0.9986761808395386,-0.0012739896774291992,5.38375
original,0,p303_304_mic1,p303,data\VCTK\wav48_silence_trimmed\p303\p303_304_mic1.flac,p249,0,1,0.99690842628479,0.9808254241943359,0.99690842628479,-0.0160830020904541,3.8565
base,1,p303_304_mic1,p303,data\VCTK\wav48_silence_trimmed\p303\p303_304_mic1.flac,p239,0,1,0.9939467310905457,0.9796702861785889,0.9939467310905457,-0.014276444911956787,3.8565
base,2,p303_304_mic1,p303,data\VCTK\wav48_silence_trimmed\p303\p303_304_mic1.flac,p297,0,1,0.997696042060852,0.9891652464866638,0.997696042060852,-0.008530795574188232,3.8565
base,3,p303_304_mic1,p303,data\VCTK\wav48_silence_trimmed\p303\p303_304_mic1.flac,p351,0,1,0.9972639679908752,0.9883646965026855,0.9972639679908752,-0.008899271488189697,3.8565
lca,1,p303_304_mic1,p303,data\VCTK\wav48_silence_trimmed\p303\p303_304_mic1.flac,p239,0,1,0.9931575059890747,0.9805691242218018,0.9931575059890747,-0.01258838176727295,3.8565
lca,2,p303_304_mic1,p303,data\VCTK\wav48_silence_trimmed\p303\p303_304_mic1.flac,p351,0,1,0.9974855780601501,0.9867806434631348,0.9974855780601501,-0.01070493459701538,3.8565
lca,3,p303_304_mic1,p303,data\VCTK\wav48_silence_trimmed\p303\p303_304_mic1.flac,p351,0,1,0.9974528551101685,0.9829336404800415,0.9974528551101685,-0.014519214630126953,3.8565
original,0,p304_131_mic2,p304,data\VCTK\wav48_silence_trimmed\p304\p304_131_mic2.flac,p226,0,1,0.9967410564422607,0.9962916970252991,0.9967410564422607,-0.0004493594169616699,2.690625
base,1,p304_131_mic2,p304,data\VCTK\wav48_silence_trimmed\p304\p304_131_mic2.flac,p303,0,1,0.9936524033546448,0.9855543375015259,0.9936524033546448,-0.008098065853118896,2.690625
base,2,p304_131_mic2,p304,data\VCTK\wav48_silence_trimmed\p304\p304_131_mic2.flac,p345,0,1,0.9967811107635498,0.993690550327301,0.9967811107635498,-0.0030905604362487793,2.690625
base,3,p304_131_mic2,p304,data\VCTK\wav48_silence_trimmed\p304\p304_131_mic2.flac,p345,0,1,0.9970315098762512,0.9952684044837952,0.9970315098762512,-0.0017631053924560547,2.690625
lca,1,p304_131_mic2,p304,data\VCTK\wav48_silence_trimmed\p304\p304_131_mic2.flac,p256,0,1,0.994688868522644,0.9881113171577454,0.994688868522644,-0.006577551364898682,2.690625
lca,2,p304_131_mic2,p304,data\VCTK\wav48_silence_trimmed\p304\p304_131_mic2.flac,p345,0,1,0.9955620169639587,0.9908410906791687,0.9955620169639587,-0.004720926284790039,2.690625
lca,3,p304_131_mic2,p304,data\VCTK\wav48_silence_trimmed\p304\p304_131_mic2.flac,p345,0,1,0.9965148568153381,0.9934147596359253,0.9965148568153381,-0.003100097179412842,2.690625
original,0,p304_161_mic1,p304,data\VCTK\wav48_silence_trimmed\p304\p304_161_mic1.flac,p304,1,1,0.997931718826294,0.997931718826294,0.9978920221328735,3.9696693420410156e-05,2.968
base,1,p304_161_mic1,p304,data\VCTK\wav48_silence_trimmed\p304\p304_161_mic1.flac,p303,0,1,0.9949987530708313,0.9852325916290283,0.9949987530708313,-0.009766161441802979,2.968
base,2,p304_161_mic1,p304,data\VCTK\wav48_silence_trimmed\p304\p304_161_mic1.flac,p345,0,1,0.9978488683700562,0.9959944486618042,0.9978488683700562,-0.0018544197082519531,2.968
base,3,p304_161_mic1,p304,data\VCTK\wav48_silence_trimmed\p304\p304_161_mic1.flac,p226,0,1,0.9977081418037415,0.9966866374015808,0.9977081418037415,-0.0010215044021606445,2.968
lca,1,p304_161_mic1,p304,data\VCTK\wav48_silence_trimmed\p304\p304_161_mic1.flac,p303,0,1,0.992121160030365,0.9823015332221985,0.992121160030365,-0.009819626808166504,2.968
lca,2,p304_161_mic1,p304,data\VCTK\wav48_silence_trimmed\p304\p304_161_mic1.flac,p345,0,1,0.9969235062599182,0.9940957427024841,0.9969235062599182,-0.002827763557434082,2.968
lca,3,p304_161_mic1,p304,data\VCTK\wav48_silence_trimmed\p304\p304_161_mic1.flac,p258,0,1,0.9973604083061218,0.995618999004364,0.9973604083061218,-0.0017414093017578125,2.968
original,0,p304_255_mic1,p304,data\VCTK\wav48_silence_trimmed\p304\p304_255_mic1.flac,p226,0,1,0.9969416856765747,0.9953629970550537,0.9969416856765747,-0.001578688621520996,2.0505625
base,1,p304_255_mic1,p304,data\VCTK\wav48_silence_trimmed\p304\p304_255_mic1.flac,p302,0,1,0.9949744343757629,0.9870244860649109,0.9949744343757629,-0.00794994831085205,2.0505625
base,2,p304_255_mic1,p304,data\VCTK\wav48_silence_trimmed\p304\p304_255_mic1.flac,p258,0,1,0.9974876642227173,0.9946316480636597,0.9974876642227173,-0.002856016159057617,2.0505625
base,3,p304_255_mic1,p304,data\VCTK\wav48_silence_trimmed\p304\p304_255_mic1.flac,p258,0,1,0.9969323873519897,0.9949174523353577,0.9969323873519897,-0.00201493501663208,2.0505625
lca,1,p304_255_mic1,p304,data\VCTK\wav48_silence_trimmed\p304\p304_255_mic1.flac,p303,0,1,0.9943177103996277,0.983990490436554,0.9943177103996277,-0.01032721996307373,2.0505625
lca,2,p304_255_mic1,p304,data\VCTK\wav48_silence_trimmed\p304\p304_255_mic1.flac,p258,0,1,0.9969050288200378,0.9926362633705139,0.9969050288200378,-0.004268765449523926,2.0505625
lca,3,p304_255_mic1,p304,data\VCTK\wav48_silence_trimmed\p304\p304_255_mic1.flac,p258,0,1,0.9969474077224731,0.9931814670562744,0.9969474077224731,-0.0037659406661987305,2.0505625
original,0,p304_410_mic2,p304,data\VCTK\wav48_silence_trimmed\p304\p304_410_mic2.flac,p308,0,1,0.9961606860160828,0.9922804236412048,0.9961606860160828,-0.0038802623748779297,3.4451875
base,1,p304_410_mic2,p304,data\VCTK\wav48_silence_trimmed\p304\p304_410_mic2.flac,p303,0,1,0.9954618811607361,0.9845592379570007,0.9954618811607361,-0.010902643203735352,3.4451875
base,2,p304_410_mic2,p304,data\VCTK\wav48_silence_trimmed\p304\p304_410_mic2.flac,p302,0,1,0.9970601201057434,0.9893213510513306,0.9970601201057434,-0.007738769054412842,3.4451875
base,3,p304_410_mic2,p304,data\VCTK\wav48_silence_trimmed\p304\p304_410_mic2.flac,p302,0,1,0.996825098991394,0.9902957081794739,0.996825098991394,-0.006529390811920166,3.4451875
lca,1,p304_410_mic2,p304,data\VCTK\wav48_silence_trimmed\p304\p304_410_mic2.flac,p302,0,1,0.9956173300743103,0.9868758320808411,0.9956173300743103,-0.008741497993469238,3.4451875
lca,2,p304_410_mic2,p304,data\VCTK\wav48_silence_trimmed\p304\p304_410_mic2.flac,p298,0,1,0.9954718351364136,0.9850447177886963,0.9954718351364136,-0.010427117347717285,3.4451875
lca,3,p304_410_mic2,p304,data\VCTK\wav48_silence_trimmed\p304\p304_410_mic2.flac,p298,0,1,0.996468722820282,0.9880523681640625,0.996468722820282,-0.008416354656219482,3.4451875
original,0,p304_413_mic1,p304,data\VCTK\wav48_silence_trimmed\p304\p304_413_mic1.flac,p298,0,1,0.9974422454833984,0.9853048920631409,0.9974422454833984,-0.012137353420257568,2.3936875
base,1,p304_413_mic1,p304,data\VCTK\wav48_silence_trimmed\p304\p304_413_mic1.flac,p298,0,1,0.9948377013206482,0.9788542985916138,0.9948377013206482,-0.015983402729034424,2.3936875
base,2,p304_413_mic1,p304,data\VCTK\wav48_silence_trimmed\p304\p304_413_mic1.flac,p298,0,1,0.9979703426361084,0.9847763776779175,0.9979703426361084,-0.013193964958190918,2.3936875
base,3,p304_413_mic1,p304,data\VCTK\wav48_silence_trimmed\p304\p304_413_mic1.flac,p298,0,1,0.997778058052063,0.9850483536720276,0.997778058052063,-0.0127297043800354,2.3936875
lca,1,p304_413_mic1,p304,data\VCTK\wav48_silence_trimmed\p304\p304_413_mic1.flac,p298,0,1,0.9941665530204773,0.9724375605583191,0.9941665530204773,-0.021728992462158203,2.3936875
lca,2,p304_413_mic1,p304,data\VCTK\wav48_silence_trimmed\p304\p304_413_mic1.flac,p298,0,1,0.9966613054275513,0.9773127436637878,0.9966613054275513,-0.019348561763763428,2.3936875
lca,3,p304_413_mic1,p304,data\VCTK\wav48_silence_trimmed\p304\p304_413_mic1.flac,p298,0,1,0.9969769716262817,0.9800223112106323,0.9969769716262817,-0.016954660415649414,2.3936875
original,0,p305_152_mic2,p305,data\VCTK\wav48_silence_trimmed\p305\p305_152_mic2.flac,p305,1,1,0.9928033351898193,0.9928033351898193,0.9923658967018127,0.0004374384880065918,3.3303125
base,1,p305_152_mic2,p305,data\VCTK\wav48_silence_trimmed\p305\p305_152_mic2.flac,p312,0,1,0.9897580146789551,0.9875410795211792,0.9897580146789551,-0.002216935157775879,3.3303125
base,2,p305_152_mic2,p305,data\VCTK\wav48_silence_trimmed\p305\p305_152_mic2.flac,p333,0,1,0.9892941117286682,0.9876466393470764,0.9892941117286682,-0.0016474723815917969,3.3303125
base,3,p305_152_mic2,p305,data\VCTK\wav48_silence_trimmed\p305\p305_152_mic2.flac,p236,0,1,0.9937229156494141,0.9927623867988586,0.9937229156494141,-0.0009605288505554199,3.3303125
lca,1,p305_152_mic2,p305,data\VCTK\wav48_silence_trimmed\p305\p305_152_mic2.flac,p312,0,1,0.9945253729820251,0.9921386241912842,0.9945253729820251,-0.002386748790740967,3.3303125
lca,2,p305_152_mic2,p305,data\VCTK\wav48_silence_trimmed\p305\p305_152_mic2.flac,p333,0,1,0.9920320510864258,0.9911550879478455,0.9920320510864258,-0.0008769631385803223,3.3303125
lca,3,p305_152_mic2,p305,data\VCTK\wav48_silence_trimmed\p305\p305_152_mic2.flac,p333,0,1,0.9933668971061707,0.9928987622261047,0.9933668971061707,-0.00046813488006591797,3.3303125
original,0,p305_181_mic1,p305,data\VCTK\wav48_silence_trimmed\p305\p305_181_mic1.flac,p305,1,1,0.99763023853302,0.99763023853302,0.99274080991745,0.004889428615570068,3.2313125
base,1,p305_181_mic1,p305,data\VCTK\wav48_silence_trimmed\p305\p305_181_mic1.flac,p333,0,1,0.9892355799674988,0.988883912563324,0.9892355799674988,-0.0003516674041748047,3.2313125
base,2,p305_181_mic1,p305,data\VCTK\wav48_silence_trimmed\p305\p305_181_mic1.flac,p305,1,1,0.9933838844299316,0.9933838844299316,0.9923331141471863,0.0010507702827453613,3.2313125
base,3,p305_181_mic1,p305,data\VCTK\wav48_silence_trimmed\p305\p305_181_mic1.flac,p305,1,1,0.9948395490646362,0.9948395490646362,0.9940794706344604,0.0007600784301757812,3.2313125
lca,1,p305_181_mic1,p305,data\VCTK\wav48_silence_trimmed\p305\p305_181_mic1.flac,p236,0,1,0.9900491237640381,0.9865080118179321,0.9900491237640381,-0.003541111946105957,3.2313125
lca,2,p305_181_mic1,p305,data\VCTK\wav48_silence_trimmed\p305\p305_181_mic1.flac,p236,0,1,0.9926990866661072,0.9922788739204407,0.9926990866661072,-0.0004202127456665039,3.2313125
lca,3,p305_181_mic1,p305,data\VCTK\wav48_silence_trimmed\p305\p305_181_mic1.flac,p305,1,1,0.9940800070762634,0.9940800070762634,0.9934125542640686,0.0006674528121948242,3.2313125
original,0,p305_216_mic1,p305,data\VCTK\wav48_silence_trimmed\p305\p305_216_mic1.flac,p305,1,1,0.9963081479072571,0.9963081479072571,0.9938914775848389,0.002416670322418213,3.182
base,1,p305_216_mic1,p305,data\VCTK\wav48_silence_trimmed\p305\p305_216_mic1.flac,p236,0,1,0.9897725582122803,0.9872838258743286,0.9897725582122803,-0.00248873233795166,3.182
base,2,p305_216_mic1,p305,data\VCTK\wav48_silence_trimmed\p305\p305_216_mic1.flac,p333,0,1,0.9940930604934692,0.992914080619812,0.9940930604934692,-0.0011789798736572266,3.182
base,3,p305_216_mic1,p305,data\VCTK\wav48_silence_trimmed\p305\p305_216_mic1.flac,p305,1,1,0.9949792623519897,0.9949792623519897,0.9947613477706909,0.00021791458129882812,3.182
lca,1,p305_216_mic1,p305,data\VCTK\wav48_silence_trimmed\p305\p305_216_mic1.flac,p333,0,1,0.986649215221405,0.9839466214179993,0.986649215221405,-0.0027025938034057617,3.182
lca,2,p305_216_mic1,p305,data\VCTK\wav48_silence_trimmed\p305\p305_216_mic1.flac,p333,0,1,0.9935480356216431,0.9926812052726746,0.9935480356216431,-0.0008668303489685059,3.182
lca,3,p305_216_mic1,p305,data\VCTK\wav48_silence_trimmed\p305\p305_216_mic1.flac,p333,0,1,0.9939261674880981,0.9931468367576599,0.9939261674880981,-0.0007793307304382324,3.182
original,0,p305_316_mic1,p305,data\VCTK\wav48_silence_trimmed\p305\p305_316_mic1.flac,p305,1,1,0.9947797060012817,0.9947797060012817,0.9916437268257141,0.003135979175567627,2.768875
base,1,p305_316_mic1,p305,data\VCTK\wav48_silence_trimmed\p305\p305_316_mic1.flac,p305,1,1,0.9898389577865601,0.9898389577865601,0.9890617728233337,0.0007771849632263184,2.768875
base,2,p305_316_mic1,p305,data\VCTK\wav48_silence_trimmed\p305\p305_316_mic1.flac,p305,1,1,0.9931365251541138,0.9931365251541138,0.9923529028892517,0.0007836222648620605,2.768875
base,3,p305_316_mic1,p305,data\VCTK\wav48_silence_trimmed\p305\p305_316_mic1.flac,p305,1,1,0.9947382211685181,0.9947382211685181,0.9934494495391846,0.001288771629333496,2.768875
lca,1,p305_316_mic1,p305,data\VCTK\wav48_silence_trimmed\p305\p305_316_mic1.flac,p333,0,1,0.9876956343650818,0.9876167178153992,0.9876956343650818,-7.891654968261719e-05,2.768875
lca,2,p305_316_mic1,p305,data\VCTK\wav48_silence_trimmed\p305\p305_316_mic1.flac,p333,0,1,0.9870116710662842,0.9865613579750061,0.9870116710662842,-0.00045031309127807617,2.768875
lca,3,p305_316_mic1,p305,data\VCTK\wav48_silence_trimmed\p305\p305_316_mic1.flac,p305,1,1,0.9895942211151123,0.9895942211151123,0.9889842867851257,0.0006099343299865723,2.768875
original,0,p305_336_mic1,p305,data\VCTK\wav48_silence_trimmed\p305\p305_336_mic1.flac,p250,0,1,0.9967988133430481,0.9957155585289001,0.9967988133430481,-0.0010832548141479492,3.628875
base,1,p305_336_mic1,p305,data\VCTK\wav48_silence_trimmed\p305\p305_336_mic1.flac,p312,0,1,0.9924249649047852,0.9895319938659668,0.9924249649047852,-0.0028929710388183594,3.628875
base,2,p305_336_mic1,p305,data\VCTK\wav48_silence_trimmed\p305\p305_336_mic1.flac,p305,1,1,0.994852602481842,0.994852602481842,0.994440495967865,0.0004121065139770508,3.628875
base,3,p305_336_mic1,p305,data\VCTK\wav48_silence_trimmed\p305\p305_336_mic1.flac,p312,0,1,0.9958322048187256,0.995499849319458,0.9958322048187256,-0.0003323554992675781,3.628875
lca,1,p305_336_mic1,p305,data\VCTK\wav48_silence_trimmed\p305\p305_336_mic1.flac,p312,0,1,0.9920684099197388,0.9897966384887695,0.9920684099197388,-0.0022717714309692383,3.628875
lca,2,p305_336_mic1,p305,data\VCTK\wav48_silence_trimmed\p305\p305_336_mic1.flac,p312,0,1,0.9957296848297119,0.9944930076599121,0.9957296848297119,-0.0012366771697998047,3.628875
lca,3,p305_336_mic1,p305,data\VCTK\wav48_silence_trimmed\p305\p305_336_mic1.flac,p305,1,1,0.9945774674415588,0.9945774674415588,0.9935358762741089,0.0010415911674499512,3.628875
original,0,p306_021_mic2,p306,data\VCTK\wav48_silence_trimmed\p306\p306_021_mic2.flac,p282,0,1,0.9951284527778625,0.9932585954666138,0.9951284527778625,-0.0018698573112487793,12.797375
base,1,p306_021_mic2,p306,data\VCTK\wav48_silence_trimmed\p306\p306_021_mic2.flac,p333,0,1,0.992256224155426,0.9885807037353516,0.992256224155426,-0.003675520420074463,12.797375
base,2,p306_021_mic2,p306,data\VCTK\wav48_silence_trimmed\p306\p306_021_mic2.flac,p341,0,1,0.9950331449508667,0.9929512739181519,0.9950331449508667,-0.0020818710327148438,12.797375
base,3,p306_021_mic2,p306,data\VCTK\wav48_silence_trimmed\p306\p306_021_mic2.flac,p341,0,1,0.9949846267700195,0.9945898652076721,0.9949846267700195,-0.0003947615623474121,12.797375
lca,1,p306_021_mic2,p306,data\VCTK\wav48_silence_trimmed\p306\p306_021_mic2.flac,p341,0,1,0.9927842617034912,0.9908936023712158,0.9927842617034912,-0.0018906593322753906,12.797375
lca,2,p306_021_mic2,p306,data\VCTK\wav48_silence_trimmed\p306\p306_021_mic2.flac,p341,0,1,0.9934508800506592,0.9912164211273193,0.9934508800506592,-0.0022344589233398438,12.797375
lca,3,p306_021_mic2,p306,data\VCTK\wav48_silence_trimmed\p306\p306_021_mic2.flac,p341,0,1,0.9939740896224976,0.9916138648986816,0.9939740896224976,-0.002360224723815918,12.797375
original,0,p306_247_mic2,p306,data\VCTK\wav48_silence_trimmed\p306\p306_247_mic2.flac,p225,0,1,0.9979814291000366,0.9966069459915161,0.9979814291000366,-0.0013744831085205078,5.083125
base,1,p306_247_mic2,p306,data\VCTK\wav48_silence_trimmed\p306\p306_247_mic2.flac,p239,0,1,0.9953269362449646,0.9851524829864502,0.9953269362449646,-0.010174453258514404,5.083125
base,2,p306_247_mic2,p306,data\VCTK\wav48_silence_trimmed\p306\p306_247_mic2.flac,p239,0,1,0.9968501925468445,0.99094158411026,0.9968501925468445,-0.005908608436584473,5.083125
base,3,p306_247_mic2,p306,data\VCTK\wav48_silence_trimmed\p306\p306_247_mic2.flac,p239,0,1,0.9963379502296448,0.9915655851364136,0.9963379502296448,-0.004772365093231201,5.083125
lca,1,p306_247_mic2,p306,data\VCTK\wav48_silence_trimmed\p306\p306_247_mic2.flac,p239,0,1,0.9951878190040588,0.9892096519470215,0.9951878190040588,-0.0059781670570373535,5.083125
lca,2,p306_247_mic2,p306,data\VCTK\wav48_silence_trimmed\p306\p306_247_mic2.flac,p239,0,1,0.9963146448135376,0.9900131821632385,0.9963146448135376,-0.006301462650299072,5.083125
lca,3,p306_247_mic2,p306,data\VCTK\wav48_silence_trimmed\p306\p306_247_mic2.flac,p297,0,1,0.9974654912948608,0.9933837652206421,0.9974654912948608,-0.00408172607421875,5.083125
original,0,p306_293_mic2,p306,data\VCTK\wav48_silence_trimmed\p306\p306_293_mic2.flac,p295,0,1,0.9963967800140381,0.9922077655792236,0.9963967800140381,-0.004189014434814453,6.5470625
base,1,p306_293_mic2,p306,data\VCTK\wav48_silence_trimmed\p306\p306_293_mic2.flac,p297,0,1,0.994788408279419,0.9885579943656921,0.994788408279419,-0.006230413913726807,6.5470625
base,2,p306_293_mic2,p306,data\VCTK\wav48_silence_trimmed\p306\p306_293_mic2.flac,p301,0,1,0.9970424771308899,0.9916437864303589,0.9970424771308899,-0.005398690700531006,6.5470625
base,3,p306_293_mic2,p306,data\VCTK\wav48_silence_trimmed\p306\p306_293_mic2.flac,p301,0,1,0.9973496198654175,0.9922985434532166,0.9973496198654175,-0.005051076412200928,6.5470625
lca,1,p306_293_mic2,p306,data\VCTK\wav48_silence_trimmed\p306\p306_293_mic2.flac,p278,0,1,0.9967118501663208,0.9941126108169556,0.9967118501663208,-0.0025992393493652344,6.5470625
lca,2,p306_293_mic2,p306,data\VCTK\wav48_silence_trimmed\p306\p306_293_mic2.flac,p301,0,1,0.996213972568512,0.9930854439735413,0.996213972568512,-0.003128528594970703,6.5470625
lca,3,p306_293_mic2,p306,data\VCTK\wav48_silence_trimmed\p306\p306_293_mic2.flac,p294,0,1,0.9967876672744751,0.9939476251602173,0.9967876672744751,-0.0028400421142578125,6.5470625
original,0,p306_303_mic2,p306,data\VCTK\wav48_silence_trimmed\p306\p306_303_mic2.flac,p308,0,1,0.9977454543113708,0.9868223667144775,0.9977454543113708,-0.01092308759689331,6.4199375
base,1,p306_303_mic2,p306,data\VCTK\wav48_silence_trimmed\p306\p306_303_mic2.flac,p303,0,1,0.9960540533065796,0.9767424464225769,0.9960540533065796,-0.019311606884002686,6.4199375
base,2,p306_303_mic2,p306,data\VCTK\wav48_silence_trimmed\p306\p306_303_mic2.flac,p303,0,1,0.996838390827179,0.9800011515617371,0.996838390827179,-0.016837239265441895,6.4199375
base,3,p306_303_mic2,p306,data\VCTK\wav48_silence_trimmed\p306\p306_303_mic2.flac,p303,0,1,0.9971923232078552,0.9799022078514099,0.9971923232078552,-0.017290115356445312,6.4199375
lca,1,p306_303_mic2,p306,data\VCTK\wav48_silence_trimmed\p306\p306_303_mic2.flac,p298,0,1,0.9966138005256653,0.9714308381080627,0.9966138005256653,-0.02518296241760254,6.4199375
lca,2,p306_303_mic2,p306,data\VCTK\wav48_silence_trimmed\p306\p306_303_mic2.flac,p302,0,1,0.9972373247146606,0.9818500280380249,0.9972373247146606,-0.015387296676635742,6.4199375
lca,3,p306_303_mic2,p306,data\VCTK\wav48_silence_trimmed\p306\p306_303_mic2.flac,p298,0,1,0.9969029426574707,0.9793383479118347,0.9969029426574707,-0.017564594745635986,6.4199375
original,0,p306_360_mic1,p306,data\VCTK\wav48_silence_trimmed\p306\p306_360_mic1.flac,p376,0,1,0.9940518140792847,0.9934890866279602,0.9940518140792847,-0.0005627274513244629,3.88
base,1,p306_360_mic1,p306,data\VCTK\wav48_silence_trimmed\p306\p306_360_mic1.flac,p225,0,1,0.9970206022262573,0.9963696599006653,0.9970206022262573,-0.000650942325592041,3.88
base,2,p306_360_mic1,p306,data\VCTK\wav48_silence_trimmed\p306\p306_360_mic1.flac,p376,0,1,0.9952596426010132,0.9933733940124512,0.9952596426010132,-0.0018862485885620117,3.88
base,3,p306_360_mic1,p306,data\VCTK\wav48_silence_trimmed\p306\p306_360_mic1.flac,p376,0,1,0.9941877722740173,0.9920493960380554,0.9941877722740173,-0.002138376235961914,3.88
lca,1,p306_360_mic1,p306,data\VCTK\wav48_silence_trimmed\p306\p306_360_mic1.flac,p243,0,1,0.9967337250709534,0.9956895709037781,0.9967337250709534,-0.001044154167175293,3.88
lca,2,p306_360_mic1,p306,data\VCTK\wav48_silence_trimmed\p306\p306_360_mic1.flac,p230,0,1,0.995861291885376,0.995745837688446,0.995861291885376,-0.00011545419692993164,3.88
lca,3,p306_360_mic1,p306,data\VCTK\wav48_silence_trimmed\p306\p306_360_mic1.flac,p376,0,1,0.9956477284431458,0.9943680763244629,0.9956477284431458,-0.0012796521186828613,3.88
original,0,p307_060_mic1,p307,data\VCTK\wav48_silence_trimmed\p307\p307_060_mic1.flac,p361,0,1,0.9960149526596069,0.9871865510940552,0.9960149526596069,-0.008828401565551758,4.9436875
base,1,p307_060_mic1,p307,data\VCTK\wav48_silence_trimmed\p307\p307_060_mic1.flac,p303,0,1,0.9960771799087524,0.9831629395484924,0.9960771799087524,-0.01291424036026001,4.9436875
base,2,p307_060_mic1,p307,data\VCTK\wav48_silence_trimmed\p307\p307_060_mic1.flac,p303,0,1,0.9968962073326111,0.9869575500488281,0.9968962073326111,-0.009938657283782959,4.9436875
base,3,p307_060_mic1,p307,data\VCTK\wav48_silence_trimmed\p307\p307_060_mic1.flac,p361,0,1,0.9969571232795715,0.9888396263122559,0.9969571232795715,-0.008117496967315674,4.9436875
lca,1,p307_060_mic1,p307,data\VCTK\wav48_silence_trimmed\p307\p307_060_mic1.flac,p303,0,1,0.9940360188484192,0.9824468493461609,0.9940360188484192,-0.0115891695022583,4.9436875
lca,2,p307_060_mic1,p307,data\VCTK\wav48_silence_trimmed\p307\p307_060_mic1.flac,p303,0,1,0.9983954429626465,0.9889491200447083,0.9983954429626465,-0.009446322917938232,4.9436875
lca,3,p307_060_mic1,p307,data\VCTK\wav48_silence_trimmed\p307\p307_060_mic1.flac,p303,0,1,0.9984458088874817,0.9904097318649292,0.9984458088874817,-0.00803607702255249,4.9436875
original,0,p307_115_mic2,p307,data\VCTK\wav48_silence_trimmed\p307\p307_115_mic2.flac,p307,1,1,0.9945051670074463,0.9945051670074463,0.992401123046875,0.002104043960571289,3.8503125
base,1,p307_115_mic2,p307,data\VCTK\wav48_silence_trimmed\p307\p307_115_mic2.flac,p312,0,1,0.9936227798461914,0.9808040857315063,0.9936227798461914,-0.012818694114685059,3.8503125
base,2,p307_115_mic2,p307,data\VCTK\wav48_silence_trimmed\p307\p307_115_mic2.flac,p312,0,1,0.9918249845504761,0.9885526299476624,0.9918249845504761,-0.0032723546028137207,3.8503125
base,3,p307_115_mic2,p307,data\VCTK\wav48_silence_trimmed\p307\p307_115_mic2.flac,p294,0,1,0.9920175075531006,0.9917848110198975,0.9920175075531006,-0.000232696533203125,3.8503125
lca,1,p307_115_mic2,p307,data\VCTK\wav48_silence_trimmed\p307\p307_115_mic2.flac,p294,0,1,0.996129035949707,0.9918801784515381,0.996129035949707,-0.004248857498168945,3.8503125
lca,2,p307_115_mic2,p307,data\VCTK\wav48_silence_trimmed\p307\p307_115_mic2.flac,p317,0,1,0.9943830370903015,0.9938648343086243,0.9943830370903015,-0.0005182027816772461,3.8503125
lca,3,p307_115_mic2,p307,data\VCTK\wav48_silence_trimmed\p307\p307_115_mic2.flac,p317,0,1,0.996117889881134,0.9951605200767517,0.996117889881134,-0.0009573698043823242,3.8503125
original,0,p307_166_mic2,p307,data\VCTK\wav48_silence_trimmed\p307\p307_166_mic2.flac,p317,0,1,0.9969690442085266,0.9958154559135437,0.9969690442085266,-0.0011535882949829102,4.4788125
base,1,p307_166_mic2,p307,data\VCTK\wav48_silence_trimmed\p307\p307_166_mic2.flac,p303,0,1,0.9966521859169006,0.9838017821311951,0.9966521859169006,-0.012850403785705566,4.4788125
base,2,p307_166_mic2,p307,data\VCTK\wav48_silence_trimmed\p307\p307_166_mic2.flac,p303,0,1,0.9964002370834351,0.9897506237030029,0.9964002370834351,-0.006649613380432129,4.4788125
base,3,p307_166_mic2,p307,data\VCTK\wav48_silence_trimmed\p307\p307_166_mic2.flac,p303,0,1,0.9966619610786438,0.991412878036499,0.9966619610786438,-0.005249083042144775,4.4788125
lca,1,p307_166_mic2,p307,data\VCTK\wav48_silence_trimmed\p307\p307_166_mic2.flac,p303,0,1,0.9973240494728088,0.9891137480735779,0.9973240494728088,-0.008210301399230957,4.4788125
lca,2,p307_166_mic2,p307,data\VCTK\wav48_silence_trimmed\p307\p307_166_mic2.flac,p303,0,1,0.9976518154144287,0.9903227686882019,0.9976518154144287,-0.007329046726226807,4.4788125
lca,3,p307_166_mic2,p307,data\VCTK\wav48_silence_trimmed\p307\p307_166_mic2.flac,p303,0,1,0.9977050423622131,0.9930129051208496,0.9977050423622131,-0.004692137241363525,4.4788125
original,0,p307_232_mic1,p307,data\VCTK\wav48_silence_trimmed\p307\p307_232_mic1.flac,p361,0,1,0.9937028884887695,0.9823576807975769,0.9937028884887695,-0.011345207691192627,3.7373125
base,1,p307_232_mic1,p307,data\VCTK\wav48_silence_trimmed\p307\p307_232_mic1.flac,p303,0,1,0.9947983622550964,0.9799498915672302,0.9947983622550964,-0.014848470687866211,3.7373125
base,2,p307_232_mic1,p307,data\VCTK\wav48_silence_trimmed\p307\p307_232_mic1.flac,p303,0,1,0.9973838925361633,0.9866911172866821,0.9973838925361633,-0.010692775249481201,3.7373125
base,3,p307_232_mic1,p307,data\VCTK\wav48_silence_trimmed\p307\p307_232_mic1.flac,p238,0,1,0.9964307546615601,0.9854286909103394,0.9964307546615601,-0.011002063751220703,3.7373125
lca,1,p307_232_mic1,p307,data\VCTK\wav48_silence_trimmed\p307\p307_232_mic1.flac,p303,0,1,0.9931277632713318,0.9759078025817871,0.9931277632713318,-0.017219960689544678,3.7373125
lca,2,p307_232_mic1,p307,data\VCTK\wav48_silence_trimmed\p307\p307_232_mic1.flac,p303,0,1,0.995955228805542,0.9819463491439819,0.995955228805542,-0.014008879661560059,3.7373125
lca,3,p307_232_mic1,p307,data\VCTK\wav48_silence_trimmed\p307\p307_232_mic1.flac,p238,0,1,0.9957996606826782,0.9834198355674744,0.9957996606826782,-0.012379825115203857,3.7373125
original,0,p307_306_mic2,p307,data\VCTK\wav48_silence_trimmed\p307\p307_306_mic2.flac,p307,1,1,0.9973248243331909,0.9973248243331909,0.9952184557914734,0.0021063685417175293,4.3699375
base,1,p307_306_mic2,p307,data\VCTK\wav48_silence_trimmed\p307\p307_306_mic2.flac,p268,0,1,0.9943410158157349,0.990402340888977,0.9943410158157349,-0.0039386749267578125,4.3699375
base,2,p307_306_mic2,p307,data\VCTK\wav48_silence_trimmed\p307\p307_306_mic2.flac,p317,0,1,0.9973269701004028,0.9953265190124512,0.9973269701004028,-0.00200045108795166,4.3699375
base,3,p307_306_mic2,p307,data\VCTK\wav48_silence_trimmed\p307\p307_306_mic2.flac,p317,0,1,0.9977489113807678,0.9965853095054626,0.9977489113807678,-0.0011636018753051758,4.3699375
lca,1,p307_306_mic2,p307,data\VCTK\wav48_silence_trimmed\p307\p307_306_mic2.flac,p317,0,1,0.9949344396591187,0.9935277104377747,0.9949344396591187,-0.0014067292213439941,4.3699375
lca,2,p307_306_mic2,p307,data\VCTK\wav48_silence_trimmed\p307\p307_306_mic2.flac,p317,0,1,0.9968916177749634,0.9959021806716919,0.9968916177749634,-0.0009894371032714844,4.3699375
lca,3,p307_306_mic2,p307,data\VCTK\wav48_silence_trimmed\p307\p307_306_mic2.flac,p317,0,1,0.9976569414138794,0.996806263923645,0.9976569414138794,-0.000850677490234375,4.3699375
original,0,p308_005_mic1,p308,data\VCTK\wav48_silence_trimmed\p308\p308_005_mic1.flac,p362,0,1,0.991630494594574,0.977682888507843,0.991630494594574,-0.013947606086730957,5.9973125
base,1,p308_005_mic1,p308,data\VCTK\wav48_silence_trimmed\p308\p308_005_mic1.flac,p333,0,1,0.9922530651092529,0.9670489430427551,0.9922530651092529,-0.025204122066497803,5.9973125
base,2,p308_005_mic1,p308,data\VCTK\wav48_silence_trimmed\p308\p308_005_mic1.flac,p306,0,1,0.9956867694854736,0.9821867942810059,0.9956867694854736,-0.013499975204467773,5.9973125
base,3,p308_005_mic1,p308,data\VCTK\wav48_silence_trimmed\p308\p308_005_mic1.flac,p306,0,1,0.9942295551300049,0.9823601841926575,0.9942295551300049,-0.011869370937347412,5.9973125
lca,1,p308_005_mic1,p308,data\VCTK\wav48_silence_trimmed\p308\p308_005_mic1.flac,p341,0,1,0.9931612014770508,0.9729045629501343,0.9931612014770508,-0.020256638526916504,5.9973125
lca,2,p308_005_mic1,p308,data\VCTK\wav48_silence_trimmed\p308\p308_005_mic1.flac,p266,0,1,0.9943867325782776,0.9700601100921631,0.9943867325782776,-0.024326622486114502,5.9973125
lca,3,p308_005_mic1,p308,data\VCTK\wav48_silence_trimmed\p308\p308_005_mic1.flac,p266,0,1,0.9940316677093506,0.9747041463851929,0.9940316677093506,-0.019327521324157715,5.9973125
original,0,p308_068_mic1,p308,data\VCTK\wav48_silence_trimmed\p308\p308_068_mic1.flac,p262,0,1,0.9969717264175415,0.9879041910171509,0.9969717264175415,-0.009067535400390625,2.861375
base,1,p308_068_mic1,p308,data\VCTK\wav48_silence_trimmed\p308\p308_068_mic1.flac,p239,0,1,0.9936413168907166,0.980970025062561,0.9936413168907166,-0.012671291828155518,2.861375
base,2,p308_068_mic1,p308,data\VCTK\wav48_silence_trimmed\p308\p308_068_mic1.flac,p262,0,1,0.9982277154922485,0.9884992837905884,0.9982277154922485,-0.009728431701660156,2.861375
base,3,p308_068_mic1,p308,data\VCTK\wav48_silence_trimmed\p308\p308_068_mic1.flac,p262,0,1,0.9981712698936462,0.9884374737739563,0.9981712698936462,-0.009733796119689941,2.861375
lca,1,p308_068_mic1,p308,data\VCTK\wav48_silence_trimmed\p308\p308_068_mic1.flac,p239,0,1,0.9932760000228882,0.9820396304130554,0.9932760000228882,-0.011236369609832764,2.861375
lca,2,p308_068_mic1,p308,data\VCTK\wav48_silence_trimmed\p308\p308_068_mic1.flac,p262,0,1,0.9969762563705444,0.990366518497467,0.9969762563705444,-0.006609737873077393,2.861375
lca,3,p308_068_mic1,p308,data\VCTK\wav48_silence_trimmed\p308\p308_068_mic1.flac,p262,0,1,0.9976550340652466,0.9876580238342285,0.9976550340652466,-0.009997010231018066,2.861375
original,0,p308_143_mic1,p308,data\VCTK\wav48_silence_trimmed\p308\p308_143_mic1.flac,p249,0,1,0.9975821375846863,0.992615818977356,0.9975821375846863,-0.004966318607330322,3.96875
base,1,p308_143_mic1,p308,data\VCTK\wav48_silence_trimmed\p308\p308_143_mic1.flac,p297,0,1,0.9946389198303223,0.9874228239059448,0.9946389198303223,-0.007216095924377441,3.96875
base,2,p308_143_mic1,p308,data\VCTK\wav48_silence_trimmed\p308\p308_143_mic1.flac,p299,0,1,0.9984057545661926,0.9919425845146179,0.9984057545661926,-0.006463170051574707,3.96875
base,3,p308_143_mic1,p308,data\VCTK\wav48_silence_trimmed\p308\p308_143_mic1.flac,p262,0,1,0.9982731938362122,0.9939464926719666,0.9982731938362122,-0.0043267011642456055,3.96875
lca,1,p308_143_mic1,p308,data\VCTK\wav48_silence_trimmed\p308\p308_143_mic1.flac,p297,0,1,0.9953520894050598,0.9867321848869324,0.9953520894050598,-0.008619904518127441,3.96875
lca,2,p308_143_mic1,p308,data\VCTK\wav48_silence_trimmed\p308\p308_143_mic1.flac,p299,0,1,0.9980050921440125,0.9869378209114075,0.9980050921440125,-0.01106727123260498,3.96875
lca,3,p308_143_mic1,p308,data\VCTK\wav48_silence_trimmed\p308\p308_143_mic1.flac,p299,0,1,0.9978498220443726,0.9869561791419983,0.9978498220443726,-0.010893642902374268,3.96875
original,0,p308_213_mic2,p308,data\VCTK\wav48_silence_trimmed\p308\p308_213_mic2.flac,p264,0,1,0.9963345527648926,0.9935769438743591,0.9963345527648926,-0.0027576088905334473,3.50025
base,1,p308_213_mic2,p308,data\VCTK\wav48_silence_trimmed\p308\p308_213_mic2.flac,p238,0,1,0.9937533140182495,0.9868760108947754,0.9937533140182495,-0.006877303123474121,3.50025
base,2,p308_213_mic2,p308,data\VCTK\wav48_silence_trimmed\p308\p308_213_mic2.flac,p238,0,1,0.9966309070587158,0.9936546087265015,0.9966309070587158,-0.0029762983322143555,3.50025
base,3,p308_213_mic2,p308,data\VCTK\wav48_silence_trimmed\p308\p308_213_mic2.flac,p301,0,1,0.9962916374206543,0.9943830966949463,0.9962916374206543,-0.0019085407257080078,3.50025
lca,1,p308_213_mic2,p308,data\VCTK\wav48_silence_trimmed\p308\p308_213_mic2.flac,p258,0,1,0.996208131313324,0.9917890429496765,0.996208131313324,-0.004419088363647461,3.50025
lca,2,p308_213_mic2,p308,data\VCTK\wav48_silence_trimmed\p308\p308_213_mic2.flac,p238,0,1,0.9954917430877686,0.9937039613723755,0.9954917430877686,-0.0017877817153930664,3.50025
lca,3,p308_213_mic2,p308,data\VCTK\wav48_silence_trimmed\p308\p308_213_mic2.flac,p314,0,1,0.995441734790802,0.9944637417793274,0.995441734790802,-0.0009779930114746094,3.50025
original,0,p308_329_mic2,p308,data\VCTK\wav48_silence_trimmed\p308\p308_329_mic2.flac,p308,1,1,0.9978240728378296,0.9978240728378296,0.9975898861885071,0.00023418664932250977,2.816375
base,1,p308_329_mic2,p308,data\VCTK\wav48_silence_trimmed\p308\p308_329_mic2.flac,p303,0,1,0.9963599443435669,0.9912495613098145,0.9963599443435669,-0.005110383033752441,2.816375
base,2,p308_329_mic2,p308,data\VCTK\wav48_silence_trimmed\p308\p308_329_mic2.flac,p295,0,1,0.9968475103378296,0.9963330626487732,0.9968475103378296,-0.0005144476890563965,2.816375
base,3,p308_329_mic2,p308,data\VCTK\wav48_silence_trimmed\p308\p308_329_mic2.flac,p295,0,1,0.9978428483009338,0.9965389966964722,0.9978428483009338,-0.00130385160446167,2.816375
lca,1,p308_329_mic2,p308,data\VCTK\wav48_silence_trimmed\p308\p308_329_mic2.flac,p345,0,1,0.9973117709159851,0.9957864880561829,0.9973117709159851,-0.001525282859802246,2.816375
lca,2,p308_329_mic2,p308,data\VCTK\wav48_silence_trimmed\p308\p308_329_mic2.flac,p308,1,1,0.997139036655426,0.997139036655426,0.9965873956680298,0.0005516409873962402,2.816375
lca,3,p308_329_mic2,p308,data\VCTK\wav48_silence_trimmed\p308\p308_329_mic2.flac,p308,1,1,0.9976285099983215,0.9976285099983215,0.9969334602355957,0.0006950497627258301,2.816375
original,0,p310_019_mic1,p310,data\VCTK\wav48_silence_trimmed\p310\p310_019_mic1.flac,p341,0,1,0.9817072153091431,0.9708302021026611,0.9817072153091431,-0.010877013206481934,7.862125
base,1,p310_019_mic1,p310,data\VCTK\wav48_silence_trimmed\p310\p310_019_mic1.flac,p333,0,1,0.9837525486946106,0.9651705026626587,0.9837525486946106,-0.018582046031951904,7.862125
base,2,p310_019_mic1,p310,data\VCTK\wav48_silence_trimmed\p310\p310_019_mic1.flac,p282,0,1,0.9851805567741394,0.9732925295829773,0.9851805567741394,-0.01188802719116211,7.862125
base,3,p310_019_mic1,p310,data\VCTK\wav48_silence_trimmed\p310\p310_019_mic1.flac,p282,0,1,0.9830208420753479,0.9690513610839844,0.9830208420753479,-0.013969480991363525,7.862125
lca,1,p310_019_mic1,p310,data\VCTK\wav48_silence_trimmed\p310\p310_019_mic1.flac,p333,0,1,0.9873477220535278,0.9677467346191406,0.9873477220535278,-0.019600987434387207,7.862125
lca,2,p310_019_mic1,p310,data\VCTK\wav48_silence_trimmed\p310\p310_019_mic1.flac,p333,0,1,0.9826885461807251,0.9621033668518066,0.9826885461807251,-0.020585179328918457,7.862125
lca,3,p310_019_mic1,p310,data\VCTK\wav48_silence_trimmed\p310\p310_019_mic1.flac,p266,0,1,0.9810106754302979,0.9627008438110352,0.9810106754302979,-0.018309831619262695,7.862125
original,0,p310_138_mic2,p310,data\VCTK\wav48_silence_trimmed\p310\p310_138_mic2.flac,p361,0,1,0.9946185350418091,0.9892700910568237,0.9946185350418091,-0.0053484439849853516,2.5625625
base,1,p310_138_mic2,p310,data\VCTK\wav48_silence_trimmed\p310\p310_138_mic2.flac,p303,0,1,0.9954366087913513,0.9878520965576172,0.9954366087913513,-0.007584512233734131,2.5625625
base,2,p310_138_mic2,p310,data\VCTK\wav48_silence_trimmed\p310\p310_138_mic2.flac,p361,0,1,0.9946554899215698,0.9875426292419434,0.9946554899215698,-0.007112860679626465,2.5625625
base,3,p310_138_mic2,p310,data\VCTK\wav48_silence_trimmed\p310\p310_138_mic2.flac,p361,0,1,0.9939669370651245,0.9864274859428406,0.9939669370651245,-0.0075394511222839355,2.5625625
lca,1,p310_138_mic2,p310,data\VCTK\wav48_silence_trimmed\p310\p310_138_mic2.flac,p303,0,1,0.9950945377349854,0.9888396859169006,0.9950945377349854,-0.006254851818084717,2.5625625
lca,2,p310_138_mic2,p310,data\VCTK\wav48_silence_trimmed\p310\p310_138_mic2.flac,p303,0,1,0.9941615462303162,0.9893039464950562,0.9941615462303162,-0.00485759973526001,2.5625625
lca,3,p310_138_mic2,p310,data\VCTK\wav48_silence_trimmed\p310\p310_138_mic2.flac,p303,0,1,0.9943028688430786,0.9904583692550659,0.9943028688430786,-0.0038444995880126953,2.5625625
original,0,p310_166_mic2,p310,data\VCTK\wav48_silence_trimmed\p310\p310_166_mic2.flac,p307,0,1,0.9968743324279785,0.9965006709098816,0.9968743324279785,-0.00037366151809692383,3.586375
base,1,p310_166_mic2,p310,data\VCTK\wav48_silence_trimmed\p310\p310_166_mic2.flac,p253,0,1,0.9958931803703308,0.9925296306610107,0.9958931803703308,-0.0033635497093200684,3.586375
base,2,p310_166_mic2,p310,data\VCTK\wav48_silence_trimmed\p310\p310_166_mic2.flac,p317,0,1,0.9957994818687439,0.9952555894851685,0.9957994818687439,-0.0005438923835754395,3.586375
base,3,p310_166_mic2,p310,data\VCTK\wav48_silence_trimmed\p310\p310_166_mic2.flac,p317,0,1,0.996091365814209,0.9950246214866638,0.996091365814209,-0.001066744327545166,3.586375
lca,1,p310_166_mic2,p310,data\VCTK\wav48_silence_trimmed\p310\p310_166_mic2.flac,p301,0,1,0.996122419834137,0.9954391717910767,0.996122419834137,-0.0006832480430603027,3.586375
lca,2,p310_166_mic2,p310,data\VCTK\wav48_silence_trimmed\p310\p310_166_mic2.flac,p329,0,1,0.9957270622253418,0.9949501156806946,0.9957270622253418,-0.0007769465446472168,3.586375
lca,3,p310_166_mic2,p310,data\VCTK\wav48_silence_trimmed\p310\p310_166_mic2.flac,p329,0,1,0.9964097142219543,0.9952841997146606,0.9964097142219543,-0.0011255145072937012,3.586375
original,0,p310_210_mic2,p310,data\VCTK\wav48_silence_trimmed\p310\p310_210_mic2.flac,p361,0,1,0.9961328506469727,0.9901846051216125,0.9961328506469727,-0.005948245525360107,2.98475
base,1,p310_210_mic2,p310,data\VCTK\wav48_silence_trimmed\p310\p310_210_mic2.flac,p303,0,1,0.9966288805007935,0.9877887964248657,0.9966288805007935,-0.008840084075927734,2.98475
base,2,p310_210_mic2,p310,data\VCTK\wav48_silence_trimmed\p310\p310_210_mic2.flac,p303,0,1,0.997500479221344,0.9918835759162903,0.997500479221344,-0.005616903305053711,2.98475
base,3,p310_210_mic2,p310,data\VCTK\wav48_silence_trimmed\p310\p310_210_mic2.flac,p303,0,1,0.9958925843238831,0.9903379082679749,0.9958925843238831,-0.005554676055908203,2.98475
lca,1,p310_210_mic2,p310,data\VCTK\wav48_silence_trimmed\p310\p310_210_mic2.flac,p303,0,1,0.9974896311759949,0.990115225315094,0.9974896311759949,-0.007374405860900879,2.98475
lca,2,p310_210_mic2,p310,data\VCTK\wav48_silence_trimmed\p310\p310_210_mic2.flac,p303,0,1,0.99751877784729,0.9911768436431885,0.99751877784729,-0.0063419342041015625,2.98475
lca,3,p310_210_mic2,p310,data\VCTK\wav48_silence_trimmed\p310\p310_210_mic2.flac,p303,0,1,0.9979627132415771,0.9921461343765259,0.9979627132415771,-0.0058165788650512695,2.98475
original,0,p310_295_mic2,p310,data\VCTK\wav48_silence_trimmed\p310\p310_295_mic2.flac,p310,1,1,0.9971001744270325,0.9971001744270325,0.9957753419876099,0.0013248324394226074,3.5419375
base,1,p310_295_mic2,p310,data\VCTK\wav48_silence_trimmed\p310\p310_295_mic2.flac,p239,0,1,0.9910191893577576,0.9809688925743103,0.9910191893577576,-0.010050296783447266,3.5419375
base,2,p310_295_mic2,p310,data\VCTK\wav48_silence_trimmed\p310\p310_295_mic2.flac,p340,0,1,0.9952697157859802,0.9942309260368347,0.9952697157859802,-0.0010387897491455078,3.5419375
base,3,p310_295_mic2,p310,data\VCTK\wav48_silence_trimmed\p310\p310_295_mic2.flac,p317,0,1,0.9962731003761292,0.9961686134338379,0.9962731003761292,-0.00010448694229125977,3.5419375
lca,1,p310_295_mic2,p310,data\VCTK\wav48_silence_trimmed\p310\p310_295_mic2.flac,p340,0,1,0.9955009818077087,0.9905306100845337,0.9955009818077087,-0.004970371723175049,3.5419375
lca,2,p310_295_mic2,p310,data\VCTK\wav48_silence_trimmed\p310\p310_295_mic2.flac,p340,0,1,0.9955066442489624,0.9944286346435547,0.9955066442489624,-0.0010780096054077148,3.5419375
lca,3,p310_295_mic2,p310,data\VCTK\wav48_silence_trimmed\p310\p310_295_mic2.flac,p340,0,1,0.9956448674201965,0.9943042993545532,0.9956448674201965,-0.0013405680656433105,3.5419375
original,0,p311_019_mic1,p311,data\VCTK\wav48_silence_trimmed\p311\p311_019_mic1.flac,p326,0,1,0.9836204051971436,0.9768667221069336,0.9836204051971436,-0.006753683090209961,7.441375
base,1,p311_019_mic1,p311,data\VCTK\wav48_silence_trimmed\p311\p311_019_mic1.flac,p333,0,1,0.9830469489097595,0.9631449580192566,0.9830469489097595,-0.01990199089050293,7.441375
base,2,p311_019_mic1,p311,data\VCTK\wav48_silence_trimmed\p311\p311_019_mic1.flac,p266,0,1,0.9846651554107666,0.9722750782966614,0.9846651554107666,-0.012390077114105225,7.441375
base,3,p311_019_mic1,p311,data\VCTK\wav48_silence_trimmed\p311\p311_019_mic1.flac,p270,0,1,0.9856900572776794,0.9743364453315735,0.9856900572776794,-0.011353611946105957,7.441375
lca,1,p311_019_mic1,p311,data\VCTK\wav48_silence_trimmed\p311\p311_019_mic1.flac,p274,0,1,0.9893550872802734,0.9819158911705017,0.9893550872802734,-0.0074391961097717285,7.441375
lca,2,p311_019_mic1,p311,data\VCTK\wav48_silence_trimmed\p311\p311_019_mic1.flac,p266,0,1,0.9852638840675354,0.9756832122802734,0.9852638840675354,-0.009580671787261963,7.441375
lca,3,p311_019_mic1,p311,data\VCTK\wav48_silence_trimmed\p311\p311_019_mic1.flac,p266,0,1,0.9851215481758118,0.9749565720558167,0.9851215481758118,-0.010164976119995117,7.441375
original,0,p311_183_mic2,p311,data\VCTK\wav48_silence_trimmed\p311\p311_183_mic2.flac,p278,0,1,0.9948779940605164,0.9914758801460266,0.9948779940605164,-0.003402113914489746,2.8794375
base,1,p311_183_mic2,p311,data\VCTK\wav48_silence_trimmed\p311\p311_183_mic2.flac,p278,0,1,0.9959203600883484,0.990414023399353,0.9959203600883484,-0.005506336688995361,2.8794375
base,2,p311_183_mic2,p311,data\VCTK\wav48_silence_trimmed\p311\p311_183_mic2.flac,p278,0,1,0.9955559372901917,0.9901522994041443,0.9955559372901917,-0.005403637886047363,2.8794375
base,3,p311_183_mic2,p311,data\VCTK\wav48_silence_trimmed\p311\p311_183_mic2.flac,p278,0,1,0.9939408302307129,0.9888576865196228,0.9939408302307129,-0.005083143711090088,2.8794375
lca,1,p311_183_mic2,p311,data\VCTK\wav48_silence_trimmed\p311\p311_183_mic2.flac,p278,0,1,0.9952691793441772,0.9901212453842163,0.9952691793441772,-0.0051479339599609375,2.8794375
lca,2,p311_183_mic2,p311,data\VCTK\wav48_silence_trimmed\p311\p311_183_mic2.flac,p278,0,1,0.9957113862037659,0.9915295243263245,0.9957113862037659,-0.004181861877441406,2.8794375
lca,3,p311_183_mic2,p311,data\VCTK\wav48_silence_trimmed\p311\p311_183_mic2.flac,p278,0,1,0.995996356010437,0.9920361638069153,0.995996356010437,-0.0039601922035217285,2.8794375
original,0,p311_269_mic1,p311,data\VCTK\wav48_silence_trimmed\p311\p311_269_mic1.flac,p275,0,1,0.9960125088691711,0.9938679337501526,0.9960125088691711,-0.0021445751190185547,2.304875
base,1,p311_269_mic1,p311,data\VCTK\wav48_silence_trimmed\p311\p311_269_mic1.flac,p243,0,1,0.9960156083106995,0.9941892623901367,0.9960156083106995,-0.0018263459205627441,2.304875
base,2,p311_269_mic1,p311,data\VCTK\wav48_silence_trimmed\p311\p311_269_mic1.flac,p274,0,1,0.9974974393844604,0.9961713552474976,0.9974974393844604,-0.0013260841369628906,2.304875
base,3,p311_269_mic1,p311,data\VCTK\wav48_silence_trimmed\p311\p311_269_mic1.flac,p311,1,1,0.9969797134399414,0.9969797134399414,0.9969569444656372,2.276897430419922e-05,2.304875
lca,1,p311_269_mic1,p311,data\VCTK\wav48_silence_trimmed\p311\p311_269_mic1.flac,p259,0,1,0.9959562420845032,0.9940610527992249,0.9959562420845032,-0.0018951892852783203,2.304875
lca,2,p311_269_mic1,p311,data\VCTK\wav48_silence_trimmed\p311\p311_269_mic1.flac,p243,0,1,0.9967840909957886,0.9965855479240417,0.9967840909957886,-0.00019854307174682617,2.304875
lca,3,p311_269_mic1,p311,data\VCTK\wav48_silence_trimmed\p311\p311_269_mic1.flac,p334,0,1,0.9967076182365417,0.9959784746170044,0.9967076182365417,-0.0007291436195373535,2.304875
original,0,p311_294_mic2,p311,data\VCTK\wav48_silence_trimmed\p311\p311_294_mic2.flac,p270,0,1,0.9955964088439941,0.9798285961151123,0.9955964088439941,-0.015767812728881836,2.914375
base,1,p311_294_mic2,p311,data\VCTK\wav48_silence_trimmed\p311\p311_294_mic2.flac,p278,0,1,0.9911646842956543,0.9830483198165894,0.9911646842956543,-0.008116364479064941,2.914375
base,2,p311_294_mic2,p311,data\VCTK\wav48_silence_trimmed\p311\p311_294_mic2.flac,p270,0,1,0.9944525957107544,0.9836680293083191,0.9944525957107544,-0.010784566402435303,2.914375
base,3,p311_294_mic2,p311,data\VCTK\wav48_silence_trimmed\p311\p311_294_mic2.flac,p270,0,1,0.9943385124206543,0.9790162444114685,0.9943385124206543,-0.015322268009185791,2.914375
lca,1,p311_294_mic2,p311,data\VCTK\wav48_silence_trimmed\p311\p311_294_mic2.flac,p278,0,1,0.990418016910553,0.9829203486442566,0.990418016910553,-0.007497668266296387,2.914375
lca,2,p311_294_mic2,p311,data\VCTK\wav48_silence_trimmed\p311\p311_294_mic2.flac,p270,0,1,0.9922278523445129,0.9837518930435181,0.9922278523445129,-0.008475959300994873,2.914375
lca,3,p311_294_mic2,p311,data\VCTK\wav48_silence_trimmed\p311\p311_294_mic2.flac,p270,0,1,0.9940990805625916,0.9801038503646851,0.9940990805625916,-0.013995230197906494,2.914375
original,0,p311_339_mic1,p311,data\VCTK\wav48_silence_trimmed\p311\p311_339_mic1.flac,p334,0,1,0.9968389272689819,0.9899058938026428,0.9968389272689819,-0.006933033466339111,3.49475
base,1,p311_339_mic1,p311,data\VCTK\wav48_silence_trimmed\p311\p311_339_mic1.flac,p255,0,1,0.9911033511161804,0.9788091778755188,0.9911033511161804,-0.012294173240661621,3.49475
base,2,p311_339_mic1,p311,data\VCTK\wav48_silence_trimmed\p311\p311_339_mic1.flac,p334,0,1,0.9969549179077148,0.9904459118843079,0.9969549179077148,-0.006509006023406982,3.49475
base,3,p311_339_mic1,p311,data\VCTK\wav48_silence_trimmed\p311\p311_339_mic1.flac,p334,0,1,0.9983032941818237,0.9940956234931946,0.9983032941818237,-0.00420767068862915,3.49475
lca,1,p311_339_mic1,p311,data\VCTK\wav48_silence_trimmed\p311\p311_339_mic1.flac,p255,0,1,0.9927676320075989,0.9826436042785645,0.9927676320075989,-0.010124027729034424,3.49475
lca,2,p311_339_mic1,p311,data\VCTK\wav48_silence_trimmed\p311\p311_339_mic1.flac,p334,0,1,0.9951642751693726,0.9871925115585327,0.9951642751693726,-0.007971763610839844,3.49475
lca,3,p311_339_mic1,p311,data\VCTK\wav48_silence_trimmed\p311\p311_339_mic1.flac,p334,0,1,0.9970958828926086,0.9902435541152954,0.9970958828926086,-0.006852328777313232,3.49475
original,0,p312_128_mic1,p312,data\VCTK\wav48_silence_trimmed\p312\p312_128_mic1.flac,p240,0,1,0.9960008859634399,0.9951731562614441,0.9960008859634399,-0.0008277297019958496,2.1806875
base,1,p312_128_mic1,p312,data\VCTK\wav48_silence_trimmed\p312\p312_128_mic1.flac,p253,0,1,0.9921512603759766,0.990070104598999,0.9921512603759766,-0.002081155776977539,2.1806875
base,2,p312_128_mic1,p312,data\VCTK\wav48_silence_trimmed\p312\p312_128_mic1.flac,p297,0,1,0.9966387152671814,0.9950537085533142,0.9966387152671814,-0.0015850067138671875,2.1806875
base,3,p312_128_mic1,p312,data\VCTK\wav48_silence_trimmed\p312\p312_128_mic1.flac,p339,0,1,0.9962626695632935,0.9953098893165588,0.9962626695632935,-0.0009527802467346191,2.1806875
lca,1,p312_128_mic1,p312,data\VCTK\wav48_silence_trimmed\p312\p312_128_mic1.flac,p236,0,1,0.9916839003562927,0.9867726564407349,0.9916839003562927,-0.004911243915557861,2.1806875
lca,2,p312_128_mic1,p312,data\VCTK\wav48_silence_trimmed\p312\p312_128_mic1.flac,p236,0,1,0.9954289793968201,0.9917395710945129,0.9954289793968201,-0.003689408302307129,2.1806875
lca,3,p312_128_mic1,p312,data\VCTK\wav48_silence_trimmed\p312\p312_128_mic1.flac,p236,0,1,0.9953134059906006,0.9931620359420776,0.9953134059906006,-0.0021513700485229492,2.1806875
original,0,p312_135_mic2,p312,data\VCTK\wav48_silence_trimmed\p312\p312_135_mic2.flac,p303,0,1,0.9944568276405334,0.9838731288909912,0.9944568276405334,-0.010583698749542236,2.348875
base,1,p312_135_mic2,p312,data\VCTK\wav48_silence_trimmed\p312\p312_135_mic2.flac,p303,0,1,0.9925698637962341,0.9828442335128784,0.9925698637962341,-0.009725630283355713,2.348875
base,2,p312_135_mic2,p312,data\VCTK\wav48_silence_trimmed\p312\p312_135_mic2.flac,p268,0,1,0.9940272569656372,0.9898999333381653,0.9940272569656372,-0.004127323627471924,2.348875
base,3,p312_135_mic2,p312,data\VCTK\wav48_silence_trimmed\p312\p312_135_mic2.flac,p268,0,1,0.9948667287826538,0.9897588491439819,0.9948667287826538,-0.005107879638671875,2.348875
lca,1,p312_135_mic2,p312,data\VCTK\wav48_silence_trimmed\p312\p312_135_mic2.flac,p268,0,1,0.9934090375900269,0.9863750338554382,0.9934090375900269,-0.007034003734588623,2.348875
lca,2,p312_135_mic2,p312,data\VCTK\wav48_silence_trimmed\p312\p312_135_mic2.flac,p268,0,1,0.9939836859703064,0.9881120920181274,0.9939836859703064,-0.005871593952178955,2.348875
lca,3,p312_135_mic2,p312,data\VCTK\wav48_silence_trimmed\p312\p312_135_mic2.flac,p340,0,1,0.9945639967918396,0.9908061027526855,0.9945639967918396,-0.0037578940391540527,2.348875
original,0,p312_173_mic1,p312,data\VCTK\wav48_silence_trimmed\p312\p312_173_mic1.flac,p312,1,1,0.9972796440124512,0.9972796440124512,0.9962733387947083,0.00100630521774292,2.9894375
base,1,p312_173_mic1,p312,data\VCTK\wav48_silence_trimmed\p312\p312_173_mic1.flac,p239,0,1,0.9905989766120911,0.9894334673881531,0.9905989766120911,-0.0011655092239379883,2.9894375
base,2,p312_173_mic1,p312,data\VCTK\wav48_silence_trimmed\p312\p312_173_mic1.flac,p312,1,1,0.996187150478363,0.996187150478363,0.9958089590072632,0.0003781914710998535,2.9894375
base,3,p312_173_mic1,p312,data\VCTK\wav48_silence_trimmed\p312\p312_173_mic1.flac,p312,1,1,0.9960861206054688,0.9960861206054688,0.9955753684043884,0.0005107522010803223,2.9894375
lca,1,p312_173_mic1,p312,data\VCTK\wav48_silence_trimmed\p312\p312_173_mic1.flac,p239,0,1,0.9893918037414551,0.9877042770385742,0.9893918037414551,-0.0016875267028808594,2.9894375
lca,2,p312_173_mic1,p312,data\VCTK\wav48_silence_trimmed\p312\p312_173_mic1.flac,p312,1,1,0.9934930205345154,0.9934930205345154,0.9932515025138855,0.0002415180206298828,2.9894375
lca,3,p312_173_mic1,p312,data\VCTK\wav48_silence_trimmed\p312\p312_173_mic1.flac,p312,1,1,0.9959034323692322,0.9959034323692322,0.9953280687332153,0.0005753636360168457,2.9894375
original,0,p312_303_mic1,p312,data\VCTK\wav48_silence_trimmed\p312\p312_303_mic1.flac,p297,0,1,0.99747633934021,0.9948593378067017,0.99747633934021,-0.0026170015335083008,2.64575
base,1,p312_303_mic1,p312,data\VCTK\wav48_silence_trimmed\p312\p312_303_mic1.flac,p297,0,1,0.993251621723175,0.9899351000785828,0.993251621723175,-0.003316521644592285,2.64575
base,2,p312_303_mic1,p312,data\VCTK\wav48_silence_trimmed\p312\p312_303_mic1.flac,p297,0,1,0.9977759122848511,0.9943763017654419,0.9977759122848511,-0.0033996105194091797,2.64575
base,3,p312_303_mic1,p312,data\VCTK\wav48_silence_trimmed\p312\p312_303_mic1.flac,p297,0,1,0.9978004693984985,0.995199978351593,0.9978004693984985,-0.0026004910469055176,2.64575
lca,1,p312_303_mic1,p312,data\VCTK\wav48_silence_trimmed\p312\p312_303_mic1.flac,p236,0,1,0.9909300804138184,0.9877381920814514,0.9909300804138184,-0.0031918883323669434,2.64575
lca,2,p312_303_mic1,p312,data\VCTK\wav48_silence_trimmed\p312\p312_303_mic1.flac,p297,0,1,0.9967047572135925,0.993668258190155,0.9967047572135925,-0.0030364990234375,2.64575
lca,3,p312_303_mic1,p312,data\VCTK\wav48_silence_trimmed\p312\p312_303_mic1.flac,p297,0,1,0.9973897933959961,0.9947935342788696,0.9973897933959961,-0.002596259117126465,2.64575
original,0,p312_308_mic2,p312,data\VCTK\wav48_silence_trimmed\p312\p312_308_mic2.flac,p294,0,1,0.9953378438949585,0.992710530757904,0.9953378438949585,-0.0026273131370544434,2.6926875
base,1,p312_308_mic2,p312,data\VCTK\wav48_silence_trimmed\p312\p312_308_mic2.flac,p312,1,1,0.9929651618003845,0.9929651618003845,0.992903470993042,6.16908073425293e-05,2.6926875
base,2,p312_308_mic2,p312,data\VCTK\wav48_silence_trimmed\p312\p312_308_mic2.flac,p294,0,1,0.9950683116912842,0.9882218837738037,0.9950683116912842,-0.006846427917480469,2.6926875
base,3,p312_308_mic2,p312,data\VCTK\wav48_silence_trimmed\p312\p312_308_mic2.flac,p294,0,1,0.9951922297477722,0.9887642860412598,0.9951922297477722,-0.006427943706512451,2.6926875
lca,1,p312_308_mic2,p312,data\VCTK\wav48_silence_trimmed\p312\p312_308_mic2.flac,p312,1,1,0.994896650314331,0.994896650314331,0.9940987825393677,0.0007978677749633789,2.6926875
lca,2,p312_308_mic2,p312,data\VCTK\wav48_silence_trimmed\p312\p312_308_mic2.flac,p294,0,1,0.9944193363189697,0.9933267831802368,0.9944193363189697,-0.0010925531387329102,2.6926875
lca,3,p312_308_mic2,p312,data\VCTK\wav48_silence_trimmed\p312\p312_308_mic2.flac,p294,0,1,0.9942284226417542,0.9939978122711182,0.9942284226417542,-0.00023061037063598633,2.6926875
original,0,p313_001_mic2,p313,data\VCTK\wav48_silence_trimmed\p313\p313_001_mic2.flac,p239,0,1,0.9975093007087708,0.9913721084594727,0.9975093007087708,-0.006137192249298096,2.4776875
base,1,p313_001_mic2,p313,data\VCTK\wav48_silence_trimmed\p313\p313_001_mic2.flac,p268,0,1,0.9944491982460022,0.9841684103012085,0.9944491982460022,-0.010280787944793701,2.4776875
base,2,p313_001_mic2,p313,data\VCTK\wav48_silence_trimmed\p313\p313_001_mic2.flac,p239,0,1,0.9948492646217346,0.9852548837661743,0.9948492646217346,-0.009594380855560303,2.4776875
base,3,p313_001_mic2,p313,data\VCTK\wav48_silence_trimmed\p313\p313_001_mic2.flac,p239,0,1,0.9953151345252991,0.9853057265281677,0.9953151345252991,-0.010009407997131348,2.4776875
lca,1,p313_001_mic2,p313,data\VCTK\wav48_silence_trimmed\p313\p313_001_mic2.flac,p239,0,1,0.9967113733291626,0.9919977784156799,0.9967113733291626,-0.004713594913482666,2.4776875
lca,2,p313_001_mic2,p313,data\VCTK\wav48_silence_trimmed\p313\p313_001_mic2.flac,p239,0,1,0.9968648552894592,0.9898735284805298,0.9968648552894592,-0.006991326808929443,2.4776875
lca,3,p313_001_mic2,p313,data\VCTK\wav48_silence_trimmed\p313\p313_001_mic2.flac,p239,0,1,0.9971969127655029,0.9902370572090149,0.9971969127655029,-0.006959855556488037,2.4776875
original,0,p313_133_mic1,p313,data\VCTK\wav48_silence_trimmed\p313\p313_133_mic1.flac,p267,0,1,0.9941046833992004,0.988745927810669,0.9941046833992004,-0.005358755588531494,2.5225625
base,1,p313_133_mic1,p313,data\VCTK\wav48_silence_trimmed\p313\p313_133_mic1.flac,p255,0,1,0.9916120171546936,0.9753289818763733,0.9916120171546936,-0.016283035278320312,2.5225625
base,2,p313_133_mic1,p313,data\VCTK\wav48_silence_trimmed\p313\p313_133_mic1.flac,p333,0,1,0.9919223785400391,0.9775150418281555,0.9919223785400391,-0.014407336711883545,2.5225625
base,3,p313_133_mic1,p313,data\VCTK\wav48_silence_trimmed\p313\p313_133_mic1.flac,p255,0,1,0.9926028251647949,0.9829822778701782,0.9926028251647949,-0.0096205472946167,2.5225625
lca,1,p313_133_mic1,p313,data\VCTK\wav48_silence_trimmed\p313\p313_133_mic1.flac,p255,0,1,0.9895071387290955,0.969517171382904,0.9895071387290955,-0.019989967346191406,2.5225625
lca,2,p313_133_mic1,p313,data\VCTK\wav48_silence_trimmed\p313\p313_133_mic1.flac,p255,0,1,0.994590699672699,0.981825053691864,0.994590699672699,-0.012765645980834961,2.5225625
lca,3,p313_133_mic1,p313,data\VCTK\wav48_silence_trimmed\p313\p313_133_mic1.flac,p285,0,1,0.9938787221908569,0.984745979309082,0.9938787221908569,-0.009132742881774902,2.5225625
original,0,p313_143_mic1,p313,data\VCTK\wav48_silence_trimmed\p313\p313_143_mic1.flac,p228,0,1,0.9977496862411499,0.9937796592712402,0.9977496862411499,-0.003970026969909668,4.31175
base,1,p313_143_mic1,p313,data\VCTK\wav48_silence_trimmed\p313\p313_143_mic1.flac,p303,0,1,0.9963057041168213,0.9832205176353455,0.9963057041168213,-0.01308518648147583,4.31175
base,2,p313_143_mic1,p313,data\VCTK\wav48_silence_trimmed\p313\p313_143_mic1.flac,p302,0,1,0.9979841113090515,0.9932342171669006,0.9979841113090515,-0.004749894142150879,4.31175
base,3,p313_143_mic1,p313,data\VCTK\wav48_silence_trimmed\p313\p313_143_mic1.flac,p302,0,1,0.9981083869934082,0.9931411743164062,0.9981083869934082,-0.004967212677001953,4.31175
lca,1,p313_143_mic1,p313,data\VCTK\wav48_silence_trimmed\p313\p313_143_mic1.flac,p303,0,1,0.9960616827011108,0.9845820069313049,0.9960616827011108,-0.011479675769805908,4.31175
lca,2,p313_143_mic1,p313,data\VCTK\wav48_silence_trimmed\p313\p313_143_mic1.flac,p283,0,1,0.9982069730758667,0.9938833713531494,0.9982069730758667,-0.004323601722717285,4.31175
lca,3,p313_143_mic1,p313,data\VCTK\wav48_silence_trimmed\p313\p313_143_mic1.flac,p283,0,1,0.9982185959815979,0.9945428371429443,0.9982185959815979,-0.0036757588386535645,4.31175
original,0,p313_232_mic2,p313,data\VCTK\wav48_silence_trimmed\p313\p313_232_mic2.flac,p298,0,1,0.9952943325042725,0.9757127165794373,0.9952943325042725,-0.019581615924835205,2.3770625
base,1,p313_232_mic2,p313,data\VCTK\wav48_silence_trimmed\p313\p313_232_mic2.flac,p298,0,1,0.9937742352485657,0.9774271249771118,0.9937742352485657,-0.016347110271453857,2.3770625
base,2,p313_232_mic2,p313,data\VCTK\wav48_silence_trimmed\p313\p313_232_mic2.flac,p298,0,1,0.9937717914581299,0.9736074209213257,0.9937717914581299,-0.0201643705368042,2.3770625
base,3,p313_232_mic2,p313,data\VCTK\wav48_silence_trimmed\p313\p313_232_mic2.flac,p298,0,1,0.9936025142669678,0.9754372239112854,0.9936025142669678,-0.018165290355682373,2.3770625
lca,1,p313_232_mic2,p313,data\VCTK\wav48_silence_trimmed\p313\p313_232_mic2.flac,p303,0,1,0.9939197897911072,0.9753642678260803,0.9939197897911072,-0.018555521965026855,2.3770625
lca,2,p313_232_mic2,p313,data\VCTK\wav48_silence_trimmed\p313\p313_232_mic2.flac,p303,0,1,0.9925366640090942,0.9718199968338013,0.9925366640090942,-0.02071666717529297,2.3770625
lca,3,p313_232_mic2,p313,data\VCTK\wav48_silence_trimmed\p313\p313_232_mic2.flac,p298,0,1,0.9931946992874146,0.9717305898666382,0.9931946992874146,-0.021464109420776367,2.3770625
original,0,p313_235_mic1,p313,data\VCTK\wav48_silence_trimmed\p313\p313_235_mic1.flac,p283,0,1,0.9975935816764832,0.9934621453285217,0.9975935816764832,-0.004131436347961426,3.203625
base,1,p313_235_mic1,p313,data\VCTK\wav48_silence_trimmed\p313\p313_235_mic1.flac,p303,0,1,0.9962865710258484,0.9856555461883545,0.9962865710258484,-0.010631024837493896,3.203625
base,2,p313_235_mic1,p313,data\VCTK\wav48_silence_trimmed\p313\p313_235_mic1.flac,p298,0,1,0.9982918500900269,0.9882296919822693,0.9982918500900269,-0.010062158107757568,3.203625
base,3,p313_235_mic1,p313,data\VCTK\wav48_silence_trimmed\p313\p313_235_mic1.flac,p302,0,1,0.9973021745681763,0.9914849996566772,0.9973021745681763,-0.0058171749114990234,3.203625
lca,1,p313_235_mic1,p313,data\VCTK\wav48_silence_trimmed\p313\p313_235_mic1.flac,p303,0,1,0.9965884685516357,0.9788202047348022,0.9965884685516357,-0.017768263816833496,3.203625
lca,2,p313_235_mic1,p313,data\VCTK\wav48_silence_trimmed\p313\p313_235_mic1.flac,p303,0,1,0.9974715113639832,0.9893090128898621,0.9974715113639832,-0.008162498474121094,3.203625
lca,3,p313_235_mic1,p313,data\VCTK\wav48_silence_trimmed\p313\p313_235_mic1.flac,p283,0,1,0.9977290034294128,0.9919891953468323,0.9977290034294128,-0.005739808082580566,3.203625
original,0,p314_088_mic2,p314,data\VCTK\wav48_silence_trimmed\p314\p314_088_mic2.flac,p314,1,1,0.9974372386932373,0.9974372386932373,0.9972798824310303,0.00015735626220703125,3.6020625
base,1,p314_088_mic2,p314,data\VCTK\wav48_silence_trimmed\p314\p314_088_mic2.flac,p253,0,1,0.9931670427322388,0.9904863834381104,0.9931670427322388,-0.002680659294128418,3.6020625
base,2,p314_088_mic2,p314,data\VCTK\wav48_silence_trimmed\p314\p314_088_mic2.flac,p253,0,1,0.9963721036911011,0.9955305457115173,0.9963721036911011,-0.0008415579795837402,3.6020625
base,3,p314_088_mic2,p314,data\VCTK\wav48_silence_trimmed\p314\p314_088_mic2.flac,p253,0,1,0.9971415996551514,0.9968410134315491,0.9971415996551514,-0.0003005862236022949,3.6020625
lca,1,p314_088_mic2,p314,data\VCTK\wav48_silence_trimmed\p314\p314_088_mic2.flac,p239,0,1,0.9948682188987732,0.9920065999031067,0.9948682188987732,-0.002861618995666504,3.6020625
lca,2,p314_088_mic2,p314,data\VCTK\wav48_silence_trimmed\p314\p314_088_mic2.flac,p297,0,1,0.9964213967323303,0.9953195452690125,0.9964213967323303,-0.001101851463317871,3.6020625
lca,3,p314_088_mic2,p314,data\VCTK\wav48_silence_trimmed\p314\p314_088_mic2.flac,p314,1,1,0.9965894222259521,0.9965894222259521,0.9964278936386108,0.0001615285873413086,3.6020625
original,0,p314_127_mic1,p314,data\VCTK\wav48_silence_trimmed\p314\p314_127_mic1.flac,p300,0,1,0.9972586631774902,0.9969662427902222,0.9972586631774902,-0.0002924203872680664,3.3588125
base,1,p314_127_mic1,p314,data\VCTK\wav48_silence_trimmed\p314\p314_127_mic1.flac,p253,0,1,0.9935393929481506,0.9907666444778442,0.9935393929481506,-0.0027727484703063965,3.3588125
base,2,p314_127_mic1,p314,data\VCTK\wav48_silence_trimmed\p314\p314_127_mic1.flac,p314,1,1,0.996882438659668,0.996882438659668,0.9967753291130066,0.00010710954666137695,3.3588125
base,3,p314_127_mic1,p314,data\VCTK\wav48_silence_trimmed\p314\p314_127_mic1.flac,p314,1,1,0.9970868825912476,0.9970868825912476,0.9970675706863403,1.9311904907226562e-05,3.3588125
lca,1,p314_127_mic1,p314,data\VCTK\wav48_silence_trimmed\p314\p314_127_mic1.flac,p253,0,1,0.9939828515052795,0.9915412068367004,0.9939828515052795,-0.0024416446685791016,3.3588125
lca,2,p314_127_mic1,p314,data\VCTK\wav48_silence_trimmed\p314\p314_127_mic1.flac,p300,0,1,0.9970104694366455,0.996649444103241,0.9970104694366455,-0.000361025333404541,3.3588125
lca,3,p314_127_mic1,p314,data\VCTK\wav48_silence_trimmed\p314\p314_127_mic1.flac,p300,0,1,0.9976664185523987,0.9968031644821167,0.9976664185523987,-0.0008632540702819824,3.3588125
original,0,p314_240_mic2,p314,data\VCTK\wav48_silence_trimmed\p314\p314_240_mic2.flac,p299,0,1,0.9972953796386719,0.9960958361625671,0.9972953796386719,-0.0011995434761047363,3.614375
base,1,p314_240_mic2,p314,data\VCTK\wav48_silence_trimmed\p314\p314_240_mic2.flac,p239,0,1,0.9940605163574219,0.9894497990608215,0.9940605163574219,-0.004610717296600342,3.614375
base,2,p314_240_mic2,p314,data\VCTK\wav48_silence_trimmed\p314\p314_240_mic2.flac,p297,0,1,0.9969058632850647,0.9955556392669678,0.9969058632850647,-0.0013502240180969238,3.614375
base,3,p314_240_mic2,p314,data\VCTK\wav48_silence_trimmed\p314\p314_240_mic2.flac,p299,0,1,0.9971429705619812,0.9965882897377014,0.9971429705619812,-0.0005546808242797852,3.614375
lca,1,p314_240_mic2,p314,data\VCTK\wav48_silence_trimmed\p314\p314_240_mic2.flac,p225,0,1,0.9956605434417725,0.99223792552948,0.9956605434417725,-0.0034226179122924805,3.614375
lca,2,p314_240_mic2,p314,data\VCTK\wav48_silence_trimmed\p314\p314_240_mic2.flac,p225,0,1,0.9962411522865295,0.9941314458847046,0.9962411522865295,-0.002109706401824951,3.614375
lca,3,p314_240_mic2,p314,data\VCTK\wav48_silence_trimmed\p314\p314_240_mic2.flac,p288,0,1,0.9964559674263,0.9961786866188049,0.9964559674263,-0.0002772808074951172,3.614375
original,0,p314_294_mic1,p314,data\VCTK\wav48_silence_trimmed\p314\p314_294_mic1.flac,p300,0,1,0.997591495513916,0.9973655343055725,0.997591495513916,-0.00022596120834350586,3.9603125
base,1,p314_294_mic1,p314,data\VCTK\wav48_silence_trimmed\p314\p314_294_mic1.flac,p303,0,1,0.9950082302093506,0.991122841835022,0.9950082302093506,-0.0038853883743286133,3.9603125
base,2,p314_294_mic1,p314,data\VCTK\wav48_silence_trimmed\p314\p314_294_mic1.flac,p300,0,1,0.9981052279472351,0.9973944425582886,0.9981052279472351,-0.0007107853889465332,3.9603125
base,3,p314_294_mic1,p314,data\VCTK\wav48_silence_trimmed\p314\p314_294_mic1.flac,p283,0,1,0.9980013966560364,0.9972285628318787,0.9980013966560364,-0.0007728338241577148,3.9603125
lca,1,p314_294_mic1,p314,data\VCTK\wav48_silence_trimmed\p314\p314_294_mic1.flac,p303,0,1,0.9935399293899536,0.9902348518371582,0.9935399293899536,-0.00330507755279541,3.9603125
lca,2,p314_294_mic1,p314,data\VCTK\wav48_silence_trimmed\p314\p314_294_mic1.flac,p300,0,1,0.9979987740516663,0.9970576763153076,0.9979987740516663,-0.0009410977363586426,3.9603125
lca,3,p314_294_mic1,p314,data\VCTK\wav48_silence_trimmed\p314\p314_294_mic1.flac,p300,0,1,0.9985381364822388,0.9968618154525757,0.9985381364822388,-0.001676321029663086,3.9603125
original,0,p314_320_mic2,p314,data\VCTK\wav48_silence_trimmed\p314\p314_320_mic2.flac,p339,0,1,0.9974846243858337,0.9944417476654053,0.9974846243858337,-0.003042876720428467,2.8609375
base,1,p314_320_mic2,p314,data\VCTK\wav48_silence_trimmed\p314\p314_320_mic2.flac,p239,0,1,0.9927452802658081,0.9834251403808594,0.9927452802658081,-0.00932013988494873,2.8609375
base,2,p314_320_mic2,p314,data\VCTK\wav48_silence_trimmed\p314\p314_320_mic2.flac,p339,0,1,0.9957718849182129,0.9920619130134583,0.9957718849182129,-0.0037099719047546387,2.8609375
base,3,p314_320_mic2,p314,data\VCTK\wav48_silence_trimmed\p314\p314_320_mic2.flac,p312,0,1,0.9963294267654419,0.9914759397506714,0.9963294267654419,-0.004853487014770508,2.8609375
lca,1,p314_320_mic2,p314,data\VCTK\wav48_silence_trimmed\p314\p314_320_mic2.flac,p239,0,1,0.9949477910995483,0.9887843728065491,0.9949477910995483,-0.006163418292999268,2.8609375
lca,2,p314_320_mic2,p314,data\VCTK\wav48_silence_trimmed\p314\p314_320_mic2.flac,p312,0,1,0.9957471489906311,0.9882165789604187,0.9957471489906311,-0.007530570030212402,2.8609375
lca,3,p314_320_mic2,p314,data\VCTK\wav48_silence_trimmed\p314\p314_320_mic2.flac,p312,0,1,0.9964105486869812,0.9904410243034363,0.9964105486869812,-0.005969524383544922,2.8609375
original,0,p315_123_mic1,p315,data\VCTK\wav48_silence_trimmed\p315\p315_123_mic1.flac,p334,0,1,0.9971292614936829,0.9945806264877319,0.9971292614936829,-0.0025486350059509277,2.3086875
base,1,p315_123_mic1,p315,data\VCTK\wav48_silence_trimmed\p315\p315_123_mic1.flac,p334,0,1,0.9948564171791077,0.9904947876930237,0.9948564171791077,-0.004361629486083984,2.3086875
base,2,p315_123_mic1,p315,data\VCTK\wav48_silence_trimmed\p315\p315_123_mic1.flac,p334,0,1,0.9972437024116516,0.9921900033950806,0.9972437024116516,-0.005053699016571045,2.3086875
base,3,p315_123_mic1,p315,data\VCTK\wav48_silence_trimmed\p315\p315_123_mic1.flac,p334,0,1,0.997367799282074,0.9925703406333923,0.997367799282074,-0.004797458648681641,2.3086875
lca,1,p315_123_mic1,p315,data\VCTK\wav48_silence_trimmed\p315\p315_123_mic1.flac,p334,0,1,0.9959172606468201,0.9916958808898926,0.9959172606468201,-0.00422137975692749,2.3086875
lca,2,p315_123_mic1,p315,data\VCTK\wav48_silence_trimmed\p315\p315_123_mic1.flac,p334,0,1,0.9974028468132019,0.9930703639984131,0.9974028468132019,-0.004332482814788818,2.3086875
lca,3,p315_123_mic1,p315,data\VCTK\wav48_silence_trimmed\p315\p315_123_mic1.flac,p334,0,1,0.996372401714325,0.9902040958404541,0.996372401714325,-0.00616830587387085,2.3086875
original,0,p315_179_mic1,p315,data\VCTK\wav48_silence_trimmed\p315\p315_179_mic1.flac,p315,1,1,0.9976652264595032,0.9976652264595032,0.9971742033958435,0.000491023063659668,3.3274375
base,1,p315_179_mic1,p315,data\VCTK\wav48_silence_trimmed\p315\p315_179_mic1.flac,p243,0,1,0.9969604015350342,0.9939693808555603,0.9969604015350342,-0.002991020679473877,3.3274375
base,2,p315_179_mic1,p315,data\VCTK\wav48_silence_trimmed\p315\p315_179_mic1.flac,p360,0,1,0.9979771971702576,0.9971570372581482,0.9979771971702576,-0.000820159912109375,3.3274375
base,3,p315_179_mic1,p315,data\VCTK\wav48_silence_trimmed\p315\p315_179_mic1.flac,p271,0,1,0.9982687830924988,0.9961718320846558,0.9982687830924988,-0.0020969510078430176,3.3274375
lca,1,p315_179_mic1,p315,data\VCTK\wav48_silence_trimmed\p315\p315_179_mic1.flac,p258,0,1,0.9967943429946899,0.9946971535682678,0.9967943429946899,-0.002097189426422119,3.3274375
lca,2,p315_179_mic1,p315,data\VCTK\wav48_silence_trimmed\p315\p315_179_mic1.flac,p360,0,1,0.9978761076927185,0.9968222975730896,0.9978761076927185,-0.0010538101196289062,3.3274375
lca,3,p315_179_mic1,p315,data\VCTK\wav48_silence_trimmed\p315\p315_179_mic1.flac,p360,0,1,0.9982227683067322,0.9974691867828369,0.9982227683067322,-0.0007535815238952637,3.3274375
original,0,p315_203_mic1,p315,data\VCTK\wav48_silence_trimmed\p315\p315_203_mic1.flac,p334,0,1,0.9979714155197144,0.9957978129386902,0.9979714155197144,-0.00217360258102417,2.7754375
base,1,p315_203_mic1,p315,data\VCTK\wav48_silence_trimmed\p315\p315_203_mic1.flac,p239,0,1,0.9943737387657166,0.991890549659729,0.9943737387657166,-0.002483189105987549,2.7754375
base,2,p315_203_mic1,p315,data\VCTK\wav48_silence_trimmed\p315\p315_203_mic1.flac,p278,0,1,0.9976121783256531,0.9956559538841248,0.9976121783256531,-0.0019562244415283203,2.7754375
base,3,p315_203_mic1,p315,data\VCTK\wav48_silence_trimmed\p315\p315_203_mic1.flac,p360,0,1,0.9977400898933411,0.995563805103302,0.9977400898933411,-0.0021762847900390625,2.7754375
lca,1,p315_203_mic1,p315,data\VCTK\wav48_silence_trimmed\p315\p315_203_mic1.flac,p259,0,1,0.9935963153839111,0.9918769001960754,0.9935963153839111,-0.0017194151878356934,2.7754375
lca,2,p315_203_mic1,p315,data\VCTK\wav48_silence_trimmed\p315\p315_203_mic1.flac,p259,0,1,0.9972875714302063,0.9959921836853027,0.9972875714302063,-0.0012953877449035645,2.7754375
lca,3,p315_203_mic1,p315,data\VCTK\wav48_silence_trimmed\p315\p315_203_mic1.flac,p334,0,1,0.9978951215744019,0.9962543249130249,0.9978951215744019,-0.0016407966613769531,2.7754375
original,0,p315_266_mic1,p315,data\VCTK\wav48_silence_trimmed\p315\p315_266_mic1.flac,p315,1,1,0.9973123669624329,0.9973123669624329,0.9969727396965027,0.0003396272659301758,2.65025
base,1,p315_266_mic1,p315,data\VCTK\wav48_silence_trimmed\p315\p315_266_mic1.flac,p259,0,1,0.9906209111213684,0.9879837036132812,0.9906209111213684,-0.002637207508087158,2.65025
base,2,p315_266_mic1,p315,data\VCTK\wav48_silence_trimmed\p315\p315_266_mic1.flac,p259,0,1,0.9964410066604614,0.9950761198997498,0.9964410066604614,-0.00136488676071167,2.65025
base,3,p315_266_mic1,p315,data\VCTK\wav48_silence_trimmed\p315\p315_266_mic1.flac,p259,0,1,0.9972543120384216,0.9964870810508728,0.9972543120384216,-0.0007672309875488281,2.65025
lca,1,p315_266_mic1,p315,data\VCTK\wav48_silence_trimmed\p315\p315_266_mic1.flac,p236,0,1,0.9892433285713196,0.9862028956413269,0.9892433285713196,-0.0030404329299926758,2.65025
lca,2,p315_266_mic1,p315,data\VCTK\wav48_silence_trimmed\p315\p315_266_mic1.flac,p259,0,1,0.994996190071106,0.9927988052368164,0.994996190071106,-0.0021973848342895508,2.65025
lca,3,p315_266_mic1,p315,data\VCTK\wav48_silence_trimmed\p315\p315_266_mic1.flac,p259,0,1,0.996843695640564,0.9952909350395203,0.996843695640564,-0.0015527606010437012,2.65025
original,0,p315_380_mic1,p315,data\VCTK\wav48_silence_trimmed\p315\p315_380_mic1.flac,p334,0,1,0.994363009929657,0.9938479065895081,0.994363009929657,-0.0005151033401489258,1.8369375
base,1,p315_380_mic1,p315,data\VCTK\wav48_silence_trimmed\p315\p315_380_mic1.flac,p312,0,1,0.984147846698761,0.9795619249343872,0.984147846698761,-0.004585921764373779,1.8369375
base,2,p315_380_mic1,p315,data\VCTK\wav48_silence_trimmed\p315\p315_380_mic1.flac,p334,0,1,0.9895406365394592,0.985554575920105,0.9895406365394592,-0.003986060619354248,1.8369375
base,3,p315_380_mic1,p315,data\VCTK\wav48_silence_trimmed\p315\p315_380_mic1.flac,p334,0,1,0.9936063289642334,0.9904227256774902,0.9936063289642334,-0.003183603286743164,1.8369375
lca,1,p315_380_mic1,p315,data\VCTK\wav48_silence_trimmed\p315\p315_380_mic1.flac,p259,0,1,0.9818917512893677,0.9780122637748718,0.9818917512893677,-0.0038794875144958496,1.8369375
lca,2,p315_380_mic1,p315,data\VCTK\wav48_silence_trimmed\p315\p315_380_mic1.flac,p259,0,1,0.9893821477890015,0.9862884879112244,0.9893821477890015,-0.0030936598777770996,1.8369375
lca,3,p315_380_mic1,p315,data\VCTK\wav48_silence_trimmed\p315\p315_380_mic1.flac,p334,0,1,0.9889352321624756,0.9855429530143738,0.9889352321624756,-0.0033922791481018066,1.8369375
original,0,p316_015_mic2,p316,data\VCTK\wav48_silence_trimmed\p316\p316_015_mic2.flac,p364,0,1,0.9932807683944702,0.9804017543792725,0.9932807683944702,-0.012879014015197754,6.3531875
base,1,p316_015_mic2,p316,data\VCTK\wav48_silence_trimmed\p316\p316_015_mic2.flac,p263,0,1,0.9932641386985779,0.981348991394043,0.9932641386985779,-0.011915147304534912,6.3531875
base,2,p316_015_mic2,p316,data\VCTK\wav48_silence_trimmed\p316\p316_015_mic2.flac,p273,0,1,0.9966804385185242,0.9841539263725281,0.9966804385185242,-0.012526512145996094,6.3531875
base,3,p316_015_mic2,p316,data\VCTK\wav48_silence_trimmed\p316\p316_015_mic2.flac,p270,0,1,0.9950029850006104,0.9805315136909485,0.9950029850006104,-0.014471471309661865,6.3531875
lca,1,p316_015_mic2,p316,data\VCTK\wav48_silence_trimmed\p316\p316_015_mic2.flac,p270,0,1,0.9945535063743591,0.9827800989151001,0.9945535063743591,-0.011773407459259033,6.3531875
lca,2,p316_015_mic2,p316,data\VCTK\wav48_silence_trimmed\p316\p316_015_mic2.flac,p270,0,1,0.9943393468856812,0.9778656959533691,0.9943393468856812,-0.01647365093231201,6.3531875
lca,3,p316_015_mic2,p316,data\VCTK\wav48_silence_trimmed\p316\p316_015_mic2.flac,p270,0,1,0.9955288767814636,0.9803994297981262,0.9955288767814636,-0.015129446983337402,6.3531875
original,0,p316_088_mic2,p316,data\VCTK\wav48_silence_trimmed\p316\p316_088_mic2.flac,p363,0,1,0.996149480342865,0.9872628450393677,0.996149480342865,-0.008886635303497314,3.502
base,1,p316_088_mic2,p316,data\VCTK\wav48_silence_trimmed\p316\p316_088_mic2.flac,p302,0,1,0.9948437809944153,0.9792514443397522,0.9948437809944153,-0.015592336654663086,3.502
base,2,p316_088_mic2,p316,data\VCTK\wav48_silence_trimmed\p316\p316_088_mic2.flac,p363,0,1,0.9956974387168884,0.9836045503616333,0.9956974387168884,-0.012092888355255127,3.502
base,3,p316_088_mic2,p316,data\VCTK\wav48_silence_trimmed\p316\p316_088_mic2.flac,p363,0,1,0.9952890276908875,0.9817188382148743,0.9952890276908875,-0.013570189476013184,3.502
lca,1,p316_088_mic2,p316,data\VCTK\wav48_silence_trimmed\p316\p316_088_mic2.flac,p278,0,1,0.9931873679161072,0.976673424243927,0.9931873679161072,-0.016513943672180176,3.502
lca,2,p316_088_mic2,p316,data\VCTK\wav48_silence_trimmed\p316\p316_088_mic2.flac,p226,0,1,0.9951149821281433,0.9799884557723999,0.9951149821281433,-0.015126526355743408,3.502
lca,3,p316_088_mic2,p316,data\VCTK\wav48_silence_trimmed\p316\p316_088_mic2.flac,p376,0,1,0.9948413372039795,0.9831393361091614,0.9948413372039795,-0.011702001094818115,3.502
original,0,p316_231_mic1,p316,data\VCTK\wav48_silence_trimmed\p316\p316_231_mic1.flac,p374,0,1,0.9958451390266418,0.9938233494758606,0.9958451390266418,-0.00202178955078125,3.1115625
base,1,p316_231_mic1,p316,data\VCTK\wav48_silence_trimmed\p316\p316_231_mic1.flac,p345,0,1,0.9952856302261353,0.989301860332489,0.9952856302261353,-0.00598376989364624,3.1115625
base,2,p316_231_mic1,p316,data\VCTK\wav48_silence_trimmed\p316\p316_231_mic1.flac,p246,0,1,0.9966259598731995,0.9942352175712585,0.9966259598731995,-0.002390742301940918,3.1115625
base,3,p316_231_mic1,p316,data\VCTK\wav48_silence_trimmed\p316\p316_231_mic1.flac,p237,0,1,0.996321976184845,0.9936490058898926,0.996321976184845,-0.0026729702949523926,3.1115625
lca,1,p316_231_mic1,p316,data\VCTK\wav48_silence_trimmed\p316\p316_231_mic1.flac,p252,0,1,0.9936193823814392,0.9822281002998352,0.9936193823814392,-0.011391282081604004,3.1115625
lca,2,p316_231_mic1,p316,data\VCTK\wav48_silence_trimmed\p316\p316_231_mic1.flac,p345,0,1,0.9967659115791321,0.9913191199302673,0.9967659115791321,-0.005446791648864746,3.1115625
lca,3,p316_231_mic1,p316,data\VCTK\wav48_silence_trimmed\p316\p316_231_mic1.flac,p345,0,1,0.996332585811615,0.9900941848754883,0.996332585811615,-0.006238400936126709,3.1115625
original,0,p316_266_mic1,p316,data\VCTK\wav48_silence_trimmed\p316\p316_266_mic1.flac,p245,0,1,0.9970968961715698,0.9956559538841248,0.9970968961715698,-0.0014409422874450684,2.6435625
base,1,p316_266_mic1,p316,data\VCTK\wav48_silence_trimmed\p316\p316_266_mic1.flac,p259,0,1,0.9924429655075073,0.9839954972267151,0.9924429655075073,-0.008447468280792236,2.6435625
base,2,p316_266_mic1,p316,data\VCTK\wav48_silence_trimmed\p316\p316_266_mic1.flac,p241,0,1,0.9970844388008118,0.9919288158416748,0.9970844388008118,-0.005155622959136963,2.6435625
base,3,p316_266_mic1,p316,data\VCTK\wav48_silence_trimmed\p316\p316_266_mic1.flac,p241,0,1,0.9967260956764221,0.9927027225494385,0.9967260956764221,-0.004023373126983643,2.6435625
lca,1,p316_266_mic1,p316,data\VCTK\wav48_silence_trimmed\p316\p316_266_mic1.flac,p252,0,1,0.9898720383644104,0.9754166007041931,0.9898720383644104,-0.014455437660217285,2.6435625
lca,2,p316_266_mic1,p316,data\VCTK\wav48_silence_trimmed\p316\p316_266_mic1.flac,p252,0,1,0.9967349171638489,0.9877819418907166,0.9967349171638489,-0.008952975273132324,2.6435625
lca,3,p316_266_mic1,p316,data\VCTK\wav48_silence_trimmed\p316\p316_266_mic1.flac,p252,0,1,0.9973698854446411,0.9906500577926636,0.9973698854446411,-0.006719827651977539,2.6435625
original,0,p316_279_mic2,p316,data\VCTK\wav48_silence_trimmed\p316\p316_279_mic2.flac,p272,0,1,0.9963774085044861,0.9929001927375793,0.9963774085044861,-0.0034772157669067383,3.06575
base,1,p316_279_mic2,p316,data\VCTK\wav48_silence_trimmed\p316\p316_279_mic2.flac,p278,0,1,0.9958805441856384,0.9866362810134888,0.9958805441856384,-0.009244263172149658,3.06575
base,2,p316_279_mic2,p316,data\VCTK\wav48_silence_trimmed\p316\p316_279_mic2.flac,p278,0,1,0.9955218434333801,0.9900178909301758,0.9955218434333801,-0.005503952503204346,3.06575
base,3,p316_279_mic2,p316,data\VCTK\wav48_silence_trimmed\p316\p316_279_mic2.flac,p281,0,1,0.9971048831939697,0.9901255369186401,0.9971048831939697,-0.00697934627532959,3.06575
lca,1,p316_279_mic2,p316,data\VCTK\wav48_silence_trimmed\p316\p316_279_mic2.flac,p278,0,1,0.9964890480041504,0.9886592030525208,0.9964890480041504,-0.007829844951629639,3.06575
lca,2,p316_279_mic2,p316,data\VCTK\wav48_silence_trimmed\p316\p316_279_mic2.flac,p278,0,1,0.9968468546867371,0.9905071258544922,0.9968468546867371,-0.006339728832244873,3.06575
lca,3,p316_279_mic2,p316,data\VCTK\wav48_silence_trimmed\p316\p316_279_mic2.flac,p278,0,1,0.9961985349655151,0.990983784198761,0.9961985349655151,-0.00521475076675415,3.06575
original,0,p317_142_mic1,p317,data\VCTK\wav48_silence_trimmed\p317\p317_142_mic1.flac,p257,0,1,0.9907574653625488,0.9849602580070496,0.9907574653625488,-0.005797207355499268,4.1339375
base,1,p317_142_mic1,p317,data\VCTK\wav48_silence_trimmed\p317\p317_142_mic1.flac,p253,0,1,0.9946677684783936,0.9907469749450684,0.9946677684783936,-0.003920793533325195,4.1339375
base,2,p317_142_mic1,p317,data\VCTK\wav48_silence_trimmed\p317\p317_142_mic1.flac,p257,0,1,0.9939787983894348,0.9899908304214478,0.9939787983894348,-0.0039879679679870605,4.1339375
base,3,p317_142_mic1,p317,data\VCTK\wav48_silence_trimmed\p317\p317_142_mic1.flac,p307,0,1,0.993679940700531,0.9909952282905579,0.993679940700531,-0.0026847124099731445,4.1339375
lca,1,p317_142_mic1,p317,data\VCTK\wav48_silence_trimmed\p317\p317_142_mic1.flac,p236,0,1,0.9955418705940247,0.9889694452285767,0.9955418705940247,-0.006572425365447998,4.1339375
lca,2,p317_142_mic1,p317,data\VCTK\wav48_silence_trimmed\p317\p317_142_mic1.flac,p236,0,1,0.9944801926612854,0.9903873205184937,0.9944801926612854,-0.004092872142791748,4.1339375
lca,3,p317_142_mic1,p317,data\VCTK\wav48_silence_trimmed\p317\p317_142_mic1.flac,p257,0,1,0.9940260648727417,0.9858778715133667,0.9940260648727417,-0.008148193359375,4.1339375
original,0,p317_165_mic1,p317,data\VCTK\wav48_silence_trimmed\p317\p317_165_mic1.flac,p308,0,1,0.993253767490387,0.991860568523407,0.993253767490387,-0.0013931989669799805,2.3513125
base,1,p317_165_mic1,p317,data\VCTK\wav48_silence_trimmed\p317\p317_165_mic1.flac,p303,0,1,0.993290901184082,0.9920816421508789,0.993290901184082,-0.001209259033203125,2.3513125
base,2,p317_165_mic1,p317,data\VCTK\wav48_silence_trimmed\p317\p317_165_mic1.flac,p308,0,1,0.9944123029708862,0.9936907291412354,0.9944123029708862,-0.0007215738296508789,2.3513125
base,3,p317_165_mic1,p317,data\VCTK\wav48_silence_trimmed\p317\p317_165_mic1.flac,p308,0,1,0.9938936233520508,0.9920849800109863,0.9938936233520508,-0.0018086433410644531,2.3513125
lca,1,p317_165_mic1,p317,data\VCTK\wav48_silence_trimmed\p317\p317_165_mic1.flac,p303,0,1,0.9959045648574829,0.9931472539901733,0.9959045648574829,-0.0027573108673095703,2.3513125
lca,2,p317_165_mic1,p317,data\VCTK\wav48_silence_trimmed\p317\p317_165_mic1.flac,p317,1,1,0.994908332824707,0.994908332824707,0.9940138459205627,0.0008944869041442871,2.3513125
lca,3,p317_165_mic1,p317,data\VCTK\wav48_silence_trimmed\p317\p317_165_mic1.flac,p317,1,1,0.99411541223526,0.99411541223526,0.9936643242835999,0.00045108795166015625,2.3513125
original,0,p317_198_mic1,p317,data\VCTK\wav48_silence_trimmed\p317\p317_198_mic1.flac,p307,0,1,0.9920638203620911,0.9908655881881714,0.9920638203620911,-0.0011982321739196777,3.0266875
base,1,p317_198_mic1,p317,data\VCTK\wav48_silence_trimmed\p317\p317_198_mic1.flac,p248,0,1,0.9946737885475159,0.9873246550559998,0.9946737885475159,-0.007349133491516113,3.0266875
base,2,p317_198_mic1,p317,data\VCTK\wav48_silence_trimmed\p317\p317_198_mic1.flac,p323,0,1,0.9936743974685669,0.9925572872161865,0.9936743974685669,-0.001117110252380371,3.0266875
base,3,p317_198_mic1,p317,data\VCTK\wav48_silence_trimmed\p317\p317_198_mic1.flac,p250,0,1,0.9907256364822388,0.9887967109680176,0.9907256364822388,-0.0019289255142211914,3.0266875
lca,1,p317_198_mic1,p317,data\VCTK\wav48_silence_trimmed\p317\p317_198_mic1.flac,p248,0,1,0.9941232204437256,0.9869472980499268,0.9941232204437256,-0.007175922393798828,3.0266875
lca,2,p317_198_mic1,p317,data\VCTK\wav48_silence_trimmed\p317\p317_198_mic1.flac,p248,0,1,0.9941139817237854,0.9922453761100769,0.9941139817237854,-0.001868605613708496,3.0266875
lca,3,p317_198_mic1,p317,data\VCTK\wav48_silence_trimmed\p317\p317_198_mic1.flac,p261,0,1,0.9921526908874512,0.9906412959098816,0.9921526908874512,-0.00151139497756958,3.0266875
original,0,p317_255_mic2,p317,data\VCTK\wav48_silence_trimmed\p317\p317_255_mic2.flac,p307,0,1,0.9948023557662964,0.9947980642318726,0.9948023557662964,-4.291534423828125e-06,3.39725
base,1,p317_255_mic2,p317,data\VCTK\wav48_silence_trimmed\p317\p317_255_mic2.flac,p253,0,1,0.9950288534164429,0.9919285774230957,0.9950288534164429,-0.003100275993347168,3.39725
base,2,p317_255_mic2,p317,data\VCTK\wav48_silence_trimmed\p317\p317_255_mic2.flac,p339,0,1,0.9947731494903564,0.9947317838668823,0.9947731494903564,-4.1365623474121094e-05,3.39725
base,3,p317_255_mic2,p317,data\VCTK\wav48_silence_trimmed\p317\p317_255_mic2.flac,p317,1,1,0.9943212270736694,0.9943212270736694,0.9939629435539246,0.00035828351974487305,3.39725
lca,1,p317_255_mic2,p317,data\VCTK\wav48_silence_trimmed\p317\p317_255_mic2.flac,p339,0,1,0.9966505169868469,0.9911092519760132,0.9966505169868469,-0.00554126501083374,3.39725
lca,2,p317_255_mic2,p317,data\VCTK\wav48_silence_trimmed\p317\p317_255_mic2.flac,p339,0,1,0.9955565929412842,0.9950576424598694,0.9955565929412842,-0.0004989504814147949,3.39725
lca,3,p317_255_mic2,p317,data\VCTK\wav48_silence_trimmed\p317\p317_255_mic2.flac,p339,0,1,0.9940124154090881,0.9929455518722534,0.9940124154090881,-0.0010668635368347168,3.39725
original,0,p317_265_mic1,p317,data\VCTK\wav48_silence_trimmed\p317\p317_265_mic1.flac,p317,1,1,0.9941982626914978,0.9941982626914978,0.9902568459510803,0.0039414167404174805,2.7788125
base,1,p317_265_mic1,p317,data\VCTK\wav48_silence_trimmed\p317\p317_265_mic1.flac,p268,0,1,0.9928767085075378,0.9905931949615479,0.9928767085075378,-0.0022835135459899902,2.7788125
base,2,p317_265_mic1,p317,data\VCTK\wav48_silence_trimmed\p317\p317_265_mic1.flac,p317,1,1,0.9960145950317383,0.9960145950317383,0.9936485290527344,0.0023660659790039062,2.7788125
base,3,p317_265_mic1,p317,data\VCTK\wav48_silence_trimmed\p317\p317_265_mic1.flac,p317,1,1,0.9963321685791016,0.9963321685791016,0.9930942058563232,0.0032379627227783203,2.7788125
lca,1,p317_265_mic1,p317,data\VCTK\wav48_silence_trimmed\p317\p317_265_mic1.flac,p303,0,1,0.9928388595581055,0.9886357188224792,0.9928388595581055,-0.004203140735626221,2.7788125
lca,2,p317_265_mic1,p317,data\VCTK\wav48_silence_trimmed\p317\p317_265_mic1.flac,p317,1,1,0.9958051443099976,0.9958051443099976,0.9945275783538818,0.0012775659561157227,2.7788125
lca,3,p317_265_mic1,p317,data\VCTK\wav48_silence_trimmed\p317\p317_265_mic1.flac,p317,1,1,0.9957642555236816,0.9957642555236816,0.9933371543884277,0.0024271011352539062,2.7788125
original,0,p318_020_mic1,p318,data\VCTK\wav48_silence_trimmed\p318\p318_020_mic1.flac,p273,0,1,0.992286741733551,0.9888752698898315,0.992286741733551,-0.0034114718437194824,4.5939375
base,1,p318_020_mic1,p318,data\VCTK\wav48_silence_trimmed\p318\p318_020_mic1.flac,p266,0,1,0.9853405952453613,0.9759664535522461,0.9853405952453613,-0.009374141693115234,4.5939375
base,2,p318_020_mic1,p318,data\VCTK\wav48_silence_trimmed\p318\p318_020_mic1.flac,p273,0,1,0.9929366707801819,0.9876508712768555,0.9929366707801819,-0.005285799503326416,4.5939375
base,3,p318_020_mic1,p318,data\VCTK\wav48_silence_trimmed\p318\p318_020_mic1.flac,p273,0,1,0.993699848651886,0.9877189993858337,0.993699848651886,-0.005980849266052246,4.5939375
lca,1,p318_020_mic1,p318,data\VCTK\wav48_silence_trimmed\p318\p318_020_mic1.flac,p282,0,1,0.9881493449211121,0.9792081117630005,0.9881493449211121,-0.008941233158111572,4.5939375
lca,2,p318_020_mic1,p318,data\VCTK\wav48_silence_trimmed\p318\p318_020_mic1.flac,p266,0,1,0.9920708537101746,0.9820820093154907,0.9920708537101746,-0.009988844394683838,4.5939375
lca,3,p318_020_mic1,p318,data\VCTK\wav48_silence_trimmed\p318\p318_020_mic1.flac,p266,0,1,0.9925691485404968,0.9829335808753967,0.9925691485404968,-0.009635567665100098,4.5939375
original,0,p318_048_mic1,p318,data\VCTK\wav48_silence_trimmed\p318\p318_048_mic1.flac,p262,0,1,0.9970983266830444,0.9963087439537048,0.9970983266830444,-0.0007895827293395996,4.0298125
base,1,p318_048_mic1,p318,data\VCTK\wav48_silence_trimmed\p318\p318_048_mic1.flac,p239,0,1,0.99346524477005,0.9871948957443237,0.99346524477005,-0.006270349025726318,4.0298125
base,2,p318_048_mic1,p318,data\VCTK\wav48_silence_trimmed\p318\p318_048_mic1.flac,p300,0,1,0.9972693920135498,0.9951529502868652,0.9972693920135498,-0.0021164417266845703,4.0298125
base,3,p318_048_mic1,p318,data\VCTK\wav48_silence_trimmed\p318\p318_048_mic1.flac,p300,0,1,0.9977594614028931,0.9961541295051575,0.9977594614028931,-0.0016053318977355957,4.0298125
lca,1,p318_048_mic1,p318,data\VCTK\wav48_silence_trimmed\p318\p318_048_mic1.flac,p268,0,1,0.9947007298469543,0.9874284863471985,0.9947007298469543,-0.007272243499755859,4.0298125
lca,2,p318_048_mic1,p318,data\VCTK\wav48_silence_trimmed\p318\p318_048_mic1.flac,p239,0,1,0.9969875812530518,0.9931420087814331,0.9969875812530518,-0.0038455724716186523,4.0298125
lca,3,p318_048_mic1,p318,data\VCTK\wav48_silence_trimmed\p318\p318_048_mic1.flac,p300,0,1,0.9974939823150635,0.9938309192657471,0.9974939823150635,-0.0036630630493164062,4.0298125
original,0,p318_069_mic1,p318,data\VCTK\wav48_silence_trimmed\p318\p318_069_mic1.flac,p318,1,1,0.9979261159896851,0.9979261159896851,0.9970151782035828,0.0009109377861022949,4.4734375
base,1,p318_069_mic1,p318,data\VCTK\wav48_silence_trimmed\p318\p318_069_mic1.flac,p239,0,1,0.9927429556846619,0.986001193523407,0.9927429556846619,-0.006741762161254883,4.4734375
base,2,p318_069_mic1,p318,data\VCTK\wav48_silence_trimmed\p318\p318_069_mic1.flac,p312,0,1,0.9973847270011902,0.9946044087409973,0.9973847270011902,-0.002780318260192871,4.4734375
base,3,p318_069_mic1,p318,data\VCTK\wav48_silence_trimmed\p318\p318_069_mic1.flac,p297,0,1,0.9981179237365723,0.9965928196907043,0.9981179237365723,-0.00152510404586792,4.4734375
lca,1,p318_069_mic1,p318,data\VCTK\wav48_silence_trimmed\p318\p318_069_mic1.flac,p239,0,1,0.9946826100349426,0.9874997735023499,0.9946826100349426,-0.0071828365325927734,4.4734375
lca,2,p318_069_mic1,p318,data\VCTK\wav48_silence_trimmed\p318\p318_069_mic1.flac,p312,0,1,0.9966170787811279,0.9912250638008118,0.9966170787811279,-0.005392014980316162,4.4734375
lca,3,p318_069_mic1,p318,data\VCTK\wav48_silence_trimmed\p318\p318_069_mic1.flac,p312,0,1,0.9972400069236755,0.9925452470779419,0.9972400069236755,-0.004694759845733643,4.4734375
original,0,p318_119_mic1,p318,data\VCTK\wav48_silence_trimmed\p318\p318_119_mic1.flac,p318,1,1,0.9970824718475342,0.9970824718475342,0.9962798357009888,0.0008026361465454102,3.6980625
base,1,p318_119_mic1,p318,data\VCTK\wav48_silence_trimmed\p318\p318_119_mic1.flac,p239,0,1,0.9930296540260315,0.9859437346458435,0.9930296540260315,-0.007085919380187988,3.6980625
base,2,p318_119_mic1,p318,data\VCTK\wav48_silence_trimmed\p318\p318_119_mic1.flac,p312,0,1,0.9977104663848877,0.9952589869499207,0.9977104663848877,-0.002451479434967041,3.6980625
base,3,p318_119_mic1,p318,data\VCTK\wav48_silence_trimmed\p318\p318_119_mic1.flac,p312,0,1,0.9977065324783325,0.9957802891731262,0.9977065324783325,-0.0019262433052062988,3.6980625
lca,1,p318_119_mic1,p318,data\VCTK\wav48_silence_trimmed\p318\p318_119_mic1.flac,p239,0,1,0.9929566979408264,0.9831587076187134,0.9929566979408264,-0.009797990322113037,3.6980625
lca,2,p318_119_mic1,p318,data\VCTK\wav48_silence_trimmed\p318\p318_119_mic1.flac,p312,0,1,0.9964337348937988,0.9912647008895874,0.9964337348937988,-0.005169034004211426,3.6980625
lca,3,p318_119_mic1,p318,data\VCTK\wav48_silence_trimmed\p318\p318_119_mic1.flac,p339,0,1,0.9972419738769531,0.9942513108253479,0.9972419738769531,-0.0029906630516052246,3.6980625
original,0,p318_321_mic2,p318,data\VCTK\wav48_silence_trimmed\p318\p318_321_mic2.flac,p293,0,1,0.9966174364089966,0.9961866736412048,0.9966174364089966,-0.00043076276779174805,3.7973125
base,1,p318_321_mic2,p318,data\VCTK\wav48_silence_trimmed\p318\p318_321_mic2.flac,p312,0,1,0.9923897385597229,0.990451455116272,0.9923897385597229,-0.0019382834434509277,3.7973125
base,2,p318_321_mic2,p318,data\VCTK\wav48_silence_trimmed\p318\p318_321_mic2.flac,p294,0,1,0.9954315423965454,0.9945493340492249,0.9954315423965454,-0.0008822083473205566,3.7973125
base,3,p318_321_mic2,p318,data\VCTK\wav48_silence_trimmed\p318\p318_321_mic2.flac,p294,0,1,0.9955399036407471,0.9948633313179016,0.9955399036407471,-0.000676572322845459,3.7973125
lca,1,p318_321_mic2,p318,data\VCTK\wav48_silence_trimmed\p318\p318_321_mic2.flac,p278,0,1,0.9935641884803772,0.9922149181365967,0.9935641884803772,-0.0013492703437805176,3.7973125
lca,2,p318_321_mic2,p318,data\VCTK\wav48_silence_trimmed\p318\p318_321_mic2.flac,p225,0,1,0.9945424795150757,0.9929695725440979,0.9945424795150757,-0.0015729069709777832,3.7973125
lca,3,p318_321_mic2,p318,data\VCTK\wav48_silence_trimmed\p318\p318_321_mic2.flac,p230,0,1,0.9948856830596924,0.9939773082733154,0.9948856830596924,-0.0009083747863769531,3.7973125
original,0,p323_075_mic1,p323,data\VCTK\wav48_silence_trimmed\p323\p323_075_mic1.flac,p238,0,1,0.9955703020095825,0.9953291416168213,0.9955703020095825,-0.00024116039276123047,2.9906875
base,1,p323_075_mic1,p323,data\VCTK\wav48_silence_trimmed\p323\p323_075_mic1.flac,p248,0,1,0.9905703067779541,0.983640730381012,0.9905703067779541,-0.006929576396942139,2.9906875
base,2,p323_075_mic1,p323,data\VCTK\wav48_silence_trimmed\p323\p323_075_mic1.flac,p268,0,1,0.996989369392395,0.9942153096199036,0.996989369392395,-0.002774059772491455,2.9906875
base,3,p323_075_mic1,p323,data\VCTK\wav48_silence_trimmed\p323\p323_075_mic1.flac,p268,0,1,0.9971174001693726,0.9950282573699951,0.9971174001693726,-0.0020891427993774414,2.9906875
lca,1,p323_075_mic1,p323,data\VCTK\wav48_silence_trimmed\p323\p323_075_mic1.flac,p236,0,1,0.9894974231719971,0.9817172884941101,0.9894974231719971,-0.007780134677886963,2.9906875
lca,2,p323_075_mic1,p323,data\VCTK\wav48_silence_trimmed\p323\p323_075_mic1.flac,p268,0,1,0.9948090314865112,0.9905083179473877,0.9948090314865112,-0.004300713539123535,2.9906875
lca,3,p323_075_mic1,p323,data\VCTK\wav48_silence_trimmed\p323\p323_075_mic1.flac,p268,0,1,0.9962737560272217,0.9926350116729736,0.9962737560272217,-0.003638744354248047,2.9906875
original,0,p323_116_mic1,p323,data\VCTK\wav48_silence_trimmed\p323\p323_116_mic1.flac,p307,0,1,0.9960206151008606,0.9959424734115601,0.9960206151008606,-7.814168930053711e-05,3.353
base,1,p323_116_mic1,p323,data\VCTK\wav48_silence_trimmed\p323\p323_116_mic1.flac,p340,0,1,0.99413001537323,0.9885646104812622,0.99413001537323,-0.0055654048919677734,3.353
base,2,p323_116_mic1,p323,data\VCTK\wav48_silence_trimmed\p323\p323_116_mic1.flac,p294,0,1,0.9968735575675964,0.9957810640335083,0.9968735575675964,-0.0010924935340881348,3.353
base,3,p323_116_mic1,p323,data\VCTK\wav48_silence_trimmed\p323\p323_116_mic1.flac,p288,0,1,0.996791660785675,0.9961533546447754,0.996791660785675,-0.0006383061408996582,3.353
lca,1,p323_116_mic1,p323,data\VCTK\wav48_silence_trimmed\p323\p323_116_mic1.flac,p239,0,1,0.9935975670814514,0.9872416853904724,0.9935975670814514,-0.006355881690979004,3.353
lca,2,p323_116_mic1,p323,data\VCTK\wav48_silence_trimmed\p323\p323_116_mic1.flac,p340,0,1,0.998161256313324,0.9947202205657959,0.998161256313324,-0.003441035747528076,3.353
lca,3,p323_116_mic1,p323,data\VCTK\wav48_silence_trimmed\p323\p323_116_mic1.flac,p340,0,1,0.9980174899101257,0.99488365650177,0.9980174899101257,-0.003133833408355713,3.353
original,0,p323_161_mic2,p323,data\VCTK\wav48_silence_trimmed\p323\p323_161_mic2.flac,p317,0,1,0.9953946471214294,0.992405116558075,0.9953946471214294,-0.002989530563354492,3.1245625
base,1,p323_161_mic2,p323,data\VCTK\wav48_silence_trimmed\p323\p323_161_mic2.flac,p253,0,1,0.993755042552948,0.991481363773346,0.993755042552948,-0.0022736787796020508,3.1245625
base,2,p323_161_mic2,p323,data\VCTK\wav48_silence_trimmed\p323\p323_161_mic2.flac,p317,0,1,0.9953818917274475,0.9906805157661438,0.9953818917274475,-0.004701375961303711,3.1245625
base,3,p323_161_mic2,p323,data\VCTK\wav48_silence_trimmed\p323\p323_161_mic2.flac,p317,0,1,0.9953349828720093,0.9909666180610657,0.9953349828720093,-0.0043683648109436035,3.1245625
lca,1,p323_161_mic2,p323,data\VCTK\wav48_silence_trimmed\p323\p323_161_mic2.flac,p294,0,1,0.996212899684906,0.992581844329834,0.996212899684906,-0.0036310553550720215,3.1245625
lca,2,p323_161_mic2,p323,data\VCTK\wav48_silence_trimmed\p323\p323_161_mic2.flac,p317,0,1,0.9966014623641968,0.9926990270614624,0.9966014623641968,-0.003902435302734375,3.1245625
lca,3,p323_161_mic2,p323,data\VCTK\wav48_silence_trimmed\p323\p323_161_mic2.flac,p317,0,1,0.9962849617004395,0.9935344457626343,0.9962849617004395,-0.0027505159378051758,3.1245625
original,0,p323_307_mic2,p323,data\VCTK\wav48_silence_trimmed\p323\p323_307_mic2.flac,p307,0,1,0.9964860677719116,0.9955790042877197,0.9964860677719116,-0.0009070634841918945,3.247125
base,1,p323_307_mic2,p323,data\VCTK\wav48_silence_trimmed\p323\p323_307_mic2.flac,p312,0,1,0.9931939244270325,0.9828978180885315,0.9931939244270325,-0.010296106338500977,3.247125
base,2,p323_307_mic2,p323,data\VCTK\wav48_silence_trimmed\p323\p323_307_mic2.flac,p312,0,1,0.9969310760498047,0.9927210211753845,0.9969310760498047,-0.004210054874420166,3.247125
base,3,p323_307_mic2,p323,data\VCTK\wav48_silence_trimmed\p323\p323_307_mic2.flac,p294,0,1,0.9970337748527527,0.9950429201126099,0.9970337748527527,-0.0019908547401428223,3.247125
lca,1,p323_307_mic2,p323,data\VCTK\wav48_silence_trimmed\p323\p323_307_mic2.flac,p297,0,1,0.9944303631782532,0.9900089502334595,0.9944303631782532,-0.004421412944793701,3.247125
lca,2,p323_307_mic2,p323,data\VCTK\wav48_silence_trimmed\p323\p323_307_mic2.flac,p339,0,1,0.9960954785346985,0.9938339591026306,0.9960954785346985,-0.002261519432067871,3.247125
lca,3,p323_307_mic2,p323,data\VCTK\wav48_silence_trimmed\p323\p323_307_mic2.flac,p294,0,1,0.9967015385627747,0.995094358921051,0.9967015385627747,-0.0016071796417236328,3.247125
original,0,p323_370_mic2,p323,data\VCTK\wav48_silence_trimmed\p323\p323_370_mic2.flac,p282,0,1,0.9931039810180664,0.9876708388328552,0.9931039810180664,-0.005433142185211182,4.1845625
base,1,p323_370_mic2,p323,data\VCTK\wav48_silence_trimmed\p323\p323_370_mic2.flac,p335,0,1,0.9961484670639038,0.9884020090103149,0.9961484670639038,-0.007746458053588867,4.1845625
base,2,p323_370_mic2,p323,data\VCTK\wav48_silence_trimmed\p323\p323_370_mic2.flac,p282,0,1,0.99671471118927,0.9908120632171631,0.99671471118927,-0.005902647972106934,4.1845625
base,3,p323_370_mic2,p323,data\VCTK\wav48_silence_trimmed\p323\p323_370_mic2.flac,p282,0,1,0.9959692358970642,0.988739550113678,0.9959692358970642,-0.0072296857833862305,4.1845625
lca,1,p323_370_mic2,p323,data\VCTK\wav48_silence_trimmed\p323\p323_370_mic2.flac,p312,0,1,0.996030867099762,0.9855397939682007,0.996030867099762,-0.01049107313156128,4.1845625
lca,2,p323_370_mic2,p323,data\VCTK\wav48_silence_trimmed\p323\p323_370_mic2.flac,p341,0,1,0.9958006739616394,0.9917472004890442,0.9958006739616394,-0.004053473472595215,4.1845625
lca,3,p323_370_mic2,p323,data\VCTK\wav48_silence_trimmed\p323\p323_370_mic2.flac,p282,0,1,0.9951453804969788,0.9879611134529114,0.9951453804969788,-0.007184267044067383,4.1845625
original,0,p326_010_mic1,p326,data\VCTK\wav48_silence_trimmed\p326\p326_010_mic1.flac,p347,0,1,0.9964457154273987,0.9949261546134949,0.9964457154273987,-0.0015195608139038086,3.327125
base,1,p326_010_mic1,p326,data\VCTK\wav48_silence_trimmed\p326\p326_010_mic1.flac,p278,0,1,0.9940426349639893,0.9853047728538513,0.9940426349639893,-0.00873786211013794,3.327125
base,2,p326_010_mic1,p326,data\VCTK\wav48_silence_trimmed\p326\p326_010_mic1.flac,p278,0,1,0.9970048666000366,0.9928240180015564,0.9970048666000366,-0.004180848598480225,3.327125
base,3,p326_010_mic1,p326,data\VCTK\wav48_silence_trimmed\p326\p326_010_mic1.flac,p347,0,1,0.9971616864204407,0.9942238926887512,0.9971616864204407,-0.002937793731689453,3.327125
lca,1,p326_010_mic1,p326,data\VCTK\wav48_silence_trimmed\p326\p326_010_mic1.flac,p278,0,1,0.9955793619155884,0.9837159514427185,0.9955793619155884,-0.011863410472869873,3.327125
lca,2,p326_010_mic1,p326,data\VCTK\wav48_silence_trimmed\p326\p326_010_mic1.flac,p278,0,1,0.9967777729034424,0.990104079246521,0.9967777729034424,-0.006673693656921387,3.327125
lca,3,p326_010_mic1,p326,data\VCTK\wav48_silence_trimmed\p326\p326_010_mic1.flac,p347,0,1,0.995714008808136,0.9914183616638184,0.995714008808136,-0.004295647144317627,3.327125
original,0,p326_047_mic2,p326,data\VCTK\wav48_silence_trimmed\p326\p326_047_mic2.flac,p226,0,1,0.9957979917526245,0.9847748279571533,0.9957979917526245,-0.011023163795471191,2.8416875
base,1,p326_047_mic2,p326,data\VCTK\wav48_silence_trimmed\p326\p326_047_mic2.flac,p298,0,1,0.9944297075271606,0.9708285927772522,0.9944297075271606,-0.023601114749908447,2.8416875
base,2,p326_047_mic2,p326,data\VCTK\wav48_silence_trimmed\p326\p326_047_mic2.flac,p226,0,1,0.9934915900230408,0.9787428975105286,0.9934915900230408,-0.014748692512512207,2.8416875
base,3,p326_047_mic2,p326,data\VCTK\wav48_silence_trimmed\p326\p326_047_mic2.flac,p226,0,1,0.9936680197715759,0.9823588132858276,0.9936680197715759,-0.011309206485748291,2.8416875
lca,1,p326_047_mic2,p326,data\VCTK\wav48_silence_trimmed\p326\p326_047_mic2.flac,p298,0,1,0.9904558062553406,0.9731144905090332,0.9904558062553406,-0.017341315746307373,2.8416875
lca,2,p326_047_mic2,p326,data\VCTK\wav48_silence_trimmed\p326\p326_047_mic2.flac,p226,0,1,0.9951815605163574,0.98165363073349,0.9951815605163574,-0.013527929782867432,2.8416875
lca,3,p326_047_mic2,p326,data\VCTK\wav48_silence_trimmed\p326\p326_047_mic2.flac,p226,0,1,0.9959220886230469,0.9844967722892761,0.9959220886230469,-0.011425316333770752,2.8416875
original,0,p326_101_mic2,p326,data\VCTK\wav48_silence_trimmed\p326\p326_101_mic2.flac,p376,0,1,0.9981000423431396,0.9951977729797363,0.9981000423431396,-0.0029022693634033203,2.224
base,1,p326_101_mic2,p326,data\VCTK\wav48_silence_trimmed\p326\p326_101_mic2.flac,p278,0,1,0.9963148832321167,0.9909170866012573,0.9963148832321167,-0.005397796630859375,2.224
base,2,p326_101_mic2,p326,data\VCTK\wav48_silence_trimmed\p326\p326_101_mic2.flac,p376,0,1,0.9963493943214417,0.9910323619842529,0.9963493943214417,-0.005317032337188721,2.224
base,3,p326_101_mic2,p326,data\VCTK\wav48_silence_trimmed\p326\p326_101_mic2.flac,p376,0,1,0.9958558082580566,0.9883803725242615,0.9958558082580566,-0.007475435733795166,2.224
lca,1,p326_101_mic2,p326,data\VCTK\wav48_silence_trimmed\p326\p326_101_mic2.flac,p278,0,1,0.9954172372817993,0.987806499004364,0.9954172372817993,-0.007610738277435303,2.224
lca,2,p326_101_mic2,p326,data\VCTK\wav48_silence_trimmed\p326\p326_101_mic2.flac,p226,0,1,0.9955397844314575,0.988320529460907,0.9955397844314575,-0.007219254970550537,2.224
lca,3,p326_101_mic2,p326,data\VCTK\wav48_silence_trimmed\p326\p326_101_mic2.flac,p226,0,1,0.9965012669563293,0.9881772994995117,0.9965012669563293,-0.008323967456817627,2.224
original,0,p326_339_mic1,p326,data\VCTK\wav48_silence_trimmed\p326\p326_339_mic1.flac,p363,0,1,0.9966691732406616,0.9872737526893616,0.9966691732406616,-0.009395420551300049,2.294875
base,1,p326_339_mic1,p326,data\VCTK\wav48_silence_trimmed\p326\p326_339_mic1.flac,p302,0,1,0.9940114617347717,0.9789819717407227,0.9940114617347717,-0.015029489994049072,2.294875
base,2,p326_339_mic1,p326,data\VCTK\wav48_silence_trimmed\p326\p326_339_mic1.flac,p363,0,1,0.99620521068573,0.9860235452651978,0.99620521068573,-0.010181665420532227,2.294875
base,3,p326_339_mic1,p326,data\VCTK\wav48_silence_trimmed\p326\p326_339_mic1.flac,p363,0,1,0.9965103268623352,0.9860656261444092,0.9965103268623352,-0.010444700717926025,2.294875
lca,1,p326_339_mic1,p326,data\VCTK\wav48_silence_trimmed\p326\p326_339_mic1.flac,p302,0,1,0.9954037070274353,0.9762158989906311,0.9954037070274353,-0.0191878080368042,2.294875
lca,2,p326_339_mic1,p326,data\VCTK\wav48_silence_trimmed\p326\p326_339_mic1.flac,p363,0,1,0.9950786828994751,0.9852443337440491,0.9950786828994751,-0.009834349155426025,2.294875
lca,3,p326_339_mic1,p326,data\VCTK\wav48_silence_trimmed\p326\p326_339_mic1.flac,p363,0,1,0.9952685236930847,0.9821206331253052,0.9952685236930847,-0.013147890567779541,2.294875
original,0,p326_380_mic1,p326,data\VCTK\wav48_silence_trimmed\p326\p326_380_mic1.flac,p326,1,1,0.9937314987182617,0.9937314987182617,0.9936000108718872,0.00013148784637451172,3.2394375
base,1,p326_380_mic1,p326,data\VCTK\wav48_silence_trimmed\p326\p326_380_mic1.flac,p259,0,1,0.9948691129684448,0.980271577835083,0.9948691129684448,-0.014597535133361816,3.2394375
base,2,p326_380_mic1,p326,data\VCTK\wav48_silence_trimmed\p326\p326_380_mic1.flac,p237,0,1,0.9977065920829773,0.9907596111297607,0.9977065920829773,-0.006946980953216553,3.2394375
base,3,p326_380_mic1,p326,data\VCTK\wav48_silence_trimmed\p326\p326_380_mic1.flac,p237,0,1,0.9966844916343689,0.9914444088935852,0.9966844916343689,-0.005240082740783691,3.2394375
lca,1,p326_380_mic1,p326,data\VCTK\wav48_silence_trimmed\p326\p326_380_mic1.flac,p252,0,1,0.9948011040687561,0.9766463041305542,0.9948011040687561,-0.018154799938201904,3.2394375
lca,2,p326_380_mic1,p326,data\VCTK\wav48_silence_trimmed\p326\p326_380_mic1.flac,p256,0,1,0.9975049495697021,0.9860496520996094,0.9975049495697021,-0.011455297470092773,3.2394375
lca,3,p326_380_mic1,p326,data\VCTK\wav48_silence_trimmed\p326\p326_380_mic1.flac,p237,0,1,0.9968634843826294,0.9893833994865417,0.9968634843826294,-0.0074800848960876465,3.2394375
original,0,p329_001_mic2,p329,data\VCTK\wav48_silence_trimmed\p329\p329_001_mic2.flac,p335,0,1,0.9955978393554688,0.9877484440803528,0.9955978393554688,-0.007849395275115967,2.7763125
base,1,p329_001_mic2,p329,data\VCTK\wav48_silence_trimmed\p329\p329_001_mic2.flac,p239,0,1,0.9953968524932861,0.9828810691833496,0.9953968524932861,-0.012515783309936523,2.7763125
base,2,p329_001_mic2,p329,data\VCTK\wav48_silence_trimmed\p329\p329_001_mic2.flac,p239,0,1,0.9975103139877319,0.9910920262336731,0.9975103139877319,-0.006418287754058838,2.7763125
base,3,p329_001_mic2,p329,data\VCTK\wav48_silence_trimmed\p329\p329_001_mic2.flac,p239,0,1,0.9964309334754944,0.9878008365631104,0.9964309334754944,-0.008630096912384033,2.7763125
lca,1,p329_001_mic2,p329,data\VCTK\wav48_silence_trimmed\p329\p329_001_mic2.flac,p239,0,1,0.9967021942138672,0.9872214198112488,0.9967021942138672,-0.009480774402618408,2.7763125
lca,2,p329_001_mic2,p329,data\VCTK\wav48_silence_trimmed\p329\p329_001_mic2.flac,p239,0,1,0.9973204135894775,0.9900312423706055,0.9973204135894775,-0.00728917121887207,2.7763125
lca,3,p329_001_mic2,p329,data\VCTK\wav48_silence_trimmed\p329\p329_001_mic2.flac,p239,0,1,0.9974724054336548,0.9895284175872803,0.9974724054336548,-0.007943987846374512,2.7763125
original,0,p329_033_mic1,p329,data\VCTK\wav48_silence_trimmed\p329\p329_033_mic1.flac,p362,0,1,0.9966671466827393,0.9841827154159546,0.9966671466827393,-0.012484431266784668,4.64375
base,1,p329_033_mic1,p329,data\VCTK\wav48_silence_trimmed\p329\p329_033_mic1.flac,p312,0,1,0.9939942955970764,0.980366051197052,0.9939942955970764,-0.013628244400024414,4.64375
base,2,p329_033_mic1,p329,data\VCTK\wav48_silence_trimmed\p329\p329_033_mic1.flac,p343,0,1,0.9962836503982544,0.9855847358703613,0.9962836503982544,-0.010698914527893066,4.64375
base,3,p329_033_mic1,p329,data\VCTK\wav48_silence_trimmed\p329\p329_033_mic1.flac,p343,0,1,0.9964566230773926,0.9865754842758179,0.9964566230773926,-0.009881138801574707,4.64375
lca,1,p329_033_mic1,p329,data\VCTK\wav48_silence_trimmed\p329\p329_033_mic1.flac,p239,0,1,0.9939999580383301,0.9787060618400574,0.9939999580383301,-0.015293896198272705,4.64375
lca,2,p329_033_mic1,p329,data\VCTK\wav48_silence_trimmed\p329\p329_033_mic1.flac,p255,0,1,0.9961522221565247,0.9849292635917664,0.9961522221565247,-0.0112229585647583,4.64375
lca,3,p329_033_mic1,p329,data\VCTK\wav48_silence_trimmed\p329\p329_033_mic1.flac,p343,0,1,0.995997965335846,0.9836603403091431,0.995997965335846,-0.01233762502670288,4.64375
original,0,p329_101_mic2,p329,data\VCTK\wav48_silence_trimmed\p329\p329_101_mic2.flac,p329,1,1,0.999108612537384,0.999108612537384,0.9965914487838745,0.0025171637535095215,3.4175
base,1,p329_101_mic2,p329,data\VCTK\wav48_silence_trimmed\p329\p329_101_mic2.flac,p268,0,1,0.9940429329872131,0.9920405149459839,0.9940429329872131,-0.002002418041229248,3.4175
base,2,p329_101_mic2,p329,data\VCTK\wav48_silence_trimmed\p329\p329_101_mic2.flac,p329,1,1,0.9973017573356628,0.9973017573356628,0.9958757162094116,0.0014260411262512207,3.4175
base,3,p329_101_mic2,p329,data\VCTK\wav48_silence_trimmed\p329\p329_101_mic2.flac,p329,1,1,0.9976468682289124,0.9976468682289124,0.9960718750953674,0.0015749931335449219,3.4175
lca,1,p329_101_mic2,p329,data\VCTK\wav48_silence_trimmed\p329\p329_101_mic2.flac,p278,0,1,0.9962184429168701,0.9939762353897095,0.9962184429168701,-0.0022422075271606445,3.4175
lca,2,p329_101_mic2,p329,data\VCTK\wav48_silence_trimmed\p329\p329_101_mic2.flac,p294,0,1,0.9967218041419983,0.9948632717132568,0.9967218041419983,-0.001858532428741455,3.4175
lca,3,p329_101_mic2,p329,data\VCTK\wav48_silence_trimmed\p329\p329_101_mic2.flac,p294,0,1,0.9969403743743896,0.9965594410896301,0.9969403743743896,-0.0003809332847595215,3.4175
original,0,p329_130_mic2,p329,data\VCTK\wav48_silence_trimmed\p329\p329_130_mic2.flac,p230,0,1,0.9959257245063782,0.9946625232696533,0.9959257245063782,-0.0012632012367248535,2.0926875
base,1,p329_130_mic2,p329,data\VCTK\wav48_silence_trimmed\p329\p329_130_mic2.flac,p225,0,1,0.9941879510879517,0.9844743013381958,0.9941879510879517,-0.00971364974975586,2.0926875
base,2,p329_130_mic2,p329,data\VCTK\wav48_silence_trimmed\p329\p329_130_mic2.flac,p225,0,1,0.9961355924606323,0.9949207305908203,0.9961355924606323,-0.0012148618698120117,2.0926875
base,3,p329_130_mic2,p329,data\VCTK\wav48_silence_trimmed\p329\p329_130_mic2.flac,p293,0,1,0.9963979125022888,0.9962396621704102,0.9963979125022888,-0.0001582503318786621,2.0926875
lca,1,p329_130_mic2,p329,data\VCTK\wav48_silence_trimmed\p329\p329_130_mic2.flac,p243,0,1,0.9952868819236755,0.9857569932937622,0.9952868819236755,-0.00952988862991333,2.0926875
lca,2,p329_130_mic2,p329,data\VCTK\wav48_silence_trimmed\p329\p329_130_mic2.flac,p243,0,1,0.9963456988334656,0.9946687817573547,0.9963456988334656,-0.0016769170761108398,2.0926875
lca,3,p329_130_mic2,p329,data\VCTK\wav48_silence_trimmed\p329\p329_130_mic2.flac,p243,0,1,0.9964704513549805,0.9950147271156311,0.9964704513549805,-0.0014557242393493652,2.0926875
original,0,p329_225_mic1,p329,data\VCTK\wav48_silence_trimmed\p329\p329_225_mic1.flac,p362,0,1,0.9936476945877075,0.9748623967170715,0.9936476945877075,-0.018785297870635986,3.417375
base,1,p329_225_mic1,p329,data\VCTK\wav48_silence_trimmed\p329\p329_225_mic1.flac,p312,0,1,0.9907913208007812,0.9693582653999329,0.9907913208007812,-0.02143305540084839,3.417375
base,2,p329_225_mic1,p329,data\VCTK\wav48_silence_trimmed\p329\p329_225_mic1.flac,p266,0,1,0.9939826726913452,0.9806323051452637,0.9939826726913452,-0.013350367546081543,3.417375
base,3,p329_225_mic1,p329,data\VCTK\wav48_silence_trimmed\p329\p329_225_mic1.flac,p362,0,1,0.9941836595535278,0.9804022312164307,0.9941836595535278,-0.013781428337097168,3.417375
lca,1,p329_225_mic1,p329,data\VCTK\wav48_silence_trimmed\p329\p329_225_mic1.flac,p312,0,1,0.9930145144462585,0.9754830598831177,0.9930145144462585,-0.01753145456314087,3.417375
lca,2,p329_225_mic1,p329,data\VCTK\wav48_silence_trimmed\p329\p329_225_mic1.flac,p266,0,1,0.9946181774139404,0.9762142300605774,0.9946181774139404,-0.018403947353363037,3.417375
lca,3,p329_225_mic1,p329,data\VCTK\wav48_silence_trimmed\p329\p329_225_mic1.flac,p266,0,1,0.9943307042121887,0.9731034636497498,0.9943307042121887,-0.021227240562438965,3.417375
original,0,p330_002_mic2,p330,data\VCTK\wav48_silence_trimmed\p330\p330_002_mic2.flac,p330,1,1,0.990466296672821,0.990466296672821,0.9901595711708069,0.00030672550201416016,3.93475
base,1,p330_002_mic2,p330,data\VCTK\wav48_silence_trimmed\p330\p330_002_mic2.flac,p278,0,1,0.9927785396575928,0.991803765296936,0.9927785396575928,-0.0009747743606567383,3.93475
base,2,p330_002_mic2,p330,data\VCTK\wav48_silence_trimmed\p330\p330_002_mic2.flac,p277,0,1,0.9931307435035706,0.9907330274581909,0.9931307435035706,-0.0023977160453796387,3.93475
base,3,p330_002_mic2,p330,data\VCTK\wav48_silence_trimmed\p330\p330_002_mic2.flac,p277,0,1,0.9937477707862854,0.9911922812461853,0.9937477707862854,-0.0025554895401000977,3.93475
lca,1,p330_002_mic2,p330,data\VCTK\wav48_silence_trimmed\p330\p330_002_mic2.flac,p306,0,1,0.9939987063407898,0.9899793267250061,0.9939987063407898,-0.004019379615783691,3.93475
lca,2,p330_002_mic2,p330,data\VCTK\wav48_silence_trimmed\p330\p330_002_mic2.flac,p306,0,1,0.993120551109314,0.9902346134185791,0.993120551109314,-0.0028859376907348633,3.93475
lca,3,p330_002_mic2,p330,data\VCTK\wav48_silence_trimmed\p330\p330_002_mic2.flac,p277,0,1,0.995258629322052,0.9937654733657837,0.995258629322052,-0.0014931559562683105,3.93475
original,0,p330_014_mic2,p330,data\VCTK\wav48_silence_trimmed\p330\p330_014_mic2.flac,p362,0,1,0.9850356578826904,0.9809764623641968,0.9850356578826904,-0.004059195518493652,5.546
base,1,p330_014_mic2,p330,data\VCTK\wav48_silence_trimmed\p330\p330_014_mic2.flac,p306,0,1,0.9911738634109497,0.9844492673873901,0.9911738634109497,-0.00672459602355957,5.546
base,2,p330_014_mic2,p330,data\VCTK\wav48_silence_trimmed\p330\p330_014_mic2.flac,p273,0,1,0.9926843047142029,0.9821050763130188,0.9926843047142029,-0.010579228401184082,5.546
base,3,p330_014_mic2,p330,data\VCTK\wav48_silence_trimmed\p330\p330_014_mic2.flac,p273,0,1,0.9912910461425781,0.9820706844329834,0.9912910461425781,-0.009220361709594727,5.546
lca,1,p330_014_mic2,p330,data\VCTK\wav48_silence_trimmed\p330\p330_014_mic2.flac,p273,0,1,0.9922891855239868,0.9794951677322388,0.9922891855239868,-0.012794017791748047,5.546
lca,2,p330_014_mic2,p330,data\VCTK\wav48_silence_trimmed\p330\p330_014_mic2.flac,p273,0,1,0.9901120066642761,0.9793143272399902,0.9901120066642761,-0.010797679424285889,5.546
lca,3,p330_014_mic2,p330,data\VCTK\wav48_silence_trimmed\p330\p330_014_mic2.flac,p273,0,1,0.9874674677848816,0.9776178598403931,0.9874674677848816,-0.009849607944488525,5.546
original,0,p330_102_mic1,p330,data\VCTK\wav48_silence_trimmed\p330\p330_102_mic1.flac,p267,0,1,0.9926719665527344,0.9920602440834045,0.9926719665527344,-0.000611722469329834,2.7348125
base,1,p330_102_mic1,p330,data\VCTK\wav48_silence_trimmed\p330\p330_102_mic1.flac,p225,0,1,0.9942108988761902,0.988439679145813,0.9942108988761902,-0.005771219730377197,2.7348125
base,2,p330_102_mic1,p330,data\VCTK\wav48_silence_trimmed\p330\p330_102_mic1.flac,p267,0,1,0.9952862858772278,0.9938510656356812,0.9952862858772278,-0.0014352202415466309,2.7348125
base,3,p330_102_mic1,p330,data\VCTK\wav48_silence_trimmed\p330\p330_102_mic1.flac,p330,1,1,0.9963718056678772,0.9963718056678772,0.9955074191093445,0.0008643865585327148,2.7348125
lca,1,p330_102_mic1,p330,data\VCTK\wav48_silence_trimmed\p330\p330_102_mic1.flac,p333,0,1,0.9950235486030579,0.9779728651046753,0.9950235486030579,-0.01705068349838257,2.7348125
lca,2,p330_102_mic1,p330,data\VCTK\wav48_silence_trimmed\p330\p330_102_mic1.flac,p333,0,1,0.9945493340492249,0.9889618754386902,0.9945493340492249,-0.005587458610534668,2.7348125
lca,3,p330_102_mic1,p330,data\VCTK\wav48_silence_trimmed\p330\p330_102_mic1.flac,p267,0,1,0.9950121641159058,0.9926684498786926,0.9950121641159058,-0.0023437142372131348,2.7348125
original,0,p330_159_mic1,p330,data\VCTK\wav48_silence_trimmed\p330\p330_159_mic1.flac,p313,0,1,0.9967278242111206,0.9956019520759583,0.9967278242111206,-0.0011258721351623535,3.2753125
base,1,p330_159_mic1,p330,data\VCTK\wav48_silence_trimmed\p330\p330_159_mic1.flac,p278,0,1,0.9950058460235596,0.9878142476081848,0.9950058460235596,-0.007191598415374756,3.2753125
base,2,p330_159_mic1,p330,data\VCTK\wav48_silence_trimmed\p330\p330_159_mic1.flac,p228,0,1,0.9982894062995911,0.9944103360176086,0.9982894062995911,-0.003879070281982422,3.2753125
base,3,p330_159_mic1,p330,data\VCTK\wav48_silence_trimmed\p330\p330_159_mic1.flac,p228,0,1,0.9977141618728638,0.994837760925293,0.9977141618728638,-0.0028764009475708008,3.2753125
lca,1,p330_159_mic1,p330,data\VCTK\wav48_silence_trimmed\p330\p330_159_mic1.flac,p278,0,1,0.9939438104629517,0.9848492741584778,0.9939438104629517,-0.009094536304473877,3.2753125
lca,2,p330_159_mic1,p330,data\VCTK\wav48_silence_trimmed\p330\p330_159_mic1.flac,p228,0,1,0.9974461197853088,0.9936813712120056,0.9974461197853088,-0.0037647485733032227,3.2753125
lca,3,p330_159_mic1,p330,data\VCTK\wav48_silence_trimmed\p330\p330_159_mic1.flac,p313,0,1,0.997821569442749,0.9941160082817078,0.997821569442749,-0.0037055611610412598,3.2753125
original,0,p330_389_mic1,p330,data\VCTK\wav48_silence_trimmed\p330\p330_389_mic1.flac,p228,0,1,0.9963054656982422,0.9922764897346497,0.9963054656982422,-0.004028975963592529,2.7978125
base,1,p330_389_mic1,p330,data\VCTK\wav48_silence_trimmed\p330\p330_389_mic1.flac,p278,0,1,0.9933673143386841,0.9865215420722961,0.9933673143386841,-0.0068457722663879395,2.7978125
base,2,p330_389_mic1,p330,data\VCTK\wav48_silence_trimmed\p330\p330_389_mic1.flac,p228,0,1,0.9977579116821289,0.9936661720275879,0.9977579116821289,-0.004091739654541016,2.7978125
base,3,p330_389_mic1,p330,data\VCTK\wav48_silence_trimmed\p330\p330_389_mic1.flac,p313,0,1,0.997378945350647,0.9933114647865295,0.997378945350647,-0.004067480564117432,2.7978125
lca,1,p330_389_mic1,p330,data\VCTK\wav48_silence_trimmed\p330\p330_389_mic1.flac,p297,0,1,0.9954879879951477,0.9869727492332458,0.9954879879951477,-0.008515238761901855,2.7978125
lca,2,p330_389_mic1,p330,data\VCTK\wav48_silence_trimmed\p330\p330_389_mic1.flac,p313,0,1,0.9972044229507446,0.9937508702278137,0.9972044229507446,-0.003453552722930908,2.7978125
lca,3,p330_389_mic1,p330,data\VCTK\wav48_silence_trimmed\p330\p330_389_mic1.flac,p313,0,1,0.9973922967910767,0.9937507510185242,0.9973922967910767,-0.0036415457725524902,2.7978125
original,0,p333_104_mic1,p333,data\VCTK\wav48_silence_trimmed\p333\p333_104_mic1.flac,p299,0,1,0.9980636239051819,0.9942486882209778,0.9980636239051819,-0.0038149356842041016,2.3475
base,1,p333_104_mic1,p333,data\VCTK\wav48_silence_trimmed\p333\p333_104_mic1.flac,p239,0,1,0.9912103414535522,0.9828794598579407,0.9912103414535522,-0.008330881595611572,2.3475
base,2,p333_104_mic1,p333,data\VCTK\wav48_silence_trimmed\p333\p333_104_mic1.flac,p297,0,1,0.9976926445960999,0.9927653074264526,0.9976926445960999,-0.004927337169647217,2.3475
base,3,p333_104_mic1,p333,data\VCTK\wav48_silence_trimmed\p333\p333_104_mic1.flac,p299,0,1,0.998011589050293,0.9939966201782227,0.998011589050293,-0.0040149688720703125,2.3475
lca,1,p333_104_mic1,p333,data\VCTK\wav48_silence_trimmed\p333\p333_104_mic1.flac,p239,0,1,0.9926081299781799,0.9860091805458069,0.9926081299781799,-0.006598949432373047,2.3475
lca,2,p333_104_mic1,p333,data\VCTK\wav48_silence_trimmed\p333\p333_104_mic1.flac,p255,0,1,0.9957064390182495,0.9930004477500916,0.9957064390182495,-0.002705991268157959,2.3475
lca,3,p333_104_mic1,p333,data\VCTK\wav48_silence_trimmed\p333\p333_104_mic1.flac,p255,0,1,0.9965287446975708,0.9934238195419312,0.9965287446975708,-0.0031049251556396484,2.3475
original,0,p333_234_mic1,p333,data\VCTK\wav48_silence_trimmed\p333\p333_234_mic1.flac,p266,0,1,0.9937906265258789,0.9926979541778564,0.9937906265258789,-0.001092672348022461,3.58625
base,1,p333_234_mic1,p333,data\VCTK\wav48_silence_trimmed\p333\p333_234_mic1.flac,p333,1,1,0.9827318787574768,0.9827318787574768,0.9806721806526184,0.0020596981048583984,3.58625
base,2,p333_234_mic1,p333,data\VCTK\wav48_silence_trimmed\p333\p333_234_mic1.flac,p333,1,1,0.9912044405937195,0.9912044405937195,0.9911625981330872,4.184246063232422e-05,3.58625
base,3,p333_234_mic1,p333,data\VCTK\wav48_silence_trimmed\p333\p333_234_mic1.flac,p266,0,1,0.9936666488647461,0.9915427565574646,0.9936666488647461,-0.002123892307281494,3.58625
lca,1,p333_234_mic1,p333,data\VCTK\wav48_silence_trimmed\p333\p333_234_mic1.flac,p333,1,1,0.984106719493866,0.984106719493866,0.9801247119903564,0.0039820075035095215,3.58625
lca,2,p333_234_mic1,p333,data\VCTK\wav48_silence_trimmed\p333\p333_234_mic1.flac,p333,1,1,0.9898027777671814,0.9898027777671814,0.9887129068374634,0.0010898709297180176,3.58625
lca,3,p333_234_mic1,p333,data\VCTK\wav48_silence_trimmed\p333\p333_234_mic1.flac,p266,0,1,0.9930749535560608,0.9922208189964294,0.9930749535560608,-0.0008541345596313477,3.58625
original,0,p333_237_mic2,p333,data\VCTK\wav48_silence_trimmed\p333\p333_237_mic2.flac,p266,0,1,0.9944190382957458,0.992975115776062,0.9944190382957458,-0.0014439225196838379,2.608
base,1,p333_237_mic2,p333,data\VCTK\wav48_silence_trimmed\p333\p333_237_mic2.flac,p335,0,1,0.9925391674041748,0.9889482855796814,0.9925391674041748,-0.003590881824493408,2.608
base,2,p333_237_mic2,p333,data\VCTK\wav48_silence_trimmed\p333\p333_237_mic2.flac,p335,0,1,0.9951455593109131,0.9936512112617493,0.9951455593109131,-0.0014943480491638184,2.608
base,3,p333_237_mic2,p333,data\VCTK\wav48_silence_trimmed\p333\p333_237_mic2.flac,p341,0,1,0.9946620464324951,0.9924375414848328,0.9946620464324951,-0.0022245049476623535,2.608
lca,1,p333_237_mic2,p333,data\VCTK\wav48_silence_trimmed\p333\p333_237_mic2.flac,p225,0,1,0.9937974214553833,0.9914393424987793,0.9937974214553833,-0.002358078956604004,2.608
lca,2,p333_237_mic2,p333,data\VCTK\wav48_silence_trimmed\p333\p333_237_mic2.flac,p341,0,1,0.9949755072593689,0.9938687086105347,0.9949755072593689,-0.0011067986488342285,2.608
lca,3,p333_237_mic2,p333,data\VCTK\wav48_silence_trimmed\p333\p333_237_mic2.flac,p341,0,1,0.994739830493927,0.9935365915298462,0.994739830493927,-0.0012032389640808105,2.608
original,0,p333_255_mic2,p333,data\VCTK\wav48_silence_trimmed\p333\p333_255_mic2.flac,p340,0,1,0.997934103012085,0.9922303557395935,0.997934103012085,-0.005703747272491455,2.7785625
base,1,p333_255_mic2,p333,data\VCTK\wav48_silence_trimmed\p333\p333_255_mic2.flac,p268,0,1,0.9943239688873291,0.9741108417510986,0.9943239688873291,-0.02021312713623047,2.7785625
base,2,p333_255_mic2,p333,data\VCTK\wav48_silence_trimmed\p333\p333_255_mic2.flac,p340,0,1,0.9965208768844604,0.9859229326248169,0.9965208768844604,-0.010597944259643555,2.7785625
base,3,p333_255_mic2,p333,data\VCTK\wav48_silence_trimmed\p333\p333_255_mic2.flac,p312,0,1,0.9970829486846924,0.990545392036438,0.9970829486846924,-0.0065375566482543945,2.7785625
lca,1,p333_255_mic2,p333,data\VCTK\wav48_silence_trimmed\p333\p333_255_mic2.flac,p340,0,1,0.9957747459411621,0.9859390258789062,0.9957747459411621,-0.00983572006225586,2.7785625
lca,2,p333_255_mic2,p333,data\VCTK\wav48_silence_trimmed\p333\p333_255_mic2.flac,p340,0,1,0.9971950650215149,0.989539623260498,0.9971950650215149,-0.007655441761016846,2.7785625
lca,3,p333_255_mic2,p333,data\VCTK\wav48_silence_trimmed\p333\p333_255_mic2.flac,p340,0,1,0.997266411781311,0.989623486995697,0.997266411781311,-0.007642924785614014,2.7785625
original,0,p333_351_mic2,p333,data\VCTK\wav48_silence_trimmed\p333\p333_351_mic2.flac,p333,1,1,0.9917790293693542,0.9917790293693542,0.9902117252349854,0.0015673041343688965,2.691625
base,1,p333_351_mic2,p333,data\VCTK\wav48_silence_trimmed\p333\p333_351_mic2.flac,p333,1,1,0.9867144823074341,0.9867144823074341,0.9857661128044128,0.0009483695030212402,2.691625
base,2,p333_351_mic2,p333,data\VCTK\wav48_silence_trimmed\p333\p333_351_mic2.flac,p333,1,1,0.9914509057998657,0.9914509057998657,0.9890868663787842,0.002364039421081543,2.691625
base,3,p333_351_mic2,p333,data\VCTK\wav48_silence_trimmed\p333\p333_351_mic2.flac,p333,1,1,0.9919089674949646,0.9919089674949646,0.9886093735694885,0.0032995939254760742,2.691625
lca,1,p333_351_mic2,p333,data\VCTK\wav48_silence_trimmed\p333\p333_351_mic2.flac,p333,1,1,0.9904088973999023,0.9904088973999023,0.9890500903129578,0.00135880708694458,2.691625
lca,2,p333_351_mic2,p333,data\VCTK\wav48_silence_trimmed\p333\p333_351_mic2.flac,p333,1,1,0.9911565184593201,0.9911565184593201,0.9882410168647766,0.002915501594543457,2.691625
lca,3,p333_351_mic2,p333,data\VCTK\wav48_silence_trimmed\p333\p333_351_mic2.flac,p333,1,1,0.9902660846710205,0.9902660846710205,0.9889786839485168,0.0012874007225036621,2.691625
original,0,p334_076_mic1,p334,data\VCTK\wav48_silence_trimmed\p334\p334_076_mic1.flac,p360,0,1,0.9972701072692871,0.9951394200325012,0.9972701072692871,-0.0021306872367858887,2.6484375
base,1,p334_076_mic1,p334,data\VCTK\wav48_silence_trimmed\p334\p334_076_mic1.flac,p297,0,1,0.9952199459075928,0.9893013834953308,0.9952199459075928,-0.005918562412261963,2.6484375
base,2,p334_076_mic1,p334,data\VCTK\wav48_silence_trimmed\p334\p334_076_mic1.flac,p271,0,1,0.9982213973999023,0.9954410791397095,0.9982213973999023,-0.002780318260192871,2.6484375
base,3,p334_076_mic1,p334,data\VCTK\wav48_silence_trimmed\p334\p334_076_mic1.flac,p271,0,1,0.9980950951576233,0.9927115440368652,0.9980950951576233,-0.005383551120758057,2.6484375
lca,1,p334_076_mic1,p334,data\VCTK\wav48_silence_trimmed\p334\p334_076_mic1.flac,p239,0,1,0.9935393929481506,0.9883913397789001,0.9935393929481506,-0.005148053169250488,2.6484375
lca,2,p334_076_mic1,p334,data\VCTK\wav48_silence_trimmed\p334\p334_076_mic1.flac,p279,0,1,0.9966912865638733,0.996475875377655,0.9966912865638733,-0.00021541118621826172,2.6484375
lca,3,p334_076_mic1,p334,data\VCTK\wav48_silence_trimmed\p334\p334_076_mic1.flac,p334,1,1,0.9971518516540527,0.9971518516540527,0.9965965151786804,0.0005553364753723145,2.6484375
original,0,p334_136_mic2,p334,data\VCTK\wav48_silence_trimmed\p334\p334_136_mic2.flac,p334,1,1,0.9975531101226807,0.9975531101226807,0.9954509735107422,0.0021021366119384766,3.545375
base,1,p334_136_mic2,p334,data\VCTK\wav48_silence_trimmed\p334\p334_136_mic2.flac,p239,0,1,0.9926756620407104,0.9896156191825867,0.9926756620407104,-0.0030600428581237793,3.545375
base,2,p334_136_mic2,p334,data\VCTK\wav48_silence_trimmed\p334\p334_136_mic2.flac,p334,1,1,0.9955630302429199,0.9955630302429199,0.9935942888259888,0.0019687414169311523,3.545375
base,3,p334_136_mic2,p334,data\VCTK\wav48_silence_trimmed\p334\p334_136_mic2.flac,p334,1,1,0.9966587424278259,0.9966587424278259,0.9942502975463867,0.002408444881439209,3.545375
lca,1,p334_136_mic2,p334,data\VCTK\wav48_silence_trimmed\p334\p334_136_mic2.flac,p278,0,1,0.9942246675491333,0.991685688495636,0.9942246675491333,-0.0025389790534973145,3.545375
lca,2,p334_136_mic2,p334,data\VCTK\wav48_silence_trimmed\p334\p334_136_mic2.flac,p334,1,1,0.9939517974853516,0.9939517974853516,0.9929361343383789,0.0010156631469726562,3.545375
lca,3,p334_136_mic2,p334,data\VCTK\wav48_silence_trimmed\p334\p334_136_mic2.flac,p334,1,1,0.9950962662696838,0.9950962662696838,0.9944023489952087,0.0006939172744750977,3.545375
original,0,p334_223_mic2,p334,data\VCTK\wav48_silence_trimmed\p334\p334_223_mic2.flac,p334,1,1,0.9934005737304688,0.9934005737304688,0.9921883344650269,0.0012122392654418945,2.9890625
base,1,p334_223_mic2,p334,data\VCTK\wav48_silence_trimmed\p334\p334_223_mic2.flac,p243,0,1,0.9951601028442383,0.9940250515937805,0.9951601028442383,-0.0011350512504577637,2.9890625
base,2,p334_223_mic2,p334,data\VCTK\wav48_silence_trimmed\p334\p334_223_mic2.flac,p334,1,1,0.99569171667099,0.99569171667099,0.9928364157676697,0.0028553009033203125,2.9890625
base,3,p334_223_mic2,p334,data\VCTK\wav48_silence_trimmed\p334\p334_223_mic2.flac,p334,1,1,0.9963061809539795,0.9963061809539795,0.9944528341293335,0.001853346824645996,2.9890625
lca,1,p334_223_mic2,p334,data\VCTK\wav48_silence_trimmed\p334\p334_223_mic2.flac,p334,1,1,0.9956212043762207,0.9956212043762207,0.9951882362365723,0.0004329681396484375,2.9890625
lca,2,p334_223_mic2,p334,data\VCTK\wav48_silence_trimmed\p334\p334_223_mic2.flac,p334,1,1,0.995625376701355,0.995625376701355,0.992222011089325,0.0034033656120300293,2.9890625
lca,3,p334_223_mic2,p334,data\VCTK\wav48_silence_trimmed\p334\p334_223_mic2.flac,p334,1,1,0.996316134929657,0.996316134929657,0.992682933807373,0.0036332011222839355,2.9890625
original,0,p334_316_mic2,p334,data\VCTK\wav48_silence_trimmed\p334\p334_316_mic2.flac,p334,1,1,0.9972009062767029,0.9972009062767029,0.99693763256073,0.0002632737159729004,3.1464375
base,1,p334_316_mic2,p334,data\VCTK\wav48_silence_trimmed\p334\p334_316_mic2.flac,p297,0,1,0.9950615167617798,0.9903440475463867,0.9950615167617798,-0.004717469215393066,3.1464375
base,2,p334_316_mic2,p334,data\VCTK\wav48_silence_trimmed\p334\p334_316_mic2.flac,p243,0,1,0.9969531893730164,0.9953702092170715,0.9969531893730164,-0.0015829801559448242,3.1464375
base,3,p334_316_mic2,p334,data\VCTK\wav48_silence_trimmed\p334\p334_316_mic2.flac,p243,0,1,0.9973319172859192,0.9954609274864197,0.9973319172859192,-0.0018709897994995117,3.1464375
lca,1,p334_316_mic2,p334,data\VCTK\wav48_silence_trimmed\p334\p334_316_mic2.flac,p334,1,1,0.9962909817695618,0.9962909817695618,0.9960075616836548,0.0002834200859069824,3.1464375
lca,2,p334_316_mic2,p334,data\VCTK\wav48_silence_trimmed\p334\p334_316_mic2.flac,p334,1,1,0.9975982308387756,0.9975982308387756,0.9960570335388184,0.0015411972999572754,3.1464375
lca,3,p334_316_mic2,p334,data\VCTK\wav48_silence_trimmed\p334\p334_316_mic2.flac,p334,1,1,0.9983824491500854,0.9983824491500854,0.9959103465080261,0.002472102642059326,3.1464375
original,0,p334_346_mic2,p334,data\VCTK\wav48_silence_trimmed\p334\p334_346_mic2.flac,p334,1,1,0.9985131025314331,0.9985131025314331,0.9972103238105774,0.0013027787208557129,3.16
base,1,p334_346_mic2,p334,data\VCTK\wav48_silence_trimmed\p334\p334_346_mic2.flac,p259,0,1,0.9945269823074341,0.9924004077911377,0.9945269823074341,-0.0021265745162963867,3.16
base,2,p334_346_mic2,p334,data\VCTK\wav48_silence_trimmed\p334\p334_346_mic2.flac,p243,0,1,0.9979240894317627,0.995616614818573,0.9979240894317627,-0.0023074746131896973,3.16
base,3,p334_346_mic2,p334,data\VCTK\wav48_silence_trimmed\p334\p334_346_mic2.flac,p334,1,1,0.997458279132843,0.997458279132843,0.9969028234481812,0.0005554556846618652,3.16
lca,1,p334_346_mic2,p334,data\VCTK\wav48_silence_trimmed\p334\p334_346_mic2.flac,p278,0,1,0.9963079690933228,0.9946210384368896,0.9963079690933228,-0.0016869306564331055,3.16
lca,2,p334_346_mic2,p334,data\VCTK\wav48_silence_trimmed\p334\p334_346_mic2.flac,p334,1,1,0.9968355298042297,0.9968355298042297,0.9967502951622009,8.52346420288086e-05,3.16
lca,3,p334_346_mic2,p334,data\VCTK\wav48_silence_trimmed\p334\p334_346_mic2.flac,p334,1,1,0.9978328943252563,0.9978328943252563,0.9954360723495483,0.002396821975708008,3.16
original,0,p335_108_mic1,p335,data\VCTK\wav48_silence_trimmed\p335\p335_108_mic1.flac,p297,0,1,0.9971520900726318,0.9931318759918213,0.9971520900726318,-0.004020214080810547,4.42575
base,1,p335_108_mic1,p335,data\VCTK\wav48_silence_trimmed\p335\p335_108_mic1.flac,p253,0,1,0.9942476749420166,0.9883050918579102,0.9942476749420166,-0.005942583084106445,4.42575
base,2,p335_108_mic1,p335,data\VCTK\wav48_silence_trimmed\p335\p335_108_mic1.flac,p253,0,1,0.9980657696723938,0.9919729828834534,0.9980657696723938,-0.00609278678894043,4.42575
base,3,p335_108_mic1,p335,data\VCTK\wav48_silence_trimmed\p335\p335_108_mic1.flac,p253,0,1,0.9977750182151794,0.9900438785552979,0.9977750182151794,-0.007731139659881592,4.42575
lca,1,p335_108_mic1,p335,data\VCTK\wav48_silence_trimmed\p335\p335_108_mic1.flac,p297,0,1,0.9937340021133423,0.9882037043571472,0.9937340021133423,-0.005530297756195068,4.42575
lca,2,p335_108_mic1,p335,data\VCTK\wav48_silence_trimmed\p335\p335_108_mic1.flac,p297,0,1,0.9976751804351807,0.9920547604560852,0.9976751804351807,-0.005620419979095459,4.42575
lca,3,p335_108_mic1,p335,data\VCTK\wav48_silence_trimmed\p335\p335_108_mic1.flac,p297,0,1,0.9980847239494324,0.9924666285514832,0.9980847239494324,-0.005618095397949219,4.42575
original,0,p335_119_mic1,p335,data\VCTK\wav48_silence_trimmed\p335\p335_119_mic1.flac,p335,1,1,0.9957449436187744,0.9957449436187744,0.9946284890174866,0.0011164546012878418,3.17
base,1,p335_119_mic1,p335,data\VCTK\wav48_silence_trimmed\p335\p335_119_mic1.flac,p239,0,1,0.9937154650688171,0.9922751188278198,0.9937154650688171,-0.0014403462409973145,3.17
base,2,p335_119_mic1,p335,data\VCTK\wav48_silence_trimmed\p335\p335_119_mic1.flac,p335,1,1,0.9959627389907837,0.9959627389907837,0.9951319098472595,0.0008308291435241699,3.17
base,3,p335_119_mic1,p335,data\VCTK\wav48_silence_trimmed\p335\p335_119_mic1.flac,p335,1,1,0.996579110622406,0.996579110622406,0.9959990978240967,0.0005800127983093262,3.17
lca,1,p335_119_mic1,p335,data\VCTK\wav48_silence_trimmed\p335\p335_119_mic1.flac,p239,0,1,0.9911715388298035,0.989997923374176,0.9911715388298035,-0.0011736154556274414,3.17
lca,2,p335_119_mic1,p335,data\VCTK\wav48_silence_trimmed\p335\p335_119_mic1.flac,p335,1,1,0.9960801601409912,0.9960801601409912,0.9959444999694824,0.00013566017150878906,3.17
lca,3,p335_119_mic1,p335,data\VCTK\wav48_silence_trimmed\p335\p335_119_mic1.flac,p276,0,1,0.9958629012107849,0.9953916668891907,0.9958629012107849,-0.0004712343215942383,3.17
original,0,p335_131_mic1,p335,data\VCTK\wav48_silence_trimmed\p335\p335_131_mic1.flac,p283,0,1,0.9974357485771179,0.9868472814559937,0.9974357485771179,-0.010588467121124268,3.5703125
base,1,p335_131_mic1,p335,data\VCTK\wav48_silence_trimmed\p335\p335_131_mic1.flac,p303,0,1,0.9950452446937561,0.9811697006225586,0.9950452446937561,-0.01387554407119751,3.5703125
base,2,p335_131_mic1,p335,data\VCTK\wav48_silence_trimmed\p335\p335_131_mic1.flac,p268,0,1,0.9977887868881226,0.9869595170021057,0.9977887868881226,-0.010829269886016846,3.5703125
base,3,p335_131_mic1,p335,data\VCTK\wav48_silence_trimmed\p335\p335_131_mic1.flac,p283,0,1,0.9977281093597412,0.9871135950088501,0.9977281093597412,-0.010614514350891113,3.5703125
lca,1,p335_131_mic1,p335,data\VCTK\wav48_silence_trimmed\p335\p335_131_mic1.flac,p303,0,1,0.9913390874862671,0.9778708219528198,0.9913390874862671,-0.013468265533447266,3.5703125
lca,2,p335_131_mic1,p335,data\VCTK\wav48_silence_trimmed\p335\p335_131_mic1.flac,p268,0,1,0.9964016675949097,0.9868258237838745,0.9964016675949097,-0.009575843811035156,3.5703125
lca,3,p335_131_mic1,p335,data\VCTK\wav48_silence_trimmed\p335\p335_131_mic1.flac,p283,0,1,0.9974519610404968,0.9884839057922363,0.9974519610404968,-0.008968055248260498,3.5703125
original,0,p335_353_mic2,p335,data\VCTK\wav48_silence_trimmed\p335\p335_353_mic2.flac,p335,1,1,0.992840588092804,0.992840588092804,0.9918113946914673,0.00102919340133667,3.712375
base,1,p335_353_mic2,p335,data\VCTK\wav48_silence_trimmed\p335\p335_353_mic2.flac,p297,0,1,0.9930973052978516,0.9928462505340576,0.9930973052978516,-0.0002510547637939453,3.712375
base,2,p335_353_mic2,p335,data\VCTK\wav48_silence_trimmed\p335\p335_353_mic2.flac,p225,0,1,0.9936738610267639,0.9934653639793396,0.9936738610267639,-0.0002084970474243164,3.712375
base,3,p335_353_mic2,p335,data\VCTK\wav48_silence_trimmed\p335\p335_353_mic2.flac,p225,0,1,0.993168830871582,0.9928556084632874,0.993168830871582,-0.00031322240829467773,3.712375
lca,1,p335_353_mic2,p335,data\VCTK\wav48_silence_trimmed\p335\p335_353_mic2.flac,p225,0,1,0.995853066444397,0.9956352710723877,0.995853066444397,-0.00021779537200927734,3.712375
lca,2,p335_353_mic2,p335,data\VCTK\wav48_silence_trimmed\p335\p335_353_mic2.flac,p225,0,1,0.9930498600006104,0.9924163818359375,0.9930498600006104,-0.0006334781646728516,3.712375
lca,3,p335_353_mic2,p335,data\VCTK\wav48_silence_trimmed\p335\p335_353_mic2.flac,p335,1,1,0.9925322532653809,0.9925322532653809,0.99217289686203,0.0003593564033508301,3.712375
original,0,p335_373_mic1,p335,data\VCTK\wav48_silence_trimmed\p335\p335_373_mic1.flac,p283,0,1,0.9971716403961182,0.985327422618866,0.9971716403961182,-0.011844217777252197,3.3603125
base,1,p335_373_mic1,p335,data\VCTK\wav48_silence_trimmed\p335\p335_373_mic1.flac,p303,0,1,0.9965441823005676,0.9785885214805603,0.9965441823005676,-0.017955660820007324,3.3603125
base,2,p335_373_mic1,p335,data\VCTK\wav48_silence_trimmed\p335\p335_373_mic1.flac,p303,0,1,0.9983261227607727,0.9853804111480713,0.9983261227607727,-0.012945711612701416,3.3603125
base,3,p335_373_mic1,p335,data\VCTK\wav48_silence_trimmed\p335\p335_373_mic1.flac,p283,0,1,0.9979861378669739,0.9857987761497498,0.9979861378669739,-0.012187361717224121,3.3603125
lca,1,p335_373_mic1,p335,data\VCTK\wav48_silence_trimmed\p335\p335_373_mic1.flac,p303,0,1,0.9965668320655823,0.9838308095932007,0.9965668320655823,-0.012736022472381592,3.3603125
lca,2,p335_373_mic1,p335,data\VCTK\wav48_silence_trimmed\p335\p335_373_mic1.flac,p303,0,1,0.9986820220947266,0.9842742085456848,0.9986820220947266,-0.014407813549041748,3.3603125
lca,3,p335_373_mic1,p335,data\VCTK\wav48_silence_trimmed\p335\p335_373_mic1.flac,p303,0,1,0.9986238479614258,0.9831723570823669,0.9986238479614258,-0.015451490879058838,3.3603125
original,0,p336_045_mic1,p336,data\VCTK\wav48_silence_trimmed\p336\p336_045_mic1.flac,p336,1,1,0.9944708347320557,0.9944708347320557,0.9939578175544739,0.0005130171775817871,3.1575625
base,1,p336_045_mic1,p336,data\VCTK\wav48_silence_trimmed\p336\p336_045_mic1.flac,p238,0,1,0.993962287902832,0.989324152469635,0.993962287902832,-0.0046381354331970215,3.1575625
base,2,p336_045_mic1,p336,data\VCTK\wav48_silence_trimmed\p336\p336_045_mic1.flac,p336,1,1,0.99628746509552,0.99628746509552,0.9950569868087769,0.001230478286743164,3.1575625
base,3,p336_045_mic1,p336,data\VCTK\wav48_silence_trimmed\p336\p336_045_mic1.flac,p336,1,1,0.9962963461875916,0.9962963461875916,0.9946017861366272,0.0016945600509643555,3.1575625
lca,1,p336_045_mic1,p336,data\VCTK\wav48_silence_trimmed\p336\p336_045_mic1.flac,p297,0,1,0.9932437539100647,0.9905173778533936,0.9932437539100647,-0.0027263760566711426,3.1575625
lca,2,p336_045_mic1,p336,data\VCTK\wav48_silence_trimmed\p336\p336_045_mic1.flac,p336,1,1,0.9948669672012329,0.9948669672012329,0.9941697120666504,0.0006972551345825195,3.1575625
lca,3,p336_045_mic1,p336,data\VCTK\wav48_silence_trimmed\p336\p336_045_mic1.flac,p336,1,1,0.9948208332061768,0.9948208332061768,0.9935699105262756,0.001250922679901123,3.1575625
original,0,p336_129_mic2,p336,data\VCTK\wav48_silence_trimmed\p336\p336_129_mic2.flac,p339,0,1,0.9966680407524109,0.9937293529510498,0.9966680407524109,-0.002938687801361084,2.521375
base,1,p336_129_mic2,p336,data\VCTK\wav48_silence_trimmed\p336\p336_129_mic2.flac,p253,0,1,0.9945008754730225,0.9872479438781738,0.9945008754730225,-0.007252931594848633,2.521375
base,2,p336_129_mic2,p336,data\VCTK\wav48_silence_trimmed\p336\p336_129_mic2.flac,p339,0,1,0.9961339831352234,0.991117000579834,0.9961339831352234,-0.005016982555389404,2.521375
base,3,p336_129_mic2,p336,data\VCTK\wav48_silence_trimmed\p336\p336_129_mic2.flac,p339,0,1,0.9961466789245605,0.9925287961959839,0.9961466789245605,-0.00361788272857666,2.521375
lca,1,p336_129_mic2,p336,data\VCTK\wav48_silence_trimmed\p336\p336_129_mic2.flac,p253,0,1,0.996071994304657,0.9898809194564819,0.996071994304657,-0.006191074848175049,2.521375
lca,2,p336_129_mic2,p336,data\VCTK\wav48_silence_trimmed\p336\p336_129_mic2.flac,p253,0,1,0.9970320463180542,0.9928238391876221,0.9970320463180542,-0.004208207130432129,2.521375
lca,3,p336_129_mic2,p336,data\VCTK\wav48_silence_trimmed\p336\p336_129_mic2.flac,p339,0,1,0.9975162744522095,0.9939365983009338,0.9975162744522095,-0.0035796761512756348,2.521375
original,0,p336_268_mic2,p336,data\VCTK\wav48_silence_trimmed\p336\p336_268_mic2.flac,p248,0,1,0.9971317648887634,0.9926824569702148,0.9971317648887634,-0.004449307918548584,2.3476875
base,1,p336_268_mic2,p336,data\VCTK\wav48_silence_trimmed\p336\p336_268_mic2.flac,p340,0,1,0.9940602779388428,0.9858125448226929,0.9940602779388428,-0.008247733116149902,2.3476875
base,2,p336_268_mic2,p336,data\VCTK\wav48_silence_trimmed\p336\p336_268_mic2.flac,p340,0,1,0.9969108700752258,0.9895675182342529,0.9969108700752258,-0.0073433518409729,2.3476875
base,3,p336_268_mic2,p336,data\VCTK\wav48_silence_trimmed\p336\p336_268_mic2.flac,p340,0,1,0.9975684881210327,0.9919366240501404,0.9975684881210327,-0.005631864070892334,2.3476875
lca,1,p336_268_mic2,p336,data\VCTK\wav48_silence_trimmed\p336\p336_268_mic2.flac,p340,0,1,0.9962815046310425,0.9896763563156128,0.9962815046310425,-0.0066051483154296875,2.3476875
lca,2,p336_268_mic2,p336,data\VCTK\wav48_silence_trimmed\p336\p336_268_mic2.flac,p340,0,1,0.9957995414733887,0.9893116354942322,0.9957995414733887,-0.006487905979156494,2.3476875
lca,3,p336_268_mic2,p336,data\VCTK\wav48_silence_trimmed\p336\p336_268_mic2.flac,p340,0,1,0.9972702264785767,0.9924185276031494,0.9972702264785767,-0.004851698875427246,2.3476875
original,0,p336_283_mic1,p336,data\VCTK\wav48_silence_trimmed\p336\p336_283_mic1.flac,p341,0,1,0.9927546977996826,0.9882920384407043,0.9927546977996826,-0.0044626593589782715,3.2471875
base,1,p336_283_mic1,p336,data\VCTK\wav48_silence_trimmed\p336\p336_283_mic1.flac,p339,0,1,0.9935032725334167,0.9888986945152283,0.9935032725334167,-0.0046045780181884766,3.2471875
base,2,p336_283_mic1,p336,data\VCTK\wav48_silence_trimmed\p336\p336_283_mic1.flac,p341,0,1,0.9958475232124329,0.9898353219032288,0.9958475232124329,-0.0060122013092041016,3.2471875
base,3,p336_283_mic1,p336,data\VCTK\wav48_silence_trimmed\p336\p336_283_mic1.flac,p341,0,1,0.9950868487358093,0.9905961751937866,0.9950868487358093,-0.004490673542022705,3.2471875
lca,1,p336_283_mic1,p336,data\VCTK\wav48_silence_trimmed\p336\p336_283_mic1.flac,p333,0,1,0.9953357577323914,0.986244797706604,0.9953357577323914,-0.009090960025787354,3.2471875
lca,2,p336_283_mic1,p336,data\VCTK\wav48_silence_trimmed\p336\p336_283_mic1.flac,p333,0,1,0.9948580265045166,0.9823570847511292,0.9948580265045166,-0.012500941753387451,3.2471875
lca,3,p336_283_mic1,p336,data\VCTK\wav48_silence_trimmed\p336\p336_283_mic1.flac,p266,0,1,0.9942762851715088,0.9816239476203918,0.9942762851715088,-0.012652337551116943,3.2471875
original,0,p336_377_mic1,p336,data\VCTK\wav48_silence_trimmed\p336\p336_377_mic1.flac,p318,0,1,0.9967432022094727,0.9953436255455017,0.9967432022094727,-0.0013995766639709473,2.4331875
base,1,p336_377_mic1,p336,data\VCTK\wav48_silence_trimmed\p336\p336_377_mic1.flac,p297,0,1,0.9965218901634216,0.9909659028053284,0.9965218901634216,-0.005555987358093262,2.4331875
base,2,p336_377_mic1,p336,data\VCTK\wav48_silence_trimmed\p336\p336_377_mic1.flac,p318,0,1,0.9979679584503174,0.9959994554519653,0.9979679584503174,-0.0019685029983520508,2.4331875
base,3,p336_377_mic1,p336,data\VCTK\wav48_silence_trimmed\p336\p336_377_mic1.flac,p318,0,1,0.9973317384719849,0.9957336783409119,0.9973317384719849,-0.001598060131072998,2.4331875
lca,1,p336_377_mic1,p336,data\VCTK\wav48_silence_trimmed\p336\p336_377_mic1.flac,p297,0,1,0.9960129857063293,0.9895896911621094,0.9960129857063293,-0.006423294544219971,2.4331875
lca,2,p336_377_mic1,p336,data\VCTK\wav48_silence_trimmed\p336\p336_377_mic1.flac,p280,0,1,0.9974800944328308,0.9959536194801331,0.9974800944328308,-0.001526474952697754,2.4331875
lca,3,p336_377_mic1,p336,data\VCTK\wav48_silence_trimmed\p336\p336_377_mic1.flac,p233,0,1,0.9975374341011047,0.9964420795440674,0.9975374341011047,-0.0010953545570373535,2.4331875
original,0,p339_111_mic2,p339,data\VCTK\wav48_silence_trimmed\p339\p339_111_mic2.flac,p268,0,1,0.9960691928863525,0.9903055429458618,0.9960691928863525,-0.005763649940490723,2.59875
base,1,p339_111_mic2,p339,data\VCTK\wav48_silence_trimmed\p339\p339_111_mic2.flac,p268,0,1,0.9923374652862549,0.985993504524231,0.9923374652862549,-0.006343960762023926,2.59875
base,2,p339_111_mic2,p339,data\VCTK\wav48_silence_trimmed\p339\p339_111_mic2.flac,p268,0,1,0.994784414768219,0.9872326254844666,0.994784414768219,-0.007551789283752441,2.59875
base,3,p339_111_mic2,p339,data\VCTK\wav48_silence_trimmed\p339\p339_111_mic2.flac,p303,0,1,0.9958280920982361,0.9855763912200928,0.9958280920982361,-0.01025170087814331,2.59875
lca,1,p339_111_mic2,p339,data\VCTK\wav48_silence_trimmed\p339\p339_111_mic2.flac,p268,0,1,0.9940812587738037,0.988580048084259,0.9940812587738037,-0.005501210689544678,2.59875
lca,2,p339_111_mic2,p339,data\VCTK\wav48_silence_trimmed\p339\p339_111_mic2.flac,p303,0,1,0.99418044090271,0.9845010638237,0.99418044090271,-0.00967937707901001,2.59875
lca,3,p339_111_mic2,p339,data\VCTK\wav48_silence_trimmed\p339\p339_111_mic2.flac,p303,0,1,0.9959341287612915,0.987686812877655,0.9959341287612915,-0.008247315883636475,2.59875
original,0,p339_156_mic2,p339,data\VCTK\wav48_silence_trimmed\p339\p339_156_mic2.flac,p305,0,1,0.993867039680481,0.9931541681289673,0.993867039680481,-0.0007128715515136719,2.793
base,1,p339_156_mic2,p339,data\VCTK\wav48_silence_trimmed\p339\p339_156_mic2.flac,p297,0,1,0.992315411567688,0.9914735555648804,0.992315411567688,-0.0008418560028076172,2.793
base,2,p339_156_mic2,p339,data\VCTK\wav48_silence_trimmed\p339\p339_156_mic2.flac,p333,0,1,0.9941846132278442,0.9929130673408508,0.9941846132278442,-0.0012715458869934082,2.793
base,3,p339_156_mic2,p339,data\VCTK\wav48_silence_trimmed\p339\p339_156_mic2.flac,p305,0,1,0.9942834973335266,0.9937820434570312,0.9942834973335266,-0.0005014538764953613,2.793
lca,1,p339_156_mic2,p339,data\VCTK\wav48_silence_trimmed\p339\p339_156_mic2.flac,p297,0,1,0.9961522221565247,0.9946592450141907,0.9961522221565247,-0.0014929771423339844,2.793
lca,2,p339_156_mic2,p339,data\VCTK\wav48_silence_trimmed\p339\p339_156_mic2.flac,p333,0,1,0.9950821399688721,0.994495689868927,0.9950821399688721,-0.0005864500999450684,2.793
lca,3,p339_156_mic2,p339,data\VCTK\wav48_silence_trimmed\p339\p339_156_mic2.flac,p339,1,1,0.9949982166290283,0.9949982166290283,0.9949519038200378,4.6312808990478516e-05,2.793
original,0,p339_361_mic1,p339,data\VCTK\wav48_silence_trimmed\p339\p339_361_mic1.flac,p339,1,1,0.9890762567520142,0.9890762567520142,0.9886847138404846,0.000391542911529541,2.0106875
base,1,p339_361_mic1,p339,data\VCTK\wav48_silence_trimmed\p339\p339_361_mic1.flac,p339,1,1,0.9926526546478271,0.9926526546478271,0.9916248917579651,0.0010277628898620605,2.0106875
base,2,p339_361_mic1,p339,data\VCTK\wav48_silence_trimmed\p339\p339_361_mic1.flac,p339,1,1,0.992633044719696,0.992633044719696,0.9915804862976074,0.001052558422088623,2.0106875
base,3,p339_361_mic1,p339,data\VCTK\wav48_silence_trimmed\p339\p339_361_mic1.flac,p282,0,1,0.988964855670929,0.9889248013496399,0.988964855670929,-4.00543212890625e-05,2.0106875
lca,1,p339_361_mic1,p339,data\VCTK\wav48_silence_trimmed\p339\p339_361_mic1.flac,p312,0,1,0.9904573559761047,0.9903841018676758,0.9904573559761047,-7.325410842895508e-05,2.0106875
lca,2,p339_361_mic1,p339,data\VCTK\wav48_silence_trimmed\p339\p339_361_mic1.flac,p257,0,1,0.9917116761207581,0.9910438060760498,0.9917116761207581,-0.000667870044708252,2.0106875
lca,3,p339_361_mic1,p339,data\VCTK\wav48_silence_trimmed\p339\p339_361_mic1.flac,p257,0,1,0.9905583262443542,0.9904006123542786,0.9905583262443542,-0.0001577138900756836,2.0106875
original,0,p339_374_mic1,p339,data\VCTK\wav48_silence_trimmed\p339\p339_374_mic1.flac,p314,0,1,0.9971803426742554,0.9958822727203369,0.9971803426742554,-0.001298069953918457,2.5255
base,1,p339_374_mic1,p339,data\VCTK\wav48_silence_trimmed\p339\p339_374_mic1.flac,p253,0,1,0.994673490524292,0.992429792881012,0.994673490524292,-0.0022436976432800293,2.5255
base,2,p339_374_mic1,p339,data\VCTK\wav48_silence_trimmed\p339\p339_374_mic1.flac,p297,0,1,0.9982624650001526,0.99624103307724,0.9982624650001526,-0.0020214319229125977,2.5255
base,3,p339_374_mic1,p339,data\VCTK\wav48_silence_trimmed\p339\p339_374_mic1.flac,p297,0,1,0.9976403117179871,0.9959341287612915,0.9976403117179871,-0.0017061829566955566,2.5255
lca,1,p339_374_mic1,p339,data\VCTK\wav48_silence_trimmed\p339\p339_374_mic1.flac,p297,0,1,0.995320200920105,0.9935646057128906,0.995320200920105,-0.0017555952072143555,2.5255
lca,2,p339_374_mic1,p339,data\VCTK\wav48_silence_trimmed\p339\p339_374_mic1.flac,p297,0,1,0.9980542659759521,0.9971911907196045,0.9980542659759521,-0.0008630752563476562,2.5255
lca,3,p339_374_mic1,p339,data\VCTK\wav48_silence_trimmed\p339\p339_374_mic1.flac,p299,0,1,0.9976650476455688,0.9969258308410645,0.9976650476455688,-0.0007392168045043945,2.5255
original,0,p339_386_mic2,p339,data\VCTK\wav48_silence_trimmed\p339\p339_386_mic2.flac,p339,1,1,0.9970843195915222,0.9970843195915222,0.9965989589691162,0.00048536062240600586,2.85675
base,1,p339_386_mic2,p339,data\VCTK\wav48_silence_trimmed\p339\p339_386_mic2.flac,p253,0,1,0.9928896427154541,0.9923676252365112,0.9928896427154541,-0.0005220174789428711,2.85675
base,2,p339_386_mic2,p339,data\VCTK\wav48_silence_trimmed\p339\p339_386_mic2.flac,p312,0,1,0.9952763915061951,0.9946702122688293,0.9952763915061951,-0.0006061792373657227,2.85675
base,3,p339_386_mic2,p339,data\VCTK\wav48_silence_trimmed\p339\p339_386_mic2.flac,p339,1,1,0.9956791996955872,0.9956791996955872,0.9956082105636597,7.098913192749023e-05,2.85675
lca,1,p339_386_mic2,p339,data\VCTK\wav48_silence_trimmed\p339\p339_386_mic2.flac,p340,0,1,0.9954997301101685,0.9948675036430359,0.9954997301101685,-0.0006322264671325684,2.85675
lca,2,p339_386_mic2,p339,data\VCTK\wav48_silence_trimmed\p339\p339_386_mic2.flac,p339,1,1,0.9972864389419556,0.9972864389419556,0.9972562193870544,3.0219554901123047e-05,2.85675
lca,3,p339_386_mic2,p339,data\VCTK\wav48_silence_trimmed\p339\p339_386_mic2.flac,p340,0,1,0.9975106120109558,0.9974483251571655,0.9975106120109558,-6.22868537902832e-05,2.85675
original,0,p340_196_mic2,p340,data\VCTK\wav48_silence_trimmed\p340\p340_196_mic2.flac,p312,0,1,0.994918942451477,0.9937593340873718,0.994918942451477,-0.0011596083641052246,1.8361875
base,1,p340_196_mic2,p340,data\VCTK\wav48_silence_trimmed\p340\p340_196_mic2.flac,p239,0,1,0.9883684515953064,0.9862791895866394,0.9883684515953064,-0.002089262008666992,1.8361875
base,2,p340_196_mic2,p340,data\VCTK\wav48_silence_trimmed\p340\p340_196_mic2.flac,p312,0,1,0.9946667551994324,0.9936094880104065,0.9946667551994324,-0.001057267189025879,1.8361875
base,3,p340_196_mic2,p340,data\VCTK\wav48_silence_trimmed\p340\p340_196_mic2.flac,p312,0,1,0.995819091796875,0.9949223399162292,0.995819091796875,-0.000896751880645752,1.8361875
lca,1,p340_196_mic2,p340,data\VCTK\wav48_silence_trimmed\p340\p340_196_mic2.flac,p312,0,1,0.9915745258331299,0.9886288642883301,0.9915745258331299,-0.0029456615447998047,1.8361875
lca,2,p340_196_mic2,p340,data\VCTK\wav48_silence_trimmed\p340\p340_196_mic2.flac,p312,0,1,0.9930129647254944,0.990393877029419,0.9930129647254944,-0.0026190876960754395,1.8361875
lca,3,p340_196_mic2,p340,data\VCTK\wav48_silence_trimmed\p340\p340_196_mic2.flac,p312,0,1,0.9934735894203186,0.990723192691803,0.9934735894203186,-0.002750396728515625,1.8361875
original,0,p340_252_mic2,p340,data\VCTK\wav48_silence_trimmed\p340\p340_252_mic2.flac,p340,1,1,0.9978629350662231,0.9978629350662231,0.9958626627922058,0.002000272274017334,2.4373125
base,1,p340_252_mic2,p340,data\VCTK\wav48_silence_trimmed\p340\p340_252_mic2.flac,p239,0,1,0.9934255480766296,0.9930763244628906,0.9934255480766296,-0.00034922361373901367,2.4373125
base,2,p340_252_mic2,p340,data\VCTK\wav48_silence_trimmed\p340\p340_252_mic2.flac,p312,0,1,0.9960813522338867,0.9958154559135437,0.9960813522338867,-0.0002658963203430176,2.4373125
base,3,p340_252_mic2,p340,data\VCTK\wav48_silence_trimmed\p340\p340_252_mic2.flac,p340,1,1,0.9959992170333862,0.9959992170333862,0.9958323836326599,0.00016683340072631836,2.4373125
lca,1,p340_252_mic2,p340,data\VCTK\wav48_silence_trimmed\p340\p340_252_mic2.flac,p340,1,1,0.9953510165214539,0.9953510165214539,0.9950498938560486,0.00030112266540527344,2.4373125
lca,2,p340_252_mic2,p340,data\VCTK\wav48_silence_trimmed\p340\p340_252_mic2.flac,p340,1,1,0.9959753155708313,0.9959753155708313,0.9956296682357788,0.00034564733505249023,2.4373125
lca,3,p340_252_mic2,p340,data\VCTK\wav48_silence_trimmed\p340\p340_252_mic2.flac,p312,0,1,0.9959964752197266,0.9958993792533875,0.9959964752197266,-9.709596633911133e-05,2.4373125
original,0,p340_281_mic2,p340,data\VCTK\wav48_silence_trimmed\p340\p340_281_mic2.flac,p314,0,1,0.9976768493652344,0.9970976710319519,0.9976768493652344,-0.0005791783332824707,1.8385625
base,1,p340_281_mic2,p340,data\VCTK\wav48_silence_trimmed\p340\p340_281_mic2.flac,p239,0,1,0.9938458204269409,0.9914252758026123,0.9938458204269409,-0.0024205446243286133,1.8385625
base,2,p340_281_mic2,p340,data\VCTK\wav48_silence_trimmed\p340\p340_281_mic2.flac,p253,0,1,0.9968706965446472,0.9956395626068115,0.9968706965446472,-0.0012311339378356934,1.8385625
base,3,p340_281_mic2,p340,data\VCTK\wav48_silence_trimmed\p340\p340_281_mic2.flac,p253,0,1,0.9968552589416504,0.9965131878852844,0.9968552589416504,-0.0003420710563659668,1.8385625
lca,1,p340_281_mic2,p340,data\VCTK\wav48_silence_trimmed\p340\p340_281_mic2.flac,p262,0,1,0.9956647157669067,0.9949248433113098,0.9956647157669067,-0.0007398724555969238,1.8385625
lca,2,p340_281_mic2,p340,data\VCTK\wav48_silence_trimmed\p340\p340_281_mic2.flac,p314,0,1,0.9973223805427551,0.9965161085128784,0.9973223805427551,-0.000806272029876709,1.8385625
lca,3,p340_281_mic2,p340,data\VCTK\wav48_silence_trimmed\p340\p340_281_mic2.flac,p314,0,1,0.9974212646484375,0.9973500370979309,0.9974212646484375,-7.12275505065918e-05,1.8385625
original,0,p340_360_mic2,p340,data\VCTK\wav48_silence_trimmed\p340\p340_360_mic2.flac,p268,0,1,0.9981053471565247,0.992580235004425,0.9981053471565247,-0.005525112152099609,2.3911875
base,1,p340_360_mic2,p340,data\VCTK\wav48_silence_trimmed\p340\p340_360_mic2.flac,p303,0,1,0.9959965348243713,0.9790313243865967,0.9959965348243713,-0.016965210437774658,2.3911875
base,2,p340_360_mic2,p340,data\VCTK\wav48_silence_trimmed\p340\p340_360_mic2.flac,p303,0,1,0.9976139068603516,0.9871089458465576,0.9976139068603516,-0.010504961013793945,2.3911875
base,3,p340_360_mic2,p340,data\VCTK\wav48_silence_trimmed\p340\p340_360_mic2.flac,p303,0,1,0.9976525902748108,0.9878331422805786,0.9976525902748108,-0.009819447994232178,2.3911875
lca,1,p340_360_mic2,p340,data\VCTK\wav48_silence_trimmed\p340\p340_360_mic2.flac,p303,0,1,0.9969099760055542,0.9899035096168518,0.9969099760055542,-0.007006466388702393,2.3911875
lca,2,p340_360_mic2,p340,data\VCTK\wav48_silence_trimmed\p340\p340_360_mic2.flac,p303,0,1,0.9976515769958496,0.9918978214263916,0.9976515769958496,-0.005753755569458008,2.3911875
lca,3,p340_360_mic2,p340,data\VCTK\wav48_silence_trimmed\p340\p340_360_mic2.flac,p268,0,1,0.997474730014801,0.9936815500259399,0.997474730014801,-0.003793179988861084,2.3911875
original,0,p340_403_mic1,p340,data\VCTK\wav48_silence_trimmed\p340\p340_403_mic1.flac,p340,1,1,0.9975526332855225,0.9975526332855225,0.9969033002853394,0.0006493330001831055,2.052
base,1,p340_403_mic1,p340,data\VCTK\wav48_silence_trimmed\p340\p340_403_mic1.flac,p239,0,1,0.9920262098312378,0.9917334914207458,0.9920262098312378,-0.00029271841049194336,2.052
base,2,p340_403_mic1,p340,data\VCTK\wav48_silence_trimmed\p340\p340_403_mic1.flac,p340,1,1,0.9964492917060852,0.9964492917060852,0.996041476726532,0.00040781497955322266,2.052
base,3,p340_403_mic1,p340,data\VCTK\wav48_silence_trimmed\p340\p340_403_mic1.flac,p300,0,1,0.996888279914856,0.9966993927955627,0.996888279914856,-0.0001888871192932129,2.052
lca,1,p340_403_mic1,p340,data\VCTK\wav48_silence_trimmed\p340\p340_403_mic1.flac,p239,0,1,0.9905903339385986,0.9893620610237122,0.9905903339385986,-0.0012282729148864746,2.052
lca,2,p340_403_mic1,p340,data\VCTK\wav48_silence_trimmed\p340\p340_403_mic1.flac,p340,1,1,0.9938249588012695,0.9938249588012695,0.9936290979385376,0.0001958608627319336,2.052
lca,3,p340_403_mic1,p340,data\VCTK\wav48_silence_trimmed\p340\p340_403_mic1.flac,p300,0,1,0.9956385493278503,0.9954376816749573,0.9956385493278503,-0.0002008676528930664,2.052
original,0,p341_094_mic2,p341,data\VCTK\wav48_silence_trimmed\p341\p341_094_mic2.flac,p329,0,1,0.9969903230667114,0.9878103137016296,0.9969903230667114,-0.009180009365081787,2.7043125
base,1,p341_094_mic2,p341,data\VCTK\wav48_silence_trimmed\p341\p341_094_mic2.flac,p268,0,1,0.9929264187812805,0.9811420440673828,0.9929264187812805,-0.011784374713897705,2.7043125
base,2,p341_094_mic2,p341,data\VCTK\wav48_silence_trimmed\p341\p341_094_mic2.flac,p329,0,1,0.9951717257499695,0.9865031242370605,0.9951717257499695,-0.008668601512908936,2.7043125
base,3,p341_094_mic2,p341,data\VCTK\wav48_silence_trimmed\p341\p341_094_mic2.flac,p329,0,1,0.9956908226013184,0.9887271523475647,0.9956908226013184,-0.006963670253753662,2.7043125
lca,1,p341_094_mic2,p341,data\VCTK\wav48_silence_trimmed\p341\p341_094_mic2.flac,p278,0,1,0.9961730241775513,0.98419588804245,0.9961730241775513,-0.011977136135101318,2.7043125
lca,2,p341_094_mic2,p341,data\VCTK\wav48_silence_trimmed\p341\p341_094_mic2.flac,p278,0,1,0.9958735108375549,0.9873180389404297,0.9958735108375549,-0.008555471897125244,2.7043125
lca,3,p341_094_mic2,p341,data\VCTK\wav48_silence_trimmed\p341\p341_094_mic2.flac,p225,0,1,0.9959134459495544,0.991445779800415,0.9959134459495544,-0.004467666149139404,2.7043125
original,0,p341_100_mic1,p341,data\VCTK\wav48_silence_trimmed\p341\p341_100_mic1.flac,p302,0,1,0.9975902438163757,0.9798659086227417,0.9975902438163757,-0.017724335193634033,3.1820625
base,1,p341_100_mic1,p341,data\VCTK\wav48_silence_trimmed\p341\p341_100_mic1.flac,p303,0,1,0.9963558912277222,0.9721176028251648,0.9963558912277222,-0.024238288402557373,3.1820625
base,2,p341_100_mic1,p341,data\VCTK\wav48_silence_trimmed\p341\p341_100_mic1.flac,p303,0,1,0.9979966878890991,0.9762098789215088,0.9979966878890991,-0.021786808967590332,3.1820625
base,3,p341_100_mic1,p341,data\VCTK\wav48_silence_trimmed\p341\p341_100_mic1.flac,p302,0,1,0.9978885054588318,0.9777383208274841,0.9978885054588318,-0.020150184631347656,3.1820625
lca,1,p341_100_mic1,p341,data\VCTK\wav48_silence_trimmed\p341\p341_100_mic1.flac,p303,0,1,0.9954590201377869,0.965716540813446,0.9954590201377869,-0.02974247932434082,3.1820625
lca,2,p341_100_mic1,p341,data\VCTK\wav48_silence_trimmed\p341\p341_100_mic1.flac,p303,0,1,0.9988204836845398,0.9736750721931458,0.9988204836845398,-0.025145411491394043,3.1820625
lca,3,p341_100_mic1,p341,data\VCTK\wav48_silence_trimmed\p341\p341_100_mic1.flac,p303,0,1,0.9984882473945618,0.97799152135849,0.9984882473945618,-0.020496726036071777,3.1820625
original,0,p341_260_mic2,p341,data\VCTK\wav48_silence_trimmed\p341\p341_260_mic2.flac,p238,0,1,0.9968743324279785,0.9788004159927368,0.9968743324279785,-0.0180739164352417,2.996125
base,1,p341_260_mic2,p341,data\VCTK\wav48_silence_trimmed\p341\p341_260_mic2.flac,p303,0,1,0.996433675289154,0.9728805422782898,0.996433675289154,-0.023553133010864258,2.996125
base,2,p341_260_mic2,p341,data\VCTK\wav48_silence_trimmed\p341\p341_260_mic2.flac,p303,0,1,0.9969077706336975,0.9745519757270813,0.9969077706336975,-0.02235579490661621,2.996125
base,3,p341_260_mic2,p341,data\VCTK\wav48_silence_trimmed\p341\p341_260_mic2.flac,p361,0,1,0.9963825345039368,0.9748795628547668,0.9963825345039368,-0.021502971649169922,2.996125
lca,1,p341_260_mic2,p341,data\VCTK\wav48_silence_trimmed\p341\p341_260_mic2.flac,p303,0,1,0.9971387982368469,0.9752432107925415,0.9971387982368469,-0.02189558744430542,2.996125
lca,2,p341_260_mic2,p341,data\VCTK\wav48_silence_trimmed\p341\p341_260_mic2.flac,p303,0,1,0.9963746070861816,0.9722312688827515,0.9963746070861816,-0.024143338203430176,2.996125
lca,3,p341_260_mic2,p341,data\VCTK\wav48_silence_trimmed\p341\p341_260_mic2.flac,p361,0,1,0.9963645339012146,0.9728859663009644,0.9963645339012146,-0.023478567600250244,2.996125
original,0,p341_323_mic1,p341,data\VCTK\wav48_silence_trimmed\p341\p341_323_mic1.flac,p249,0,1,0.9979246258735657,0.9963405728340149,0.9979246258735657,-0.0015840530395507812,4.0185625
base,1,p341_323_mic1,p341,data\VCTK\wav48_silence_trimmed\p341\p341_323_mic1.flac,p297,0,1,0.9957495927810669,0.9868192672729492,0.9957495927810669,-0.008930325508117676,4.0185625
base,2,p341_323_mic1,p341,data\VCTK\wav48_silence_trimmed\p341\p341_323_mic1.flac,p297,0,1,0.9982807636260986,0.9941406846046448,0.9982807636260986,-0.004140079021453857,4.0185625
base,3,p341_323_mic1,p341,data\VCTK\wav48_silence_trimmed\p341\p341_323_mic1.flac,p351,0,1,0.9984678030014038,0.994926393032074,0.9984678030014038,-0.003541409969329834,4.0185625
lca,1,p341_323_mic1,p341,data\VCTK\wav48_silence_trimmed\p341\p341_323_mic1.flac,p239,0,1,0.9946132302284241,0.9839494228363037,0.9946132302284241,-0.010663807392120361,4.0185625
lca,2,p341_323_mic1,p341,data\VCTK\wav48_silence_trimmed\p341\p341_323_mic1.flac,p259,0,1,0.9976694583892822,0.9915234446525574,0.9976694583892822,-0.0061460137367248535,4.0185625
lca,3,p341_323_mic1,p341,data\VCTK\wav48_silence_trimmed\p341\p341_323_mic1.flac,p299,0,1,0.9975748658180237,0.9937523603439331,0.9975748658180237,-0.003822505474090576,4.0185625
original,0,p341_395_mic1,p341,data\VCTK\wav48_silence_trimmed\p341\p341_395_mic1.flac,p262,0,1,0.9976707100868225,0.994531512260437,0.9976707100868225,-0.003139197826385498,4.0055
base,1,p341_395_mic1,p341,data\VCTK\wav48_silence_trimmed\p341\p341_395_mic1.flac,p239,0,1,0.9941503405570984,0.9851483106613159,0.9941503405570984,-0.00900202989578247,4.0055
base,2,p341_395_mic1,p341,data\VCTK\wav48_silence_trimmed\p341\p341_395_mic1.flac,p339,0,1,0.9976648688316345,0.9933945536613464,0.9976648688316345,-0.004270315170288086,4.0055
base,3,p341_395_mic1,p341,data\VCTK\wav48_silence_trimmed\p341\p341_395_mic1.flac,p339,0,1,0.9977720379829407,0.9936607480049133,0.9977720379829407,-0.004111289978027344,4.0055
lca,1,p341_395_mic1,p341,data\VCTK\wav48_silence_trimmed\p341\p341_395_mic1.flac,p239,0,1,0.9935084581375122,0.9834445118904114,0.9935084581375122,-0.01006394624710083,4.0055
lca,2,p341_395_mic1,p341,data\VCTK\wav48_silence_trimmed\p341\p341_395_mic1.flac,p339,0,1,0.9970999360084534,0.9919112324714661,0.9970999360084534,-0.005188703536987305,4.0055
lca,3,p341_395_mic1,p341,data\VCTK\wav48_silence_trimmed\p341\p341_395_mic1.flac,p339,0,1,0.9976561069488525,0.9925627112388611,0.9976561069488525,-0.005093395709991455,4.0055
original,0,p343_060_mic2,p343,data\VCTK\wav48_silence_trimmed\p343\p343_060_mic2.flac,p343,1,1,0.9988401532173157,0.9988401532173157,0.997128427028656,0.001711726188659668,3.7316875
base,1,p343_060_mic2,p343,data\VCTK\wav48_silence_trimmed\p343\p343_060_mic2.flac,p239,0,1,0.9948022365570068,0.9898998737335205,0.9948022365570068,-0.004902362823486328,3.7316875
base,2,p343_060_mic2,p343,data\VCTK\wav48_silence_trimmed\p343\p343_060_mic2.flac,p225,0,1,0.9964714050292969,0.9954570531845093,0.9964714050292969,-0.0010143518447875977,3.7316875
base,3,p343_060_mic2,p343,data\VCTK\wav48_silence_trimmed\p343\p343_060_mic2.flac,p343,1,1,0.9973937273025513,0.9973937273025513,0.9961264133453369,0.0012673139572143555,3.7316875
lca,1,p343_060_mic2,p343,data\VCTK\wav48_silence_trimmed\p343\p343_060_mic2.flac,p225,0,1,0.9952561259269714,0.9946585297584534,0.9952561259269714,-0.0005975961685180664,3.7316875
lca,2,p343_060_mic2,p343,data\VCTK\wav48_silence_trimmed\p343\p343_060_mic2.flac,p243,0,1,0.9970787167549133,0.9965661764144897,0.9970787167549133,-0.000512540340423584,3.7316875
lca,3,p343_060_mic2,p343,data\VCTK\wav48_silence_trimmed\p343\p343_060_mic2.flac,p343,1,1,0.9976728558540344,0.9976728558540344,0.9962285757064819,0.0014442801475524902,3.7316875
original,0,p343_186_mic1,p343,data\VCTK\wav48_silence_trimmed\p343\p343_186_mic1.flac,p343,1,1,0.9954174757003784,0.9954174757003784,0.9928091764450073,0.0026082992553710938,3.486375
base,1,p343_186_mic1,p343,data\VCTK\wav48_silence_trimmed\p343\p343_186_mic1.flac,p333,0,1,0.9905999898910522,0.9849675893783569,0.9905999898910522,-0.0056324005126953125,3.486375
base,2,p343_186_mic1,p343,data\VCTK\wav48_silence_trimmed\p343\p343_186_mic1.flac,p343,1,1,0.9971510767936707,0.9971510767936707,0.9966306686401367,0.0005204081535339355,3.486375
base,3,p343_186_mic1,p343,data\VCTK\wav48_silence_trimmed\p343\p343_186_mic1.flac,p343,1,1,0.9962615370750427,0.9962615370750427,0.9951704740524292,0.0010910630226135254,3.486375
lca,1,p343_186_mic1,p343,data\VCTK\wav48_silence_trimmed\p343\p343_186_mic1.flac,p255,0,1,0.993823230266571,0.9913073182106018,0.993823230266571,-0.0025159120559692383,3.486375
lca,2,p343_186_mic1,p343,data\VCTK\wav48_silence_trimmed\p343\p343_186_mic1.flac,p343,1,1,0.9946050643920898,0.9946050643920898,0.9944610595703125,0.00014400482177734375,3.486375
lca,3,p343_186_mic1,p343,data\VCTK\wav48_silence_trimmed\p343\p343_186_mic1.flac,p343,1,1,0.9946852922439575,0.9946852922439575,0.9941338300704956,0.0005514621734619141,3.486375
original,0,p343_320_mic1,p343,data\VCTK\wav48_silence_trimmed\p343\p343_320_mic1.flac,p255,0,1,0.9970707297325134,0.9969947338104248,0.9970707297325134,-7.599592208862305e-05,3.6278125
base,1,p343_320_mic1,p343,data\VCTK\wav48_silence_trimmed\p343\p343_320_mic1.flac,p239,0,1,0.9942581653594971,0.9877371788024902,0.9942581653594971,-0.006520986557006836,3.6278125
base,2,p343_320_mic1,p343,data\VCTK\wav48_silence_trimmed\p343\p343_320_mic1.flac,p239,0,1,0.997607946395874,0.9952131509780884,0.997607946395874,-0.0023947954177856445,3.6278125
base,3,p343_320_mic1,p343,data\VCTK\wav48_silence_trimmed\p343\p343_320_mic1.flac,p255,0,1,0.996470034122467,0.9954589605331421,0.996470034122467,-0.0010110735893249512,3.6278125
lca,1,p343_320_mic1,p343,data\VCTK\wav48_silence_trimmed\p343\p343_320_mic1.flac,p239,0,1,0.9931559562683105,0.9857520461082458,0.9931559562683105,-0.007403910160064697,3.6278125
lca,2,p343_320_mic1,p343,data\VCTK\wav48_silence_trimmed\p343\p343_320_mic1.flac,p259,0,1,0.997066080570221,0.9932049512863159,0.997066080570221,-0.0038611292839050293,3.6278125
lca,3,p343_320_mic1,p343,data\VCTK\wav48_silence_trimmed\p343\p343_320_mic1.flac,p259,0,1,0.9975559115409851,0.9941425919532776,0.9975559115409851,-0.0034133195877075195,3.6278125
original,0,p343_365_mic2,p343,data\VCTK\wav48_silence_trimmed\p343\p343_365_mic2.flac,p262,0,1,0.9974938035011292,0.9968971610069275,0.9974938035011292,-0.0005966424942016602,3.704375
base,1,p343_365_mic2,p343,data\VCTK\wav48_silence_trimmed\p343\p343_365_mic2.flac,p239,0,1,0.9951343536376953,0.9875994324684143,0.9951343536376953,-0.007534921169281006,3.704375
base,2,p343_365_mic2,p343,data\VCTK\wav48_silence_trimmed\p343\p343_365_mic2.flac,p301,0,1,0.996878445148468,0.9913207292556763,0.996878445148468,-0.005557715892791748,3.704375
base,3,p343_365_mic2,p343,data\VCTK\wav48_silence_trimmed\p343\p343_365_mic2.flac,p297,0,1,0.996717631816864,0.9937434196472168,0.996717631816864,-0.002974212169647217,3.704375
lca,1,p343_365_mic2,p343,data\VCTK\wav48_silence_trimmed\p343\p343_365_mic2.flac,p297,0,1,0.9955626726150513,0.9904392957687378,0.9955626726150513,-0.0051233768463134766,3.704375
lca,2,p343_365_mic2,p343,data\VCTK\wav48_silence_trimmed\p343\p343_365_mic2.flac,p297,0,1,0.9970213174819946,0.9916539788246155,0.9970213174819946,-0.00536733865737915,3.704375
lca,3,p343_365_mic2,p343,data\VCTK\wav48_silence_trimmed\p343\p343_365_mic2.flac,p297,0,1,0.9971123933792114,0.9934582710266113,0.9971123933792114,-0.0036541223526000977,3.704375
original,0,p343_379_mic1,p343,data\VCTK\wav48_silence_trimmed\p343\p343_379_mic1.flac,p262,0,1,0.9962917566299438,0.9940382242202759,0.9962917566299438,-0.0022535324096679688,2.69175
base,1,p343_379_mic1,p343,data\VCTK\wav48_silence_trimmed\p343\p343_379_mic1.flac,p268,0,1,0.9945991039276123,0.9852473139762878,0.9945991039276123,-0.009351789951324463,2.69175
base,2,p343_379_mic1,p343,data\VCTK\wav48_silence_trimmed\p343\p343_379_mic1.flac,p262,0,1,0.9975973963737488,0.994756281375885,0.9975973963737488,-0.0028411149978637695,2.69175
base,3,p343_379_mic1,p343,data\VCTK\wav48_silence_trimmed\p343\p343_379_mic1.flac,p262,0,1,0.9967097043991089,0.9947304129600525,0.9967097043991089,-0.0019792914390563965,2.69175
lca,1,p343_379_mic1,p343,data\VCTK\wav48_silence_trimmed\p343\p343_379_mic1.flac,p268,0,1,0.9940016865730286,0.9843356609344482,0.9940016865730286,-0.009666025638580322,2.69175
lca,2,p343_379_mic1,p343,data\VCTK\wav48_silence_trimmed\p343\p343_379_mic1.flac,p256,0,1,0.9976122975349426,0.9920263886451721,0.9976122975349426,-0.005585908889770508,2.69175
lca,3,p343_379_mic1,p343,data\VCTK\wav48_silence_trimmed\p343\p343_379_mic1.flac,p256,0,1,0.997090220451355,0.9932605028152466,0.997090220451355,-0.0038297176361083984,2.69175
original,0,p345_052_mic2,p345,data\VCTK\wav48_silence_trimmed\p345\p345_052_mic2.flac,p345,1,1,0.9981163740158081,0.9981163740158081,0.9961928129196167,0.0019235610961914062,2.3508125
base,1,p345_052_mic2,p345,data\VCTK\wav48_silence_trimmed\p345\p345_052_mic2.flac,p345,1,1,0.9932604432106018,0.9932604432106018,0.9929664731025696,0.00029397010803222656,2.3508125
base,2,p345_052_mic2,p345,data\VCTK\wav48_silence_trimmed\p345\p345_052_mic2.flac,p345,1,1,0.9976121187210083,0.9976121187210083,0.9956743717193604,0.0019377470016479492,2.3508125
base,3,p345_052_mic2,p345,data\VCTK\wav48_silence_trimmed\p345\p345_052_mic2.flac,p345,1,1,0.9980042576789856,0.9980042576789856,0.9962925910949707,0.0017116665840148926,2.3508125
lca,1,p345_052_mic2,p345,data\VCTK\wav48_silence_trimmed\p345\p345_052_mic2.flac,p345,1,1,0.9944757223129272,0.9944757223129272,0.9942857623100281,0.00018996000289916992,2.3508125
lca,2,p345_052_mic2,p345,data\VCTK\wav48_silence_trimmed\p345\p345_052_mic2.flac,p345,1,1,0.9968757629394531,0.9968757629394531,0.9951425194740295,0.001733243465423584,2.3508125
lca,3,p345_052_mic2,p345,data\VCTK\wav48_silence_trimmed\p345\p345_052_mic2.flac,p345,1,1,0.9977355003356934,0.9977355003356934,0.9951874613761902,0.002548038959503174,2.3508125
original,0,p345_089_mic1,p345,data\VCTK\wav48_silence_trimmed\p345\p345_089_mic1.flac,p272,0,1,0.9967662692070007,0.9926648736000061,0.9967662692070007,-0.004101395606994629,2.6100625
base,1,p345_089_mic1,p345,data\VCTK\wav48_silence_trimmed\p345\p345_089_mic1.flac,p239,0,1,0.9939400553703308,0.9921693801879883,0.9939400553703308,-0.0017706751823425293,2.6100625
base,2,p345_089_mic1,p345,data\VCTK\wav48_silence_trimmed\p345\p345_089_mic1.flac,p292,0,1,0.99770587682724,0.9929924011230469,0.99770587682724,-0.004713475704193115,2.6100625
base,3,p345_089_mic1,p345,data\VCTK\wav48_silence_trimmed\p345\p345_089_mic1.flac,p292,0,1,0.996890127658844,0.9934408664703369,0.996890127658844,-0.00344926118850708,2.6100625
lca,1,p345_089_mic1,p345,data\VCTK\wav48_silence_trimmed\p345\p345_089_mic1.flac,p259,0,1,0.9921631217002869,0.9867784976959229,0.9921631217002869,-0.005384624004364014,2.6100625
lca,2,p345_089_mic1,p345,data\VCTK\wav48_silence_trimmed\p345\p345_089_mic1.flac,p259,0,1,0.9963260889053345,0.993940532207489,0.9963260889053345,-0.002385556697845459,2.6100625
lca,3,p345_089_mic1,p345,data\VCTK\wav48_silence_trimmed\p345\p345_089_mic1.flac,p292,0,1,0.9969567060470581,0.9921484589576721,0.9969567060470581,-0.004808247089385986,2.6100625
original,0,p345_101_mic2,p345,data\VCTK\wav48_silence_trimmed\p345\p345_101_mic2.flac,p326,0,1,0.9951372146606445,0.9907694458961487,0.9951372146606445,-0.00436776876449585,2.8908125
base,1,p345_101_mic2,p345,data\VCTK\wav48_silence_trimmed\p345\p345_101_mic2.flac,p255,0,1,0.990393877029419,0.9768006801605225,0.990393877029419,-0.013593196868896484,2.8908125
base,2,p345_101_mic2,p345,data\VCTK\wav48_silence_trimmed\p345\p345_101_mic2.flac,p243,0,1,0.9948676824569702,0.9907024502754211,0.9948676824569702,-0.004165232181549072,2.8908125
base,3,p345_101_mic2,p345,data\VCTK\wav48_silence_trimmed\p345\p345_101_mic2.flac,p278,0,1,0.9944598078727722,0.9903380274772644,0.9944598078727722,-0.0041217803955078125,2.8908125
lca,1,p345_101_mic2,p345,data\VCTK\wav48_silence_trimmed\p345\p345_101_mic2.flac,p292,0,1,0.9919499754905701,0.9821208119392395,0.9919499754905701,-0.009829163551330566,2.8908125
lca,2,p345_101_mic2,p345,data\VCTK\wav48_silence_trimmed\p345\p345_101_mic2.flac,p243,0,1,0.9951088428497314,0.9919520616531372,0.9951088428497314,-0.0031567811965942383,2.8908125
lca,3,p345_101_mic2,p345,data\VCTK\wav48_silence_trimmed\p345\p345_101_mic2.flac,p243,0,1,0.9948452115058899,0.9913063645362854,0.9948452115058899,-0.003538846969604492,2.8908125
original,0,p345_138_mic2,p345,data\VCTK\wav48_silence_trimmed\p345\p345_138_mic2.flac,p345,1,1,0.9982226490974426,0.9982226490974426,0.9973317384719849,0.0008909106254577637,2.1116875
base,1,p345_138_mic2,p345,data\VCTK\wav48_silence_trimmed\p345\p345_138_mic2.flac,p303,0,1,0.9931394457817078,0.9922283291816711,0.9931394457817078,-0.0009111166000366211,2.1116875
base,2,p345_138_mic2,p345,data\VCTK\wav48_silence_trimmed\p345\p345_138_mic2.flac,p345,1,1,0.9971689581871033,0.9971689581871033,0.9957960247993469,0.0013729333877563477,2.1116875
base,3,p345_138_mic2,p345,data\VCTK\wav48_silence_trimmed\p345\p345_138_mic2.flac,p345,1,1,0.9979341626167297,0.9979341626167297,0.9965626001358032,0.0013715624809265137,2.1116875
lca,1,p345_138_mic2,p345,data\VCTK\wav48_silence_trimmed\p345\p345_138_mic2.flac,p256,0,1,0.9943556785583496,0.9927548766136169,0.9943556785583496,-0.001600801944732666,2.1116875
lca,2,p345_138_mic2,p345,data\VCTK\wav48_silence_trimmed\p345\p345_138_mic2.flac,p345,1,1,0.9963929653167725,0.9963929653167725,0.9956741333007812,0.0007188320159912109,2.1116875
lca,3,p345_138_mic2,p345,data\VCTK\wav48_silence_trimmed\p345\p345_138_mic2.flac,p345,1,1,0.9968467354774475,0.9968467354774475,0.9962750673294067,0.0005716681480407715,2.1116875
original,0,p345_385_mic1,p345,data\VCTK\wav48_silence_trimmed\p345\p345_385_mic1.flac,p256,0,1,0.9973393082618713,0.9964405298233032,0.9973393082618713,-0.0008987784385681152,4.4313125
base,1,p345_385_mic1,p345,data\VCTK\wav48_silence_trimmed\p345\p345_385_mic1.flac,p303,0,1,0.9918535351753235,0.9902709126472473,0.9918535351753235,-0.0015826225280761719,4.4313125
base,2,p345_385_mic1,p345,data\VCTK\wav48_silence_trimmed\p345\p345_385_mic1.flac,p256,0,1,0.9966480731964111,0.9949423670768738,0.9966480731964111,-0.0017057061195373535,4.4313125
base,3,p345_385_mic1,p345,data\VCTK\wav48_silence_trimmed\p345\p345_385_mic1.flac,p256,0,1,0.9968750476837158,0.9957608580589294,0.9968750476837158,-0.001114189624786377,4.4313125
lca,1,p345_385_mic1,p345,data\VCTK\wav48_silence_trimmed\p345\p345_385_mic1.flac,p303,0,1,0.9897323846817017,0.9858006834983826,0.9897323846817017,-0.003931701183319092,4.4313125
lca,2,p345_385_mic1,p345,data\VCTK\wav48_silence_trimmed\p345\p345_385_mic1.flac,p252,0,1,0.9945355653762817,0.9925110340118408,0.9945355653762817,-0.002024531364440918,4.4313125
lca,3,p345_385_mic1,p345,data\VCTK\wav48_silence_trimmed\p345\p345_385_mic1.flac,p256,0,1,0.9952735900878906,0.9950411319732666,0.9952735900878906,-0.00023245811462402344,4.4313125
original,0,p347_157_mic1,p347,data\VCTK\wav48_silence_trimmed\p347\p347_157_mic1.flac,p347,1,1,0.9961718320846558,0.9961718320846558,0.9950503706932068,0.0011214613914489746,2.77525
base,1,p347_157_mic1,p347,data\VCTK\wav48_silence_trimmed\p347\p347_157_mic1.flac,p256,0,1,0.994985044002533,0.9859033823013306,0.994985044002533,-0.009081661701202393,2.77525
base,2,p347_157_mic1,p347,data\VCTK\wav48_silence_trimmed\p347\p347_157_mic1.flac,p237,0,1,0.9969306588172913,0.9956488013267517,0.9969306588172913,-0.0012818574905395508,2.77525
base,3,p347_157_mic1,p347,data\VCTK\wav48_silence_trimmed\p347\p347_157_mic1.flac,p374,0,1,0.9961357712745667,0.995119035243988,0.9961357712745667,-0.0010167360305786133,2.77525
lca,1,p347_157_mic1,p347,data\VCTK\wav48_silence_trimmed\p347\p347_157_mic1.flac,p345,0,1,0.9957904815673828,0.9864010810852051,0.9957904815673828,-0.009389400482177734,2.77525
lca,2,p347_157_mic1,p347,data\VCTK\wav48_silence_trimmed\p347\p347_157_mic1.flac,p256,0,1,0.9970324635505676,0.9954794645309448,0.9970324635505676,-0.0015529990196228027,2.77525
lca,3,p347_157_mic1,p347,data\VCTK\wav48_silence_trimmed\p347\p347_157_mic1.flac,p347,1,1,0.9961851835250854,0.9961851835250854,0.9959304928779602,0.00025469064712524414,2.77525
original,0,p347_185_mic2,p347,data\VCTK\wav48_silence_trimmed\p347\p347_185_mic2.flac,p347,1,1,0.9969829320907593,0.9969829320907593,0.9966999888420105,0.0002829432487487793,2.177375
base,1,p347_185_mic2,p347,data\VCTK\wav48_silence_trimmed\p347\p347_185_mic2.flac,p259,0,1,0.9937422275543213,0.9848548173904419,0.9937422275543213,-0.008887410163879395,2.177375
base,2,p347_185_mic2,p347,data\VCTK\wav48_silence_trimmed\p347\p347_185_mic2.flac,p247,0,1,0.9962654709815979,0.9944155216217041,0.9962654709815979,-0.0018499493598937988,2.177375
base,3,p347_185_mic2,p347,data\VCTK\wav48_silence_trimmed\p347\p347_185_mic2.flac,p334,0,1,0.9963047504425049,0.9960606694221497,0.9963047504425049,-0.0002440810203552246,2.177375
lca,1,p347_185_mic2,p347,data\VCTK\wav48_silence_trimmed\p347\p347_185_mic2.flac,p278,0,1,0.9965205192565918,0.9901942610740662,0.9965205192565918,-0.006326258182525635,2.177375
lca,2,p347_185_mic2,p347,data\VCTK\wav48_silence_trimmed\p347\p347_185_mic2.flac,p334,0,1,0.9967278838157654,0.9948277473449707,0.9967278838157654,-0.0019001364707946777,2.177375
lca,3,p347_185_mic2,p347,data\VCTK\wav48_silence_trimmed\p347\p347_185_mic2.flac,p334,0,1,0.9971678853034973,0.99629807472229,0.9971678853034973,-0.0008698105812072754,2.177375
original,0,p347_204_mic1,p347,data\VCTK\wav48_silence_trimmed\p347\p347_204_mic1.flac,p347,1,1,0.9922397136688232,0.9922397136688232,0.9919882416725159,0.00025147199630737305,3.5028125
base,1,p347_204_mic1,p347,data\VCTK\wav48_silence_trimmed\p347\p347_204_mic1.flac,p334,0,1,0.9936357140541077,0.9887219071388245,0.9936357140541077,-0.004913806915283203,3.5028125
base,2,p347_204_mic1,p347,data\VCTK\wav48_silence_trimmed\p347\p347_204_mic1.flac,p263,0,1,0.9937604665756226,0.9924148917198181,0.9937604665756226,-0.0013455748558044434,3.5028125
base,3,p347_204_mic1,p347,data\VCTK\wav48_silence_trimmed\p347\p347_204_mic1.flac,p347,1,1,0.9949291944503784,0.9949291944503784,0.9934698343276978,0.001459360122680664,3.5028125
lca,1,p347_204_mic1,p347,data\VCTK\wav48_silence_trimmed\p347\p347_204_mic1.flac,p334,0,1,0.9942513108253479,0.9895373582839966,0.9942513108253479,-0.004713952541351318,3.5028125
lca,2,p347_204_mic1,p347,data\VCTK\wav48_silence_trimmed\p347\p347_204_mic1.flac,p263,0,1,0.9942948222160339,0.993061900138855,0.9942948222160339,-0.001232922077178955,3.5028125
lca,3,p347_204_mic1,p347,data\VCTK\wav48_silence_trimmed\p347\p347_204_mic1.flac,p263,0,1,0.9922784566879272,0.991375744342804,0.9922784566879272,-0.000902712345123291,3.5028125
original,0,p347_315_mic2,p347,data\VCTK\wav48_silence_trimmed\p347\p347_315_mic2.flac,p258,0,1,0.9977658987045288,0.9931802749633789,0.9977658987045288,-0.004585623741149902,3.5886875
base,1,p347_315_mic2,p347,data\VCTK\wav48_silence_trimmed\p347\p347_315_mic2.flac,p303,0,1,0.9957942366600037,0.9791461229324341,0.9957942366600037,-0.01664811372756958,3.5886875
base,2,p347_315_mic2,p347,data\VCTK\wav48_silence_trimmed\p347\p347_315_mic2.flac,p345,0,1,0.9970170855522156,0.989260196685791,0.9970170855522156,-0.0077568888664245605,3.5886875
base,3,p347_315_mic2,p347,data\VCTK\wav48_silence_trimmed\p347\p347_315_mic2.flac,p302,0,1,0.9979978203773499,0.9892876744270325,0.9979978203773499,-0.008710145950317383,3.5886875
lca,1,p347_315_mic2,p347,data\VCTK\wav48_silence_trimmed\p347\p347_315_mic2.flac,p302,0,1,0.9967806935310364,0.9878258109092712,0.9967806935310364,-0.008954882621765137,3.5886875
lca,2,p347_315_mic2,p347,data\VCTK\wav48_silence_trimmed\p347\p347_315_mic2.flac,p345,0,1,0.996778666973114,0.9889612793922424,0.996778666973114,-0.007817387580871582,3.5886875
lca,3,p347_315_mic2,p347,data\VCTK\wav48_silence_trimmed\p347\p347_315_mic2.flac,p345,0,1,0.9968977570533752,0.9901522994041443,0.9968977570533752,-0.006745457649230957,3.5886875
original,0,p347_340_mic1,p347,data\VCTK\wav48_silence_trimmed\p347\p347_340_mic1.flac,p364,0,1,0.9864901304244995,0.9755597114562988,0.9864901304244995,-0.010930418968200684,2.67125
base,1,p347_340_mic1,p347,data\VCTK\wav48_silence_trimmed\p347\p347_340_mic1.flac,p263,0,1,0.9944062232971191,0.9886272549629211,0.9944062232971191,-0.005778968334197998,2.67125
base,2,p347_340_mic1,p347,data\VCTK\wav48_silence_trimmed\p347\p347_340_mic1.flac,p270,0,1,0.9943253397941589,0.9891504645347595,0.9943253397941589,-0.005174875259399414,2.67125
base,3,p347_340_mic1,p347,data\VCTK\wav48_silence_trimmed\p347\p347_340_mic1.flac,p270,0,1,0.9958482980728149,0.990420937538147,0.9958482980728149,-0.005427360534667969,2.67125
lca,1,p347_340_mic1,p347,data\VCTK\wav48_silence_trimmed\p347\p347_340_mic1.flac,p263,0,1,0.9931519031524658,0.98565673828125,0.9931519031524658,-0.00749516487121582,2.67125
lca,2,p347_340_mic1,p347,data\VCTK\wav48_silence_trimmed\p347\p347_340_mic1.flac,p270,0,1,0.9909576177597046,0.9833273887634277,0.9909576177597046,-0.0076302289962768555,2.67125
lca,3,p347_340_mic1,p347,data\VCTK\wav48_silence_trimmed\p347\p347_340_mic1.flac,p270,0,1,0.9871131181716919,0.977220356464386,0.9871131181716919,-0.009892761707305908,2.67125
original,0,p351_090_mic1,p351,data\VCTK\wav48_silence_trimmed\p351\p351_090_mic1.flac,p351,1,1,0.997001051902771,0.997001051902771,0.9952223300933838,0.001778721809387207,2.645625
base,1,p351_090_mic1,p351,data\VCTK\wav48_silence_trimmed\p351\p351_090_mic1.flac,p239,0,1,0.9935495257377625,0.9899609684944153,0.9935495257377625,-0.003588557243347168,2.645625
base,2,p351_090_mic1,p351,data\VCTK\wav48_silence_trimmed\p351\p351_090_mic1.flac,p351,1,1,0.9978868961334229,0.9978868961334229,0.9966170787811279,0.0012698173522949219,2.645625
base,3,p351_090_mic1,p351,data\VCTK\wav48_silence_trimmed\p351\p351_090_mic1.flac,p351,1,1,0.9975977540016174,0.9975977540016174,0.9960329532623291,0.00156480073928833,2.645625
lca,1,p351_090_mic1,p351,data\VCTK\wav48_silence_trimmed\p351\p351_090_mic1.flac,p239,0,1,0.991518497467041,0.9871863126754761,0.991518497467041,-0.004332184791564941,2.645625
lca,2,p351_090_mic1,p351,data\VCTK\wav48_silence_trimmed\p351\p351_090_mic1.flac,p351,1,1,0.9959032535552979,0.9959032535552979,0.9958340525627136,6.920099258422852e-05,2.645625
lca,3,p351_090_mic1,p351,data\VCTK\wav48_silence_trimmed\p351\p351_090_mic1.flac,p351,1,1,0.9965428709983826,0.9965428709983826,0.9953476786613464,0.0011951923370361328,2.645625
original,0,p351_247_mic2,p351,data\VCTK\wav48_silence_trimmed\p351\p351_247_mic2.flac,p233,0,1,0.9982587695121765,0.994530975818634,0.9982587695121765,-0.0037277936935424805,2.266375
base,1,p351_247_mic2,p351,data\VCTK\wav48_silence_trimmed\p351\p351_247_mic2.flac,p303,0,1,0.9957137107849121,0.9842767119407654,0.9957137107849121,-0.011436998844146729,2.266375
base,2,p351_247_mic2,p351,data\VCTK\wav48_silence_trimmed\p351\p351_247_mic2.flac,p303,0,1,0.997316837310791,0.9883185625076294,0.997316837310791,-0.008998274803161621,2.266375
base,3,p351_247_mic2,p351,data\VCTK\wav48_silence_trimmed\p351\p351_247_mic2.flac,p303,0,1,0.9969187378883362,0.9922274947166443,0.9969187378883362,-0.0046912431716918945,2.266375
lca,1,p351_247_mic2,p351,data\VCTK\wav48_silence_trimmed\p351\p351_247_mic2.flac,p278,0,1,0.9957485795021057,0.990285336971283,0.9957485795021057,-0.005463242530822754,2.266375
lca,2,p351_247_mic2,p351,data\VCTK\wav48_silence_trimmed\p351\p351_247_mic2.flac,p233,0,1,0.9967814087867737,0.9948648810386658,0.9967814087867737,-0.0019165277481079102,2.266375
lca,3,p351_247_mic2,p351,data\VCTK\wav48_silence_trimmed\p351\p351_247_mic2.flac,p233,0,1,0.9972123503684998,0.9958122372627258,0.9972123503684998,-0.0014001131057739258,2.266375
original,0,p351_334_mic2,p351,data\VCTK\wav48_silence_trimmed\p351\p351_334_mic2.flac,p340,0,1,0.9942466020584106,0.9933728575706482,0.9942466020584106,-0.0008737444877624512,2.2948125
base,1,p351_334_mic2,p351,data\VCTK\wav48_silence_trimmed\p351\p351_334_mic2.flac,p239,0,1,0.9931544661521912,0.9899381399154663,0.9931544661521912,-0.0032163262367248535,2.2948125
base,2,p351_334_mic2,p351,data\VCTK\wav48_silence_trimmed\p351\p351_334_mic2.flac,p340,0,1,0.9930709004402161,0.9898388385772705,0.9930709004402161,-0.0032320618629455566,2.2948125
base,3,p351_334_mic2,p351,data\VCTK\wav48_silence_trimmed\p351\p351_334_mic2.flac,p340,0,1,0.9940761923789978,0.9913654327392578,0.9940761923789978,-0.0027107596397399902,2.2948125
lca,1,p351_334_mic2,p351,data\VCTK\wav48_silence_trimmed\p351\p351_334_mic2.flac,p278,0,1,0.993831992149353,0.9905744791030884,0.993831992149353,-0.0032575130462646484,2.2948125
lca,2,p351_334_mic2,p351,data\VCTK\wav48_silence_trimmed\p351\p351_334_mic2.flac,p340,0,1,0.9933616518974304,0.9910183548927307,0.9933616518974304,-0.002343297004699707,2.2948125
lca,3,p351_334_mic2,p351,data\VCTK\wav48_silence_trimmed\p351\p351_334_mic2.flac,p340,0,1,0.9941441416740417,0.9924514293670654,0.9941441416740417,-0.0016927123069763184,2.2948125
original,0,p351_344_mic1,p351,data\VCTK\wav48_silence_trimmed\p351\p351_344_mic1.flac,p351,1,1,0.9979411363601685,0.9979411363601685,0.996726930141449,0.0012142062187194824,4.2605
base,1,p351_344_mic1,p351,data\VCTK\wav48_silence_trimmed\p351\p351_344_mic1.flac,p239,0,1,0.9927053451538086,0.9901163578033447,0.9927053451538086,-0.002588987350463867,4.2605
base,2,p351_344_mic1,p351,data\VCTK\wav48_silence_trimmed\p351\p351_344_mic1.flac,p351,1,1,0.9985674619674683,0.9985674619674683,0.9980305433273315,0.0005369186401367188,4.2605
base,3,p351_344_mic1,p351,data\VCTK\wav48_silence_trimmed\p351\p351_344_mic1.flac,p351,1,1,0.9983627796173096,0.9983627796173096,0.9968037605285645,0.0015590190887451172,4.2605
lca,1,p351_344_mic1,p351,data\VCTK\wav48_silence_trimmed\p351\p351_344_mic1.flac,p236,0,1,0.9923290014266968,0.9890444278717041,0.9923290014266968,-0.0032845735549926758,4.2605
lca,2,p351_344_mic1,p351,data\VCTK\wav48_silence_trimmed\p351\p351_344_mic1.flac,p351,1,1,0.9955068826675415,0.9955068826675415,0.9953927993774414,0.00011408329010009766,4.2605
lca,3,p351_344_mic1,p351,data\VCTK\wav48_silence_trimmed\p351\p351_344_mic1.flac,p276,0,1,0.9957922697067261,0.9953392148017883,0.9957922697067261,-0.00045305490493774414,4.2605
original,0,p351_369_mic1,p351,data\VCTK\wav48_silence_trimmed\p351\p351_369_mic1.flac,p351,1,1,0.9974567294120789,0.9974567294120789,0.9968311190605164,0.0006256103515625,2.4518125
base,1,p351_369_mic1,p351,data\VCTK\wav48_silence_trimmed\p351\p351_369_mic1.flac,p239,0,1,0.9934635758399963,0.9911381006240845,0.9934635758399963,-0.0023254752159118652,2.4518125
base,2,p351_369_mic1,p351,data\VCTK\wav48_silence_trimmed\p351\p351_369_mic1.flac,p276,0,1,0.996951162815094,0.9952425956726074,0.996951162815094,-0.0017085671424865723,2.4518125
base,3,p351_369_mic1,p351,data\VCTK\wav48_silence_trimmed\p351\p351_369_mic1.flac,p276,0,1,0.9969382882118225,0.996200680732727,0.9969382882118225,-0.000737607479095459,2.4518125
lca,1,p351_369_mic1,p351,data\VCTK\wav48_silence_trimmed\p351\p351_369_mic1.flac,p239,0,1,0.9952181577682495,0.9921571016311646,0.9952181577682495,-0.003061056137084961,2.4518125
lca,2,p351_369_mic1,p351,data\VCTK\wav48_silence_trimmed\p351\p351_369_mic1.flac,p351,1,1,0.9971251487731934,0.9971251487731934,0.9962725639343262,0.0008525848388671875,2.4518125
lca,3,p351_369_mic1,p351,data\VCTK\wav48_silence_trimmed\p351\p351_369_mic1.flac,p276,0,1,0.9966474175453186,0.9962210655212402,0.9966474175453186,-0.00042635202407836914,2.4518125
original,0,p360_018_mic1,p360,data\VCTK\wav48_silence_trimmed\p360\p360_018_mic1.flac,p274,0,1,0.9979314208030701,0.99722820520401,0.9979314208030701,-0.0007032155990600586,5.4921875
base,1,p360_018_mic1,p360,data\VCTK\wav48_silence_trimmed\p360\p360_018_mic1.flac,p255,0,1,0.9946103692054749,0.9859597682952881,0.9946103692054749,-0.008650600910186768,5.4921875
base,2,p360_018_mic1,p360,data\VCTK\wav48_silence_trimmed\p360\p360_018_mic1.flac,p274,0,1,0.9976873993873596,0.9947472810745239,0.9976873993873596,-0.0029401183128356934,5.4921875
base,3,p360_018_mic1,p360,data\VCTK\wav48_silence_trimmed\p360\p360_018_mic1.flac,p274,0,1,0.9958304166793823,0.9907875657081604,0.9958304166793823,-0.005042850971221924,5.4921875
lca,1,p360_018_mic1,p360,data\VCTK\wav48_silence_trimmed\p360\p360_018_mic1.flac,p255,0,1,0.992091715335846,0.98193359375,0.992091715335846,-0.010158121585845947,5.4921875
lca,2,p360_018_mic1,p360,data\VCTK\wav48_silence_trimmed\p360\p360_018_mic1.flac,p274,0,1,0.9967619776725769,0.9943326711654663,0.9967619776725769,-0.0024293065071105957,5.4921875
lca,3,p360_018_mic1,p360,data\VCTK\wav48_silence_trimmed\p360\p360_018_mic1.flac,p274,0,1,0.9967671036720276,0.9939476251602173,0.9967671036720276,-0.0028194785118103027,5.4921875
original,0,p360_244_mic2,p360,data\VCTK\wav48_silence_trimmed\p360\p360_244_mic2.flac,p360,1,1,0.9988909363746643,0.9988909363746643,0.9986921548843384,0.00019878149032592773,3.9788125
base,1,p360_244_mic2,p360,data\VCTK\wav48_silence_trimmed\p360\p360_244_mic2.flac,p345,0,1,0.9956201314926147,0.9908686876296997,0.9956201314926147,-0.004751443862915039,3.9788125
base,2,p360_244_mic2,p360,data\VCTK\wav48_silence_trimmed\p360\p360_244_mic2.flac,p301,0,1,0.9974603652954102,0.994913637638092,0.9974603652954102,-0.0025467276573181152,3.9788125
base,3,p360_244_mic2,p360,data\VCTK\wav48_silence_trimmed\p360\p360_244_mic2.flac,p360,1,1,0.9970245361328125,0.9970245361328125,0.9966421723365784,0.00038236379623413086,3.9788125
lca,1,p360_244_mic2,p360,data\VCTK\wav48_silence_trimmed\p360\p360_244_mic2.flac,p345,0,1,0.9971603751182556,0.9924917221069336,0.9971603751182556,-0.0046686530113220215,3.9788125
lca,2,p360_244_mic2,p360,data\VCTK\wav48_silence_trimmed\p360\p360_244_mic2.flac,p271,0,1,0.9967623949050903,0.9957202076911926,0.9967623949050903,-0.001042187213897705,3.9788125
lca,3,p360_244_mic2,p360,data\VCTK\wav48_silence_trimmed\p360\p360_244_mic2.flac,p271,0,1,0.9975539445877075,0.9973968267440796,0.9975539445877075,-0.0001571178436279297,3.9788125
original,0,p360_253_mic1,p360,data\VCTK\wav48_silence_trimmed\p360\p360_253_mic1.flac,p241,0,1,0.9980571866035461,0.9952887296676636,0.9980571866035461,-0.0027684569358825684,2.345375
base,1,p360_253_mic1,p360,data\VCTK\wav48_silence_trimmed\p360\p360_253_mic1.flac,p252,0,1,0.9939143657684326,0.9866167902946472,0.9939143657684326,-0.0072975754737854,2.345375
base,2,p360_253_mic1,p360,data\VCTK\wav48_silence_trimmed\p360\p360_253_mic1.flac,p345,0,1,0.997753918170929,0.9943220615386963,0.997753918170929,-0.003431856632232666,2.345375
base,3,p360_253_mic1,p360,data\VCTK\wav48_silence_trimmed\p360\p360_253_mic1.flac,p252,0,1,0.9976949691772461,0.9951182007789612,0.9976949691772461,-0.002576768398284912,2.345375
lca,1,p360_253_mic1,p360,data\VCTK\wav48_silence_trimmed\p360\p360_253_mic1.flac,p303,0,1,0.9924152493476868,0.9810919761657715,0.9924152493476868,-0.011323273181915283,2.345375
lca,2,p360_253_mic1,p360,data\VCTK\wav48_silence_trimmed\p360\p360_253_mic1.flac,p303,0,1,0.9954133033752441,0.9876230359077454,0.9954133033752441,-0.007790267467498779,2.345375
lca,3,p360_253_mic1,p360,data\VCTK\wav48_silence_trimmed\p360\p360_253_mic1.flac,p241,0,1,0.9968104958534241,0.9902644753456116,0.9968104958534241,-0.0065460205078125,2.345375
original,0,p360_315_mic1,p360,data\VCTK\wav48_silence_trimmed\p360\p360_315_mic1.flac,p360,1,1,0.9972675442695618,0.9972675442695618,0.9967008829116821,0.0005666613578796387,3.285125
base,1,p360_315_mic1,p360,data\VCTK\wav48_silence_trimmed\p360\p360_315_mic1.flac,p247,0,1,0.9960477352142334,0.9923827052116394,0.9960477352142334,-0.003665030002593994,3.285125
base,2,p360_315_mic1,p360,data\VCTK\wav48_silence_trimmed\p360\p360_315_mic1.flac,p271,0,1,0.9980485439300537,0.9966793060302734,0.9980485439300537,-0.0013692378997802734,3.285125
base,3,p360_315_mic1,p360,data\VCTK\wav48_silence_trimmed\p360\p360_315_mic1.flac,p274,0,1,0.9984127879142761,0.9978235363960266,0.9984127879142761,-0.0005892515182495117,3.285125
lca,1,p360_315_mic1,p360,data\VCTK\wav48_silence_trimmed\p360\p360_315_mic1.flac,p301,0,1,0.9947618842124939,0.9910256862640381,0.9947618842124939,-0.0037361979484558105,3.285125
lca,2,p360_315_mic1,p360,data\VCTK\wav48_silence_trimmed\p360\p360_315_mic1.flac,p259,0,1,0.9975202679634094,0.9956444501876831,0.9975202679634094,-0.0018758177757263184,3.285125
lca,3,p360_315_mic1,p360,data\VCTK\wav48_silence_trimmed\p360\p360_315_mic1.flac,p274,0,1,0.9976975321769714,0.9970108270645142,0.9976975321769714,-0.0006867051124572754,3.285125
original,0,p360_358_mic2,p360,data\VCTK\wav48_silence_trimmed\p360\p360_358_mic2.flac,p298,0,1,0.9978415369987488,0.9883779883384705,0.9978415369987488,-0.00946354866027832,2.8776875
base,1,p360_358_mic2,p360,data\VCTK\wav48_silence_trimmed\p360\p360_358_mic2.flac,p298,0,1,0.9966719746589661,0.9717026948928833,0.9966719746589661,-0.024969279766082764,2.8776875
base,2,p360_358_mic2,p360,data\VCTK\wav48_silence_trimmed\p360\p360_358_mic2.flac,p298,0,1,0.9980643391609192,0.9828178286552429,0.9980643391609192,-0.01524651050567627,2.8776875
base,3,p360_358_mic2,p360,data\VCTK\wav48_silence_trimmed\p360\p360_358_mic2.flac,p298,0,1,0.997847855091095,0.984710693359375,0.997847855091095,-0.01313716173171997,2.8776875
lca,1,p360_358_mic2,p360,data\VCTK\wav48_silence_trimmed\p360\p360_358_mic2.flac,p298,0,1,0.9979811310768127,0.982896089553833,0.9979811310768127,-0.015085041522979736,2.8776875
lca,2,p360_358_mic2,p360,data\VCTK\wav48_silence_trimmed\p360\p360_358_mic2.flac,p298,0,1,0.998124897480011,0.9854636788368225,0.998124897480011,-0.012661218643188477,2.8776875
lca,3,p360_358_mic2,p360,data\VCTK\wav48_silence_trimmed\p360\p360_358_mic2.flac,p298,0,1,0.9978169202804565,0.9870194792747498,0.9978169202804565,-0.010797441005706787,2.8776875
original,0,p361_035_mic2,p361,data\VCTK\wav48_silence_trimmed\p361\p361_035_mic2.flac,p238,0,1,0.9968170523643494,0.9962643384933472,0.9968170523643494,-0.0005527138710021973,2.859625
base,1,p361_035_mic2,p361,data\VCTK\wav48_silence_trimmed\p361\p361_035_mic2.flac,p268,0,1,0.9944994449615479,0.9885298609733582,0.9944994449615479,-0.005969583988189697,2.859625
base,2,p361_035_mic2,p361,data\VCTK\wav48_silence_trimmed\p361\p361_035_mic2.flac,p238,0,1,0.9972485899925232,0.993363082408905,0.9972485899925232,-0.003885507583618164,2.859625
base,3,p361_035_mic2,p361,data\VCTK\wav48_silence_trimmed\p361\p361_035_mic2.flac,p238,0,1,0.9975466132164001,0.9945826530456543,0.9975466132164001,-0.0029639601707458496,2.859625
lca,1,p361_035_mic2,p361,data\VCTK\wav48_silence_trimmed\p361\p361_035_mic2.flac,p238,0,1,0.9965421557426453,0.9935203790664673,0.9965421557426453,-0.0030217766761779785,2.859625
lca,2,p361_035_mic2,p361,data\VCTK\wav48_silence_trimmed\p361\p361_035_mic2.flac,p238,0,1,0.9970757961273193,0.9938717484474182,0.9970757961273193,-0.003204047679901123,2.859625
lca,3,p361_035_mic2,p361,data\VCTK\wav48_silence_trimmed\p361\p361_035_mic2.flac,p238,0,1,0.997192919254303,0.9939026832580566,0.997192919254303,-0.003290235996246338,2.859625
original,0,p361_078_mic1,p361,data\VCTK\wav48_silence_trimmed\p361\p361_078_mic1.flac,p238,0,1,0.9954874515533447,0.995193362236023,0.9954874515533447,-0.00029408931732177734,2.199125
base,1,p361_078_mic1,p361,data\VCTK\wav48_silence_trimmed\p361\p361_078_mic1.flac,p303,0,1,0.9945409297943115,0.9910435080528259,0.9945409297943115,-0.0034974217414855957,2.199125
base,2,p361_078_mic1,p361,data\VCTK\wav48_silence_trimmed\p361\p361_078_mic1.flac,p283,0,1,0.9955819845199585,0.9927046895027161,0.9955819845199585,-0.0028772950172424316,2.199125
base,3,p361_078_mic1,p361,data\VCTK\wav48_silence_trimmed\p361\p361_078_mic1.flac,p298,0,1,0.9953489303588867,0.994627833366394,0.9953489303588867,-0.0007210969924926758,2.199125
lca,1,p361_078_mic1,p361,data\VCTK\wav48_silence_trimmed\p361\p361_078_mic1.flac,p303,0,1,0.9924527406692505,0.9871163964271545,0.9924527406692505,-0.005336344242095947,2.199125
lca,2,p361_078_mic1,p361,data\VCTK\wav48_silence_trimmed\p361\p361_078_mic1.flac,p303,0,1,0.992735743522644,0.9907079339027405,0.992735743522644,-0.0020278096199035645,2.199125
lca,3,p361_078_mic1,p361,data\VCTK\wav48_silence_trimmed\p361\p361_078_mic1.flac,p238,0,1,0.993868887424469,0.9914484620094299,0.993868887424469,-0.0024204254150390625,2.199125
original,0,p361_213_mic2,p361,data\VCTK\wav48_silence_trimmed\p361\p361_213_mic2.flac,p361,1,1,0.9986850023269653,0.9986850023269653,0.9968307018280029,0.0018543004989624023,2.9875625
base,1,p361_213_mic2,p361,data\VCTK\wav48_silence_trimmed\p361\p361_213_mic2.flac,p303,0,1,0.9969605803489685,0.9935050010681152,0.9969605803489685,-0.0034555792808532715,2.9875625
base,2,p361_213_mic2,p361,data\VCTK\wav48_silence_trimmed\p361\p361_213_mic2.flac,p303,0,1,0.9981465935707092,0.9965777397155762,0.9981465935707092,-0.0015688538551330566,2.9875625
base,3,p361_213_mic2,p361,data\VCTK\wav48_silence_trimmed\p361\p361_213_mic2.flac,p303,0,1,0.9984102845191956,0.9973023533821106,0.9984102845191956,-0.001107931137084961,2.9875625
lca,1,p361_213_mic2,p361,data\VCTK\wav48_silence_trimmed\p361\p361_213_mic2.flac,p303,0,1,0.9972419738769531,0.9953445792198181,0.9972419738769531,-0.0018973946571350098,2.9875625
lca,2,p361_213_mic2,p361,data\VCTK\wav48_silence_trimmed\p361\p361_213_mic2.flac,p298,0,1,0.9968051910400391,0.9966642260551453,0.9968051910400391,-0.00014096498489379883,2.9875625
lca,3,p361_213_mic2,p361,data\VCTK\wav48_silence_trimmed\p361\p361_213_mic2.flac,p361,1,1,0.9974871873855591,0.9974871873855591,0.9968947172164917,0.0005924701690673828,2.9875625
original,0,p361_275_mic2,p361,data\VCTK\wav48_silence_trimmed\p361\p361_275_mic2.flac,p225,0,1,0.9969961047172546,0.9842358827590942,0.9969961047172546,-0.0127602219581604,2.819
base,1,p361_275_mic2,p361,data\VCTK\wav48_silence_trimmed\p361\p361_275_mic2.flac,p239,0,1,0.9957634806632996,0.9822611808776855,0.9957634806632996,-0.013502299785614014,2.819
base,2,p361_275_mic2,p361,data\VCTK\wav48_silence_trimmed\p361\p361_275_mic2.flac,p253,0,1,0.9962714910507202,0.9879137873649597,0.9962714910507202,-0.008357703685760498,2.819
base,3,p361_275_mic2,p361,data\VCTK\wav48_silence_trimmed\p361\p361_275_mic2.flac,p297,0,1,0.9961174130439758,0.9835709929466248,0.9961174130439758,-0.012546420097351074,2.819
lca,1,p361_275_mic2,p361,data\VCTK\wav48_silence_trimmed\p361\p361_275_mic2.flac,p297,0,1,0.9966699481010437,0.981533944606781,0.9966699481010437,-0.015136003494262695,2.819
lca,2,p361_275_mic2,p361,data\VCTK\wav48_silence_trimmed\p361\p361_275_mic2.flac,p297,0,1,0.9955105781555176,0.9768123626708984,0.9955105781555176,-0.01869821548461914,2.819
lca,3,p361_275_mic2,p361,data\VCTK\wav48_silence_trimmed\p361\p361_275_mic2.flac,p335,0,1,0.9949660301208496,0.9745131731033325,0.9949660301208496,-0.02045285701751709,2.819
original,0,p361_343_mic2,p361,data\VCTK\wav48_silence_trimmed\p361\p361_343_mic2.flac,p361,1,1,0.9965438842773438,0.9965438842773438,0.9939672946929932,0.002576589584350586,1.883375
base,1,p361_343_mic2,p361,data\VCTK\wav48_silence_trimmed\p361\p361_343_mic2.flac,p303,0,1,0.9968848824501038,0.9933515191078186,0.9968848824501038,-0.0035333633422851562,1.883375
base,2,p361_343_mic2,p361,data\VCTK\wav48_silence_trimmed\p361\p361_343_mic2.flac,p303,0,1,0.9966867566108704,0.9959514141082764,0.9966867566108704,-0.0007353425025939941,1.883375
base,3,p361_343_mic2,p361,data\VCTK\wav48_silence_trimmed\p361\p361_343_mic2.flac,p361,1,1,0.9965179562568665,0.9965179562568665,0.9962842464447021,0.00023370981216430664,1.883375
lca,1,p361_343_mic2,p361,data\VCTK\wav48_silence_trimmed\p361\p361_343_mic2.flac,p302,0,1,0.995195746421814,0.9945189952850342,0.995195746421814,-0.0006767511367797852,1.883375
lca,2,p361_343_mic2,p361,data\VCTK\wav48_silence_trimmed\p361\p361_343_mic2.flac,p361,1,1,0.9961875081062317,0.9961875081062317,0.9947952032089233,0.0013923048973083496,1.883375
lca,3,p361_343_mic2,p361,data\VCTK\wav48_silence_trimmed\p361\p361_343_mic2.flac,p361,1,1,0.9959779381752014,0.9959779381752014,0.9940994381904602,0.001878499984741211,1.883375
original,0,p362_009_mic2,p362,data\VCTK\wav48_silence_trimmed\p362\p362_009_mic2.flac,p293,0,1,0.9978792071342468,0.9912346601486206,0.9978792071342468,-0.006644546985626221,5.309375
base,1,p362_009_mic2,p362,data\VCTK\wav48_silence_trimmed\p362\p362_009_mic2.flac,p312,0,1,0.9927301406860352,0.9808758497238159,0.9927301406860352,-0.011854290962219238,5.309375
base,2,p362_009_mic2,p362,data\VCTK\wav48_silence_trimmed\p362\p362_009_mic2.flac,p293,0,1,0.9959763884544373,0.9892135858535767,0.9959763884544373,-0.006762802600860596,5.309375
base,3,p362_009_mic2,p362,data\VCTK\wav48_silence_trimmed\p362\p362_009_mic2.flac,p293,0,1,0.9977506995201111,0.9905767440795898,0.9977506995201111,-0.00717395544052124,5.309375
lca,1,p362_009_mic2,p362,data\VCTK\wav48_silence_trimmed\p362\p362_009_mic2.flac,p225,0,1,0.9943470358848572,0.9857162833213806,0.9943470358848572,-0.008630752563476562,5.309375
lca,2,p362_009_mic2,p362,data\VCTK\wav48_silence_trimmed\p362\p362_009_mic2.flac,p225,0,1,0.9963040947914124,0.9890413880348206,0.9963040947914124,-0.007262706756591797,5.309375
lca,3,p362_009_mic2,p362,data\VCTK\wav48_silence_trimmed\p362\p362_009_mic2.flac,p293,0,1,0.9969170093536377,0.9902421832084656,0.9969170093536377,-0.006674826145172119,5.309375
original,0,p362_097_mic2,p362,data\VCTK\wav48_silence_trimmed\p362\p362_097_mic2.flac,p361,0,1,0.9979321360588074,0.9710115194320679,0.9979321360588074,-0.026920616626739502,2.94625
base,1,p362_097_mic2,p362,data\VCTK\wav48_silence_trimmed\p362\p362_097_mic2.flac,p303,0,1,0.9956609606742859,0.9643742442131042,0.9956609606742859,-0.03128671646118164,2.94625
base,2,p362_097_mic2,p362,data\VCTK\wav48_silence_trimmed\p362\p362_097_mic2.flac,p303,0,1,0.9970604181289673,0.9703844785690308,0.9970604181289673,-0.026675939559936523,2.94625
base,3,p362_097_mic2,p362,data\VCTK\wav48_silence_trimmed\p362\p362_097_mic2.flac,p303,0,1,0.9967755675315857,0.9762949347496033,0.9967755675315857,-0.020480632781982422,2.94625
lca,1,p362_097_mic2,p362,data\VCTK\wav48_silence_trimmed\p362\p362_097_mic2.flac,p303,0,1,0.9961071014404297,0.9636271595954895,0.9961071014404297,-0.032479941844940186,2.94625
lca,2,p362_097_mic2,p362,data\VCTK\wav48_silence_trimmed\p362\p362_097_mic2.flac,p303,0,1,0.997519850730896,0.9664825201034546,0.997519850730896,-0.031037330627441406,2.94625
lca,3,p362_097_mic2,p362,data\VCTK\wav48_silence_trimmed\p362\p362_097_mic2.flac,p303,0,1,0.9976701736450195,0.9692716598510742,0.9976701736450195,-0.028398513793945312,2.94625
original,0,p362_098_mic2,p362,data\VCTK\wav48_silence_trimmed\p362\p362_098_mic2.flac,p298,0,1,0.998119592666626,0.9619235396385193,0.998119592666626,-0.03619605302810669,3.9696875
base,1,p362_098_mic2,p362,data\VCTK\wav48_silence_trimmed\p362\p362_098_mic2.flac,p303,0,1,0.9955258965492249,0.9580026268959045,0.9955258965492249,-0.03752326965332031,3.9696875
base,2,p362_098_mic2,p362,data\VCTK\wav48_silence_trimmed\p362\p362_098_mic2.flac,p298,0,1,0.9981330037117004,0.9689735174179077,0.9981330037117004,-0.029159486293792725,3.9696875
base,3,p362_098_mic2,p362,data\VCTK\wav48_silence_trimmed\p362\p362_098_mic2.flac,p298,0,1,0.9983195662498474,0.9683094024658203,0.9983195662498474,-0.0300101637840271,3.9696875
lca,1,p362_098_mic2,p362,data\VCTK\wav48_silence_trimmed\p362\p362_098_mic2.flac,p303,0,1,0.9964492917060852,0.9606672525405884,0.9964492917060852,-0.035782039165496826,3.9696875
lca,2,p362_098_mic2,p362,data\VCTK\wav48_silence_trimmed\p362\p362_098_mic2.flac,p298,0,1,0.9978223443031311,0.9609390497207642,0.9978223443031311,-0.03688329458236694,3.9696875
lca,3,p362_098_mic2,p362,data\VCTK\wav48_silence_trimmed\p362\p362_098_mic2.flac,p298,0,1,0.9981757998466492,0.961341142654419,0.9981757998466492,-0.036834657192230225,3.9696875
original,0,p362_125_mic1,p362,data\VCTK\wav48_silence_trimmed\p362\p362_125_mic1.flac,p362,1,1,0.9975347518920898,0.9975347518920898,0.995823860168457,0.0017108917236328125,2.433625
base,1,p362_125_mic1,p362,data\VCTK\wav48_silence_trimmed\p362\p362_125_mic1.flac,p239,0,1,0.9934893846511841,0.9717761278152466,0.9934893846511841,-0.0217132568359375,2.433625
base,2,p362_125_mic1,p362,data\VCTK\wav48_silence_trimmed\p362\p362_125_mic1.flac,p351,0,1,0.9977801442146301,0.9893433451652527,0.9977801442146301,-0.008436799049377441,2.433625
base,3,p362_125_mic1,p362,data\VCTK\wav48_silence_trimmed\p362\p362_125_mic1.flac,p262,0,1,0.9970084428787231,0.9923912286758423,0.9970084428787231,-0.004617214202880859,2.433625
lca,1,p362_125_mic1,p362,data\VCTK\wav48_silence_trimmed\p362\p362_125_mic1.flac,p239,0,1,0.9939918518066406,0.9716266393661499,0.9939918518066406,-0.022365212440490723,2.433625
lca,2,p362_125_mic1,p362,data\VCTK\wav48_silence_trimmed\p362\p362_125_mic1.flac,p239,0,1,0.99750816822052,0.9865721464157104,0.99750816822052,-0.01093602180480957,2.433625
lca,3,p362_125_mic1,p362,data\VCTK\wav48_silence_trimmed\p362\p362_125_mic1.flac,p262,0,1,0.9975478053092957,0.9904317855834961,0.9975478053092957,-0.0071160197257995605,2.433625
original,0,p362_337_mic1,p362,data\VCTK\wav48_silence_trimmed\p362\p362_337_mic1.flac,p228,0,1,0.9969589710235596,0.9908688068389893,0.9969589710235596,-0.0060901641845703125,2.7321875
base,1,p362_337_mic1,p362,data\VCTK\wav48_silence_trimmed\p362\p362_337_mic1.flac,p239,0,1,0.9947366714477539,0.9771143794059753,0.9947366714477539,-0.017622292041778564,2.7321875
base,2,p362_337_mic1,p362,data\VCTK\wav48_silence_trimmed\p362\p362_337_mic1.flac,p318,0,1,0.9982073307037354,0.9929424524307251,0.9982073307037354,-0.005264878273010254,2.7321875
base,3,p362_337_mic1,p362,data\VCTK\wav48_silence_trimmed\p362\p362_337_mic1.flac,p318,0,1,0.9977288246154785,0.9931864738464355,0.9977288246154785,-0.004542350769042969,2.7321875
lca,1,p362_337_mic1,p362,data\VCTK\wav48_silence_trimmed\p362\p362_337_mic1.flac,p303,0,1,0.9955669641494751,0.9742304682731628,0.9955669641494751,-0.021336495876312256,2.7321875
lca,2,p362_337_mic1,p362,data\VCTK\wav48_silence_trimmed\p362\p362_337_mic1.flac,p297,0,1,0.9972886443138123,0.9885450601577759,0.9972886443138123,-0.008743584156036377,2.7321875
lca,3,p362_337_mic1,p362,data\VCTK\wav48_silence_trimmed\p362\p362_337_mic1.flac,p262,0,1,0.998054027557373,0.991888701915741,0.998054027557373,-0.00616532564163208,2.7321875
original,0,p363_100_mic1,p363,data\VCTK\wav48_silence_trimmed\p363\p363_100_mic1.flac,p347,0,1,0.9964888095855713,0.994053304195404,0.9964888095855713,-0.0024355053901672363,3.231125
base,1,p363_100_mic1,p363,data\VCTK\wav48_silence_trimmed\p363\p363_100_mic1.flac,p278,0,1,0.9956628084182739,0.9867180585861206,0.9956628084182739,-0.00894474983215332,3.231125
base,2,p363_100_mic1,p363,data\VCTK\wav48_silence_trimmed\p363\p363_100_mic1.flac,p347,0,1,0.9977938532829285,0.9907532334327698,0.9977938532829285,-0.007040619850158691,3.231125
base,3,p363_100_mic1,p363,data\VCTK\wav48_silence_trimmed\p363\p363_100_mic1.flac,p347,0,1,0.9976084232330322,0.9926888346672058,0.9976084232330322,-0.004919588565826416,3.231125
lca,1,p363_100_mic1,p363,data\VCTK\wav48_silence_trimmed\p363\p363_100_mic1.flac,p334,0,1,0.9946296811103821,0.9839925169944763,0.9946296811103821,-0.010637164115905762,3.231125
lca,2,p363_100_mic1,p363,data\VCTK\wav48_silence_trimmed\p363\p363_100_mic1.flac,p347,0,1,0.9972935318946838,0.9908645153045654,0.9972935318946838,-0.006429016590118408,3.231125
lca,3,p363_100_mic1,p363,data\VCTK\wav48_silence_trimmed\p363\p363_100_mic1.flac,p347,0,1,0.9967283010482788,0.9850472807884216,0.9967283010482788,-0.011681020259857178,3.231125
original,0,p363_167_mic1,p363,data\VCTK\wav48_silence_trimmed\p363\p363_167_mic1.flac,p374,0,1,0.9972256422042847,0.9969930648803711,0.9972256422042847,-0.00023257732391357422,2.180625
base,1,p363_167_mic1,p363,data\VCTK\wav48_silence_trimmed\p363\p363_167_mic1.flac,p303,0,1,0.9965766668319702,0.9871545433998108,0.9965766668319702,-0.009422123432159424,2.180625
base,2,p363_167_mic1,p363,data\VCTK\wav48_silence_trimmed\p363\p363_167_mic1.flac,p345,0,1,0.998462438583374,0.9956451058387756,0.998462438583374,-0.0028173327445983887,2.180625
base,3,p363_167_mic1,p363,data\VCTK\wav48_silence_trimmed\p363\p363_167_mic1.flac,p345,0,1,0.9975190758705139,0.9958664774894714,0.9975190758705139,-0.0016525983810424805,2.180625
lca,1,p363_167_mic1,p363,data\VCTK\wav48_silence_trimmed\p363\p363_167_mic1.flac,p298,0,1,0.9957665801048279,0.9824427366256714,0.9957665801048279,-0.013323843479156494,2.180625
lca,2,p363_167_mic1,p363,data\VCTK\wav48_silence_trimmed\p363\p363_167_mic1.flac,p345,0,1,0.99844890832901,0.9932147860527039,0.99844890832901,-0.005234122276306152,2.180625
lca,3,p363_167_mic1,p363,data\VCTK\wav48_silence_trimmed\p363\p363_167_mic1.flac,p345,0,1,0.9981774091720581,0.994175374507904,0.9981774091720581,-0.004002034664154053,2.180625
original,0,p363_167_mic2,p363,data\VCTK\wav48_silence_trimmed\p363\p363_167_mic2.flac,p308,0,1,0.997429370880127,0.9944077730178833,0.997429370880127,-0.0030215978622436523,2.180625
base,1,p363_167_mic2,p363,data\VCTK\wav48_silence_trimmed\p363\p363_167_mic2.flac,p303,0,1,0.9964967966079712,0.9862476587295532,0.9964967966079712,-0.010249137878417969,2.180625
base,2,p363_167_mic2,p363,data\VCTK\wav48_silence_trimmed\p363\p363_167_mic2.flac,p345,0,1,0.9976918697357178,0.9926611185073853,0.9976918697357178,-0.0050307512283325195,2.180625
base,3,p363_167_mic2,p363,data\VCTK\wav48_silence_trimmed\p363\p363_167_mic2.flac,p345,0,1,0.9973275065422058,0.9930419921875,0.9973275065422058,-0.0042855143547058105,2.180625
lca,1,p363_167_mic2,p363,data\VCTK\wav48_silence_trimmed\p363\p363_167_mic2.flac,p298,0,1,0.9969429969787598,0.989037036895752,0.9969429969787598,-0.007905960083007812,2.180625
lca,2,p363_167_mic2,p363,data\VCTK\wav48_silence_trimmed\p363\p363_167_mic2.flac,p345,0,1,0.9967502951622009,0.9908698797225952,0.9967502951622009,-0.005880415439605713,2.180625
lca,3,p363_167_mic2,p363,data\VCTK\wav48_silence_trimmed\p363\p363_167_mic2.flac,p345,0,1,0.9969770908355713,0.9927666783332825,0.9969770908355713,-0.004210412502288818,2.180625
original,0,p363_294_mic1,p363,data\VCTK\wav48_silence_trimmed\p363\p363_294_mic1.flac,p272,0,1,0.9953382611274719,0.9847714900970459,0.9953382611274719,-0.010566771030426025,2.7760625
base,1,p363_294_mic1,p363,data\VCTK\wav48_silence_trimmed\p363\p363_294_mic1.flac,p278,0,1,0.9958508014678955,0.9862071871757507,0.9958508014678955,-0.009643614292144775,2.7760625
base,2,p363_294_mic1,p363,data\VCTK\wav48_silence_trimmed\p363\p363_294_mic1.flac,p292,0,1,0.9969351291656494,0.9849178194999695,0.9969351291656494,-0.012017309665679932,2.7760625
base,3,p363_294_mic1,p363,data\VCTK\wav48_silence_trimmed\p363\p363_294_mic1.flac,p347,0,1,0.9967988729476929,0.987137496471405,0.9967988729476929,-0.009661376476287842,2.7760625
lca,1,p363_294_mic1,p363,data\VCTK\wav48_silence_trimmed\p363\p363_294_mic1.flac,p256,0,1,0.9948346018791199,0.9854846596717834,0.9948346018791199,-0.009349942207336426,2.7760625
lca,2,p363_294_mic1,p363,data\VCTK\wav48_silence_trimmed\p363\p363_294_mic1.flac,p237,0,1,0.9968435168266296,0.9907000064849854,0.9968435168266296,-0.006143510341644287,2.7760625
lca,3,p363_294_mic1,p363,data\VCTK\wav48_silence_trimmed\p363\p363_294_mic1.flac,p347,0,1,0.9968001842498779,0.9887750148773193,0.9968001842498779,-0.008025169372558594,2.7760625
original,0,p363_413_mic2,p363,data\VCTK\wav48_silence_trimmed\p363\p363_413_mic2.flac,p345,0,1,0.997230589389801,0.9949458837509155,0.997230589389801,-0.002284705638885498,2.1370625
base,1,p363_413_mic2,p363,data\VCTK\wav48_silence_trimmed\p363\p363_413_mic2.flac,p345,0,1,0.9956303238868713,0.9868640303611755,0.9956303238868713,-0.0087662935256958,2.1370625
base,2,p363_413_mic2,p363,data\VCTK\wav48_silence_trimmed\p363\p363_413_mic2.flac,p345,0,1,0.9965736865997314,0.9911619424819946,0.9965736865997314,-0.005411744117736816,2.1370625
base,3,p363_413_mic2,p363,data\VCTK\wav48_silence_trimmed\p363\p363_413_mic2.flac,p345,0,1,0.9970254898071289,0.9931854605674744,0.9970254898071289,-0.003840029239654541,2.1370625
lca,1,p363_413_mic2,p363,data\VCTK\wav48_silence_trimmed\p363\p363_413_mic2.flac,p345,0,1,0.9966316819190979,0.9916181564331055,0.9966316819190979,-0.005013525485992432,2.1370625
lca,2,p363_413_mic2,p363,data\VCTK\wav48_silence_trimmed\p363\p363_413_mic2.flac,p345,0,1,0.9970494508743286,0.9922147393226624,0.9970494508743286,-0.00483471155166626,2.1370625
lca,3,p363_413_mic2,p363,data\VCTK\wav48_silence_trimmed\p363\p363_413_mic2.flac,p345,0,1,0.9969969987869263,0.9929262399673462,0.9969969987869263,-0.004070758819580078,2.1370625
original,0,p364_017_mic2,p364,data\VCTK\wav48_silence_trimmed\p364\p364_017_mic2.flac,p364,1,1,0.9992409348487854,0.9992409348487854,0.9941145181655884,0.0051264166831970215,4.34375
base,1,p364_017_mic2,p364,data\VCTK\wav48_silence_trimmed\p364\p364_017_mic2.flac,p278,0,1,0.9960945844650269,0.9877995848655701,0.9960945844650269,-0.008294999599456787,4.34375
base,2,p364_017_mic2,p364,data\VCTK\wav48_silence_trimmed\p364\p364_017_mic2.flac,p278,0,1,0.9962973594665527,0.9891416430473328,0.9962973594665527,-0.007155716419219971,4.34375
base,3,p364_017_mic2,p364,data\VCTK\wav48_silence_trimmed\p364\p364_017_mic2.flac,p273,0,1,0.9956122636795044,0.9943901896476746,0.9956122636795044,-0.001222074031829834,4.34375
lca,1,p364_017_mic2,p364,data\VCTK\wav48_silence_trimmed\p364\p364_017_mic2.flac,p278,0,1,0.9947179555892944,0.9912360906600952,0.9947179555892944,-0.0034818649291992188,4.34375
lca,2,p364_017_mic2,p364,data\VCTK\wav48_silence_trimmed\p364\p364_017_mic2.flac,p270,0,1,0.9963567852973938,0.9952892661094666,0.9963567852973938,-0.001067519187927246,4.34375
lca,3,p364_017_mic2,p364,data\VCTK\wav48_silence_trimmed\p364\p364_017_mic2.flac,p270,0,1,0.9967849850654602,0.9962503910064697,0.9967849850654602,-0.0005345940589904785,4.34375
original,0,p364_018_mic2,p364,data\VCTK\wav48_silence_trimmed\p364\p364_018_mic2.flac,p364,1,1,0.9974430799484253,0.9974430799484253,0.9932672381401062,0.004175841808319092,6.614875
base,1,p364_018_mic2,p364,data\VCTK\wav48_silence_trimmed\p364\p364_018_mic2.flac,p278,0,1,0.9963958859443665,0.9876635074615479,0.9963958859443665,-0.008732378482818604,6.614875
base,2,p364_018_mic2,p364,data\VCTK\wav48_silence_trimmed\p364\p364_018_mic2.flac,p273,0,1,0.9952501058578491,0.9932999610900879,0.9952501058578491,-0.0019501447677612305,6.614875
base,3,p364_018_mic2,p364,data\VCTK\wav48_silence_trimmed\p364\p364_018_mic2.flac,p364,1,1,0.9956731796264648,0.9956731796264648,0.9947158098220825,0.0009573698043823242,6.614875
lca,1,p364_018_mic2,p364,data\VCTK\wav48_silence_trimmed\p364\p364_018_mic2.flac,p273,0,1,0.9932659864425659,0.9910539984703064,0.9932659864425659,-0.0022119879722595215,6.614875
lca,2,p364_018_mic2,p364,data\VCTK\wav48_silence_trimmed\p364\p364_018_mic2.flac,p270,0,1,0.9937770962715149,0.9925429821014404,0.9937770962715149,-0.0012341141700744629,6.614875
lca,3,p364_018_mic2,p364,data\VCTK\wav48_silence_trimmed\p364\p364_018_mic2.flac,p270,0,1,0.9952038526535034,0.9940750598907471,0.9952038526535034,-0.0011287927627563477,6.614875
original,0,p364_097_mic1,p364,data\VCTK\wav48_silence_trimmed\p364\p364_097_mic1.flac,p272,0,1,0.9919856786727905,0.9887595772743225,0.9919856786727905,-0.0032261013984680176,3.0365625
base,1,p364_097_mic1,p364,data\VCTK\wav48_silence_trimmed\p364\p364_097_mic1.flac,p255,0,1,0.9950921535491943,0.9783157706260681,0.9950921535491943,-0.01677638292312622,3.0365625
base,2,p364_097_mic1,p364,data\VCTK\wav48_silence_trimmed\p364\p364_097_mic1.flac,p292,0,1,0.9975454807281494,0.9888035655021667,0.9975454807281494,-0.008741915225982666,3.0365625
base,3,p364_097_mic1,p364,data\VCTK\wav48_silence_trimmed\p364\p364_097_mic1.flac,p292,0,1,0.9972882866859436,0.9882591962814331,0.9972882866859436,-0.009029090404510498,3.0365625
lca,1,p364_097_mic1,p364,data\VCTK\wav48_silence_trimmed\p364\p364_097_mic1.flac,p259,0,1,0.994584321975708,0.9708551168441772,0.994584321975708,-0.02372920513153076,3.0365625
lca,2,p364_097_mic1,p364,data\VCTK\wav48_silence_trimmed\p364\p364_097_mic1.flac,p255,0,1,0.9961638450622559,0.9810220003128052,0.9961638450622559,-0.015141844749450684,3.0365625
lca,3,p364_097_mic1,p364,data\VCTK\wav48_silence_trimmed\p364\p364_097_mic1.flac,p292,0,1,0.996705174446106,0.9861723184585571,0.996705174446106,-0.010532855987548828,3.0365625
original,0,p364_251_mic1,p364,data\VCTK\wav48_silence_trimmed\p364\p364_251_mic1.flac,p292,0,1,0.9958387017250061,0.9870091080665588,0.9958387017250061,-0.008829593658447266,2.5448125
base,1,p364_251_mic1,p364,data\VCTK\wav48_silence_trimmed\p364\p364_251_mic1.flac,p239,0,1,0.9944061040878296,0.9741038084030151,0.9944061040878296,-0.020302295684814453,2.5448125
base,2,p364_251_mic1,p364,data\VCTK\wav48_silence_trimmed\p364\p364_251_mic1.flac,p292,0,1,0.9981018304824829,0.9849327802658081,0.9981018304824829,-0.013169050216674805,2.5448125
base,3,p364_251_mic1,p364,data\VCTK\wav48_silence_trimmed\p364\p364_251_mic1.flac,p292,0,1,0.996829628944397,0.9851422309875488,0.996829628944397,-0.011687397956848145,2.5448125
lca,1,p364_251_mic1,p364,data\VCTK\wav48_silence_trimmed\p364\p364_251_mic1.flac,p259,0,1,0.9948853850364685,0.9765107035636902,0.9948853850364685,-0.01837468147277832,2.5448125
lca,2,p364_251_mic1,p364,data\VCTK\wav48_silence_trimmed\p364\p364_251_mic1.flac,p256,0,1,0.9970672130584717,0.9816530346870422,0.9970672130584717,-0.015414178371429443,2.5448125
lca,3,p364_251_mic1,p364,data\VCTK\wav48_silence_trimmed\p364\p364_251_mic1.flac,p237,0,1,0.9970578551292419,0.983880341053009,0.9970578551292419,-0.01317751407623291,2.5448125
original,0,p364_254_mic1,p364,data\VCTK\wav48_silence_trimmed\p364\p364_254_mic1.flac,p374,0,1,0.9939227104187012,0.9834407567977905,0.9939227104187012,-0.010481953620910645,1.881875
base,1,p364_254_mic1,p364,data\VCTK\wav48_silence_trimmed\p364\p364_254_mic1.flac,p278,0,1,0.996939480304718,0.9827159643173218,0.996939480304718,-0.01422351598739624,1.881875
base,2,p364_254_mic1,p364,data\VCTK\wav48_silence_trimmed\p364\p364_254_mic1.flac,p281,0,1,0.9959688782691956,0.9877927303314209,0.9959688782691956,-0.008176147937774658,1.881875
base,3,p364_254_mic1,p364,data\VCTK\wav48_silence_trimmed\p364\p364_254_mic1.flac,p374,0,1,0.9956880807876587,0.9835847020149231,0.9956880807876587,-0.012103378772735596,1.881875
lca,1,p364_254_mic1,p364,data\VCTK\wav48_silence_trimmed\p364\p364_254_mic1.flac,p278,0,1,0.9967405796051025,0.9783285856246948,0.9967405796051025,-0.018411993980407715,1.881875
lca,2,p364_254_mic1,p364,data\VCTK\wav48_silence_trimmed\p364\p364_254_mic1.flac,p374,0,1,0.9967141151428223,0.9786385297775269,0.9967141151428223,-0.01807558536529541,1.881875
lca,3,p364_254_mic1,p364,data\VCTK\wav48_silence_trimmed\p364\p364_254_mic1.flac,p374,0,1,0.9969257712364197,0.9768351912498474,0.9969257712364197,-0.020090579986572266,1.881875
original,0,p374_046_mic1,p374,data\VCTK\wav48_silence_trimmed\p374\p374_046_mic1.flac,p374,1,1,0.9970459938049316,0.9970459938049316,0.9957627058029175,0.0012832880020141602,2.980875
base,1,p374_046_mic1,p374,data\VCTK\wav48_silence_trimmed\p374\p374_046_mic1.flac,p303,0,1,0.9947720766067505,0.9846382141113281,0.9947720766067505,-0.010133862495422363,2.980875
base,2,p374_046_mic1,p374,data\VCTK\wav48_silence_trimmed\p374\p374_046_mic1.flac,p302,0,1,0.9978274703025818,0.9936338067054749,0.9978274703025818,-0.004193663597106934,2.980875
base,3,p374_046_mic1,p374,data\VCTK\wav48_silence_trimmed\p374\p374_046_mic1.flac,p302,0,1,0.997397243976593,0.9944706559181213,0.997397243976593,-0.0029265880584716797,2.980875
lca,1,p374_046_mic1,p374,data\VCTK\wav48_silence_trimmed\p374\p374_046_mic1.flac,p303,0,1,0.9945303201675415,0.9778925776481628,0.9945303201675415,-0.016637742519378662,2.980875
lca,2,p374_046_mic1,p374,data\VCTK\wav48_silence_trimmed\p374\p374_046_mic1.flac,p302,0,1,0.9966088533401489,0.9906550049781799,0.9966088533401489,-0.005953848361968994,2.980875
lca,3,p374_046_mic1,p374,data\VCTK\wav48_silence_trimmed\p374\p374_046_mic1.flac,p302,0,1,0.9966858625411987,0.9921129941940308,0.9966858625411987,-0.004572868347167969,2.980875
original,0,p374_153_mic2,p374,data\VCTK\wav48_silence_trimmed\p374\p374_153_mic2.flac,p271,0,1,0.9981023669242859,0.9973455667495728,0.9981023669242859,-0.0007568001747131348,2.6906875
base,1,p374_153_mic2,p374,data\VCTK\wav48_silence_trimmed\p374\p374_153_mic2.flac,p278,0,1,0.9949162006378174,0.9865865707397461,0.9949162006378174,-0.008329629898071289,2.6906875
base,2,p374_153_mic2,p374,data\VCTK\wav48_silence_trimmed\p374\p374_153_mic2.flac,p278,0,1,0.9981350898742676,0.9939121007919312,0.9981350898742676,-0.004222989082336426,2.6906875
base,3,p374_153_mic2,p374,data\VCTK\wav48_silence_trimmed\p374\p374_153_mic2.flac,p278,0,1,0.9978786706924438,0.9953868985176086,0.9978786706924438,-0.002491772174835205,2.6906875
lca,1,p374_153_mic2,p374,data\VCTK\wav48_silence_trimmed\p374\p374_153_mic2.flac,p278,0,1,0.9963276386260986,0.9904888868331909,0.9963276386260986,-0.005838751792907715,2.6906875
lca,2,p374_153_mic2,p374,data\VCTK\wav48_silence_trimmed\p374\p374_153_mic2.flac,p258,0,1,0.997534990310669,0.9937263131141663,0.997534990310669,-0.0038086771965026855,2.6906875
lca,3,p374_153_mic2,p374,data\VCTK\wav48_silence_trimmed\p374\p374_153_mic2.flac,p258,0,1,0.9976219534873962,0.9950740933418274,0.9976219534873962,-0.0025478601455688477,2.6906875
original,0,p374_192_mic1,p374,data\VCTK\wav48_silence_trimmed\p374\p374_192_mic1.flac,p374,1,1,0.9958592653274536,0.9958592653274536,0.9931018352508545,0.002757430076599121,3.2440625
base,1,p374_192_mic1,p374,data\VCTK\wav48_silence_trimmed\p374\p374_192_mic1.flac,p302,0,1,0.9954334497451782,0.9894701242446899,0.9954334497451782,-0.005963325500488281,3.2440625
base,2,p374_192_mic1,p374,data\VCTK\wav48_silence_trimmed\p374\p374_192_mic1.flac,p374,1,1,0.9976177215576172,0.9976177215576172,0.9966239929199219,0.0009937286376953125,3.2440625
base,3,p374_192_mic1,p374,data\VCTK\wav48_silence_trimmed\p374\p374_192_mic1.flac,p374,1,1,0.9966675043106079,0.9966675043106079,0.9959884881973267,0.00067901611328125,3.2440625
lca,1,p374_192_mic1,p374,data\VCTK\wav48_silence_trimmed\p374\p374_192_mic1.flac,p258,0,1,0.9959129691123962,0.9904383420944214,0.9959129691123962,-0.0054746270179748535,3.2440625
lca,2,p374_192_mic1,p374,data\VCTK\wav48_silence_trimmed\p374\p374_192_mic1.flac,p258,0,1,0.9973638653755188,0.9957036972045898,0.9973638653755188,-0.001660168170928955,3.2440625
lca,3,p374_192_mic1,p374,data\VCTK\wav48_silence_trimmed\p374\p374_192_mic1.flac,p258,0,1,0.9967403411865234,0.9967310428619385,0.9967403411865234,-9.298324584960938e-06,3.2440625
original,0,p374_260_mic2,p374,data\VCTK\wav48_silence_trimmed\p374\p374_260_mic2.flac,p245,0,1,0.9956343770027161,0.9888525605201721,0.9956343770027161,-0.006781816482543945,2.563625
base,1,p374_260_mic2,p374,data\VCTK\wav48_silence_trimmed\p374\p374_260_mic2.flac,p247,0,1,0.994013786315918,0.9793037176132202,0.994013786315918,-0.014710068702697754,2.563625
base,2,p374_260_mic2,p374,data\VCTK\wav48_silence_trimmed\p374\p374_260_mic2.flac,p274,0,1,0.9954726696014404,0.9829356670379639,0.9954726696014404,-0.012537002563476562,2.563625
base,3,p374_260_mic2,p374,data\VCTK\wav48_silence_trimmed\p374\p374_260_mic2.flac,p274,0,1,0.9948335289955139,0.9846925735473633,0.9948335289955139,-0.010140955448150635,2.563625
lca,1,p374_260_mic2,p374,data\VCTK\wav48_silence_trimmed\p374\p374_260_mic2.flac,p247,0,1,0.9952567219734192,0.9827712178230286,0.9952567219734192,-0.012485504150390625,2.563625
lca,2,p374_260_mic2,p374,data\VCTK\wav48_silence_trimmed\p374\p374_260_mic2.flac,p243,0,1,0.9956073760986328,0.9855483174324036,0.9956073760986328,-0.010059058666229248,2.563625
lca,3,p374_260_mic2,p374,data\VCTK\wav48_silence_trimmed\p374\p374_260_mic2.flac,p274,0,1,0.9952493906021118,0.9818907380104065,0.9952493906021118,-0.013358652591705322,2.563625
original,0,p374_299_mic2,p374,data\VCTK\wav48_silence_trimmed\p374\p374_299_mic2.flac,p243,0,1,0.9979914426803589,0.993513822555542,0.9979914426803589,-0.0044776201248168945,2.9729375
base,1,p374_299_mic2,p374,data\VCTK\wav48_silence_trimmed\p374\p374_299_mic2.flac,p258,0,1,0.9942853450775146,0.9863160848617554,0.9942853450775146,-0.007969260215759277,2.9729375
base,2,p374_299_mic2,p374,data\VCTK\wav48_silence_trimmed\p374\p374_299_mic2.flac,p243,0,1,0.9983989000320435,0.9918057322502136,0.9983989000320435,-0.006593167781829834,2.9729375
base,3,p374_299_mic2,p374,data\VCTK\wav48_silence_trimmed\p374\p374_299_mic2.flac,p271,0,1,0.9977120161056519,0.9928898215293884,0.9977120161056519,-0.004822194576263428,2.9729375
lca,1,p374_299_mic2,p374,data\VCTK\wav48_silence_trimmed\p374\p374_299_mic2.flac,p345,0,1,0.9954128861427307,0.9889679551124573,0.9954128861427307,-0.0064449310302734375,2.9729375
lca,2,p374_299_mic2,p374,data\VCTK\wav48_silence_trimmed\p374\p374_299_mic2.flac,p243,0,1,0.9969860911369324,0.9908921718597412,0.9969860911369324,-0.006093919277191162,2.9729375
lca,3,p374_299_mic2,p374,data\VCTK\wav48_silence_trimmed\p374\p374_299_mic2.flac,p243,0,1,0.9977725744247437,0.9922568202018738,0.9977725744247437,-0.005515754222869873,2.9729375
original,0,p376_140_mic1,p376,data\VCTK\wav48_silence_trimmed\p376\p376_140_mic1.flac,p374,0,1,0.9937705397605896,0.9929020404815674,0.9937705397605896,-0.0008684992790222168,2.4873125
base,1,p376_140_mic1,p376,data\VCTK\wav48_silence_trimmed\p376\p376_140_mic1.flac,p345,0,1,0.9946053624153137,0.9885982275009155,0.9946053624153137,-0.006007134914398193,2.4873125
base,2,p376_140_mic1,p376,data\VCTK\wav48_silence_trimmed\p376\p376_140_mic1.flac,p374,0,1,0.9963811635971069,0.9954605102539062,0.9963811635971069,-0.0009206533432006836,2.4873125
base,3,p376_140_mic1,p376,data\VCTK\wav48_silence_trimmed\p376\p376_140_mic1.flac,p237,0,1,0.9954220056533813,0.9943833351135254,0.9954220056533813,-0.001038670539855957,2.4873125
lca,1,p376_140_mic1,p376,data\VCTK\wav48_silence_trimmed\p376\p376_140_mic1.flac,p345,0,1,0.9964344501495361,0.9914171099662781,0.9964344501495361,-0.005017340183258057,2.4873125
lca,2,p376_140_mic1,p376,data\VCTK\wav48_silence_trimmed\p376\p376_140_mic1.flac,p258,0,1,0.996907651424408,0.9957125782966614,0.996907651424408,-0.001195073127746582,2.4873125
lca,3,p376_140_mic1,p376,data\VCTK\wav48_silence_trimmed\p376\p376_140_mic1.flac,p237,0,1,0.9956355094909668,0.9939447641372681,0.9956355094909668,-0.0016907453536987305,2.4873125
original,0,p376_174_mic1,p376,data\VCTK\wav48_silence_trimmed\p376\p376_174_mic1.flac,p363,0,1,0.9981042146682739,0.9973894953727722,0.9981042146682739,-0.000714719295501709,2.183875
base,1,p376_174_mic1,p376,data\VCTK\wav48_silence_trimmed\p376\p376_174_mic1.flac,p303,0,1,0.996327817440033,0.9845467805862427,0.996327817440033,-0.011781036853790283,2.183875
base,2,p376_174_mic1,p376,data\VCTK\wav48_silence_trimmed\p376\p376_174_mic1.flac,p302,0,1,0.9981191754341125,0.9946557879447937,0.9981191754341125,-0.0034633874893188477,2.183875
base,3,p376_174_mic1,p376,data\VCTK\wav48_silence_trimmed\p376\p376_174_mic1.flac,p374,0,1,0.9971928596496582,0.9959651231765747,0.9971928596496582,-0.001227736473083496,2.183875
lca,1,p376_174_mic1,p376,data\VCTK\wav48_silence_trimmed\p376\p376_174_mic1.flac,p303,0,1,0.9962330460548401,0.9823231101036072,0.9962330460548401,-0.01390993595123291,2.183875
lca,2,p376_174_mic1,p376,data\VCTK\wav48_silence_trimmed\p376\p376_174_mic1.flac,p302,0,1,0.9982931017875671,0.9935177564620972,0.9982931017875671,-0.004775345325469971,2.183875
lca,3,p376_174_mic1,p376,data\VCTK\wav48_silence_trimmed\p376\p376_174_mic1.flac,p302,0,1,0.9978155493736267,0.9942520260810852,0.9978155493736267,-0.003563523292541504,2.183875
original,0,p376_190_mic2,p376,data\VCTK\wav48_silence_trimmed\p376\p376_190_mic2.flac,p376,1,1,0.9988500475883484,0.9988500475883484,0.9976614713668823,0.0011885762214660645,2.6323125
base,1,p376_190_mic2,p376,data\VCTK\wav48_silence_trimmed\p376\p376_190_mic2.flac,p302,0,1,0.9964262843132019,0.9891652464866638,0.9964262843132019,-0.007261037826538086,2.6323125
base,2,p376_190_mic2,p376,data\VCTK\wav48_silence_trimmed\p376\p376_190_mic2.flac,p302,0,1,0.9967333674430847,0.9950544238090515,0.9967333674430847,-0.0016789436340332031,2.6323125
base,3,p376_190_mic2,p376,data\VCTK\wav48_silence_trimmed\p376\p376_190_mic2.flac,p226,0,1,0.9973582029342651,0.9959188103675842,0.9973582029342651,-0.0014393925666809082,2.6323125
lca,1,p376_190_mic2,p376,data\VCTK\wav48_silence_trimmed\p376\p376_190_mic2.flac,p302,0,1,0.9952185153961182,0.9918127059936523,0.9952185153961182,-0.0034058094024658203,2.6323125
lca,2,p376_190_mic2,p376,data\VCTK\wav48_silence_trimmed\p376\p376_190_mic2.flac,p226,0,1,0.9972875118255615,0.9949501156806946,0.9972875118255615,-0.0023373961448669434,2.6323125
lca,3,p376_190_mic2,p376,data\VCTK\wav48_silence_trimmed\p376\p376_190_mic2.flac,p226,0,1,0.9977105855941772,0.9968268871307373,0.9977105855941772,-0.0008836984634399414,2.6323125
original,0,p376_216_mic1,p376,data\VCTK\wav48_silence_trimmed\p376\p376_216_mic1.flac,p376,1,1,0.9966437220573425,0.9966437220573425,0.9961690902709961,0.00047463178634643555,3.25175
base,1,p376_216_mic1,p376,data\VCTK\wav48_silence_trimmed\p376\p376_216_mic1.flac,p345,0,1,0.9958493113517761,0.9892634153366089,0.9958493113517761,-0.006585896015167236,3.25175
base,2,p376_216_mic1,p376,data\VCTK\wav48_silence_trimmed\p376\p376_216_mic1.flac,p345,0,1,0.9970160126686096,0.9957906603813171,0.9970160126686096,-0.0012253522872924805,3.25175
base,3,p376_216_mic1,p376,data\VCTK\wav48_silence_trimmed\p376\p376_216_mic1.flac,p345,0,1,0.9963245391845703,0.995540201663971,0.9963245391845703,-0.0007843375205993652,3.25175
lca,1,p376_216_mic1,p376,data\VCTK\wav48_silence_trimmed\p376\p376_216_mic1.flac,p303,0,1,0.995231568813324,0.9848332405090332,0.995231568813324,-0.010398328304290771,3.25175
lca,2,p376_216_mic1,p376,data\VCTK\wav48_silence_trimmed\p376\p376_216_mic1.flac,p345,0,1,0.996785581111908,0.9921510815620422,0.996785581111908,-0.004634499549865723,3.25175
lca,3,p376_216_mic1,p376,data\VCTK\wav48_silence_trimmed\p376\p376_216_mic1.flac,p345,0,1,0.9970396161079407,0.9940158128738403,0.9970396161079407,-0.003023803234100342,3.25175
original,0,p376_395_mic2,p376,data\VCTK\wav48_silence_trimmed\p376\p376_395_mic2.flac,p246,0,1,0.9974507689476013,0.9967500567436218,0.9974507689476013,-0.0007007122039794922,2.6025
base,1,p376_395_mic2,p376,data\VCTK\wav48_silence_trimmed\p376\p376_395_mic2.flac,p302,0,1,0.9954964518547058,0.9876710772514343,0.9954964518547058,-0.007825374603271484,2.6025
base,2,p376_395_mic2,p376,data\VCTK\wav48_silence_trimmed\p376\p376_395_mic2.flac,p345,0,1,0.9978449940681458,0.9953697919845581,0.9978449940681458,-0.0024752020835876465,2.6025
base,3,p376_395_mic2,p376,data\VCTK\wav48_silence_trimmed\p376\p376_395_mic2.flac,p345,0,1,0.9972317218780518,0.9962213039398193,0.9972317218780518,-0.0010104179382324219,2.6025
lca,1,p376_395_mic2,p376,data\VCTK\wav48_silence_trimmed\p376\p376_395_mic2.flac,p345,0,1,0.9964014291763306,0.9942171573638916,0.9964014291763306,-0.002184271812438965,2.6025
lca,2,p376_395_mic2,p376,data\VCTK\wav48_silence_trimmed\p376\p376_395_mic2.flac,p345,0,1,0.997062087059021,0.9966150522232056,0.997062087059021,-0.0004470348358154297,2.6025
lca,3,p376_395_mic2,p376,data\VCTK\wav48_silence_trimmed\p376\p376_395_mic2.flac,p376,1,1,0.9969865083694458,0.9969865083694458,0.9968539476394653,0.00013256072998046875,2.6025
original,0,s5_053_mic1,s5,data\VCTK\wav48_silence_trimmed\s5\s5_053_mic1.flac,p280,0,1,0.9981980919837952,0.9962348937988281,0.9981980919837952,-0.001963198184967041,3.972625
base,1,s5_053_mic1,s5,data\VCTK\wav48_silence_trimmed\s5\s5_053_mic1.flac,p297,0,1,0.9936548471450806,0.9899124503135681,0.9936548471450806,-0.003742396831512451,3.972625
base,2,s5_053_mic1,s5,data\VCTK\wav48_silence_trimmed\s5\s5_053_mic1.flac,p297,0,1,0.9981590509414673,0.9951671957969666,0.9981590509414673,-0.0029918551445007324,3.972625
base,3,s5_053_mic1,s5,data\VCTK\wav48_silence_trimmed\s5\s5_053_mic1.flac,p280,0,1,0.9982813596725464,0.9952375292778015,0.9982813596725464,-0.003043830394744873,3.972625
lca,1,s5_053_mic1,s5,data\VCTK\wav48_silence_trimmed\s5\s5_053_mic1.flac,p239,0,1,0.9948979020118713,0.9906497001647949,0.9948979020118713,-0.004248201847076416,3.972625
lca,2,s5_053_mic1,s5,data\VCTK\wav48_silence_trimmed\s5\s5_053_mic1.flac,p297,0,1,0.9986730813980103,0.9954455494880676,0.9986730813980103,-0.003227531909942627,3.972625
lca,3,s5_053_mic1,s5,data\VCTK\wav48_silence_trimmed\s5\s5_053_mic1.flac,p297,0,1,0.998528242111206,0.9957811236381531,0.998528242111206,-0.0027471184730529785,3.972625
original,0,s5_291_mic1,s5,data\VCTK\wav48_silence_trimmed\s5\s5_291_mic1.flac,p233,0,1,0.9978293180465698,0.9970113039016724,0.9978293180465698,-0.0008180141448974609,4.482625
base,1,s5_291_mic1,s5,data\VCTK\wav48_silence_trimmed\s5\s5_291_mic1.flac,p253,0,1,0.9956277012825012,0.9934681057929993,0.9956277012825012,-0.002159595489501953,4.482625
base,2,s5_291_mic1,s5,data\VCTK\wav48_silence_trimmed\s5\s5_291_mic1.flac,p297,0,1,0.9981482028961182,0.9970757961273193,0.9981482028961182,-0.0010724067687988281,4.482625
base,3,s5_291_mic1,s5,data\VCTK\wav48_silence_trimmed\s5\s5_291_mic1.flac,p233,0,1,0.9980957508087158,0.9967253804206848,0.9980957508087158,-0.0013703703880310059,4.482625
lca,1,s5_291_mic1,s5,data\VCTK\wav48_silence_trimmed\s5\s5_291_mic1.flac,p297,0,1,0.9979115128517151,0.994657576084137,0.9979115128517151,-0.003253936767578125,4.482625
lca,2,s5_291_mic1,s5,data\VCTK\wav48_silence_trimmed\s5\s5_291_mic1.flac,p297,0,1,0.9987545609474182,0.9973193407058716,0.9987545609474182,-0.0014352202415466309,4.482625
lca,3,s5_291_mic1,s5,data\VCTK\wav48_silence_trimmed\s5\s5_291_mic1.flac,p297,0,1,0.9981518387794495,0.9969508051872253,0.9981518387794495,-0.001201033592224121,4.482625
original,0,s5_313_mic1,s5,data\VCTK\wav48_silence_trimmed\s5\s5_313_mic1.flac,p238,0,1,0.9977036118507385,0.9923462271690369,0.9977036118507385,-0.00535738468170166,3.9864375
base,1,s5_313_mic1,s5,data\VCTK\wav48_silence_trimmed\s5\s5_313_mic1.flac,p268,0,1,0.9933504462242126,0.9888110160827637,0.9933504462242126,-0.004539430141448975,3.9864375
base,2,s5_313_mic1,s5,data\VCTK\wav48_silence_trimmed\s5\s5_313_mic1.flac,p303,0,1,0.9982680082321167,0.9907646179199219,0.9982680082321167,-0.007503390312194824,3.9864375
base,3,s5_313_mic1,s5,data\VCTK\wav48_silence_trimmed\s5\s5_313_mic1.flac,p303,0,1,0.9984443187713623,0.9916481375694275,0.9984443187713623,-0.0067961812019348145,3.9864375
lca,1,s5_313_mic1,s5,data\VCTK\wav48_silence_trimmed\s5\s5_313_mic1.flac,p303,0,1,0.9953120946884155,0.9900500774383545,0.9953120946884155,-0.005262017250061035,3.9864375
lca,2,s5_313_mic1,s5,data\VCTK\wav48_silence_trimmed\s5\s5_313_mic1.flac,p303,0,1,0.9984291791915894,0.9902083277702332,0.9984291791915894,-0.008220851421356201,3.9864375
lca,3,s5_313_mic1,s5,data\VCTK\wav48_silence_trimmed\s5\s5_313_mic1.flac,p303,0,1,0.9982395172119141,0.9912011623382568,0.9982395172119141,-0.0070383548736572266,3.9864375
original,0,s5_324_mic1,s5,data\VCTK\wav48_silence_trimmed\s5\s5_324_mic1.flac,p241,0,1,0.9950337409973145,0.9943894743919373,0.9950337409973145,-0.0006442666053771973,3.733
base,1,s5_324_mic1,s5,data\VCTK\wav48_silence_trimmed\s5\s5_324_mic1.flac,s5,1,1,0.9923191070556641,0.9923191070556641,0.9917657971382141,0.0005533099174499512,3.733
base,2,s5_324_mic1,s5,data\VCTK\wav48_silence_trimmed\s5\s5_324_mic1.flac,s5,1,1,0.9951742887496948,0.9951742887496948,0.9939850568771362,0.0011892318725585938,3.733
base,3,s5_324_mic1,s5,data\VCTK\wav48_silence_trimmed\s5\s5_324_mic1.flac,s5,1,1,0.9950377941131592,0.9950377941131592,0.9949191808700562,0.00011861324310302734,3.733
lca,1,s5_324_mic1,s5,data\VCTK\wav48_silence_trimmed\s5\s5_324_mic1.flac,s5,1,1,0.9931047558784485,0.9931047558784485,0.9925474524497986,0.0005573034286499023,3.733
lca,2,s5_324_mic1,s5,data\VCTK\wav48_silence_trimmed\s5\s5_324_mic1.flac,p252,0,1,0.9952877759933472,0.9941776990890503,0.9952877759933472,-0.001110076904296875,3.733
lca,3,s5_324_mic1,s5,data\VCTK\wav48_silence_trimmed\s5\s5_324_mic1.flac,p252,0,1,0.9956374764442444,0.9939266443252563,0.9956374764442444,-0.0017108321189880371,3.733
original,0,s5_396_mic1,s5,data\VCTK\wav48_silence_trimmed\s5\s5_396_mic1.flac,p280,0,1,0.9941398501396179,0.9896494150161743,0.9941398501396179,-0.0044904351234436035,4.056125
base,1,s5_396_mic1,s5,data\VCTK\wav48_silence_trimmed\s5\s5_396_mic1.flac,p335,0,1,0.9893476366996765,0.9801038503646851,0.9893476366996765,-0.009243786334991455,4.056125
base,2,s5_396_mic1,s5,data\VCTK\wav48_silence_trimmed\s5\s5_396_mic1.flac,p335,0,1,0.9946187138557434,0.9872536659240723,0.9946187138557434,-0.007365047931671143,4.056125
base,3,s5_396_mic1,s5,data\VCTK\wav48_silence_trimmed\s5\s5_396_mic1.flac,p249,0,1,0.9949592351913452,0.9884899258613586,0.9949592351913452,-0.006469309329986572,4.056125
lca,1,s5_396_mic1,s5,data\VCTK\wav48_silence_trimmed\s5\s5_396_mic1.flac,p312,0,1,0.9939496517181396,0.9850647449493408,0.9939496517181396,-0.008884906768798828,4.056125
lca,2,s5_396_mic1,s5,data\VCTK\wav48_silence_trimmed\s5\s5_396_mic1.flac,p276,0,1,0.9946268200874329,0.9838141798973083,0.9946268200874329,-0.010812640190124512,4.056125
lca,3,s5_396_mic1,s5,data\VCTK\wav48_silence_trimmed\s5\s5_396_mic1.flac,p276,0,1,0.99472975730896,0.983487606048584,0.99472975730896,-0.011242151260375977,4.056125
