model,L,sample_id,speaker_id,audio_path,predicted_speaker,top1_correct,verified,score,correct_score,max_impostor_score,margin,duration_sec
original,0,p228_064_mic1,p228,data\VCTK\wav48_silence_trimmed\p228\p228_064_mic1.flac,p228,1,1,0.9979817867279053,0.9979817867279053,0.9969375729560852,0.0010442137718200684,2.6820625
base,1,p228_064_mic1,p228,data\VCTK\wav48_silence_trimmed\p228\p228_064_mic1.flac,p239,0,1,0.9916582107543945,0.9805206060409546,0.9916582107543945,-0.011137604713439941,2.6820625
base,2,p228_064_mic1,p228,data\VCTK\wav48_silence_trimmed\p228\p228_064_mic1.flac,p229,0,1,0.9973623752593994,0.9959219098091125,0.9973623752593994,-0.0014404654502868652,2.6820625
base,3,p228_064_mic1,p228,data\VCTK\wav48_silence_trimmed\p228\p228_064_mic1.flac,p262,0,1,0.9976698756217957,0.9963893890380859,0.9976698756217957,-0.0012804865837097168,2.6820625
lca,1,p228_064_mic1,p228,data\VCTK\wav48_silence_trimmed\p228\p228_064_mic1.flac,p239,0,1,0.9906796216964722,0.9824208617210388,0.9906796216964722,-0.00825875997543335,2.6820625
lca,2,p228_064_mic1,p228,data\VCTK\wav48_silence_trimmed\p228\p228_064_mic1.flac,p229,0,1,0.9964330196380615,0.994911253452301,0.9964330196380615,-0.001521766185760498,2.6820625
lca,3,p228_064_mic1,p228,data\VCTK\wav48_silence_trimmed\p228\p228_064_mic1.flac,p228,1,1,0.9968372583389282,0.9968372583389282,0.9967080354690552,0.00012922286987304688,2.6820625
original,0,p228_071_mic1,p228,data\VCTK\wav48_silence_trimmed\p228\p228_071_mic1.flac,p313,0,1,0.9972506165504456,0.9941965937614441,0.9972506165504456,-0.003054022789001465,2.2705
base,1,p228_071_mic1,p228,data\VCTK\wav48_silence_trimmed\p228\p228_071_mic1.flac,p254,0,1,0.9945220947265625,0.9865203499794006,0.9945220947265625,-0.008001744747161865,2.2705
base,2,p228_071_mic1,p228,data\VCTK\wav48_silence_trimmed\p228\p228_071_mic1.flac,p256,0,1,0.9967049360275269,0.9957635402679443,0.9967049360275269,-0.0009413957595825195,2.2705
base,3,p228_071_mic1,p228,data\VCTK\wav48_silence_trimmed\p228\p228_071_mic1.flac,p256,0,1,0.9969683885574341,0.9955666065216064,0.9969683885574341,-0.0014017820358276367,2.2705
lca,1,p228_071_mic1,p228,data\VCTK\wav48_silence_trimmed\p228\p228_071_mic1.flac,p254,0,1,0.992697536945343,0.9803891777992249,0.992697536945343,-0.012308359146118164,2.2705
lca,2,p228_071_mic1,p228,data\VCTK\wav48_silence_trimmed\p228\p228_071_mic1.flac,p256,0,1,0.997283935546875,0.9944882392883301,0.997283935546875,-0.002795696258544922,2.2705
lca,3,p228_071_mic1,p228,data\VCTK\wav48_silence_trimmed\p228\p228_071_mic1.flac,p256,0,1,0.9967133402824402,0.9957432746887207,0.9967133402824402,-0.0009700655937194824,2.2705
original,0,p228_090_mic1,p228,data\VCTK\wav48_silence_trimmed\p228\p228_090_mic1.flac,p228,1,1,0.9980484247207642,0.9980484247207642,0.9968961477279663,0.0011522769927978516,4.2225625
base,1,p228_090_mic1,p228,data\VCTK\wav48_silence_trimmed\p228\p228_090_mic1.flac,p302,0,1,0.9915485382080078,0.984268307685852,0.9915485382080078,-0.007280230522155762,4.2225625
base,2,p228_090_mic1,p228,data\VCTK\wav48_silence_trimmed\p228\p228_090_mic1.flac,p229,0,1,0.9974368810653687,0.9962440133094788,0.9974368810653687,-0.0011928677558898926,4.2225625
base,3,p228_090_mic1,p228,data\VCTK\wav48_silence_trimmed\p228\p228_090_mic1.flac,p313,0,1,0.9974939227104187,0.9965861439704895,0.9974939227104187,-0.0009077787399291992,4.2225625
lca,1,p228_090_mic1,p228,data\VCTK\wav48_silence_trimmed\p228\p228_090_mic1.flac,p254,0,1,0.9928290247917175,0.984635055065155,0.9928290247917175,-0.0081939697265625,4.2225625
lca,2,p228_090_mic1,p228,data\VCTK\wav48_silence_trimmed\p228\p228_090_mic1.flac,p229,0,1,0.9974648356437683,0.995549201965332,0.9974648356437683,-0.0019156336784362793,4.2225625
lca,3,p228_090_mic1,p228,data\VCTK\wav48_silence_trimmed\p228\p228_090_mic1.flac,p229,0,1,0.9971767663955688,0.996633768081665,0.9971767663955688,-0.0005429983139038086,4.2225625
original,0,p228_134_mic2,p228,data\VCTK\wav48_silence_trimmed\p228\p228_134_mic2.flac,p318,0,1,0.9973537921905518,0.995959460735321,0.9973537921905518,-0.0013943314552307129,4.180375
base,1,p228_134_mic2,p228,data\VCTK\wav48_silence_trimmed\p228\p228_134_mic2.flac,p294,0,1,0.9900096654891968,0.9862977862358093,0.9900096654891968,-0.003711879253387451,4.180375
base,2,p228_134_mic2,p228,data\VCTK\wav48_silence_trimmed\p228\p228_134_mic2.flac,p318,0,1,0.995286226272583,0.9942225217819214,0.995286226272583,-0.001063704490661621,4.180375
base,3,p228_134_mic2,p228,data\VCTK\wav48_silence_trimmed\p228\p228_134_mic2.flac,p318,0,1,0.9969080686569214,0.9953166842460632,0.9969080686569214,-0.0015913844108581543,4.180375
lca,1,p228_134_mic2,p228,data\VCTK\wav48_silence_trimmed\p228\p228_134_mic2.flac,p294,0,1,0.9924346804618835,0.989495575428009,0.9924346804618835,-0.0029391050338745117,4.180375
lca,2,p228_134_mic2,p228,data\VCTK\wav48_silence_trimmed\p228\p228_134_mic2.flac,p294,0,1,0.9955236911773682,0.9945074319839478,0.9955236911773682,-0.0010162591934204102,4.180375
lca,3,p228_134_mic2,p228,data\VCTK\wav48_silence_trimmed\p228\p228_134_mic2.flac,p318,0,1,0.9961750507354736,0.9959719777107239,0.9961750507354736,-0.00020307302474975586,4.180375
original,0,p228_307_mic2,p228,data\VCTK\wav48_silence_trimmed\p228\p228_307_mic2.flac,p308,0,1,0.997661828994751,0.9917730689048767,0.997661828994751,-0.005888760089874268,3.482625
base,1,p228_307_mic2,p228,data\VCTK\wav48_silence_trimmed\p228\p228_307_mic2.flac,p294,0,1,0.9916282296180725,0.9870544672012329,0.9916282296180725,-0.0045737624168396,3.482625
base,2,p228_307_mic2,p228,data\VCTK\wav48_silence_trimmed\p228\p228_307_mic2.flac,p294,0,1,0.9973343014717102,0.9957013130187988,0.9973343014717102,-0.001632988452911377,3.482625
base,3,p228_307_mic2,p228,data\VCTK\wav48_silence_trimmed\p228\p228_307_mic2.flac,p306,0,1,0.9976438283920288,0.9953779578208923,0.9976438283920288,-0.0022658705711364746,3.482625
lca,1,p228_307_mic2,p228,data\VCTK\wav48_silence_trimmed\p228\p228_307_mic2.flac,p229,0,1,0.993073582649231,0.9902384877204895,0.993073582649231,-0.002835094928741455,3.482625
lca,2,p228_307_mic2,p228,data\VCTK\wav48_silence_trimmed\p228\p228_307_mic2.flac,p306,0,1,0.9964718222618103,0.995826244354248,0.9964718222618103,-0.0006455779075622559,3.482625
lca,3,p228_307_mic2,p228,data\VCTK\wav48_silence_trimmed\p228\p228_307_mic2.flac,p306,0,1,0.9971775412559509,0.9963864684104919,0.9971775412559509,-0.0007910728454589844,3.482625
original,0,p229_067_mic2,p229,data\VCTK\wav48_silence_trimmed\p229\p229_067_mic2.flac,p229,1,1,0.9970744848251343,0.9970744848251343,0.9965382218360901,0.0005362629890441895,2.7386875
base,1,p229_067_mic2,p229,data\VCTK\wav48_silence_trimmed\p229\p229_067_mic2.flac,p229,1,1,0.9919981360435486,0.9919981360435486,0.9913588166236877,0.0006393194198608398,2.7386875
base,2,p229_067_mic2,p229,data\VCTK\wav48_silence_trimmed\p229\p229_067_mic2.flac,p229,1,1,0.9957970380783081,0.9957970380783081,0.9952400326728821,0.0005570054054260254,2.7386875
base,3,p229_067_mic2,p229,data\VCTK\wav48_silence_trimmed\p229\p229_067_mic2.flac,p229,1,1,0.9965667128562927,0.9965667128562927,0.9957229495048523,0.0008437633514404297,2.7386875
lca,1,p229_067_mic2,p229,data\VCTK\wav48_silence_trimmed\p229\p229_067_mic2.flac,p239,0,1,0.9941526055335999,0.9907945394515991,0.9941526055335999,-0.0033580660820007324,2.7386875
lca,2,p229_067_mic2,p229,data\VCTK\wav48_silence_trimmed\p229\p229_067_mic2.flac,p255,0,1,0.9950204491615295,0.994522213935852,0.9950204491615295,-0.0004982352256774902,2.7386875
lca,3,p229_067_mic2,p229,data\VCTK\wav48_silence_trimmed\p229\p229_067_mic2.flac,p255,0,1,0.9956828951835632,0.9955707788467407,0.9956828951835632,-0.00011211633682250977,2.7386875
original,0,p229_068_mic1,p229,data\VCTK\wav48_silence_trimmed\p229\p229_068_mic1.flac,p229,1,1,0.9964898228645325,0.9964898228645325,0.9946175813674927,0.001872241497039795,2.4905625
base,1,p229_068_mic1,p229,data\VCTK\wav48_silence_trimmed\p229\p229_068_mic1.flac,p254,0,1,0.987566351890564,0.9856447577476501,0.987566351890564,-0.0019215941429138184,2.4905625
base,2,p229_068_mic1,p229,data\VCTK\wav48_silence_trimmed\p229\p229_068_mic1.flac,p229,1,1,0.9951987266540527,0.9951987266540527,0.9947192072868347,0.0004795193672180176,2.4905625
base,3,p229_068_mic1,p229,data\VCTK\wav48_silence_trimmed\p229\p229_068_mic1.flac,p229,1,1,0.9952178597450256,0.9952178597450256,0.9950966238975525,0.00012123584747314453,2.4905625
lca,1,p229_068_mic1,p229,data\VCTK\wav48_silence_trimmed\p229\p229_068_mic1.flac,p239,0,1,0.9874439239501953,0.9851785898208618,0.9874439239501953,-0.002265334129333496,2.4905625
lca,2,p229_068_mic1,p229,data\VCTK\wav48_silence_trimmed\p229\p229_068_mic1.flac,p255,0,1,0.9933826923370361,0.9930933117866516,0.9933826923370361,-0.0002893805503845215,2.4905625
lca,3,p229_068_mic1,p229,data\VCTK\wav48_silence_trimmed\p229\p229_068_mic1.flac,p255,0,1,0.9944434762001038,0.9937171936035156,0.9944434762001038,-0.0007262825965881348,2.4905625
original,0,p229_112_mic1,p229,data\VCTK\wav48_silence_trimmed\p229\p229_112_mic1.flac,p262,0,1,0.99590003490448,0.9950862526893616,0.99590003490448,-0.0008137822151184082,3.8823125
base,1,p229_112_mic1,p229,data\VCTK\wav48_silence_trimmed\p229\p229_112_mic1.flac,p239,0,1,0.9908204674720764,0.985422670841217,0.9908204674720764,-0.005397796630859375,3.8823125
base,2,p229_112_mic1,p229,data\VCTK\wav48_silence_trimmed\p229\p229_112_mic1.flac,p262,0,1,0.9958116412162781,0.9924792051315308,0.9958116412162781,-0.0033324360847473145,3.8823125
base,3,p229_112_mic1,p229,data\VCTK\wav48_silence_trimmed\p229\p229_112_mic1.flac,p262,0,1,0.9951199889183044,0.9915230870246887,0.9951199889183044,-0.0035969018936157227,3.8823125
lca,1,p229_112_mic1,p229,data\VCTK\wav48_silence_trimmed\p229\p229_112_mic1.flac,p262,0,1,0.9944896697998047,0.9929581880569458,0.9944896697998047,-0.0015314817428588867,3.8823125
lca,2,p229_112_mic1,p229,data\VCTK\wav48_silence_trimmed\p229\p229_112_mic1.flac,p262,0,1,0.9944533705711365,0.9901926517486572,0.9944533705711365,-0.004260718822479248,3.8823125
lca,3,p229_112_mic1,p229,data\VCTK\wav48_silence_trimmed\p229\p229_112_mic1.flac,p262,0,1,0.993236780166626,0.989432692527771,0.993236780166626,-0.0038040876388549805,3.8823125
original,0,p229_288_mic2,p229,data\VCTK\wav48_silence_trimmed\p229\p229_288_mic2.flac,p229,1,1,0.9927430152893066,0.9927430152893066,0.9917935729026794,0.0009494423866271973,2.3074375
base,1,p229_288_mic2,p229,data\VCTK\wav48_silence_trimmed\p229\p229_288_mic2.flac,p239,0,1,0.9812901616096497,0.9763966798782349,0.9812901616096497,-0.004893481731414795,2.3074375
base,2,p229_288_mic2,p229,data\VCTK\wav48_silence_trimmed\p229\p229_288_mic2.flac,p229,1,1,0.9892378449440002,0.9892378449440002,0.9884152412414551,0.000822603702545166,2.3074375
base,3,p229_288_mic2,p229,data\VCTK\wav48_silence_trimmed\p229\p229_288_mic2.flac,p229,1,1,0.9921284317970276,0.9921284317970276,0.9911434054374695,0.0009850263595581055,2.3074375
lca,1,p229_288_mic2,p229,data\VCTK\wav48_silence_trimmed\p229\p229_288_mic2.flac,p239,0,1,0.9841477274894714,0.981853723526001,0.9841477274894714,-0.002294003963470459,2.3074375
lca,2,p229_288_mic2,p229,data\VCTK\wav48_silence_trimmed\p229\p229_288_mic2.flac,p239,0,1,0.9871696829795837,0.9864299297332764,0.9871696829795837,-0.000739753246307373,2.3074375
lca,3,p229_288_mic2,p229,data\VCTK\wav48_silence_trimmed\p229\p229_288_mic2.flac,p239,0,1,0.9895706176757812,0.9886859655380249,0.9895706176757812,-0.0008846521377563477,2.3074375
original,0,p229_344_mic1,p229,data\VCTK\wav48_silence_trimmed\p229\p229_344_mic1.flac,p229,1,1,0.9971418976783752,0.9971418976783752,0.9953581094741821,0.0017837882041931152,3.1581875
base,1,p229_344_mic1,p229,data\VCTK\wav48_silence_trimmed\p229\p229_344_mic1.flac,p239,0,1,0.9909421801567078,0.989082932472229,0.9909421801567078,-0.0018592476844787598,3.1581875
base,2,p229_344_mic1,p229,data\VCTK\wav48_silence_trimmed\p229\p229_344_mic1.flac,p229,1,1,0.9969753623008728,0.9969753623008728,0.996593177318573,0.0003821849822998047,3.1581875
base,3,p229_344_mic1,p229,data\VCTK\wav48_silence_trimmed\p229\p229_344_mic1.flac,p229,1,1,0.9963704347610474,0.9963704347610474,0.9960487484931946,0.0003216862678527832,3.1581875
lca,1,p229_344_mic1,p229,data\VCTK\wav48_silence_trimmed\p229\p229_344_mic1.flac,p229,1,1,0.9923473596572876,0.9923473596572876,0.9923236966133118,2.3663043975830078e-05,3.1581875
lca,2,p229_344_mic1,p229,data\VCTK\wav48_silence_trimmed\p229\p229_344_mic1.flac,p255,0,1,0.9958754181861877,0.9950464963912964,0.9958754181861877,-0.0008289217948913574,3.1581875
lca,3,p229_344_mic1,p229,data\VCTK\wav48_silence_trimmed\p229\p229_344_mic1.flac,p229,1,1,0.9957566857337952,0.9957566857337952,0.9957072734832764,4.941225051879883e-05,3.1581875
original,0,p237_069_mic1,p237,data\VCTK\wav48_silence_trimmed\p237\p237_069_mic1.flac,p237,1,1,0.9973114132881165,0.9973114132881165,0.9936118721961975,0.0036995410919189453,4.070375
base,1,p237_069_mic1,p237,data\VCTK\wav48_silence_trimmed\p237\p237_069_mic1.flac,p254,0,1,0.9944787621498108,0.9924665093421936,0.9944787621498108,-0.0020122528076171875,4.070375
base,2,p237_069_mic1,p237,data\VCTK\wav48_silence_trimmed\p237\p237_069_mic1.flac,p237,1,1,0.997316300868988,0.997316300868988,0.9958868026733398,0.0014294981956481934,4.070375
base,3,p237_069_mic1,p237,data\VCTK\wav48_silence_trimmed\p237\p237_069_mic1.flac,p237,1,1,0.9970602989196777,0.9970602989196777,0.9950780868530273,0.0019822120666503906,4.070375
lca,1,p237_069_mic1,p237,data\VCTK\wav48_silence_trimmed\p237\p237_069_mic1.flac,p254,0,1,0.9940696358680725,0.990566611289978,0.9940696358680725,-0.0035030245780944824,4.070375
lca,2,p237_069_mic1,p237,data\VCTK\wav48_silence_trimmed\p237\p237_069_mic1.flac,p237,1,1,0.9963825345039368,0.9963825345039368,0.9953732490539551,0.0010092854499816895,4.070375
lca,3,p237_069_mic1,p237,data\VCTK\wav48_silence_trimmed\p237\p237_069_mic1.flac,p237,1,1,0.9965696334838867,0.9965696334838867,0.9935721755027771,0.002997457981109619,4.070375
original,0,p237_123_mic1,p237,data\VCTK\wav48_silence_trimmed\p237\p237_123_mic1.flac,p237,1,1,0.9969663619995117,0.9969663619995117,0.993309736251831,0.003656625747680664,4.49375
base,1,p237_123_mic1,p237,data\VCTK\wav48_silence_trimmed\p237\p237_123_mic1.flac,p255,0,1,0.992996096611023,0.990944504737854,0.992996096611023,-0.0020515918731689453,4.49375
base,2,p237_123_mic1,p237,data\VCTK\wav48_silence_trimmed\p237\p237_123_mic1.flac,p237,1,1,0.997542142868042,0.997542142868042,0.9941450357437134,0.0033971071243286133,4.49375
base,3,p237_123_mic1,p237,data\VCTK\wav48_silence_trimmed\p237\p237_123_mic1.flac,p237,1,1,0.9964227676391602,0.9964227676391602,0.9934921860694885,0.002930581569671631,4.49375
lca,1,p237_123_mic1,p237,data\VCTK\wav48_silence_trimmed\p237\p237_123_mic1.flac,p258,0,1,0.9933257102966309,0.9923056960105896,0.9933257102966309,-0.0010200142860412598,4.49375
lca,2,p237_123_mic1,p237,data\VCTK\wav48_silence_trimmed\p237\p237_123_mic1.flac,p237,1,1,0.9975735545158386,0.9975735545158386,0.9946542978286743,0.0029192566871643066,4.49375
lca,3,p237_123_mic1,p237,data\VCTK\wav48_silence_trimmed\p237\p237_123_mic1.flac,p237,1,1,0.997584342956543,0.997584342956543,0.9939614534378052,0.003622889518737793,4.49375
original,0,p237_195_mic2,p237,data\VCTK\wav48_silence_trimmed\p237\p237_195_mic2.flac,p313,0,1,0.9971719980239868,0.9960317611694336,0.9971719980239868,-0.0011402368545532227,3.558875
base,1,p237_195_mic2,p237,data\VCTK\wav48_silence_trimmed\p237\p237_195_mic2.flac,p302,0,1,0.9954243302345276,0.9885762929916382,0.9954243302345276,-0.006848037242889404,3.558875
base,2,p237_195_mic2,p237,data\VCTK\wav48_silence_trimmed\p237\p237_195_mic2.flac,p302,0,1,0.9974352121353149,0.9950027465820312,0.9974352121353149,-0.0024324655532836914,3.558875
base,3,p237_195_mic2,p237,data\VCTK\wav48_silence_trimmed\p237\p237_195_mic2.flac,p302,0,1,0.9966521859169006,0.9942309260368347,0.9966521859169006,-0.002421259880065918,3.558875
lca,1,p237_195_mic2,p237,data\VCTK\wav48_silence_trimmed\p237\p237_195_mic2.flac,p302,0,1,0.9962795376777649,0.9919095039367676,0.9962795376777649,-0.0043700337409973145,3.558875
lca,2,p237_195_mic2,p237,data\VCTK\wav48_silence_trimmed\p237\p237_195_mic2.flac,p302,0,1,0.9963595867156982,0.9935750961303711,0.9963595867156982,-0.0027844905853271484,3.558875
lca,3,p237_195_mic2,p237,data\VCTK\wav48_silence_trimmed\p237\p237_195_mic2.flac,p302,0,1,0.9959837794303894,0.9959679841995239,0.9959837794303894,-1.5795230865478516e-05,3.558875
original,0,p237_229_mic2,p237,data\VCTK\wav48_silence_trimmed\p237\p237_229_mic2.flac,p237,1,1,0.997597336769104,0.997597336769104,0.996359646320343,0.0012376904487609863,4.6091875
base,1,p237_229_mic2,p237,data\VCTK\wav48_silence_trimmed\p237\p237_229_mic2.flac,p262,0,1,0.9945228099822998,0.9926942586898804,0.9945228099822998,-0.0018285512924194336,4.6091875
base,2,p237_229_mic2,p237,data\VCTK\wav48_silence_trimmed\p237\p237_229_mic2.flac,p237,1,1,0.9970229268074036,0.9970229268074036,0.9960150718688965,0.00100785493850708,4.6091875
base,3,p237_229_mic2,p237,data\VCTK\wav48_silence_trimmed\p237\p237_229_mic2.flac,p237,1,1,0.9963534474372864,0.9963534474372864,0.9958418607711792,0.0005115866661071777,4.6091875
lca,1,p237_229_mic2,p237,data\VCTK\wav48_silence_trimmed\p237\p237_229_mic2.flac,p258,0,1,0.9934190511703491,0.9933981895446777,0.9934190511703491,-2.086162567138672e-05,4.6091875
lca,2,p237_229_mic2,p237,data\VCTK\wav48_silence_trimmed\p237\p237_229_mic2.flac,p237,1,1,0.9964281916618347,0.9964281916618347,0.9947846531867981,0.001643538475036621,4.6091875
lca,3,p237_229_mic2,p237,data\VCTK\wav48_silence_trimmed\p237\p237_229_mic2.flac,p237,1,1,0.9969298243522644,0.9969298243522644,0.9949929714202881,0.0019368529319763184,4.6091875
original,0,p237_321_mic1,p237,data\VCTK\wav48_silence_trimmed\p237\p237_321_mic1.flac,p237,1,1,0.9982984662055969,0.9982984662055969,0.994526207447052,0.003772258758544922,3.1981875
base,1,p237_321_mic1,p237,data\VCTK\wav48_silence_trimmed\p237\p237_321_mic1.flac,p302,0,1,0.9952756762504578,0.9941179752349854,0.9952756762504578,-0.0011577010154724121,3.1981875
base,2,p237_321_mic1,p237,data\VCTK\wav48_silence_trimmed\p237\p237_321_mic1.flac,p237,1,1,0.9978601932525635,0.9978601932525635,0.9955954551696777,0.002264738082885742,3.1981875
base,3,p237_321_mic1,p237,data\VCTK\wav48_silence_trimmed\p237\p237_321_mic1.flac,p237,1,1,0.9977482557296753,0.9977482557296753,0.9958208799362183,0.0019273757934570312,3.1981875
lca,1,p237_321_mic1,p237,data\VCTK\wav48_silence_trimmed\p237\p237_321_mic1.flac,p229,0,1,0.9946880340576172,0.9946555495262146,0.9946880340576172,-3.248453140258789e-05,3.1981875
lca,2,p237_321_mic1,p237,data\VCTK\wav48_silence_trimmed\p237\p237_321_mic1.flac,p237,1,1,0.9971796870231628,0.9971796870231628,0.9946942925453186,0.0024853944778442383,3.1981875
lca,3,p237_321_mic1,p237,data\VCTK\wav48_silence_trimmed\p237\p237_321_mic1.flac,p237,1,1,0.9973509907722473,0.9973509907722473,0.9935718178749084,0.003779172897338867,3.1981875
original,0,p239_017_mic2,p239,data\VCTK\wav48_silence_trimmed\p239\p239_017_mic2.flac,p294,0,1,0.9951919317245483,0.991056501865387,0.9951919317245483,-0.004135429859161377,4.4860625
base,1,p239_017_mic2,p239,data\VCTK\wav48_silence_trimmed\p239\p239_017_mic2.flac,p254,0,1,0.989766001701355,0.988889217376709,0.989766001701355,-0.0008767843246459961,4.4860625
base,2,p239_017_mic2,p239,data\VCTK\wav48_silence_trimmed\p239\p239_017_mic2.flac,p255,0,1,0.995617151260376,0.9947455525398254,0.995617151260376,-0.0008715987205505371,4.4860625
base,3,p239_017_mic2,p239,data\VCTK\wav48_silence_trimmed\p239\p239_017_mic2.flac,p229,0,1,0.9961047768592834,0.9935044646263123,0.9961047768592834,-0.0026003122329711914,4.4860625
lca,1,p239_017_mic2,p239,data\VCTK\wav48_silence_trimmed\p239\p239_017_mic2.flac,p254,0,1,0.9918404221534729,0.9867628216743469,0.9918404221534729,-0.0050776004791259766,4.4860625
lca,2,p239_017_mic2,p239,data\VCTK\wav48_silence_trimmed\p239\p239_017_mic2.flac,p254,0,1,0.9946103096008301,0.9920163154602051,0.9946103096008301,-0.002593994140625,4.4860625
lca,3,p239_017_mic2,p239,data\VCTK\wav48_silence_trimmed\p239\p239_017_mic2.flac,p254,0,1,0.9949995875358582,0.992634117603302,0.9949995875358582,-0.0023654699325561523,4.4860625
original,0,p239_123_mic2,p239,data\VCTK\wav48_silence_trimmed\p239\p239_123_mic2.flac,p239,1,1,0.9966751933097839,0.9966751933097839,0.9934026002883911,0.0032725930213928223,3.243625
base,1,p239_123_mic2,p239,data\VCTK\wav48_silence_trimmed\p239\p239_123_mic2.flac,p239,1,1,0.987959623336792,0.987959623336792,0.9849098324775696,0.003049790859222412,3.243625
base,2,p239_123_mic2,p239,data\VCTK\wav48_silence_trimmed\p239\p239_123_mic2.flac,p239,1,1,0.9943649172782898,0.9943649172782898,0.9911921620368958,0.003172755241394043,3.243625
base,3,p239_123_mic2,p239,data\VCTK\wav48_silence_trimmed\p239\p239_123_mic2.flac,p239,1,1,0.9954633116722107,0.9954633116722107,0.9925758242607117,0.0028874874114990234,3.243625
lca,1,p239_123_mic2,p239,data\VCTK\wav48_silence_trimmed\p239\p239_123_mic2.flac,p239,1,1,0.9887871742248535,0.9887871742248535,0.9859949350357056,0.0027922391891479492,3.243625
lca,2,p239_123_mic2,p239,data\VCTK\wav48_silence_trimmed\p239\p239_123_mic2.flac,p239,1,1,0.9936705231666565,0.9936705231666565,0.9914018511772156,0.002268671989440918,3.243625
lca,3,p239_123_mic2,p239,data\VCTK\wav48_silence_trimmed\p239\p239_123_mic2.flac,p239,1,1,0.9942523241043091,0.9942523241043091,0.9912647604942322,0.0029875636100769043,3.243625
original,0,p239_131_mic2,p239,data\VCTK\wav48_silence_trimmed\p239\p239_131_mic2.flac,p302,0,1,0.9944005012512207,0.9740729331970215,0.9944005012512207,-0.02032756805419922,2.1385625
base,1,p239_131_mic2,p239,data\VCTK\wav48_silence_trimmed\p239\p239_131_mic2.flac,p302,0,1,0.9917625188827515,0.9761916399002075,0.9917625188827515,-0.015570878982543945,2.1385625
base,2,p239_131_mic2,p239,data\VCTK\wav48_silence_trimmed\p239\p239_131_mic2.flac,p302,0,1,0.9944337606430054,0.9757022261619568,0.9944337606430054,-0.018731534481048584,2.1385625
base,3,p239_131_mic2,p239,data\VCTK\wav48_silence_trimmed\p239\p239_131_mic2.flac,p302,0,1,0.9945459365844727,0.9755195379257202,0.9945459365844727,-0.01902639865875244,2.1385625
lca,1,p239_131_mic2,p239,data\VCTK\wav48_silence_trimmed\p239\p239_131_mic2.flac,p302,0,1,0.994772732257843,0.981280505657196,0.994772732257843,-0.013492226600646973,2.1385625
lca,2,p239_131_mic2,p239,data\VCTK\wav48_silence_trimmed\p239\p239_131_mic2.flac,p254,0,1,0.9947552680969238,0.9794501662254333,0.9947552680969238,-0.015305101871490479,2.1385625
lca,3,p239_131_mic2,p239,data\VCTK\wav48_silence_trimmed\p239\p239_131_mic2.flac,p254,0,1,0.9951443076133728,0.979555070400238,0.9951443076133728,-0.015589237213134766,2.1385625
original,0,p239_387_mic2,p239,data\VCTK\wav48_silence_trimmed\p239\p239_387_mic2.flac,p336,0,1,0.9957736730575562,0.9934194684028625,0.9957736730575562,-0.0023542046546936035,2.6045
base,1,p239_387_mic2,p239,data\VCTK\wav48_silence_trimmed\p239\p239_387_mic2.flac,p254,0,1,0.9885970950126648,0.9863255620002747,0.9885970950126648,-0.0022715330123901367,2.6045
base,2,p239_387_mic2,p239,data\VCTK\wav48_silence_trimmed\p239\p239_387_mic2.flac,p336,0,1,0.9933555126190186,0.9918938875198364,0.9933555126190186,-0.001461625099182129,2.6045
base,3,p239_387_mic2,p239,data\VCTK\wav48_silence_trimmed\p239\p239_387_mic2.flac,p336,0,1,0.9947433471679688,0.9933937788009644,0.9947433471679688,-0.0013495683670043945,2.6045
lca,1,p239_387_mic2,p239,data\VCTK\wav48_silence_trimmed\p239\p239_387_mic2.flac,p254,0,1,0.9937725067138672,0.9909840226173401,0.9937725067138672,-0.0027884840965270996,2.6045
lca,2,p239_387_mic2,p239,data\VCTK\wav48_silence_trimmed\p239\p239_387_mic2.flac,p254,0,1,0.9944092631340027,0.9909121990203857,0.9944092631340027,-0.0034970641136169434,2.6045
lca,3,p239_387_mic2,p239,data\VCTK\wav48_silence_trimmed\p239\p239_387_mic2.flac,p254,0,1,0.9950996041297913,0.9918959736824036,0.9950996041297913,-0.0032036304473876953,2.6045
original,0,p239_439_mic2,p239,data\VCTK\wav48_silence_trimmed\p239\p239_439_mic2.flac,p239,1,1,0.9936517477035522,0.9936517477035522,0.9914805293083191,0.0021712183952331543,3.8021875
base,1,p239_439_mic2,p239,data\VCTK\wav48_silence_trimmed\p239\p239_439_mic2.flac,p254,0,1,0.9856615662574768,0.985571026802063,0.9856615662574768,-9.053945541381836e-05,3.8021875
base,2,p239_439_mic2,p239,data\VCTK\wav48_silence_trimmed\p239\p239_439_mic2.flac,p239,1,1,0.989003598690033,0.989003598690033,0.9851963520050049,0.003807246685028076,3.8021875
base,3,p239_439_mic2,p239,data\VCTK\wav48_silence_trimmed\p239\p239_439_mic2.flac,p239,1,1,0.9905291199684143,0.9905291199684143,0.987207293510437,0.003321826457977295,3.8021875
lca,1,p239_439_mic2,p239,data\VCTK\wav48_silence_trimmed\p239\p239_439_mic2.flac,p254,0,1,0.9902650117874146,0.9886834621429443,0.9902650117874146,-0.0015815496444702148,3.8021875
lca,2,p239_439_mic2,p239,data\VCTK\wav48_silence_trimmed\p239\p239_439_mic2.flac,p254,0,1,0.9894036650657654,0.9892839193344116,0.9894036650657654,-0.00011974573135375977,3.8021875
lca,3,p239_439_mic2,p239,data\VCTK\wav48_silence_trimmed\p239\p239_439_mic2.flac,p239,1,1,0.9895867705345154,0.9895867705345154,0.9871267676353455,0.002460002899169922,3.8021875
original,0,p240_057_mic2,p240,data\VCTK\wav48_silence_trimmed\p240\p240_057_mic2.flac,p240,1,1,0.9949021935462952,0.9949021935462952,0.9915546178817749,0.0033475756645202637,4.235625
base,1,p240_057_mic2,p240,data\VCTK\wav48_silence_trimmed\p240\p240_057_mic2.flac,p239,0,1,0.9838434457778931,0.9826222062110901,0.9838434457778931,-0.0012212395668029785,4.235625
base,2,p240_057_mic2,p240,data\VCTK\wav48_silence_trimmed\p240\p240_057_mic2.flac,p240,1,1,0.9911696910858154,0.9911696910858154,0.991032600402832,0.00013709068298339844,4.235625
base,3,p240_057_mic2,p240,data\VCTK\wav48_silence_trimmed\p240\p240_057_mic2.flac,p240,1,1,0.9937607645988464,0.9937607645988464,0.9915861487388611,0.0021746158599853516,4.235625
lca,1,p240_057_mic2,p240,data\VCTK\wav48_silence_trimmed\p240\p240_057_mic2.flac,p240,1,1,0.987576961517334,0.987576961517334,0.9871732592582703,0.0004037022590637207,4.235625
lca,2,p240_057_mic2,p240,data\VCTK\wav48_silence_trimmed\p240\p240_057_mic2.flac,p240,1,1,0.991242527961731,0.991242527961731,0.9897828698158264,0.001459658145904541,4.235625
lca,3,p240_057_mic2,p240,data\VCTK\wav48_silence_trimmed\p240\p240_057_mic2.flac,p240,1,1,0.9931081533432007,0.9931081533432007,0.9911869764328003,0.0019211769104003906,4.235625
original,0,p240_110_mic1,p240,data\VCTK\wav48_silence_trimmed\p240\p240_110_mic1.flac,p302,0,1,0.9938012957572937,0.9820252060890198,0.9938012957572937,-0.011776089668273926,1.9643125
base,1,p240_110_mic1,p240,data\VCTK\wav48_silence_trimmed\p240\p240_110_mic1.flac,p336,0,1,0.9942605495452881,0.9879694581031799,0.9942605495452881,-0.006291091442108154,1.9643125
base,2,p240_110_mic1,p240,data\VCTK\wav48_silence_trimmed\p240\p240_110_mic1.flac,p302,0,1,0.9955304265022278,0.9843190908432007,0.9955304265022278,-0.0112113356590271,1.9643125
base,3,p240_110_mic1,p240,data\VCTK\wav48_silence_trimmed\p240\p240_110_mic1.flac,p313,0,1,0.9951366782188416,0.9843647480010986,0.9951366782188416,-0.01077193021774292,1.9643125
lca,1,p240_110_mic1,p240,data\VCTK\wav48_silence_trimmed\p240\p240_110_mic1.flac,p302,0,1,0.9902280569076538,0.981703519821167,0.9902280569076538,-0.008524537086486816,1.9643125
lca,2,p240_110_mic1,p240,data\VCTK\wav48_silence_trimmed\p240\p240_110_mic1.flac,p336,0,1,0.9954954385757446,0.9893157482147217,0.9954954385757446,-0.006179690361022949,1.9643125
lca,3,p240_110_mic1,p240,data\VCTK\wav48_silence_trimmed\p240\p240_110_mic1.flac,p336,0,1,0.994938850402832,0.9888454675674438,0.994938850402832,-0.006093382835388184,1.9643125
original,0,p240_134_mic1,p240,data\VCTK\wav48_silence_trimmed\p240\p240_134_mic1.flac,p240,1,1,0.9965294599533081,0.9965294599533081,0.9958570003509521,0.000672459602355957,2.57775
base,1,p240_134_mic1,p240,data\VCTK\wav48_silence_trimmed\p240\p240_134_mic1.flac,p239,0,1,0.9915257096290588,0.989931046962738,0.9915257096290588,-0.0015946626663208008,2.57775
base,2,p240_134_mic1,p240,data\VCTK\wav48_silence_trimmed\p240\p240_134_mic1.flac,p336,0,1,0.9976189732551575,0.9957587718963623,0.9976189732551575,-0.001860201358795166,2.57775
base,3,p240_134_mic1,p240,data\VCTK\wav48_silence_trimmed\p240\p240_134_mic1.flac,p240,1,1,0.996321439743042,0.996321439743042,0.9959274530410767,0.00039398670196533203,2.57775
lca,1,p240_134_mic1,p240,data\VCTK\wav48_silence_trimmed\p240\p240_134_mic1.flac,p239,0,1,0.9869221448898315,0.9847216010093689,0.9869221448898315,-0.0022005438804626465,2.57775
lca,2,p240_134_mic1,p240,data\VCTK\wav48_silence_trimmed\p240\p240_134_mic1.flac,p240,1,1,0.995545506477356,0.995545506477356,0.9954513311386108,9.417533874511719e-05,2.57775
lca,3,p240_134_mic1,p240,data\VCTK\wav48_silence_trimmed\p240\p240_134_mic1.flac,p240,1,1,0.9962531328201294,0.9962531328201294,0.9950346946716309,0.0012184381484985352,2.57775
original,0,p240_191_mic2,p240,data\VCTK\wav48_silence_trimmed\p240\p240_191_mic2.flac,p240,1,1,0.9905390739440918,0.9905390739440918,0.9866688251495361,0.003870248794555664,3.345125
base,1,p240_191_mic2,p240,data\VCTK\wav48_silence_trimmed\p240\p240_191_mic2.flac,p239,0,1,0.9806017279624939,0.9787096381187439,0.9806017279624939,-0.00189208984375,3.345125
base,2,p240_191_mic2,p240,data\VCTK\wav48_silence_trimmed\p240\p240_191_mic2.flac,p240,1,1,0.9890512228012085,0.9890512228012085,0.9886683225631714,0.0003829002380371094,3.345125
base,3,p240_191_mic2,p240,data\VCTK\wav48_silence_trimmed\p240\p240_191_mic2.flac,p240,1,1,0.9909543991088867,0.9909543991088867,0.9901930093765259,0.0007613897323608398,3.345125
lca,1,p240_191_mic2,p240,data\VCTK\wav48_silence_trimmed\p240\p240_191_mic2.flac,p239,0,1,0.9834006428718567,0.9819925427436829,0.9834006428718567,-0.0014081001281738281,3.345125
lca,2,p240_191_mic2,p240,data\VCTK\wav48_silence_trimmed\p240\p240_191_mic2.flac,p239,0,1,0.9821633100509644,0.9820966124534607,0.9821633100509644,-6.669759750366211e-05,3.345125
lca,3,p240_191_mic2,p240,data\VCTK\wav48_silence_trimmed\p240\p240_191_mic2.flac,p240,1,1,0.9840542674064636,0.9840542674064636,0.983379602432251,0.0006746649742126465,3.345125
original,0,p240_326_mic2,p240,data\VCTK\wav48_silence_trimmed\p240\p240_326_mic2.flac,p313,0,1,0.9884587526321411,0.9565220475196838,0.9884587526321411,-0.031936705112457275,2.3074375
base,1,p240_326_mic2,p240,data\VCTK\wav48_silence_trimmed\p240\p240_326_mic2.flac,p302,0,1,0.9901455640792847,0.9653125405311584,0.9901455640792847,-0.02483302354812622,2.3074375
base,2,p240_326_mic2,p240,data\VCTK\wav48_silence_trimmed\p240\p240_326_mic2.flac,p302,0,1,0.9922184944152832,0.9672620892524719,0.9922184944152832,-0.02495640516281128,2.3074375
base,3,p240_326_mic2,p240,data\VCTK\wav48_silence_trimmed\p240\p240_326_mic2.flac,p254,0,1,0.9933956265449524,0.9715460538864136,0.9933956265449524,-0.02184957265853882,2.3074375
lca,1,p240_326_mic2,p240,data\VCTK\wav48_silence_trimmed\p240\p240_326_mic2.flac,p254,0,1,0.9890503883361816,0.9640728235244751,0.9890503883361816,-0.024977564811706543,2.3074375
lca,2,p240_326_mic2,p240,data\VCTK\wav48_silence_trimmed\p240\p240_326_mic2.flac,p254,0,1,0.991719126701355,0.9663573503494263,0.991719126701355,-0.02536177635192871,2.3074375
lca,3,p240_326_mic2,p240,data\VCTK\wav48_silence_trimmed\p240\p240_326_mic2.flac,p254,0,1,0.9920344948768616,0.966497540473938,0.9920344948768616,-0.025536954402923584,2.3074375
original,0,p244_024_mic1,p244,data\VCTK\wav48_silence_trimmed\p244\p244_024_mic1.flac,p281,0,1,0.9708632230758667,0.9612682461738586,0.9708632230758667,-0.009594976902008057,6.335125
base,1,p244_024_mic1,p244,data\VCTK\wav48_silence_trimmed\p244\p244_024_mic1.flac,p262,0,1,0.9668869376182556,0.9596242904663086,0.9668869376182556,-0.0072626471519470215,6.335125
base,2,p244_024_mic1,p244,data\VCTK\wav48_silence_trimmed\p244\p244_024_mic1.flac,p281,0,1,0.9752855896949768,0.9674022793769836,0.9752855896949768,-0.007883310317993164,6.335125
base,3,p244_024_mic1,p244,data\VCTK\wav48_silence_trimmed\p244\p244_024_mic1.flac,p281,0,1,0.9748546481132507,0.9642276763916016,0.9748546481132507,-0.01062697172164917,6.335125
lca,1,p244_024_mic1,p244,data\VCTK\wav48_silence_trimmed\p244\p244_024_mic1.flac,p262,0,1,0.977340579032898,0.9717193245887756,0.977340579032898,-0.0056212544441223145,6.335125
lca,2,p244_024_mic1,p244,data\VCTK\wav48_silence_trimmed\p244\p244_024_mic1.flac,p281,0,1,0.9756237864494324,0.9674794673919678,0.9756237864494324,-0.0081443190574646,6.335125
lca,3,p244_024_mic1,p244,data\VCTK\wav48_silence_trimmed\p244\p244_024_mic1.flac,p281,0,1,0.9720783829689026,0.9615733623504639,0.9720783829689026,-0.01050502061843872,6.335125
original,0,p244_094_mic2,p244,data\VCTK\wav48_silence_trimmed\p244\p244_094_mic2.flac,p244,1,1,0.9981265068054199,0.9981265068054199,0.9960257411003113,0.0021007657051086426,2.483625
base,1,p244_094_mic2,p244,data\VCTK\wav48_silence_trimmed\p244\p244_094_mic2.flac,p336,0,1,0.994063138961792,0.9885170459747314,0.994063138961792,-0.005546092987060547,2.483625
base,2,p244_094_mic2,p244,data\VCTK\wav48_silence_trimmed\p244\p244_094_mic2.flac,p336,0,1,0.9973469376564026,0.996753990650177,0.9973469376564026,-0.0005929470062255859,2.483625
base,3,p244_094_mic2,p244,data\VCTK\wav48_silence_trimmed\p244\p244_094_mic2.flac,p244,1,1,0.9964290857315063,0.9964290857315063,0.9959390759468079,0.0004900097846984863,2.483625
lca,1,p244_094_mic2,p244,data\VCTK\wav48_silence_trimmed\p244\p244_094_mic2.flac,p294,0,1,0.995876133441925,0.9924533367156982,0.995876133441925,-0.0034227967262268066,2.483625
lca,2,p244_094_mic2,p244,data\VCTK\wav48_silence_trimmed\p244\p244_094_mic2.flac,p244,1,1,0.9975425601005554,0.9975425601005554,0.9967782497406006,0.000764310359954834,2.483625
lca,3,p244_094_mic2,p244,data\VCTK\wav48_silence_trimmed\p244\p244_094_mic2.flac,p244,1,1,0.9978254437446594,0.9978254437446594,0.9966697692871094,0.0011556744575500488,2.483625
original,0,p244_158_mic2,p244,data\VCTK\wav48_silence_trimmed\p244\p244_158_mic2.flac,p244,1,1,0.9956247806549072,0.9956247806549072,0.9931301474571228,0.002494633197784424,3.0898125
base,1,p244_158_mic2,p244,data\VCTK\wav48_silence_trimmed\p244\p244_158_mic2.flac,p318,0,1,0.9941204786300659,0.9915130734443665,0.9941204786300659,-0.002607405185699463,3.0898125
base,2,p244_158_mic2,p244,data\VCTK\wav48_silence_trimmed\p244\p244_158_mic2.flac,p244,1,1,0.9949215650558472,0.9949215650558472,0.992621660232544,0.0022999048233032227,3.0898125
base,3,p244_158_mic2,p244,data\VCTK\wav48_silence_trimmed\p244\p244_158_mic2.flac,p244,1,1,0.9950111508369446,0.9950111508369446,0.992568850517273,0.002442300319671631,3.0898125
lca,1,p244_158_mic2,p244,data\VCTK\wav48_silence_trimmed\p244\p244_158_mic2.flac,p318,0,1,0.9941092729568481,0.9930388331413269,0.9941092729568481,-0.0010704398155212402,3.0898125
lca,2,p244_158_mic2,p244,data\VCTK\wav48_silence_trimmed\p244\p244_158_mic2.flac,p244,1,1,0.9937058091163635,0.9937058091163635,0.9920947551727295,0.0016110539436340332,3.0898125
lca,3,p244_158_mic2,p244,data\VCTK\wav48_silence_trimmed\p244\p244_158_mic2.flac,p244,1,1,0.9953982830047607,0.9953982830047607,0.9925144910812378,0.0028837919235229492,3.0898125
original,0,p244_173_mic1,p244,data\VCTK\wav48_silence_trimmed\p244\p244_173_mic1.flac,p244,1,1,0.9975603818893433,0.9975603818893433,0.9942038059234619,0.0033565759658813477,3.002625
base,1,p244_173_mic1,p244,data\VCTK\wav48_silence_trimmed\p244\p244_173_mic1.flac,p240,0,1,0.9884825348854065,0.9795582294464111,0.9884825348854065,-0.008924305438995361,3.002625
base,2,p244_173_mic1,p244,data\VCTK\wav48_silence_trimmed\p244\p244_173_mic1.flac,p244,1,1,0.9970017075538635,0.9970017075538635,0.995043158531189,0.0019585490226745605,3.002625
base,3,p244_173_mic1,p244,data\VCTK\wav48_silence_trimmed\p244\p244_173_mic1.flac,p244,1,1,0.9979782104492188,0.9979782104492188,0.9952369332313538,0.0027412772178649902,3.002625
lca,1,p244_173_mic1,p244,data\VCTK\wav48_silence_trimmed\p244\p244_173_mic1.flac,p262,0,1,0.990865170955658,0.9847162961959839,0.990865170955658,-0.006148874759674072,3.002625
lca,2,p244_173_mic1,p244,data\VCTK\wav48_silence_trimmed\p244\p244_173_mic1.flac,p244,1,1,0.996303141117096,0.996303141117096,0.99538654088974,0.000916600227355957,3.002625
lca,3,p244_173_mic1,p244,data\VCTK\wav48_silence_trimmed\p244\p244_173_mic1.flac,p244,1,1,0.9975728392601013,0.9975728392601013,0.9958550333976746,0.0017178058624267578,3.002625
original,0,p244_323_mic1,p244,data\VCTK\wav48_silence_trimmed\p244\p244_323_mic1.flac,p336,0,1,0.9961684942245483,0.9948431253433228,0.9961684942245483,-0.001325368881225586,2.535375
base,1,p244_323_mic1,p244,data\VCTK\wav48_silence_trimmed\p244\p244_323_mic1.flac,p302,0,1,0.9928728938102722,0.9841248393058777,0.9928728938102722,-0.008748054504394531,2.535375
base,2,p244_323_mic1,p244,data\VCTK\wav48_silence_trimmed\p244\p244_323_mic1.flac,p302,0,1,0.9968990087509155,0.9931910037994385,0.9968990087509155,-0.0037080049514770508,2.535375
base,3,p244_323_mic1,p244,data\VCTK\wav48_silence_trimmed\p244\p244_323_mic1.flac,p336,0,1,0.9967166185379028,0.9943369626998901,0.9967166185379028,-0.0023796558380126953,2.535375
lca,1,p244_323_mic1,p244,data\VCTK\wav48_silence_trimmed\p244\p244_323_mic1.flac,p294,0,1,0.9935292601585388,0.9841638803482056,0.9935292601585388,-0.009365379810333252,2.535375
lca,2,p244_323_mic1,p244,data\VCTK\wav48_silence_trimmed\p244\p244_323_mic1.flac,p294,0,1,0.9968368411064148,0.9925165176391602,0.9968368411064148,-0.004320323467254639,2.535375
lca,3,p244_323_mic1,p244,data\VCTK\wav48_silence_trimmed\p244\p244_323_mic1.flac,p336,0,1,0.9972026348114014,0.9943077564239502,0.9972026348114014,-0.002894878387451172,2.535375
original,0,p254_061_mic2,p254,data\VCTK\wav48_silence_trimmed\p254\p254_061_mic2.flac,p255,0,1,0.9928084015846252,0.9911675453186035,0.9928084015846252,-0.0016408562660217285,2.2654375
base,1,p254_061_mic2,p254,data\VCTK\wav48_silence_trimmed\p254\p254_061_mic2.flac,p239,0,1,0.9887560606002808,0.9836471676826477,0.9887560606002808,-0.005108892917633057,2.2654375
base,2,p254_061_mic2,p254,data\VCTK\wav48_silence_trimmed\p254\p254_061_mic2.flac,p239,0,1,0.9904358983039856,0.9839900135993958,0.9904358983039856,-0.006445884704589844,2.2654375
base,3,p254_061_mic2,p254,data\VCTK\wav48_silence_trimmed\p254\p254_061_mic2.flac,p255,0,1,0.9925946593284607,0.9891934990882874,0.9925946593284607,-0.00340116024017334,2.2654375
lca,1,p254_061_mic2,p254,data\VCTK\wav48_silence_trimmed\p254\p254_061_mic2.flac,p255,0,1,0.9912117123603821,0.9911988377571106,0.9912117123603821,-1.2874603271484375e-05,2.2654375
lca,2,p254_061_mic2,p254,data\VCTK\wav48_silence_trimmed\p254\p254_061_mic2.flac,p239,0,1,0.9904878735542297,0.9873405694961548,0.9904878735542297,-0.003147304058074951,2.2654375
lca,3,p254_061_mic2,p254,data\VCTK\wav48_silence_trimmed\p254\p254_061_mic2.flac,p255,0,1,0.9931488037109375,0.9912216663360596,0.9931488037109375,-0.0019271373748779297,2.2654375
original,0,p254_222_mic1,p254,data\VCTK\wav48_silence_trimmed\p254\p254_222_mic1.flac,p237,0,1,0.9970262050628662,0.9945019483566284,0.9970262050628662,-0.002524256706237793,2.5204375
base,1,p254_222_mic1,p254,data\VCTK\wav48_silence_trimmed\p254\p254_222_mic1.flac,p254,1,1,0.9927235841751099,0.9927235841751099,0.9896267056465149,0.0030968785285949707,2.5204375
base,2,p254_222_mic1,p254,data\VCTK\wav48_silence_trimmed\p254\p254_222_mic1.flac,p256,0,1,0.9976117610931396,0.9975327253341675,0.9976117610931396,-7.903575897216797e-05,2.5204375
base,3,p254_222_mic1,p254,data\VCTK\wav48_silence_trimmed\p254\p254_222_mic1.flac,p237,0,1,0.9975355267524719,0.9958492517471313,0.9975355267524719,-0.0016862750053405762,2.5204375
lca,1,p254_222_mic1,p254,data\VCTK\wav48_silence_trimmed\p254\p254_222_mic1.flac,p254,1,1,0.9930644631385803,0.9930644631385803,0.9901734590530396,0.0028910040855407715,2.5204375
lca,2,p254_222_mic1,p254,data\VCTK\wav48_silence_trimmed\p254\p254_222_mic1.flac,p254,1,1,0.9969763159751892,0.9969763159751892,0.9956731200218201,0.0013031959533691406,2.5204375
lca,3,p254_222_mic1,p254,data\VCTK\wav48_silence_trimmed\p254\p254_222_mic1.flac,p237,0,1,0.9961848855018616,0.9961255192756653,0.9961848855018616,-5.936622619628906e-05,2.5204375
original,0,p254_227_mic2,p254,data\VCTK\wav48_silence_trimmed\p254\p254_227_mic2.flac,p254,1,1,0.9980358481407166,0.9980358481407166,0.9964565634727478,0.00157928466796875,2.8548125
base,1,p254_227_mic2,p254,data\VCTK\wav48_silence_trimmed\p254\p254_227_mic2.flac,p254,1,1,0.9931765794754028,0.9931765794754028,0.9898415207862854,0.0033350586891174316,2.8548125
base,2,p254_227_mic2,p254,data\VCTK\wav48_silence_trimmed\p254\p254_227_mic2.flac,p254,1,1,0.9974697828292847,0.9974697828292847,0.9950454831123352,0.002424299716949463,2.8548125
base,3,p254_227_mic2,p254,data\VCTK\wav48_silence_trimmed\p254\p254_227_mic2.flac,p255,0,1,0.9961894750595093,0.99575275182724,0.9961894750595093,-0.0004367232322692871,2.8548125
lca,1,p254_227_mic2,p254,data\VCTK\wav48_silence_trimmed\p254\p254_227_mic2.flac,p254,1,1,0.9935894012451172,0.9935894012451172,0.9906338453292847,0.0029555559158325195,2.8548125
lca,2,p254_227_mic2,p254,data\VCTK\wav48_silence_trimmed\p254\p254_227_mic2.flac,p254,1,1,0.9957379698753357,0.9957379698753357,0.9933960437774658,0.002341926097869873,2.8548125
lca,3,p254_227_mic2,p254,data\VCTK\wav48_silence_trimmed\p254\p254_227_mic2.flac,p254,1,1,0.9956063032150269,0.9956063032150269,0.9949201345443726,0.0006861686706542969,2.8548125
original,0,p254_268_mic1,p254,data\VCTK\wav48_silence_trimmed\p254\p254_268_mic1.flac,p255,0,1,0.9878047704696655,0.9733818769454956,0.9878047704696655,-0.014422893524169922,4.4418125
base,1,p254_268_mic1,p254,data\VCTK\wav48_silence_trimmed\p254\p254_268_mic1.flac,p239,0,1,0.9910228848457336,0.9834596514701843,0.9910228848457336,-0.007563233375549316,4.4418125
base,2,p254_268_mic1,p254,data\VCTK\wav48_silence_trimmed\p254\p254_268_mic1.flac,p258,0,1,0.9939488172531128,0.9851712584495544,0.9939488172531128,-0.00877755880355835,4.4418125
base,3,p254_268_mic1,p254,data\VCTK\wav48_silence_trimmed\p254\p254_268_mic1.flac,p258,0,1,0.9929736852645874,0.9826610088348389,0.9929736852645874,-0.010312676429748535,4.4418125
lca,1,p254_268_mic1,p254,data\VCTK\wav48_silence_trimmed\p254\p254_268_mic1.flac,p239,0,1,0.992132842540741,0.9873425960540771,0.992132842540741,-0.004790246486663818,4.4418125
lca,2,p254_268_mic1,p254,data\VCTK\wav48_silence_trimmed\p254\p254_268_mic1.flac,p255,0,1,0.9939723014831543,0.9859063625335693,0.9939723014831543,-0.008065938949584961,4.4418125
lca,3,p254_268_mic1,p254,data\VCTK\wav48_silence_trimmed\p254\p254_268_mic1.flac,p255,0,1,0.9922000169754028,0.9825916886329651,0.9922000169754028,-0.009608328342437744,4.4418125
original,0,p254_398_mic2,p254,data\VCTK\wav48_silence_trimmed\p254\p254_398_mic2.flac,p254,1,1,0.9987882971763611,0.9987882971763611,0.9978941082954407,0.0008941888809204102,2.64875
base,1,p254_398_mic2,p254,data\VCTK\wav48_silence_trimmed\p254\p254_398_mic2.flac,p254,1,1,0.9938244223594666,0.9938244223594666,0.9930105805397034,0.0008138418197631836,2.64875
base,2,p254_398_mic2,p254,data\VCTK\wav48_silence_trimmed\p254\p254_398_mic2.flac,p302,0,1,0.995936393737793,0.9934794306755066,0.995936393737793,-0.002456963062286377,2.64875
base,3,p254_398_mic2,p254,data\VCTK\wav48_silence_trimmed\p254\p254_398_mic2.flac,p302,0,1,0.9968310594558716,0.9954723715782166,0.9968310594558716,-0.0013586878776550293,2.64875
lca,1,p254_398_mic2,p254,data\VCTK\wav48_silence_trimmed\p254\p254_398_mic2.flac,p302,0,1,0.9951207637786865,0.9941918253898621,0.9951207637786865,-0.0009289383888244629,2.64875
lca,2,p254_398_mic2,p254,data\VCTK\wav48_silence_trimmed\p254\p254_398_mic2.flac,p254,1,1,0.996435284614563,0.996435284614563,0.9957926273345947,0.0006426572799682617,2.64875
lca,3,p254_398_mic2,p254,data\VCTK\wav48_silence_trimmed\p254\p254_398_mic2.flac,p254,1,1,0.9970613121986389,0.9970613121986389,0.9965642690658569,0.0004970431327819824,2.64875
original,0,p255_058_mic2,p255,data\VCTK\wav48_silence_trimmed\p255\p255_058_mic2.flac,p255,1,1,0.9973211288452148,0.9973211288452148,0.9972515106201172,6.961822509765625e-05,3.23725
base,1,p255_058_mic2,p255,data\VCTK\wav48_silence_trimmed\p255\p255_058_mic2.flac,p262,0,1,0.9935043454170227,0.9929519891738892,0.9935043454170227,-0.0005523562431335449,3.23725
base,2,p255_058_mic2,p255,data\VCTK\wav48_silence_trimmed\p255\p255_058_mic2.flac,p229,0,1,0.9970975518226624,0.9964937567710876,0.9970975518226624,-0.000603795051574707,3.23725
base,3,p255_058_mic2,p255,data\VCTK\wav48_silence_trimmed\p255\p255_058_mic2.flac,p229,0,1,0.9970742464065552,0.9963434338569641,0.9970742464065552,-0.0007308125495910645,3.23725
lca,1,p255_058_mic2,p255,data\VCTK\wav48_silence_trimmed\p255\p255_058_mic2.flac,p262,0,1,0.9942936897277832,0.9942426085472107,0.9942936897277832,-5.1081180572509766e-05,3.23725
lca,2,p255_058_mic2,p255,data\VCTK\wav48_silence_trimmed\p255\p255_058_mic2.flac,p262,0,1,0.9959392547607422,0.9958274960517883,0.9959392547607422,-0.00011175870895385742,3.23725
lca,3,p255_058_mic2,p255,data\VCTK\wav48_silence_trimmed\p255\p255_058_mic2.flac,p229,0,1,0.9972724318504333,0.9959622025489807,0.9972724318504333,-0.0013102293014526367,3.23725
original,0,p255_077_mic2,p255,data\VCTK\wav48_silence_trimmed\p255\p255_077_mic2.flac,p255,1,1,0.9969159364700317,0.9969159364700317,0.9966346025466919,0.00028133392333984375,4.4716875
base,1,p255_077_mic2,p255,data\VCTK\wav48_silence_trimmed\p255\p255_077_mic2.flac,p262,0,1,0.9942924976348877,0.9929272532463074,0.9942924976348877,-0.0013652443885803223,4.4716875
base,2,p255_077_mic2,p255,data\VCTK\wav48_silence_trimmed\p255\p255_077_mic2.flac,p262,0,1,0.996680498123169,0.9956614375114441,0.996680498123169,-0.0010190606117248535,4.4716875
base,3,p255_077_mic2,p255,data\VCTK\wav48_silence_trimmed\p255\p255_077_mic2.flac,p262,0,1,0.9969155192375183,0.9965343475341797,0.9969155192375183,-0.00038117170333862305,4.4716875
lca,1,p255_077_mic2,p255,data\VCTK\wav48_silence_trimmed\p255\p255_077_mic2.flac,p262,0,1,0.9945595264434814,0.9923597574234009,0.9945595264434814,-0.0021997690200805664,4.4716875
lca,2,p255_077_mic2,p255,data\VCTK\wav48_silence_trimmed\p255\p255_077_mic2.flac,p262,0,1,0.9962166547775269,0.9957336187362671,0.9962166547775269,-0.0004830360412597656,4.4716875
lca,3,p255_077_mic2,p255,data\VCTK\wav48_silence_trimmed\p255\p255_077_mic2.flac,p255,1,1,0.997367262840271,0.997367262840271,0.9969356656074524,0.0004315972328186035,4.4716875
original,0,p255_096_mic2,p255,data\VCTK\wav48_silence_trimmed\p255\p255_096_mic2.flac,p313,0,1,0.997133195400238,0.9842242002487183,0.997133195400238,-0.012908995151519775,1.945125
base,1,p255_096_mic2,p255,data\VCTK\wav48_silence_trimmed\p255\p255_096_mic2.flac,p302,0,1,0.9943559169769287,0.979010820388794,0.9943559169769287,-0.015345096588134766,1.945125
base,2,p255_096_mic2,p255,data\VCTK\wav48_silence_trimmed\p255\p255_096_mic2.flac,p302,0,1,0.9940922260284424,0.9741742610931396,0.9940922260284424,-0.019917964935302734,1.945125
base,3,p255_096_mic2,p255,data\VCTK\wav48_silence_trimmed\p255\p255_096_mic2.flac,p302,0,1,0.9950007200241089,0.9767367243766785,0.9950007200241089,-0.01826399564743042,1.945125
lca,1,p255_096_mic2,p255,data\VCTK\wav48_silence_trimmed\p255\p255_096_mic2.flac,p302,0,1,0.9956993460655212,0.9853910803794861,0.9956993460655212,-0.010308265686035156,1.945125
lca,2,p255_096_mic2,p255,data\VCTK\wav48_silence_trimmed\p255\p255_096_mic2.flac,p302,0,1,0.9964483380317688,0.9827556014060974,0.9964483380317688,-0.013692736625671387,1.945125
lca,3,p255_096_mic2,p255,data\VCTK\wav48_silence_trimmed\p255\p255_096_mic2.flac,p302,0,1,0.9963887333869934,0.9825299978256226,0.9963887333869934,-0.01385873556137085,1.945125
original,0,p255_355_mic2,p255,data\VCTK\wav48_silence_trimmed\p255\p255_355_mic2.flac,p255,1,1,0.9971643090248108,0.9971643090248108,0.9962365031242371,0.0009278059005737305,2.0508125
base,1,p255_355_mic2,p255,data\VCTK\wav48_silence_trimmed\p255\p255_355_mic2.flac,p239,0,1,0.9796856641769409,0.9770745038986206,0.9796856641769409,-0.0026111602783203125,2.0508125
base,2,p255_355_mic2,p255,data\VCTK\wav48_silence_trimmed\p255\p255_355_mic2.flac,p255,1,1,0.9942620396614075,0.9942620396614075,0.9941628575325012,9.918212890625e-05,2.0508125
base,3,p255_355_mic2,p255,data\VCTK\wav48_silence_trimmed\p255\p255_355_mic2.flac,p255,1,1,0.9950969815254211,0.9950969815254211,0.9947609305381775,0.00033605098724365234,2.0508125
lca,1,p255_355_mic2,p255,data\VCTK\wav48_silence_trimmed\p255\p255_355_mic2.flac,p239,0,1,0.9877126216888428,0.9868805408477783,0.9877126216888428,-0.0008320808410644531,2.0508125
lca,2,p255_355_mic2,p255,data\VCTK\wav48_silence_trimmed\p255\p255_355_mic2.flac,p239,0,1,0.9882452487945557,0.9872564673423767,0.9882452487945557,-0.000988781452178955,2.0508125
lca,3,p255_355_mic2,p255,data\VCTK\wav48_silence_trimmed\p255\p255_355_mic2.flac,p239,0,1,0.9914885759353638,0.9911750555038452,0.9914885759353638,-0.0003135204315185547,2.0508125
original,0,p255_361_mic1,p255,data\VCTK\wav48_silence_trimmed\p255\p255_361_mic1.flac,p255,1,1,0.9975003004074097,0.9975003004074097,0.9971502423286438,0.00035005807876586914,4.0331875
base,1,p255_361_mic1,p255,data\VCTK\wav48_silence_trimmed\p255\p255_361_mic1.flac,p239,0,1,0.9925529360771179,0.9905142188072205,0.9925529360771179,-0.002038717269897461,4.0331875
base,2,p255_361_mic1,p255,data\VCTK\wav48_silence_trimmed\p255\p255_361_mic1.flac,p255,1,1,0.9989720582962036,0.9989720582962036,0.9974267482757568,0.0015453100204467773,4.0331875
base,3,p255_361_mic1,p255,data\VCTK\wav48_silence_trimmed\p255\p255_361_mic1.flac,p255,1,1,0.9990735054016113,0.9990735054016113,0.9969533681869507,0.0021201372146606445,4.0331875
lca,1,p255_361_mic1,p255,data\VCTK\wav48_silence_trimmed\p255\p255_361_mic1.flac,p239,0,1,0.9921344518661499,0.9919319152832031,0.9921344518661499,-0.00020253658294677734,4.0331875
lca,2,p255_361_mic1,p255,data\VCTK\wav48_silence_trimmed\p255\p255_361_mic1.flac,p255,1,1,0.9982402324676514,0.9982402324676514,0.9963803887367249,0.0018598437309265137,4.0331875
lca,3,p255_361_mic1,p255,data\VCTK\wav48_silence_trimmed\p255\p255_361_mic1.flac,p255,1,1,0.9989277124404907,0.9989277124404907,0.9964872002601624,0.002440512180328369,4.0331875
original,0,p256_057_mic1,p256,data\VCTK\wav48_silence_trimmed\p256\p256_057_mic1.flac,p255,0,1,0.996359646320343,0.9942421913146973,0.996359646320343,-0.002117455005645752,4.6836875
base,1,p256_057_mic1,p256,data\VCTK\wav48_silence_trimmed\p256\p256_057_mic1.flac,p239,0,1,0.9872991442680359,0.9773271679878235,0.9872991442680359,-0.009971976280212402,4.6836875
base,2,p256_057_mic1,p256,data\VCTK\wav48_silence_trimmed\p256\p256_057_mic1.flac,p255,0,1,0.9948983788490295,0.9917196035385132,0.9948983788490295,-0.0031787753105163574,4.6836875
base,3,p256_057_mic1,p256,data\VCTK\wav48_silence_trimmed\p256\p256_057_mic1.flac,p255,0,1,0.995746910572052,0.9902689456939697,0.995746910572052,-0.005477964878082275,4.6836875
lca,1,p256_057_mic1,p256,data\VCTK\wav48_silence_trimmed\p256\p256_057_mic1.flac,p254,0,1,0.9909736514091492,0.9851984977722168,0.9909736514091492,-0.005775153636932373,4.6836875
lca,2,p256_057_mic1,p256,data\VCTK\wav48_silence_trimmed\p256\p256_057_mic1.flac,p254,0,1,0.9944826364517212,0.9913656711578369,0.9944826364517212,-0.0031169652938842773,4.6836875
lca,3,p256_057_mic1,p256,data\VCTK\wav48_silence_trimmed\p256\p256_057_mic1.flac,p255,0,1,0.9944115281105042,0.9910653829574585,0.9944115281105042,-0.0033461451530456543,4.6836875
original,0,p256_089_mic1,p256,data\VCTK\wav48_silence_trimmed\p256\p256_089_mic1.flac,p256,1,1,0.9976604580879211,0.9976604580879211,0.997633695602417,2.676248550415039e-05,2.7124375
base,1,p256_089_mic1,p256,data\VCTK\wav48_silence_trimmed\p256\p256_089_mic1.flac,p254,0,1,0.9929057359695435,0.9893794059753418,0.9929057359695435,-0.00352632999420166,2.7124375
base,2,p256_089_mic1,p256,data\VCTK\wav48_silence_trimmed\p256\p256_089_mic1.flac,p254,0,1,0.9984291791915894,0.9970337152481079,0.9984291791915894,-0.0013954639434814453,2.7124375
base,3,p256_089_mic1,p256,data\VCTK\wav48_silence_trimmed\p256\p256_089_mic1.flac,p254,0,1,0.9983990788459778,0.9976449608802795,0.9983990788459778,-0.0007541179656982422,2.7124375
lca,1,p256_089_mic1,p256,data\VCTK\wav48_silence_trimmed\p256\p256_089_mic1.flac,p254,0,1,0.9936469197273254,0.9889192581176758,0.9936469197273254,-0.004727661609649658,2.7124375
lca,2,p256_089_mic1,p256,data\VCTK\wav48_silence_trimmed\p256\p256_089_mic1.flac,p254,0,1,0.997367262840271,0.9941227436065674,0.997367262840271,-0.0032445192337036133,2.7124375
lca,3,p256_089_mic1,p256,data\VCTK\wav48_silence_trimmed\p256\p256_089_mic1.flac,p254,0,1,0.9977397918701172,0.9951882362365723,0.9977397918701172,-0.002551555633544922,2.7124375
original,0,p256_090_mic2,p256,data\VCTK\wav48_silence_trimmed\p256\p256_090_mic2.flac,p256,1,1,0.9975491166114807,0.9975491166114807,0.9965139627456665,0.001035153865814209,2.7310625
base,1,p256_090_mic2,p256,data\VCTK\wav48_silence_trimmed\p256\p256_090_mic2.flac,p302,0,1,0.9936828017234802,0.9909627437591553,0.9936828017234802,-0.002720057964324951,2.7310625
base,2,p256_090_mic2,p256,data\VCTK\wav48_silence_trimmed\p256\p256_090_mic2.flac,p302,0,1,0.997011661529541,0.995363712310791,0.997011661529541,-0.00164794921875,2.7310625
base,3,p256_090_mic2,p256,data\VCTK\wav48_silence_trimmed\p256\p256_090_mic2.flac,p302,0,1,0.9968651533126831,0.9958866238594055,0.9968651533126831,-0.0009785294532775879,2.7310625
lca,1,p256_090_mic2,p256,data\VCTK\wav48_silence_trimmed\p256\p256_090_mic2.flac,p302,0,1,0.9947925209999084,0.9920841455459595,0.9947925209999084,-0.0027083754539489746,2.7310625
lca,2,p256_090_mic2,p256,data\VCTK\wav48_silence_trimmed\p256\p256_090_mic2.flac,p254,0,1,0.996662974357605,0.995788037776947,0.996662974357605,-0.000874936580657959,2.7310625
lca,3,p256_090_mic2,p256,data\VCTK\wav48_silence_trimmed\p256\p256_090_mic2.flac,p256,1,1,0.9959042072296143,0.9959042072296143,0.9958686232566833,3.55839729309082e-05,2.7310625
original,0,p256_178_mic1,p256,data\VCTK\wav48_silence_trimmed\p256\p256_178_mic1.flac,p256,1,1,0.9987922310829163,0.9987922310829163,0.9965071678161621,0.0022850632667541504,2.51375
base,1,p256_178_mic1,p256,data\VCTK\wav48_silence_trimmed\p256\p256_178_mic1.flac,p254,0,1,0.9943532943725586,0.9916307926177979,0.9943532943725586,-0.002722501754760742,2.51375
base,2,p256_178_mic1,p256,data\VCTK\wav48_silence_trimmed\p256\p256_178_mic1.flac,p256,1,1,0.9975802898406982,0.9975802898406982,0.9973621964454651,0.0002180933952331543,2.51375
base,3,p256_178_mic1,p256,data\VCTK\wav48_silence_trimmed\p256\p256_178_mic1.flac,p256,1,1,0.9977540373802185,0.9977540373802185,0.9968977570533752,0.0008562803268432617,2.51375
lca,1,p256_178_mic1,p256,data\VCTK\wav48_silence_trimmed\p256\p256_178_mic1.flac,p254,0,1,0.9918271899223328,0.988707959651947,0.9918271899223328,-0.003119230270385742,2.51375
lca,2,p256_178_mic1,p256,data\VCTK\wav48_silence_trimmed\p256\p256_178_mic1.flac,p254,0,1,0.9970713257789612,0.9967058897018433,0.9970713257789612,-0.0003654360771179199,2.51375
lca,3,p256_178_mic1,p256,data\VCTK\wav48_silence_trimmed\p256\p256_178_mic1.flac,p256,1,1,0.9969716668128967,0.9969716668128967,0.9966291785240173,0.00034248828887939453,2.51375
original,0,p256_318_mic2,p256,data\VCTK\wav48_silence_trimmed\p256\p256_318_mic2.flac,p254,0,1,0.9976524114608765,0.9975341558456421,0.9976524114608765,-0.000118255615234375,2.8059375
base,1,p256_318_mic2,p256,data\VCTK\wav48_silence_trimmed\p256\p256_318_mic2.flac,p254,0,1,0.9906617403030396,0.9863006472587585,0.9906617403030396,-0.004361093044281006,2.8059375
base,2,p256_318_mic2,p256,data\VCTK\wav48_silence_trimmed\p256\p256_318_mic2.flac,p254,0,1,0.9972441792488098,0.9954372048377991,0.9972441792488098,-0.0018069744110107422,2.8059375
base,3,p256_318_mic2,p256,data\VCTK\wav48_silence_trimmed\p256\p256_318_mic2.flac,p254,0,1,0.9971565008163452,0.9959551692008972,0.9971565008163452,-0.001201331615447998,2.8059375
lca,1,p256_318_mic2,p256,data\VCTK\wav48_silence_trimmed\p256\p256_318_mic2.flac,p302,0,1,0.9947485327720642,0.9907567501068115,0.9947485327720642,-0.0039917826652526855,2.8059375
lca,2,p256_318_mic2,p256,data\VCTK\wav48_silence_trimmed\p256\p256_318_mic2.flac,p254,0,1,0.9968292713165283,0.9950077533721924,0.9968292713165283,-0.0018215179443359375,2.8059375
lca,3,p256_318_mic2,p256,data\VCTK\wav48_silence_trimmed\p256\p256_318_mic2.flac,p254,0,1,0.9977807402610779,0.9962748885154724,0.9977807402610779,-0.0015058517456054688,2.8059375
original,0,p258_024_mic1,p258,data\VCTK\wav48_silence_trimmed\p258\p258_024_mic1.flac,p228,0,1,0.9931401610374451,0.9916269183158875,0.9931401610374451,-0.0015132427215576172,6.2460625
base,1,p258_024_mic1,p258,data\VCTK\wav48_silence_trimmed\p258\p258_024_mic1.flac,p262,0,1,0.9828646779060364,0.9785375595092773,0.9828646779060364,-0.004327118396759033,6.2460625
base,2,p258_024_mic1,p258,data\VCTK\wav48_silence_trimmed\p258\p258_024_mic1.flac,p281,0,1,0.9901211261749268,0.9883230924606323,0.9901211261749268,-0.0017980337142944336,6.2460625
base,3,p258_024_mic1,p258,data\VCTK\wav48_silence_trimmed\p258\p258_024_mic1.flac,p281,0,1,0.9902713298797607,0.9861131906509399,0.9902713298797607,-0.004158139228820801,6.2460625
lca,1,p258_024_mic1,p258,data\VCTK\wav48_silence_trimmed\p258\p258_024_mic1.flac,p262,0,1,0.9853428602218628,0.9815570712089539,0.9853428602218628,-0.0037857890129089355,6.2460625
lca,2,p258_024_mic1,p258,data\VCTK\wav48_silence_trimmed\p258\p258_024_mic1.flac,p255,0,1,0.9847235679626465,0.9815511703491211,0.9847235679626465,-0.0031723976135253906,6.2460625
lca,3,p258_024_mic1,p258,data\VCTK\wav48_silence_trimmed\p258\p258_024_mic1.flac,p281,0,1,0.9884617328643799,0.9859307408332825,0.9884617328643799,-0.002530992031097412,6.2460625
original,0,p258_307_mic2,p258,data\VCTK\wav48_silence_trimmed\p258\p258_307_mic2.flac,p262,0,1,0.9968589544296265,0.9963206648826599,0.9968589544296265,-0.0005382895469665527,3.9419375
base,1,p258_307_mic2,p258,data\VCTK\wav48_silence_trimmed\p258\p258_307_mic2.flac,p262,0,1,0.9936357140541077,0.9923645853996277,0.9936357140541077,-0.0012711286544799805,3.9419375
base,2,p258_307_mic2,p258,data\VCTK\wav48_silence_trimmed\p258\p258_307_mic2.flac,p262,0,1,0.9959292411804199,0.9956411123275757,0.9959292411804199,-0.0002881288528442383,3.9419375
base,3,p258_307_mic2,p258,data\VCTK\wav48_silence_trimmed\p258\p258_307_mic2.flac,p262,0,1,0.9962684512138367,0.9959839582443237,0.9962684512138367,-0.00028449296951293945,3.9419375
lca,1,p258_307_mic2,p258,data\VCTK\wav48_silence_trimmed\p258\p258_307_mic2.flac,p262,0,1,0.993800163269043,0.993340790271759,0.993800163269043,-0.00045937299728393555,3.9419375
lca,2,p258_307_mic2,p258,data\VCTK\wav48_silence_trimmed\p258\p258_307_mic2.flac,p262,0,1,0.9935665726661682,0.9923741817474365,0.9935665726661682,-0.0011923909187316895,3.9419375
lca,3,p258_307_mic2,p258,data\VCTK\wav48_silence_trimmed\p258\p258_307_mic2.flac,p262,0,1,0.9951714873313904,0.9947201013565063,0.9951714873313904,-0.0004513859748840332,3.9419375
original,0,p258_327_mic1,p258,data\VCTK\wav48_silence_trimmed\p258\p258_327_mic1.flac,p258,1,1,0.9975530505180359,0.9975530505180359,0.996566116809845,0.000986933708190918,2.6586875
base,1,p258_327_mic1,p258,data\VCTK\wav48_silence_trimmed\p258\p258_327_mic1.flac,p255,0,1,0.9923717975616455,0.9923679828643799,0.9923717975616455,-3.814697265625e-06,2.6586875
base,2,p258_327_mic1,p258,data\VCTK\wav48_silence_trimmed\p258\p258_327_mic1.flac,p258,1,1,0.996561586856842,0.996561586856842,0.9956090450286865,0.0009525418281555176,2.6586875
base,3,p258_327_mic1,p258,data\VCTK\wav48_silence_trimmed\p258\p258_327_mic1.flac,p258,1,1,0.9970900416374207,0.9970900416374207,0.9963032603263855,0.0007867813110351562,2.6586875
lca,1,p258_327_mic1,p258,data\VCTK\wav48_silence_trimmed\p258\p258_327_mic1.flac,p255,0,1,0.9925587773323059,0.991438627243042,0.9925587773323059,-0.001120150089263916,2.6586875
lca,2,p258_327_mic1,p258,data\VCTK\wav48_silence_trimmed\p258\p258_327_mic1.flac,p258,1,1,0.9962494969367981,0.9962494969367981,0.9961603283882141,8.916854858398438e-05,2.6586875
lca,3,p258_327_mic1,p258,data\VCTK\wav48_silence_trimmed\p258\p258_327_mic1.flac,p258,1,1,0.9959139227867126,0.9959139227867126,0.9954293370246887,0.0004845857620239258,2.6586875
original,0,p258_346_mic2,p258,data\VCTK\wav48_silence_trimmed\p258\p258_346_mic2.flac,p262,0,1,0.9942650198936462,0.9937799572944641,0.9942650198936462,-0.0004850625991821289,3.3105
base,1,p258_346_mic2,p258,data\VCTK\wav48_silence_trimmed\p258\p258_346_mic2.flac,p239,0,1,0.9882717132568359,0.9863966703414917,0.9882717132568359,-0.0018750429153442383,3.3105
base,2,p258_346_mic2,p258,data\VCTK\wav48_silence_trimmed\p258\p258_346_mic2.flac,p258,1,1,0.9967252016067505,0.9967252016067505,0.9961715340614319,0.0005536675453186035,3.3105
base,3,p258_346_mic2,p258,data\VCTK\wav48_silence_trimmed\p258\p258_346_mic2.flac,p258,1,1,0.9962827563285828,0.9962827563285828,0.996048629283905,0.00023412704467773438,3.3105
lca,1,p258_346_mic2,p258,data\VCTK\wav48_silence_trimmed\p258\p258_346_mic2.flac,p239,0,1,0.9885522127151489,0.9883313775062561,0.9885522127151489,-0.00022083520889282227,3.3105
lca,2,p258_346_mic2,p258,data\VCTK\wav48_silence_trimmed\p258\p258_346_mic2.flac,p258,1,1,0.9937958717346191,0.9937958717346191,0.9934634566307068,0.0003324151039123535,3.3105
lca,3,p258_346_mic2,p258,data\VCTK\wav48_silence_trimmed\p258\p258_346_mic2.flac,p262,0,1,0.9931988716125488,0.9929631352424622,0.9931988716125488,-0.00023573637008666992,3.3105
original,0,p258_396_mic2,p258,data\VCTK\wav48_silence_trimmed\p258\p258_396_mic2.flac,p254,0,1,0.997119128704071,0.9946415424346924,0.997119128704071,-0.002477586269378662,1.707375
base,1,p258_396_mic2,p258,data\VCTK\wav48_silence_trimmed\p258\p258_396_mic2.flac,p254,0,1,0.9929682016372681,0.9859884977340698,0.9929682016372681,-0.006979703903198242,1.707375
base,2,p258_396_mic2,p258,data\VCTK\wav48_silence_trimmed\p258\p258_396_mic2.flac,p254,0,1,0.9964773654937744,0.9933705925941467,0.9964773654937744,-0.0031067728996276855,1.707375
base,3,p258_396_mic2,p258,data\VCTK\wav48_silence_trimmed\p258\p258_396_mic2.flac,p254,0,1,0.9968026876449585,0.9949749112129211,0.9968026876449585,-0.0018277764320373535,1.707375
lca,1,p258_396_mic2,p258,data\VCTK\wav48_silence_trimmed\p258\p258_396_mic2.flac,p254,0,1,0.9942131638526917,0.9897249937057495,0.9942131638526917,-0.004488170146942139,1.707375
lca,2,p258_396_mic2,p258,data\VCTK\wav48_silence_trimmed\p258\p258_396_mic2.flac,p254,0,1,0.9951712489128113,0.9924598932266235,0.9951712489128113,-0.002711355686187744,1.707375
lca,3,p258_396_mic2,p258,data\VCTK\wav48_silence_trimmed\p258\p258_396_mic2.flac,p254,0,1,0.996724009513855,0.9930404424667358,0.996724009513855,-0.0036835670471191406,1.707375
original,0,p262_102_mic1,p262,data\VCTK\wav48_silence_trimmed\p262\p262_102_mic1.flac,p255,0,1,0.9969466924667358,0.9959763288497925,0.9969466924667358,-0.0009703636169433594,2.17675
base,1,p262_102_mic1,p262,data\VCTK\wav48_silence_trimmed\p262\p262_102_mic1.flac,p254,0,1,0.9919514656066895,0.988425076007843,0.9919514656066895,-0.0035263895988464355,2.17675
base,2,p262_102_mic1,p262,data\VCTK\wav48_silence_trimmed\p262\p262_102_mic1.flac,p255,0,1,0.9970746040344238,0.9951076507568359,0.9970746040344238,-0.0019669532775878906,2.17675
base,3,p262_102_mic1,p262,data\VCTK\wav48_silence_trimmed\p262\p262_102_mic1.flac,p255,0,1,0.9971815943717957,0.9956512451171875,0.9971815943717957,-0.0015303492546081543,2.17675
lca,1,p262_102_mic1,p262,data\VCTK\wav48_silence_trimmed\p262\p262_102_mic1.flac,p254,0,1,0.9921616315841675,0.982300341129303,0.9921616315841675,-0.009861290454864502,2.17675
lca,2,p262_102_mic1,p262,data\VCTK\wav48_silence_trimmed\p262\p262_102_mic1.flac,p255,0,1,0.9952327609062195,0.9935005307197571,0.9952327609062195,-0.0017322301864624023,2.17675
lca,3,p262_102_mic1,p262,data\VCTK\wav48_silence_trimmed\p262\p262_102_mic1.flac,p255,0,1,0.9968432188034058,0.9945771098136902,0.9968432188034058,-0.002266108989715576,2.17675
original,0,p262_134_mic2,p262,data\VCTK\wav48_silence_trimmed\p262\p262_134_mic2.flac,p262,1,1,0.9974555373191833,0.9974555373191833,0.9966418147087097,0.0008137226104736328,3.11525
base,1,p262_134_mic2,p262,data\VCTK\wav48_silence_trimmed\p262\p262_134_mic2.flac,p239,0,1,0.985212504863739,0.9815201163291931,0.985212504863739,-0.0036923885345458984,3.11525
base,2,p262_134_mic2,p262,data\VCTK\wav48_silence_trimmed\p262\p262_134_mic2.flac,p239,0,1,0.9966223835945129,0.9957019090652466,0.9966223835945129,-0.0009204745292663574,3.11525
base,3,p262_134_mic2,p262,data\VCTK\wav48_silence_trimmed\p262\p262_134_mic2.flac,p239,0,1,0.9971765279769897,0.9968299865722656,0.9971765279769897,-0.0003465414047241211,3.11525
lca,1,p262_134_mic2,p262,data\VCTK\wav48_silence_trimmed\p262\p262_134_mic2.flac,p239,0,1,0.9832698106765747,0.9797664284706116,0.9832698106765747,-0.0035033822059631348,3.11525
lca,2,p262_134_mic2,p262,data\VCTK\wav48_silence_trimmed\p262\p262_134_mic2.flac,p239,0,1,0.9922099709510803,0.9893012046813965,0.9922099709510803,-0.002908766269683838,3.11525
lca,3,p262_134_mic2,p262,data\VCTK\wav48_silence_trimmed\p262\p262_134_mic2.flac,p239,0,1,0.9937692880630493,0.9915059208869934,0.9937692880630493,-0.002263367176055908,3.11525
original,0,p262_219_mic2,p262,data\VCTK\wav48_silence_trimmed\p262\p262_219_mic2.flac,p308,0,1,0.9970155954360962,0.9897599220275879,0.9970155954360962,-0.007255673408508301,2.7285
base,1,p262_219_mic2,p262,data\VCTK\wav48_silence_trimmed\p262\p262_219_mic2.flac,p294,0,1,0.9893972277641296,0.9868227243423462,0.9893972277641296,-0.0025745034217834473,2.7285
base,2,p262_219_mic2,p262,data\VCTK\wav48_silence_trimmed\p262\p262_219_mic2.flac,p294,0,1,0.9954135417938232,0.9891416430473328,0.9954135417938232,-0.0062718987464904785,2.7285
base,3,p262_219_mic2,p262,data\VCTK\wav48_silence_trimmed\p262\p262_219_mic2.flac,p294,0,1,0.995911717414856,0.9892916083335876,0.995911717414856,-0.0066201090812683105,2.7285
lca,1,p262_219_mic2,p262,data\VCTK\wav48_silence_trimmed\p262\p262_219_mic2.flac,p294,0,1,0.9931408166885376,0.9856692552566528,0.9931408166885376,-0.007471561431884766,2.7285
lca,2,p262_219_mic2,p262,data\VCTK\wav48_silence_trimmed\p262\p262_219_mic2.flac,p294,0,1,0.9953848719596863,0.9883301258087158,0.9953848719596863,-0.007054746150970459,2.7285
lca,3,p262_219_mic2,p262,data\VCTK\wav48_silence_trimmed\p262\p262_219_mic2.flac,p306,0,1,0.9959256052970886,0.9903866052627563,0.9959256052970886,-0.005539000034332275,2.7285
original,0,p262_253_mic2,p262,data\VCTK\wav48_silence_trimmed\p262\p262_253_mic2.flac,p262,1,1,0.9976788759231567,0.9976788759231567,0.9970026016235352,0.000676274299621582,3.62825
base,1,p262_253_mic2,p262,data\VCTK\wav48_silence_trimmed\p262\p262_253_mic2.flac,p239,0,1,0.991093099117279,0.9908062815666199,0.991093099117279,-0.0002868175506591797,3.62825
base,2,p262_253_mic2,p262,data\VCTK\wav48_silence_trimmed\p262\p262_253_mic2.flac,p262,1,1,0.9968950152397156,0.9968950152397156,0.996593713760376,0.0003013014793395996,3.62825
base,3,p262_253_mic2,p262,data\VCTK\wav48_silence_trimmed\p262\p262_253_mic2.flac,p262,1,1,0.9976511597633362,0.9976511597633362,0.9971296191215515,0.000521540641784668,3.62825
lca,1,p262_253_mic2,p262,data\VCTK\wav48_silence_trimmed\p262\p262_253_mic2.flac,p262,1,1,0.9925268888473511,0.9925268888473511,0.9923753142356873,0.00015157461166381836,3.62825
lca,2,p262_253_mic2,p262,data\VCTK\wav48_silence_trimmed\p262\p262_253_mic2.flac,p262,1,1,0.9955090880393982,0.9955090880393982,0.9950354695320129,0.0004736185073852539,3.62825
lca,3,p262_253_mic2,p262,data\VCTK\wav48_silence_trimmed\p262\p262_253_mic2.flac,p262,1,1,0.9971140623092651,0.9971140623092651,0.9960739612579346,0.0010401010513305664,3.62825
original,0,p262_276_mic1,p262,data\VCTK\wav48_silence_trimmed\p262\p262_276_mic1.flac,p228,0,1,0.9973800182342529,0.9966118931770325,0.9973800182342529,-0.000768125057220459,4.724
base,1,p262_276_mic1,p262,data\VCTK\wav48_silence_trimmed\p262\p262_276_mic1.flac,p262,1,1,0.9923117160797119,0.9923117160797119,0.9919580817222595,0.0003536343574523926,4.724
base,2,p262_276_mic1,p262,data\VCTK\wav48_silence_trimmed\p262\p262_276_mic1.flac,p262,1,1,0.9977777600288391,0.9977777600288391,0.9974472522735596,0.000330507755279541,4.724
base,3,p262_276_mic1,p262,data\VCTK\wav48_silence_trimmed\p262\p262_276_mic1.flac,p262,1,1,0.9979041814804077,0.9979041814804077,0.9977594614028931,0.00014472007751464844,4.724
lca,1,p262_276_mic1,p262,data\VCTK\wav48_silence_trimmed\p262\p262_276_mic1.flac,p239,0,1,0.9899014830589294,0.9898340106010437,0.9899014830589294,-6.747245788574219e-05,4.724
lca,2,p262_276_mic1,p262,data\VCTK\wav48_silence_trimmed\p262\p262_276_mic1.flac,p262,1,1,0.9975201487541199,0.9975201487541199,0.9960395693778992,0.0014805793762207031,4.724
lca,3,p262_276_mic1,p262,data\VCTK\wav48_silence_trimmed\p262\p262_276_mic1.flac,p262,1,1,0.9976661801338196,0.9976661801338196,0.9962360262870789,0.0014301538467407227,4.724
original,0,p281_208_mic2,p281,data\VCTK\wav48_silence_trimmed\p281\p281_208_mic2.flac,p281,1,1,0.9963155388832092,0.9963155388832092,0.9922311902046204,0.004084348678588867,3.3291875
base,1,p281_208_mic2,p281,data\VCTK\wav48_silence_trimmed\p281\p281_208_mic2.flac,p262,0,1,0.9939174652099609,0.9808461666107178,0.9939174652099609,-0.013071298599243164,3.3291875
base,2,p281_208_mic2,p281,data\VCTK\wav48_silence_trimmed\p281\p281_208_mic2.flac,p258,0,1,0.9938969612121582,0.9935213327407837,0.9938969612121582,-0.0003756284713745117,3.3291875
base,3,p281_208_mic2,p281,data\VCTK\wav48_silence_trimmed\p281\p281_208_mic2.flac,p281,1,1,0.9948959946632385,0.9948959946632385,0.9918926954269409,0.0030032992362976074,3.3291875
lca,1,p281_208_mic2,p281,data\VCTK\wav48_silence_trimmed\p281\p281_208_mic2.flac,p262,0,1,0.9932132363319397,0.9843789339065552,0.9932132363319397,-0.008834302425384521,3.3291875
lca,2,p281_208_mic2,p281,data\VCTK\wav48_silence_trimmed\p281\p281_208_mic2.flac,p281,1,1,0.990829586982727,0.990829586982727,0.9902591705322266,0.0005704164505004883,3.3291875
lca,3,p281_208_mic2,p281,data\VCTK\wav48_silence_trimmed\p281\p281_208_mic2.flac,p281,1,1,0.9909868240356445,0.9909868240356445,0.9870826005935669,0.0039042234420776367,3.3291875
original,0,p281_272_mic2,p281,data\VCTK\wav48_silence_trimmed\p281\p281_272_mic2.flac,p237,0,1,0.9944316148757935,0.9937700629234314,0.9944316148757935,-0.0006615519523620605,2.3898125
base,1,p281_272_mic2,p281,data\VCTK\wav48_silence_trimmed\p281\p281_272_mic2.flac,p258,0,1,0.9939768314361572,0.988288164138794,0.9939768314361572,-0.005688667297363281,2.3898125
base,2,p281_272_mic2,p281,data\VCTK\wav48_silence_trimmed\p281\p281_272_mic2.flac,p281,1,1,0.9951643347740173,0.9951643347740173,0.9929232001304626,0.0022411346435546875,2.3898125
base,3,p281_272_mic2,p281,data\VCTK\wav48_silence_trimmed\p281\p281_272_mic2.flac,p281,1,1,0.9945067167282104,0.9945067167282104,0.992883026599884,0.001623690128326416,2.3898125
lca,1,p281_272_mic2,p281,data\VCTK\wav48_silence_trimmed\p281\p281_272_mic2.flac,p308,0,1,0.9937787055969238,0.9867758750915527,0.9937787055969238,-0.007002830505371094,2.3898125
lca,2,p281_272_mic2,p281,data\VCTK\wav48_silence_trimmed\p281\p281_272_mic2.flac,p237,0,1,0.9948292970657349,0.9927374124526978,0.9948292970657349,-0.0020918846130371094,2.3898125
lca,3,p281_272_mic2,p281,data\VCTK\wav48_silence_trimmed\p281\p281_272_mic2.flac,p237,0,1,0.9937777519226074,0.9933717846870422,0.9937777519226074,-0.00040596723556518555,2.3898125
original,0,p281_396_mic1,p281,data\VCTK\wav48_silence_trimmed\p281\p281_396_mic1.flac,p281,1,1,0.996730387210846,0.996730387210846,0.9819281101226807,0.014802277088165283,3.052625
base,1,p281_396_mic1,p281,data\VCTK\wav48_silence_trimmed\p281\p281_396_mic1.flac,p262,0,1,0.9936139583587646,0.9893872141838074,0.9936139583587646,-0.004226744174957275,3.052625
base,2,p281_396_mic1,p281,data\VCTK\wav48_silence_trimmed\p281\p281_396_mic1.flac,p281,1,1,0.9975730180740356,0.9975730180740356,0.9878219366073608,0.009751081466674805,3.052625
base,3,p281_396_mic1,p281,data\VCTK\wav48_silence_trimmed\p281\p281_396_mic1.flac,p281,1,1,0.997747004032135,0.997747004032135,0.9851290583610535,0.012617945671081543,3.052625
lca,1,p281_396_mic1,p281,data\VCTK\wav48_silence_trimmed\p281\p281_396_mic1.flac,p262,0,1,0.9925299286842346,0.9879840612411499,0.9925299286842346,-0.004545867443084717,3.052625
lca,2,p281_396_mic1,p281,data\VCTK\wav48_silence_trimmed\p281\p281_396_mic1.flac,p281,1,1,0.9980887770652771,0.9980887770652771,0.9886913299560547,0.009397447109222412,3.052625
lca,3,p281_396_mic1,p281,data\VCTK\wav48_silence_trimmed\p281\p281_396_mic1.flac,p281,1,1,0.9979056119918823,0.9979056119918823,0.9864258766174316,0.011479735374450684,3.052625
original,0,p281_440_mic1,p281,data\VCTK\wav48_silence_trimmed\p281\p281_440_mic1.flac,p281,1,1,0.9945223927497864,0.9945223927497864,0.981855571269989,0.012666821479797363,4.188125
base,1,p281_440_mic1,p281,data\VCTK\wav48_silence_trimmed\p281\p281_440_mic1.flac,p281,1,1,0.991524875164032,0.991524875164032,0.9900810718536377,0.0014438033103942871,4.188125
base,2,p281_440_mic1,p281,data\VCTK\wav48_silence_trimmed\p281\p281_440_mic1.flac,p281,1,1,0.9949747920036316,0.9949747920036316,0.9820412397384644,0.012933552265167236,4.188125
base,3,p281_440_mic1,p281,data\VCTK\wav48_silence_trimmed\p281\p281_440_mic1.flac,p281,1,1,0.9948921799659729,0.9948921799659729,0.9799275994300842,0.014964580535888672,4.188125
lca,1,p281_440_mic1,p281,data\VCTK\wav48_silence_trimmed\p281\p281_440_mic1.flac,p229,0,1,0.9911509156227112,0.9905964732170105,0.9911509156227112,-0.0005544424057006836,4.188125
lca,2,p281_440_mic1,p281,data\VCTK\wav48_silence_trimmed\p281\p281_440_mic1.flac,p281,1,1,0.9947463274002075,0.9947463274002075,0.9842634797096252,0.010482847690582275,4.188125
lca,3,p281_440_mic1,p281,data\VCTK\wav48_silence_trimmed\p281\p281_440_mic1.flac,p281,1,1,0.9946074485778809,0.9946074485778809,0.9802799820899963,0.014327466487884521,4.188125
original,0,p281_452_mic2,p281,data\VCTK\wav48_silence_trimmed\p281\p281_452_mic2.flac,p281,1,1,0.9952951073646545,0.9952951073646545,0.9873276352882385,0.007967472076416016,2.43525
base,1,p281_452_mic2,p281,data\VCTK\wav48_silence_trimmed\p281\p281_452_mic2.flac,p262,0,1,0.9907993674278259,0.9900528788566589,0.9907993674278259,-0.0007464885711669922,2.43525
base,2,p281_452_mic2,p281,data\VCTK\wav48_silence_trimmed\p281\p281_452_mic2.flac,p281,1,1,0.9953327178955078,0.9953327178955078,0.9897090196609497,0.0056236982345581055,2.43525
base,3,p281_452_mic2,p281,data\VCTK\wav48_silence_trimmed\p281\p281_452_mic2.flac,p281,1,1,0.9945276379585266,0.9945276379585266,0.9872086048126221,0.007319033145904541,2.43525
lca,1,p281_452_mic2,p281,data\VCTK\wav48_silence_trimmed\p281\p281_452_mic2.flac,p318,0,1,0.9922424554824829,0.9889281988143921,0.9922424554824829,-0.0033142566680908203,2.43525
lca,2,p281_452_mic2,p281,data\VCTK\wav48_silence_trimmed\p281\p281_452_mic2.flac,p281,1,1,0.995545506477356,0.995545506477356,0.9882539510726929,0.007291555404663086,2.43525
lca,3,p281_452_mic2,p281,data\VCTK\wav48_silence_trimmed\p281\p281_452_mic2.flac,p281,1,1,0.9958128929138184,0.9958128929138184,0.9863166809082031,0.009496212005615234,2.43525
original,0,p294_037_mic2,p294,data\VCTK\wav48_silence_trimmed\p294\p294_037_mic2.flac,p308,0,1,0.997546374797821,0.9958323240280151,0.997546374797821,-0.0017140507698059082,3.72975
base,1,p294_037_mic2,p294,data\VCTK\wav48_silence_trimmed\p294\p294_037_mic2.flac,p229,0,1,0.9923276901245117,0.9921462535858154,0.9923276901245117,-0.00018143653869628906,3.72975
base,2,p294_037_mic2,p294,data\VCTK\wav48_silence_trimmed\p294\p294_037_mic2.flac,p308,0,1,0.9968459606170654,0.9958971738815308,0.9968459606170654,-0.000948786735534668,3.72975
base,3,p294_037_mic2,p294,data\VCTK\wav48_silence_trimmed\p294\p294_037_mic2.flac,p318,0,1,0.9969620108604431,0.995548665523529,0.9969620108604431,-0.0014133453369140625,3.72975
lca,1,p294_037_mic2,p294,data\VCTK\wav48_silence_trimmed\p294\p294_037_mic2.flac,p229,0,1,0.9943508505821228,0.9930868148803711,0.9943508505821228,-0.001264035701751709,3.72975
lca,2,p294_037_mic2,p294,data\VCTK\wav48_silence_trimmed\p294\p294_037_mic2.flac,p308,0,1,0.9967749118804932,0.9960745573043823,0.9967749118804932,-0.0007003545761108398,3.72975
lca,3,p294_037_mic2,p294,data\VCTK\wav48_silence_trimmed\p294\p294_037_mic2.flac,p308,0,1,0.9974552392959595,0.9962756037712097,0.9974552392959595,-0.0011796355247497559,3.72975
original,0,p294_047_mic1,p294,data\VCTK\wav48_silence_trimmed\p294\p294_047_mic1.flac,p302,0,1,0.9969266057014465,0.996901273727417,0.9969266057014465,-2.5331974029541016e-05,3.0935
base,1,p294_047_mic1,p294,data\VCTK\wav48_silence_trimmed\p294\p294_047_mic1.flac,p254,0,1,0.9924101233482361,0.9883763790130615,0.9924101233482361,-0.0040337443351745605,3.0935
base,2,p294_047_mic1,p294,data\VCTK\wav48_silence_trimmed\p294\p294_047_mic1.flac,p254,0,1,0.9978957772254944,0.9952550530433655,0.9978957772254944,-0.0026407241821289062,3.0935
base,3,p294_047_mic1,p294,data\VCTK\wav48_silence_trimmed\p294\p294_047_mic1.flac,p256,0,1,0.9976059198379517,0.9953347444534302,0.9976059198379517,-0.0022711753845214844,3.0935
lca,1,p294_047_mic1,p294,data\VCTK\wav48_silence_trimmed\p294\p294_047_mic1.flac,p254,0,1,0.9903240203857422,0.9825126528739929,0.9903240203857422,-0.007811367511749268,3.0935
lca,2,p294_047_mic1,p294,data\VCTK\wav48_silence_trimmed\p294\p294_047_mic1.flac,p254,0,1,0.9969446063041687,0.9921113848686218,0.9969446063041687,-0.004833221435546875,3.0935
lca,3,p294_047_mic1,p294,data\VCTK\wav48_silence_trimmed\p294\p294_047_mic1.flac,p254,0,1,0.9975781440734863,0.9940313696861267,0.9975781440734863,-0.003546774387359619,3.0935
original,0,p294_128_mic1,p294,data\VCTK\wav48_silence_trimmed\p294\p294_128_mic1.flac,p313,0,1,0.9986082315444946,0.9952980279922485,0.9986082315444946,-0.0033102035522460938,2.3429375
base,1,p294_128_mic1,p294,data\VCTK\wav48_silence_trimmed\p294\p294_128_mic1.flac,p302,0,1,0.9927793741226196,0.988794207572937,0.9927793741226196,-0.003985166549682617,2.3429375
base,2,p294_128_mic1,p294,data\VCTK\wav48_silence_trimmed\p294\p294_128_mic1.flac,p302,0,1,0.997236430644989,0.9962500929832458,0.997236430644989,-0.000986337661743164,2.3429375
base,3,p294_128_mic1,p294,data\VCTK\wav48_silence_trimmed\p294\p294_128_mic1.flac,p313,0,1,0.9973416328430176,0.9963080286979675,0.9973416328430176,-0.0010336041450500488,2.3429375
lca,1,p294_128_mic1,p294,data\VCTK\wav48_silence_trimmed\p294\p294_128_mic1.flac,p254,0,1,0.9907194375991821,0.9865284562110901,0.9907194375991821,-0.004190981388092041,2.3429375
lca,2,p294_128_mic1,p294,data\VCTK\wav48_silence_trimmed\p294\p294_128_mic1.flac,p302,0,1,0.9957616329193115,0.9939088821411133,0.9957616329193115,-0.0018527507781982422,2.3429375
lca,3,p294_128_mic1,p294,data\VCTK\wav48_silence_trimmed\p294\p294_128_mic1.flac,p302,0,1,0.9965961575508118,0.9951944351196289,0.9965961575508118,-0.0014017224311828613,2.3429375
original,0,p294_322_mic2,p294,data\VCTK\wav48_silence_trimmed\p294\p294_322_mic2.flac,p308,0,1,0.9983547329902649,0.9970725774765015,0.9983547329902649,-0.0012821555137634277,3.1324375
base,1,p294_322_mic2,p294,data\VCTK\wav48_silence_trimmed\p294\p294_322_mic2.flac,p302,0,1,0.9944606423377991,0.9940630793571472,0.9944606423377991,-0.00039756298065185547,3.1324375
base,2,p294_322_mic2,p294,data\VCTK\wav48_silence_trimmed\p294\p294_322_mic2.flac,p308,0,1,0.9980473518371582,0.9969318509101868,0.9980473518371582,-0.0011155009269714355,3.1324375
base,3,p294_322_mic2,p294,data\VCTK\wav48_silence_trimmed\p294\p294_322_mic2.flac,p308,0,1,0.9982829093933105,0.9964995384216309,0.9982829093933105,-0.0017833709716796875,3.1324375
lca,1,p294_322_mic2,p294,data\VCTK\wav48_silence_trimmed\p294\p294_322_mic2.flac,p294,1,1,0.9953542947769165,0.9953542947769165,0.9952939748764038,6.031990051269531e-05,3.1324375
lca,2,p294_322_mic2,p294,data\VCTK\wav48_silence_trimmed\p294\p294_322_mic2.flac,p308,0,1,0.9979897141456604,0.9963799715042114,0.9979897141456604,-0.0016097426414489746,3.1324375
lca,3,p294_322_mic2,p294,data\VCTK\wav48_silence_trimmed\p294\p294_322_mic2.flac,p308,0,1,0.9985126256942749,0.9969852566719055,0.9985126256942749,-0.0015273690223693848,3.1324375
original,0,p294_332_mic1,p294,data\VCTK\wav48_silence_trimmed\p294\p294_332_mic1.flac,p262,0,1,0.9958361983299255,0.9925500154495239,0.9958361983299255,-0.0032861828804016113,3.3834375
base,1,p294_332_mic1,p294,data\VCTK\wav48_silence_trimmed\p294\p294_332_mic1.flac,p239,0,1,0.9899301528930664,0.9832192659378052,0.9899301528930664,-0.0067108869552612305,3.3834375
base,2,p294_332_mic1,p294,data\VCTK\wav48_silence_trimmed\p294\p294_332_mic1.flac,p239,0,1,0.9965371489524841,0.9913731813430786,0.9965371489524841,-0.005163967609405518,3.3834375
base,3,p294_332_mic1,p294,data\VCTK\wav48_silence_trimmed\p294\p294_332_mic1.flac,p239,0,1,0.9966637492179871,0.9917527437210083,0.9966637492179871,-0.00491100549697876,3.3834375
lca,1,p294_332_mic1,p294,data\VCTK\wav48_silence_trimmed\p294\p294_332_mic1.flac,p239,0,1,0.9861469268798828,0.9786866903305054,0.9861469268798828,-0.007460236549377441,3.3834375
lca,2,p294_332_mic1,p294,data\VCTK\wav48_silence_trimmed\p294\p294_332_mic1.flac,p239,0,1,0.9942641258239746,0.9865795969963074,0.9942641258239746,-0.007684528827667236,3.3834375
lca,3,p294_332_mic1,p294,data\VCTK\wav48_silence_trimmed\p294\p294_332_mic1.flac,p239,0,1,0.9956270456314087,0.9900181889533997,0.9956270456314087,-0.005608856678009033,3.3834375
original,0,p300_015_mic1,p300,data\VCTK\wav48_silence_trimmed\p300\p300_015_mic1.flac,p240,0,1,0.9892088174819946,0.9848884344100952,0.9892088174819946,-0.004320383071899414,6.8296875
base,1,p300_015_mic1,p300,data\VCTK\wav48_silence_trimmed\p300\p300_015_mic1.flac,p239,0,1,0.9758044481277466,0.9497185945510864,0.9758044481277466,-0.026085853576660156,6.8296875
base,2,p300_015_mic1,p300,data\VCTK\wav48_silence_trimmed\p300\p300_015_mic1.flac,p240,0,1,0.9841451644897461,0.9669823050498962,0.9841451644897461,-0.017162859439849854,6.8296875
base,3,p300_015_mic1,p300,data\VCTK\wav48_silence_trimmed\p300\p300_015_mic1.flac,p240,0,1,0.9885561466217041,0.9765799045562744,0.9885561466217041,-0.011976242065429688,6.8296875
lca,1,p300_015_mic1,p300,data\VCTK\wav48_silence_trimmed\p300\p300_015_mic1.flac,p239,0,1,0.972999632358551,0.9453392028808594,0.972999632358551,-0.02766042947769165,6.8296875
lca,2,p300_015_mic1,p300,data\VCTK\wav48_silence_trimmed\p300\p300_015_mic1.flac,p240,0,1,0.9802356362342834,0.9572159051895142,0.9802356362342834,-0.023019731044769287,6.8296875
lca,3,p300_015_mic1,p300,data\VCTK\wav48_silence_trimmed\p300\p300_015_mic1.flac,p240,0,1,0.9847525358200073,0.9657091498374939,0.9847525358200073,-0.019043385982513428,6.8296875
original,0,p300_099_mic2,p300,data\VCTK\wav48_silence_trimmed\p300\p300_099_mic2.flac,p300,1,1,0.9964479207992554,0.9964479207992554,0.9924874901771545,0.00396043062210083,5.7174375
base,1,p300_099_mic2,p300,data\VCTK\wav48_silence_trimmed\p300\p300_099_mic2.flac,p294,0,1,0.9926002025604248,0.9895991086959839,0.9926002025604248,-0.003001093864440918,5.7174375
base,2,p300_099_mic2,p300,data\VCTK\wav48_silence_trimmed\p300\p300_099_mic2.flac,p300,1,1,0.9957287907600403,0.9957287907600403,0.9941258430480957,0.00160294771194458,5.7174375
base,3,p300_099_mic2,p300,data\VCTK\wav48_silence_trimmed\p300\p300_099_mic2.flac,p300,1,1,0.996724009513855,0.996724009513855,0.9934180378913879,0.003305971622467041,5.7174375
lca,1,p300_099_mic2,p300,data\VCTK\wav48_silence_trimmed\p300\p300_099_mic2.flac,p262,0,1,0.9937531352043152,0.9896508455276489,0.9937531352043152,-0.00410228967666626,5.7174375
lca,2,p300_099_mic2,p300,data\VCTK\wav48_silence_trimmed\p300\p300_099_mic2.flac,p300,1,1,0.9962679743766785,0.9962679743766785,0.9948662519454956,0.0014017224311828613,5.7174375
lca,3,p300_099_mic2,p300,data\VCTK\wav48_silence_trimmed\p300\p300_099_mic2.flac,p300,1,1,0.9967896342277527,0.9967896342277527,0.9945887327194214,0.002200901508331299,5.7174375
original,0,p300_122_mic1,p300,data\VCTK\wav48_silence_trimmed\p300\p300_122_mic1.flac,p300,1,1,0.995535135269165,0.995535135269165,0.9953656196594238,0.00016951560974121094,3.2444375
base,1,p300_122_mic1,p300,data\VCTK\wav48_silence_trimmed\p300\p300_122_mic1.flac,p254,0,1,0.9920182228088379,0.9871625900268555,0.9920182228088379,-0.004855632781982422,3.2444375
base,2,p300_122_mic1,p300,data\VCTK\wav48_silence_trimmed\p300\p300_122_mic1.flac,p302,0,1,0.9957892894744873,0.9944187998771667,0.9957892894744873,-0.0013704895973205566,3.2444375
base,3,p300_122_mic1,p300,data\VCTK\wav48_silence_trimmed\p300\p300_122_mic1.flac,p302,0,1,0.9954020380973816,0.9948973059654236,0.9954020380973816,-0.0005047321319580078,3.2444375
lca,1,p300_122_mic1,p300,data\VCTK\wav48_silence_trimmed\p300\p300_122_mic1.flac,p254,0,1,0.9906890988349915,0.9863576292991638,0.9906890988349915,-0.004331469535827637,3.2444375
lca,2,p300_122_mic1,p300,data\VCTK\wav48_silence_trimmed\p300\p300_122_mic1.flac,p254,0,1,0.9951903820037842,0.993712842464447,0.9951903820037842,-0.0014775395393371582,3.2444375
lca,3,p300_122_mic1,p300,data\VCTK\wav48_silence_trimmed\p300\p300_122_mic1.flac,p254,0,1,0.9954283237457275,0.994327187538147,0.9954283237457275,-0.0011011362075805664,3.2444375
original,0,p300_124_mic2,p300,data\VCTK\wav48_silence_trimmed\p300\p300_124_mic2.flac,p244,0,1,0.9965044856071472,0.9946179389953613,0.9965044856071472,-0.0018865466117858887,3.802375
base,1,p300_124_mic2,p300,data\VCTK\wav48_silence_trimmed\p300\p300_124_mic2.flac,p229,0,1,0.9932442307472229,0.988573431968689,0.9932442307472229,-0.0046707987785339355,3.802375
base,2,p300_124_mic2,p300,data\VCTK\wav48_silence_trimmed\p300\p300_124_mic2.flac,p336,0,1,0.9950804114341736,0.9944126009941101,0.9950804114341736,-0.0006678104400634766,3.802375
base,3,p300_124_mic2,p300,data\VCTK\wav48_silence_trimmed\p300\p300_124_mic2.flac,p300,1,1,0.9965324401855469,0.9965324401855469,0.9960578680038452,0.00047457218170166016,3.802375
lca,1,p300_124_mic2,p300,data\VCTK\wav48_silence_trimmed\p300\p300_124_mic2.flac,p229,0,1,0.9951542615890503,0.9904448986053467,0.9951542615890503,-0.004709362983703613,3.802375
lca,2,p300_124_mic2,p300,data\VCTK\wav48_silence_trimmed\p300\p300_124_mic2.flac,p308,0,1,0.9961442947387695,0.9957307577133179,0.9961442947387695,-0.00041353702545166016,3.802375
lca,3,p300_124_mic2,p300,data\VCTK\wav48_silence_trimmed\p300\p300_124_mic2.flac,p300,1,1,0.9960404634475708,0.9960404634475708,0.9957189559936523,0.00032150745391845703,3.802375
original,0,p300_269_mic2,p300,data\VCTK\wav48_silence_trimmed\p300\p300_269_mic2.flac,p300,1,1,0.9981749057769775,0.9981749057769775,0.9961294531822205,0.00204545259475708,3.58
base,1,p300_269_mic2,p300,data\VCTK\wav48_silence_trimmed\p300\p300_269_mic2.flac,p302,0,1,0.991856038570404,0.9861763119697571,0.991856038570404,-0.005679726600646973,3.58
base,2,p300_269_mic2,p300,data\VCTK\wav48_silence_trimmed\p300\p300_269_mic2.flac,p308,0,1,0.9967324733734131,0.9960744380950928,0.9967324733734131,-0.0006580352783203125,3.58
base,3,p300_269_mic2,p300,data\VCTK\wav48_silence_trimmed\p300\p300_269_mic2.flac,p300,1,1,0.9971687197685242,0.9971687197685242,0.9964047074317932,0.000764012336730957,3.58
lca,1,p300_269_mic2,p300,data\VCTK\wav48_silence_trimmed\p300\p300_269_mic2.flac,p294,0,1,0.9944954514503479,0.9901143908500671,0.9944954514503479,-0.004381060600280762,3.58
lca,2,p300_269_mic2,p300,data\VCTK\wav48_silence_trimmed\p300\p300_269_mic2.flac,p300,1,1,0.9957051277160645,0.9957051277160645,0.9957005977630615,4.5299530029296875e-06,3.58
lca,3,p300_269_mic2,p300,data\VCTK\wav48_silence_trimmed\p300\p300_269_mic2.flac,p300,1,1,0.9961540699005127,0.9961540699005127,0.995269775390625,0.0008842945098876953,3.58
original,0,p302_112_mic2,p302,data\VCTK\wav48_silence_trimmed\p302\p302_112_mic2.flac,p302,1,1,0.9989629983901978,0.9989629983901978,0.996705949306488,0.002257049083709717,3.285875
base,1,p302_112_mic2,p302,data\VCTK\wav48_silence_trimmed\p302\p302_112_mic2.flac,p302,1,1,0.9945154786109924,0.9945154786109924,0.9911497831344604,0.0033656954765319824,3.285875
base,2,p302_112_mic2,p302,data\VCTK\wav48_silence_trimmed\p302\p302_112_mic2.flac,p302,1,1,0.9967318177223206,0.9967318177223206,0.9950609803199768,0.00167083740234375,3.285875
base,3,p302_112_mic2,p302,data\VCTK\wav48_silence_trimmed\p302\p302_112_mic2.flac,p302,1,1,0.9971238374710083,0.9971238374710083,0.9959979057312012,0.001125931739807129,3.285875
lca,1,p302_112_mic2,p302,data\VCTK\wav48_silence_trimmed\p302\p302_112_mic2.flac,p302,1,1,0.9964302182197571,0.9964302182197571,0.9939696788787842,0.0024605393409729004,3.285875
lca,2,p302_112_mic2,p302,data\VCTK\wav48_silence_trimmed\p302\p302_112_mic2.flac,p302,1,1,0.9973428845405579,0.9973428845405579,0.9946907758712769,0.002652108669281006,3.285875
lca,3,p302_112_mic2,p302,data\VCTK\wav48_silence_trimmed\p302\p302_112_mic2.flac,p302,1,1,0.9976098537445068,0.9976098537445068,0.9948587417602539,0.0027511119842529297,3.285875
original,0,p302_196_mic1,p302,data\VCTK\wav48_silence_trimmed\p302\p302_196_mic1.flac,p302,1,1,0.9983749389648438,0.9983749389648438,0.9966229796409607,0.0017519593238830566,4.4444375
base,1,p302_196_mic1,p302,data\VCTK\wav48_silence_trimmed\p302\p302_196_mic1.flac,p254,0,1,0.9935376048088074,0.9925201535224915,0.9935376048088074,-0.001017451286315918,4.4444375
base,2,p302_196_mic1,p302,data\VCTK\wav48_silence_trimmed\p302\p302_196_mic1.flac,p302,1,1,0.9980549812316895,0.9980549812316895,0.997109055519104,0.0009459257125854492,4.4444375
base,3,p302_196_mic1,p302,data\VCTK\wav48_silence_trimmed\p302\p302_196_mic1.flac,p302,1,1,0.9976134300231934,0.9976134300231934,0.9970065355300903,0.0006068944931030273,4.4444375
lca,1,p302_196_mic1,p302,data\VCTK\wav48_silence_trimmed\p302\p302_196_mic1.flac,p254,0,1,0.9932350516319275,0.9914888143539429,0.9932350516319275,-0.0017462372779846191,4.4444375
lca,2,p302_196_mic1,p302,data\VCTK\wav48_silence_trimmed\p302\p302_196_mic1.flac,p254,0,1,0.9958423376083374,0.9955079555511475,0.9958423376083374,-0.0003343820571899414,4.4444375
lca,3,p302_196_mic1,p302,data\VCTK\wav48_silence_trimmed\p302\p302_196_mic1.flac,p254,0,1,0.9967948794364929,0.9965571761131287,0.9967948794364929,-0.0002377033233642578,4.4444375
original,0,p302_261_mic1,p302,data\VCTK\wav48_silence_trimmed\p302\p302_261_mic1.flac,p313,0,1,0.9981493353843689,0.9974719285964966,0.9981493353843689,-0.0006774067878723145,4.58275
base,1,p302_261_mic1,p302,data\VCTK\wav48_silence_trimmed\p302\p302_261_mic1.flac,p302,1,1,0.9945571422576904,0.9945571422576904,0.9913973808288574,0.003159761428833008,4.58275
base,2,p302_261_mic1,p302,data\VCTK\wav48_silence_trimmed\p302\p302_261_mic1.flac,p302,1,1,0.9973101019859314,0.9973101019859314,0.9969111680984497,0.00039893388748168945,4.58275
base,3,p302_261_mic1,p302,data\VCTK\wav48_silence_trimmed\p302\p302_261_mic1.flac,p302,1,1,0.9971367120742798,0.9971367120742798,0.9970261454582214,0.00011056661605834961,4.58275
lca,1,p302_261_mic1,p302,data\VCTK\wav48_silence_trimmed\p302\p302_261_mic1.flac,p302,1,1,0.9909898042678833,0.9909898042678833,0.9880636930465698,0.0029261112213134766,4.58275
lca,2,p302_261_mic1,p302,data\VCTK\wav48_silence_trimmed\p302\p302_261_mic1.flac,p302,1,1,0.996803879737854,0.996803879737854,0.9946410655975342,0.0021628141403198242,4.58275
lca,3,p302_261_mic1,p302,data\VCTK\wav48_silence_trimmed\p302\p302_261_mic1.flac,p302,1,1,0.9972376823425293,0.9972376823425293,0.9964078068733215,0.0008298754692077637,4.58275
original,0,p302_262_mic2,p302,data\VCTK\wav48_silence_trimmed\p302\p302_262_mic2.flac,p302,1,1,0.9990823268890381,0.9990823268890381,0.9964537024497986,0.002628624439239502,2.90475
base,1,p302_262_mic2,p302,data\VCTK\wav48_silence_trimmed\p302\p302_262_mic2.flac,p302,1,1,0.9960507750511169,0.9960507750511169,0.9942038059234619,0.0018469691276550293,2.90475
base,2,p302_262_mic2,p302,data\VCTK\wav48_silence_trimmed\p302\p302_262_mic2.flac,p302,1,1,0.9969690442085266,0.9969690442085266,0.9942134618759155,0.002755582332611084,2.90475
base,3,p302_262_mic2,p302,data\VCTK\wav48_silence_trimmed\p302\p302_262_mic2.flac,p302,1,1,0.9984116554260254,0.9984116554260254,0.9960848093032837,0.0023268461227416992,2.90475
lca,1,p302_262_mic2,p302,data\VCTK\wav48_silence_trimmed\p302\p302_262_mic2.flac,p302,1,1,0.9972295165061951,0.9972295165061951,0.9942132830619812,0.003016233444213867,2.90475
lca,2,p302_262_mic2,p302,data\VCTK\wav48_silence_trimmed\p302\p302_262_mic2.flac,p302,1,1,0.9977465867996216,0.9977465867996216,0.9946640133857727,0.003082573413848877,2.90475
lca,3,p302_262_mic2,p302,data\VCTK\wav48_silence_trimmed\p302\p302_262_mic2.flac,p302,1,1,0.9985743165016174,0.9985743165016174,0.995799720287323,0.0027745962142944336,2.90475
original,0,p302_315_mic1,p302,data\VCTK\wav48_silence_trimmed\p302\p302_315_mic1.flac,p302,1,1,0.9982360005378723,0.9982360005378723,0.9970044493675232,0.001231551170349121,2.43125
base,1,p302_315_mic1,p302,data\VCTK\wav48_silence_trimmed\p302\p302_315_mic1.flac,p302,1,1,0.9941810965538025,0.9941810965538025,0.9909151792526245,0.0032659173011779785,2.43125
base,2,p302_315_mic1,p302,data\VCTK\wav48_silence_trimmed\p302\p302_315_mic1.flac,p302,1,1,0.9980804324150085,0.9980804324150085,0.9954013824462891,0.0026790499687194824,2.43125
base,3,p302_315_mic1,p302,data\VCTK\wav48_silence_trimmed\p302\p302_315_mic1.flac,p302,1,1,0.998467743396759,0.998467743396759,0.9965945482254028,0.0018731951713562012,2.43125
lca,1,p302_315_mic1,p302,data\VCTK\wav48_silence_trimmed\p302\p302_315_mic1.flac,p302,1,1,0.9913045167922974,0.9913045167922974,0.9907007813453674,0.0006037354469299316,2.43125
lca,2,p302_315_mic1,p302,data\VCTK\wav48_silence_trimmed\p302\p302_315_mic1.flac,p302,1,1,0.9960422515869141,0.9960422515869141,0.9942526817321777,0.0017895698547363281,2.43125
lca,3,p302_315_mic1,p302,data\VCTK\wav48_silence_trimmed\p302\p302_315_mic1.flac,p302,1,1,0.9969889521598816,0.9969889521598816,0.9953565001487732,0.0016324520111083984,2.43125
original,0,p306_080_mic2,p306,data\VCTK\wav48_silence_trimmed\p306\p306_080_mic2.flac,p262,0,1,0.991994321346283,0.9859222173690796,0.991994321346283,-0.006072103977203369,4.7385
base,1,p306_080_mic2,p306,data\VCTK\wav48_silence_trimmed\p306\p306_080_mic2.flac,p262,0,1,0.9908865094184875,0.9832451343536377,0.9908865094184875,-0.0076413750648498535,4.7385
base,2,p306_080_mic2,p306,data\VCTK\wav48_silence_trimmed\p306\p306_080_mic2.flac,p262,0,1,0.9936462044715881,0.9850362539291382,0.9936462044715881,-0.008609950542449951,4.7385
base,3,p306_080_mic2,p306,data\VCTK\wav48_silence_trimmed\p306\p306_080_mic2.flac,p262,0,1,0.9944862127304077,0.9883188009262085,0.9944862127304077,-0.006167411804199219,4.7385
lca,1,p306_080_mic2,p306,data\VCTK\wav48_silence_trimmed\p306\p306_080_mic2.flac,p262,0,1,0.9920139908790588,0.9864225387573242,0.9920139908790588,-0.005591452121734619,4.7385
lca,2,p306_080_mic2,p306,data\VCTK\wav48_silence_trimmed\p306\p306_080_mic2.flac,p262,0,1,0.992755115032196,0.9866136908531189,0.992755115032196,-0.0061414241790771484,4.7385
lca,3,p306_080_mic2,p306,data\VCTK\wav48_silence_trimmed\p306\p306_080_mic2.flac,p262,0,1,0.9933643341064453,0.9865503907203674,0.9933643341064453,-0.006813943386077881,4.7385
original,0,p306_181_mic2,p306,data\VCTK\wav48_silence_trimmed\p306\p306_181_mic2.flac,p262,0,1,0.9923920631408691,0.98752760887146,0.9923920631408691,-0.00486445426940918,4.8286875
base,1,p306_181_mic2,p306,data\VCTK\wav48_silence_trimmed\p306\p306_181_mic2.flac,p239,0,1,0.9922163486480713,0.9763214588165283,0.9922163486480713,-0.01589488983154297,4.8286875
base,2,p306_181_mic2,p306,data\VCTK\wav48_silence_trimmed\p306\p306_181_mic2.flac,p262,0,1,0.9900089502334595,0.9746118187904358,0.9900089502334595,-0.015397131443023682,4.8286875
base,3,p306_181_mic2,p306,data\VCTK\wav48_silence_trimmed\p306\p306_181_mic2.flac,p262,0,1,0.9934027194976807,0.9845026731491089,0.9934027194976807,-0.008900046348571777,4.8286875
lca,1,p306_181_mic2,p306,data\VCTK\wav48_silence_trimmed\p306\p306_181_mic2.flac,p262,0,1,0.9953688383102417,0.9880746006965637,0.9953688383102417,-0.0072942376136779785,4.8286875
lca,2,p306_181_mic2,p306,data\VCTK\wav48_silence_trimmed\p306\p306_181_mic2.flac,p262,0,1,0.9936010241508484,0.9848074913024902,0.9936010241508484,-0.008793532848358154,4.8286875
lca,3,p306_181_mic2,p306,data\VCTK\wav48_silence_trimmed\p306\p306_181_mic2.flac,p262,0,1,0.9943844079971313,0.9885864853858948,0.9943844079971313,-0.005797922611236572,4.8286875
original,0,p306_237_mic2,p306,data\VCTK\wav48_silence_trimmed\p306\p306_237_mic2.flac,p336,0,1,0.9970237612724304,0.9930973649024963,0.9970237612724304,-0.003926396369934082,4.626
base,1,p306_237_mic2,p306,data\VCTK\wav48_silence_trimmed\p306\p306_237_mic2.flac,p254,0,1,0.9911355972290039,0.9817226529121399,0.9911355972290039,-0.009412944316864014,4.626
base,2,p306_237_mic2,p306,data\VCTK\wav48_silence_trimmed\p306\p306_237_mic2.flac,p336,0,1,0.993654191493988,0.9879907965660095,0.993654191493988,-0.005663394927978516,4.626
base,3,p306_237_mic2,p306,data\VCTK\wav48_silence_trimmed\p306\p306_237_mic2.flac,p336,0,1,0.9928550124168396,0.9855046272277832,0.9928550124168396,-0.0073503851890563965,4.626
lca,1,p306_237_mic2,p306,data\VCTK\wav48_silence_trimmed\p306\p306_237_mic2.flac,p258,0,1,0.9955172538757324,0.992281973361969,0.9955172538757324,-0.0032352805137634277,4.626
lca,2,p306_237_mic2,p306,data\VCTK\wav48_silence_trimmed\p306\p306_237_mic2.flac,p336,0,1,0.9948437809944153,0.9908862113952637,0.9948437809944153,-0.003957569599151611,4.626
lca,3,p306_237_mic2,p306,data\VCTK\wav48_silence_trimmed\p306\p306_237_mic2.flac,p336,0,1,0.9952174425125122,0.9911364316940308,0.9952174425125122,-0.004081010818481445,4.626
original,0,p306_241_mic1,p306,data\VCTK\wav48_silence_trimmed\p306\p306_241_mic1.flac,p262,0,1,0.9969081282615662,0.9926114678382874,0.9969081282615662,-0.004296660423278809,6.1185625
base,1,p306_241_mic1,p306,data\VCTK\wav48_silence_trimmed\p306\p306_241_mic1.flac,p229,0,1,0.9925659894943237,0.9872919917106628,0.9925659894943237,-0.005273997783660889,6.1185625
base,2,p306_241_mic1,p306,data\VCTK\wav48_silence_trimmed\p306\p306_241_mic1.flac,p262,0,1,0.9984372854232788,0.9927305579185486,0.9984372854232788,-0.005706727504730225,6.1185625
base,3,p306_241_mic1,p306,data\VCTK\wav48_silence_trimmed\p306\p306_241_mic1.flac,p262,0,1,0.9976080060005188,0.9920065402984619,0.9976080060005188,-0.005601465702056885,6.1185625
lca,1,p306_241_mic1,p306,data\VCTK\wav48_silence_trimmed\p306\p306_241_mic1.flac,p262,0,1,0.9935751557350159,0.9863986372947693,0.9935751557350159,-0.007176518440246582,6.1185625
lca,2,p306_241_mic1,p306,data\VCTK\wav48_silence_trimmed\p306\p306_241_mic1.flac,p262,0,1,0.9982011318206787,0.9900912046432495,0.9982011318206787,-0.0081099271774292,6.1185625
lca,3,p306_241_mic1,p306,data\VCTK\wav48_silence_trimmed\p306\p306_241_mic1.flac,p262,0,1,0.9980849623680115,0.9911068677902222,0.9980849623680115,-0.006978094577789307,6.1185625
original,0,p306_274_mic1,p306,data\VCTK\wav48_silence_trimmed\p306\p306_274_mic1.flac,p313,0,1,0.9973563551902771,0.9951560497283936,0.9973563551902771,-0.002200305461883545,5.2666875
base,1,p306_274_mic1,p306,data\VCTK\wav48_silence_trimmed\p306\p306_274_mic1.flac,p302,0,1,0.9945107102394104,0.987851083278656,0.9945107102394104,-0.0066596269607543945,5.2666875
base,2,p306_274_mic1,p306,data\VCTK\wav48_silence_trimmed\p306\p306_274_mic1.flac,p313,0,1,0.9974294900894165,0.9952530264854431,0.9974294900894165,-0.0021764636039733887,5.2666875
base,3,p306_274_mic1,p306,data\VCTK\wav48_silence_trimmed\p306\p306_274_mic1.flac,p313,0,1,0.9972726702690125,0.9951421022415161,0.9972726702690125,-0.002130568027496338,5.2666875
lca,1,p306_274_mic1,p306,data\VCTK\wav48_silence_trimmed\p306\p306_274_mic1.flac,p302,0,1,0.9923707842826843,0.9841342568397522,0.9923707842826843,-0.008236527442932129,5.2666875
lca,2,p306_274_mic1,p306,data\VCTK\wav48_silence_trimmed\p306\p306_274_mic1.flac,p302,0,1,0.9973819851875305,0.9933339357376099,0.9973819851875305,-0.004048049449920654,5.2666875
lca,3,p306_274_mic1,p306,data\VCTK\wav48_silence_trimmed\p306\p306_274_mic1.flac,p237,0,1,0.9968426823616028,0.9949778318405151,0.9968426823616028,-0.0018648505210876465,5.2666875
original,0,p308_229_mic2,p308,data\VCTK\wav48_silence_trimmed\p308\p308_229_mic2.flac,p308,1,1,0.9974777698516846,0.9974777698516846,0.9974046945571899,7.30752944946289e-05,3.0330625
base,1,p308_229_mic2,p308,data\VCTK\wav48_silence_trimmed\p308\p308_229_mic2.flac,p302,0,1,0.994341254234314,0.992563784122467,0.994341254234314,-0.0017774701118469238,3.0330625
base,2,p308_229_mic2,p308,data\VCTK\wav48_silence_trimmed\p308\p308_229_mic2.flac,p308,1,1,0.995902419090271,0.995902419090271,0.9957302808761597,0.00017213821411132812,3.0330625
base,3,p308_229_mic2,p308,data\VCTK\wav48_silence_trimmed\p308\p308_229_mic2.flac,p318,0,1,0.9954755902290344,0.994900643825531,0.9954755902290344,-0.000574946403503418,3.0330625
lca,1,p308_229_mic2,p308,data\VCTK\wav48_silence_trimmed\p308\p308_229_mic2.flac,p318,0,1,0.9947143197059631,0.9938619136810303,0.9947143197059631,-0.0008524060249328613,3.0330625
lca,2,p308_229_mic2,p308,data\VCTK\wav48_silence_trimmed\p308\p308_229_mic2.flac,p318,0,1,0.9954647421836853,0.9949184656143188,0.9954647421836853,-0.0005462765693664551,3.0330625
lca,3,p308_229_mic2,p308,data\VCTK\wav48_silence_trimmed\p308\p308_229_mic2.flac,p318,0,1,0.996035635471344,0.9958655834197998,0.996035635471344,-0.00017005205154418945,3.0330625
original,0,p308_257_mic1,p308,data\VCTK\wav48_silence_trimmed\p308\p308_257_mic1.flac,p313,0,1,0.9931870102882385,0.9871817827224731,0.9931870102882385,-0.006005227565765381,2.561625
base,1,p308_257_mic1,p308,data\VCTK\wav48_silence_trimmed\p308\p308_257_mic1.flac,p302,0,1,0.9946572780609131,0.9908355474472046,0.9946572780609131,-0.003821730613708496,2.561625
base,2,p308_257_mic1,p308,data\VCTK\wav48_silence_trimmed\p308\p308_257_mic1.flac,p313,0,1,0.9963721036911011,0.9907851815223694,0.9963721036911011,-0.0055869221687316895,2.561625
base,3,p308_257_mic1,p308,data\VCTK\wav48_silence_trimmed\p308\p308_257_mic1.flac,p313,0,1,0.9953700304031372,0.9891344308853149,0.9953700304031372,-0.006235599517822266,2.561625
lca,1,p308_257_mic1,p308,data\VCTK\wav48_silence_trimmed\p308\p308_257_mic1.flac,p302,0,1,0.9947130084037781,0.9908350110054016,0.9947130084037781,-0.003877997398376465,2.561625
lca,2,p308_257_mic1,p308,data\VCTK\wav48_silence_trimmed\p308\p308_257_mic1.flac,p313,0,1,0.9970831274986267,0.993794322013855,0.9970831274986267,-0.0032888054847717285,2.561625
lca,3,p308_257_mic1,p308,data\VCTK\wav48_silence_trimmed\p308\p308_257_mic1.flac,p313,0,1,0.9958997964859009,0.9909165501594543,0.9958997964859009,-0.004983246326446533,2.561625
original,0,p308_317_mic2,p308,data\VCTK\wav48_silence_trimmed\p308\p308_317_mic2.flac,p308,1,1,0.995361328125,0.995361328125,0.9944896697998047,0.0008716583251953125,2.0955625
base,1,p308_317_mic2,p308,data\VCTK\wav48_silence_trimmed\p308\p308_317_mic2.flac,p302,0,1,0.9906527400016785,0.9876435995101929,0.9906527400016785,-0.0030091404914855957,2.0955625
base,2,p308_317_mic2,p308,data\VCTK\wav48_silence_trimmed\p308\p308_317_mic2.flac,p302,0,1,0.9910165667533875,0.9906694293022156,0.9910165667533875,-0.000347137451171875,2.0955625
base,3,p308_317_mic2,p308,data\VCTK\wav48_silence_trimmed\p308\p308_317_mic2.flac,p308,1,1,0.9912259578704834,0.9912259578704834,0.9908865690231323,0.0003393888473510742,2.0955625
lca,1,p308_317_mic2,p308,data\VCTK\wav48_silence_trimmed\p308\p308_317_mic2.flac,p302,0,1,0.9935542941093445,0.9916432499885559,0.9935542941093445,-0.0019110441207885742,2.0955625
lca,2,p308_317_mic2,p308,data\VCTK\wav48_silence_trimmed\p308\p308_317_mic2.flac,p302,0,1,0.9952403903007507,0.9951690435409546,0.9952403903007507,-7.134675979614258e-05,2.0955625
lca,3,p308_317_mic2,p308,data\VCTK\wav48_silence_trimmed\p308\p308_317_mic2.flac,p308,1,1,0.9949566721916199,0.9949566721916199,0.9942169189453125,0.000739753246307373,2.0955625
original,0,p308_332_mic2,p308,data\VCTK\wav48_silence_trimmed\p308\p308_332_mic2.flac,p262,0,1,0.996518611907959,0.9923187494277954,0.996518611907959,-0.004199862480163574,3.1155625
base,1,p308_332_mic2,p308,data\VCTK\wav48_silence_trimmed\p308\p308_332_mic2.flac,p239,0,1,0.991380512714386,0.9806087613105774,0.991380512714386,-0.010771751403808594,3.1155625
base,2,p308_332_mic2,p308,data\VCTK\wav48_silence_trimmed\p308\p308_332_mic2.flac,p262,0,1,0.9952302575111389,0.9917757511138916,0.9952302575111389,-0.0034545063972473145,3.1155625
base,3,p308_332_mic2,p308,data\VCTK\wav48_silence_trimmed\p308\p308_332_mic2.flac,p294,0,1,0.9955013990402222,0.9944847822189331,0.9955013990402222,-0.0010166168212890625,3.1155625
lca,1,p308_332_mic2,p308,data\VCTK\wav48_silence_trimmed\p308\p308_332_mic2.flac,p294,0,1,0.9948873519897461,0.9922756552696228,0.9948873519897461,-0.002611696720123291,3.1155625
lca,2,p308_332_mic2,p308,data\VCTK\wav48_silence_trimmed\p308\p308_332_mic2.flac,p262,0,1,0.9957269430160522,0.9937564730644226,0.9957269430160522,-0.0019704699516296387,3.1155625
lca,3,p308_332_mic2,p308,data\VCTK\wav48_silence_trimmed\p308\p308_332_mic2.flac,p262,0,1,0.9955763816833496,0.994564414024353,0.9955763816833496,-0.001011967658996582,3.1155625
original,0,p308_339_mic1,p308,data\VCTK\wav48_silence_trimmed\p308\p308_339_mic1.flac,p306,0,1,0.9962477684020996,0.9953922033309937,0.9962477684020996,-0.000855565071105957,3.6278125
base,1,p308_339_mic1,p308,data\VCTK\wav48_silence_trimmed\p308\p308_339_mic1.flac,p254,0,1,0.9928128123283386,0.9887975454330444,0.9928128123283386,-0.0040152668952941895,3.6278125
base,2,p308_339_mic1,p308,data\VCTK\wav48_silence_trimmed\p308\p308_339_mic1.flac,p228,0,1,0.9970630407333374,0.9953296780586243,0.9970630407333374,-0.0017333626747131348,3.6278125
base,3,p308_339_mic1,p308,data\VCTK\wav48_silence_trimmed\p308\p308_339_mic1.flac,p228,0,1,0.9971283674240112,0.9951825141906738,0.9971283674240112,-0.0019458532333374023,3.6278125
lca,1,p308_339_mic1,p308,data\VCTK\wav48_silence_trimmed\p308\p308_339_mic1.flac,p254,0,1,0.9923672676086426,0.9887357354164124,0.9923672676086426,-0.0036315321922302246,3.6278125
lca,2,p308_339_mic1,p308,data\VCTK\wav48_silence_trimmed\p308\p308_339_mic1.flac,p254,0,1,0.9952787160873413,0.9933010935783386,0.9952787160873413,-0.0019776225090026855,3.6278125
lca,3,p308_339_mic1,p308,data\VCTK\wav48_silence_trimmed\p308\p308_339_mic1.flac,p258,0,1,0.9961767196655273,0.9930770397186279,0.9961767196655273,-0.003099679946899414,3.6278125
original,0,p313_025_mic1,p313,data\VCTK\wav48_silence_trimmed\p313\p313_025_mic1.flac,p313,1,1,0.9978194832801819,0.9978194832801819,0.9965269565582275,0.0012925267219543457,2.4770625
base,1,p313_025_mic1,p313,data\VCTK\wav48_silence_trimmed\p313\p313_025_mic1.flac,p302,0,1,0.9944393634796143,0.9901543259620667,0.9944393634796143,-0.004285037517547607,2.4770625
base,2,p313_025_mic1,p313,data\VCTK\wav48_silence_trimmed\p313\p313_025_mic1.flac,p313,1,1,0.9980617165565491,0.9980617165565491,0.9976478219032288,0.0004138946533203125,2.4770625
base,3,p313_025_mic1,p313,data\VCTK\wav48_silence_trimmed\p313\p313_025_mic1.flac,p237,0,1,0.9968575239181519,0.9964950680732727,0.9968575239181519,-0.0003624558448791504,2.4770625
lca,1,p313_025_mic1,p313,data\VCTK\wav48_silence_trimmed\p313\p313_025_mic1.flac,p302,0,1,0.994657039642334,0.9891539216041565,0.994657039642334,-0.00550311803817749,2.4770625
lca,2,p313_025_mic1,p313,data\VCTK\wav48_silence_trimmed\p313\p313_025_mic1.flac,p302,0,1,0.9974138140678406,0.9953639507293701,0.9974138140678406,-0.002049863338470459,2.4770625
lca,3,p313_025_mic1,p313,data\VCTK\wav48_silence_trimmed\p313\p313_025_mic1.flac,p306,0,1,0.9963748455047607,0.9954878091812134,0.9963748455047607,-0.0008870363235473633,2.4770625
original,0,p313_320_mic2,p313,data\VCTK\wav48_silence_trimmed\p313\p313_320_mic2.flac,p313,1,1,0.9951961040496826,0.9951961040496826,0.9950196743011475,0.00017642974853515625,2.8601875
base,1,p313_320_mic2,p313,data\VCTK\wav48_silence_trimmed\p313\p313_320_mic2.flac,p302,0,1,0.9937068223953247,0.991957426071167,0.9937068223953247,-0.0017493963241577148,2.8601875
base,2,p313_320_mic2,p313,data\VCTK\wav48_silence_trimmed\p313\p313_320_mic2.flac,p302,0,1,0.9949577450752258,0.9936614632606506,0.9949577450752258,-0.0012962818145751953,2.8601875
base,3,p313_320_mic2,p313,data\VCTK\wav48_silence_trimmed\p313\p313_320_mic2.flac,p302,0,1,0.9963282346725464,0.9950910806655884,0.9963282346725464,-0.0012371540069580078,2.8601875
lca,1,p313_320_mic2,p313,data\VCTK\wav48_silence_trimmed\p313\p313_320_mic2.flac,p302,0,1,0.9942803382873535,0.9929577112197876,0.9942803382873535,-0.001322627067565918,2.8601875
lca,2,p313_320_mic2,p313,data\VCTK\wav48_silence_trimmed\p313\p313_320_mic2.flac,p302,0,1,0.9960693120956421,0.9937472939491272,0.9960693120956421,-0.0023220181465148926,2.8601875
lca,3,p313_320_mic2,p313,data\VCTK\wav48_silence_trimmed\p313\p313_320_mic2.flac,p302,0,1,0.9963970184326172,0.99449622631073,0.9963970184326172,-0.001900792121887207,2.8601875
original,0,p313_333_mic1,p313,data\VCTK\wav48_silence_trimmed\p313\p313_333_mic1.flac,p228,0,1,0.9939418435096741,0.9934018850326538,0.9939418435096741,-0.0005399584770202637,2.646375
base,1,p313_333_mic1,p313,data\VCTK\wav48_silence_trimmed\p313\p313_333_mic1.flac,p318,0,1,0.995121955871582,0.9922876358032227,0.995121955871582,-0.002834320068359375,2.646375
base,2,p313_333_mic1,p313,data\VCTK\wav48_silence_trimmed\p313\p313_333_mic1.flac,p228,0,1,0.996918797492981,0.9934383034706116,0.996918797492981,-0.0034804940223693848,2.646375
base,3,p313_333_mic1,p313,data\VCTK\wav48_silence_trimmed\p313\p313_333_mic1.flac,p228,0,1,0.9963297843933105,0.9945283532142639,0.9963297843933105,-0.0018014311790466309,2.646375
lca,1,p313_333_mic1,p313,data\VCTK\wav48_silence_trimmed\p313\p313_333_mic1.flac,p262,0,1,0.9956283569335938,0.990602970123291,0.9956283569335938,-0.005025386810302734,2.646375
lca,2,p313_333_mic1,p313,data\VCTK\wav48_silence_trimmed\p313\p313_333_mic1.flac,p228,0,1,0.9970988631248474,0.9919076561927795,0.9970988631248474,-0.005191206932067871,2.646375
lca,3,p313_333_mic1,p313,data\VCTK\wav48_silence_trimmed\p313\p313_333_mic1.flac,p228,0,1,0.996482253074646,0.9924504160881042,0.996482253074646,-0.004031836986541748,2.646375
original,0,p313_342_mic2,p313,data\VCTK\wav48_silence_trimmed\p313\p313_342_mic2.flac,p262,0,1,0.9972782731056213,0.9877671599388123,0.9972782731056213,-0.009511113166809082,2.6909375
base,1,p313_342_mic2,p313,data\VCTK\wav48_silence_trimmed\p313\p313_342_mic2.flac,p239,0,1,0.993708074092865,0.9756844639778137,0.993708074092865,-0.01802361011505127,2.6909375
base,2,p313_342_mic2,p313,data\VCTK\wav48_silence_trimmed\p313\p313_342_mic2.flac,p239,0,1,0.9960958361625671,0.9759143590927124,0.9960958361625671,-0.020181477069854736,2.6909375
base,3,p313_342_mic2,p313,data\VCTK\wav48_silence_trimmed\p313\p313_342_mic2.flac,p262,0,1,0.9970351457595825,0.9814099669456482,0.9970351457595825,-0.015625178813934326,2.6909375
lca,1,p313_342_mic2,p313,data\VCTK\wav48_silence_trimmed\p313\p313_342_mic2.flac,p262,0,1,0.9967175722122192,0.9797757267951965,0.9967175722122192,-0.016941845417022705,2.6909375
lca,2,p313_342_mic2,p313,data\VCTK\wav48_silence_trimmed\p313\p313_342_mic2.flac,p262,0,1,0.9969540238380432,0.9782173037528992,0.9969540238380432,-0.018736720085144043,2.6909375
lca,3,p313_342_mic2,p313,data\VCTK\wav48_silence_trimmed\p313\p313_342_mic2.flac,p262,0,1,0.9977872967720032,0.9816358685493469,0.9977872967720032,-0.01615142822265625,2.6909375
original,0,p313_349_mic2,p313,data\VCTK\wav48_silence_trimmed\p313\p313_349_mic2.flac,p262,0,1,0.9968923330307007,0.9895382523536682,0.9968923330307007,-0.007354080677032471,3.205
base,1,p313_349_mic2,p313,data\VCTK\wav48_silence_trimmed\p313\p313_349_mic2.flac,p294,0,1,0.9939337372779846,0.9893401861190796,0.9939337372779846,-0.004593551158905029,3.205
base,2,p313_349_mic2,p313,data\VCTK\wav48_silence_trimmed\p313\p313_349_mic2.flac,p294,0,1,0.9953679442405701,0.9891242384910583,0.9953679442405701,-0.006243705749511719,3.205
base,3,p313_349_mic2,p313,data\VCTK\wav48_silence_trimmed\p313\p313_349_mic2.flac,p294,0,1,0.9956894516944885,0.9895385503768921,0.9956894516944885,-0.0061509013175964355,3.205
lca,1,p313_349_mic2,p313,data\VCTK\wav48_silence_trimmed\p313\p313_349_mic2.flac,p228,0,1,0.995093822479248,0.9906256794929504,0.995093822479248,-0.004468142986297607,3.205
lca,2,p313_349_mic2,p313,data\VCTK\wav48_silence_trimmed\p313\p313_349_mic2.flac,p262,0,1,0.9963058233261108,0.988815426826477,0.9963058233261108,-0.007490396499633789,3.205
lca,3,p313_349_mic2,p313,data\VCTK\wav48_silence_trimmed\p313\p313_349_mic2.flac,p228,0,1,0.9970027804374695,0.9893620014190674,0.9970027804374695,-0.0076407790184021,3.205
original,0,p318_173_mic1,p318,data\VCTK\wav48_silence_trimmed\p318\p318_173_mic1.flac,p313,0,1,0.9980869889259338,0.992301881313324,0.9980869889259338,-0.005785107612609863,2.8190625
base,1,p318_173_mic1,p318,data\VCTK\wav48_silence_trimmed\p318\p318_173_mic1.flac,p254,0,1,0.9917876720428467,0.9824544191360474,0.9917876720428467,-0.009333252906799316,2.8190625
base,2,p318_173_mic1,p318,data\VCTK\wav48_silence_trimmed\p318\p318_173_mic1.flac,p302,0,1,0.9971400499343872,0.9891175627708435,0.9971400499343872,-0.008022487163543701,2.8190625
base,3,p318_173_mic1,p318,data\VCTK\wav48_silence_trimmed\p318\p318_173_mic1.flac,p302,0,1,0.9972490072250366,0.9893597960472107,0.9972490072250366,-0.007889211177825928,2.8190625
lca,1,p318_173_mic1,p318,data\VCTK\wav48_silence_trimmed\p318\p318_173_mic1.flac,p254,0,1,0.9929649829864502,0.9795888662338257,0.9929649829864502,-0.013376116752624512,2.8190625
lca,2,p318_173_mic1,p318,data\VCTK\wav48_silence_trimmed\p318\p318_173_mic1.flac,p254,0,1,0.9961046576499939,0.9860256314277649,0.9961046576499939,-0.010079026222229004,2.8190625
lca,3,p318_173_mic1,p318,data\VCTK\wav48_silence_trimmed\p318\p318_173_mic1.flac,p256,0,1,0.9966431856155396,0.9874407649040222,0.9966431856155396,-0.009202420711517334,2.8190625
original,0,p318_281_mic2,p318,data\VCTK\wav48_silence_trimmed\p318\p318_281_mic2.flac,p308,0,1,0.9974360466003418,0.9970743060112,0.9974360466003418,-0.0003617405891418457,3.159625
base,1,p318_281_mic2,p318,data\VCTK\wav48_silence_trimmed\p318\p318_281_mic2.flac,p302,0,1,0.9943403005599976,0.991299033164978,0.9943403005599976,-0.0030412673950195312,3.159625
base,2,p318_281_mic2,p318,data\VCTK\wav48_silence_trimmed\p318\p318_281_mic2.flac,p308,0,1,0.9954619407653809,0.9926907420158386,0.9954619407653809,-0.0027711987495422363,3.159625
base,3,p318_281_mic2,p318,data\VCTK\wav48_silence_trimmed\p318\p318_281_mic2.flac,p308,0,1,0.9956278800964355,0.9930576682090759,0.9956278800964355,-0.002570211887359619,3.159625
lca,1,p318_281_mic2,p318,data\VCTK\wav48_silence_trimmed\p318\p318_281_mic2.flac,p302,0,1,0.993705689907074,0.9895889759063721,0.993705689907074,-0.004116714000701904,3.159625
lca,2,p318_281_mic2,p318,data\VCTK\wav48_silence_trimmed\p318\p318_281_mic2.flac,p308,0,1,0.9963299036026001,0.9937638640403748,0.9963299036026001,-0.002566039562225342,3.159625
lca,3,p318_281_mic2,p318,data\VCTK\wav48_silence_trimmed\p318\p318_281_mic2.flac,p308,0,1,0.9966353178024292,0.9941875338554382,0.9966353178024292,-0.002447783946990967,3.159625
original,0,p318_289_mic1,p318,data\VCTK\wav48_silence_trimmed\p318\p318_289_mic1.flac,p313,0,1,0.9968918561935425,0.9909656047821045,0.9968918561935425,-0.005926251411437988,4.0986875
base,1,p318_289_mic1,p318,data\VCTK\wav48_silence_trimmed\p318\p318_289_mic1.flac,p302,0,1,0.9893209934234619,0.9785588383674622,0.9893209934234619,-0.010762155055999756,4.0986875
base,2,p318_289_mic1,p318,data\VCTK\wav48_silence_trimmed\p318\p318_289_mic1.flac,p302,0,1,0.9956063628196716,0.9870076775550842,0.9956063628196716,-0.008598685264587402,4.0986875
base,3,p318_289_mic1,p318,data\VCTK\wav48_silence_trimmed\p318\p318_289_mic1.flac,p302,0,1,0.9962537884712219,0.9885197877883911,0.9962537884712219,-0.0077340006828308105,4.0986875
lca,1,p318_289_mic1,p318,data\VCTK\wav48_silence_trimmed\p318\p318_289_mic1.flac,p302,0,1,0.989345133304596,0.9772434830665588,0.989345133304596,-0.01210165023803711,4.0986875
lca,2,p318_289_mic1,p318,data\VCTK\wav48_silence_trimmed\p318\p318_289_mic1.flac,p254,0,1,0.9946146607398987,0.9840911626815796,0.9946146607398987,-0.010523498058319092,4.0986875
lca,3,p318_289_mic1,p318,data\VCTK\wav48_silence_trimmed\p318\p318_289_mic1.flac,p254,0,1,0.9948923587799072,0.9849051237106323,0.9948923587799072,-0.009987235069274902,4.0986875
original,0,p318_290_mic2,p318,data\VCTK\wav48_silence_trimmed\p318\p318_290_mic2.flac,p308,0,1,0.997682511806488,0.9945499897003174,0.997682511806488,-0.0031325221061706543,3.9713125
base,1,p318_290_mic2,p318,data\VCTK\wav48_silence_trimmed\p318\p318_290_mic2.flac,p302,0,1,0.9941521286964417,0.9891316294670105,0.9941521286964417,-0.005020499229431152,3.9713125
base,2,p318_290_mic2,p318,data\VCTK\wav48_silence_trimmed\p318\p318_290_mic2.flac,p308,0,1,0.9963650703430176,0.9919683933258057,0.9963650703430176,-0.004396677017211914,3.9713125
base,3,p318_290_mic2,p318,data\VCTK\wav48_silence_trimmed\p318\p318_290_mic2.flac,p308,0,1,0.9972622990608215,0.9930629730224609,0.9972622990608215,-0.004199326038360596,3.9713125
lca,1,p318_290_mic2,p318,data\VCTK\wav48_silence_trimmed\p318\p318_290_mic2.flac,p308,0,1,0.9960778951644897,0.9937798380851746,0.9960778951644897,-0.0022980570793151855,3.9713125
lca,2,p318_290_mic2,p318,data\VCTK\wav48_silence_trimmed\p318\p318_290_mic2.flac,p308,0,1,0.9969344139099121,0.9924858808517456,0.9969344139099121,-0.004448533058166504,3.9713125
lca,3,p318_290_mic2,p318,data\VCTK\wav48_silence_trimmed\p318\p318_290_mic2.flac,p308,0,1,0.997340977191925,0.9931403994560242,0.997340977191925,-0.004200577735900879,3.9713125
original,0,p318_345_mic1,p318,data\VCTK\wav48_silence_trimmed\p318\p318_345_mic1.flac,p313,0,1,0.9963099360466003,0.9898536205291748,0.9963099360466003,-0.006456315517425537,3.3955
base,1,p318_345_mic1,p318,data\VCTK\wav48_silence_trimmed\p318\p318_345_mic1.flac,p302,0,1,0.9920430183410645,0.9828073978424072,0.9920430183410645,-0.009235620498657227,3.3955
base,2,p318_345_mic1,p318,data\VCTK\wav48_silence_trimmed\p318\p318_345_mic1.flac,p302,0,1,0.9976570010185242,0.9923591017723083,0.9976570010185242,-0.00529789924621582,3.3955
base,3,p318_345_mic1,p318,data\VCTK\wav48_silence_trimmed\p318\p318_345_mic1.flac,p302,0,1,0.9975980520248413,0.9933426380157471,0.9975980520248413,-0.004255414009094238,3.3955
lca,1,p318_345_mic1,p318,data\VCTK\wav48_silence_trimmed\p318\p318_345_mic1.flac,p302,0,1,0.9897941946983337,0.9781385660171509,0.9897941946983337,-0.011655628681182861,3.3955
lca,2,p318_345_mic1,p318,data\VCTK\wav48_silence_trimmed\p318\p318_345_mic1.flac,p302,0,1,0.9963550567626953,0.9881089329719543,0.9963550567626953,-0.008246123790740967,3.3955
lca,3,p318_345_mic1,p318,data\VCTK\wav48_silence_trimmed\p318\p318_345_mic1.flac,p302,0,1,0.9976763129234314,0.9911109209060669,0.9976763129234314,-0.006565392017364502,3.3955
original,0,p336_007_mic2,p336,data\VCTK\wav48_silence_trimmed\p336\p336_007_mic2.flac,p318,0,1,0.9959009885787964,0.995090663433075,0.9959009885787964,-0.0008103251457214355,5.0665625
base,1,p336_007_mic2,p336,data\VCTK\wav48_silence_trimmed\p336\p336_007_mic2.flac,p262,0,1,0.9928739070892334,0.9906337261199951,0.9928739070892334,-0.0022401809692382812,5.0665625
base,2,p336_007_mic2,p336,data\VCTK\wav48_silence_trimmed\p336\p336_007_mic2.flac,p318,0,1,0.9951656460762024,0.9925422072410583,0.9951656460762024,-0.002623438835144043,5.0665625
base,3,p336_007_mic2,p336,data\VCTK\wav48_silence_trimmed\p336\p336_007_mic2.flac,p318,0,1,0.9965060353279114,0.9932414293289185,0.9965060353279114,-0.00326460599899292,5.0665625
lca,1,p336_007_mic2,p336,data\VCTK\wav48_silence_trimmed\p336\p336_007_mic2.flac,p262,0,1,0.9950961470603943,0.993018627166748,0.9950961470603943,-0.0020775198936462402,5.0665625
lca,2,p336_007_mic2,p336,data\VCTK\wav48_silence_trimmed\p336\p336_007_mic2.flac,p318,0,1,0.9956644177436829,0.994602620601654,0.9956644177436829,-0.0010617971420288086,5.0665625
lca,3,p336_007_mic2,p336,data\VCTK\wav48_silence_trimmed\p336\p336_007_mic2.flac,p318,0,1,0.9959748387336731,0.9945539236068726,0.9959748387336731,-0.0014209151268005371,5.0665625
original,0,p336_051_mic2,p336,data\VCTK\wav48_silence_trimmed\p336\p336_051_mic2.flac,p336,1,1,0.9966581463813782,0.9966581463813782,0.9952952861785889,0.0013628602027893066,2.47975
base,1,p336_051_mic2,p336,data\VCTK\wav48_silence_trimmed\p336\p336_051_mic2.flac,p294,0,1,0.9910323023796082,0.9890062212944031,0.9910323023796082,-0.002026081085205078,2.47975
base,2,p336_051_mic2,p336,data\VCTK\wav48_silence_trimmed\p336\p336_051_mic2.flac,p294,0,1,0.9945594072341919,0.9930797815322876,0.9945594072341919,-0.0014796257019042969,2.47975
base,3,p336_051_mic2,p336,data\VCTK\wav48_silence_trimmed\p336\p336_051_mic2.flac,p294,0,1,0.9956652522087097,0.9949643611907959,0.9956652522087097,-0.0007008910179138184,2.47975
lca,1,p336_051_mic2,p336,data\VCTK\wav48_silence_trimmed\p336\p336_051_mic2.flac,p294,0,1,0.9930816292762756,0.99107825756073,0.9930816292762756,-0.0020033717155456543,2.47975
lca,2,p336_051_mic2,p336,data\VCTK\wav48_silence_trimmed\p336\p336_051_mic2.flac,p336,1,1,0.9922312498092651,0.9922312498092651,0.9921073913574219,0.00012385845184326172,2.47975
lca,3,p336_051_mic2,p336,data\VCTK\wav48_silence_trimmed\p336\p336_051_mic2.flac,p336,1,1,0.9944862127304077,0.9944862127304077,0.9936038851737976,0.0008823275566101074,2.47975
original,0,p336_055_mic2,p336,data\VCTK\wav48_silence_trimmed\p336\p336_055_mic2.flac,p336,1,1,0.9974695444107056,0.9974695444107056,0.9952942132949829,0.0021753311157226562,2.8328125
base,1,p336_055_mic2,p336,data\VCTK\wav48_silence_trimmed\p336\p336_055_mic2.flac,p302,0,1,0.9934538006782532,0.9921231865882874,0.9934538006782532,-0.0013306140899658203,2.8328125
base,2,p336_055_mic2,p336,data\VCTK\wav48_silence_trimmed\p336\p336_055_mic2.flac,p302,0,1,0.9955998063087463,0.9915777444839478,0.9955998063087463,-0.004022061824798584,2.8328125
base,3,p336_055_mic2,p336,data\VCTK\wav48_silence_trimmed\p336\p336_055_mic2.flac,p308,0,1,0.996096670627594,0.9929676651954651,0.996096670627594,-0.0031290054321289062,2.8328125
lca,1,p336_055_mic2,p336,data\VCTK\wav48_silence_trimmed\p336\p336_055_mic2.flac,p302,0,1,0.9960643649101257,0.9935789108276367,0.9960643649101257,-0.0024854540824890137,2.8328125
lca,2,p336_055_mic2,p336,data\VCTK\wav48_silence_trimmed\p336\p336_055_mic2.flac,p302,0,1,0.9960947036743164,0.991994321346283,0.9960947036743164,-0.004100382328033447,2.8328125
lca,3,p336_055_mic2,p336,data\VCTK\wav48_silence_trimmed\p336\p336_055_mic2.flac,p302,0,1,0.9958102703094482,0.9940634369850159,0.9958102703094482,-0.001746833324432373,2.8328125
original,0,p336_240_mic2,p336,data\VCTK\wav48_silence_trimmed\p336\p336_240_mic2.flac,p336,1,1,0.9949888586997986,0.9949888586997986,0.9923732876777649,0.0026155710220336914,1.9645
base,1,p336_240_mic2,p336,data\VCTK\wav48_silence_trimmed\p336\p336_240_mic2.flac,p336,1,1,0.9881095886230469,0.9881095886230469,0.9879441261291504,0.00016546249389648438,1.9645
base,2,p336_240_mic2,p336,data\VCTK\wav48_silence_trimmed\p336\p336_240_mic2.flac,p336,1,1,0.9934030175209045,0.9934030175209045,0.9916645884513855,0.001738429069519043,1.9645
base,3,p336_240_mic2,p336,data\VCTK\wav48_silence_trimmed\p336\p336_240_mic2.flac,p336,1,1,0.9942625761032104,0.9942625761032104,0.9930936098098755,0.001168966293334961,1.9645
lca,1,p336_240_mic2,p336,data\VCTK\wav48_silence_trimmed\p336\p336_240_mic2.flac,p294,0,1,0.9906030297279358,0.9898759722709656,0.9906030297279358,-0.0007270574569702148,1.9645
lca,2,p336_240_mic2,p336,data\VCTK\wav48_silence_trimmed\p336\p336_240_mic2.flac,p336,1,1,0.9925404787063599,0.9925404787063599,0.9914335608482361,0.0011069178581237793,1.9645
lca,3,p336_240_mic2,p336,data\VCTK\wav48_silence_trimmed\p336\p336_240_mic2.flac,p336,1,1,0.9931145906448364,0.9931145906448364,0.9923173189163208,0.000797271728515625,1.9645
original,0,p336_362_mic2,p336,data\VCTK\wav48_silence_trimmed\p336\p336_362_mic2.flac,p294,0,1,0.9902327060699463,0.9892618656158447,0.9902327060699463,-0.0009708404541015625,1.581375
base,1,p336_362_mic2,p336,data\VCTK\wav48_silence_trimmed\p336\p336_362_mic2.flac,p294,0,1,0.9824917316436768,0.9808481335639954,0.9824917316436768,-0.0016435980796813965,1.581375
base,2,p336_362_mic2,p336,data\VCTK\wav48_silence_trimmed\p336\p336_362_mic2.flac,p294,0,1,0.9817827343940735,0.9815225601196289,0.9817827343940735,-0.0002601742744445801,1.581375
base,3,p336_362_mic2,p336,data\VCTK\wav48_silence_trimmed\p336\p336_362_mic2.flac,p300,0,1,0.9861432313919067,0.9850896000862122,0.9861432313919067,-0.00105363130569458,1.581375
lca,1,p336_362_mic2,p336,data\VCTK\wav48_silence_trimmed\p336\p336_362_mic2.flac,p255,0,1,0.9831965565681458,0.9782964587211609,0.9831965565681458,-0.004900097846984863,1.581375
lca,2,p336_362_mic2,p336,data\VCTK\wav48_silence_trimmed\p336\p336_362_mic2.flac,p294,0,1,0.9821467995643616,0.9811049103736877,0.9821467995643616,-0.0010418891906738281,1.581375
lca,3,p336_362_mic2,p336,data\VCTK\wav48_silence_trimmed\p336\p336_362_mic2.flac,p294,0,1,0.9857368469238281,0.9844162464141846,0.9857368469238281,-0.0013206005096435547,1.581375
