model,L,sample_id,speaker_id,audio_path,predicted_speaker,top1_correct,verified,score,correct_score,max_impostor_score,margin,duration_sec
original,0,p228_064_mic1,p228,data\VCTK\wav48_silence_trimmed\p228\p228_064_mic1.flac,p228,1,1,0.7347285747528076,0.7347285747528076,0.5387760400772095,0.19595253467559814,2.6820625
base,1,p228_064_mic1,p228,data\VCTK\wav48_silence_trimmed\p228\p228_064_mic1.flac,p300,0,1,0.2797303795814514,0.16963230073451996,0.2797303795814514,-0.11009807884693146,2.6820625
base,2,p228_064_mic1,p228,data\VCTK\wav48_silence_trimmed\p228\p228_064_mic1.flac,p306,0,1,0.34921425580978394,0.3319239020347595,0.34921425580978394,-0.017290353775024414,2.6820625
base,3,p228_064_mic1,p228,data\VCTK\wav48_silence_trimmed\p228\p228_064_mic1.flac,p228,1,1,0.5179343223571777,0.5179343223571777,0.41929367184638977,0.09864065051078796,2.6820625
lca,1,p228_064_mic1,p228,data\VCTK\wav48_silence_trimmed\p228\p228_064_mic1.flac,p300,0,1,0.3474879264831543,0.2618943452835083,0.3474879264831543,-0.085593581199646,2.6820625
lca,2,p228_064_mic1,p228,data\VCTK\wav48_silence_trimmed\p228\p228_064_mic1.flac,p228,1,1,0.45114099979400635,0.45114099979400635,0.4081805348396301,0.04296046495437622,2.6820625
lca,3,p228_064_mic1,p228,data\VCTK\wav48_silence_trimmed\p228\p228_064_mic1.flac,p228,1,1,0.5454743504524231,0.5454743504524231,0.43980130553245544,0.10567304491996765,2.6820625
original,0,p228_071_mic1,p228,data\VCTK\wav48_silence_trimmed\p228\p228_071_mic1.flac,p228,1,1,0.7280759215354919,0.7280759215354919,0.48233509063720703,0.2457408308982849,2.2705
base,1,p228_071_mic1,p228,data\VCTK\wav48_silence_trimmed\p228\p228_071_mic1.flac,p300,0,1,0.32104185223579407,0.13542968034744263,0.32104185223579407,-0.18561217188835144,2.2705
base,2,p228_071_mic1,p228,data\VCTK\wav48_silence_trimmed\p228\p228_071_mic1.flac,p244,0,1,0.3634239435195923,0.2771158218383789,0.3634239435195923,-0.08630812168121338,2.2705
base,3,p228_071_mic1,p228,data\VCTK\wav48_silence_trimmed\p228\p228_071_mic1.flac,p262,0,1,0.39647334814071655,0.3602612316608429,0.39647334814071655,-0.03621211647987366,2.2705
lca,1,p228_071_mic1,p228,data\VCTK\wav48_silence_trimmed\p228\p228_071_mic1.flac,p313,0,0,0.23651117086410522,0.16064777970314026,0.23651117086410522,-0.07586339116096497,2.2705
lca,2,p228_071_mic1,p228,data\VCTK\wav48_silence_trimmed\p228\p228_071_mic1.flac,p313,0,1,0.36480170488357544,0.31548815965652466,0.36480170488357544,-0.04931354522705078,2.2705
lca,3,p228_071_mic1,p228,data\VCTK\wav48_silence_trimmed\p228\p228_071_mic1.flac,p228,1,1,0.3947311043739319,0.3947311043739319,0.37988990545272827,0.014841198921203613,2.2705
original,0,p228_090_mic1,p228,data\VCTK\wav48_silence_trimmed\p228\p228_090_mic1.flac,p228,1,1,0.8396172523498535,0.8396172523498535,0.41758787631988525,0.42202937602996826,4.2225625
base,1,p228_090_mic1,p228,data\VCTK\wav48_silence_trimmed\p228\p228_090_mic1.flac,p244,0,1,0.2661946415901184,0.22733306884765625,0.2661946415901184,-0.03886157274246216,4.2225625
base,2,p228_090_mic1,p228,data\VCTK\wav48_silence_trimmed\p228\p228_090_mic1.flac,p228,1,1,0.4435105323791504,0.4435105323791504,0.4178735911846161,0.025636941194534302,4.2225625
base,3,p228_090_mic1,p228,data\VCTK\wav48_silence_trimmed\p228\p228_090_mic1.flac,p228,1,1,0.5171811580657959,0.5171811580657959,0.4549972116947174,0.06218394637107849,4.2225625
lca,1,p228_090_mic1,p228,data\VCTK\wav48_silence_trimmed\p228\p228_090_mic1.flac,p228,1,1,0.3199228048324585,0.3199228048324585,0.3164820671081543,0.0034407377243041992,4.2225625
lca,2,p228_090_mic1,p228,data\VCTK\wav48_silence_trimmed\p228\p228_090_mic1.flac,p228,1,1,0.4334317445755005,0.4334317445755005,0.42791861295700073,0.005513131618499756,4.2225625
lca,3,p228_090_mic1,p228,data\VCTK\wav48_silence_trimmed\p228\p228_090_mic1.flac,p228,1,1,0.48692411184310913,0.48692411184310913,0.43523621559143066,0.05168789625167847,4.2225625
original,0,p228_134_mic2,p228,data\VCTK\wav48_silence_trimmed\p228\p228_134_mic2.flac,p228,1,1,0.7859432697296143,0.7859432697296143,0.43724656105041504,0.3486967086791992,4.180375
base,1,p228_134_mic2,p228,data\VCTK\wav48_silence_trimmed\p228\p228_134_mic2.flac,p244,0,1,0.3745235800743103,0.3527906537055969,0.3745235800743103,-0.02173292636871338,4.180375
base,2,p228_134_mic2,p228,data\VCTK\wav48_silence_trimmed\p228\p228_134_mic2.flac,p228,1,1,0.47153913974761963,0.47153913974761963,0.3847186863422394,0.08682045340538025,4.180375
base,3,p228_134_mic2,p228,data\VCTK\wav48_silence_trimmed\p228\p228_134_mic2.flac,p228,1,1,0.461553156375885,0.461553156375885,0.41092559695243835,0.050627559423446655,4.180375
lca,1,p228_134_mic2,p228,data\VCTK\wav48_silence_trimmed\p228\p228_134_mic2.flac,p308,0,1,0.352516233921051,0.23776373267173767,0.352516233921051,-0.11475250124931335,4.180375
lca,2,p228_134_mic2,p228,data\VCTK\wav48_silence_trimmed\p228\p228_134_mic2.flac,p308,0,1,0.3631385862827301,0.3534034490585327,0.3631385862827301,-0.009735137224197388,4.180375
lca,3,p228_134_mic2,p228,data\VCTK\wav48_silence_trimmed\p228\p228_134_mic2.flac,p262,0,1,0.401065856218338,0.3581080436706543,0.401065856218338,-0.042957812547683716,4.180375
original,0,p228_307_mic2,p228,data\VCTK\wav48_silence_trimmed\p228\p228_307_mic2.flac,p228,1,1,0.7636124491691589,0.7636124491691589,0.40183836221694946,0.3617740869522095,3.482625
base,1,p228_307_mic2,p228,data\VCTK\wav48_silence_trimmed\p228\p228_307_mic2.flac,p244,0,1,0.3063744306564331,0.288266122341156,0.3063744306564331,-0.0181083083152771,3.482625
base,2,p228_307_mic2,p228,data\VCTK\wav48_silence_trimmed\p228\p228_307_mic2.flac,p228,1,1,0.3845627009868622,0.3845627009868622,0.36237308382987976,0.022189617156982422,3.482625
base,3,p228_307_mic2,p228,data\VCTK\wav48_silence_trimmed\p228\p228_307_mic2.flac,p228,1,1,0.46937811374664307,0.46937811374664307,0.38561558723449707,0.083762526512146,3.482625
lca,1,p228_307_mic2,p228,data\VCTK\wav48_silence_trimmed\p228\p228_307_mic2.flac,p300,0,1,0.2984095513820648,0.25551077723503113,0.2984095513820648,-0.04289877414703369,3.482625
lca,2,p228_307_mic2,p228,data\VCTK\wav48_silence_trimmed\p228\p228_307_mic2.flac,p262,0,1,0.3825361728668213,0.37783724069595337,0.3825361728668213,-0.00469893217086792,3.482625
lca,3,p228_307_mic2,p228,data\VCTK\wav48_silence_trimmed\p228\p228_307_mic2.flac,p228,1,1,0.4200074076652527,0.4200074076652527,0.40609127283096313,0.01391613483428955,3.482625
original,0,p229_067_mic2,p229,data\VCTK\wav48_silence_trimmed\p229\p229_067_mic2.flac,p229,1,1,0.7040375471115112,0.7040375471115112,0.2582084536552429,0.4458290934562683,2.7386875
base,1,p229_067_mic2,p229,data\VCTK\wav48_silence_trimmed\p229\p229_067_mic2.flac,p239,0,1,0.2569425702095032,0.11572180688381195,0.2569425702095032,-0.14122076332569122,2.7386875
base,2,p229_067_mic2,p229,data\VCTK\wav48_silence_trimmed\p229\p229_067_mic2.flac,p239,0,1,0.3018285632133484,0.25876063108444214,0.3018285632133484,-0.04306793212890625,2.7386875
base,3,p229_067_mic2,p229,data\VCTK\wav48_silence_trimmed\p229\p229_067_mic2.flac,p229,1,1,0.3319690525531769,0.3319690525531769,0.31300872564315796,0.01896032691001892,2.7386875
lca,1,p229_067_mic2,p229,data\VCTK\wav48_silence_trimmed\p229\p229_067_mic2.flac,p262,0,1,0.39430755376815796,0.12110187858343124,0.39430755376815796,-0.2732056751847267,2.7386875
lca,2,p229_067_mic2,p229,data\VCTK\wav48_silence_trimmed\p229\p229_067_mic2.flac,p262,0,1,0.349380224943161,0.17094732820987701,0.349380224943161,-0.178432896733284,2.7386875
lca,3,p229_067_mic2,p229,data\VCTK\wav48_silence_trimmed\p229\p229_067_mic2.flac,p262,0,1,0.3640240430831909,0.2789701223373413,0.3640240430831909,-0.08505392074584961,2.7386875
original,0,p229_068_mic1,p229,data\VCTK\wav48_silence_trimmed\p229\p229_068_mic1.flac,p229,1,1,0.5882628560066223,0.5882628560066223,0.2173401266336441,0.3709227293729782,2.4905625
base,1,p229_068_mic1,p229,data\VCTK\wav48_silence_trimmed\p229\p229_068_mic1.flac,p294,0,1,0.3046424388885498,0.12055443227291107,0.3046424388885498,-0.18408800661563873,2.4905625
base,2,p229_068_mic1,p229,data\VCTK\wav48_silence_trimmed\p229\p229_068_mic1.flac,p239,0,1,0.3662811815738678,0.2563428282737732,0.3662811815738678,-0.1099383533000946,2.4905625
base,3,p229_068_mic1,p229,data\VCTK\wav48_silence_trimmed\p229\p229_068_mic1.flac,p229,1,1,0.4397473931312561,0.4397473931312561,0.35712021589279175,0.08262717723846436,2.4905625
lca,1,p229_068_mic1,p229,data\VCTK\wav48_silence_trimmed\p229\p229_068_mic1.flac,p262,0,1,0.31238555908203125,0.06521410495042801,0.31238555908203125,-0.24717145413160324,2.4905625
lca,2,p229_068_mic1,p229,data\VCTK\wav48_silence_trimmed\p229\p229_068_mic1.flac,p313,0,1,0.31708353757858276,0.21303358674049377,0.31708353757858276,-0.10404995083808899,2.4905625
lca,3,p229_068_mic1,p229,data\VCTK\wav48_silence_trimmed\p229\p229_068_mic1.flac,p229,1,1,0.3116835951805115,0.3116835951805115,0.2686629295349121,0.043020665645599365,2.4905625
original,0,p229_112_mic1,p229,data\VCTK\wav48_silence_trimmed\p229\p229_112_mic1.flac,p229,1,1,0.814247727394104,0.814247727394104,0.3114486336708069,0.5027990937232971,3.8823125
base,1,p229_112_mic1,p229,data\VCTK\wav48_silence_trimmed\p229\p229_112_mic1.flac,p262,0,1,0.32206279039382935,0.1195727065205574,0.32206279039382935,-0.20249008387327194,3.8823125
base,2,p229_112_mic1,p229,data\VCTK\wav48_silence_trimmed\p229\p229_112_mic1.flac,p262,0,1,0.32119232416152954,0.30211180448532104,0.32119232416152954,-0.019080519676208496,3.8823125
base,3,p229_112_mic1,p229,data\VCTK\wav48_silence_trimmed\p229\p229_112_mic1.flac,p229,1,1,0.4055578112602234,0.4055578112602234,0.37713176012039185,0.028426051139831543,3.8823125
lca,1,p229_112_mic1,p229,data\VCTK\wav48_silence_trimmed\p229\p229_112_mic1.flac,p262,0,1,0.2935166656970978,0.04786134511232376,0.2935166656970978,-0.24565532058477402,3.8823125
lca,2,p229_112_mic1,p229,data\VCTK\wav48_silence_trimmed\p229\p229_112_mic1.flac,p308,0,1,0.4179021716117859,0.13968786597251892,0.4179021716117859,-0.27821430563926697,3.8823125
lca,3,p229_112_mic1,p229,data\VCTK\wav48_silence_trimmed\p229\p229_112_mic1.flac,p308,0,1,0.4233552813529968,0.20229990780353546,0.4233552813529968,-0.22105537354946136,3.8823125
original,0,p229_288_mic2,p229,data\VCTK\wav48_silence_trimmed\p229\p229_288_mic2.flac,p229,1,1,0.72397780418396,0.72397780418396,0.29521888494491577,0.4287589192390442,2.3074375
base,1,p229_288_mic2,p229,data\VCTK\wav48_silence_trimmed\p229\p229_288_mic2.flac,p229,1,1,0.3070395886898041,0.3070395886898041,0.2983638644218445,0.008675724267959595,2.3074375
base,2,p229_288_mic2,p229,data\VCTK\wav48_silence_trimmed\p229\p229_288_mic2.flac,p229,1,1,0.4546739459037781,0.4546739459037781,0.28167271614074707,0.173001229763031,2.3074375
base,3,p229_288_mic2,p229,data\VCTK\wav48_silence_trimmed\p229\p229_288_mic2.flac,p229,1,1,0.4845474362373352,0.4845474362373352,0.2837829887866974,0.20076444745063782,2.3074375
lca,1,p229_288_mic2,p229,data\VCTK\wav48_silence_trimmed\p229\p229_288_mic2.flac,p244,0,1,0.35064035654067993,0.09806863218545914,0.35064035654067993,-0.2525717243552208,2.3074375
lca,2,p229_288_mic2,p229,data\VCTK\wav48_silence_trimmed\p229\p229_288_mic2.flac,p244,0,1,0.292815625667572,0.2790099084377289,0.292815625667572,-0.01380571722984314,2.3074375
lca,3,p229_288_mic2,p229,data\VCTK\wav48_silence_trimmed\p229\p229_288_mic2.flac,p229,1,1,0.38200971484184265,0.38200971484184265,0.29548153281211853,0.08652818202972412,2.3074375
original,0,p229_344_mic1,p229,data\VCTK\wav48_silence_trimmed\p229\p229_344_mic1.flac,p229,1,1,0.7039011120796204,0.7039011120796204,0.26591941714286804,0.4379816949367523,3.1581875
base,1,p229_344_mic1,p229,data\VCTK\wav48_silence_trimmed\p229\p229_344_mic1.flac,p244,0,1,0.319829523563385,0.20471057295799255,0.319829523563385,-0.11511895060539246,3.1581875
base,2,p229_344_mic1,p229,data\VCTK\wav48_silence_trimmed\p229\p229_344_mic1.flac,p229,1,1,0.3970937132835388,0.3970937132835388,0.3209362328052521,0.07615748047828674,3.1581875
base,3,p229_344_mic1,p229,data\VCTK\wav48_silence_trimmed\p229\p229_344_mic1.flac,p229,1,1,0.44990330934524536,0.44990330934524536,0.33900049328804016,0.1109028160572052,3.1581875
lca,1,p229_344_mic1,p229,data\VCTK\wav48_silence_trimmed\p229\p229_344_mic1.flac,p313,0,1,0.38502949476242065,0.11494582146406174,0.38502949476242065,-0.2700836732983589,3.1581875
lca,2,p229_344_mic1,p229,data\VCTK\wav48_silence_trimmed\p229\p229_344_mic1.flac,p313,0,1,0.3472902178764343,0.1981574147939682,0.3472902178764343,-0.14913280308246613,3.1581875
lca,3,p229_344_mic1,p229,data\VCTK\wav48_silence_trimmed\p229\p229_344_mic1.flac,p308,0,1,0.3640425205230713,0.29706496000289917,0.3640425205230713,-0.06697756052017212,3.1581875
original,0,p237_069_mic1,p237,data\VCTK\wav48_silence_trimmed\p237\p237_069_mic1.flac,p237,1,1,0.8081660270690918,0.8081660270690918,0.26193752884864807,0.5462284982204437,4.070375
base,1,p237_069_mic1,p237,data\VCTK\wav48_silence_trimmed\p237\p237_069_mic1.flac,p281,0,0,0.21007050573825836,0.18456745147705078,0.21007050573825836,-0.02550305426120758,4.070375
base,2,p237_069_mic1,p237,data\VCTK\wav48_silence_trimmed\p237\p237_069_mic1.flac,p237,1,1,0.30207204818725586,0.30207204818725586,0.2819344997406006,0.020137548446655273,4.070375
base,3,p237_069_mic1,p237,data\VCTK\wav48_silence_trimmed\p237\p237_069_mic1.flac,p237,1,1,0.33322036266326904,0.33322036266326904,0.3024616837501526,0.030758678913116455,4.070375
lca,1,p237_069_mic1,p237,data\VCTK\wav48_silence_trimmed\p237\p237_069_mic1.flac,p281,0,1,0.2700452506542206,0.1269543617963791,0.2700452506542206,-0.1430908888578415,4.070375
lca,2,p237_069_mic1,p237,data\VCTK\wav48_silence_trimmed\p237\p237_069_mic1.flac,p237,1,1,0.3493998050689697,0.3493998050689697,0.3397347927093506,0.00966501235961914,4.070375
lca,3,p237_069_mic1,p237,data\VCTK\wav48_silence_trimmed\p237\p237_069_mic1.flac,p237,1,1,0.392289936542511,0.392289936542511,0.36257612705230713,0.029713809490203857,4.070375
original,0,p237_123_mic1,p237,data\VCTK\wav48_silence_trimmed\p237\p237_123_mic1.flac,p237,1,1,0.8076239824295044,0.8076239824295044,0.26168960332870483,0.5459343791007996,4.49375
base,1,p237_123_mic1,p237,data\VCTK\wav48_silence_trimmed\p237\p237_123_mic1.flac,p258,0,0,0.18065929412841797,0.08740539848804474,0.18065929412841797,-0.09325389564037323,4.49375
base,2,p237_123_mic1,p237,data\VCTK\wav48_silence_trimmed\p237\p237_123_mic1.flac,p281,0,1,0.33258289098739624,0.23323146998882294,0.33258289098739624,-0.0993514209985733,4.49375
base,3,p237_123_mic1,p237,data\VCTK\wav48_silence_trimmed\p237\p237_123_mic1.flac,p281,0,1,0.3485809862613678,0.24181818962097168,0.3485809862613678,-0.10676279664039612,4.49375
lca,1,p237_123_mic1,p237,data\VCTK\wav48_silence_trimmed\p237\p237_123_mic1.flac,p281,0,1,0.2804461717605591,0.09276613593101501,0.2804461717605591,-0.18768003582954407,4.49375
lca,2,p237_123_mic1,p237,data\VCTK\wav48_silence_trimmed\p237\p237_123_mic1.flac,p281,0,1,0.33552613854408264,0.2012386918067932,0.33552613854408264,-0.13428744673728943,4.49375
lca,3,p237_123_mic1,p237,data\VCTK\wav48_silence_trimmed\p237\p237_123_mic1.flac,p281,0,1,0.42698419094085693,0.2815089523792267,0.42698419094085693,-0.14547523856163025,4.49375
original,0,p237_195_mic2,p237,data\VCTK\wav48_silence_trimmed\p237\p237_195_mic2.flac,p237,1,1,0.7865639328956604,0.7865639328956604,0.21832521259784698,0.5682387202978134,3.558875
base,1,p237_195_mic2,p237,data\VCTK\wav48_silence_trimmed\p237\p237_195_mic2.flac,p302,0,0,0.22038434445858002,0.10891339182853699,0.22038434445858002,-0.11147095263004303,3.558875
base,2,p237_195_mic2,p237,data\VCTK\wav48_silence_trimmed\p237\p237_195_mic2.flac,p237,1,1,0.2792701721191406,0.2792701721191406,0.26124799251556396,0.01802217960357666,3.558875
base,3,p237_195_mic2,p237,data\VCTK\wav48_silence_trimmed\p237\p237_195_mic2.flac,p237,1,1,0.40297549962997437,0.40297549962997437,0.3351866602897644,0.06778883934020996,3.558875
lca,1,p237_195_mic2,p237,data\VCTK\wav48_silence_trimmed\p237\p237_195_mic2.flac,p262,0,1,0.2803795635700226,0.17828795313835144,0.2803795635700226,-0.10209161043167114,3.558875
lca,2,p237_195_mic2,p237,data\VCTK\wav48_silence_trimmed\p237\p237_195_mic2.flac,p281,0,1,0.3094940781593323,0.19795732200145721,0.3094940781593323,-0.11153675615787506,3.558875
lca,3,p237_195_mic2,p237,data\VCTK\wav48_silence_trimmed\p237\p237_195_mic2.flac,p281,0,1,0.36403709650039673,0.2809334397315979,0.36403709650039673,-0.08310365676879883,3.558875
original,0,p237_229_mic2,p237,data\VCTK\wav48_silence_trimmed\p237\p237_229_mic2.flac,p237,1,1,0.8093532919883728,0.8093532919883728,0.23592141270637512,0.5734318792819977,4.6091875
base,1,p237_229_mic2,p237,data\VCTK\wav48_silence_trimmed\p237\p237_229_mic2.flac,p244,0,0,0.207130566239357,0.18326088786125183,0.207130566239357,-0.023869678378105164,4.6091875
base,2,p237_229_mic2,p237,data\VCTK\wav48_silence_trimmed\p237\p237_229_mic2.flac,p237,1,1,0.26995351910591125,0.26995351910591125,0.23303446173667908,0.03691905736923218,4.6091875
base,3,p237_229_mic2,p237,data\VCTK\wav48_silence_trimmed\p237\p237_229_mic2.flac,p237,1,1,0.3246256113052368,0.3246256113052368,0.25289615988731384,0.07172945141792297,4.6091875
lca,1,p237_229_mic2,p237,data\VCTK\wav48_silence_trimmed\p237\p237_229_mic2.flac,p300,0,1,0.26212960481643677,0.14272192120552063,0.26212960481643677,-0.11940768361091614,4.6091875
lca,2,p237_229_mic2,p237,data\VCTK\wav48_silence_trimmed\p237\p237_229_mic2.flac,p281,0,1,0.2664213478565216,0.1942291110754013,0.2664213478565216,-0.0721922367811203,4.6091875
lca,3,p237_229_mic2,p237,data\VCTK\wav48_silence_trimmed\p237\p237_229_mic2.flac,p281,0,1,0.3703628182411194,0.30577510595321655,0.3703628182411194,-0.06458771228790283,4.6091875
original,0,p237_321_mic1,p237,data\VCTK\wav48_silence_trimmed\p237\p237_321_mic1.flac,p237,1,1,0.8302814364433289,0.8302814364433289,0.23560746014118195,0.5946739763021469,3.1981875
base,1,p237_321_mic1,p237,data\VCTK\wav48_silence_trimmed\p237\p237_321_mic1.flac,p237,1,1,0.2868362367153168,0.2868362367153168,0.21499693393707275,0.07183930277824402,3.1981875
base,2,p237_321_mic1,p237,data\VCTK\wav48_silence_trimmed\p237\p237_321_mic1.flac,p237,1,1,0.39523351192474365,0.39523351192474365,0.3146018981933594,0.08063161373138428,3.1981875
base,3,p237_321_mic1,p237,data\VCTK\wav48_silence_trimmed\p237\p237_321_mic1.flac,p237,1,1,0.46273618936538696,0.46273618936538696,0.29696333408355713,0.16577285528182983,3.1981875
lca,1,p237_321_mic1,p237,data\VCTK\wav48_silence_trimmed\p237\p237_321_mic1.flac,p281,0,1,0.2942734360694885,0.14569775760173798,0.2942734360694885,-0.14857567846775055,3.1981875
lca,2,p237_321_mic1,p237,data\VCTK\wav48_silence_trimmed\p237\p237_321_mic1.flac,p237,1,1,0.34412309527397156,0.34412309527397156,0.3051726818084717,0.03895041346549988,3.1981875
lca,3,p237_321_mic1,p237,data\VCTK\wav48_silence_trimmed\p237\p237_321_mic1.flac,p237,1,1,0.34978580474853516,0.34978580474853516,0.3022264838218689,0.04755932092666626,3.1981875
original,0,p239_017_mic2,p239,data\VCTK\wav48_silence_trimmed\p239\p239_017_mic2.flac,p239,1,1,0.7727270722389221,0.7727270722389221,0.38302892446517944,0.3896981477737427,4.4860625
base,1,p239_017_mic2,p239,data\VCTK\wav48_silence_trimmed\p239\p239_017_mic2.flac,p300,0,1,0.37124449014663696,0.19025695323944092,0.37124449014663696,-0.18098753690719604,4.4860625
base,2,p239_017_mic2,p239,data\VCTK\wav48_silence_trimmed\p239\p239_017_mic2.flac,p239,1,1,0.37940990924835205,0.37940990924835205,0.35909873247146606,0.020311176776885986,4.4860625
base,3,p239_017_mic2,p239,data\VCTK\wav48_silence_trimmed\p239\p239_017_mic2.flac,p239,1,1,0.4851086139678955,0.4851086139678955,0.34229713678359985,0.14281147718429565,4.4860625
lca,1,p239_017_mic2,p239,data\VCTK\wav48_silence_trimmed\p239\p239_017_mic2.flac,p228,0,1,0.2901029586791992,0.19051671028137207,0.2901029586791992,-0.09958624839782715,4.4860625
lca,2,p239_017_mic2,p239,data\VCTK\wav48_silence_trimmed\p239\p239_017_mic2.flac,p300,0,1,0.2901170253753662,0.27612966299057007,0.2901170253753662,-0.013987362384796143,4.4860625
lca,3,p239_017_mic2,p239,data\VCTK\wav48_silence_trimmed\p239\p239_017_mic2.flac,p239,1,1,0.3587483763694763,0.3587483763694763,0.29260385036468506,0.06614452600479126,4.4860625
original,0,p239_123_mic2,p239,data\VCTK\wav48_silence_trimmed\p239\p239_123_mic2.flac,p239,1,1,0.728701114654541,0.728701114654541,0.2305580973625183,0.4981430172920227,3.243625
base,1,p239_123_mic2,p239,data\VCTK\wav48_silence_trimmed\p239\p239_123_mic2.flac,p239,1,1,0.28854864835739136,0.28854864835739136,0.2331308275461197,0.05541782081127167,3.243625
base,2,p239_123_mic2,p239,data\VCTK\wav48_silence_trimmed\p239\p239_123_mic2.flac,p239,1,1,0.3635052442550659,0.3635052442550659,0.26504814624786377,0.09845709800720215,3.243625
base,3,p239_123_mic2,p239,data\VCTK\wav48_silence_trimmed\p239\p239_123_mic2.flac,p239,1,1,0.42809027433395386,0.42809027433395386,0.26298174262046814,0.16510853171348572,3.243625
lca,1,p239_123_mic2,p239,data\VCTK\wav48_silence_trimmed\p239\p239_123_mic2.flac,p244,0,1,0.3330777883529663,0.2297612875699997,0.3330777883529663,-0.10331650078296661,3.243625
lca,2,p239_123_mic2,p239,data\VCTK\wav48_silence_trimmed\p239\p239_123_mic2.flac,p239,1,1,0.298774391412735,0.298774391412735,0.28195804357528687,0.01681634783744812,3.243625
lca,3,p239_123_mic2,p239,data\VCTK\wav48_silence_trimmed\p239\p239_123_mic2.flac,p239,1,1,0.3720855712890625,0.3720855712890625,0.27630409598350525,0.09578147530555725,3.243625
original,0,p239_131_mic2,p239,data\VCTK\wav48_silence_trimmed\p239\p239_131_mic2.flac,p239,1,1,0.3110902011394501,0.3110902011394501,0.2383245825767517,0.07276561856269836,2.1385625
base,1,p239_131_mic2,p239,data\VCTK\wav48_silence_trimmed\p239\p239_131_mic2.flac,p255,0,0,0.19763660430908203,0.020723702386021614,0.19763660430908203,-0.17691290192306042,2.1385625
base,2,p239_131_mic2,p239,data\VCTK\wav48_silence_trimmed\p239\p239_131_mic2.flac,p255,0,1,0.2805599868297577,0.03962886333465576,0.2805599868297577,-0.24093112349510193,2.1385625
base,3,p239_131_mic2,p239,data\VCTK\wav48_silence_trimmed\p239\p239_131_mic2.flac,p255,0,1,0.2562067210674286,0.11279162764549255,0.2562067210674286,-0.14341509342193604,2.1385625
lca,1,p239_131_mic2,p239,data\VCTK\wav48_silence_trimmed\p239\p239_131_mic2.flac,p255,0,1,0.2556999623775482,0.10417547821998596,0.2556999623775482,-0.15152448415756226,2.1385625
lca,2,p239_131_mic2,p239,data\VCTK\wav48_silence_trimmed\p239\p239_131_mic2.flac,p255,0,1,0.32998037338256836,0.06864312291145325,0.32998037338256836,-0.2613372504711151,2.1385625
lca,3,p239_131_mic2,p239,data\VCTK\wav48_silence_trimmed\p239\p239_131_mic2.flac,p255,0,1,0.27624207735061646,0.05153858661651611,0.27624207735061646,-0.22470349073410034,2.1385625
original,0,p239_387_mic2,p239,data\VCTK\wav48_silence_trimmed\p239\p239_387_mic2.flac,p239,1,1,0.764838457107544,0.764838457107544,0.29440271854400635,0.4704357385635376,2.6045
base,1,p239_387_mic2,p239,data\VCTK\wav48_silence_trimmed\p239\p239_387_mic2.flac,p244,0,1,0.31175222992897034,0.22783610224723816,0.31175222992897034,-0.08391612768173218,2.6045
base,2,p239_387_mic2,p239,data\VCTK\wav48_silence_trimmed\p239\p239_387_mic2.flac,p244,0,1,0.3277656137943268,0.310028076171875,0.3277656137943268,-0.017737537622451782,2.6045
base,3,p239_387_mic2,p239,data\VCTK\wav48_silence_trimmed\p239\p239_387_mic2.flac,p239,1,1,0.4669056534767151,0.4669056534767151,0.34997424483299255,0.11693140864372253,2.6045
lca,1,p239_387_mic2,p239,data\VCTK\wav48_silence_trimmed\p239\p239_387_mic2.flac,p262,0,1,0.4383227229118347,0.18412086367607117,0.4383227229118347,-0.25420185923576355,2.6045
lca,2,p239_387_mic2,p239,data\VCTK\wav48_silence_trimmed\p239\p239_387_mic2.flac,p262,0,1,0.4291980266571045,0.2744351029396057,0.4291980266571045,-0.15476292371749878,2.6045
lca,3,p239_387_mic2,p239,data\VCTK\wav48_silence_trimmed\p239\p239_387_mic2.flac,p308,0,1,0.41225317120552063,0.3418557643890381,0.41225317120552063,-0.07039740681648254,2.6045
original,0,p239_439_mic2,p239,data\VCTK\wav48_silence_trimmed\p239\p239_439_mic2.flac,p239,1,1,0.7635072469711304,0.7635072469711304,0.28471601009368896,0.4787912368774414,3.8021875
base,1,p239_439_mic2,p239,data\VCTK\wav48_silence_trimmed\p239\p239_439_mic2.flac,p262,0,1,0.338301420211792,0.2613384425640106,0.338301420211792,-0.07696297764778137,3.8021875
base,2,p239_439_mic2,p239,data\VCTK\wav48_silence_trimmed\p239\p239_439_mic2.flac,p239,1,1,0.37916848063468933,0.37916848063468933,0.30523601174354553,0.0739324688911438,3.8021875
base,3,p239_439_mic2,p239,data\VCTK\wav48_silence_trimmed\p239\p239_439_mic2.flac,p239,1,1,0.3667696714401245,0.3667696714401245,0.29138103127479553,0.07538864016532898,3.8021875
lca,1,p239_439_mic2,p239,data\VCTK\wav48_silence_trimmed\p239\p239_439_mic2.flac,p262,0,1,0.36754822731018066,0.21452905237674713,0.36754822731018066,-0.15301917493343353,3.8021875
lca,2,p239_439_mic2,p239,data\VCTK\wav48_silence_trimmed\p239\p239_439_mic2.flac,p262,0,1,0.4506547749042511,0.30920371413230896,0.4506547749042511,-0.14145106077194214,3.8021875
lca,3,p239_439_mic2,p239,data\VCTK\wav48_silence_trimmed\p239\p239_439_mic2.flac,p262,0,1,0.40216386318206787,0.3182355463504791,0.40216386318206787,-0.08392831683158875,3.8021875
original,0,p240_057_mic2,p240,data\VCTK\wav48_silence_trimmed\p240\p240_057_mic2.flac,p240,1,1,0.7676050662994385,0.7676050662994385,0.29398298263549805,0.47362208366394043,4.235625
base,1,p240_057_mic2,p240,data\VCTK\wav48_silence_trimmed\p240\p240_057_mic2.flac,p244,0,1,0.397011399269104,0.2926214039325714,0.397011399269104,-0.10438999533653259,4.235625
base,2,p240_057_mic2,p240,data\VCTK\wav48_silence_trimmed\p240\p240_057_mic2.flac,p244,0,1,0.417059987783432,0.36368244886398315,0.417059987783432,-0.05337753891944885,4.235625
base,3,p240_057_mic2,p240,data\VCTK\wav48_silence_trimmed\p240\p240_057_mic2.flac,p240,1,1,0.39817532896995544,0.39817532896995544,0.3952193558216095,0.0029559731483459473,4.235625
lca,1,p240_057_mic2,p240,data\VCTK\wav48_silence_trimmed\p240\p240_057_mic2.flac,p244,0,1,0.43195104598999023,0.24535438418388367,0.43195104598999023,-0.18659666180610657,4.235625
lca,2,p240_057_mic2,p240,data\VCTK\wav48_silence_trimmed\p240\p240_057_mic2.flac,p244,0,1,0.3726343512535095,0.3349047303199768,0.3726343512535095,-0.037729620933532715,4.235625
lca,3,p240_057_mic2,p240,data\VCTK\wav48_silence_trimmed\p240\p240_057_mic2.flac,p228,0,1,0.36252105236053467,0.3583022356033325,0.36252105236053467,-0.0042188167572021484,4.235625
original,0,p240_110_mic1,p240,data\VCTK\wav48_silence_trimmed\p240\p240_110_mic1.flac,p240,1,1,0.6281962394714355,0.6281962394714355,0.2701149582862854,0.35808128118515015,1.9643125
base,1,p240_110_mic1,p240,data\VCTK\wav48_silence_trimmed\p240\p240_110_mic1.flac,p255,0,1,0.2882155776023865,0.2315664291381836,0.2882155776023865,-0.05664914846420288,1.9643125
base,2,p240_110_mic1,p240,data\VCTK\wav48_silence_trimmed\p240\p240_110_mic1.flac,p244,0,1,0.41511663794517517,0.31637993454933167,0.41511663794517517,-0.0987367033958435,1.9643125
base,3,p240_110_mic1,p240,data\VCTK\wav48_silence_trimmed\p240\p240_110_mic1.flac,p244,0,1,0.39746028184890747,0.383087158203125,0.39746028184890747,-0.01437312364578247,1.9643125
lca,1,p240_110_mic1,p240,data\VCTK\wav48_silence_trimmed\p240\p240_110_mic1.flac,p228,0,1,0.30020570755004883,0.2494526505470276,0.30020570755004883,-0.05075305700302124,1.9643125
lca,2,p240_110_mic1,p240,data\VCTK\wav48_silence_trimmed\p240\p240_110_mic1.flac,p244,0,1,0.3744322657585144,0.2823942005634308,0.3744322657585144,-0.09203806519508362,1.9643125
lca,3,p240_110_mic1,p240,data\VCTK\wav48_silence_trimmed\p240\p240_110_mic1.flac,p244,0,1,0.34121134877204895,0.30516910552978516,0.34121134877204895,-0.036042243242263794,1.9643125
original,0,p240_134_mic1,p240,data\VCTK\wav48_silence_trimmed\p240\p240_134_mic1.flac,p240,1,1,0.7216867208480835,0.7216867208480835,0.33262529969215393,0.38906142115592957,2.57775
base,1,p240_134_mic1,p240,data\VCTK\wav48_silence_trimmed\p240\p240_134_mic1.flac,p244,0,1,0.3768880069255829,0.2579154074192047,0.3768880069255829,-0.11897259950637817,2.57775
base,2,p240_134_mic1,p240,data\VCTK\wav48_silence_trimmed\p240\p240_134_mic1.flac,p244,0,1,0.41631895303726196,0.3061283230781555,0.41631895303726196,-0.11019062995910645,2.57775
base,3,p240_134_mic1,p240,data\VCTK\wav48_silence_trimmed\p240\p240_134_mic1.flac,p244,0,1,0.396390438079834,0.38463109731674194,0.396390438079834,-0.011759340763092041,2.57775
lca,1,p240_134_mic1,p240,data\VCTK\wav48_silence_trimmed\p240\p240_134_mic1.flac,p244,0,1,0.2966924011707306,0.15291839838027954,0.2966924011707306,-0.14377400279045105,2.57775
lca,2,p240_134_mic1,p240,data\VCTK\wav48_silence_trimmed\p240\p240_134_mic1.flac,p244,0,1,0.32711178064346313,0.2628636956214905,0.32711178064346313,-0.06424808502197266,2.57775
lca,3,p240_134_mic1,p240,data\VCTK\wav48_silence_trimmed\p240\p240_134_mic1.flac,p262,0,1,0.3978894352912903,0.35171326994895935,0.3978894352912903,-0.04617616534233093,2.57775
original,0,p240_191_mic2,p240,data\VCTK\wav48_silence_trimmed\p240\p240_191_mic2.flac,p240,1,1,0.7953974604606628,0.7953974604606628,0.2805880904197693,0.5148093700408936,3.345125
base,1,p240_191_mic2,p240,data\VCTK\wav48_silence_trimmed\p240\p240_191_mic2.flac,p244,0,1,0.42701539397239685,0.2015078365802765,0.42701539397239685,-0.22550755739212036,3.345125
base,2,p240_191_mic2,p240,data\VCTK\wav48_silence_trimmed\p240\p240_191_mic2.flac,p244,0,1,0.39134863018989563,0.3168274760246277,0.39134863018989563,-0.07452115416526794,3.345125
base,3,p240_191_mic2,p240,data\VCTK\wav48_silence_trimmed\p240\p240_191_mic2.flac,p240,1,1,0.3888315260410309,0.3888315260410309,0.3628750443458557,0.02595648169517517,3.345125
lca,1,p240_191_mic2,p240,data\VCTK\wav48_silence_trimmed\p240\p240_191_mic2.flac,p244,0,1,0.35866501927375793,0.1901768445968628,0.35866501927375793,-0.16848817467689514,3.345125
lca,2,p240_191_mic2,p240,data\VCTK\wav48_silence_trimmed\p240\p240_191_mic2.flac,p262,0,1,0.37846988439559937,0.360880583524704,0.37846988439559937,-0.017589300870895386,3.345125
lca,3,p240_191_mic2,p240,data\VCTK\wav48_silence_trimmed\p240\p240_191_mic2.flac,p262,0,1,0.43026667833328247,0.39256054162979126,0.43026667833328247,-0.03770613670349121,3.345125
original,0,p240_326_mic2,p240,data\VCTK\wav48_silence_trimmed\p240\p240_326_mic2.flac,p240,1,1,0.49684014916419983,0.49684014916419983,0.3357045650482178,0.16113558411598206,2.3074375
base,1,p240_326_mic2,p240,data\VCTK\wav48_silence_trimmed\p240\p240_326_mic2.flac,p302,0,0,0.20420563220977783,0.07189950346946716,0.20420563220977783,-0.13230612874031067,2.3074375
base,2,p240_326_mic2,p240,data\VCTK\wav48_silence_trimmed\p240\p240_326_mic2.flac,p228,0,0,0.24030154943466187,0.20513546466827393,0.24030154943466187,-0.03516608476638794,2.3074375
base,3,p240_326_mic2,p240,data\VCTK\wav48_silence_trimmed\p240\p240_326_mic2.flac,p244,0,1,0.3076348900794983,0.21249917149543762,0.3076348900794983,-0.09513571858406067,2.3074375
lca,1,p240_326_mic2,p240,data\VCTK\wav48_silence_trimmed\p240\p240_326_mic2.flac,p308,0,1,0.30833691358566284,0.15728473663330078,0.30833691358566284,-0.15105217695236206,2.3074375
lca,2,p240_326_mic2,p240,data\VCTK\wav48_silence_trimmed\p240\p240_326_mic2.flac,p262,0,1,0.28729742765426636,0.20763885974884033,0.28729742765426636,-0.07965856790542603,2.3074375
lca,3,p240_326_mic2,p240,data\VCTK\wav48_silence_trimmed\p240\p240_326_mic2.flac,p262,0,1,0.3146359324455261,0.2174396514892578,0.3146359324455261,-0.09719628095626831,2.3074375
original,0,p244_024_mic1,p244,data\VCTK\wav48_silence_trimmed\p244\p244_024_mic1.flac,p244,1,1,0.7051969766616821,0.7051969766616821,0.5583776235580444,0.1468193531036377,6.335125
base,1,p244_024_mic1,p244,data\VCTK\wav48_silence_trimmed\p244\p244_024_mic1.flac,p244,1,1,0.29900795221328735,0.29900795221328735,0.2700701355934143,0.028937816619873047,6.335125
base,2,p244_024_mic1,p244,data\VCTK\wav48_silence_trimmed\p244\p244_024_mic1.flac,p244,1,1,0.43123799562454224,0.43123799562454224,0.40233534574508667,0.028902649879455566,6.335125
base,3,p244_024_mic1,p244,data\VCTK\wav48_silence_trimmed\p244\p244_024_mic1.flac,p244,1,1,0.5160423517227173,0.5160423517227173,0.4301934242248535,0.08584892749786377,6.335125
lca,1,p244_024_mic1,p244,data\VCTK\wav48_silence_trimmed\p244\p244_024_mic1.flac,p308,0,1,0.2631385326385498,0.26239073276519775,0.2631385326385498,-0.0007477998733520508,6.335125
lca,2,p244_024_mic1,p244,data\VCTK\wav48_silence_trimmed\p244\p244_024_mic1.flac,p300,0,1,0.33248454332351685,0.3203502297401428,0.33248454332351685,-0.012134313583374023,6.335125
lca,3,p244_024_mic1,p244,data\VCTK\wav48_silence_trimmed\p244\p244_024_mic1.flac,p244,1,1,0.37023088335990906,0.37023088335990906,0.34033966064453125,0.029891222715377808,6.335125
original,0,p244_094_mic2,p244,data\VCTK\wav48_silence_trimmed\p244\p244_094_mic2.flac,p244,1,1,0.6752406358718872,0.6752406358718872,0.36198049783706665,0.31326013803482056,2.483625
base,1,p244_094_mic2,p244,data\VCTK\wav48_silence_trimmed\p244\p244_094_mic2.flac,p244,1,1,0.3246115446090698,0.3246115446090698,0.16790875792503357,0.15670278668403625,2.483625
base,2,p244_094_mic2,p244,data\VCTK\wav48_silence_trimmed\p244\p244_094_mic2.flac,p244,1,1,0.40260979533195496,0.40260979533195496,0.21795448660850525,0.1846553087234497,2.483625
base,3,p244_094_mic2,p244,data\VCTK\wav48_silence_trimmed\p244\p244_094_mic2.flac,p244,1,1,0.4336208999156952,0.4336208999156952,0.22966179251670837,0.20395910739898682,2.483625
lca,1,p244_094_mic2,p244,data\VCTK\wav48_silence_trimmed\p244\p244_094_mic2.flac,p244,1,1,0.3630516529083252,0.3630516529083252,0.34328943490982056,0.01976221799850464,2.483625
lca,2,p244_094_mic2,p244,data\VCTK\wav48_silence_trimmed\p244\p244_094_mic2.flac,p244,1,1,0.4060080647468567,0.4060080647468567,0.31458234786987305,0.09142571687698364,2.483625
lca,3,p244_094_mic2,p244,data\VCTK\wav48_silence_trimmed\p244\p244_094_mic2.flac,p244,1,1,0.4399622082710266,0.4399622082710266,0.30459195375442505,0.13537025451660156,2.483625
original,0,p244_158_mic2,p244,data\VCTK\wav48_silence_trimmed\p244\p244_158_mic2.flac,p244,1,1,0.6998158097267151,0.6998158097267151,0.4815448820590973,0.2182709276676178,3.0898125
base,1,p244_158_mic2,p244,data\VCTK\wav48_silence_trimmed\p244\p244_158_mic2.flac,p244,1,0,0.2439500093460083,0.2439500093460083,0.20937514305114746,0.03457486629486084,3.0898125
base,2,p244_158_mic2,p244,data\VCTK\wav48_silence_trimmed\p244\p244_158_mic2.flac,p244,1,1,0.3875961899757385,0.3875961899757385,0.34170597791671753,0.045890212059020996,3.0898125
base,3,p244_158_mic2,p244,data\VCTK\wav48_silence_trimmed\p244\p244_158_mic2.flac,p244,1,1,0.4282517433166504,0.4282517433166504,0.4065934419631958,0.02165830135345459,3.0898125
lca,1,p244_158_mic2,p244,data\VCTK\wav48_silence_trimmed\p244\p244_158_mic2.flac,p244,1,1,0.3125308156013489,0.3125308156013489,0.273374080657959,0.03915673494338989,3.0898125
lca,2,p244_158_mic2,p244,data\VCTK\wav48_silence_trimmed\p244\p244_158_mic2.flac,p244,1,1,0.3701942265033722,0.3701942265033722,0.3585066795349121,0.011687546968460083,3.0898125
lca,3,p244_158_mic2,p244,data\VCTK\wav48_silence_trimmed\p244\p244_158_mic2.flac,p244,1,1,0.4119115471839905,0.4119115471839905,0.3785267174243927,0.03338482975959778,3.0898125
original,0,p244_173_mic1,p244,data\VCTK\wav48_silence_trimmed\p244\p244_173_mic1.flac,p244,1,1,0.7592542171478271,0.7592542171478271,0.4781203269958496,0.28113389015197754,3.002625
base,1,p244_173_mic1,p244,data\VCTK\wav48_silence_trimmed\p244\p244_173_mic1.flac,p318,0,1,0.28175079822540283,0.21898876130580902,0.28175079822540283,-0.06276203691959381,3.002625
base,2,p244_173_mic1,p244,data\VCTK\wav48_silence_trimmed\p244\p244_173_mic1.flac,p244,1,1,0.40479040145874023,0.40479040145874023,0.32232987880706787,0.08246052265167236,3.002625
base,3,p244_173_mic1,p244,data\VCTK\wav48_silence_trimmed\p244\p244_173_mic1.flac,p244,1,1,0.48917555809020996,0.48917555809020996,0.3473277986049652,0.14184775948524475,3.002625
lca,1,p244_173_mic1,p244,data\VCTK\wav48_silence_trimmed\p244\p244_173_mic1.flac,p308,0,1,0.34334075450897217,0.3194236755371094,0.34334075450897217,-0.023917078971862793,3.002625
lca,2,p244_173_mic1,p244,data\VCTK\wav48_silence_trimmed\p244\p244_173_mic1.flac,p244,1,1,0.3425208330154419,0.3425208330154419,0.32323315739631653,0.019287675619125366,3.002625
lca,3,p244_173_mic1,p244,data\VCTK\wav48_silence_trimmed\p244\p244_173_mic1.flac,p244,1,1,0.4553195834159851,0.4553195834159851,0.3012503385543823,0.15406924486160278,3.002625
original,0,p244_323_mic1,p244,data\VCTK\wav48_silence_trimmed\p244\p244_323_mic1.flac,p244,1,1,0.787800669670105,0.787800669670105,0.37364697456359863,0.41415369510650635,2.535375
base,1,p244_323_mic1,p244,data\VCTK\wav48_silence_trimmed\p244\p244_323_mic1.flac,p244,1,1,0.30805355310440063,0.30805355310440063,0.29003703594207764,0.018016517162322998,2.535375
base,2,p244_323_mic1,p244,data\VCTK\wav48_silence_trimmed\p244\p244_323_mic1.flac,p244,1,1,0.3912028670310974,0.3912028670310974,0.2615404725074768,0.1296623945236206,2.535375
base,3,p244_323_mic1,p244,data\VCTK\wav48_silence_trimmed\p244\p244_323_mic1.flac,p244,1,1,0.45022305846214294,0.45022305846214294,0.27932435274124146,0.1708987057209015,2.535375
lca,1,p244_323_mic1,p244,data\VCTK\wav48_silence_trimmed\p244\p244_323_mic1.flac,p244,1,1,0.3783441185951233,0.3783441185951233,0.33145445585250854,0.046889662742614746,2.535375
lca,2,p244_323_mic1,p244,data\VCTK\wav48_silence_trimmed\p244\p244_323_mic1.flac,p244,1,1,0.3983267545700073,0.3983267545700073,0.3391745984554291,0.05915215611457825,2.535375
lca,3,p244_323_mic1,p244,data\VCTK\wav48_silence_trimmed\p244\p244_323_mic1.flac,p244,1,1,0.4025735855102539,0.4025735855102539,0.3557814359664917,0.04679214954376221,2.535375
original,0,p254_061_mic2,p254,data\VCTK\wav48_silence_trimmed\p254\p254_061_mic2.flac,p254,1,1,0.6862236261367798,0.6862236261367798,0.2771175503730774,0.4091060757637024,2.2654375
base,1,p254_061_mic2,p254,data\VCTK\wav48_silence_trimmed\p254\p254_061_mic2.flac,p313,0,0,0.16398097574710846,0.1310778558254242,0.16398097574710846,-0.032903119921684265,2.2654375
base,2,p254_061_mic2,p254,data\VCTK\wav48_silence_trimmed\p254\p254_061_mic2.flac,p254,1,0,0.19564610719680786,0.19564610719680786,0.13834619522094727,0.057299911975860596,2.2654375
base,3,p254_061_mic2,p254,data\VCTK\wav48_silence_trimmed\p254\p254_061_mic2.flac,p254,1,1,0.36237674951553345,0.36237674951553345,0.24007856845855713,0.12229818105697632,2.2654375
lca,1,p254_061_mic2,p254,data\VCTK\wav48_silence_trimmed\p254\p254_061_mic2.flac,p262,0,0,0.1949804723262787,-0.0008475556969642639,0.1949804723262787,-0.19582802802324295,2.2654375
lca,2,p254_061_mic2,p254,data\VCTK\wav48_silence_trimmed\p254\p254_061_mic2.flac,p308,0,0,0.23110540211200714,0.14174878597259521,0.23110540211200714,-0.08935661613941193,2.2654375
lca,3,p254_061_mic2,p254,data\VCTK\wav48_silence_trimmed\p254\p254_061_mic2.flac,p256,0,0,0.23855504393577576,0.21383923292160034,0.23855504393577576,-0.024715811014175415,2.2654375
original,0,p254_222_mic1,p254,data\VCTK\wav48_silence_trimmed\p254\p254_222_mic1.flac,p254,1,1,0.6969044804573059,0.6969044804573059,0.3187991678714752,0.3781053125858307,2.5204375
base,1,p254_222_mic1,p254,data\VCTK\wav48_silence_trimmed\p254\p254_222_mic1.flac,p306,0,0,0.1391027867794037,0.10226073116064072,0.1391027867794037,-0.03684205561876297,2.5204375
base,2,p254_222_mic1,p254,data\VCTK\wav48_silence_trimmed\p254\p254_222_mic1.flac,p254,1,0,0.2428233027458191,0.2428233027458191,0.16826970875263214,0.07455359399318695,2.5204375
base,3,p254_222_mic1,p254,data\VCTK\wav48_silence_trimmed\p254\p254_222_mic1.flac,p254,1,0,0.2483154684305191,0.2483154684305191,0.15151536464691162,0.09680010378360748,2.5204375
lca,1,p254_222_mic1,p254,data\VCTK\wav48_silence_trimmed\p254\p254_222_mic1.flac,p281,0,0,0.22092485427856445,0.013520129024982452,0.22092485427856445,-0.207404725253582,2.5204375
lca,2,p254_222_mic1,p254,data\VCTK\wav48_silence_trimmed\p254\p254_222_mic1.flac,p281,0,0,0.216901496052742,0.12040723860263824,0.216901496052742,-0.09649425745010376,2.5204375
lca,3,p254_222_mic1,p254,data\VCTK\wav48_silence_trimmed\p254\p254_222_mic1.flac,p254,1,0,0.17321759462356567,0.17321759462356567,0.12378828972578049,0.04942930489778519,2.5204375
original,0,p254_227_mic2,p254,data\VCTK\wav48_silence_trimmed\p254\p254_227_mic2.flac,p254,1,1,0.6925575733184814,0.6925575733184814,0.3087625503540039,0.38379502296447754,2.8548125
base,1,p254_227_mic2,p254,data\VCTK\wav48_silence_trimmed\p254\p254_227_mic2.flac,p258,0,0,0.17474696040153503,0.1396668255329132,0.17474696040153503,-0.035080134868621826,2.8548125
base,2,p254_227_mic2,p254,data\VCTK\wav48_silence_trimmed\p254\p254_227_mic2.flac,p256,0,1,0.29965925216674805,0.26079365611076355,0.29965925216674805,-0.0388655960559845,2.8548125
base,3,p254_227_mic2,p254,data\VCTK\wav48_silence_trimmed\p254\p254_227_mic2.flac,p254,1,1,0.3464253544807434,0.3464253544807434,0.2695424258708954,0.07688292860984802,2.8548125
lca,1,p254_227_mic2,p254,data\VCTK\wav48_silence_trimmed\p254\p254_227_mic2.flac,p262,0,0,0.20326660573482513,-0.05381692573428154,0.20326660573482513,-0.2570835314691067,2.8548125
lca,2,p254_227_mic2,p254,data\VCTK\wav48_silence_trimmed\p254\p254_227_mic2.flac,p256,0,0,0.20376285910606384,0.12882572412490845,0.20376285910606384,-0.0749371349811554,2.8548125
lca,3,p254_227_mic2,p254,data\VCTK\wav48_silence_trimmed\p254\p254_227_mic2.flac,p254,1,0,0.24224750697612762,0.24224750697612762,0.18906337022781372,0.053184136748313904,2.8548125
original,0,p254_268_mic1,p254,data\VCTK\wav48_silence_trimmed\p254\p254_268_mic1.flac,p254,1,1,0.765834391117096,0.765834391117096,0.2734963893890381,0.49233800172805786,4.4418125
base,1,p254_268_mic1,p254,data\VCTK\wav48_silence_trimmed\p254\p254_268_mic1.flac,p313,0,0,0.2022031545639038,0.16974025964736938,0.2022031545639038,-0.032462894916534424,4.4418125
base,2,p254_268_mic1,p254,data\VCTK\wav48_silence_trimmed\p254\p254_268_mic1.flac,p254,1,1,0.34186381101608276,0.34186381101608276,0.18535377085208893,0.15651004016399384,4.4418125
base,3,p254_268_mic1,p254,data\VCTK\wav48_silence_trimmed\p254\p254_268_mic1.flac,p254,1,1,0.41040557622909546,0.41040557622909546,0.1978471428155899,0.21255843341350555,4.4418125
lca,1,p254_268_mic1,p254,data\VCTK\wav48_silence_trimmed\p254\p254_268_mic1.flac,p262,0,0,0.22471114993095398,0.09617751836776733,0.22471114993095398,-0.12853363156318665,4.4418125
lca,2,p254_268_mic1,p254,data\VCTK\wav48_silence_trimmed\p254\p254_268_mic1.flac,p254,1,0,0.24797159433364868,0.24797159433364868,0.23053774237632751,0.017433851957321167,4.4418125
lca,3,p254_268_mic1,p254,data\VCTK\wav48_silence_trimmed\p254\p254_268_mic1.flac,p254,1,1,0.26887819170951843,0.26887819170951843,0.20953427255153656,0.05934391915798187,4.4418125
original,0,p254_398_mic2,p254,data\VCTK\wav48_silence_trimmed\p254\p254_398_mic2.flac,p254,1,1,0.5771510004997253,0.5771510004997253,0.40079206228256226,0.17635893821716309,2.64875
base,1,p254_398_mic2,p254,data\VCTK\wav48_silence_trimmed\p254\p254_398_mic2.flac,p262,0,1,0.2793298661708832,-0.018589410930871964,0.2793298661708832,-0.29791927710175514,2.64875
base,2,p254_398_mic2,p254,data\VCTK\wav48_silence_trimmed\p254\p254_398_mic2.flac,p302,0,0,0.23583953082561493,0.20360344648361206,0.23583953082561493,-0.03223608434200287,2.64875
base,3,p254_398_mic2,p254,data\VCTK\wav48_silence_trimmed\p254\p254_398_mic2.flac,p254,1,1,0.2857702374458313,0.2857702374458313,0.27913743257522583,0.006632804870605469,2.64875
lca,1,p254_398_mic2,p254,data\VCTK\wav48_silence_trimmed\p254\p254_398_mic2.flac,p262,0,0,0.2488163411617279,0.0418899767100811,0.2488163411617279,-0.2069263644516468,2.64875
lca,2,p254_398_mic2,p254,data\VCTK\wav48_silence_trimmed\p254\p254_398_mic2.flac,p281,0,1,0.25902342796325684,0.13123217225074768,0.25902342796325684,-0.12779125571250916,2.64875
lca,3,p254_398_mic2,p254,data\VCTK\wav48_silence_trimmed\p254\p254_398_mic2.flac,p256,0,1,0.27782395482063293,0.1988999843597412,0.27782395482063293,-0.07892397046089172,2.64875
original,0,p255_058_mic2,p255,data\VCTK\wav48_silence_trimmed\p255\p255_058_mic2.flac,p255,1,1,0.7248202562332153,0.7248202562332153,0.33244651556015015,0.3923737406730652,3.23725
base,1,p255_058_mic2,p255,data\VCTK\wav48_silence_trimmed\p255\p255_058_mic2.flac,p262,0,0,0.24217404425144196,0.18666906654834747,0.24217404425144196,-0.05550497770309448,3.23725
base,2,p255_058_mic2,p255,data\VCTK\wav48_silence_trimmed\p255\p255_058_mic2.flac,p255,1,1,0.2790314257144928,0.2790314257144928,0.2617405652999878,0.017290860414505005,3.23725
base,3,p255_058_mic2,p255,data\VCTK\wav48_silence_trimmed\p255\p255_058_mic2.flac,p255,1,1,0.46298155188560486,0.46298155188560486,0.3074725270271301,0.15550902485847473,3.23725
lca,1,p255_058_mic2,p255,data\VCTK\wav48_silence_trimmed\p255\p255_058_mic2.flac,p262,0,1,0.28569847345352173,0.2087721824645996,0.28569847345352173,-0.07692629098892212,3.23725
lca,2,p255_058_mic2,p255,data\VCTK\wav48_silence_trimmed\p255\p255_058_mic2.flac,p262,0,1,0.27425968647003174,0.27014288306236267,0.27425968647003174,-0.004116803407669067,3.23725
lca,3,p255_058_mic2,p255,data\VCTK\wav48_silence_trimmed\p255\p255_058_mic2.flac,p255,1,1,0.34136486053466797,0.34136486053466797,0.28476566076278687,0.056599199771881104,3.23725
original,0,p255_077_mic2,p255,data\VCTK\wav48_silence_trimmed\p255\p255_077_mic2.flac,p255,1,1,0.7495879530906677,0.7495879530906677,0.353985071182251,0.39560288190841675,4.4716875
base,1,p255_077_mic2,p255,data\VCTK\wav48_silence_trimmed\p255\p255_077_mic2.flac,p302,0,1,0.25536221265792847,0.054991841316223145,0.25536221265792847,-0.20037037134170532,4.4716875
base,2,p255_077_mic2,p255,data\VCTK\wav48_silence_trimmed\p255\p255_077_mic2.flac,p255,1,1,0.3575628101825714,0.3575628101825714,0.2177838534116745,0.1397789567708969,4.4716875
base,3,p255_077_mic2,p255,data\VCTK\wav48_silence_trimmed\p255\p255_077_mic2.flac,p255,1,1,0.44995611906051636,0.44995611906051636,0.27898430824279785,0.1709718108177185,4.4716875
lca,1,p255_077_mic2,p255,data\VCTK\wav48_silence_trimmed\p255\p255_077_mic2.flac,p262,0,0,0.2377806007862091,0.10608460754156113,0.2377806007862091,-0.13169599324464798,4.4716875
lca,2,p255_077_mic2,p255,data\VCTK\wav48_silence_trimmed\p255\p255_077_mic2.flac,p308,0,1,0.26713109016418457,0.17527717351913452,0.26713109016418457,-0.09185391664505005,4.4716875
lca,3,p255_077_mic2,p255,data\VCTK\wav48_silence_trimmed\p255\p255_077_mic2.flac,p255,1,1,0.308366596698761,0.308366596698761,0.21985778212547302,0.08850881457328796,4.4716875
original,0,p255_096_mic2,p255,data\VCTK\wav48_silence_trimmed\p255\p255_096_mic2.flac,p255,1,1,0.6826784014701843,0.6826784014701843,0.30568525195121765,0.3769931495189667,1.945125
base,1,p255_096_mic2,p255,data\VCTK\wav48_silence_trimmed\p255\p255_096_mic2.flac,p302,0,0,0.2031613290309906,0.08902566879987717,0.2031613290309906,-0.11413566023111343,1.945125
base,2,p255_096_mic2,p255,data\VCTK\wav48_silence_trimmed\p255\p255_096_mic2.flac,p313,0,0,0.24953976273536682,0.22338682413101196,0.24953976273536682,-0.02615293860435486,1.945125
base,3,p255_096_mic2,p255,data\VCTK\wav48_silence_trimmed\p255\p255_096_mic2.flac,p255,1,1,0.31823575496673584,0.31823575496673584,0.26169174909591675,0.05654400587081909,1.945125
lca,1,p255_096_mic2,p255,data\VCTK\wav48_silence_trimmed\p255\p255_096_mic2.flac,p313,0,1,0.2526622712612152,0.07422518730163574,0.2526622712612152,-0.17843708395957947,1.945125
lca,2,p255_096_mic2,p255,data\VCTK\wav48_silence_trimmed\p255\p255_096_mic2.flac,p255,1,1,0.3217107057571411,0.3217107057571411,0.2630186975002289,0.05869200825691223,1.945125
lca,3,p255_096_mic2,p255,data\VCTK\wav48_silence_trimmed\p255\p255_096_mic2.flac,p255,1,1,0.3910257816314697,0.3910257816314697,0.3330666422843933,0.057959139347076416,1.945125
original,0,p255_355_mic2,p255,data\VCTK\wav48_silence_trimmed\p255\p255_355_mic2.flac,p255,1,1,0.5658944845199585,0.5658944845199585,0.36061882972717285,0.20527565479278564,2.0508125
base,1,p255_355_mic2,p255,data\VCTK\wav48_silence_trimmed\p255\p255_355_mic2.flac,p255,1,0,0.24125902354717255,0.24125902354717255,0.2307833731174469,0.010475650429725647,2.0508125
base,2,p255_355_mic2,p255,data\VCTK\wav48_silence_trimmed\p255\p255_355_mic2.flac,p302,0,1,0.28794658184051514,0.2850872278213501,0.28794658184051514,-0.002859354019165039,2.0508125
base,3,p255_355_mic2,p255,data\VCTK\wav48_silence_trimmed\p255\p255_355_mic2.flac,p255,1,1,0.3460332155227661,0.3460332155227661,0.3389548659324646,0.007078349590301514,2.0508125
lca,1,p255_355_mic2,p255,data\VCTK\wav48_silence_trimmed\p255\p255_355_mic2.flac,p281,0,0,0.24874825775623322,0.16163229942321777,0.24874825775623322,-0.08711595833301544,2.0508125
lca,2,p255_355_mic2,p255,data\VCTK\wav48_silence_trimmed\p255\p255_355_mic2.flac,p308,0,1,0.26559868454933167,0.19793623685836792,0.26559868454933167,-0.06766244769096375,2.0508125
lca,3,p255_355_mic2,p255,data\VCTK\wav48_silence_trimmed\p255\p255_355_mic2.flac,p255,1,1,0.272327184677124,0.272327184677124,0.27038508653640747,0.0019420981407165527,2.0508125
original,0,p255_361_mic1,p255,data\VCTK\wav48_silence_trimmed\p255\p255_361_mic1.flac,p255,1,1,0.6872895956039429,0.6872895956039429,0.32233020663261414,0.36495938897132874,4.0331875
base,1,p255_361_mic1,p255,data\VCTK\wav48_silence_trimmed\p255\p255_361_mic1.flac,p302,0,1,0.2873862385749817,0.11777689307928085,0.2873862385749817,-0.16960934549570084,4.0331875
base,2,p255_361_mic1,p255,data\VCTK\wav48_silence_trimmed\p255\p255_361_mic1.flac,p302,0,1,0.2949874997138977,0.269569456577301,0.2949874997138977,-0.02541804313659668,4.0331875
base,3,p255_361_mic1,p255,data\VCTK\wav48_silence_trimmed\p255\p255_361_mic1.flac,p255,1,1,0.3284072279930115,0.3284072279930115,0.26204222440719604,0.06636500358581543,4.0331875
lca,1,p255_361_mic1,p255,data\VCTK\wav48_silence_trimmed\p255\p255_361_mic1.flac,p262,0,0,0.24953360855579376,0.19023072719573975,0.24953360855579376,-0.059302881360054016,4.0331875
lca,2,p255_361_mic1,p255,data\VCTK\wav48_silence_trimmed\p255\p255_361_mic1.flac,p255,1,1,0.26927119493484497,0.26927119493484497,0.26376643776893616,0.0055047571659088135,4.0331875
lca,3,p255_361_mic1,p255,data\VCTK\wav48_silence_trimmed\p255\p255_361_mic1.flac,p255,1,1,0.3282846510410309,0.3282846510410309,0.25633004307746887,0.07195460796356201,4.0331875
original,0,p256_057_mic1,p256,data\VCTK\wav48_silence_trimmed\p256\p256_057_mic1.flac,p256,1,1,0.7264246940612793,0.7264246940612793,0.2756463885307312,0.4507783055305481,4.6836875
base,1,p256_057_mic1,p256,data\VCTK\wav48_silence_trimmed\p256\p256_057_mic1.flac,p300,0,1,0.27228936553001404,0.03988559544086456,0.27228936553001404,-0.23240377008914948,4.6836875
base,2,p256_057_mic1,p256,data\VCTK\wav48_silence_trimmed\p256\p256_057_mic1.flac,p281,0,0,0.21658988296985626,0.14741162955760956,0.21658988296985626,-0.0691782534122467,4.6836875
base,3,p256_057_mic1,p256,data\VCTK\wav48_silence_trimmed\p256\p256_057_mic1.flac,p262,0,0,0.24165192246437073,0.22090238332748413,0.24165192246437073,-0.020749539136886597,4.6836875
lca,1,p256_057_mic1,p256,data\VCTK\wav48_silence_trimmed\p256\p256_057_mic1.flac,p262,0,1,0.2639646530151367,0.04726956784725189,0.2639646530151367,-0.21669508516788483,4.6836875
lca,2,p256_057_mic1,p256,data\VCTK\wav48_silence_trimmed\p256\p256_057_mic1.flac,p281,0,1,0.32515591382980347,0.19142679870128632,0.32515591382980347,-0.13372911512851715,4.6836875
lca,3,p256_057_mic1,p256,data\VCTK\wav48_silence_trimmed\p256\p256_057_mic1.flac,p281,0,1,0.3177001476287842,0.24278944730758667,0.3177001476287842,-0.07491070032119751,4.6836875
original,0,p256_089_mic1,p256,data\VCTK\wav48_silence_trimmed\p256\p256_089_mic1.flac,p256,1,1,0.7212123870849609,0.7212123870849609,0.21394488215446472,0.5072675049304962,2.7124375
base,1,p256_089_mic1,p256,data\VCTK\wav48_silence_trimmed\p256\p256_089_mic1.flac,p281,0,0,0.23874974250793457,0.10251880437135696,0.23874974250793457,-0.1362309381365776,2.7124375
base,2,p256_089_mic1,p256,data\VCTK\wav48_silence_trimmed\p256\p256_089_mic1.flac,p281,0,0,0.22617769241333008,0.15830259025096893,0.22617769241333008,-0.06787510216236115,2.7124375
base,3,p256_089_mic1,p256,data\VCTK\wav48_silence_trimmed\p256\p256_089_mic1.flac,p256,1,1,0.2876589298248291,0.2876589298248291,0.23236307501792908,0.055295854806900024,2.7124375
lca,1,p256_089_mic1,p256,data\VCTK\wav48_silence_trimmed\p256\p256_089_mic1.flac,p308,0,0,0.24406325817108154,0.09256336092948914,0.24406325817108154,-0.1514998972415924,2.7124375
lca,2,p256_089_mic1,p256,data\VCTK\wav48_silence_trimmed\p256\p256_089_mic1.flac,p281,0,1,0.2713184952735901,0.17921969294548035,0.2713184952735901,-0.09209880232810974,2.7124375
lca,3,p256_089_mic1,p256,data\VCTK\wav48_silence_trimmed\p256\p256_089_mic1.flac,p281,0,0,0.23184141516685486,0.2190849781036377,0.23184141516685486,-0.012756437063217163,2.7124375
original,0,p256_090_mic2,p256,data\VCTK\wav48_silence_trimmed\p256\p256_090_mic2.flac,p256,1,1,0.7952782511711121,0.7952782511711121,0.22481510043144226,0.5704631507396698,2.7310625
base,1,p256_090_mic2,p256,data\VCTK\wav48_silence_trimmed\p256\p256_090_mic2.flac,p300,0,0,0.18852517008781433,0.08933539688587189,0.18852517008781433,-0.09918977320194244,2.7310625
base,2,p256_090_mic2,p256,data\VCTK\wav48_silence_trimmed\p256\p256_090_mic2.flac,p256,1,1,0.2662527561187744,0.2662527561187744,0.18178671598434448,0.08446604013442993,2.7310625
base,3,p256_090_mic2,p256,data\VCTK\wav48_silence_trimmed\p256\p256_090_mic2.flac,p256,1,1,0.36892151832580566,0.36892151832580566,0.18749798834323883,0.18142352998256683,2.7310625
lca,1,p256_090_mic2,p256,data\VCTK\wav48_silence_trimmed\p256\p256_090_mic2.flac,p308,0,1,0.27981168031692505,0.02255280502140522,0.27981168031692505,-0.25725887529551983,2.7310625
lca,2,p256_090_mic2,p256,data\VCTK\wav48_silence_trimmed\p256\p256_090_mic2.flac,p256,1,1,0.2576981782913208,0.2576981782913208,0.2097938060760498,0.047904372215270996,2.7310625
lca,3,p256_090_mic2,p256,data\VCTK\wav48_silence_trimmed\p256\p256_090_mic2.flac,p256,1,1,0.2568768560886383,0.2568768560886383,0.22864492237567902,0.02823193371295929,2.7310625
original,0,p256_178_mic1,p256,data\VCTK\wav48_silence_trimmed\p256\p256_178_mic1.flac,p256,1,1,0.632149338722229,0.632149338722229,0.2372412383556366,0.3949081003665924,2.51375
base,1,p256_178_mic1,p256,data\VCTK\wav48_silence_trimmed\p256\p256_178_mic1.flac,p300,0,0,0.20970037579536438,-0.0077269673347473145,0.20970037579536438,-0.2174273431301117,2.51375
base,2,p256_178_mic1,p256,data\VCTK\wav48_silence_trimmed\p256\p256_178_mic1.flac,p281,0,0,0.23655183613300323,0.14118298888206482,0.23655183613300323,-0.09536884725093842,2.51375
base,3,p256_178_mic1,p256,data\VCTK\wav48_silence_trimmed\p256\p256_178_mic1.flac,p302,0,0,0.23673401772975922,0.21901486814022064,0.23673401772975922,-0.017719149589538574,2.51375
lca,1,p256_178_mic1,p256,data\VCTK\wav48_silence_trimmed\p256\p256_178_mic1.flac,p255,0,1,0.2749048173427582,-0.04404870420694351,0.2749048173427582,-0.3189535215497017,2.51375
lca,2,p256_178_mic1,p256,data\VCTK\wav48_silence_trimmed\p256\p256_178_mic1.flac,p281,0,1,0.3245996832847595,0.23795431852340698,0.3245996832847595,-0.08664536476135254,2.51375
lca,3,p256_178_mic1,p256,data\VCTK\wav48_silence_trimmed\p256\p256_178_mic1.flac,p281,0,1,0.30601751804351807,0.2205757051706314,0.30601751804351807,-0.08544181287288666,2.51375
original,0,p256_318_mic2,p256,data\VCTK\wav48_silence_trimmed\p256\p256_318_mic2.flac,p256,1,1,0.7847088575363159,0.7847088575363159,0.2694084942340851,0.5153003633022308,2.8059375
base,1,p256_318_mic2,p256,data\VCTK\wav48_silence_trimmed\p256\p256_318_mic2.flac,p300,0,0,0.2314615249633789,0.14596350491046906,0.2314615249633789,-0.08549802005290985,2.8059375
base,2,p256_318_mic2,p256,data\VCTK\wav48_silence_trimmed\p256\p256_318_mic2.flac,p228,0,0,0.227712482213974,0.06269928067922592,0.227712482213974,-0.16501320153474808,2.8059375
base,3,p256_318_mic2,p256,data\VCTK\wav48_silence_trimmed\p256\p256_318_mic2.flac,p254,0,0,0.24299104511737823,0.1476460099220276,0.24299104511737823,-0.09534503519535065,2.8059375
lca,1,p256_318_mic2,p256,data\VCTK\wav48_silence_trimmed\p256\p256_318_mic2.flac,p255,0,1,0.2507382035255432,0.11304866522550583,0.2507382035255432,-0.13768953830003738,2.8059375
lca,2,p256_318_mic2,p256,data\VCTK\wav48_silence_trimmed\p256\p256_318_mic2.flac,p262,0,0,0.2203533798456192,0.13142035901546478,0.2203533798456192,-0.08893302083015442,2.8059375
lca,3,p256_318_mic2,p256,data\VCTK\wav48_silence_trimmed\p256\p256_318_mic2.flac,p262,0,0,0.23737139999866486,0.15488201379776,0.23737139999866486,-0.08248938620090485,2.8059375
original,0,p258_024_mic1,p258,data\VCTK\wav48_silence_trimmed\p258\p258_024_mic1.flac,p258,1,1,0.8487048745155334,0.8487048745155334,0.177838534116745,0.6708663403987885,6.2460625
base,1,p258_024_mic1,p258,data\VCTK\wav48_silence_trimmed\p258\p258_024_mic1.flac,p258,1,1,0.29843413829803467,0.29843413829803467,0.2283022403717041,0.07013189792633057,6.2460625
base,2,p258_024_mic1,p258,data\VCTK\wav48_silence_trimmed\p258\p258_024_mic1.flac,p258,1,1,0.44125601649284363,0.44125601649284363,0.2023504078388214,0.23890560865402222,6.2460625
base,3,p258_024_mic1,p258,data\VCTK\wav48_silence_trimmed\p258\p258_024_mic1.flac,p258,1,1,0.5292683839797974,0.5292683839797974,0.2558775544166565,0.27339082956314087,6.2460625
lca,1,p258_024_mic1,p258,data\VCTK\wav48_silence_trimmed\p258\p258_024_mic1.flac,p258,1,0,0.24355393648147583,0.24355393648147583,0.21918660402297974,0.024367332458496094,6.2460625
lca,2,p258_024_mic1,p258,data\VCTK\wav48_silence_trimmed\p258\p258_024_mic1.flac,p258,1,1,0.2555379271507263,0.2555379271507263,0.2387292981147766,0.016808629035949707,6.2460625
lca,3,p258_024_mic1,p258,data\VCTK\wav48_silence_trimmed\p258\p258_024_mic1.flac,p258,1,1,0.28202852606773376,0.28202852606773376,0.2189742922782898,0.06305423378944397,6.2460625
original,0,p258_307_mic2,p258,data\VCTK\wav48_silence_trimmed\p258\p258_307_mic2.flac,p258,1,1,0.8107006549835205,0.8107006549835205,0.22678521275520325,0.5839154422283173,3.9419375
base,1,p258_307_mic2,p258,data\VCTK\wav48_silence_trimmed\p258\p258_307_mic2.flac,p302,0,1,0.2582865357398987,0.15134921669960022,0.2582865357398987,-0.10693731904029846,3.9419375
base,2,p258_307_mic2,p258,data\VCTK\wav48_silence_trimmed\p258\p258_307_mic2.flac,p258,1,1,0.4396865963935852,0.4396865963935852,0.28147608041763306,0.15821051597595215,3.9419375
base,3,p258_307_mic2,p258,data\VCTK\wav48_silence_trimmed\p258\p258_307_mic2.flac,p258,1,1,0.4266071617603302,0.4266071617603302,0.24567744135856628,0.18092972040176392,3.9419375
lca,1,p258_307_mic2,p258,data\VCTK\wav48_silence_trimmed\p258\p258_307_mic2.flac,p258,1,1,0.27314746379852295,0.27314746379852295,0.22367611527442932,0.04947134852409363,3.9419375
lca,2,p258_307_mic2,p258,data\VCTK\wav48_silence_trimmed\p258\p258_307_mic2.flac,p281,0,0,0.228788822889328,0.21797813475131989,0.228788822889328,-0.010810688138008118,3.9419375
lca,3,p258_307_mic2,p258,data\VCTK\wav48_silence_trimmed\p258\p258_307_mic2.flac,p258,1,1,0.2917146384716034,0.2917146384716034,0.2326916605234146,0.05902297794818878,3.9419375
original,0,p258_327_mic1,p258,data\VCTK\wav48_silence_trimmed\p258\p258_327_mic1.flac,p258,1,1,0.756689190864563,0.756689190864563,0.20121656358242035,0.5554726272821426,2.6586875
base,1,p258_327_mic1,p258,data\VCTK\wav48_silence_trimmed\p258\p258_327_mic1.flac,p258,1,1,0.27031654119491577,0.27031654119491577,0.2157120555639267,0.054604485630989075,2.6586875
base,2,p258_327_mic1,p258,data\VCTK\wav48_silence_trimmed\p258\p258_327_mic1.flac,p258,1,1,0.5112688541412354,0.5112688541412354,0.1689431369304657,0.34232571721076965,2.6586875
base,3,p258_327_mic1,p258,data\VCTK\wav48_silence_trimmed\p258\p258_327_mic1.flac,p258,1,1,0.4486953020095825,0.4486953020095825,0.15497097373008728,0.29372432827949524,2.6586875
lca,1,p258_327_mic1,p258,data\VCTK\wav48_silence_trimmed\p258\p258_327_mic1.flac,p281,0,1,0.3122573494911194,0.2951090335845947,0.3122573494911194,-0.017148315906524658,2.6586875
lca,2,p258_327_mic1,p258,data\VCTK\wav48_silence_trimmed\p258\p258_327_mic1.flac,p258,1,1,0.26989173889160156,0.26989173889160156,0.2605288624763489,0.009362876415252686,2.6586875
lca,3,p258_327_mic1,p258,data\VCTK\wav48_silence_trimmed\p258\p258_327_mic1.flac,p258,1,1,0.327470064163208,0.327470064163208,0.24459820985794067,0.08287185430526733,2.6586875
original,0,p258_346_mic2,p258,data\VCTK\wav48_silence_trimmed\p258\p258_346_mic2.flac,p258,1,1,0.8203741312026978,0.8203741312026978,0.23366491496562958,0.5867092162370682,3.3105
base,1,p258_346_mic2,p258,data\VCTK\wav48_silence_trimmed\p258\p258_346_mic2.flac,p258,1,1,0.25992411375045776,0.25992411375045776,0.22562319040298462,0.034300923347473145,3.3105
base,2,p258_346_mic2,p258,data\VCTK\wav48_silence_trimmed\p258\p258_346_mic2.flac,p258,1,1,0.414730966091156,0.414730966091156,0.27683311700820923,0.13789784908294678,3.3105
base,3,p258_346_mic2,p258,data\VCTK\wav48_silence_trimmed\p258\p258_346_mic2.flac,p258,1,1,0.4877881407737732,0.4877881407737732,0.3147967755794525,0.17299136519432068,3.3105
lca,1,p258_346_mic2,p258,data\VCTK\wav48_silence_trimmed\p258\p258_346_mic2.flac,p281,0,1,0.29108619689941406,0.23417891561985016,0.29108619689941406,-0.056907281279563904,3.3105
lca,2,p258_346_mic2,p258,data\VCTK\wav48_silence_trimmed\p258\p258_346_mic2.flac,p281,0,1,0.34641051292419434,0.2850019931793213,0.34641051292419434,-0.06140851974487305,3.3105
lca,3,p258_346_mic2,p258,data\VCTK\wav48_silence_trimmed\p258\p258_346_mic2.flac,p281,0,1,0.32469111680984497,0.2776990234851837,0.32469111680984497,-0.046992093324661255,3.3105
original,0,p258_396_mic2,p258,data\VCTK\wav48_silence_trimmed\p258\p258_396_mic2.flac,p258,1,1,0.6606032848358154,0.6606032848358154,0.286001592874527,0.37460169196128845,1.707375
base,1,p258_396_mic2,p258,data\VCTK\wav48_silence_trimmed\p258\p258_396_mic2.flac,p294,0,0,0.187551349401474,0.06489056348800659,0.187551349401474,-0.12266078591346741,1.707375
base,2,p258_396_mic2,p258,data\VCTK\wav48_silence_trimmed\p258\p258_396_mic2.flac,p258,1,1,0.33223411440849304,0.33223411440849304,0.27705812454223633,0.055175989866256714,1.707375
base,3,p258_396_mic2,p258,data\VCTK\wav48_silence_trimmed\p258\p258_396_mic2.flac,p281,0,1,0.2638777494430542,0.250810831785202,0.2638777494430542,-0.013066917657852173,1.707375
lca,1,p258_396_mic2,p258,data\VCTK\wav48_silence_trimmed\p258\p258_396_mic2.flac,p262,0,0,0.20822307467460632,0.13870301842689514,0.20822307467460632,-0.06952005624771118,1.707375
lca,2,p258_396_mic2,p258,data\VCTK\wav48_silence_trimmed\p258\p258_396_mic2.flac,p262,0,0,0.2184949368238449,0.17988815903663635,0.2184949368238449,-0.03860677778720856,1.707375
lca,3,p258_396_mic2,p258,data\VCTK\wav48_silence_trimmed\p258\p258_396_mic2.flac,p281,0,0,0.22060716152191162,0.15913698077201843,0.22060716152191162,-0.06147018074989319,1.707375
original,0,p262_102_mic1,p262,data\VCTK\wav48_silence_trimmed\p262\p262_102_mic1.flac,p262,1,1,0.5937180519104004,0.5937180519104004,0.2800659239292145,0.3136521279811859,2.17675
base,1,p262_102_mic1,p262,data\VCTK\wav48_silence_trimmed\p262\p262_102_mic1.flac,p255,0,1,0.30187714099884033,0.24416114389896393,0.30187714099884033,-0.057715997099876404,2.17675
base,2,p262_102_mic1,p262,data\VCTK\wav48_silence_trimmed\p262\p262_102_mic1.flac,p262,1,1,0.3229362368583679,0.3229362368583679,0.2932722270488739,0.02966400980949402,2.17675
base,3,p262_102_mic1,p262,data\VCTK\wav48_silence_trimmed\p262\p262_102_mic1.flac,p262,1,1,0.4835911989212036,0.4835911989212036,0.27159541845321655,0.21199578046798706,2.17675
lca,1,p262_102_mic1,p262,data\VCTK\wav48_silence_trimmed\p262\p262_102_mic1.flac,p262,1,1,0.2834210991859436,0.2834210991859436,0.2399309277534485,0.04349017143249512,2.17675
lca,2,p262_102_mic1,p262,data\VCTK\wav48_silence_trimmed\p262\p262_102_mic1.flac,p262,1,1,0.3639039695262909,0.3639039695262909,0.26850074529647827,0.09540322422981262,2.17675
lca,3,p262_102_mic1,p262,data\VCTK\wav48_silence_trimmed\p262\p262_102_mic1.flac,p262,1,1,0.49972671270370483,0.49972671270370483,0.2826770842075348,0.21704962849617004,2.17675
original,0,p262_134_mic2,p262,data\VCTK\wav48_silence_trimmed\p262\p262_134_mic2.flac,p262,1,1,0.643125057220459,0.643125057220459,0.3551937937736511,0.28793126344680786,3.11525
base,1,p262_134_mic2,p262,data\VCTK\wav48_silence_trimmed\p262\p262_134_mic2.flac,p306,0,1,0.2513391375541687,0.2367892861366272,0.2513391375541687,-0.014549851417541504,3.11525
base,2,p262_134_mic2,p262,data\VCTK\wav48_silence_trimmed\p262\p262_134_mic2.flac,p262,1,1,0.3210057318210602,0.3210057318210602,0.2876432538032532,0.03336247801780701,3.11525
base,3,p262_134_mic2,p262,data\VCTK\wav48_silence_trimmed\p262\p262_134_mic2.flac,p262,1,1,0.3975529968738556,0.3975529968738556,0.29345574975013733,0.10409724712371826,3.11525
lca,1,p262_134_mic2,p262,data\VCTK\wav48_silence_trimmed\p262\p262_134_mic2.flac,p262,1,0,0.2231278121471405,0.2231278121471405,0.2073388695716858,0.015788942575454712,3.11525
lca,2,p262_134_mic2,p262,data\VCTK\wav48_silence_trimmed\p262\p262_134_mic2.flac,p262,1,1,0.42687898874282837,0.42687898874282837,0.3866233825683594,0.040255606174468994,3.11525
lca,3,p262_134_mic2,p262,data\VCTK\wav48_silence_trimmed\p262\p262_134_mic2.flac,p262,1,1,0.4089011549949646,0.4089011549949646,0.3497560918331146,0.059145063161849976,3.11525
original,0,p262_219_mic2,p262,data\VCTK\wav48_silence_trimmed\p262\p262_219_mic2.flac,p262,1,1,0.6646817326545715,0.6646817326545715,0.3705710172653198,0.2941107153892517,2.7285
base,1,p262_219_mic2,p262,data\VCTK\wav48_silence_trimmed\p262\p262_219_mic2.flac,p302,0,1,0.26725634932518005,0.2377336025238037,0.26725634932518005,-0.029522746801376343,2.7285
base,2,p262_219_mic2,p262,data\VCTK\wav48_silence_trimmed\p262\p262_219_mic2.flac,p262,1,1,0.45457470417022705,0.45457470417022705,0.29903221130371094,0.1555424928665161,2.7285
base,3,p262_219_mic2,p262,data\VCTK\wav48_silence_trimmed\p262\p262_219_mic2.flac,p262,1,1,0.43503808975219727,0.43503808975219727,0.31543606519699097,0.1196020245552063,2.7285
lca,1,p262_219_mic2,p262,data\VCTK\wav48_silence_trimmed\p262\p262_219_mic2.flac,p262,1,1,0.36396005749702454,0.36396005749702454,0.3530768156051636,0.010883241891860962,2.7285
lca,2,p262_219_mic2,p262,data\VCTK\wav48_silence_trimmed\p262\p262_219_mic2.flac,p262,1,1,0.4243069589138031,0.4243069589138031,0.33179014921188354,0.09251680970191956,2.7285
lca,3,p262_219_mic2,p262,data\VCTK\wav48_silence_trimmed\p262\p262_219_mic2.flac,p262,1,1,0.5130906701087952,0.5130906701087952,0.30069437623023987,0.2123962938785553,2.7285
original,0,p262_253_mic2,p262,data\VCTK\wav48_silence_trimmed\p262\p262_253_mic2.flac,p262,1,1,0.6983166933059692,0.6983166933059692,0.35375118255615234,0.3445655107498169,3.62825
base,1,p262_253_mic2,p262,data\VCTK\wav48_silence_trimmed\p262\p262_253_mic2.flac,p262,1,1,0.30658841133117676,0.30658841133117676,0.25585830211639404,0.050730109214782715,3.62825
base,2,p262_253_mic2,p262,data\VCTK\wav48_silence_trimmed\p262\p262_253_mic2.flac,p262,1,1,0.46703362464904785,0.46703362464904785,0.31470316648483276,0.1523304581642151,3.62825
base,3,p262_253_mic2,p262,data\VCTK\wav48_silence_trimmed\p262\p262_253_mic2.flac,p262,1,1,0.49126774072647095,0.49126774072647095,0.2636181712150574,0.22764956951141357,3.62825
lca,1,p262_253_mic2,p262,data\VCTK\wav48_silence_trimmed\p262\p262_253_mic2.flac,p262,1,1,0.36018866300582886,0.36018866300582886,0.32608628273010254,0.03410238027572632,3.62825
lca,2,p262_253_mic2,p262,data\VCTK\wav48_silence_trimmed\p262\p262_253_mic2.flac,p262,1,1,0.4910447597503662,0.4910447597503662,0.3463067412376404,0.14473801851272583,3.62825
lca,3,p262_253_mic2,p262,data\VCTK\wav48_silence_trimmed\p262\p262_253_mic2.flac,p262,1,1,0.5618744492530823,0.5618744492530823,0.334439218044281,0.22743523120880127,3.62825
original,0,p262_276_mic1,p262,data\VCTK\wav48_silence_trimmed\p262\p262_276_mic1.flac,p262,1,1,0.7256876230239868,0.7256876230239868,0.3333674967288971,0.3923201262950897,4.724
base,1,p262_276_mic1,p262,data\VCTK\wav48_silence_trimmed\p262\p262_276_mic1.flac,p300,0,1,0.2789570093154907,0.24046587944030762,0.2789570093154907,-0.038491129875183105,4.724
base,2,p262_276_mic1,p262,data\VCTK\wav48_silence_trimmed\p262\p262_276_mic1.flac,p262,1,1,0.4495123028755188,0.4495123028755188,0.36296582221984863,0.08654648065567017,4.724
base,3,p262_276_mic1,p262,data\VCTK\wav48_silence_trimmed\p262\p262_276_mic1.flac,p262,1,1,0.5142163634300232,0.5142163634300232,0.28536921739578247,0.22884714603424072,4.724
lca,1,p262_276_mic1,p262,data\VCTK\wav48_silence_trimmed\p262\p262_276_mic1.flac,p262,1,1,0.3850589692592621,0.3850589692592621,0.2962081730365753,0.08885079622268677,4.724
lca,2,p262_276_mic1,p262,data\VCTK\wav48_silence_trimmed\p262\p262_276_mic1.flac,p262,1,1,0.545147180557251,0.545147180557251,0.3287248909473419,0.21642228960990906,4.724
lca,3,p262_276_mic1,p262,data\VCTK\wav48_silence_trimmed\p262\p262_276_mic1.flac,p262,1,1,0.5786457061767578,0.5786457061767578,0.32904383540153503,0.24960187077522278,4.724
original,0,p281_208_mic2,p281,data\VCTK\wav48_silence_trimmed\p281\p281_208_mic2.flac,p281,1,1,0.7018249034881592,0.7018249034881592,0.25969502329826355,0.44212988018989563,3.3291875
base,1,p281_208_mic2,p281,data\VCTK\wav48_silence_trimmed\p281\p281_208_mic2.flac,p300,0,0,0.20912989974021912,0.13266244530677795,0.20912989974021912,-0.07646745443344116,3.3291875
base,2,p281_208_mic2,p281,data\VCTK\wav48_silence_trimmed\p281\p281_208_mic2.flac,p281,1,1,0.3671506643295288,0.3671506643295288,0.17254415154457092,0.19460651278495789,3.3291875
base,3,p281_208_mic2,p281,data\VCTK\wav48_silence_trimmed\p281\p281_208_mic2.flac,p281,1,1,0.4214060604572296,0.4214060604572296,0.19459575414657593,0.2268103063106537,3.3291875
lca,1,p281_208_mic2,p281,data\VCTK\wav48_silence_trimmed\p281\p281_208_mic2.flac,p281,1,1,0.29709935188293457,0.29709935188293457,0.24428099393844604,0.052818357944488525,3.3291875
lca,2,p281_208_mic2,p281,data\VCTK\wav48_silence_trimmed\p281\p281_208_mic2.flac,p281,1,1,0.43863701820373535,0.43863701820373535,0.21325212717056274,0.2253848910331726,3.3291875
lca,3,p281_208_mic2,p281,data\VCTK\wav48_silence_trimmed\p281\p281_208_mic2.flac,p281,1,1,0.4513387084007263,0.4513387084007263,0.20925746858119965,0.24208123981952667,3.3291875
original,0,p281_272_mic2,p281,data\VCTK\wav48_silence_trimmed\p281\p281_272_mic2.flac,p281,1,1,0.6227238774299622,0.6227238774299622,0.23198959231376648,0.3907342851161957,2.3898125
base,1,p281_272_mic2,p281,data\VCTK\wav48_silence_trimmed\p281\p281_272_mic2.flac,p313,0,0,0.2359270304441452,0.11583712697029114,0.2359270304441452,-0.12008990347385406,2.3898125
base,2,p281_272_mic2,p281,data\VCTK\wav48_silence_trimmed\p281\p281_272_mic2.flac,p281,1,0,0.2404439002275467,0.2404439002275467,0.21269337832927704,0.027750521898269653,2.3898125
base,3,p281_272_mic2,p281,data\VCTK\wav48_silence_trimmed\p281\p281_272_mic2.flac,p281,1,1,0.3224021792411804,0.3224021792411804,0.23344406485557556,0.08895811438560486,2.3898125
lca,1,p281_272_mic2,p281,data\VCTK\wav48_silence_trimmed\p281\p281_272_mic2.flac,p281,1,1,0.2999720871448517,0.2999720871448517,0.2304859459400177,0.06948614120483398,2.3898125
lca,2,p281_272_mic2,p281,data\VCTK\wav48_silence_trimmed\p281\p281_272_mic2.flac,p281,1,1,0.3669767379760742,0.3669767379760742,0.24240142107009888,0.12457531690597534,2.3898125
lca,3,p281_272_mic2,p281,data\VCTK\wav48_silence_trimmed\p281\p281_272_mic2.flac,p281,1,1,0.41537317633628845,0.41537317633628845,0.24028801918029785,0.1750851571559906,2.3898125
original,0,p281_396_mic1,p281,data\VCTK\wav48_silence_trimmed\p281\p281_396_mic1.flac,p281,1,1,0.6958336234092712,0.6958336234092712,0.2357867807149887,0.46004684269428253,3.052625
base,1,p281_396_mic1,p281,data\VCTK\wav48_silence_trimmed\p281\p281_396_mic1.flac,p300,0,0,0.20060613751411438,0.19939464330673218,0.20060613751411438,-0.0012114942073822021,3.052625
base,2,p281_396_mic1,p281,data\VCTK\wav48_silence_trimmed\p281\p281_396_mic1.flac,p281,1,1,0.3220005929470062,0.3220005929470062,0.2914750277996063,0.030525565147399902,3.052625
base,3,p281_396_mic1,p281,data\VCTK\wav48_silence_trimmed\p281\p281_396_mic1.flac,p281,1,1,0.43322527408599854,0.43322527408599854,0.2590135931968689,0.17421168088912964,3.052625
lca,1,p281_396_mic1,p281,data\VCTK\wav48_silence_trimmed\p281\p281_396_mic1.flac,p281,1,0,0.23753142356872559,0.23753142356872559,0.23290908336639404,0.004622340202331543,3.052625
lca,2,p281_396_mic1,p281,data\VCTK\wav48_silence_trimmed\p281\p281_396_mic1.flac,p281,1,1,0.41679102182388306,0.41679102182388306,0.22079062461853027,0.19600039720535278,3.052625
lca,3,p281_396_mic1,p281,data\VCTK\wav48_silence_trimmed\p281\p281_396_mic1.flac,p281,1,1,0.39785659313201904,0.39785659313201904,0.23448336124420166,0.16337323188781738,3.052625
original,0,p281_440_mic1,p281,data\VCTK\wav48_silence_trimmed\p281\p281_440_mic1.flac,p281,1,1,0.7337211966514587,0.7337211966514587,0.20782361924648285,0.5258975774049759,4.188125
base,1,p281_440_mic1,p281,data\VCTK\wav48_silence_trimmed\p281\p281_440_mic1.flac,p281,1,0,0.15115469694137573,0.15115469694137573,0.1438809186220169,0.007273778319358826,4.188125
base,2,p281_440_mic1,p281,data\VCTK\wav48_silence_trimmed\p281\p281_440_mic1.flac,p281,1,1,0.3548119366168976,0.3548119366168976,0.1964835524559021,0.15832838416099548,4.188125
base,3,p281_440_mic1,p281,data\VCTK\wav48_silence_trimmed\p281\p281_440_mic1.flac,p281,1,1,0.5262793302536011,0.5262793302536011,0.23127004504203796,0.2950092852115631,4.188125
lca,1,p281_440_mic1,p281,data\VCTK\wav48_silence_trimmed\p281\p281_440_mic1.flac,p281,1,0,0.2092568427324295,0.2092568427324295,0.16876274347305298,0.040494099259376526,4.188125
lca,2,p281_440_mic1,p281,data\VCTK\wav48_silence_trimmed\p281\p281_440_mic1.flac,p281,1,1,0.46640777587890625,0.46640777587890625,0.1841159462928772,0.28229182958602905,4.188125
lca,3,p281_440_mic1,p281,data\VCTK\wav48_silence_trimmed\p281\p281_440_mic1.flac,p281,1,1,0.5695669651031494,0.5695669651031494,0.1572754681110382,0.4122914969921112,4.188125
original,0,p281_452_mic2,p281,data\VCTK\wav48_silence_trimmed\p281\p281_452_mic2.flac,p281,1,1,0.6135993003845215,0.6135993003845215,0.21288448572158813,0.40071481466293335,2.43525
base,1,p281_452_mic2,p281,data\VCTK\wav48_silence_trimmed\p281\p281_452_mic2.flac,p313,0,0,0.2046644687652588,0.16256175935268402,0.2046644687652588,-0.04210270941257477,2.43525
base,2,p281_452_mic2,p281,data\VCTK\wav48_silence_trimmed\p281\p281_452_mic2.flac,p281,1,0,0.2217356115579605,0.2217356115579605,0.2185203731060028,0.0032152384519577026,2.43525
base,3,p281_452_mic2,p281,data\VCTK\wav48_silence_trimmed\p281\p281_452_mic2.flac,p281,1,1,0.2884419560432434,0.2884419560432434,0.25471532344818115,0.033726632595062256,2.43525
lca,1,p281_452_mic2,p281,data\VCTK\wav48_silence_trimmed\p281\p281_452_mic2.flac,p308,0,1,0.25414615869522095,0.18951314687728882,0.25414615869522095,-0.06463301181793213,2.43525
lca,2,p281_452_mic2,p281,data\VCTK\wav48_silence_trimmed\p281\p281_452_mic2.flac,p281,1,1,0.3253045082092285,0.3253045082092285,0.2240925282239914,0.10121197998523712,2.43525
lca,3,p281_452_mic2,p281,data\VCTK\wav48_silence_trimmed\p281\p281_452_mic2.flac,p281,1,1,0.4137006402015686,0.4137006402015686,0.22248438000679016,0.19121626019477844,2.43525
original,0,p294_037_mic2,p294,data\VCTK\wav48_silence_trimmed\p294\p294_037_mic2.flac,p294,1,1,0.636910080909729,0.636910080909729,0.2570294737815857,0.3798806071281433,3.72975
base,1,p294_037_mic2,p294,data\VCTK\wav48_silence_trimmed\p294\p294_037_mic2.flac,p294,1,1,0.25318634510040283,0.25318634510040283,0.21052685379981995,0.042659491300582886,3.72975
base,2,p294_037_mic2,p294,data\VCTK\wav48_silence_trimmed\p294\p294_037_mic2.flac,p262,0,1,0.33411696553230286,0.24847263097763062,0.33411696553230286,-0.08564433455467224,3.72975
base,3,p294_037_mic2,p294,data\VCTK\wav48_silence_trimmed\p294\p294_037_mic2.flac,p308,0,1,0.4744042158126831,0.36388230323791504,0.4744042158126831,-0.11052191257476807,3.72975
lca,1,p294_037_mic2,p294,data\VCTK\wav48_silence_trimmed\p294\p294_037_mic2.flac,p262,0,1,0.3813008666038513,0.2331177294254303,0.3813008666038513,-0.14818313717842102,3.72975
lca,2,p294_037_mic2,p294,data\VCTK\wav48_silence_trimmed\p294\p294_037_mic2.flac,p262,0,1,0.3504210114479065,0.22443468868732452,0.3504210114479065,-0.12598632276058197,3.72975
lca,3,p294_037_mic2,p294,data\VCTK\wav48_silence_trimmed\p294\p294_037_mic2.flac,p308,0,1,0.47324085235595703,0.24066975712776184,0.47324085235595703,-0.2325710952281952,3.72975
original,0,p294_047_mic1,p294,data\VCTK\wav48_silence_trimmed\p294\p294_047_mic1.flac,p294,1,1,0.704063355922699,0.704063355922699,0.20708492398262024,0.49697843194007874,3.0935
base,1,p294_047_mic1,p294,data\VCTK\wav48_silence_trimmed\p294\p294_047_mic1.flac,p294,1,1,0.3452220559120178,0.3452220559120178,0.3262214660644531,0.019000589847564697,3.0935
base,2,p294_047_mic1,p294,data\VCTK\wav48_silence_trimmed\p294\p294_047_mic1.flac,p294,1,1,0.4395223557949066,0.4395223557949066,0.276684433221817,0.1628379225730896,3.0935
base,3,p294_047_mic1,p294,data\VCTK\wav48_silence_trimmed\p294\p294_047_mic1.flac,p294,1,1,0.4897579550743103,0.4897579550743103,0.3378596603870392,0.15189829468727112,3.0935
lca,1,p294_047_mic1,p294,data\VCTK\wav48_silence_trimmed\p294\p294_047_mic1.flac,p262,0,1,0.3310237526893616,0.27669757604599,0.3310237526893616,-0.05432617664337158,3.0935
lca,2,p294_047_mic1,p294,data\VCTK\wav48_silence_trimmed\p294\p294_047_mic1.flac,p262,0,1,0.4133129417896271,0.30999845266342163,0.4133129417896271,-0.10331448912620544,3.0935
lca,3,p294_047_mic1,p294,data\VCTK\wav48_silence_trimmed\p294\p294_047_mic1.flac,p262,0,1,0.4228816032409668,0.3416415750980377,0.4228816032409668,-0.08124002814292908,3.0935
original,0,p294_128_mic1,p294,data\VCTK\wav48_silence_trimmed\p294\p294_128_mic1.flac,p294,1,1,0.635165274143219,0.635165274143219,0.18735754489898682,0.4478077292442322,2.3429375
base,1,p294_128_mic1,p294,data\VCTK\wav48_silence_trimmed\p294\p294_128_mic1.flac,p255,0,0,0.2409718632698059,0.17324614524841309,0.2409718632698059,-0.06772571802139282,2.3429375
base,2,p294_128_mic1,p294,data\VCTK\wav48_silence_trimmed\p294\p294_128_mic1.flac,p262,0,1,0.32981598377227783,0.29733508825302124,0.32981598377227783,-0.03248089551925659,2.3429375
base,3,p294_128_mic1,p294,data\VCTK\wav48_silence_trimmed\p294\p294_128_mic1.flac,p262,0,1,0.41752859950065613,0.33731603622436523,0.41752859950065613,-0.0802125632762909,2.3429375
lca,1,p294_128_mic1,p294,data\VCTK\wav48_silence_trimmed\p294\p294_128_mic1.flac,p262,0,1,0.30593323707580566,0.2548297643661499,0.30593323707580566,-0.05110347270965576,2.3429375
lca,2,p294_128_mic1,p294,data\VCTK\wav48_silence_trimmed\p294\p294_128_mic1.flac,p308,0,1,0.4242977201938629,0.1936248391866684,0.4242977201938629,-0.23067288100719452,2.3429375
lca,3,p294_128_mic1,p294,data\VCTK\wav48_silence_trimmed\p294\p294_128_mic1.flac,p308,0,1,0.3895767033100128,0.19533874094486237,0.3895767033100128,-0.19423796236515045,2.3429375
original,0,p294_322_mic2,p294,data\VCTK\wav48_silence_trimmed\p294\p294_322_mic2.flac,p294,1,1,0.7369390726089478,0.7369390726089478,0.2906627953052521,0.4462762773036957,3.1324375
base,1,p294_322_mic2,p294,data\VCTK\wav48_silence_trimmed\p294\p294_322_mic2.flac,p294,1,1,0.2597458064556122,0.2597458064556122,0.22359482944011688,0.0361509770154953,3.1324375
base,2,p294_322_mic2,p294,data\VCTK\wav48_silence_trimmed\p294\p294_322_mic2.flac,p308,0,1,0.32449448108673096,0.30808159708976746,0.32449448108673096,-0.0164128839969635,3.1324375
base,3,p294_322_mic2,p294,data\VCTK\wav48_silence_trimmed\p294\p294_322_mic2.flac,p308,0,1,0.40948885679244995,0.3587326407432556,0.40948885679244995,-0.050756216049194336,3.1324375
lca,1,p294_322_mic2,p294,data\VCTK\wav48_silence_trimmed\p294\p294_322_mic2.flac,p262,0,1,0.302997887134552,0.28702935576438904,0.302997887134552,-0.015968531370162964,3.1324375
lca,2,p294_322_mic2,p294,data\VCTK\wav48_silence_trimmed\p294\p294_322_mic2.flac,p308,0,1,0.42524272203445435,0.3223389983177185,0.42524272203445435,-0.10290372371673584,3.1324375
lca,3,p294_322_mic2,p294,data\VCTK\wav48_silence_trimmed\p294\p294_322_mic2.flac,p308,0,1,0.45873141288757324,0.33351194858551025,0.45873141288757324,-0.125219464302063,3.1324375
original,0,p294_332_mic1,p294,data\VCTK\wav48_silence_trimmed\p294\p294_332_mic1.flac,p294,1,1,0.7248483300209045,0.7248483300209045,0.3002666234970093,0.42458170652389526,3.3834375
base,1,p294_332_mic1,p294,data\VCTK\wav48_silence_trimmed\p294\p294_332_mic1.flac,p318,0,1,0.28988105058670044,0.2820983827114105,0.28988105058670044,-0.007782667875289917,3.3834375
base,2,p294_332_mic1,p294,data\VCTK\wav48_silence_trimmed\p294\p294_332_mic1.flac,p294,1,1,0.44175946712493896,0.44175946712493896,0.3322438895702362,0.10951557755470276,3.3834375
base,3,p294_332_mic1,p294,data\VCTK\wav48_silence_trimmed\p294\p294_332_mic1.flac,p294,1,1,0.44889339804649353,0.44889339804649353,0.32064130902290344,0.1282520890235901,3.3834375
lca,1,p294_332_mic1,p294,data\VCTK\wav48_silence_trimmed\p294\p294_332_mic1.flac,p294,1,1,0.3115353584289551,0.3115353584289551,0.29730647802352905,0.014228880405426025,3.3834375
lca,2,p294_332_mic1,p294,data\VCTK\wav48_silence_trimmed\p294\p294_332_mic1.flac,p308,0,1,0.40735018253326416,0.3191908597946167,0.40735018253326416,-0.08815932273864746,3.3834375
lca,3,p294_332_mic1,p294,data\VCTK\wav48_silence_trimmed\p294\p294_332_mic1.flac,p308,0,1,0.3821849822998047,0.25397416949272156,0.3821849822998047,-0.12821081280708313,3.3834375
original,0,p300_015_mic1,p300,data\VCTK\wav48_silence_trimmed\p300\p300_015_mic1.flac,p300,1,1,0.830162763595581,0.830162763595581,0.24631677567958832,0.5838459879159927,6.8296875
base,1,p300_015_mic1,p300,data\VCTK\wav48_silence_trimmed\p300\p300_015_mic1.flac,p300,1,1,0.31778356432914734,0.31778356432914734,0.2532764673233032,0.06450709700584412,6.8296875
base,2,p300_015_mic1,p300,data\VCTK\wav48_silence_trimmed\p300\p300_015_mic1.flac,p300,1,1,0.570401668548584,0.570401668548584,0.29592040181159973,0.27448126673698425,6.8296875
base,3,p300_015_mic1,p300,data\VCTK\wav48_silence_trimmed\p300\p300_015_mic1.flac,p300,1,1,0.6061191558837891,0.6061191558837891,0.3110605478286743,0.29505860805511475,6.8296875
lca,1,p300_015_mic1,p300,data\VCTK\wav48_silence_trimmed\p300\p300_015_mic1.flac,p300,1,1,0.3966121971607208,0.3966121971607208,0.32172098755836487,0.07489120960235596,6.8296875
lca,2,p300_015_mic1,p300,data\VCTK\wav48_silence_trimmed\p300\p300_015_mic1.flac,p300,1,1,0.5577290058135986,0.5577290058135986,0.37454843521118164,0.183180570602417,6.8296875
lca,3,p300_015_mic1,p300,data\VCTK\wav48_silence_trimmed\p300\p300_015_mic1.flac,p300,1,1,0.6114667654037476,0.6114667654037476,0.3770725131034851,0.23439425230026245,6.8296875
original,0,p300_099_mic2,p300,data\VCTK\wav48_silence_trimmed\p300\p300_099_mic2.flac,p300,1,1,0.8433289527893066,0.8433289527893066,0.2467389702796936,0.596589982509613,5.7174375
base,1,p300_099_mic2,p300,data\VCTK\wav48_silence_trimmed\p300\p300_099_mic2.flac,p300,1,1,0.32636111974716187,0.32636111974716187,0.2570062577724457,0.06935486197471619,5.7174375
base,2,p300_099_mic2,p300,data\VCTK\wav48_silence_trimmed\p300\p300_099_mic2.flac,p300,1,1,0.5526134967803955,0.5526134967803955,0.29083341360092163,0.2617800831794739,5.7174375
base,3,p300_099_mic2,p300,data\VCTK\wav48_silence_trimmed\p300\p300_099_mic2.flac,p300,1,1,0.5697416067123413,0.5697416067123413,0.3150443136692047,0.2546972930431366,5.7174375
lca,1,p300_099_mic2,p300,data\VCTK\wav48_silence_trimmed\p300\p300_099_mic2.flac,p300,1,1,0.42393478751182556,0.42393478751182556,0.309248685836792,0.11468610167503357,5.7174375
lca,2,p300_099_mic2,p300,data\VCTK\wav48_silence_trimmed\p300\p300_099_mic2.flac,p300,1,1,0.5558457374572754,0.5558457374572754,0.3354267179965973,0.2204190194606781,5.7174375
lca,3,p300_099_mic2,p300,data\VCTK\wav48_silence_trimmed\p300\p300_099_mic2.flac,p300,1,1,0.6310265064239502,0.6310265064239502,0.3340126872062683,0.2970138192176819,5.7174375
original,0,p300_122_mic1,p300,data\VCTK\wav48_silence_trimmed\p300\p300_122_mic1.flac,p300,1,1,0.696334719657898,0.696334719657898,0.2641729414463043,0.43216177821159363,3.2444375
base,1,p300_122_mic1,p300,data\VCTK\wav48_silence_trimmed\p300\p300_122_mic1.flac,p300,1,1,0.3577185571193695,0.3577185571193695,0.33026427030563354,0.027454286813735962,3.2444375
base,2,p300_122_mic1,p300,data\VCTK\wav48_silence_trimmed\p300\p300_122_mic1.flac,p300,1,1,0.5363253951072693,0.5363253951072693,0.4677000939846039,0.0686253011226654,3.2444375
base,3,p300_122_mic1,p300,data\VCTK\wav48_silence_trimmed\p300\p300_122_mic1.flac,p300,1,1,0.5107108354568481,0.5107108354568481,0.4916817247867584,0.01902911067008972,3.2444375
lca,1,p300_122_mic1,p300,data\VCTK\wav48_silence_trimmed\p300\p300_122_mic1.flac,p262,0,1,0.39154499769210815,0.3076498806476593,0.39154499769210815,-0.08389511704444885,3.2444375
lca,2,p300_122_mic1,p300,data\VCTK\wav48_silence_trimmed\p300\p300_122_mic1.flac,p262,0,1,0.505728006362915,0.4914955496788025,0.505728006362915,-0.014232456684112549,3.2444375
lca,3,p300_122_mic1,p300,data\VCTK\wav48_silence_trimmed\p300\p300_122_mic1.flac,p300,1,1,0.5352052450180054,0.5352052450180054,0.5002220273017883,0.03498321771621704,3.2444375
original,0,p300_124_mic2,p300,data\VCTK\wav48_silence_trimmed\p300\p300_124_mic2.flac,p300,1,1,0.8422906398773193,0.8422906398773193,0.2786862552165985,0.5636043846607208,3.802375
base,1,p300_124_mic2,p300,data\VCTK\wav48_silence_trimmed\p300\p300_124_mic2.flac,p300,1,1,0.3055221736431122,0.3055221736431122,0.2602286636829376,0.04529350996017456,3.802375
base,2,p300_124_mic2,p300,data\VCTK\wav48_silence_trimmed\p300\p300_124_mic2.flac,p300,1,1,0.481420636177063,0.481420636177063,0.2951827049255371,0.18623793125152588,3.802375
base,3,p300_124_mic2,p300,data\VCTK\wav48_silence_trimmed\p300\p300_124_mic2.flac,p300,1,1,0.5617888569831848,0.5617888569831848,0.2908012866973877,0.2709875702857971,3.802375
lca,1,p300_124_mic2,p300,data\VCTK\wav48_silence_trimmed\p300\p300_124_mic2.flac,p308,0,1,0.32332074642181396,0.2874032258987427,0.32332074642181396,-0.03591752052307129,3.802375
lca,2,p300_124_mic2,p300,data\VCTK\wav48_silence_trimmed\p300\p300_124_mic2.flac,p300,1,1,0.4810304045677185,0.4810304045677185,0.3557344675064087,0.12529593706130981,3.802375
lca,3,p300_124_mic2,p300,data\VCTK\wav48_silence_trimmed\p300\p300_124_mic2.flac,p300,1,1,0.4993242919445038,0.4993242919445038,0.38357406854629517,0.11575022339820862,3.802375
original,0,p300_269_mic2,p300,data\VCTK\wav48_silence_trimmed\p300\p300_269_mic2.flac,p300,1,1,0.8747423887252808,0.8747423887252808,0.30770206451416016,0.5670403242111206,3.58
base,1,p300_269_mic2,p300,data\VCTK\wav48_silence_trimmed\p300\p300_269_mic2.flac,p306,0,1,0.31014519929885864,0.22318606078624725,0.31014519929885864,-0.08695913851261139,3.58
base,2,p300_269_mic2,p300,data\VCTK\wav48_silence_trimmed\p300\p300_269_mic2.flac,p300,1,1,0.4187246859073639,0.4187246859073639,0.34479373693466187,0.07393094897270203,3.58
base,3,p300_269_mic2,p300,data\VCTK\wav48_silence_trimmed\p300\p300_269_mic2.flac,p300,1,1,0.38410669565200806,0.38410669565200806,0.27036112546920776,0.11374557018280029,3.58
lca,1,p300_269_mic2,p300,data\VCTK\wav48_silence_trimmed\p300\p300_269_mic2.flac,p300,1,1,0.3252415060997009,0.3252415060997009,0.2878349721431732,0.03740653395652771,3.58
lca,2,p300_269_mic2,p300,data\VCTK\wav48_silence_trimmed\p300\p300_269_mic2.flac,p300,1,1,0.428610622882843,0.428610622882843,0.3283384442329407,0.10027217864990234,3.58
lca,3,p300_269_mic2,p300,data\VCTK\wav48_silence_trimmed\p300\p300_269_mic2.flac,p300,1,1,0.4546336233615875,0.4546336233615875,0.3460933268070221,0.10854029655456543,3.58
original,0,p302_112_mic2,p302,data\VCTK\wav48_silence_trimmed\p302\p302_112_mic2.flac,p302,1,1,0.6637712121009827,0.6637712121009827,0.1951434314250946,0.46862778067588806,3.285875
base,1,p302_112_mic2,p302,data\VCTK\wav48_silence_trimmed\p302\p302_112_mic2.flac,p258,0,1,0.25467371940612793,0.2484014928340912,0.25467371940612793,-0.006272226572036743,3.285875
base,2,p302_112_mic2,p302,data\VCTK\wav48_silence_trimmed\p302\p302_112_mic2.flac,p302,1,1,0.3002161383628845,0.3002161383628845,0.23121821880340576,0.06899791955947876,3.285875
base,3,p302_112_mic2,p302,data\VCTK\wav48_silence_trimmed\p302\p302_112_mic2.flac,p302,1,1,0.30269598960876465,0.30269598960876465,0.25006869435310364,0.05262729525566101,3.285875
lca,1,p302_112_mic2,p302,data\VCTK\wav48_silence_trimmed\p302\p302_112_mic2.flac,p262,0,1,0.2722858190536499,0.22109226882457733,0.2722858190536499,-0.05119355022907257,3.285875
lca,2,p302_112_mic2,p302,data\VCTK\wav48_silence_trimmed\p302\p302_112_mic2.flac,p302,1,1,0.2727820873260498,0.2727820873260498,0.26209771633148193,0.010684370994567871,3.285875
lca,3,p302_112_mic2,p302,data\VCTK\wav48_silence_trimmed\p302\p302_112_mic2.flac,p302,1,0,0.23449385166168213,0.23449385166168213,0.22678518295288086,0.0077086687088012695,3.285875
original,0,p302_196_mic1,p302,data\VCTK\wav48_silence_trimmed\p302\p302_196_mic1.flac,p302,1,1,0.6099804639816284,0.6099804639816284,0.1381276696920395,0.47185279428958893,4.4444375
base,1,p302_196_mic1,p302,data\VCTK\wav48_silence_trimmed\p302\p302_196_mic1.flac,p300,0,0,0.20713578164577484,0.19672216475009918,0.20713578164577484,-0.01041361689567566,4.4444375
base,2,p302_196_mic1,p302,data\VCTK\wav48_silence_trimmed\p302\p302_196_mic1.flac,p281,0,1,0.25255897641181946,0.15532717108726501,0.25255897641181946,-0.09723180532455444,4.4444375
base,3,p302_196_mic1,p302,data\VCTK\wav48_silence_trimmed\p302\p302_196_mic1.flac,p302,1,1,0.25859159231185913,0.25859159231185913,0.2349955141544342,0.023596078157424927,4.4444375
lca,1,p302_196_mic1,p302,data\VCTK\wav48_silence_trimmed\p302\p302_196_mic1.flac,p281,0,0,0.24228759109973907,0.14515462517738342,0.24228759109973907,-0.09713296592235565,4.4444375
lca,2,p302_196_mic1,p302,data\VCTK\wav48_silence_trimmed\p302\p302_196_mic1.flac,p281,0,1,0.25041645765304565,0.1740078628063202,0.25041645765304565,-0.07640859484672546,4.4444375
lca,3,p302_196_mic1,p302,data\VCTK\wav48_silence_trimmed\p302\p302_196_mic1.flac,p302,1,0,0.24365577101707458,0.24365577101707458,0.21804828941822052,0.025607481598854065,4.4444375
original,0,p302_261_mic1,p302,data\VCTK\wav48_silence_trimmed\p302\p302_261_mic1.flac,p302,1,1,0.6696654558181763,0.6696654558181763,0.1806357055902481,0.48902975022792816,4.58275
base,1,p302_261_mic1,p302,data\VCTK\wav48_silence_trimmed\p302\p302_261_mic1.flac,p302,1,0,0.14779680967330933,0.14779680967330933,0.1278693974018097,0.019927412271499634,4.58275
base,2,p302_261_mic1,p302,data\VCTK\wav48_silence_trimmed\p302\p302_261_mic1.flac,p302,1,1,0.33773356676101685,0.33773356676101685,0.25435712933540344,0.0833764374256134,4.58275
base,3,p302_261_mic1,p302,data\VCTK\wav48_silence_trimmed\p302\p302_261_mic1.flac,p302,1,1,0.29165029525756836,0.29165029525756836,0.27440398931503296,0.0172463059425354,4.58275
lca,1,p302_261_mic1,p302,data\VCTK\wav48_silence_trimmed\p302\p302_261_mic1.flac,p281,0,0,0.2131233960390091,0.16308468580245972,0.2131233960390091,-0.05003871023654938,4.58275
lca,2,p302_261_mic1,p302,data\VCTK\wav48_silence_trimmed\p302\p302_261_mic1.flac,p302,1,1,0.2641669511795044,0.2641669511795044,0.21353475749492645,0.05063219368457794,4.58275
lca,3,p302_261_mic1,p302,data\VCTK\wav48_silence_trimmed\p302\p302_261_mic1.flac,p302,1,0,0.24995924532413483,0.24995924532413483,0.2192610204219818,0.030698224902153015,4.58275
original,0,p302_262_mic2,p302,data\VCTK\wav48_silence_trimmed\p302\p302_262_mic2.flac,p302,1,1,0.6288784742355347,0.6288784742355347,0.20264622569084167,0.426232248544693,2.90475
base,1,p302_262_mic2,p302,data\VCTK\wav48_silence_trimmed\p302\p302_262_mic2.flac,p262,0,0,0.23512908816337585,0.16464866697788239,0.23512908816337585,-0.07048042118549347,2.90475
base,2,p302_262_mic2,p302,data\VCTK\wav48_silence_trimmed\p302\p302_262_mic2.flac,p302,1,1,0.26784220337867737,0.26784220337867737,0.14850875735282898,0.11933344602584839,2.90475
base,3,p302_262_mic2,p302,data\VCTK\wav48_silence_trimmed\p302\p302_262_mic2.flac,p302,1,1,0.31699904799461365,0.31699904799461365,0.20267194509506226,0.11432710289955139,2.90475
lca,1,p302_262_mic2,p302,data\VCTK\wav48_silence_trimmed\p302\p302_262_mic2.flac,p281,0,0,0.2116169035434723,0.17691248655319214,0.2116169035434723,-0.03470441699028015,2.90475
lca,2,p302_262_mic2,p302,data\VCTK\wav48_silence_trimmed\p302\p302_262_mic2.flac,p302,1,0,0.22029343247413635,0.22029343247413635,0.20604783296585083,0.014245599508285522,2.90475
lca,3,p302_262_mic2,p302,data\VCTK\wav48_silence_trimmed\p302\p302_262_mic2.flac,p302,1,0,0.23691977560520172,0.23691977560520172,0.20013852417469025,0.036781251430511475,2.90475
original,0,p302_315_mic1,p302,data\VCTK\wav48_silence_trimmed\p302\p302_315_mic1.flac,p302,1,1,0.510986864566803,0.510986864566803,0.15984055399894714,0.35114631056785583,2.43125
base,1,p302_315_mic1,p302,data\VCTK\wav48_silence_trimmed\p302\p302_315_mic1.flac,p313,0,0,0.22309623658657074,0.14530105888843536,0.22309623658657074,-0.07779517769813538,2.43125
base,2,p302_315_mic1,p302,data\VCTK\wav48_silence_trimmed\p302\p302_315_mic1.flac,p302,1,1,0.30081117153167725,0.30081117153167725,0.18856799602508545,0.1122431755065918,2.43125
base,3,p302_315_mic1,p302,data\VCTK\wav48_silence_trimmed\p302\p302_315_mic1.flac,p302,1,1,0.3395743668079376,0.3395743668079376,0.21011289954185486,0.12946146726608276,2.43125
lca,1,p302_315_mic1,p302,data\VCTK\wav48_silence_trimmed\p302\p302_315_mic1.flac,p313,0,1,0.27416059374809265,0.19268611073493958,0.27416059374809265,-0.08147448301315308,2.43125
lca,2,p302_315_mic1,p302,data\VCTK\wav48_silence_trimmed\p302\p302_315_mic1.flac,p302,1,1,0.2639189064502716,0.2639189064502716,0.25062137842178345,0.01329752802848816,2.43125
lca,3,p302_315_mic1,p302,data\VCTK\wav48_silence_trimmed\p302\p302_315_mic1.flac,p302,1,1,0.2541709840297699,0.2541709840297699,0.24375921487808228,0.010411769151687622,2.43125
original,0,p306_080_mic2,p306,data\VCTK\wav48_silence_trimmed\p306\p306_080_mic2.flac,p306,1,1,0.7673574090003967,0.7673574090003967,0.5877538919448853,0.17960351705551147,4.7385
base,1,p306_080_mic2,p306,data\VCTK\wav48_silence_trimmed\p306\p306_080_mic2.flac,p308,0,1,0.29962658882141113,0.2028171420097351,0.29962658882141113,-0.09680944681167603,4.7385
base,2,p306_080_mic2,p306,data\VCTK\wav48_silence_trimmed\p306\p306_080_mic2.flac,p306,1,1,0.4417363107204437,0.4417363107204437,0.39213764667510986,0.04959866404533386,4.7385
base,3,p306_080_mic2,p306,data\VCTK\wav48_silence_trimmed\p306\p306_080_mic2.flac,p306,1,1,0.5523827075958252,0.5523827075958252,0.4424463212490082,0.10993638634681702,4.7385
lca,1,p306_080_mic2,p306,data\VCTK\wav48_silence_trimmed\p306\p306_080_mic2.flac,p262,0,1,0.32028213143348694,0.20283779501914978,0.32028213143348694,-0.11744433641433716,4.7385
lca,2,p306_080_mic2,p306,data\VCTK\wav48_silence_trimmed\p306\p306_080_mic2.flac,p306,1,1,0.3751647472381592,0.3751647472381592,0.315029501914978,0.06013524532318115,4.7385
lca,3,p306_080_mic2,p306,data\VCTK\wav48_silence_trimmed\p306\p306_080_mic2.flac,p306,1,1,0.3982135057449341,0.3982135057449341,0.3708304762840271,0.027383029460906982,4.7385
original,0,p306_181_mic2,p306,data\VCTK\wav48_silence_trimmed\p306\p306_181_mic2.flac,p306,1,1,0.78545081615448,0.78545081615448,0.41961342096328735,0.3658373951911926,4.8286875
base,1,p306_181_mic2,p306,data\VCTK\wav48_silence_trimmed\p306\p306_181_mic2.flac,p306,1,1,0.33013203740119934,0.33013203740119934,0.26601946353912354,0.0641125738620758,4.8286875
base,2,p306_181_mic2,p306,data\VCTK\wav48_silence_trimmed\p306\p306_181_mic2.flac,p308,0,1,0.4807324707508087,0.45490047335624695,0.4807324707508087,-0.025831997394561768,4.8286875
base,3,p306_181_mic2,p306,data\VCTK\wav48_silence_trimmed\p306\p306_181_mic2.flac,p308,0,1,0.5371822714805603,0.5348164439201355,0.5371822714805603,-0.0023658275604248047,4.8286875
lca,1,p306_181_mic2,p306,data\VCTK\wav48_silence_trimmed\p306\p306_181_mic2.flac,p308,0,1,0.373310923576355,0.2404036819934845,0.373310923576355,-0.13290724158287048,4.8286875
lca,2,p306_181_mic2,p306,data\VCTK\wav48_silence_trimmed\p306\p306_181_mic2.flac,p308,0,1,0.39252519607543945,0.31748783588409424,0.39252519607543945,-0.07503736019134521,4.8286875
lca,3,p306_181_mic2,p306,data\VCTK\wav48_silence_trimmed\p306\p306_181_mic2.flac,p308,0,1,0.4641905128955841,0.34030354022979736,0.4641905128955841,-0.12388697266578674,4.8286875
original,0,p306_237_mic2,p306,data\VCTK\wav48_silence_trimmed\p306\p306_237_mic2.flac,p306,1,1,0.8227671384811401,0.8227671384811401,0.46992701292037964,0.3528401255607605,4.626
base,1,p306_237_mic2,p306,data\VCTK\wav48_silence_trimmed\p306\p306_237_mic2.flac,p255,0,1,0.25867539644241333,0.25437766313552856,0.25867539644241333,-0.004297733306884766,4.626
base,2,p306_237_mic2,p306,data\VCTK\wav48_silence_trimmed\p306\p306_237_mic2.flac,p308,0,1,0.4831583499908447,0.4800925552845001,0.4831583499908447,-0.0030657947063446045,4.626
base,3,p306_237_mic2,p306,data\VCTK\wav48_silence_trimmed\p306\p306_237_mic2.flac,p308,0,1,0.5670565962791443,0.5149722099304199,0.5670565962791443,-0.052084386348724365,4.626
lca,1,p306_237_mic2,p306,data\VCTK\wav48_silence_trimmed\p306\p306_237_mic2.flac,p308,0,1,0.32500430941581726,0.27718621492385864,0.32500430941581726,-0.04781809449195862,4.626
lca,2,p306_237_mic2,p306,data\VCTK\wav48_silence_trimmed\p306\p306_237_mic2.flac,p308,0,1,0.4566609561443329,0.4026864171028137,0.4566609561443329,-0.053974539041519165,4.626
lca,3,p306_237_mic2,p306,data\VCTK\wav48_silence_trimmed\p306\p306_237_mic2.flac,p308,0,1,0.531771183013916,0.4026739299297333,0.531771183013916,-0.12909725308418274,4.626
original,0,p306_241_mic1,p306,data\VCTK\wav48_silence_trimmed\p306\p306_241_mic1.flac,p306,1,1,0.7767343521118164,0.7767343521118164,0.43394801020622253,0.34278634190559387,6.1185625
base,1,p306_241_mic1,p306,data\VCTK\wav48_silence_trimmed\p306\p306_241_mic1.flac,p300,0,1,0.28978943824768066,0.16206032037734985,0.28978943824768066,-0.1277291178703308,6.1185625
base,2,p306_241_mic1,p306,data\VCTK\wav48_silence_trimmed\p306\p306_241_mic1.flac,p308,0,1,0.40368562936782837,0.3701767921447754,0.40368562936782837,-0.03350883722305298,6.1185625
base,3,p306_241_mic1,p306,data\VCTK\wav48_silence_trimmed\p306\p306_241_mic1.flac,p306,1,1,0.4716363251209259,0.4716363251209259,0.4102361798286438,0.061400145292282104,6.1185625
lca,1,p306_241_mic1,p306,data\VCTK\wav48_silence_trimmed\p306\p306_241_mic1.flac,p308,0,1,0.3814621567726135,0.27984803915023804,0.3814621567726135,-0.10161411762237549,6.1185625
lca,2,p306_241_mic1,p306,data\VCTK\wav48_silence_trimmed\p306\p306_241_mic1.flac,p308,0,1,0.4630153179168701,0.3194659352302551,0.4630153179168701,-0.143549382686615,6.1185625
lca,3,p306_241_mic1,p306,data\VCTK\wav48_silence_trimmed\p306\p306_241_mic1.flac,p308,0,1,0.4582803249359131,0.3956550657749176,0.4582803249359131,-0.06262525916099548,6.1185625
original,0,p306_274_mic1,p306,data\VCTK\wav48_silence_trimmed\p306\p306_274_mic1.flac,p306,1,1,0.6768795251846313,0.6768795251846313,0.4079313278198242,0.26894819736480713,5.2666875
base,1,p306_274_mic1,p306,data\VCTK\wav48_silence_trimmed\p306\p306_274_mic1.flac,p228,0,1,0.27006056904792786,0.204391211271286,0.27006056904792786,-0.06566935777664185,5.2666875
base,2,p306_274_mic1,p306,data\VCTK\wav48_silence_trimmed\p306\p306_274_mic1.flac,p306,1,1,0.38286933302879333,0.38286933302879333,0.29221755266189575,0.09065178036689758,5.2666875
base,3,p306_274_mic1,p306,data\VCTK\wav48_silence_trimmed\p306\p306_274_mic1.flac,p306,1,1,0.43009912967681885,0.43009912967681885,0.33550047874450684,0.09459865093231201,5.2666875
lca,1,p306_274_mic1,p306,data\VCTK\wav48_silence_trimmed\p306\p306_274_mic1.flac,p262,0,1,0.3015238046646118,0.2913377285003662,0.3015238046646118,-0.010186076164245605,5.2666875
lca,2,p306_274_mic1,p306,data\VCTK\wav48_silence_trimmed\p306\p306_274_mic1.flac,p306,1,1,0.36553239822387695,0.36553239822387695,0.34560427069664,0.01992812752723694,5.2666875
lca,3,p306_274_mic1,p306,data\VCTK\wav48_silence_trimmed\p306\p306_274_mic1.flac,p308,0,1,0.4182036519050598,0.38393205404281616,0.4182036519050598,-0.03427159786224365,5.2666875
original,0,p308_229_mic2,p308,data\VCTK\wav48_silence_trimmed\p308\p308_229_mic2.flac,p308,1,1,0.7869887351989746,0.7869887351989746,0.28109651803970337,0.5058922171592712,3.0330625
base,1,p308_229_mic2,p308,data\VCTK\wav48_silence_trimmed\p308\p308_229_mic2.flac,p255,0,0,0.2496977150440216,0.22551804780960083,0.2496977150440216,-0.024179667234420776,3.0330625
base,2,p308_229_mic2,p308,data\VCTK\wav48_silence_trimmed\p308\p308_229_mic2.flac,p308,1,1,0.4208764135837555,0.4208764135837555,0.22542788088321686,0.19544853270053864,3.0330625
base,3,p308_229_mic2,p308,data\VCTK\wav48_silence_trimmed\p308\p308_229_mic2.flac,p308,1,1,0.5203790068626404,0.5203790068626404,0.2523355484008789,0.2680434584617615,3.0330625
lca,1,p308_229_mic2,p308,data\VCTK\wav48_silence_trimmed\p308\p308_229_mic2.flac,p308,1,1,0.3774184584617615,0.3774184584617615,0.23843376338481903,0.13898469507694244,3.0330625
lca,2,p308_229_mic2,p308,data\VCTK\wav48_silence_trimmed\p308\p308_229_mic2.flac,p308,1,1,0.45108896493911743,0.45108896493911743,0.23415625095367432,0.21693271398544312,3.0330625
lca,3,p308_229_mic2,p308,data\VCTK\wav48_silence_trimmed\p308\p308_229_mic2.flac,p308,1,1,0.5649025440216064,0.5649025440216064,0.2595251202583313,0.30537742376327515,3.0330625
original,0,p308_257_mic1,p308,data\VCTK\wav48_silence_trimmed\p308\p308_257_mic1.flac,p308,1,1,0.6340197920799255,0.6340197920799255,0.3051280379295349,0.3288917541503906,2.561625
base,1,p308_257_mic1,p308,data\VCTK\wav48_silence_trimmed\p308\p308_257_mic1.flac,p255,0,1,0.35679900646209717,0.22415150701999664,0.35679900646209717,-0.13264749944210052,2.561625
base,2,p308_257_mic1,p308,data\VCTK\wav48_silence_trimmed\p308\p308_257_mic1.flac,p229,0,1,0.3750589191913605,0.33594322204589844,0.3750589191913605,-0.039115697145462036,2.561625
base,3,p308_257_mic1,p308,data\VCTK\wav48_silence_trimmed\p308\p308_257_mic1.flac,p308,1,1,0.4038984775543213,0.4038984775543213,0.37039661407470703,0.03350186347961426,2.561625
lca,1,p308_257_mic1,p308,data\VCTK\wav48_silence_trimmed\p308\p308_257_mic1.flac,p255,0,1,0.31935352087020874,0.24901577830314636,0.31935352087020874,-0.07033774256706238,2.561625
lca,2,p308_257_mic1,p308,data\VCTK\wav48_silence_trimmed\p308\p308_257_mic1.flac,p308,1,1,0.3772397041320801,0.3772397041320801,0.3227916359901428,0.054448068141937256,2.561625
lca,3,p308_257_mic1,p308,data\VCTK\wav48_silence_trimmed\p308\p308_257_mic1.flac,p308,1,1,0.40920501947402954,0.40920501947402954,0.322600394487381,0.08660462498664856,2.561625
original,0,p308_317_mic2,p308,data\VCTK\wav48_silence_trimmed\p308\p308_317_mic2.flac,p308,1,1,0.6405479907989502,0.6405479907989502,0.286587119102478,0.35396087169647217,2.0955625
base,1,p308_317_mic2,p308,data\VCTK\wav48_silence_trimmed\p308\p308_317_mic2.flac,p313,0,1,0.2612607479095459,0.20432162284851074,0.2612607479095459,-0.056939125061035156,2.0955625
base,2,p308_317_mic2,p308,data\VCTK\wav48_silence_trimmed\p308\p308_317_mic2.flac,p308,1,1,0.43058252334594727,0.43058252334594727,0.34660518169403076,0.0839773416519165,2.0955625
base,3,p308_317_mic2,p308,data\VCTK\wav48_silence_trimmed\p308\p308_317_mic2.flac,p308,1,1,0.46554404497146606,0.46554404497146606,0.354447603225708,0.11109644174575806,2.0955625
lca,1,p308_317_mic2,p308,data\VCTK\wav48_silence_trimmed\p308\p308_317_mic2.flac,p281,0,1,0.2910768389701843,0.2379572093486786,0.2910768389701843,-0.05311962962150574,2.0955625
lca,2,p308_317_mic2,p308,data\VCTK\wav48_silence_trimmed\p308\p308_317_mic2.flac,p308,1,1,0.3273296058177948,0.3273296058177948,0.2681390345096588,0.059190571308135986,2.0955625
lca,3,p308_317_mic2,p308,data\VCTK\wav48_silence_trimmed\p308\p308_317_mic2.flac,p308,1,1,0.4359161853790283,0.4359161853790283,0.2322838008403778,0.2036323845386505,2.0955625
original,0,p308_332_mic2,p308,data\VCTK\wav48_silence_trimmed\p308\p308_332_mic2.flac,p308,1,1,0.781265139579773,0.781265139579773,0.26904815435409546,0.5122169852256775,3.1155625
base,1,p308_332_mic2,p308,data\VCTK\wav48_silence_trimmed\p308\p308_332_mic2.flac,p318,0,1,0.2640736997127533,0.14689448475837708,0.2640736997127533,-0.11717921495437622,3.1155625
base,2,p308_332_mic2,p308,data\VCTK\wav48_silence_trimmed\p308\p308_332_mic2.flac,p308,1,1,0.48517799377441406,0.48517799377441406,0.31392693519592285,0.1712510585784912,3.1155625
base,3,p308_332_mic2,p308,data\VCTK\wav48_silence_trimmed\p308\p308_332_mic2.flac,p308,1,1,0.6223441362380981,0.6223441362380981,0.3354111611843109,0.28693297505378723,3.1155625
lca,1,p308_332_mic2,p308,data\VCTK\wav48_silence_trimmed\p308\p308_332_mic2.flac,p308,1,1,0.35191652178764343,0.35191652178764343,0.2680511176586151,0.08386540412902832,3.1155625
lca,2,p308_332_mic2,p308,data\VCTK\wav48_silence_trimmed\p308\p308_332_mic2.flac,p308,1,1,0.5198641419410706,0.5198641419410706,0.3062792420387268,0.21358489990234375,3.1155625
lca,3,p308_332_mic2,p308,data\VCTK\wav48_silence_trimmed\p308\p308_332_mic2.flac,p308,1,1,0.5770712494850159,0.5770712494850159,0.32411718368530273,0.25295406579971313,3.1155625
original,0,p308_339_mic1,p308,data\VCTK\wav48_silence_trimmed\p308\p308_339_mic1.flac,p308,1,1,0.7496551275253296,0.7496551275253296,0.28004300594329834,0.46961212158203125,3.6278125
base,1,p308_339_mic1,p308,data\VCTK\wav48_silence_trimmed\p308\p308_339_mic1.flac,p306,0,0,0.22480559349060059,0.17379632592201233,0.22480559349060059,-0.05100926756858826,3.6278125
base,2,p308_339_mic1,p308,data\VCTK\wav48_silence_trimmed\p308\p308_339_mic1.flac,p308,1,1,0.551877498626709,0.551877498626709,0.34229809045791626,0.20957940816879272,3.6278125
base,3,p308_339_mic1,p308,data\VCTK\wav48_silence_trimmed\p308\p308_339_mic1.flac,p308,1,1,0.5632097721099854,0.5632097721099854,0.2977374196052551,0.2654723525047302,3.6278125
lca,1,p308_339_mic1,p308,data\VCTK\wav48_silence_trimmed\p308\p308_339_mic1.flac,p308,1,1,0.29950106143951416,0.29950106143951416,0.26104021072387695,0.03846085071563721,3.6278125
lca,2,p308_339_mic1,p308,data\VCTK\wav48_silence_trimmed\p308\p308_339_mic1.flac,p308,1,1,0.5339530110359192,0.5339530110359192,0.38315749168395996,0.15079551935195923,3.6278125
lca,3,p308_339_mic1,p308,data\VCTK\wav48_silence_trimmed\p308\p308_339_mic1.flac,p308,1,1,0.5496411323547363,0.5496411323547363,0.3704643249511719,0.17917680740356445,3.6278125
original,0,p313_025_mic1,p313,data\VCTK\wav48_silence_trimmed\p313\p313_025_mic1.flac,p313,1,1,0.5070685744285583,0.5070685744285583,0.16973569989204407,0.3373328745365143,2.4770625
base,1,p313_025_mic1,p313,data\VCTK\wav48_silence_trimmed\p313\p313_025_mic1.flac,p255,0,0,0.2151944935321808,0.1763119101524353,0.2151944935321808,-0.03888258337974548,2.4770625
base,2,p313_025_mic1,p313,data\VCTK\wav48_silence_trimmed\p313\p313_025_mic1.flac,p255,0,1,0.2885206341743469,0.1880207657814026,0.2885206341743469,-0.10049986839294434,2.4770625
base,3,p313_025_mic1,p313,data\VCTK\wav48_silence_trimmed\p313\p313_025_mic1.flac,p262,0,1,0.3985043168067932,0.22036212682724,0.3985043168067932,-0.17814218997955322,2.4770625
lca,1,p313_025_mic1,p313,data\VCTK\wav48_silence_trimmed\p313\p313_025_mic1.flac,p262,0,1,0.27771252393722534,0.2070002257823944,0.27771252393722534,-0.07071229815483093,2.4770625
lca,2,p313_025_mic1,p313,data\VCTK\wav48_silence_trimmed\p313\p313_025_mic1.flac,p308,0,1,0.3694450259208679,0.3052939176559448,0.3694450259208679,-0.0641511082649231,2.4770625
lca,3,p313_025_mic1,p313,data\VCTK\wav48_silence_trimmed\p313\p313_025_mic1.flac,p262,0,1,0.333523154258728,0.2523137331008911,0.333523154258728,-0.08120942115783691,2.4770625
original,0,p313_320_mic2,p313,data\VCTK\wav48_silence_trimmed\p313\p313_320_mic2.flac,p313,1,1,0.555526852607727,0.555526852607727,0.34641900658607483,0.20910784602165222,2.8601875
base,1,p313_320_mic2,p313,data\VCTK\wav48_silence_trimmed\p313\p313_320_mic2.flac,p306,0,1,0.2772406041622162,0.2406770884990692,0.2772406041622162,-0.03656351566314697,2.8601875
base,2,p313_320_mic2,p313,data\VCTK\wav48_silence_trimmed\p313\p313_320_mic2.flac,p313,1,1,0.3582318425178528,0.3582318425178528,0.2851298153400421,0.07310202717781067,2.8601875
base,3,p313_320_mic2,p313,data\VCTK\wav48_silence_trimmed\p313\p313_320_mic2.flac,p313,1,1,0.39634600281715393,0.39634600281715393,0.3445062041282654,0.05183979868888855,2.8601875
lca,1,p313_320_mic2,p313,data\VCTK\wav48_silence_trimmed\p313\p313_320_mic2.flac,p255,0,1,0.29579073190689087,0.2624269723892212,0.29579073190689087,-0.03336375951766968,2.8601875
lca,2,p313_320_mic2,p313,data\VCTK\wav48_silence_trimmed\p313\p313_320_mic2.flac,p313,1,1,0.36114975810050964,0.36114975810050964,0.3519366383552551,0.009213119745254517,2.8601875
lca,3,p313_320_mic2,p313,data\VCTK\wav48_silence_trimmed\p313\p313_320_mic2.flac,p313,1,1,0.4116630256175995,0.4116630256175995,0.34534353017807007,0.06631949543952942,2.8601875
original,0,p313_333_mic1,p313,data\VCTK\wav48_silence_trimmed\p313\p313_333_mic1.flac,p313,1,1,0.5950741767883301,0.5950741767883301,0.30486661195755005,0.29020756483078003,2.646375
base,1,p313_333_mic1,p313,data\VCTK\wav48_silence_trimmed\p313\p313_333_mic1.flac,p262,0,1,0.3513714075088501,0.3493276536464691,0.3513714075088501,-0.0020437538623809814,2.646375
base,2,p313_333_mic1,p313,data\VCTK\wav48_silence_trimmed\p313\p313_333_mic1.flac,p313,1,1,0.3519207239151001,0.3519207239151001,0.24587532877922058,0.10604539513587952,2.646375
base,3,p313_333_mic1,p313,data\VCTK\wav48_silence_trimmed\p313\p313_333_mic1.flac,p308,0,1,0.2777360677719116,0.25356537103652954,0.2777360677719116,-0.02417069673538208,2.646375
lca,1,p313_333_mic1,p313,data\VCTK\wav48_silence_trimmed\p313\p313_333_mic1.flac,p262,0,1,0.41670286655426025,0.3374606668949127,0.41670286655426025,-0.07924219965934753,2.646375
lca,2,p313_333_mic1,p313,data\VCTK\wav48_silence_trimmed\p313\p313_333_mic1.flac,p313,1,1,0.3579420745372772,0.3579420745372772,0.33463042974472046,0.023311644792556763,2.646375
lca,3,p313_333_mic1,p313,data\VCTK\wav48_silence_trimmed\p313\p313_333_mic1.flac,p313,1,1,0.40439310669898987,0.40439310669898987,0.31760045886039734,0.08679264783859253,2.646375
original,0,p313_342_mic2,p313,data\VCTK\wav48_silence_trimmed\p313\p313_342_mic2.flac,p313,1,1,0.7116883993148804,0.7116883993148804,0.20110052824020386,0.5105878710746765,2.6909375
base,1,p313_342_mic2,p313,data\VCTK\wav48_silence_trimmed\p313\p313_342_mic2.flac,p313,1,1,0.2842283844947815,0.2842283844947815,0.25672218203544617,0.027506202459335327,2.6909375
base,2,p313_342_mic2,p313,data\VCTK\wav48_silence_trimmed\p313\p313_342_mic2.flac,p313,1,1,0.4772643446922302,0.4772643446922302,0.31790265440940857,0.15936169028282166,2.6909375
base,3,p313_342_mic2,p313,data\VCTK\wav48_silence_trimmed\p313\p313_342_mic2.flac,p313,1,1,0.4597131013870239,0.4597131013870239,0.27182838320732117,0.18788471817970276,2.6909375
lca,1,p313_342_mic2,p313,data\VCTK\wav48_silence_trimmed\p313\p313_342_mic2.flac,p313,1,1,0.323373019695282,0.323373019695282,0.3231281340122223,0.0002448856830596924,2.6909375
lca,2,p313_342_mic2,p313,data\VCTK\wav48_silence_trimmed\p313\p313_342_mic2.flac,p313,1,1,0.3985752761363983,0.3985752761363983,0.38414260745048523,0.014432668685913086,2.6909375
lca,3,p313_342_mic2,p313,data\VCTK\wav48_silence_trimmed\p313\p313_342_mic2.flac,p313,1,1,0.40070149302482605,0.40070149302482605,0.3755979537963867,0.02510353922843933,2.6909375
original,0,p313_349_mic2,p313,data\VCTK\wav48_silence_trimmed\p313\p313_349_mic2.flac,p313,1,1,0.6809101104736328,0.6809101104736328,0.28118008375167847,0.39973002672195435,3.205
base,1,p313_349_mic2,p313,data\VCTK\wav48_silence_trimmed\p313\p313_349_mic2.flac,p318,0,1,0.2779419720172882,0.23037433624267578,0.2779419720172882,-0.04756763577461243,3.205
base,2,p313_349_mic2,p313,data\VCTK\wav48_silence_trimmed\p313\p313_349_mic2.flac,p306,0,1,0.4064997434616089,0.328172504901886,0.4064997434616089,-0.0783272385597229,3.205
base,3,p313_349_mic2,p313,data\VCTK\wav48_silence_trimmed\p313\p313_349_mic2.flac,p308,0,1,0.3810931146144867,0.29936346411705017,0.3810931146144867,-0.08172965049743652,3.205
lca,1,p313_349_mic2,p313,data\VCTK\wav48_silence_trimmed\p313\p313_349_mic2.flac,p308,0,1,0.32181861996650696,0.26656514406204224,0.32181861996650696,-0.05525347590446472,3.205
lca,2,p313_349_mic2,p313,data\VCTK\wav48_silence_trimmed\p313\p313_349_mic2.flac,p308,0,1,0.4042133688926697,0.34122487902641296,0.4042133688926697,-0.06298848986625671,3.205
lca,3,p313_349_mic2,p313,data\VCTK\wav48_silence_trimmed\p313\p313_349_mic2.flac,p313,1,1,0.3985440731048584,0.3985440731048584,0.3895770013332367,0.008967071771621704,3.205
original,0,p318_173_mic1,p318,data\VCTK\wav48_silence_trimmed\p318\p318_173_mic1.flac,p318,1,1,0.6710690259933472,0.6710690259933472,0.36784636974334717,0.30322265625,2.8190625
base,1,p318_173_mic1,p318,data\VCTK\wav48_silence_trimmed\p318\p318_173_mic1.flac,p262,0,0,0.24325336515903473,0.21749041974544525,0.24325336515903473,-0.025762945413589478,2.8190625
base,2,p318_173_mic1,p318,data\VCTK\wav48_silence_trimmed\p318\p318_173_mic1.flac,p318,1,1,0.3222355246543884,0.3222355246543884,0.2770896255970001,0.045145899057388306,2.8190625
base,3,p318_173_mic1,p318,data\VCTK\wav48_silence_trimmed\p318\p318_173_mic1.flac,p306,0,1,0.3627617359161377,0.35234683752059937,0.3627617359161377,-0.01041489839553833,2.8190625
lca,1,p318_173_mic1,p318,data\VCTK\wav48_silence_trimmed\p318\p318_173_mic1.flac,p262,0,1,0.3323284387588501,0.10202339291572571,0.3323284387588501,-0.2303050458431244,2.8190625
lca,2,p318_173_mic1,p318,data\VCTK\wav48_silence_trimmed\p318\p318_173_mic1.flac,p300,0,1,0.345264732837677,0.10020038485527039,0.345264732837677,-0.24506434798240662,2.8190625
lca,3,p318_173_mic1,p318,data\VCTK\wav48_silence_trimmed\p318\p318_173_mic1.flac,p308,0,1,0.33929526805877686,0.12433966994285583,0.33929526805877686,-0.21495559811592102,2.8190625
original,0,p318_281_mic2,p318,data\VCTK\wav48_silence_trimmed\p318\p318_281_mic2.flac,p318,1,1,0.7616941332817078,0.7616941332817078,0.5190238952636719,0.2426702380180359,3.159625
base,1,p318_281_mic2,p318,data\VCTK\wav48_silence_trimmed\p318\p318_281_mic2.flac,p318,1,1,0.25341832637786865,0.25341832637786865,0.23905909061431885,0.014359235763549805,3.159625
base,2,p318_281_mic2,p318,data\VCTK\wav48_silence_trimmed\p318\p318_281_mic2.flac,p306,0,1,0.3994998037815094,0.37078481912612915,0.3994998037815094,-0.02871498465538025,3.159625
base,3,p318_281_mic2,p318,data\VCTK\wav48_silence_trimmed\p318\p318_281_mic2.flac,p306,0,1,0.4380742609500885,0.4223746359348297,0.4380742609500885,-0.01569962501525879,3.159625
lca,1,p318_281_mic2,p318,data\VCTK\wav48_silence_trimmed\p318\p318_281_mic2.flac,p262,0,1,0.37321311235427856,0.1349404752254486,0.37321311235427856,-0.23827263712882996,3.159625
lca,2,p318_281_mic2,p318,data\VCTK\wav48_silence_trimmed\p318\p318_281_mic2.flac,p308,0,1,0.4040986895561218,0.21900181472301483,0.4040986895561218,-0.185096874833107,3.159625
lca,3,p318_281_mic2,p318,data\VCTK\wav48_silence_trimmed\p318\p318_281_mic2.flac,p308,0,1,0.40322768688201904,0.17410969734191895,0.40322768688201904,-0.2291179895401001,3.159625
original,0,p318_289_mic1,p318,data\VCTK\wav48_silence_trimmed\p318\p318_289_mic1.flac,p318,1,1,0.7000130414962769,0.7000130414962769,0.43325120210647583,0.266761839389801,4.0986875
base,1,p318_289_mic1,p318,data\VCTK\wav48_silence_trimmed\p318\p318_289_mic1.flac,p318,1,1,0.2971712648868561,0.2971712648868561,0.2950025498867035,0.002168715000152588,4.0986875
base,2,p318_289_mic1,p318,data\VCTK\wav48_silence_trimmed\p318\p318_289_mic1.flac,p255,0,1,0.3690291941165924,0.34598129987716675,0.3690291941165924,-0.02304789423942566,4.0986875
base,3,p318_289_mic1,p318,data\VCTK\wav48_silence_trimmed\p318\p318_289_mic1.flac,p318,1,1,0.42465853691101074,0.42465853691101074,0.4225837290287018,0.00207480788230896,4.0986875
lca,1,p318_289_mic1,p318,data\VCTK\wav48_silence_trimmed\p318\p318_289_mic1.flac,p306,0,1,0.27905088663101196,0.1495879888534546,0.27905088663101196,-0.12946289777755737,4.0986875
lca,2,p318_289_mic1,p318,data\VCTK\wav48_silence_trimmed\p318\p318_289_mic1.flac,p262,0,1,0.36035773158073425,0.21583540737628937,0.36035773158073425,-0.14452232420444489,4.0986875
lca,3,p318_289_mic1,p318,data\VCTK\wav48_silence_trimmed\p318\p318_289_mic1.flac,p262,0,1,0.37498071789741516,0.2989826202392578,0.37498071789741516,-0.07599809765815735,4.0986875
original,0,p318_290_mic2,p318,data\VCTK\wav48_silence_trimmed\p318\p318_290_mic2.flac,p318,1,1,0.7776557207107544,0.7776557207107544,0.474121630191803,0.3035340905189514,3.9713125
base,1,p318_290_mic2,p318,data\VCTK\wav48_silence_trimmed\p318\p318_290_mic2.flac,p306,0,0,0.2430567443370819,0.2158941775560379,0.2430567443370819,-0.027162566781044006,3.9713125
base,2,p318_290_mic2,p318,data\VCTK\wav48_silence_trimmed\p318\p318_290_mic2.flac,p318,1,1,0.4878442585468292,0.4878442585468292,0.4330538511276245,0.05479040741920471,3.9713125
base,3,p318_290_mic2,p318,data\VCTK\wav48_silence_trimmed\p318\p318_290_mic2.flac,p318,1,1,0.4955192804336548,0.4955192804336548,0.4536769390106201,0.04184234142303467,3.9713125
lca,1,p318_290_mic2,p318,data\VCTK\wav48_silence_trimmed\p318\p318_290_mic2.flac,p308,0,1,0.34680357575416565,0.1507420539855957,0.34680357575416565,-0.19606152176856995,3.9713125
lca,2,p318_290_mic2,p318,data\VCTK\wav48_silence_trimmed\p318\p318_290_mic2.flac,p308,0,1,0.40567445755004883,0.18747107684612274,0.40567445755004883,-0.2182033807039261,3.9713125
lca,3,p318_290_mic2,p318,data\VCTK\wav48_silence_trimmed\p318\p318_290_mic2.flac,p308,0,1,0.406697154045105,0.24697211384773254,0.406697154045105,-0.15972504019737244,3.9713125
original,0,p318_345_mic1,p318,data\VCTK\wav48_silence_trimmed\p318\p318_345_mic1.flac,p318,1,1,0.8022763729095459,0.8022763729095459,0.5205430388450623,0.28173333406448364,3.3955
base,1,p318_345_mic1,p318,data\VCTK\wav48_silence_trimmed\p318\p318_345_mic1.flac,p262,0,1,0.27906185388565063,0.2295004427433014,0.27906185388565063,-0.04956141114234924,3.3955
base,2,p318_345_mic1,p318,data\VCTK\wav48_silence_trimmed\p318\p318_345_mic1.flac,p318,1,1,0.4105118215084076,0.4105118215084076,0.36534634232521057,0.04516547918319702,3.3955
base,3,p318_345_mic1,p318,data\VCTK\wav48_silence_trimmed\p318\p318_345_mic1.flac,p306,0,1,0.41754281520843506,0.3818089962005615,0.41754281520843506,-0.035733819007873535,3.3955
lca,1,p318_345_mic1,p318,data\VCTK\wav48_silence_trimmed\p318\p318_345_mic1.flac,p262,0,1,0.2668986916542053,0.10926826298236847,0.2668986916542053,-0.15763042867183685,3.3955
lca,2,p318_345_mic1,p318,data\VCTK\wav48_silence_trimmed\p318\p318_345_mic1.flac,p262,0,1,0.33097970485687256,0.18008282780647278,0.33097970485687256,-0.15089687705039978,3.3955
lca,3,p318_345_mic1,p318,data\VCTK\wav48_silence_trimmed\p318\p318_345_mic1.flac,p308,0,1,0.3356883227825165,0.23635387420654297,0.3356883227825165,-0.09933444857597351,3.3955
original,0,p336_007_mic2,p336,data\VCTK\wav48_silence_trimmed\p336\p336_007_mic2.flac,p336,1,1,0.7545556426048279,0.7545556426048279,0.3035705089569092,0.4509851336479187,5.0665625
base,1,p336_007_mic2,p336,data\VCTK\wav48_silence_trimmed\p336\p336_007_mic2.flac,p244,0,1,0.289858877658844,0.2871870994567871,0.289858877658844,-0.0026717782020568848,5.0665625
base,2,p336_007_mic2,p336,data\VCTK\wav48_silence_trimmed\p336\p336_007_mic2.flac,p336,1,1,0.4735850989818573,0.4735850989818573,0.37907499074935913,0.09451010823249817,5.0665625
base,3,p336_007_mic2,p336,data\VCTK\wav48_silence_trimmed\p336\p336_007_mic2.flac,p336,1,1,0.5572798848152161,0.5572798848152161,0.39111098647117615,0.16616889834403992,5.0665625
lca,1,p336_007_mic2,p336,data\VCTK\wav48_silence_trimmed\p336\p336_007_mic2.flac,p308,0,1,0.3256244659423828,0.230043426156044,0.3256244659423828,-0.0955810397863388,5.0665625
lca,2,p336_007_mic2,p336,data\VCTK\wav48_silence_trimmed\p336\p336_007_mic2.flac,p262,0,1,0.390161395072937,0.3579636812210083,0.390161395072937,-0.03219771385192871,5.0665625
lca,3,p336_007_mic2,p336,data\VCTK\wav48_silence_trimmed\p336\p336_007_mic2.flac,p336,1,1,0.4195193946361542,0.4195193946361542,0.4138977527618408,0.0056216418743133545,5.0665625
original,0,p336_051_mic2,p336,data\VCTK\wav48_silence_trimmed\p336\p336_051_mic2.flac,p336,1,1,0.6474627256393433,0.6474627256393433,0.4351763129234314,0.21228641271591187,2.47975
base,1,p336_051_mic2,p336,data\VCTK\wav48_silence_trimmed\p336\p336_051_mic2.flac,p244,0,1,0.28754478693008423,0.2663675546646118,0.28754478693008423,-0.021177232265472412,2.47975
base,2,p336_051_mic2,p336,data\VCTK\wav48_silence_trimmed\p336\p336_051_mic2.flac,p336,1,1,0.40391284227371216,0.40391284227371216,0.35192304849624634,0.05198979377746582,2.47975
base,3,p336_051_mic2,p336,data\VCTK\wav48_silence_trimmed\p336\p336_051_mic2.flac,p336,1,1,0.41955146193504333,0.41955146193504333,0.31955739855766296,0.09999406337738037,2.47975
lca,1,p336_051_mic2,p336,data\VCTK\wav48_silence_trimmed\p336\p336_051_mic2.flac,p300,0,1,0.34679171442985535,0.3046100437641144,0.34679171442985535,-0.04218167066574097,2.47975
lca,2,p336_051_mic2,p336,data\VCTK\wav48_silence_trimmed\p336\p336_051_mic2.flac,p300,0,1,0.44819551706314087,0.36705148220062256,0.44819551706314087,-0.08114403486251831,2.47975
lca,3,p336_051_mic2,p336,data\VCTK\wav48_silence_trimmed\p336\p336_051_mic2.flac,p300,0,1,0.39542722702026367,0.34619057178497314,0.39542722702026367,-0.04923665523529053,2.47975
original,0,p336_055_mic2,p336,data\VCTK\wav48_silence_trimmed\p336\p336_055_mic2.flac,p336,1,1,0.6206978559494019,0.6206978559494019,0.365980327129364,0.25471752882003784,2.8328125
base,1,p336_055_mic2,p336,data\VCTK\wav48_silence_trimmed\p336\p336_055_mic2.flac,p300,0,1,0.29136937856674194,0.18758423626422882,0.29136937856674194,-0.10378514230251312,2.8328125
base,2,p336_055_mic2,p336,data\VCTK\wav48_silence_trimmed\p336\p336_055_mic2.flac,p336,1,1,0.3461267948150635,0.3461267948150635,0.3123493790626526,0.03377741575241089,2.8328125
base,3,p336_055_mic2,p336,data\VCTK\wav48_silence_trimmed\p336\p336_055_mic2.flac,p336,1,1,0.40215638279914856,0.40215638279914856,0.31745946407318115,0.08469691872596741,2.8328125
lca,1,p336_055_mic2,p336,data\VCTK\wav48_silence_trimmed\p336\p336_055_mic2.flac,p300,0,1,0.33707448840141296,0.18395549058914185,0.33707448840141296,-0.15311899781227112,2.8328125
lca,2,p336_055_mic2,p336,data\VCTK\wav48_silence_trimmed\p336\p336_055_mic2.flac,p308,0,1,0.41611483693122864,0.3685154318809509,0.41611483693122864,-0.04759940505027771,2.8328125
lca,3,p336_055_mic2,p336,data\VCTK\wav48_silence_trimmed\p336\p336_055_mic2.flac,p308,0,1,0.4478708505630493,0.38608691096305847,0.4478708505630493,-0.061783939599990845,2.8328125
original,0,p336_240_mic2,p336,data\VCTK\wav48_silence_trimmed\p336\p336_240_mic2.flac,p336,1,1,0.613591730594635,0.613591730594635,0.33118924498558044,0.28240248560905457,1.9645
base,1,p336_240_mic2,p336,data\VCTK\wav48_silence_trimmed\p336\p336_240_mic2.flac,p294,0,1,0.2532591223716736,0.1900118589401245,0.2532591223716736,-0.06324726343154907,1.9645
base,2,p336_240_mic2,p336,data\VCTK\wav48_silence_trimmed\p336\p336_240_mic2.flac,p239,0,1,0.30601516366004944,0.2971153259277344,0.30601516366004944,-0.008899837732315063,1.9645
base,3,p336_240_mic2,p336,data\VCTK\wav48_silence_trimmed\p336\p336_240_mic2.flac,p262,0,1,0.3565787672996521,0.30948406457901,0.3565787672996521,-0.04709470272064209,1.9645
lca,1,p336_240_mic2,p336,data\VCTK\wav48_silence_trimmed\p336\p336_240_mic2.flac,p308,0,1,0.32845860719680786,0.23220238089561462,0.32845860719680786,-0.09625622630119324,1.9645
lca,2,p336_240_mic2,p336,data\VCTK\wav48_silence_trimmed\p336\p336_240_mic2.flac,p262,0,1,0.3393196165561676,0.23199021816253662,0.3393196165561676,-0.10732939839363098,1.9645
lca,3,p336_240_mic2,p336,data\VCTK\wav48_silence_trimmed\p336\p336_240_mic2.flac,p300,0,1,0.40859389305114746,0.22875529527664185,0.40859389305114746,-0.17983859777450562,1.9645
original,0,p336_362_mic2,p336,data\VCTK\wav48_silence_trimmed\p336\p336_362_mic2.flac,p336,1,1,0.475574791431427,0.475574791431427,0.29266780614852905,0.18290698528289795,1.581375
base,1,p336_362_mic2,p336,data\VCTK\wav48_silence_trimmed\p336\p336_362_mic2.flac,p300,0,1,0.3501059114933014,0.1753738522529602,0.3501059114933014,-0.1747320592403412,1.581375
base,2,p336_362_mic2,p336,data\VCTK\wav48_silence_trimmed\p336\p336_362_mic2.flac,p336,1,1,0.31327342987060547,0.31327342987060547,0.25238853693008423,0.06088489294052124,1.581375
base,3,p336_362_mic2,p336,data\VCTK\wav48_silence_trimmed\p336\p336_362_mic2.flac,p308,0,1,0.27829617261886597,0.2675561010837555,0.27829617261886597,-0.010740071535110474,1.581375
lca,1,p336_362_mic2,p336,data\VCTK\wav48_silence_trimmed\p336\p336_362_mic2.flac,p300,0,1,0.392116904258728,0.1469169557094574,0.392116904258728,-0.24519994854927063,1.581375
lca,2,p336_362_mic2,p336,data\VCTK\wav48_silence_trimmed\p336\p336_362_mic2.flac,p308,0,1,0.27642011642456055,0.2578147351741791,0.27642011642456055,-0.01860538125038147,1.581375
lca,3,p336_362_mic2,p336,data\VCTK\wav48_silence_trimmed\p336\p336_362_mic2.flac,p300,0,1,0.33974725008010864,0.27284181118011475,0.33974725008010864,-0.0669054388999939,1.581375
