model,L,sample_id,speaker_id,audio_path,predicted_speaker,top1_correct,verified,score,correct_score,max_impostor_score,margin,duration_sec
original,0,p225_109_mic1,p225,data\VCTK\wav48_silence_trimmed\p225\p225_109_mic1.flac,p225,1,1,0.7041259407997131,0.7041259407997131,0.3580588698387146,0.34606707096099854,2.2446875
base,1,p225_109_mic1,p225,data\VCTK\wav48_silence_trimmed\p225\p225_109_mic1.flac,p343,0,1,0.39673805236816406,0.29609519243240356,0.39673805236816406,-0.1006428599357605,2.2446875
base,2,p225_109_mic1,p225,data\VCTK\wav48_silence_trimmed\p225\p225_109_mic1.flac,p225,1,1,0.41919296979904175,0.41919296979904175,0.28249552845954895,0.1366974413394928,2.2446875
base,3,p225_109_mic1,p225,data\VCTK\wav48_silence_trimmed\p225\p225_109_mic1.flac,p225,1,1,0.5125693082809448,0.5125693082809448,0.31676626205444336,0.19580304622650146,2.2446875
lca,1,p225_109_mic1,p225,data\VCTK\wav48_silence_trimmed\p225\p225_109_mic1.flac,p343,0,1,0.35166701674461365,0.2997781038284302,0.35166701674461365,-0.05188891291618347,2.2446875
lca,2,p225_109_mic1,p225,data\VCTK\wav48_silence_trimmed\p225\p225_109_mic1.flac,p343,0,1,0.3539833426475525,0.33884915709495544,0.3539833426475525,-0.015134185552597046,2.2446875
lca,3,p225_109_mic1,p225,data\VCTK\wav48_silence_trimmed\p225\p225_109_mic1.flac,p225,1,1,0.3938709497451782,0.3938709497451782,0.30145660042762756,0.09241434931755066,2.2446875
original,0,p225_116_mic1,p225,data\VCTK\wav48_silence_trimmed\p225\p225_116_mic1.flac,p225,1,1,0.7926456928253174,0.7926456928253174,0.34313449263572693,0.44951120018959045,4.7751875
base,1,p225_116_mic1,p225,data\VCTK\wav48_silence_trimmed\p225\p225_116_mic1.flac,p268,0,1,0.3682330548763275,0.2977597713470459,0.3682330548763275,-0.07047328352928162,4.7751875
base,2,p225_116_mic1,p225,data\VCTK\wav48_silence_trimmed\p225\p225_116_mic1.flac,p225,1,1,0.48558464646339417,0.48558464646339417,0.44210317730903625,0.04348146915435791,4.7751875
base,3,p225_116_mic1,p225,data\VCTK\wav48_silence_trimmed\p225\p225_116_mic1.flac,p225,1,1,0.5536540746688843,0.5536540746688843,0.3983941078186035,0.15525996685028076,4.7751875
lca,1,p225_116_mic1,p225,data\VCTK\wav48_silence_trimmed\p225\p225_116_mic1.flac,p295,0,1,0.3869282603263855,0.30492886900901794,0.3869282603263855,-0.08199939131736755,4.7751875
lca,2,p225_116_mic1,p225,data\VCTK\wav48_silence_trimmed\p225\p225_116_mic1.flac,p280,0,1,0.4737129807472229,0.4659491777420044,0.4737129807472229,-0.007763803005218506,4.7751875
lca,3,p225_116_mic1,p225,data\VCTK\wav48_silence_trimmed\p225\p225_116_mic1.flac,p225,1,1,0.5176414847373962,0.5176414847373962,0.46222466230392456,0.05541682243347168,4.7751875
original,0,p225_133_mic1,p225,data\VCTK\wav48_silence_trimmed\p225\p225_133_mic1.flac,p225,1,1,0.7317352890968323,0.7317352890968323,0.35824134945869446,0.3734939396381378,1.998875
base,1,p225_133_mic1,p225,data\VCTK\wav48_silence_trimmed\p225\p225_133_mic1.flac,p262,0,1,0.29600536823272705,0.28467464447021484,0.29600536823272705,-0.011330723762512207,1.998875
base,2,p225_133_mic1,p225,data\VCTK\wav48_silence_trimmed\p225\p225_133_mic1.flac,p225,1,1,0.556704044342041,0.556704044342041,0.3088955283164978,0.2478085160255432,1.998875
base,3,p225_133_mic1,p225,data\VCTK\wav48_silence_trimmed\p225\p225_133_mic1.flac,p225,1,1,0.5315995216369629,0.5315995216369629,0.2960372567176819,0.235562264919281,1.998875
lca,1,p225_133_mic1,p225,data\VCTK\wav48_silence_trimmed\p225\p225_133_mic1.flac,p262,0,1,0.3835144639015198,0.24437102675437927,0.3835144639015198,-0.1391434371471405,1.998875
lca,2,p225_133_mic1,p225,data\VCTK\wav48_silence_trimmed\p225\p225_133_mic1.flac,p257,0,1,0.3687772750854492,0.3531445860862732,0.3687772750854492,-0.015632688999176025,1.998875
lca,3,p225_133_mic1,p225,data\VCTK\wav48_silence_trimmed\p225\p225_133_mic1.flac,p225,1,1,0.36307647824287415,0.36307647824287415,0.3492422103881836,0.013834267854690552,1.998875
original,0,p225_257_mic1,p225,data\VCTK\wav48_silence_trimmed\p225\p225_257_mic1.flac,p225,1,1,0.7249084115028381,0.7249084115028381,0.3303263187408447,0.3945820927619934,2.363875
base,1,p225_257_mic1,p225,data\VCTK\wav48_silence_trimmed\p225\p225_257_mic1.flac,p268,0,1,0.3491353988647461,0.2776296138763428,0.3491353988647461,-0.07150578498840332,2.363875
base,2,p225_257_mic1,p225,data\VCTK\wav48_silence_trimmed\p225\p225_257_mic1.flac,p225,1,1,0.47040727734565735,0.47040727734565735,0.3343415856361389,0.13606569170951843,2.363875
base,3,p225_257_mic1,p225,data\VCTK\wav48_silence_trimmed\p225\p225_257_mic1.flac,p225,1,1,0.5565108060836792,0.5565108060836792,0.36364537477493286,0.19286543130874634,2.363875
lca,1,p225_257_mic1,p225,data\VCTK\wav48_silence_trimmed\p225\p225_257_mic1.flac,p225,1,1,0.43696871399879456,0.43696871399879456,0.34313997626304626,0.09382873773574829,2.363875
lca,2,p225_257_mic1,p225,data\VCTK\wav48_silence_trimmed\p225\p225_257_mic1.flac,p225,1,1,0.4445882737636566,0.4445882737636566,0.3413785398006439,0.1032097339630127,2.363875
lca,3,p225_257_mic1,p225,data\VCTK\wav48_silence_trimmed\p225\p225_257_mic1.flac,p225,1,1,0.5531657934188843,0.5531657934188843,0.35483646392822266,0.19832932949066162,2.363875
original,0,p225_319_mic1,p225,data\VCTK\wav48_silence_trimmed\p225\p225_319_mic1.flac,p225,1,1,0.6081342697143555,0.6081342697143555,0.30842337012290955,0.2997108995914459,2.7408125
base,1,p225_319_mic1,p225,data\VCTK\wav48_silence_trimmed\p225\p225_319_mic1.flac,p343,0,1,0.3414958417415619,0.19143140316009521,0.3414958417415619,-0.15006443858146667,2.7408125
base,2,p225_319_mic1,p225,data\VCTK\wav48_silence_trimmed\p225\p225_319_mic1.flac,p257,0,1,0.37341785430908203,0.3023247718811035,0.37341785430908203,-0.07109308242797852,2.7408125
base,3,p225_319_mic1,p225,data\VCTK\wav48_silence_trimmed\p225\p225_319_mic1.flac,p225,1,1,0.4417521357536316,0.4417521357536316,0.39908093214035034,0.04267120361328125,2.7408125
lca,1,p225_319_mic1,p225,data\VCTK\wav48_silence_trimmed\p225\p225_319_mic1.flac,p343,0,1,0.35386186838150024,0.19947180151939392,0.35386186838150024,-0.15439006686210632,2.7408125
lca,2,p225_319_mic1,p225,data\VCTK\wav48_silence_trimmed\p225\p225_319_mic1.flac,p225,1,1,0.3976406455039978,0.3976406455039978,0.38962340354919434,0.008017241954803467,2.7408125
lca,3,p225_319_mic1,p225,data\VCTK\wav48_silence_trimmed\p225\p225_319_mic1.flac,p225,1,1,0.41946256160736084,0.41946256160736084,0.384596586227417,0.03486597537994385,2.7408125
original,0,p226_063_mic2,p226,data\VCTK\wav48_silence_trimmed\p226\p226_063_mic2.flac,p226,1,1,0.749919056892395,0.749919056892395,0.4001137614250183,0.3498052954673767,2.4654375
base,1,p226_063_mic2,p226,data\VCTK\wav48_silence_trimmed\p226\p226_063_mic2.flac,p374,0,1,0.32809722423553467,0.09989260137081146,0.32809722423553467,-0.2282046228647232,2.4654375
base,2,p226_063_mic2,p226,data\VCTK\wav48_silence_trimmed\p226\p226_063_mic2.flac,p311,0,1,0.3699934482574463,0.2735728621482849,0.3699934482574463,-0.09642058610916138,2.4654375
base,3,p226_063_mic2,p226,data\VCTK\wav48_silence_trimmed\p226\p226_063_mic2.flac,p311,0,1,0.32846343517303467,0.3171820044517517,0.32846343517303467,-0.011281430721282959,2.4654375
lca,1,p226_063_mic2,p226,data\VCTK\wav48_silence_trimmed\p226\p226_063_mic2.flac,p311,0,1,0.2902370095252991,0.149794802069664,0.2902370095252991,-0.14044220745563507,2.4654375
lca,2,p226_063_mic2,p226,data\VCTK\wav48_silence_trimmed\p226\p226_063_mic2.flac,p347,0,1,0.3305341899394989,0.27125173807144165,0.3305341899394989,-0.05928245186805725,2.4654375
lca,3,p226_063_mic2,p226,data\VCTK\wav48_silence_trimmed\p226\p226_063_mic2.flac,p347,0,1,0.3547433614730835,0.2789125442504883,0.3547433614730835,-0.07583081722259521,2.4654375
original,0,p226_077_mic1,p226,data\VCTK\wav48_silence_trimmed\p226\p226_077_mic1.flac,p226,1,1,0.6729552149772644,0.6729552149772644,0.34958064556121826,0.32337456941604614,3.3258125
base,1,p226_077_mic1,p226,data\VCTK\wav48_silence_trimmed\p226\p226_077_mic1.flac,p374,0,1,0.34592360258102417,0.19137784838676453,0.34592360258102417,-0.15454575419425964,3.3258125
base,2,p226_077_mic1,p226,data\VCTK\wav48_silence_trimmed\p226\p226_077_mic1.flac,p374,0,1,0.32253605127334595,0.3093165159225464,0.32253605127334595,-0.01321953535079956,3.3258125
base,3,p226_077_mic1,p226,data\VCTK\wav48_silence_trimmed\p226\p226_077_mic1.flac,p226,1,1,0.3942872881889343,0.3942872881889343,0.35289067029953003,0.0413966178894043,3.3258125
lca,1,p226_077_mic1,p226,data\VCTK\wav48_silence_trimmed\p226\p226_077_mic1.flac,p374,0,1,0.2888456881046295,0.2568742334842682,0.2888456881046295,-0.03197145462036133,3.3258125
lca,2,p226_077_mic1,p226,data\VCTK\wav48_silence_trimmed\p226\p226_077_mic1.flac,p226,1,1,0.41215261816978455,0.41215261816978455,0.3236640691757202,0.08848854899406433,3.3258125
lca,3,p226_077_mic1,p226,data\VCTK\wav48_silence_trimmed\p226\p226_077_mic1.flac,p226,1,1,0.43574273586273193,0.43574273586273193,0.3374553322792053,0.09828740358352661,3.3258125
original,0,p226_090_mic1,p226,data\VCTK\wav48_silence_trimmed\p226\p226_090_mic1.flac,p226,1,1,0.7356509566307068,0.7356509566307068,0.32771867513656616,0.4079322814941406,3.649625
base,1,p226_090_mic1,p226,data\VCTK\wav48_silence_trimmed\p226\p226_090_mic1.flac,p246,0,1,0.32389411330223083,0.30343136191368103,0.32389411330223083,-0.020462751388549805,3.649625
base,2,p226_090_mic1,p226,data\VCTK\wav48_silence_trimmed\p226\p226_090_mic1.flac,p226,1,1,0.5250178575515747,0.5250178575515747,0.3738507926464081,0.15116706490516663,3.649625
base,3,p226_090_mic1,p226,data\VCTK\wav48_silence_trimmed\p226\p226_090_mic1.flac,p226,1,1,0.5862522721290588,0.5862522721290588,0.36806654930114746,0.21818572282791138,3.649625
lca,1,p226_090_mic1,p226,data\VCTK\wav48_silence_trimmed\p226\p226_090_mic1.flac,p364,0,1,0.34333160519599915,0.3406534790992737,0.34333160519599915,-0.002678126096725464,3.649625
lca,2,p226_090_mic1,p226,data\VCTK\wav48_silence_trimmed\p226\p226_090_mic1.flac,p226,1,1,0.3822905123233795,0.3822905123233795,0.345447301864624,0.03684321045875549,3.649625
lca,3,p226_090_mic1,p226,data\VCTK\wav48_silence_trimmed\p226\p226_090_mic1.flac,p226,1,1,0.4784722626209259,0.4784722626209259,0.3474162220954895,0.1310560405254364,3.649625
original,0,p226_193_mic1,p226,data\VCTK\wav48_silence_trimmed\p226\p226_193_mic1.flac,p226,1,1,0.739250659942627,0.739250659942627,0.3572842478752136,0.38196641206741333,4.373
base,1,p226_193_mic1,p226,data\VCTK\wav48_silence_trimmed\p226\p226_193_mic1.flac,p246,0,1,0.3118610382080078,0.2823903262615204,0.3118610382080078,-0.029470711946487427,4.373
base,2,p226_193_mic1,p226,data\VCTK\wav48_silence_trimmed\p226\p226_193_mic1.flac,p226,1,1,0.5545140504837036,0.5545140504837036,0.36497926712036133,0.18953478336334229,4.373
base,3,p226_193_mic1,p226,data\VCTK\wav48_silence_trimmed\p226\p226_193_mic1.flac,p226,1,1,0.5951523780822754,0.5951523780822754,0.38178908824920654,0.21336328983306885,4.373
lca,1,p226_193_mic1,p226,data\VCTK\wav48_silence_trimmed\p226\p226_193_mic1.flac,p281,0,1,0.3052668571472168,0.21763698756694794,0.3052668571472168,-0.08762986958026886,4.373
lca,2,p226_193_mic1,p226,data\VCTK\wav48_silence_trimmed\p226\p226_193_mic1.flac,p226,1,1,0.3347196877002716,0.3347196877002716,0.25677376985549927,0.07794591784477234,4.373
lca,3,p226_193_mic1,p226,data\VCTK\wav48_silence_trimmed\p226\p226_193_mic1.flac,p226,1,1,0.40395206212997437,0.40395206212997437,0.26474595069885254,0.13920611143112183,4.373
original,0,p226_240_mic2,p226,data\VCTK\wav48_silence_trimmed\p226\p226_240_mic2.flac,p226,1,1,0.6328217387199402,0.6328217387199402,0.31118279695510864,0.32163894176483154,3.2459375
base,1,p226_240_mic2,p226,data\VCTK\wav48_silence_trimmed\p226\p226_240_mic2.flac,p292,0,0,0.22901961207389832,0.11640119552612305,0.22901961207389832,-0.11261841654777527,3.2459375
base,2,p226_240_mic2,p226,data\VCTK\wav48_silence_trimmed\p226\p226_240_mic2.flac,p260,0,1,0.3992323875427246,0.3150111436843872,0.3992323875427246,-0.0842212438583374,3.2459375
base,3,p226_240_mic2,p226,data\VCTK\wav48_silence_trimmed\p226\p226_240_mic2.flac,p260,0,1,0.42113128304481506,0.3863380551338196,0.42113128304481506,-0.03479322791099548,3.2459375
lca,1,p226_240_mic2,p226,data\VCTK\wav48_silence_trimmed\p226\p226_240_mic2.flac,p281,0,1,0.31519651412963867,0.12684014439582825,0.31519651412963867,-0.18835636973381042,3.2459375
lca,2,p226_240_mic2,p226,data\VCTK\wav48_silence_trimmed\p226\p226_240_mic2.flac,p271,0,1,0.36565980315208435,0.35949087142944336,0.36565980315208435,-0.006168931722640991,3.2459375
lca,3,p226_240_mic2,p226,data\VCTK\wav48_silence_trimmed\p226\p226_240_mic2.flac,p226,1,1,0.5132525563240051,0.5132525563240051,0.30203717947006226,0.21121537685394287,3.2459375
original,0,p227_008_mic1,p227,data\VCTK\wav48_silence_trimmed\p227\p227_008_mic1.flac,p227,1,1,0.827501118183136,0.827501118183136,0.4327751398086548,0.3947259783744812,7.814125
base,1,p227_008_mic1,p227,data\VCTK\wav48_silence_trimmed\p227\p227_008_mic1.flac,p302,0,1,0.3081519305706024,0.1522059440612793,0.3081519305706024,-0.15594598650932312,7.814125
base,2,p227_008_mic1,p227,data\VCTK\wav48_silence_trimmed\p227\p227_008_mic1.flac,p271,0,1,0.39780575037002563,0.33524906635284424,0.39780575037002563,-0.0625566840171814,7.814125
base,3,p227_008_mic1,p227,data\VCTK\wav48_silence_trimmed\p227\p227_008_mic1.flac,p271,0,1,0.44351011514663696,0.4335026741027832,0.44351011514663696,-0.01000744104385376,7.814125
lca,1,p227_008_mic1,p227,data\VCTK\wav48_silence_trimmed\p227\p227_008_mic1.flac,p271,0,1,0.3048695921897888,0.03142876178026199,0.3048695921897888,-0.2734408304095268,7.814125
lca,2,p227_008_mic1,p227,data\VCTK\wav48_silence_trimmed\p227\p227_008_mic1.flac,p271,0,1,0.3388819396495819,0.14389826357364655,0.3388819396495819,-0.19498367607593536,7.814125
lca,3,p227_008_mic1,p227,data\VCTK\wav48_silence_trimmed\p227\p227_008_mic1.flac,p271,0,1,0.3355181813240051,0.2195124626159668,0.3355181813240051,-0.11600571870803833,7.814125
original,0,p227_169_mic2,p227,data\VCTK\wav48_silence_trimmed\p227\p227_169_mic2.flac,p227,1,1,0.6112383604049683,0.6112383604049683,0.3040706515312195,0.3071677088737488,2.018875
base,1,p227_169_mic2,p227,data\VCTK\wav48_silence_trimmed\p227\p227_169_mic2.flac,p298,0,1,0.2662484049797058,0.16251403093338013,0.2662484049797058,-0.10373437404632568,2.018875
base,2,p227_169_mic2,p227,data\VCTK\wav48_silence_trimmed\p227\p227_169_mic2.flac,p227,1,1,0.36675581336021423,0.36675581336021423,0.35526877641677856,0.011487036943435669,2.018875
base,3,p227_169_mic2,p227,data\VCTK\wav48_silence_trimmed\p227\p227_169_mic2.flac,p298,0,1,0.37155619263648987,0.32591161131858826,0.37155619263648987,-0.04564458131790161,2.018875
lca,1,p227_169_mic2,p227,data\VCTK\wav48_silence_trimmed\p227\p227_169_mic2.flac,p226,0,1,0.32783353328704834,0.18176840245723724,0.32783353328704834,-0.1460651308298111,2.018875
lca,2,p227_169_mic2,p227,data\VCTK\wav48_silence_trimmed\p227\p227_169_mic2.flac,p226,0,1,0.34788644313812256,0.248600572347641,0.34788644313812256,-0.09928587079048157,2.018875
lca,3,p227_169_mic2,p227,data\VCTK\wav48_silence_trimmed\p227\p227_169_mic2.flac,p271,0,1,0.29663532972335815,0.2055496871471405,0.29663532972335815,-0.09108564257621765,2.018875
original,0,p227_270_mic2,p227,data\VCTK\wav48_silence_trimmed\p227\p227_270_mic2.flac,p226,0,1,0.4666496515274048,0.43126213550567627,0.4666496515274048,-0.035387516021728516,1.98075
base,1,p227_270_mic2,p227,data\VCTK\wav48_silence_trimmed\p227\p227_270_mic2.flac,p281,0,1,0.33223819732666016,0.03988748788833618,0.33223819732666016,-0.292350709438324,1.98075
base,2,p227_270_mic2,p227,data\VCTK\wav48_silence_trimmed\p227\p227_270_mic2.flac,p226,0,1,0.39646294713020325,0.12402908504009247,0.39646294713020325,-0.2724338620901108,1.98075
base,3,p227_270_mic2,p227,data\VCTK\wav48_silence_trimmed\p227\p227_270_mic2.flac,p271,0,1,0.39206036925315857,0.12638959288597107,0.39206036925315857,-0.2656707763671875,1.98075
lca,1,p227_270_mic2,p227,data\VCTK\wav48_silence_trimmed\p227\p227_270_mic2.flac,p364,0,1,0.3624902367591858,0.07351428270339966,0.3624902367591858,-0.28897595405578613,1.98075
lca,2,p227_270_mic2,p227,data\VCTK\wav48_silence_trimmed\p227\p227_270_mic2.flac,p271,0,1,0.3927713632583618,0.16014575958251953,0.3927713632583618,-0.23262560367584229,1.98075
lca,3,p227_270_mic2,p227,data\VCTK\wav48_silence_trimmed\p227\p227_270_mic2.flac,p281,0,1,0.3769567012786865,0.14655977487564087,0.3769567012786865,-0.23039692640304565,1.98075
original,0,p227_336_mic1,p227,data\VCTK\wav48_silence_trimmed\p227\p227_336_mic1.flac,p227,1,1,0.618905782699585,0.618905782699585,0.43169260025024414,0.18721318244934082,1.9793125
base,1,p227_336_mic1,p227,data\VCTK\wav48_silence_trimmed\p227\p227_336_mic1.flac,p293,0,0,0.21271492540836334,0.01492867711931467,0.21271492540836334,-0.19778624828904867,1.9793125
base,2,p227_336_mic1,p227,data\VCTK\wav48_silence_trimmed\p227\p227_336_mic1.flac,p226,0,1,0.2951589822769165,0.14818201959133148,0.2951589822769165,-0.14697696268558502,1.9793125
base,3,p227_336_mic1,p227,data\VCTK\wav48_silence_trimmed\p227\p227_336_mic1.flac,p226,0,1,0.37521904706954956,0.2690405249595642,0.37521904706954956,-0.10617852210998535,1.9793125
lca,1,p227_336_mic1,p227,data\VCTK\wav48_silence_trimmed\p227\p227_336_mic1.flac,p374,0,1,0.2802424132823944,0.09411051869392395,0.2802424132823944,-0.18613189458847046,1.9793125
lca,2,p227_336_mic1,p227,data\VCTK\wav48_silence_trimmed\p227\p227_336_mic1.flac,p226,0,1,0.37532544136047363,0.21657538414001465,0.37532544136047363,-0.15875005722045898,1.9793125
lca,3,p227_336_mic1,p227,data\VCTK\wav48_silence_trimmed\p227\p227_336_mic1.flac,p226,0,1,0.375261127948761,0.24659502506256104,0.375261127948761,-0.12866610288619995,1.9793125
original,0,p227_359_mic1,p227,data\VCTK\wav48_silence_trimmed\p227\p227_359_mic1.flac,p227,1,1,0.7824311256408691,0.7824311256408691,0.33776548504829407,0.4446656405925751,2.853375
base,1,p227_359_mic1,p227,data\VCTK\wav48_silence_trimmed\p227\p227_359_mic1.flac,p343,0,1,0.26962488889694214,0.18288962543010712,0.26962488889694214,-0.08673526346683502,2.853375
base,2,p227_359_mic1,p227,data\VCTK\wav48_silence_trimmed\p227\p227_359_mic1.flac,p227,1,1,0.36917367577552795,0.36917367577552795,0.36175960302352905,0.007414072751998901,2.853375
base,3,p227_359_mic1,p227,data\VCTK\wav48_silence_trimmed\p227\p227_359_mic1.flac,p227,1,1,0.39836859703063965,0.39836859703063965,0.3930625915527344,0.0053060054779052734,2.853375
lca,1,p227_359_mic1,p227,data\VCTK\wav48_silence_trimmed\p227\p227_359_mic1.flac,p226,0,1,0.2850092649459839,0.050900235772132874,0.2850092649459839,-0.234109029173851,2.853375
lca,2,p227_359_mic1,p227,data\VCTK\wav48_silence_trimmed\p227\p227_359_mic1.flac,p226,0,1,0.32070639729499817,0.19874367117881775,0.32070639729499817,-0.12196272611618042,2.853375
lca,3,p227_359_mic1,p227,data\VCTK\wav48_silence_trimmed\p227\p227_359_mic1.flac,p271,0,1,0.3948290944099426,0.2986280918121338,0.3948290944099426,-0.09620100259780884,2.853375
original,0,p228_041_mic2,p228,data\VCTK\wav48_silence_trimmed\p228\p228_041_mic2.flac,p228,1,1,0.7781655788421631,0.7781655788421631,0.5118160843849182,0.2663494944572449,3.5005625
base,1,p228_041_mic2,p228,data\VCTK\wav48_silence_trimmed\p228\p228_041_mic2.flac,p230,0,1,0.3496043384075165,0.32709866762161255,0.3496043384075165,-0.02250567078590393,3.5005625
base,2,p228_041_mic2,p228,data\VCTK\wav48_silence_trimmed\p228\p228_041_mic2.flac,p257,0,1,0.5103147029876709,0.4706643521785736,0.5103147029876709,-0.03965035080909729,3.5005625
base,3,p228_041_mic2,p228,data\VCTK\wav48_silence_trimmed\p228\p228_041_mic2.flac,p257,0,1,0.5143229365348816,0.478896826505661,0.5143229365348816,-0.03542611002922058,3.5005625
lca,1,p228_041_mic2,p228,data\VCTK\wav48_silence_trimmed\p228\p228_041_mic2.flac,p280,0,1,0.3464698791503906,0.259309321641922,0.3464698791503906,-0.08716055750846863,3.5005625
lca,2,p228_041_mic2,p228,data\VCTK\wav48_silence_trimmed\p228\p228_041_mic2.flac,p280,0,1,0.5322595834732056,0.4128594398498535,0.5322595834732056,-0.11940014362335205,3.5005625
lca,3,p228_041_mic2,p228,data\VCTK\wav48_silence_trimmed\p228\p228_041_mic2.flac,p280,0,1,0.553457498550415,0.3871549963951111,0.553457498550415,-0.16630250215530396,3.5005625
original,0,p228_144_mic1,p228,data\VCTK\wav48_silence_trimmed\p228\p228_144_mic1.flac,p228,1,1,0.797598123550415,0.797598123550415,0.5836958885192871,0.21390223503112793,3.8315
base,1,p228_144_mic1,p228,data\VCTK\wav48_silence_trimmed\p228\p228_144_mic1.flac,p257,0,1,0.47947561740875244,0.420144647359848,0.47947561740875244,-0.05933097004890442,3.8315
base,2,p228_144_mic1,p228,data\VCTK\wav48_silence_trimmed\p228\p228_144_mic1.flac,p228,1,1,0.4858133792877197,0.4858133792877197,0.47801417112350464,0.007799208164215088,3.8315
base,3,p228_144_mic1,p228,data\VCTK\wav48_silence_trimmed\p228\p228_144_mic1.flac,p228,1,1,0.5417658090591431,0.5417658090591431,0.4933820068836212,0.04838380217552185,3.8315
lca,1,p228_144_mic1,p228,data\VCTK\wav48_silence_trimmed\p228\p228_144_mic1.flac,p280,0,1,0.4252460300922394,0.3882318437099457,0.4252460300922394,-0.0370141863822937,3.8315
lca,2,p228_144_mic1,p228,data\VCTK\wav48_silence_trimmed\p228\p228_144_mic1.flac,p280,0,1,0.5079886317253113,0.47195273637771606,0.5079886317253113,-0.036035895347595215,3.8315
lca,3,p228_144_mic1,p228,data\VCTK\wav48_silence_trimmed\p228\p228_144_mic1.flac,p280,0,1,0.5695402026176453,0.4652195870876312,0.5695402026176453,-0.10432061553001404,3.8315
original,0,p228_196_mic2,p228,data\VCTK\wav48_silence_trimmed\p228\p228_196_mic2.flac,p228,1,1,0.7600198984146118,0.7600198984146118,0.49593472480773926,0.26408517360687256,4.9195625
base,1,p228_196_mic2,p228,data\VCTK\wav48_silence_trimmed\p228\p228_196_mic2.flac,p230,0,1,0.4253855347633362,0.38154280185699463,0.4253855347633362,-0.04384273290634155,4.9195625
base,2,p228_196_mic2,p228,data\VCTK\wav48_silence_trimmed\p228\p228_196_mic2.flac,p230,0,1,0.5530381798744202,0.5052628517150879,0.5530381798744202,-0.047775328159332275,4.9195625
base,3,p228_196_mic2,p228,data\VCTK\wav48_silence_trimmed\p228\p228_196_mic2.flac,p230,0,1,0.5540397763252258,0.5082634687423706,0.5540397763252258,-0.045776307582855225,4.9195625
lca,1,p228_196_mic2,p228,data\VCTK\wav48_silence_trimmed\p228\p228_196_mic2.flac,p280,0,1,0.3965419828891754,0.309883713722229,0.3965419828891754,-0.08665826916694641,4.9195625
lca,2,p228_196_mic2,p228,data\VCTK\wav48_silence_trimmed\p228\p228_196_mic2.flac,p280,0,1,0.5372424125671387,0.4098259210586548,0.5372424125671387,-0.1274164915084839,4.9195625
lca,3,p228_196_mic2,p228,data\VCTK\wav48_silence_trimmed\p228\p228_196_mic2.flac,p280,0,1,0.5728045105934143,0.483514666557312,0.5728045105934143,-0.0892898440361023,4.9195625
original,0,p228_204_mic1,p228,data\VCTK\wav48_silence_trimmed\p228\p228_204_mic1.flac,p228,1,1,0.6388537883758545,0.6388537883758545,0.5126615166664124,0.12619227170944214,2.645625
base,1,p228_204_mic1,p228,data\VCTK\wav48_silence_trimmed\p228\p228_204_mic1.flac,p330,0,1,0.25679025053977966,0.2021408975124359,0.25679025053977966,-0.05464935302734375,2.645625
base,2,p228_204_mic1,p228,data\VCTK\wav48_silence_trimmed\p228\p228_204_mic1.flac,p301,0,1,0.37934941053390503,0.3536112904548645,0.37934941053390503,-0.025738120079040527,2.645625
base,3,p228_204_mic1,p228,data\VCTK\wav48_silence_trimmed\p228\p228_204_mic1.flac,p228,1,1,0.3941669464111328,0.3941669464111328,0.33961784839630127,0.05454909801483154,2.645625
lca,1,p228_204_mic1,p228,data\VCTK\wav48_silence_trimmed\p228\p228_204_mic1.flac,p261,0,1,0.2965243458747864,0.16026991605758667,0.2965243458747864,-0.1362544298171997,2.645625
lca,2,p228_204_mic1,p228,data\VCTK\wav48_silence_trimmed\p228\p228_204_mic1.flac,p314,0,1,0.3558617830276489,0.26774466037750244,0.3558617830276489,-0.08811712265014648,2.645625
lca,3,p228_204_mic1,p228,data\VCTK\wav48_silence_trimmed\p228\p228_204_mic1.flac,p262,0,1,0.41510942578315735,0.37874558568000793,0.41510942578315735,-0.036363840103149414,2.645625
original,0,p228_312_mic1,p228,data\VCTK\wav48_silence_trimmed\p228\p228_312_mic1.flac,p228,1,1,0.6889705657958984,0.6889705657958984,0.5551841855049133,0.1337863802909851,3.0304375
base,1,p228_312_mic1,p228,data\VCTK\wav48_silence_trimmed\p228\p228_312_mic1.flac,p257,0,1,0.4308573603630066,0.39140355587005615,0.4308573603630066,-0.03945380449295044,3.0304375
base,2,p228_312_mic1,p228,data\VCTK\wav48_silence_trimmed\p228\p228_312_mic1.flac,p228,1,1,0.474201500415802,0.474201500415802,0.4101019501686096,0.06409955024719238,3.0304375
base,3,p228_312_mic1,p228,data\VCTK\wav48_silence_trimmed\p228\p228_312_mic1.flac,p228,1,1,0.40893882513046265,0.40893882513046265,0.3917473256587982,0.01719149947166443,3.0304375
lca,1,p228_312_mic1,p228,data\VCTK\wav48_silence_trimmed\p228\p228_312_mic1.flac,p280,0,1,0.4375970959663391,0.38458454608917236,0.4375970959663391,-0.05301254987716675,3.0304375
lca,2,p228_312_mic1,p228,data\VCTK\wav48_silence_trimmed\p228\p228_312_mic1.flac,p228,1,1,0.4609535336494446,0.4609535336494446,0.4444659650325775,0.016487568616867065,3.0304375
lca,3,p228_312_mic1,p228,data\VCTK\wav48_silence_trimmed\p228\p228_312_mic1.flac,p228,1,1,0.46817028522491455,0.46817028522491455,0.445505827665329,0.02266445755958557,3.0304375
original,0,p229_034_mic1,p229,data\VCTK\wav48_silence_trimmed\p229\p229_034_mic1.flac,p229,1,1,0.6082652807235718,0.6082652807235718,0.2746364176273346,0.3336288630962372,3.64075
base,1,p229_034_mic1,p229,data\VCTK\wav48_silence_trimmed\p229\p229_034_mic1.flac,p318,0,1,0.28516054153442383,0.03278541564941406,0.28516054153442383,-0.25237512588500977,3.64075
base,2,p229_034_mic1,p229,data\VCTK\wav48_silence_trimmed\p229\p229_034_mic1.flac,p295,0,1,0.38299036026000977,0.10001632571220398,0.38299036026000977,-0.2829740345478058,3.64075
base,3,p229_034_mic1,p229,data\VCTK\wav48_silence_trimmed\p229\p229_034_mic1.flac,p343,0,1,0.30916154384613037,0.2281087040901184,0.30916154384613037,-0.08105283975601196,3.64075
lca,1,p229_034_mic1,p229,data\VCTK\wav48_silence_trimmed\p229\p229_034_mic1.flac,p280,0,1,0.3271297216415405,0.12556707859039307,0.3271297216415405,-0.20156264305114746,3.64075
lca,2,p229_034_mic1,p229,data\VCTK\wav48_silence_trimmed\p229\p229_034_mic1.flac,p299,0,1,0.3221241235733032,0.19690881669521332,0.3221241235733032,-0.1252153068780899,3.64075
lca,3,p229_034_mic1,p229,data\VCTK\wav48_silence_trimmed\p229\p229_034_mic1.flac,p264,0,1,0.335837721824646,0.27992430329322815,0.335837721824646,-0.05591341853141785,3.64075
original,0,p229_139_mic1,p229,data\VCTK\wav48_silence_trimmed\p229\p229_139_mic1.flac,p229,1,1,0.7293976545333862,0.7293976545333862,0.4058579206466675,0.32353973388671875,3.2039375
base,1,p229_139_mic1,p229,data\VCTK\wav48_silence_trimmed\p229\p229_139_mic1.flac,p257,0,1,0.4064566493034363,0.17746637761592865,0.4064566493034363,-0.22899027168750763,3.2039375
base,2,p229_139_mic1,p229,data\VCTK\wav48_silence_trimmed\p229\p229_139_mic1.flac,p257,0,1,0.4639403522014618,0.4294009804725647,0.4639403522014618,-0.034539371728897095,3.2039375
base,3,p229_139_mic1,p229,data\VCTK\wav48_silence_trimmed\p229\p229_139_mic1.flac,p229,1,1,0.46356281638145447,0.46356281638145447,0.42141634225845337,0.0421464741230011,3.2039375
lca,1,p229_139_mic1,p229,data\VCTK\wav48_silence_trimmed\p229\p229_139_mic1.flac,p262,0,1,0.4114253520965576,0.13710685074329376,0.4114253520965576,-0.27431850135326385,3.2039375
lca,2,p229_139_mic1,p229,data\VCTK\wav48_silence_trimmed\p229\p229_139_mic1.flac,p280,0,1,0.46006742119789124,0.22480082511901855,0.46006742119789124,-0.23526659607887268,3.2039375
lca,3,p229_139_mic1,p229,data\VCTK\wav48_silence_trimmed\p229\p229_139_mic1.flac,p280,0,1,0.45703449845314026,0.26619330048561096,0.45703449845314026,-0.1908411979675293,3.2039375
original,0,p229_203_mic1,p229,data\VCTK\wav48_silence_trimmed\p229\p229_203_mic1.flac,p229,1,1,0.7723627090454102,0.7723627090454102,0.36442363262176514,0.407939076423645,4.1498125
base,1,p229_203_mic1,p229,data\VCTK\wav48_silence_trimmed\p229\p229_203_mic1.flac,p293,0,1,0.3557082414627075,0.11968576908111572,0.3557082414627075,-0.2360224723815918,4.1498125
base,2,p229_203_mic1,p229,data\VCTK\wav48_silence_trimmed\p229\p229_203_mic1.flac,p229,1,1,0.36150163412094116,0.36150163412094116,0.3614441156387329,5.751848220825195e-05,4.1498125
base,3,p229_203_mic1,p229,data\VCTK\wav48_silence_trimmed\p229\p229_203_mic1.flac,p229,1,1,0.4904019832611084,0.4904019832611084,0.36802592873573303,0.12237605452537537,4.1498125
lca,1,p229_203_mic1,p229,data\VCTK\wav48_silence_trimmed\p229\p229_203_mic1.flac,p280,0,1,0.3712296485900879,0.06844610720872879,0.3712296485900879,-0.3027835413813591,4.1498125
lca,2,p229_203_mic1,p229,data\VCTK\wav48_silence_trimmed\p229\p229_203_mic1.flac,p230,0,1,0.3453587293624878,0.1727856546640396,0.3453587293624878,-0.17257307469844818,4.1498125
lca,3,p229_203_mic1,p229,data\VCTK\wav48_silence_trimmed\p229\p229_203_mic1.flac,p308,0,1,0.3585507273674011,0.24589592218399048,0.3585507273674011,-0.11265480518341064,4.1498125
original,0,p229_204_mic1,p229,data\VCTK\wav48_silence_trimmed\p229\p229_204_mic1.flac,p229,1,1,0.6740542650222778,0.6740542650222778,0.3195644021034241,0.35448986291885376,2.692875
base,1,p229_204_mic1,p229,data\VCTK\wav48_silence_trimmed\p229\p229_204_mic1.flac,p257,0,1,0.309506893157959,0.21141451597213745,0.309506893157959,-0.09809237718582153,2.692875
base,2,p229_204_mic1,p229,data\VCTK\wav48_silence_trimmed\p229\p229_204_mic1.flac,p249,0,1,0.38097459077835083,0.31586742401123047,0.38097459077835083,-0.06510716676712036,2.692875
base,3,p229_204_mic1,p229,data\VCTK\wav48_silence_trimmed\p229\p229_204_mic1.flac,p301,0,1,0.4035070836544037,0.4001273512840271,0.4035070836544037,-0.003379732370376587,2.692875
lca,1,p229_204_mic1,p229,data\VCTK\wav48_silence_trimmed\p229\p229_204_mic1.flac,p262,0,1,0.3413388729095459,-0.06395451724529266,0.3413388729095459,-0.40529339015483856,2.692875
lca,2,p229_204_mic1,p229,data\VCTK\wav48_silence_trimmed\p229\p229_204_mic1.flac,p264,0,1,0.31954696774482727,0.15546992421150208,0.31954696774482727,-0.1640770435333252,2.692875
lca,3,p229_204_mic1,p229,data\VCTK\wav48_silence_trimmed\p229\p229_204_mic1.flac,p264,0,1,0.3675520718097687,0.239487424492836,0.3675520718097687,-0.12806464731693268,2.692875
original,0,p229_366_mic1,p229,data\VCTK\wav48_silence_trimmed\p229\p229_366_mic1.flac,p229,1,1,0.7721292972564697,0.7721292972564697,0.3914746642112732,0.38065463304519653,3.8048125
base,1,p229_366_mic1,p229,data\VCTK\wav48_silence_trimmed\p229\p229_366_mic1.flac,p257,0,1,0.3698207437992096,0.31066495180130005,0.3698207437992096,-0.059155791997909546,3.8048125
base,2,p229_366_mic1,p229,data\VCTK\wav48_silence_trimmed\p229\p229_366_mic1.flac,p229,1,1,0.5399501323699951,0.5399501323699951,0.4025036096572876,0.13744652271270752,3.8048125
base,3,p229_366_mic1,p229,data\VCTK\wav48_silence_trimmed\p229\p229_366_mic1.flac,p229,1,1,0.5649491548538208,0.5649491548538208,0.42128199338912964,0.14366716146469116,3.8048125
lca,1,p229_366_mic1,p229,data\VCTK\wav48_silence_trimmed\p229\p229_366_mic1.flac,p257,0,1,0.37850475311279297,0.137822687625885,0.37850475311279297,-0.24068206548690796,3.8048125
lca,2,p229_366_mic1,p229,data\VCTK\wav48_silence_trimmed\p229\p229_366_mic1.flac,p264,0,1,0.37529340386390686,0.1338781863451004,0.37529340386390686,-0.24141521751880646,3.8048125
lca,3,p229_366_mic1,p229,data\VCTK\wav48_silence_trimmed\p229\p229_366_mic1.flac,p264,0,1,0.40437349677085876,0.2399263232946396,0.40437349677085876,-0.16444717347621918,3.8048125
original,0,p230_034_mic1,p230,data\VCTK\wav48_silence_trimmed\p230\p230_034_mic1.flac,p230,1,1,0.611545205116272,0.611545205116272,0.407573938369751,0.203971266746521,2.67925
base,1,p230_034_mic1,p230,data\VCTK\wav48_silence_trimmed\p230\p230_034_mic1.flac,p230,1,1,0.36605241894721985,0.36605241894721985,0.34811997413635254,0.01793244481086731,2.67925
base,2,p230_034_mic1,p230,data\VCTK\wav48_silence_trimmed\p230\p230_034_mic1.flac,p230,1,1,0.4032096266746521,0.4032096266746521,0.35278940200805664,0.05042022466659546,2.67925
base,3,p230_034_mic1,p230,data\VCTK\wav48_silence_trimmed\p230\p230_034_mic1.flac,p230,1,1,0.4456111788749695,0.4456111788749695,0.36344870924949646,0.08216246962547302,2.67925
lca,1,p230_034_mic1,p230,data\VCTK\wav48_silence_trimmed\p230\p230_034_mic1.flac,p339,0,1,0.3746102750301361,0.283997118473053,0.3746102750301361,-0.09061315655708313,2.67925
lca,2,p230_034_mic1,p230,data\VCTK\wav48_silence_trimmed\p230\p230_034_mic1.flac,p267,0,1,0.3779170513153076,0.3401092290878296,0.3779170513153076,-0.03780782222747803,2.67925
lca,3,p230_034_mic1,p230,data\VCTK\wav48_silence_trimmed\p230\p230_034_mic1.flac,p340,0,1,0.3913562595844269,0.3736437261104584,0.3913562595844269,-0.017712533473968506,2.67925
original,0,p230_093_mic2,p230,data\VCTK\wav48_silence_trimmed\p230\p230_093_mic2.flac,p230,1,1,0.5432026982307434,0.5432026982307434,0.40617117285728455,0.13703152537345886,2.434125
base,1,p230_093_mic2,p230,data\VCTK\wav48_silence_trimmed\p230\p230_093_mic2.flac,p262,0,1,0.31600984930992126,0.23170338571071625,0.31600984930992126,-0.08430646359920502,2.434125
base,2,p230_093_mic2,p230,data\VCTK\wav48_silence_trimmed\p230\p230_093_mic2.flac,p301,0,1,0.39280998706817627,0.3619651198387146,0.39280998706817627,-0.03084486722946167,2.434125
base,3,p230_093_mic2,p230,data\VCTK\wav48_silence_trimmed\p230\p230_093_mic2.flac,p230,1,1,0.3833542466163635,0.3833542466163635,0.3534463346004486,0.029907912015914917,2.434125
lca,1,p230_093_mic2,p230,data\VCTK\wav48_silence_trimmed\p230\p230_093_mic2.flac,p261,0,1,0.2838137745857239,0.2561436891555786,0.2838137745857239,-0.027670085430145264,2.434125
lca,2,p230_093_mic2,p230,data\VCTK\wav48_silence_trimmed\p230\p230_093_mic2.flac,p317,0,1,0.376986026763916,0.3476395606994629,0.376986026763916,-0.029346466064453125,2.434125
lca,3,p230_093_mic2,p230,data\VCTK\wav48_silence_trimmed\p230\p230_093_mic2.flac,p230,1,1,0.35745102167129517,0.35745102167129517,0.3540213406085968,0.0034296810626983643,2.434125
original,0,p230_258_mic2,p230,data\VCTK\wav48_silence_trimmed\p230\p230_258_mic2.flac,p230,1,1,0.7800195217132568,0.7800195217132568,0.4277845621109009,0.35223495960235596,3.896625
base,1,p230_258_mic2,p230,data\VCTK\wav48_silence_trimmed\p230\p230_258_mic2.flac,p230,1,1,0.4067501425743103,0.4067501425743103,0.3560982048511505,0.05065193772315979,3.896625
base,2,p230_258_mic2,p230,data\VCTK\wav48_silence_trimmed\p230\p230_258_mic2.flac,p230,1,1,0.49612781405448914,0.49612781405448914,0.39225971698760986,0.10386809706687927,3.896625
base,3,p230_258_mic2,p230,data\VCTK\wav48_silence_trimmed\p230\p230_258_mic2.flac,p230,1,1,0.5184919834136963,0.5184919834136963,0.38735777139663696,0.13113421201705933,3.896625
lca,1,p230_258_mic2,p230,data\VCTK\wav48_silence_trimmed\p230\p230_258_mic2.flac,p230,1,1,0.34723079204559326,0.34723079204559326,0.3361874222755432,0.011043369770050049,3.896625
lca,2,p230_258_mic2,p230,data\VCTK\wav48_silence_trimmed\p230\p230_258_mic2.flac,p230,1,1,0.3934681713581085,0.3934681713581085,0.36625516414642334,0.02721300721168518,3.896625
lca,3,p230_258_mic2,p230,data\VCTK\wav48_silence_trimmed\p230\p230_258_mic2.flac,p230,1,1,0.47897592186927795,0.47897592186927795,0.45809927582740784,0.020876646041870117,3.896625
original,0,p230_317_mic1,p230,data\VCTK\wav48_silence_trimmed\p230\p230_317_mic1.flac,p230,1,1,0.7843761444091797,0.7843761444091797,0.5137885808944702,0.2705875635147095,4.0945
base,1,p230_317_mic1,p230,data\VCTK\wav48_silence_trimmed\p230\p230_317_mic1.flac,p293,0,1,0.3621630072593689,0.3477400541305542,0.3621630072593689,-0.014422953128814697,4.0945
base,2,p230_317_mic1,p230,data\VCTK\wav48_silence_trimmed\p230\p230_317_mic1.flac,p230,1,1,0.3969172537326813,0.3969172537326813,0.37753015756607056,0.019387096166610718,4.0945
base,3,p230_317_mic1,p230,data\VCTK\wav48_silence_trimmed\p230\p230_317_mic1.flac,p230,1,1,0.4855070412158966,0.4855070412158966,0.4004591703414917,0.08504787087440491,4.0945
lca,1,p230_317_mic1,p230,data\VCTK\wav48_silence_trimmed\p230\p230_317_mic1.flac,p339,0,1,0.37303102016448975,0.33791086077690125,0.37303102016448975,-0.0351201593875885,4.0945
lca,2,p230_317_mic1,p230,data\VCTK\wav48_silence_trimmed\p230\p230_317_mic1.flac,p280,0,1,0.4381154179573059,0.42405030131340027,0.4381154179573059,-0.01406511664390564,4.0945
lca,3,p230_317_mic1,p230,data\VCTK\wav48_silence_trimmed\p230\p230_317_mic1.flac,p230,1,1,0.46899062395095825,0.46899062395095825,0.4509396553039551,0.018050968647003174,4.0945
original,0,p230_396_mic2,p230,data\VCTK\wav48_silence_trimmed\p230\p230_396_mic2.flac,p230,1,1,0.5411320328712463,0.5411320328712463,0.48269569873809814,0.05843633413314819,2.0094375
base,1,p230_396_mic2,p230,data\VCTK\wav48_silence_trimmed\p230\p230_396_mic2.flac,p261,0,1,0.34285205602645874,0.256286084651947,0.34285205602645874,-0.08656597137451172,2.0094375
base,2,p230_396_mic2,p230,data\VCTK\wav48_silence_trimmed\p230\p230_396_mic2.flac,p230,1,1,0.3900569677352905,0.3900569677352905,0.3836780786514282,0.006378889083862305,2.0094375
base,3,p230_396_mic2,p230,data\VCTK\wav48_silence_trimmed\p230\p230_396_mic2.flac,p230,1,1,0.4334346055984497,0.4334346055984497,0.40184128284454346,0.03159332275390625,2.0094375
lca,1,p230_396_mic2,p230,data\VCTK\wav48_silence_trimmed\p230\p230_396_mic2.flac,p283,0,1,0.40095075964927673,0.3436892628669739,0.40095075964927673,-0.057261496782302856,2.0094375
lca,2,p230_396_mic2,p230,data\VCTK\wav48_silence_trimmed\p230\p230_396_mic2.flac,p262,0,1,0.4025844931602478,0.3665670156478882,0.4025844931602478,-0.03601747751235962,2.0094375
lca,3,p230_396_mic2,p230,data\VCTK\wav48_silence_trimmed\p230\p230_396_mic2.flac,p230,1,1,0.42522233724594116,0.42522233724594116,0.40880149602890015,0.016420841217041016,2.0094375
original,0,p231_045_mic1,p231,data\VCTK\wav48_silence_trimmed\p231\p231_045_mic1.flac,p231,1,1,0.708850622177124,0.708850622177124,0.4733472466468811,0.23550337553024292,1.9240625
base,1,p231_045_mic1,p231,data\VCTK\wav48_silence_trimmed\p231\p231_045_mic1.flac,p257,0,1,0.28266480565071106,0.23695477843284607,0.28266480565071106,-0.04571002721786499,1.9240625
base,2,p231_045_mic1,p231,data\VCTK\wav48_silence_trimmed\p231\p231_045_mic1.flac,p231,1,1,0.40775424242019653,0.40775424242019653,0.3395807147026062,0.06817352771759033,1.9240625
base,3,p231_045_mic1,p231,data\VCTK\wav48_silence_trimmed\p231\p231_045_mic1.flac,p231,1,1,0.41862648725509644,0.41862648725509644,0.29347455501556396,0.12515193223953247,1.9240625
lca,1,p231_045_mic1,p231,data\VCTK\wav48_silence_trimmed\p231\p231_045_mic1.flac,p271,0,1,0.2864874005317688,0.14057213068008423,0.2864874005317688,-0.14591526985168457,1.9240625
lca,2,p231_045_mic1,p231,data\VCTK\wav48_silence_trimmed\p231\p231_045_mic1.flac,p231,1,1,0.3846663534641266,0.3846663534641266,0.34608978033065796,0.03857657313346863,1.9240625
lca,3,p231_045_mic1,p231,data\VCTK\wav48_silence_trimmed\p231\p231_045_mic1.flac,p231,1,1,0.4062589406967163,0.4062589406967163,0.33230480551719666,0.07395413517951965,1.9240625
original,0,p231_118_mic1,p231,data\VCTK\wav48_silence_trimmed\p231\p231_118_mic1.flac,p231,1,1,0.6440856456756592,0.6440856456756592,0.4583786427974701,0.1857070028781891,2.376
base,1,p231_118_mic1,p231,data\VCTK\wav48_silence_trimmed\p231\p231_118_mic1.flac,p280,0,1,0.39369896054267883,0.38266852498054504,0.39369896054267883,-0.011030435562133789,2.376
base,2,p231_118_mic1,p231,data\VCTK\wav48_silence_trimmed\p231\p231_118_mic1.flac,p231,1,1,0.5251801013946533,0.5251801013946533,0.41106104850769043,0.11411905288696289,2.376
base,3,p231_118_mic1,p231,data\VCTK\wav48_silence_trimmed\p231\p231_118_mic1.flac,p231,1,1,0.6181554794311523,0.6181554794311523,0.48795363306999207,0.13020184636116028,2.376
lca,1,p231_118_mic1,p231,data\VCTK\wav48_silence_trimmed\p231\p231_118_mic1.flac,p301,0,1,0.4348907470703125,0.2438867688179016,0.4348907470703125,-0.1910039782524109,2.376
lca,2,p231_118_mic1,p231,data\VCTK\wav48_silence_trimmed\p231\p231_118_mic1.flac,p231,1,1,0.45212671160697937,0.45212671160697937,0.4481821060180664,0.003944605588912964,2.376
lca,3,p231_118_mic1,p231,data\VCTK\wav48_silence_trimmed\p231\p231_118_mic1.flac,p231,1,1,0.4808076322078705,0.4808076322078705,0.476400762796402,0.004406869411468506,2.376
original,0,p231_266_mic2,p231,data\VCTK\wav48_silence_trimmed\p231\p231_266_mic2.flac,p231,1,1,0.6854343414306641,0.6854343414306641,0.5083611011505127,0.17707324028015137,2.209375
base,1,p231_266_mic2,p231,data\VCTK\wav48_silence_trimmed\p231\p231_266_mic2.flac,p261,0,1,0.3048144578933716,0.19282685220241547,0.3048144578933716,-0.11198760569095612,2.209375
base,2,p231_266_mic2,p231,data\VCTK\wav48_silence_trimmed\p231\p231_266_mic2.flac,p231,1,1,0.3707684278488159,0.3707684278488159,0.30750739574432373,0.06326103210449219,2.209375
base,3,p231_266_mic2,p231,data\VCTK\wav48_silence_trimmed\p231\p231_266_mic2.flac,p231,1,1,0.4725225567817688,0.4725225567817688,0.3335471749305725,0.1389753818511963,2.209375
lca,1,p231_266_mic2,p231,data\VCTK\wav48_silence_trimmed\p231\p231_266_mic2.flac,p271,0,1,0.30363762378692627,0.19293326139450073,0.30363762378692627,-0.11070436239242554,2.209375
lca,2,p231_266_mic2,p231,data\VCTK\wav48_silence_trimmed\p231\p231_266_mic2.flac,p262,0,1,0.38117095828056335,0.2858866751194,0.38117095828056335,-0.09528428316116333,2.209375
lca,3,p231_266_mic2,p231,data\VCTK\wav48_silence_trimmed\p231\p231_266_mic2.flac,p231,1,1,0.3926781415939331,0.3926781415939331,0.38840562105178833,0.004272520542144775,2.209375
original,0,p231_296_mic1,p231,data\VCTK\wav48_silence_trimmed\p231\p231_296_mic1.flac,p231,1,1,0.7410315275192261,0.7410315275192261,0.4484032392501831,0.29262828826904297,2.82725
base,1,p231_296_mic1,p231,data\VCTK\wav48_silence_trimmed\p231\p231_296_mic1.flac,p374,0,1,0.2756291329860687,0.11397416889667511,0.2756291329860687,-0.16165496408939362,2.82725
base,2,p231_296_mic1,p231,data\VCTK\wav48_silence_trimmed\p231\p231_296_mic1.flac,p231,1,1,0.37901896238327026,0.37901896238327026,0.31989455223083496,0.0591244101524353,2.82725
base,3,p231_296_mic1,p231,data\VCTK\wav48_silence_trimmed\p231\p231_296_mic1.flac,p231,1,1,0.5400437116622925,0.5400437116622925,0.4240522086620331,0.1159915030002594,2.82725
lca,1,p231_296_mic1,p231,data\VCTK\wav48_silence_trimmed\p231\p231_296_mic1.flac,p262,0,1,0.31215977668762207,0.20557774603366852,0.31215977668762207,-0.10658203065395355,2.82725
lca,2,p231_296_mic1,p231,data\VCTK\wav48_silence_trimmed\p231\p231_296_mic1.flac,p231,1,1,0.427043616771698,0.427043616771698,0.3928971290588379,0.03414648771286011,2.82725
lca,3,p231_296_mic1,p231,data\VCTK\wav48_silence_trimmed\p231\p231_296_mic1.flac,p231,1,1,0.49455446004867554,0.49455446004867554,0.42567408084869385,0.06888037919998169,2.82725
original,0,p231_403_mic2,p231,data\VCTK\wav48_silence_trimmed\p231\p231_403_mic2.flac,p231,1,1,0.7148727178573608,0.7148727178573608,0.5117141604423523,0.20315855741500854,2.775
base,1,p231_403_mic2,p231,data\VCTK\wav48_silence_trimmed\p231\p231_403_mic2.flac,p244,0,1,0.29527339339256287,0.1982957273721695,0.29527339339256287,-0.09697766602039337,2.775
base,2,p231_403_mic2,p231,data\VCTK\wav48_silence_trimmed\p231\p231_403_mic2.flac,p231,1,1,0.582859218120575,0.582859218120575,0.3949585258960724,0.18790069222450256,2.775
base,3,p231_403_mic2,p231,data\VCTK\wav48_silence_trimmed\p231\p231_403_mic2.flac,p231,1,1,0.6561495065689087,0.6561495065689087,0.48354190587997437,0.17260760068893433,2.775
lca,1,p231_403_mic2,p231,data\VCTK\wav48_silence_trimmed\p231\p231_403_mic2.flac,p264,0,1,0.3514932096004486,0.30595993995666504,0.3514932096004486,-0.04553326964378357,2.775
lca,2,p231_403_mic2,p231,data\VCTK\wav48_silence_trimmed\p231\p231_403_mic2.flac,p231,1,1,0.43779948353767395,0.43779948353767395,0.4134957194328308,0.02430376410484314,2.775
lca,3,p231_403_mic2,p231,data\VCTK\wav48_silence_trimmed\p231\p231_403_mic2.flac,p231,1,1,0.4957941770553589,0.4957941770553589,0.43472927808761597,0.06106489896774292,2.775
original,0,p232_038_mic2,p232,data\VCTK\wav48_silence_trimmed\p232\p232_038_mic2.flac,p232,1,1,0.6419190168380737,0.6419190168380737,0.2658545970916748,0.3760644197463989,2.3505625
base,1,p232_038_mic2,p232,data\VCTK\wav48_silence_trimmed\p232\p232_038_mic2.flac,p364,0,1,0.37856239080429077,0.0980198085308075,0.37856239080429077,-0.2805425822734833,2.3505625
base,2,p232_038_mic2,p232,data\VCTK\wav48_silence_trimmed\p232\p232_038_mic2.flac,p311,0,1,0.40296006202697754,0.13298997282981873,0.40296006202697754,-0.2699700891971588,2.3505625
base,3,p232_038_mic2,p232,data\VCTK\wav48_silence_trimmed\p232\p232_038_mic2.flac,p271,0,1,0.3876357078552246,0.2700541019439697,0.3876357078552246,-0.11758160591125488,2.3505625
lca,1,p232_038_mic2,p232,data\VCTK\wav48_silence_trimmed\p232\p232_038_mic2.flac,p281,0,1,0.3701431155204773,0.11112421751022339,0.3701431155204773,-0.2590188980102539,2.3505625
lca,2,p232_038_mic2,p232,data\VCTK\wav48_silence_trimmed\p232\p232_038_mic2.flac,p311,0,1,0.3684874176979065,0.1278865933418274,0.3684874176979065,-0.2406008243560791,2.3505625
lca,3,p232_038_mic2,p232,data\VCTK\wav48_silence_trimmed\p232\p232_038_mic2.flac,p311,0,1,0.38908177614212036,0.15382853150367737,0.38908177614212036,-0.235253244638443,2.3505625
original,0,p232_085_mic1,p232,data\VCTK\wav48_silence_trimmed\p232\p232_085_mic1.flac,p232,1,1,0.7315868139266968,0.7315868139266968,0.3147442042827606,0.41684260964393616,2.4206875
base,1,p232_085_mic1,p232,data\VCTK\wav48_silence_trimmed\p232\p232_085_mic1.flac,p374,0,1,0.33065617084503174,0.18669353425502777,0.33065617084503174,-0.14396263659000397,2.4206875
base,2,p232_085_mic1,p232,data\VCTK\wav48_silence_trimmed\p232\p232_085_mic1.flac,p374,0,1,0.29767507314682007,0.21820133924484253,0.29767507314682007,-0.07947373390197754,2.4206875
base,3,p232_085_mic1,p232,data\VCTK\wav48_silence_trimmed\p232\p232_085_mic1.flac,p246,0,1,0.3124505877494812,0.2760050296783447,0.3124505877494812,-0.036445558071136475,2.4206875
lca,1,p232_085_mic1,p232,data\VCTK\wav48_silence_trimmed\p232\p232_085_mic1.flac,p364,0,1,0.278143972158432,0.11831455677747726,0.278143972158432,-0.15982941538095474,2.4206875
lca,2,p232_085_mic1,p232,data\VCTK\wav48_silence_trimmed\p232\p232_085_mic1.flac,p271,0,1,0.34076130390167236,0.23283034563064575,0.34076130390167236,-0.10793095827102661,2.4206875
lca,3,p232_085_mic1,p232,data\VCTK\wav48_silence_trimmed\p232\p232_085_mic1.flac,p271,0,1,0.3249993920326233,0.2840668559074402,0.3249993920326233,-0.040932536125183105,2.4206875
original,0,p232_216_mic1,p232,data\VCTK\wav48_silence_trimmed\p232\p232_216_mic1.flac,p232,1,1,0.7767234444618225,0.7767234444618225,0.4363054931163788,0.3404179513454437,3.38175
base,1,p232_216_mic1,p232,data\VCTK\wav48_silence_trimmed\p232\p232_216_mic1.flac,p360,0,1,0.33838534355163574,0.26827573776245117,0.33838534355163574,-0.07010960578918457,3.38175
base,2,p232_216_mic1,p232,data\VCTK\wav48_silence_trimmed\p232\p232_216_mic1.flac,p374,0,1,0.3847016990184784,0.3334004282951355,0.3847016990184784,-0.051301270723342896,3.38175
base,3,p232_216_mic1,p232,data\VCTK\wav48_silence_trimmed\p232\p232_216_mic1.flac,p232,1,1,0.38919854164123535,0.38919854164123535,0.3430035710334778,0.04619497060775757,3.38175
lca,1,p232_216_mic1,p232,data\VCTK\wav48_silence_trimmed\p232\p232_216_mic1.flac,p311,0,1,0.2721065282821655,0.14820224046707153,0.2721065282821655,-0.123904287815094,3.38175
lca,2,p232_216_mic1,p232,data\VCTK\wav48_silence_trimmed\p232\p232_216_mic1.flac,p280,0,1,0.2761579751968384,0.1887679100036621,0.2761579751968384,-0.08739006519317627,3.38175
lca,3,p232_216_mic1,p232,data\VCTK\wav48_silence_trimmed\p232\p232_216_mic1.flac,p261,0,1,0.29301971197128296,0.26268237829208374,0.29301971197128296,-0.03033733367919922,3.38175
original,0,p232_317_mic2,p232,data\VCTK\wav48_silence_trimmed\p232\p232_317_mic2.flac,p232,1,1,0.6792987585067749,0.6792987585067749,0.3079020380973816,0.3713967204093933,2.774125
base,1,p232_317_mic2,p232,data\VCTK\wav48_silence_trimmed\p232\p232_317_mic2.flac,p232,1,1,0.32179784774780273,0.32179784774780273,0.2912592589855194,0.030538588762283325,2.774125
base,2,p232_317_mic2,p232,data\VCTK\wav48_silence_trimmed\p232\p232_317_mic2.flac,p232,1,1,0.40682506561279297,0.40682506561279297,0.3196490705013275,0.08717599511146545,2.774125
base,3,p232_317_mic2,p232,data\VCTK\wav48_silence_trimmed\p232\p232_317_mic2.flac,p232,1,1,0.46232807636260986,0.46232807636260986,0.35774290561676025,0.10458517074584961,2.774125
lca,1,p232_317_mic2,p232,data\VCTK\wav48_silence_trimmed\p232\p232_317_mic2.flac,p311,0,1,0.25414201617240906,0.166954904794693,0.25414201617240906,-0.08718711137771606,2.774125
lca,2,p232_317_mic2,p232,data\VCTK\wav48_silence_trimmed\p232\p232_317_mic2.flac,p232,1,1,0.32898014783859253,0.32898014783859253,0.23947609961032867,0.08950404822826385,2.774125
lca,3,p232_317_mic2,p232,data\VCTK\wav48_silence_trimmed\p232\p232_317_mic2.flac,p232,1,1,0.44399866461753845,0.44399866461753845,0.29423725605010986,0.1497614085674286,2.774125
original,0,p232_338_mic2,p232,data\VCTK\wav48_silence_trimmed\p232\p232_338_mic2.flac,p232,1,1,0.6422690153121948,0.6422690153121948,0.3129792809486389,0.3292897343635559,2.5706875
base,1,p232_338_mic2,p232,data\VCTK\wav48_silence_trimmed\p232\p232_338_mic2.flac,p360,0,1,0.27820077538490295,0.2207118570804596,0.27820077538490295,-0.05748891830444336,2.5706875
base,2,p232_338_mic2,p232,data\VCTK\wav48_silence_trimmed\p232\p232_338_mic2.flac,p360,0,1,0.28406015038490295,0.23635540902614594,0.28406015038490295,-0.04770474135875702,2.5706875
base,3,p232_338_mic2,p232,data\VCTK\wav48_silence_trimmed\p232\p232_338_mic2.flac,p374,0,1,0.26418352127075195,0.2624411880970001,0.26418352127075195,-0.001742333173751831,2.5706875
lca,1,p232_338_mic2,p232,data\VCTK\wav48_silence_trimmed\p232\p232_338_mic2.flac,p311,0,1,0.27560240030288696,0.10144723951816559,0.27560240030288696,-0.17415516078472137,2.5706875
lca,2,p232_338_mic2,p232,data\VCTK\wav48_silence_trimmed\p232\p232_338_mic2.flac,p261,0,1,0.2546198070049286,0.14976206421852112,0.2546198070049286,-0.10485774278640747,2.5706875
lca,3,p232_338_mic2,p232,data\VCTK\wav48_silence_trimmed\p232\p232_338_mic2.flac,p311,0,1,0.25211092829704285,0.18830536305904388,0.25211092829704285,-0.06380556523799896,2.5706875
original,0,p233_060_mic1,p233,data\VCTK\wav48_silence_trimmed\p233\p233_060_mic1.flac,p233,1,1,0.6762668490409851,0.6762668490409851,0.5287433862686157,0.14752346277236938,3.5398125
base,1,p233_060_mic1,p233,data\VCTK\wav48_silence_trimmed\p233\p233_060_mic1.flac,p230,0,1,0.3555985987186432,0.2645001709461212,0.3555985987186432,-0.09109842777252197,3.5398125
base,2,p233_060_mic1,p233,data\VCTK\wav48_silence_trimmed\p233\p233_060_mic1.flac,p264,0,1,0.47281891107559204,0.4210054278373718,0.47281891107559204,-0.051813483238220215,3.5398125
base,3,p233_060_mic1,p233,data\VCTK\wav48_silence_trimmed\p233\p233_060_mic1.flac,p233,1,1,0.48406338691711426,0.48406338691711426,0.4762985408306122,0.007764846086502075,3.5398125
lca,1,p233_060_mic1,p233,data\VCTK\wav48_silence_trimmed\p233\p233_060_mic1.flac,p230,0,1,0.42914748191833496,0.3076377809047699,0.42914748191833496,-0.12150970101356506,3.5398125
lca,2,p233_060_mic1,p233,data\VCTK\wav48_silence_trimmed\p233\p233_060_mic1.flac,p230,0,1,0.46341395378112793,0.341561883687973,0.46341395378112793,-0.12185207009315491,3.5398125
lca,3,p233_060_mic1,p233,data\VCTK\wav48_silence_trimmed\p233\p233_060_mic1.flac,p230,0,1,0.4591667652130127,0.38905468583106995,0.4591667652130127,-0.07011207938194275,3.5398125
original,0,p233_066_mic2,p233,data\VCTK\wav48_silence_trimmed\p233\p233_066_mic2.flac,p233,1,1,0.7874829173088074,0.7874829173088074,0.4536471962928772,0.3338357210159302,2.2546875
base,1,p233_066_mic2,p233,data\VCTK\wav48_silence_trimmed\p233\p233_066_mic2.flac,p293,0,1,0.47301027178764343,0.26054298877716064,0.47301027178764343,-0.2124672830104828,2.2546875
base,2,p233_066_mic2,p233,data\VCTK\wav48_silence_trimmed\p233\p233_066_mic2.flac,p230,0,1,0.3740660548210144,0.2821090817451477,0.3740660548210144,-0.0919569730758667,2.2546875
base,3,p233_066_mic2,p233,data\VCTK\wav48_silence_trimmed\p233\p233_066_mic2.flac,p230,0,1,0.39578408002853394,0.3323848247528076,0.39578408002853394,-0.06339925527572632,2.2546875
lca,1,p233_066_mic2,p233,data\VCTK\wav48_silence_trimmed\p233\p233_066_mic2.flac,p257,0,1,0.45162254571914673,0.36390697956085205,0.45162254571914673,-0.08771556615829468,2.2546875
lca,2,p233_066_mic2,p233,data\VCTK\wav48_silence_trimmed\p233\p233_066_mic2.flac,p233,1,1,0.40980732440948486,0.40980732440948486,0.40283381938934326,0.0069735050201416016,2.2546875
lca,3,p233_066_mic2,p233,data\VCTK\wav48_silence_trimmed\p233\p233_066_mic2.flac,p233,1,1,0.45194345712661743,0.45194345712661743,0.4256436824798584,0.026299774646759033,2.2546875
original,0,p233_292_mic2,p233,data\VCTK\wav48_silence_trimmed\p233\p233_292_mic2.flac,p233,1,1,0.6158918142318726,0.6158918142318726,0.429897278547287,0.18599453568458557,2.0680625
base,1,p233_292_mic2,p233,data\VCTK\wav48_silence_trimmed\p233\p233_292_mic2.flac,p261,0,1,0.34523406624794006,0.1817200481891632,0.34523406624794006,-0.16351401805877686,2.0680625
base,2,p233_292_mic2,p233,data\VCTK\wav48_silence_trimmed\p233\p233_292_mic2.flac,p257,0,1,0.4206676483154297,0.3207813501358032,0.4206676483154297,-0.09988629817962646,2.0680625
base,3,p233_292_mic2,p233,data\VCTK\wav48_silence_trimmed\p233\p233_292_mic2.flac,p230,0,1,0.42963239550590515,0.38554811477661133,0.42963239550590515,-0.04408428072929382,2.0680625
lca,1,p233_292_mic2,p233,data\VCTK\wav48_silence_trimmed\p233\p233_292_mic2.flac,p264,0,1,0.41914528608322144,0.2948733866214752,0.41914528608322144,-0.12427189946174622,2.0680625
lca,2,p233_292_mic2,p233,data\VCTK\wav48_silence_trimmed\p233\p233_292_mic2.flac,p280,0,1,0.4258687496185303,0.2839321494102478,0.4258687496185303,-0.14193660020828247,2.0680625
lca,3,p233_292_mic2,p233,data\VCTK\wav48_silence_trimmed\p233\p233_292_mic2.flac,p230,0,1,0.46647486090660095,0.34220296144485474,0.46647486090660095,-0.12427189946174622,2.0680625
original,0,p233_309_mic2,p233,data\VCTK\wav48_silence_trimmed\p233\p233_309_mic2.flac,p233,1,1,0.7429346442222595,0.7429346442222595,0.4665207862854004,0.27641385793685913,2.936375
base,1,p233_309_mic2,p233,data\VCTK\wav48_silence_trimmed\p233\p233_309_mic2.flac,p230,0,1,0.42391976714134216,0.30851244926452637,0.42391976714134216,-0.1154073178768158,2.936375
base,2,p233_309_mic2,p233,data\VCTK\wav48_silence_trimmed\p233\p233_309_mic2.flac,p230,0,1,0.44003844261169434,0.41013914346694946,0.44003844261169434,-0.029899299144744873,2.936375
base,3,p233_309_mic2,p233,data\VCTK\wav48_silence_trimmed\p233\p233_309_mic2.flac,p233,1,1,0.4845421016216278,0.4845421016216278,0.46263056993484497,0.021911531686782837,2.936375
lca,1,p233_309_mic2,p233,data\VCTK\wav48_silence_trimmed\p233\p233_309_mic2.flac,p264,0,1,0.45548170804977417,0.3354778587818146,0.45548170804977417,-0.1200038492679596,2.936375
lca,2,p233_309_mic2,p233,data\VCTK\wav48_silence_trimmed\p233\p233_309_mic2.flac,p264,0,1,0.4876323342323303,0.3684108257293701,0.4876323342323303,-0.1192215085029602,2.936375
lca,3,p233_309_mic2,p233,data\VCTK\wav48_silence_trimmed\p233\p233_309_mic2.flac,p264,0,1,0.4831271171569824,0.46908825635910034,0.4831271171569824,-0.01403886079788208,2.936375
original,0,p233_363_mic1,p233,data\VCTK\wav48_silence_trimmed\p233\p233_363_mic1.flac,p233,1,1,0.751407265663147,0.751407265663147,0.5454611778259277,0.20594608783721924,2.349625
base,1,p233_363_mic1,p233,data\VCTK\wav48_silence_trimmed\p233\p233_363_mic1.flac,p257,0,1,0.3071371912956238,0.1720522940158844,0.3071371912956238,-0.13508489727973938,2.349625
base,2,p233_363_mic1,p233,data\VCTK\wav48_silence_trimmed\p233\p233_363_mic1.flac,p264,0,1,0.4149852395057678,0.4094184637069702,0.4149852395057678,-0.005566775798797607,2.349625
base,3,p233_363_mic1,p233,data\VCTK\wav48_silence_trimmed\p233\p233_363_mic1.flac,p233,1,1,0.4503800570964813,0.4503800570964813,0.44326815009117126,0.007111907005310059,2.349625
lca,1,p233_363_mic1,p233,data\VCTK\wav48_silence_trimmed\p233\p233_363_mic1.flac,p293,0,1,0.35546165704727173,0.2573302090167999,0.35546165704727173,-0.0981314480304718,2.349625
lca,2,p233_363_mic1,p233,data\VCTK\wav48_silence_trimmed\p233\p233_363_mic1.flac,p280,0,1,0.4833080470561981,0.3306541442871094,0.4833080470561981,-0.15265390276908875,2.349625
lca,3,p233_363_mic1,p233,data\VCTK\wav48_silence_trimmed\p233\p233_363_mic1.flac,p280,0,1,0.5116496086120605,0.37280118465423584,0.5116496086120605,-0.1388484239578247,2.349625
original,0,p234_009_mic2,p234,data\VCTK\wav48_silence_trimmed\p234\p234_009_mic2.flac,p234,1,1,0.7970945835113525,0.7970945835113525,0.432060182094574,0.36503440141677856,5.260625
base,1,p234_009_mic2,p234,data\VCTK\wav48_silence_trimmed\p234\p234_009_mic2.flac,p318,0,1,0.3314976692199707,0.1434640884399414,0.3314976692199707,-0.1880335807800293,5.260625
base,2,p234_009_mic2,p234,data\VCTK\wav48_silence_trimmed\p234\p234_009_mic2.flac,p293,0,1,0.4915420711040497,0.37040263414382935,0.4915420711040497,-0.12113943696022034,5.260625
base,3,p234_009_mic2,p234,data\VCTK\wav48_silence_trimmed\p234\p234_009_mic2.flac,p293,0,1,0.4664159417152405,0.4570964574813843,0.4664159417152405,-0.009319484233856201,5.260625
lca,1,p234_009_mic2,p234,data\VCTK\wav48_silence_trimmed\p234\p234_009_mic2.flac,p262,0,1,0.3881056308746338,0.28531771898269653,0.3881056308746338,-0.10278791189193726,5.260625
lca,2,p234_009_mic2,p234,data\VCTK\wav48_silence_trimmed\p234\p234_009_mic2.flac,p262,0,1,0.4289834499359131,0.41265982389450073,0.4289834499359131,-0.016323626041412354,5.260625
lca,3,p234_009_mic2,p234,data\VCTK\wav48_silence_trimmed\p234\p234_009_mic2.flac,p340,0,1,0.4535539150238037,0.45199328660964966,0.4535539150238037,-0.0015606284141540527,5.260625
original,0,p234_037_mic1,p234,data\VCTK\wav48_silence_trimmed\p234\p234_037_mic1.flac,p234,1,1,0.8282050490379333,0.8282050490379333,0.5226941704750061,0.30551087856292725,4.3538125
base,1,p234_037_mic1,p234,data\VCTK\wav48_silence_trimmed\p234\p234_037_mic1.flac,p293,0,1,0.312994122505188,0.23290221393108368,0.312994122505188,-0.08009190857410431,4.3538125
base,2,p234_037_mic1,p234,data\VCTK\wav48_silence_trimmed\p234\p234_037_mic1.flac,p293,0,1,0.44398313760757446,0.3603057265281677,0.44398313760757446,-0.08367741107940674,4.3538125
base,3,p234_037_mic1,p234,data\VCTK\wav48_silence_trimmed\p234\p234_037_mic1.flac,p293,0,1,0.47782960534095764,0.41018906235694885,0.47782960534095764,-0.06764054298400879,4.3538125
lca,1,p234_037_mic1,p234,data\VCTK\wav48_silence_trimmed\p234\p234_037_mic1.flac,p262,0,1,0.37812599539756775,0.37788257002830505,0.37812599539756775,-0.0002434253692626953,4.3538125
lca,2,p234_037_mic1,p234,data\VCTK\wav48_silence_trimmed\p234\p234_037_mic1.flac,p234,1,1,0.48632797598838806,0.48632797598838806,0.44716739654541016,0.039160579442977905,4.3538125
lca,3,p234_037_mic1,p234,data\VCTK\wav48_silence_trimmed\p234\p234_037_mic1.flac,p340,0,1,0.4795572757720947,0.4559679329395294,0.4795572757720947,-0.023589342832565308,4.3538125
original,0,p234_198_mic2,p234,data\VCTK\wav48_silence_trimmed\p234\p234_198_mic2.flac,p234,1,1,0.7506899237632751,0.7506899237632751,0.4497447609901428,0.3009451627731323,3.3989375
base,1,p234_198_mic2,p234,data\VCTK\wav48_silence_trimmed\p234\p234_198_mic2.flac,p301,0,1,0.40894651412963867,0.17258378863334656,0.40894651412963867,-0.23636272549629211,3.3989375
base,2,p234_198_mic2,p234,data\VCTK\wav48_silence_trimmed\p234\p234_198_mic2.flac,p301,0,1,0.5016688108444214,0.2756499648094177,0.5016688108444214,-0.22601884603500366,3.3989375
base,3,p234_198_mic2,p234,data\VCTK\wav48_silence_trimmed\p234\p234_198_mic2.flac,p301,0,1,0.5370862483978271,0.32536137104034424,0.5370862483978271,-0.2117248773574829,3.3989375
lca,1,p234_198_mic2,p234,data\VCTK\wav48_silence_trimmed\p234\p234_198_mic2.flac,p262,0,1,0.32274723052978516,0.23446258902549744,0.32274723052978516,-0.08828464150428772,3.3989375
lca,2,p234_198_mic2,p234,data\VCTK\wav48_silence_trimmed\p234\p234_198_mic2.flac,p262,0,1,0.4556853473186493,0.36534780263900757,0.4556853473186493,-0.09033754467964172,3.3989375
lca,3,p234_198_mic2,p234,data\VCTK\wav48_silence_trimmed\p234\p234_198_mic2.flac,p308,0,1,0.48665785789489746,0.4214797019958496,0.48665785789489746,-0.06517815589904785,3.3989375
original,0,p234_239_mic1,p234,data\VCTK\wav48_silence_trimmed\p234\p234_239_mic1.flac,p234,1,1,0.789659857749939,0.789659857749939,0.43133190274238586,0.3583279550075531,4.387125
base,1,p234_239_mic1,p234,data\VCTK\wav48_silence_trimmed\p234\p234_239_mic1.flac,p301,0,1,0.40815016627311707,0.17570947110652924,0.40815016627311707,-0.23244069516658783,4.387125
base,2,p234_239_mic1,p234,data\VCTK\wav48_silence_trimmed\p234\p234_239_mic1.flac,p301,0,1,0.5590519309043884,0.3213905096054077,0.5590519309043884,-0.2376614212989807,4.387125
base,3,p234_239_mic1,p234,data\VCTK\wav48_silence_trimmed\p234\p234_239_mic1.flac,p301,0,1,0.5317363739013672,0.4151858687400818,0.5317363739013672,-0.1165505051612854,4.387125
lca,1,p234_239_mic1,p234,data\VCTK\wav48_silence_trimmed\p234\p234_239_mic1.flac,p262,0,1,0.4213353097438812,0.285089373588562,0.4213353097438812,-0.1362459361553192,4.387125
lca,2,p234_239_mic1,p234,data\VCTK\wav48_silence_trimmed\p234\p234_239_mic1.flac,p262,0,1,0.47497066855430603,0.3730578124523163,0.47497066855430603,-0.10191285610198975,4.387125
lca,3,p234_239_mic1,p234,data\VCTK\wav48_silence_trimmed\p234\p234_239_mic1.flac,p262,0,1,0.47540515661239624,0.3505856394767761,0.47540515661239624,-0.12481951713562012,4.387125
original,0,p234_267_mic1,p234,data\VCTK\wav48_silence_trimmed\p234\p234_267_mic1.flac,p234,1,1,0.7611551880836487,0.7611551880836487,0.4415143132209778,0.3196408748626709,3.6719375
base,1,p234_267_mic1,p234,data\VCTK\wav48_silence_trimmed\p234\p234_267_mic1.flac,p225,0,1,0.306176096200943,0.12996898591518402,0.306176096200943,-0.17620711028575897,3.6719375
base,2,p234_267_mic1,p234,data\VCTK\wav48_silence_trimmed\p234\p234_267_mic1.flac,p244,0,1,0.36337926983833313,0.21597960591316223,0.36337926983833313,-0.1473996639251709,3.6719375
base,3,p234_267_mic1,p234,data\VCTK\wav48_silence_trimmed\p234\p234_267_mic1.flac,p244,0,1,0.37455958127975464,0.3137773871421814,0.37455958127975464,-0.06078219413757324,3.6719375
lca,1,p234_267_mic1,p234,data\VCTK\wav48_silence_trimmed\p234\p234_267_mic1.flac,p262,0,1,0.36414635181427,0.30283939838409424,0.36414635181427,-0.06130695343017578,3.6719375
lca,2,p234_267_mic1,p234,data\VCTK\wav48_silence_trimmed\p234\p234_267_mic1.flac,p234,1,1,0.40080904960632324,0.40080904960632324,0.3790893852710724,0.021719664335250854,3.6719375
lca,3,p234_267_mic1,p234,data\VCTK\wav48_silence_trimmed\p234\p234_267_mic1.flac,p234,1,1,0.4202324450016022,0.4202324450016022,0.39403900504112244,0.026193439960479736,3.6719375
original,0,p236_055_mic2,p236,data\VCTK\wav48_silence_trimmed\p236\p236_055_mic2.flac,p236,1,1,0.7546398639678955,0.7546398639678955,0.42950838804244995,0.32513147592544556,2.3045625
base,1,p236_055_mic2,p236,data\VCTK\wav48_silence_trimmed\p236\p236_055_mic2.flac,p257,0,1,0.34118568897247314,0.0021103043109178543,0.34118568897247314,-0.3390753846615553,2.3045625
base,2,p236_055_mic2,p236,data\VCTK\wav48_silence_trimmed\p236\p236_055_mic2.flac,p233,0,1,0.2958980202674866,0.14436694979667664,0.2958980202674866,-0.15153107047080994,2.3045625
base,3,p236_055_mic2,p236,data\VCTK\wav48_silence_trimmed\p236\p236_055_mic2.flac,p250,0,1,0.3261232376098633,0.27353084087371826,0.3261232376098633,-0.05259239673614502,2.3045625
lca,1,p236_055_mic2,p236,data\VCTK\wav48_silence_trimmed\p236\p236_055_mic2.flac,p264,0,1,0.4039958119392395,0.1500227302312851,0.4039958119392395,-0.2539730817079544,2.3045625
lca,2,p236_055_mic2,p236,data\VCTK\wav48_silence_trimmed\p236\p236_055_mic2.flac,p280,0,1,0.39272600412368774,0.30679309368133545,0.39272600412368774,-0.0859329104423523,2.3045625
lca,3,p236_055_mic2,p236,data\VCTK\wav48_silence_trimmed\p236\p236_055_mic2.flac,p250,0,1,0.47070765495300293,0.3849187195301056,0.47070765495300293,-0.08578893542289734,2.3045625
original,0,p236_121_mic1,p236,data\VCTK\wav48_silence_trimmed\p236\p236_121_mic1.flac,p236,1,1,0.491679310798645,0.491679310798645,0.3914673924446106,0.10021191835403442,1.8390625
base,1,p236_121_mic1,p236,data\VCTK\wav48_silence_trimmed\p236\p236_121_mic1.flac,p253,0,1,0.3435027003288269,0.12139782309532166,0.3435027003288269,-0.22210487723350525,1.8390625
base,2,p236_121_mic1,p236,data\VCTK\wav48_silence_trimmed\p236\p236_121_mic1.flac,p233,0,1,0.36460036039352417,0.22636952996253967,0.36460036039352417,-0.1382308304309845,1.8390625
base,3,p236_121_mic1,p236,data\VCTK\wav48_silence_trimmed\p236\p236_121_mic1.flac,p340,0,1,0.4235064387321472,0.2756563425064087,0.4235064387321472,-0.14785009622573853,1.8390625
lca,1,p236_121_mic1,p236,data\VCTK\wav48_silence_trimmed\p236\p236_121_mic1.flac,p264,0,1,0.3775930404663086,0.19500160217285156,0.3775930404663086,-0.18259143829345703,1.8390625
lca,2,p236_121_mic1,p236,data\VCTK\wav48_silence_trimmed\p236\p236_121_mic1.flac,p340,0,1,0.5062301158905029,0.2795782685279846,0.5062301158905029,-0.2266518473625183,1.8390625
lca,3,p236_121_mic1,p236,data\VCTK\wav48_silence_trimmed\p236\p236_121_mic1.flac,p340,0,1,0.4849705100059509,0.3343411684036255,0.4849705100059509,-0.15062934160232544,1.8390625
original,0,p236_226_mic1,p236,data\VCTK\wav48_silence_trimmed\p236\p236_226_mic1.flac,p236,1,1,0.6906617879867554,0.6906617879867554,0.3927087187767029,0.2979530692100525,2.34925
base,1,p236_226_mic1,p236,data\VCTK\wav48_silence_trimmed\p236\p236_226_mic1.flac,p330,0,1,0.3586723506450653,0.05728788673877716,0.3586723506450653,-0.30138446390628815,2.34925
base,2,p236_226_mic1,p236,data\VCTK\wav48_silence_trimmed\p236\p236_226_mic1.flac,p261,0,1,0.4150543808937073,0.1654660403728485,0.4150543808937073,-0.24958834052085876,2.34925
base,3,p236_226_mic1,p236,data\VCTK\wav48_silence_trimmed\p236\p236_226_mic1.flac,p280,0,1,0.4476448595523834,0.2209971398115158,0.4476448595523834,-0.22664771974086761,2.34925
lca,1,p236_226_mic1,p236,data\VCTK\wav48_silence_trimmed\p236\p236_226_mic1.flac,p261,0,1,0.44630932807922363,0.18722638487815857,0.44630932807922363,-0.25908294320106506,2.34925
lca,2,p236_226_mic1,p236,data\VCTK\wav48_silence_trimmed\p236\p236_226_mic1.flac,p280,0,1,0.44725939631462097,0.23658473789691925,0.44725939631462097,-0.21067465841770172,2.34925
lca,3,p236_226_mic1,p236,data\VCTK\wav48_silence_trimmed\p236\p236_226_mic1.flac,p280,0,1,0.46368086338043213,0.3491390645503998,0.46368086338043213,-0.11454179883003235,2.34925
original,0,p236_394_mic2,p236,data\VCTK\wav48_silence_trimmed\p236\p236_394_mic2.flac,p236,1,1,0.8046247959136963,0.8046247959136963,0.37453487515449524,0.43008992075920105,2.6890625
base,1,p236_394_mic2,p236,data\VCTK\wav48_silence_trimmed\p236\p236_394_mic2.flac,p261,0,1,0.2928830683231354,0.018073320388793945,0.2928830683231354,-0.27480974793434143,2.6890625
base,2,p236_394_mic2,p236,data\VCTK\wav48_silence_trimmed\p236\p236_394_mic2.flac,p253,0,1,0.34947681427001953,0.22902369499206543,0.34947681427001953,-0.1204531192779541,2.6890625
base,3,p236_394_mic2,p236,data\VCTK\wav48_silence_trimmed\p236\p236_394_mic2.flac,p340,0,1,0.40675726532936096,0.36542871594429016,0.40675726532936096,-0.0413285493850708,2.6890625
lca,1,p236_394_mic2,p236,data\VCTK\wav48_silence_trimmed\p236\p236_394_mic2.flac,p230,0,1,0.3575602173805237,0.15924063324928284,0.3575602173805237,-0.19831958413124084,2.6890625
lca,2,p236_394_mic2,p236,data\VCTK\wav48_silence_trimmed\p236\p236_394_mic2.flac,p340,0,1,0.4039091467857361,0.2601611912250519,0.4039091467857361,-0.1437479555606842,2.6890625
lca,3,p236_394_mic2,p236,data\VCTK\wav48_silence_trimmed\p236\p236_394_mic2.flac,p340,0,1,0.4568081498146057,0.3430826663970947,0.4568081498146057,-0.11372548341751099,2.6890625
original,0,p236_492_mic2,p236,data\VCTK\wav48_silence_trimmed\p236\p236_492_mic2.flac,p236,1,1,0.7310433387756348,0.7310433387756348,0.3312668800354004,0.3997764587402344,2.2233125
base,1,p236_492_mic2,p236,data\VCTK\wav48_silence_trimmed\p236\p236_492_mic2.flac,p293,0,1,0.43876877427101135,0.13646867871284485,0.43876877427101135,-0.3023000955581665,2.2233125
base,2,p236_492_mic2,p236,data\VCTK\wav48_silence_trimmed\p236\p236_492_mic2.flac,p250,0,1,0.42055532336235046,0.253543496131897,0.42055532336235046,-0.1670118272304535,2.2233125
base,3,p236_492_mic2,p236,data\VCTK\wav48_silence_trimmed\p236\p236_492_mic2.flac,p317,0,1,0.4749220311641693,0.37357765436172485,0.4749220311641693,-0.10134437680244446,2.2233125
lca,1,p236_492_mic2,p236,data\VCTK\wav48_silence_trimmed\p236\p236_492_mic2.flac,p262,0,1,0.35185396671295166,0.1531229466199875,0.35185396671295166,-0.19873102009296417,2.2233125
lca,2,p236_492_mic2,p236,data\VCTK\wav48_silence_trimmed\p236\p236_492_mic2.flac,p340,0,1,0.39392030239105225,0.26919806003570557,0.39392030239105225,-0.12472224235534668,2.2233125
lca,3,p236_492_mic2,p236,data\VCTK\wav48_silence_trimmed\p236\p236_492_mic2.flac,p300,0,1,0.4260237216949463,0.30020278692245483,0.4260237216949463,-0.12582093477249146,2.2233125
original,0,p237_140_mic2,p237,data\VCTK\wav48_silence_trimmed\p237\p237_140_mic2.flac,p237,1,1,0.787561297416687,0.787561297416687,0.378262996673584,0.409298300743103,3.15075
base,1,p237_140_mic2,p237,data\VCTK\wav48_silence_trimmed\p237\p237_140_mic2.flac,p374,0,1,0.3200724720954895,0.1955125331878662,0.3200724720954895,-0.12455993890762329,3.15075
base,2,p237_140_mic2,p237,data\VCTK\wav48_silence_trimmed\p237\p237_140_mic2.flac,p347,0,1,0.2941228449344635,0.27754834294319153,0.2941228449344635,-0.016574501991271973,3.15075
base,3,p237_140_mic2,p237,data\VCTK\wav48_silence_trimmed\p237\p237_140_mic2.flac,p281,0,1,0.39350786805152893,0.39045000076293945,0.39350786805152893,-0.0030578672885894775,3.15075
lca,1,p237_140_mic2,p237,data\VCTK\wav48_silence_trimmed\p237\p237_140_mic2.flac,p281,0,1,0.28557777404785156,0.13251250982284546,0.28557777404785156,-0.1530652642250061,3.15075
lca,2,p237_140_mic2,p237,data\VCTK\wav48_silence_trimmed\p237\p237_140_mic2.flac,p281,0,1,0.40473416447639465,0.28844714164733887,0.40473416447639465,-0.11628702282905579,3.15075
lca,3,p237_140_mic2,p237,data\VCTK\wav48_silence_trimmed\p237\p237_140_mic2.flac,p281,0,1,0.37232643365859985,0.3467057943344116,0.37232643365859985,-0.025620639324188232,3.15075
original,0,p237_164_mic2,p237,data\VCTK\wav48_silence_trimmed\p237\p237_164_mic2.flac,p237,1,1,0.8373424410820007,0.8373424410820007,0.30361664295196533,0.5337257981300354,2.7354375
base,1,p237_164_mic2,p237,data\VCTK\wav48_silence_trimmed\p237\p237_164_mic2.flac,p374,0,1,0.3277380168437958,0.1655782163143158,0.3277380168437958,-0.16215980052947998,2.7354375
base,2,p237_164_mic2,p237,data\VCTK\wav48_silence_trimmed\p237\p237_164_mic2.flac,p347,0,1,0.29486900568008423,0.23054204881191254,0.29486900568008423,-0.06432695686817169,2.7354375
base,3,p237_164_mic2,p237,data\VCTK\wav48_silence_trimmed\p237\p237_164_mic2.flac,p237,1,1,0.36217889189720154,0.36217889189720154,0.34980249404907227,0.012376397848129272,2.7354375
lca,1,p237_164_mic2,p237,data\VCTK\wav48_silence_trimmed\p237\p237_164_mic2.flac,p271,0,1,0.31857526302337646,0.1741470843553543,0.31857526302337646,-0.14442817866802216,2.7354375
lca,2,p237_164_mic2,p237,data\VCTK\wav48_silence_trimmed\p237\p237_164_mic2.flac,p311,0,1,0.306801438331604,0.2879621982574463,0.306801438331604,-0.018839240074157715,2.7354375
lca,3,p237_164_mic2,p237,data\VCTK\wav48_silence_trimmed\p237\p237_164_mic2.flac,p237,1,1,0.40547311305999756,0.40547311305999756,0.2979254126548767,0.10754770040512085,2.7354375
original,0,p237_239_mic1,p237,data\VCTK\wav48_silence_trimmed\p237\p237_239_mic1.flac,p237,1,1,0.7663688659667969,0.7663688659667969,0.29061129689216614,0.47575756907463074,3.19075
base,1,p237_239_mic1,p237,data\VCTK\wav48_silence_trimmed\p237\p237_239_mic1.flac,p364,0,1,0.3126692473888397,0.2512566149234772,0.3126692473888397,-0.06141263246536255,3.19075
base,2,p237_239_mic1,p237,data\VCTK\wav48_silence_trimmed\p237\p237_239_mic1.flac,p281,0,1,0.31647172570228577,0.2762765884399414,0.31647172570228577,-0.04019513726234436,3.19075
base,3,p237_239_mic1,p237,data\VCTK\wav48_silence_trimmed\p237\p237_239_mic1.flac,p237,1,1,0.44720327854156494,0.44720327854156494,0.2711295485496521,0.17607372999191284,3.19075
lca,1,p237_239_mic1,p237,data\VCTK\wav48_silence_trimmed\p237\p237_239_mic1.flac,p281,0,1,0.3130260705947876,0.13578756153583527,0.3130260705947876,-0.17723850905895233,3.19075
lca,2,p237_239_mic1,p237,data\VCTK\wav48_silence_trimmed\p237\p237_239_mic1.flac,p281,0,1,0.2827523648738861,0.22831681370735168,0.2827523648738861,-0.054435551166534424,3.19075
lca,3,p237_239_mic1,p237,data\VCTK\wav48_silence_trimmed\p237\p237_239_mic1.flac,p237,1,1,0.363222599029541,0.363222599029541,0.29071611166000366,0.07250648736953735,3.19075
original,0,p237_284_mic2,p237,data\VCTK\wav48_silence_trimmed\p237\p237_284_mic2.flac,p237,1,1,0.834950864315033,0.834950864315033,0.3337462544441223,0.5012046098709106,4.5543125
base,1,p237_284_mic2,p237,data\VCTK\wav48_silence_trimmed\p237\p237_284_mic2.flac,p374,0,1,0.30644893646240234,0.08227740228176117,0.30644893646240234,-0.22417153418064117,4.5543125
base,2,p237_284_mic2,p237,data\VCTK\wav48_silence_trimmed\p237\p237_284_mic2.flac,p311,0,1,0.35195446014404297,0.33145493268966675,0.35195446014404297,-0.02049952745437622,4.5543125
base,3,p237_284_mic2,p237,data\VCTK\wav48_silence_trimmed\p237\p237_284_mic2.flac,p311,0,1,0.41183996200561523,0.3892228603363037,0.41183996200561523,-0.022617101669311523,4.5543125
lca,1,p237_284_mic2,p237,data\VCTK\wav48_silence_trimmed\p237\p237_284_mic2.flac,p311,0,1,0.37170231342315674,0.11937721818685532,0.37170231342315674,-0.2523250952363014,4.5543125
lca,2,p237_284_mic2,p237,data\VCTK\wav48_silence_trimmed\p237\p237_284_mic2.flac,p311,0,1,0.395670622587204,0.21868419647216797,0.395670622587204,-0.176986426115036,4.5543125
lca,3,p237_284_mic2,p237,data\VCTK\wav48_silence_trimmed\p237\p237_284_mic2.flac,p311,0,1,0.3769341707229614,0.27189773321151733,0.3769341707229614,-0.10503643751144409,4.5543125
original,0,p237_314_mic1,p237,data\VCTK\wav48_silence_trimmed\p237\p237_314_mic1.flac,p237,1,1,0.8609759211540222,0.8609759211540222,0.338120698928833,0.5228552222251892,4.2555
base,1,p237_314_mic1,p237,data\VCTK\wav48_silence_trimmed\p237\p237_314_mic1.flac,p374,0,1,0.26188963651657104,0.1938701719045639,0.26188963651657104,-0.06801946461200714,4.2555
base,2,p237_314_mic1,p237,data\VCTK\wav48_silence_trimmed\p237\p237_314_mic1.flac,p237,1,1,0.3661644458770752,0.3661644458770752,0.30811619758605957,0.058048248291015625,4.2555
base,3,p237_314_mic1,p237,data\VCTK\wav48_silence_trimmed\p237\p237_314_mic1.flac,p237,1,1,0.36933010816574097,0.36933010816574097,0.36615926027297974,0.0031708478927612305,4.2555
lca,1,p237_314_mic1,p237,data\VCTK\wav48_silence_trimmed\p237\p237_314_mic1.flac,p311,0,1,0.3120851516723633,0.11330214887857437,0.3120851516723633,-0.1987830027937889,4.2555
lca,2,p237_314_mic1,p237,data\VCTK\wav48_silence_trimmed\p237\p237_314_mic1.flac,p281,0,1,0.33896610140800476,0.20471660792827606,0.33896610140800476,-0.1342494934797287,4.2555
lca,3,p237_314_mic1,p237,data\VCTK\wav48_silence_trimmed\p237\p237_314_mic1.flac,p281,0,1,0.3682609796524048,0.3101806044578552,0.3682609796524048,-0.05808037519454956,4.2555
original,0,p238_071_mic2,p238,data\VCTK\wav48_silence_trimmed\p238\p238_071_mic2.flac,p238,1,1,0.7367120981216431,0.7367120981216431,0.45618152618408203,0.28053057193756104,4.3956875
base,1,p238_071_mic2,p238,data\VCTK\wav48_silence_trimmed\p238\p238_071_mic2.flac,p257,0,1,0.3759647607803345,0.2624012529850006,0.3759647607803345,-0.11356350779533386,4.3956875
base,2,p238_071_mic2,p238,data\VCTK\wav48_silence_trimmed\p238\p238_071_mic2.flac,p238,1,1,0.45390841364860535,0.45390841364860535,0.44404399394989014,0.00986441969871521,4.3956875
base,3,p238_071_mic2,p238,data\VCTK\wav48_silence_trimmed\p238\p238_071_mic2.flac,p238,1,1,0.503542959690094,0.503542959690094,0.4758491814136505,0.02769377827644348,4.3956875
lca,1,p238_071_mic2,p238,data\VCTK\wav48_silence_trimmed\p238\p238_071_mic2.flac,p293,0,1,0.3911832571029663,0.27229756116867065,0.3911832571029663,-0.11888569593429565,4.3956875
lca,2,p238_071_mic2,p238,data\VCTK\wav48_silence_trimmed\p238\p238_071_mic2.flac,p280,0,1,0.41182902455329895,0.3782525956630707,0.41182902455329895,-0.03357642889022827,4.3956875
lca,3,p238_071_mic2,p238,data\VCTK\wav48_silence_trimmed\p238\p238_071_mic2.flac,p238,1,1,0.5117583274841309,0.5117583274841309,0.44952037930488586,0.062237948179244995,4.3956875
original,0,p238_129_mic2,p238,data\VCTK\wav48_silence_trimmed\p238\p238_129_mic2.flac,p238,1,1,0.8057049512863159,0.8057049512863159,0.4268571436405182,0.37884780764579773,2.7738125
base,1,p238_129_mic2,p238,data\VCTK\wav48_silence_trimmed\p238\p238_129_mic2.flac,p261,0,1,0.37267452478408813,0.35941094160079956,0.37267452478408813,-0.013263583183288574,2.7738125
base,2,p238_129_mic2,p238,data\VCTK\wav48_silence_trimmed\p238\p238_129_mic2.flac,p230,0,1,0.48024535179138184,0.3820735514163971,0.48024535179138184,-0.09817180037498474,2.7738125
base,3,p238_129_mic2,p238,data\VCTK\wav48_silence_trimmed\p238\p238_129_mic2.flac,p230,0,1,0.5231578350067139,0.4767861068248749,0.5231578350067139,-0.04637172818183899,2.7738125
lca,1,p238_129_mic2,p238,data\VCTK\wav48_silence_trimmed\p238\p238_129_mic2.flac,p230,0,1,0.3855835199356079,0.29827719926834106,0.3855835199356079,-0.08730632066726685,2.7738125
lca,2,p238_129_mic2,p238,data\VCTK\wav48_silence_trimmed\p238\p238_129_mic2.flac,p230,0,1,0.40419965982437134,0.3430243134498596,0.40419965982437134,-0.06117534637451172,2.7738125
lca,3,p238_129_mic2,p238,data\VCTK\wav48_silence_trimmed\p238\p238_129_mic2.flac,p230,0,1,0.4285338222980499,0.38454559445381165,0.4285338222980499,-0.04398822784423828,2.7738125
original,0,p238_269_mic2,p238,data\VCTK\wav48_silence_trimmed\p238\p238_269_mic2.flac,p238,1,1,0.6330267786979675,0.6330267786979675,0.3948885202407837,0.23813825845718384,2.991625
base,1,p238_269_mic2,p238,data\VCTK\wav48_silence_trimmed\p238\p238_269_mic2.flac,p262,0,1,0.39890122413635254,0.23209622502326965,0.39890122413635254,-0.16680499911308289,2.991625
base,2,p238_269_mic2,p238,data\VCTK\wav48_silence_trimmed\p238\p238_269_mic2.flac,p249,0,1,0.37556004524230957,0.21904991567134857,0.37556004524230957,-0.156510129570961,2.991625
base,3,p238_269_mic2,p238,data\VCTK\wav48_silence_trimmed\p238\p238_269_mic2.flac,p249,0,1,0.45921385288238525,0.30503049492836,0.45921385288238525,-0.15418335795402527,2.991625
lca,1,p238_269_mic2,p238,data\VCTK\wav48_silence_trimmed\p238\p238_269_mic2.flac,p262,0,1,0.41202312707901,0.22136753797531128,0.41202312707901,-0.19065558910369873,2.991625
lca,2,p238_269_mic2,p238,data\VCTK\wav48_silence_trimmed\p238\p238_269_mic2.flac,p308,0,1,0.3828907012939453,0.2677680253982544,0.3828907012939453,-0.11512267589569092,2.991625
lca,3,p238_269_mic2,p238,data\VCTK\wav48_silence_trimmed\p238\p238_269_mic2.flac,p280,0,1,0.38602960109710693,0.357109397649765,0.38602960109710693,-0.02892020344734192,2.991625
original,0,p238_431_mic2,p238,data\VCTK\wav48_silence_trimmed\p238\p238_431_mic2.flac,p238,1,1,0.6822788715362549,0.6822788715362549,0.36578887701034546,0.3164899945259094,2.9048125
base,1,p238_431_mic2,p238,data\VCTK\wav48_silence_trimmed\p238\p238_431_mic2.flac,p262,0,1,0.36078399419784546,0.3265898823738098,0.36078399419784546,-0.034194111824035645,2.9048125
base,2,p238_431_mic2,p238,data\VCTK\wav48_silence_trimmed\p238\p238_431_mic2.flac,p262,0,1,0.44093015789985657,0.38225293159484863,0.44093015789985657,-0.058677226305007935,2.9048125
base,3,p238_431_mic2,p238,data\VCTK\wav48_silence_trimmed\p238\p238_431_mic2.flac,p238,1,1,0.4789690375328064,0.4789690375328064,0.44925057888031006,0.029718458652496338,2.9048125
lca,1,p238_431_mic2,p238,data\VCTK\wav48_silence_trimmed\p238\p238_431_mic2.flac,p280,0,1,0.45515871047973633,0.33031660318374634,0.45515871047973633,-0.12484210729598999,2.9048125
lca,2,p238_431_mic2,p238,data\VCTK\wav48_silence_trimmed\p238\p238_431_mic2.flac,p262,0,1,0.44966933131217957,0.37314775586128235,0.44966933131217957,-0.07652157545089722,2.9048125
lca,3,p238_431_mic2,p238,data\VCTK\wav48_silence_trimmed\p238\p238_431_mic2.flac,p280,0,1,0.46624019742012024,0.4271564483642578,0.46624019742012024,-0.03908374905586243,2.9048125
original,0,p238_445_mic1,p238,data\VCTK\wav48_silence_trimmed\p238\p238_445_mic1.flac,p238,1,1,0.8112877607345581,0.8112877607345581,0.3726009130477905,0.4386868476867676,5.463875
base,1,p238_445_mic1,p238,data\VCTK\wav48_silence_trimmed\p238\p238_445_mic1.flac,p238,1,1,0.4182037115097046,0.4182037115097046,0.3945345878601074,0.023669123649597168,5.463875
base,2,p238_445_mic1,p238,data\VCTK\wav48_silence_trimmed\p238\p238_445_mic1.flac,p238,1,1,0.5467602014541626,0.5467602014541626,0.416090190410614,0.13067001104354858,5.463875
base,3,p238_445_mic1,p238,data\VCTK\wav48_silence_trimmed\p238\p238_445_mic1.flac,p238,1,1,0.6067595481872559,0.6067595481872559,0.4188452959060669,0.18791425228118896,5.463875
lca,1,p238_445_mic1,p238,data\VCTK\wav48_silence_trimmed\p238\p238_445_mic1.flac,p280,0,1,0.46703261137008667,0.3511372208595276,0.46703261137008667,-0.11589539051055908,5.463875
lca,2,p238_445_mic1,p238,data\VCTK\wav48_silence_trimmed\p238\p238_445_mic1.flac,p280,0,1,0.4836477041244507,0.46912863850593567,0.4836477041244507,-0.014519065618515015,5.463875
lca,3,p238_445_mic1,p238,data\VCTK\wav48_silence_trimmed\p238\p238_445_mic1.flac,p238,1,1,0.5436925292015076,0.5436925292015076,0.46448269486427307,0.0792098343372345,5.463875
original,0,p239_084_mic2,p239,data\VCTK\wav48_silence_trimmed\p239\p239_084_mic2.flac,p239,1,1,0.711338222026825,0.711338222026825,0.35380613803863525,0.3575320839881897,2.6291875
base,1,p239_084_mic2,p239,data\VCTK\wav48_silence_trimmed\p239\p239_084_mic2.flac,p283,0,1,0.3108530640602112,0.24025312066078186,0.3108530640602112,-0.07059994339942932,2.6291875
base,2,p239_084_mic2,p239,data\VCTK\wav48_silence_trimmed\p239\p239_084_mic2.flac,p244,0,1,0.3870660066604614,0.3462173342704773,0.3870660066604614,-0.04084867238998413,2.6291875
base,3,p239_084_mic2,p239,data\VCTK\wav48_silence_trimmed\p239\p239_084_mic2.flac,p264,0,1,0.39729785919189453,0.3803505301475525,0.39729785919189453,-0.01694732904434204,2.6291875
lca,1,p239_084_mic2,p239,data\VCTK\wav48_silence_trimmed\p239\p239_084_mic2.flac,p280,0,1,0.3926335573196411,0.20843397080898285,0.3926335573196411,-0.18419958651065826,2.6291875
lca,2,p239_084_mic2,p239,data\VCTK\wav48_silence_trimmed\p239\p239_084_mic2.flac,p262,0,1,0.4349306523799896,0.21485784649848938,0.4349306523799896,-0.22007280588150024,2.6291875
lca,3,p239_084_mic2,p239,data\VCTK\wav48_silence_trimmed\p239\p239_084_mic2.flac,p262,0,1,0.4631391763687134,0.3025781810283661,0.4631391763687134,-0.1605609953403473,2.6291875
original,0,p239_219_mic1,p239,data\VCTK\wav48_silence_trimmed\p239\p239_219_mic1.flac,p239,1,1,0.5485891103744507,0.5485891103744507,0.3013923466205597,0.247196763753891,2.3064375
base,1,p239_219_mic1,p239,data\VCTK\wav48_silence_trimmed\p239\p239_219_mic1.flac,p225,0,1,0.31755584478378296,0.1732487678527832,0.31755584478378296,-0.14430707693099976,2.3064375
base,2,p239_219_mic1,p239,data\VCTK\wav48_silence_trimmed\p239\p239_219_mic1.flac,p239,1,1,0.34627631306648254,0.34627631306648254,0.330610454082489,0.01566585898399353,2.3064375
base,3,p239_219_mic1,p239,data\VCTK\wav48_silence_trimmed\p239\p239_219_mic1.flac,p255,0,1,0.36853164434432983,0.33934006094932556,0.36853164434432983,-0.029191583395004272,2.3064375
lca,1,p239_219_mic1,p239,data\VCTK\wav48_silence_trimmed\p239\p239_219_mic1.flac,p264,0,1,0.30362120270729065,0.08436987549066544,0.30362120270729065,-0.2192513272166252,2.3064375
lca,2,p239_219_mic1,p239,data\VCTK\wav48_silence_trimmed\p239\p239_219_mic1.flac,p283,0,1,0.33399561047554016,0.19873978197574615,0.33399561047554016,-0.135255828499794,2.3064375
lca,3,p239_219_mic1,p239,data\VCTK\wav48_silence_trimmed\p239\p239_219_mic1.flac,p283,0,1,0.3406631350517273,0.22327479720115662,0.3406631350517273,-0.11738833785057068,2.3064375
original,0,p239_246_mic2,p239,data\VCTK\wav48_silence_trimmed\p239\p239_246_mic2.flac,p239,1,1,0.8165033459663391,0.8165033459663391,0.3475608229637146,0.4689425230026245,4.1006875
base,1,p239_246_mic2,p239,data\VCTK\wav48_silence_trimmed\p239\p239_246_mic2.flac,p257,0,1,0.4125804603099823,0.19223034381866455,0.4125804603099823,-0.22035011649131775,4.1006875
base,2,p239_246_mic2,p239,data\VCTK\wav48_silence_trimmed\p239\p239_246_mic2.flac,p257,0,1,0.4402429461479187,0.35574620962142944,0.4402429461479187,-0.08449673652648926,4.1006875
base,3,p239_246_mic2,p239,data\VCTK\wav48_silence_trimmed\p239\p239_246_mic2.flac,p239,1,1,0.46509885787963867,0.46509885787963867,0.4462273120880127,0.018871545791625977,4.1006875
lca,1,p239_246_mic2,p239,data\VCTK\wav48_silence_trimmed\p239\p239_246_mic2.flac,p262,0,1,0.428313672542572,0.18124812841415405,0.428313672542572,-0.24706554412841797,4.1006875
lca,2,p239_246_mic2,p239,data\VCTK\wav48_silence_trimmed\p239\p239_246_mic2.flac,p257,0,1,0.4767875075340271,0.31275060772895813,0.4767875075340271,-0.16403689980506897,4.1006875
lca,3,p239_246_mic2,p239,data\VCTK\wav48_silence_trimmed\p239\p239_246_mic2.flac,p257,0,1,0.4604136645793915,0.36997926235198975,0.4604136645793915,-0.09043440222740173,4.1006875
original,0,p239_283_mic1,p239,data\VCTK\wav48_silence_trimmed\p239\p239_283_mic1.flac,p239,1,1,0.8240564465522766,0.8240564465522766,0.36760982871055603,0.4564466178417206,2.390625
base,1,p239_283_mic1,p239,data\VCTK\wav48_silence_trimmed\p239\p239_283_mic1.flac,p257,0,1,0.3721366822719574,0.3099158704280853,0.3721366822719574,-0.06222081184387207,2.390625
base,2,p239_283_mic1,p239,data\VCTK\wav48_silence_trimmed\p239\p239_283_mic1.flac,p257,0,1,0.45484447479248047,0.42620283365249634,0.45484447479248047,-0.02864164113998413,2.390625
base,3,p239_283_mic1,p239,data\VCTK\wav48_silence_trimmed\p239\p239_283_mic1.flac,p239,1,1,0.485840380191803,0.485840380191803,0.42411863803863525,0.061721742153167725,2.390625
lca,1,p239_283_mic1,p239,data\VCTK\wav48_silence_trimmed\p239\p239_283_mic1.flac,p257,0,1,0.4096080958843231,0.15707847476005554,0.4096080958843231,-0.2525296211242676,2.390625
lca,2,p239_283_mic1,p239,data\VCTK\wav48_silence_trimmed\p239\p239_283_mic1.flac,p257,0,1,0.40665191411972046,0.34526216983795166,0.40665191411972046,-0.0613897442817688,2.390625
lca,3,p239_283_mic1,p239,data\VCTK\wav48_silence_trimmed\p239\p239_283_mic1.flac,p257,0,1,0.4177936017513275,0.3780089318752289,0.4177936017513275,-0.03978466987609863,2.390625
original,0,p239_392_mic2,p239,data\VCTK\wav48_silence_trimmed\p239\p239_392_mic2.flac,p239,1,1,0.7312573194503784,0.7312573194503784,0.3878015875816345,0.3434557318687439,2.3053125
base,1,p239_392_mic2,p239,data\VCTK\wav48_silence_trimmed\p239\p239_392_mic2.flac,p283,0,1,0.42258256673812866,0.20685625076293945,0.42258256673812866,-0.2157263159751892,2.3053125
base,2,p239_392_mic2,p239,data\VCTK\wav48_silence_trimmed\p239\p239_392_mic2.flac,p283,0,1,0.48077312111854553,0.269600510597229,0.48077312111854553,-0.21117261052131653,2.3053125
base,3,p239_392_mic2,p239,data\VCTK\wav48_silence_trimmed\p239\p239_392_mic2.flac,p283,0,1,0.5042190551757812,0.32975590229034424,0.5042190551757812,-0.174463152885437,2.3053125
lca,1,p239_392_mic2,p239,data\VCTK\wav48_silence_trimmed\p239\p239_392_mic2.flac,p261,0,1,0.3134859502315521,0.19472333788871765,0.3134859502315521,-0.11876261234283447,2.3053125
lca,2,p239_392_mic2,p239,data\VCTK\wav48_silence_trimmed\p239\p239_392_mic2.flac,p280,0,1,0.410320907831192,0.24360620975494385,0.410320907831192,-0.16671469807624817,2.3053125
lca,3,p239_392_mic2,p239,data\VCTK\wav48_silence_trimmed\p239\p239_392_mic2.flac,p257,0,1,0.41466689109802246,0.34708353877067566,0.41466689109802246,-0.0675833523273468,2.3053125
original,0,p240_008_mic1,p240,data\VCTK\wav48_silence_trimmed\p240\p240_008_mic1.flac,p240,1,1,0.8102215528488159,0.8102215528488159,0.4741053581237793,0.3361161947250366,6.7995625
base,1,p240_008_mic1,p240,data\VCTK\wav48_silence_trimmed\p240\p240_008_mic1.flac,p283,0,1,0.354575514793396,0.23639130592346191,0.354575514793396,-0.11818420886993408,6.7995625
base,2,p240_008_mic1,p240,data\VCTK\wav48_silence_trimmed\p240\p240_008_mic1.flac,p249,0,1,0.4323425889015198,0.34257128834724426,0.4323425889015198,-0.08977130055427551,6.7995625
base,3,p240_008_mic1,p240,data\VCTK\wav48_silence_trimmed\p240\p240_008_mic1.flac,p257,0,1,0.41501784324645996,0.3688817024230957,0.41501784324645996,-0.04613614082336426,6.7995625
lca,1,p240_008_mic1,p240,data\VCTK\wav48_silence_trimmed\p240\p240_008_mic1.flac,p264,0,1,0.3921038806438446,0.2094312459230423,0.3921038806438446,-0.1826726347208023,6.7995625
lca,2,p240_008_mic1,p240,data\VCTK\wav48_silence_trimmed\p240\p240_008_mic1.flac,p280,0,1,0.43562209606170654,0.28968560695648193,0.43562209606170654,-0.1459364891052246,6.7995625
lca,3,p240_008_mic1,p240,data\VCTK\wav48_silence_trimmed\p240\p240_008_mic1.flac,p266,0,1,0.4289954602718353,0.28469550609588623,0.4289954602718353,-0.1442999541759491,6.7995625
original,0,p240_064_mic1,p240,data\VCTK\wav48_silence_trimmed\p240\p240_064_mic1.flac,p240,1,1,0.7092158794403076,0.7092158794403076,0.45800361037254333,0.2512122690677643,2.4258125
base,1,p240_064_mic1,p240,data\VCTK\wav48_silence_trimmed\p240\p240_064_mic1.flac,p283,0,1,0.48550209403038025,0.34582170844078064,0.48550209403038025,-0.1396803855895996,2.4258125
base,2,p240_064_mic1,p240,data\VCTK\wav48_silence_trimmed\p240\p240_064_mic1.flac,p228,0,1,0.35171234607696533,0.33032235503196716,0.35171234607696533,-0.02138999104499817,2.4258125
base,3,p240_064_mic1,p240,data\VCTK\wav48_silence_trimmed\p240\p240_064_mic1.flac,p228,0,1,0.4092510938644409,0.3401910960674286,0.4092510938644409,-0.06905999779701233,2.4258125
lca,1,p240_064_mic1,p240,data\VCTK\wav48_silence_trimmed\p240\p240_064_mic1.flac,p261,0,1,0.3612004518508911,0.25966984033584595,0.3612004518508911,-0.10153061151504517,2.4258125
lca,2,p240_064_mic1,p240,data\VCTK\wav48_silence_trimmed\p240\p240_064_mic1.flac,p262,0,1,0.3932029604911804,0.29755911231040955,0.3932029604911804,-0.09564384818077087,2.4258125
lca,3,p240_064_mic1,p240,data\VCTK\wav48_silence_trimmed\p240\p240_064_mic1.flac,p262,0,1,0.39271318912506104,0.3383634686470032,0.39271318912506104,-0.05434972047805786,2.4258125
original,0,p240_150_mic1,p240,data\VCTK\wav48_silence_trimmed\p240\p240_150_mic1.flac,p240,1,1,0.7678157091140747,0.7678157091140747,0.5408201813697815,0.2269955277442932,4.143375
base,1,p240_150_mic1,p240,data\VCTK\wav48_silence_trimmed\p240\p240_150_mic1.flac,p318,0,1,0.36829546093940735,0.29875990748405457,0.36829546093940735,-0.06953555345535278,4.143375
base,2,p240_150_mic1,p240,data\VCTK\wav48_silence_trimmed\p240\p240_150_mic1.flac,p228,0,1,0.43648725748062134,0.3855457007884979,0.43648725748062134,-0.05094155669212341,4.143375
base,3,p240_150_mic1,p240,data\VCTK\wav48_silence_trimmed\p240\p240_150_mic1.flac,p240,1,1,0.3998866081237793,0.3998866081237793,0.39601096510887146,0.003875643014907837,4.143375
lca,1,p240_150_mic1,p240,data\VCTK\wav48_silence_trimmed\p240\p240_150_mic1.flac,p280,0,1,0.4119175374507904,0.2194739580154419,0.4119175374507904,-0.1924435794353485,4.143375
lca,2,p240_150_mic1,p240,data\VCTK\wav48_silence_trimmed\p240\p240_150_mic1.flac,p317,0,1,0.3837333619594574,0.30733928084373474,0.3837333619594574,-0.07639408111572266,4.143375
lca,3,p240_150_mic1,p240,data\VCTK\wav48_silence_trimmed\p240\p240_150_mic1.flac,p317,0,1,0.4303399324417114,0.32950538396835327,0.4303399324417114,-0.10083454847335815,4.143375
original,0,p240_333_mic2,p240,data\VCTK\wav48_silence_trimmed\p240\p240_333_mic2.flac,p240,1,1,0.7124036550521851,0.7124036550521851,0.5132755041122437,0.1991281509399414,3.5055625
base,1,p240_333_mic2,p240,data\VCTK\wav48_silence_trimmed\p240\p240_333_mic2.flac,p330,0,1,0.3413226008415222,0.18444615602493286,0.3413226008415222,-0.15687644481658936,3.5055625
base,2,p240_333_mic2,p240,data\VCTK\wav48_silence_trimmed\p240\p240_333_mic2.flac,p293,0,1,0.3681839108467102,0.2649538815021515,0.3681839108467102,-0.10323002934455872,3.5055625
base,3,p240_333_mic2,p240,data\VCTK\wav48_silence_trimmed\p240\p240_333_mic2.flac,p283,0,1,0.3438630700111389,0.28799256682395935,0.3438630700111389,-0.055870503187179565,3.5055625
lca,1,p240_333_mic2,p240,data\VCTK\wav48_silence_trimmed\p240\p240_333_mic2.flac,p257,0,1,0.38340067863464355,0.20272576808929443,0.38340067863464355,-0.18067491054534912,3.5055625
lca,2,p240_333_mic2,p240,data\VCTK\wav48_silence_trimmed\p240\p240_333_mic2.flac,p280,0,1,0.41949695348739624,0.22270673513412476,0.41949695348739624,-0.19679021835327148,3.5055625
lca,3,p240_333_mic2,p240,data\VCTK\wav48_silence_trimmed\p240\p240_333_mic2.flac,p280,0,1,0.4284340739250183,0.26943615078926086,0.4284340739250183,-0.15899792313575745,3.5055625
original,0,p240_358_mic2,p240,data\VCTK\wav48_silence_trimmed\p240\p240_358_mic2.flac,p240,1,1,0.7405500411987305,0.7405500411987305,0.5794956088066101,0.16105443239212036,4.1846875
base,1,p240_358_mic2,p240,data\VCTK\wav48_silence_trimmed\p240\p240_358_mic2.flac,p264,0,1,0.374187707901001,0.18798786401748657,0.374187707901001,-0.1861998438835144,4.1846875
base,2,p240_358_mic2,p240,data\VCTK\wav48_silence_trimmed\p240\p240_358_mic2.flac,p264,0,1,0.38644668459892273,0.31515035033226013,0.38644668459892273,-0.0712963342666626,4.1846875
base,3,p240_358_mic2,p240,data\VCTK\wav48_silence_trimmed\p240\p240_358_mic2.flac,p264,0,1,0.4146411418914795,0.34534379839897156,0.4146411418914795,-0.06929734349250793,4.1846875
lca,1,p240_358_mic2,p240,data\VCTK\wav48_silence_trimmed\p240\p240_358_mic2.flac,p264,0,1,0.42674195766448975,0.19836945831775665,0.42674195766448975,-0.2283724993467331,4.1846875
lca,2,p240_358_mic2,p240,data\VCTK\wav48_silence_trimmed\p240\p240_358_mic2.flac,p280,0,1,0.4118329882621765,0.24364832043647766,0.4118329882621765,-0.16818466782569885,4.1846875
lca,3,p240_358_mic2,p240,data\VCTK\wav48_silence_trimmed\p240\p240_358_mic2.flac,p266,0,1,0.4279320538043976,0.2695557773113251,0.4279320538043976,-0.1583762764930725,4.1846875
original,0,p241_009_mic1,p241,data\VCTK\wav48_silence_trimmed\p241\p241_009_mic1.flac,p241,1,1,0.7608015537261963,0.7608015537261963,0.31218868494033813,0.44861286878585815,4.595125
base,1,p241_009_mic1,p241,data\VCTK\wav48_silence_trimmed\p241\p241_009_mic1.flac,p360,0,1,0.3300207555294037,0.15164029598236084,0.3300207555294037,-0.17838045954704285,4.595125
base,2,p241_009_mic1,p241,data\VCTK\wav48_silence_trimmed\p241\p241_009_mic1.flac,p259,0,1,0.4086577892303467,0.4025748670101166,0.4086577892303467,-0.0060829222202301025,4.595125
base,3,p241_009_mic1,p241,data\VCTK\wav48_silence_trimmed\p241\p241_009_mic1.flac,p241,1,1,0.5030433535575867,0.5030433535575867,0.4126109480857849,0.09043240547180176,4.595125
lca,1,p241_009_mic1,p241,data\VCTK\wav48_silence_trimmed\p241\p241_009_mic1.flac,p360,0,0,0.24714216589927673,0.09671789407730103,0.24714216589927673,-0.1504242718219757,4.595125
lca,2,p241_009_mic1,p241,data\VCTK\wav48_silence_trimmed\p241\p241_009_mic1.flac,p259,0,1,0.39317846298217773,0.28234052658081055,0.39317846298217773,-0.11083793640136719,4.595125
lca,3,p241_009_mic1,p241,data\VCTK\wav48_silence_trimmed\p241\p241_009_mic1.flac,p259,0,1,0.3691766560077667,0.3211785852909088,0.3691766560077667,-0.04799807071685791,4.595125
original,0,p241_028_mic2,p241,data\VCTK\wav48_silence_trimmed\p241\p241_028_mic2.flac,p241,1,1,0.6646842956542969,0.6646842956542969,0.3772560954093933,0.28742820024490356,3.2496875
base,1,p241_028_mic2,p241,data\VCTK\wav48_silence_trimmed\p241\p241_028_mic2.flac,p374,0,1,0.29171186685562134,0.12406747043132782,0.29171186685562134,-0.16764439642429352,3.2496875
base,2,p241_028_mic2,p241,data\VCTK\wav48_silence_trimmed\p241\p241_028_mic2.flac,p271,0,1,0.3922933340072632,0.3374723792076111,0.3922933340072632,-0.0548209547996521,3.2496875
base,3,p241_028_mic2,p241,data\VCTK\wav48_silence_trimmed\p241\p241_028_mic2.flac,p271,0,1,0.42081689834594727,0.41862791776657104,0.42081689834594727,-0.0021889805793762207,3.2496875
lca,1,p241_028_mic2,p241,data\VCTK\wav48_silence_trimmed\p241\p241_028_mic2.flac,p271,0,1,0.2719383239746094,0.11689015477895737,0.2719383239746094,-0.155048169195652,3.2496875
lca,2,p241_028_mic2,p241,data\VCTK\wav48_silence_trimmed\p241\p241_028_mic2.flac,p271,0,1,0.3220742344856262,0.1897253394126892,0.3220742344856262,-0.132348895072937,3.2496875
lca,3,p241_028_mic2,p241,data\VCTK\wav48_silence_trimmed\p241\p241_028_mic2.flac,p252,0,1,0.367639422416687,0.30256184935569763,0.367639422416687,-0.06507757306098938,3.2496875
original,0,p241_076_mic2,p241,data\VCTK\wav48_silence_trimmed\p241\p241_076_mic2.flac,p241,1,1,0.6608101725578308,0.6608101725578308,0.39553678035736084,0.26527339220046997,2.80025
base,1,p241_076_mic2,p241,data\VCTK\wav48_silence_trimmed\p241\p241_076_mic2.flac,p292,0,1,0.32612282037734985,0.24859154224395752,0.32612282037734985,-0.07753127813339233,2.80025
base,2,p241_076_mic2,p241,data\VCTK\wav48_silence_trimmed\p241\p241_076_mic2.flac,p241,1,1,0.4453490376472473,0.4453490376472473,0.4367389976978302,0.008610039949417114,2.80025
base,3,p241_076_mic2,p241,data\VCTK\wav48_silence_trimmed\p241\p241_076_mic2.flac,p271,0,1,0.5014313459396362,0.4799957871437073,0.5014313459396362,-0.021435558795928955,2.80025
lca,1,p241_076_mic2,p241,data\VCTK\wav48_silence_trimmed\p241\p241_076_mic2.flac,p271,0,1,0.35934263467788696,0.15541774034500122,0.35934263467788696,-0.20392489433288574,2.80025
lca,2,p241_076_mic2,p241,data\VCTK\wav48_silence_trimmed\p241\p241_076_mic2.flac,p271,0,1,0.4377598166465759,0.28198081254959106,0.4377598166465759,-0.15577900409698486,2.80025
lca,3,p241_076_mic2,p241,data\VCTK\wav48_silence_trimmed\p241\p241_076_mic2.flac,p271,0,1,0.46580028533935547,0.3104674518108368,0.46580028533935547,-0.15533283352851868,2.80025
original,0,p241_167_mic1,p241,data\VCTK\wav48_silence_trimmed\p241\p241_167_mic1.flac,p241,1,1,0.6864179372787476,0.6864179372787476,0.3715169429779053,0.3149009943008423,2.6463125
base,1,p241_167_mic1,p241,data\VCTK\wav48_silence_trimmed\p241\p241_167_mic1.flac,p364,0,1,0.2913194000720978,0.05884305387735367,0.2913194000720978,-0.2324763461947441,2.6463125
base,2,p241_167_mic1,p241,data\VCTK\wav48_silence_trimmed\p241\p241_167_mic1.flac,p271,0,1,0.3872838020324707,0.21460112929344177,0.3872838020324707,-0.17268267273902893,2.6463125
base,3,p241_167_mic1,p241,data\VCTK\wav48_silence_trimmed\p241\p241_167_mic1.flac,p271,0,1,0.47716113924980164,0.3860308527946472,0.47716113924980164,-0.09113028645515442,2.6463125
lca,1,p241_167_mic1,p241,data\VCTK\wav48_silence_trimmed\p241\p241_167_mic1.flac,p271,0,1,0.3180127739906311,0.010241702198982239,0.3180127739906311,-0.30777107179164886,2.6463125
lca,2,p241_167_mic1,p241,data\VCTK\wav48_silence_trimmed\p241\p241_167_mic1.flac,p271,0,1,0.37682366371154785,0.18629758059978485,0.37682366371154785,-0.190526083111763,2.6463125
lca,3,p241_167_mic1,p241,data\VCTK\wav48_silence_trimmed\p241\p241_167_mic1.flac,p271,0,1,0.39144402742385864,0.2800578773021698,0.39144402742385864,-0.11138615012168884,2.6463125
original,0,p241_273_mic1,p241,data\VCTK\wav48_silence_trimmed\p241\p241_273_mic1.flac,p241,1,1,0.6169298887252808,0.6169298887252808,0.4041047990322113,0.21282508969306946,3.8313125
base,1,p241_273_mic1,p241,data\VCTK\wav48_silence_trimmed\p241\p241_273_mic1.flac,p258,0,1,0.34324783086776733,0.03621494024991989,0.34324783086776733,-0.30703289061784744,3.8313125
base,2,p241_273_mic1,p241,data\VCTK\wav48_silence_trimmed\p241\p241_273_mic1.flac,p271,0,1,0.3294665217399597,0.247740238904953,0.3294665217399597,-0.08172628283500671,3.8313125
base,3,p241_273_mic1,p241,data\VCTK\wav48_silence_trimmed\p241\p241_273_mic1.flac,p252,0,1,0.4081854224205017,0.30536437034606934,0.4081854224205017,-0.10282105207443237,3.8313125
lca,1,p241_273_mic1,p241,data\VCTK\wav48_silence_trimmed\p241\p241_273_mic1.flac,p226,0,1,0.32728713750839233,0.072263203561306,0.32728713750839233,-0.25502393394708633,3.8313125
lca,2,p241_273_mic1,p241,data\VCTK\wav48_silence_trimmed\p241\p241_273_mic1.flac,p271,0,1,0.3417043089866638,0.25009384751319885,0.3417043089866638,-0.09161046147346497,3.8313125
lca,3,p241_273_mic1,p241,data\VCTK\wav48_silence_trimmed\p241\p241_273_mic1.flac,p252,0,1,0.3665105700492859,0.3079057037830353,0.3665105700492859,-0.05860486626625061,3.8313125
original,0,p243_169_mic2,p243,data\VCTK\wav48_silence_trimmed\p243\p243_169_mic2.flac,p243,1,1,0.709741473197937,0.709741473197937,0.41849297285079956,0.29124850034713745,3.48375
base,1,p243_169_mic2,p243,data\VCTK\wav48_silence_trimmed\p243\p243_169_mic2.flac,p360,0,1,0.30499696731567383,0.17106804251670837,0.30499696731567383,-0.13392892479896545,3.48375
base,2,p243_169_mic2,p243,data\VCTK\wav48_silence_trimmed\p243\p243_169_mic2.flac,p271,0,1,0.387688010931015,0.2594742178916931,0.387688010931015,-0.1282137930393219,3.48375
base,3,p243_169_mic2,p243,data\VCTK\wav48_silence_trimmed\p243\p243_169_mic2.flac,p271,0,1,0.4320604205131531,0.3300745487213135,0.4320604205131531,-0.1019858717918396,3.48375
lca,1,p243_169_mic2,p243,data\VCTK\wav48_silence_trimmed\p243\p243_169_mic2.flac,p364,0,1,0.29868343472480774,0.21311867237091064,0.29868343472480774,-0.0855647623538971,3.48375
lca,2,p243_169_mic2,p243,data\VCTK\wav48_silence_trimmed\p243\p243_169_mic2.flac,p271,0,1,0.39720019698143005,0.2856975197792053,0.39720019698143005,-0.11150267720222473,3.48375
lca,3,p243_169_mic2,p243,data\VCTK\wav48_silence_trimmed\p243\p243_169_mic2.flac,p271,0,1,0.40699517726898193,0.3244248032569885,0.40699517726898193,-0.08257037401199341,3.48375
original,0,p243_182_mic2,p243,data\VCTK\wav48_silence_trimmed\p243\p243_182_mic2.flac,p243,1,1,0.7572445273399353,0.7572445273399353,0.30333346128463745,0.45391106605529785,3.25275
base,1,p243_182_mic2,p243,data\VCTK\wav48_silence_trimmed\p243\p243_182_mic2.flac,p360,0,1,0.3233601450920105,0.2446584701538086,0.3233601450920105,-0.0787016749382019,3.25275
base,2,p243_182_mic2,p243,data\VCTK\wav48_silence_trimmed\p243\p243_182_mic2.flac,p271,0,1,0.45666417479515076,0.44119977951049805,0.45666417479515076,-0.01546439528465271,3.25275
base,3,p243_182_mic2,p243,data\VCTK\wav48_silence_trimmed\p243\p243_182_mic2.flac,p271,0,1,0.4637386202812195,0.35265663266181946,0.4637386202812195,-0.11108198761940002,3.25275
lca,1,p243_182_mic2,p243,data\VCTK\wav48_silence_trimmed\p243\p243_182_mic2.flac,p374,0,0,0.24433797597885132,0.22614020109176636,0.24433797597885132,-0.01819777488708496,3.25275
lca,2,p243_182_mic2,p243,data\VCTK\wav48_silence_trimmed\p243\p243_182_mic2.flac,p271,0,1,0.40809398889541626,0.20071133971214294,0.40809398889541626,-0.20738264918327332,3.25275
lca,3,p243_182_mic2,p243,data\VCTK\wav48_silence_trimmed\p243\p243_182_mic2.flac,p271,0,1,0.40569034218788147,0.27863773703575134,0.40569034218788147,-0.12705260515213013,3.25275
original,0,p243_227_mic1,p243,data\VCTK\wav48_silence_trimmed\p243\p243_227_mic1.flac,p243,1,1,0.8329946398735046,0.8329946398735046,0.2742975354194641,0.5586971044540405,4.1221875
base,1,p243_227_mic1,p243,data\VCTK\wav48_silence_trimmed\p243\p243_227_mic1.flac,p259,0,1,0.3427087664604187,0.2976105213165283,0.3427087664604187,-0.04509824514389038,4.1221875
base,2,p243_227_mic1,p243,data\VCTK\wav48_silence_trimmed\p243\p243_227_mic1.flac,p243,1,1,0.513717770576477,0.513717770576477,0.37442612648010254,0.1392916440963745,4.1221875
base,3,p243_227_mic1,p243,data\VCTK\wav48_silence_trimmed\p243\p243_227_mic1.flac,p243,1,1,0.5117517709732056,0.5117517709732056,0.3839321732521057,0.12781959772109985,4.1221875
lca,1,p243_227_mic1,p243,data\VCTK\wav48_silence_trimmed\p243\p243_227_mic1.flac,p364,0,1,0.26403385400772095,0.1900707334280014,0.26403385400772095,-0.07396312057971954,4.1221875
lca,2,p243_227_mic1,p243,data\VCTK\wav48_silence_trimmed\p243\p243_227_mic1.flac,p364,0,1,0.3540535569190979,0.28102415800094604,0.3540535569190979,-0.07302939891815186,4.1221875
lca,3,p243_227_mic1,p243,data\VCTK\wav48_silence_trimmed\p243\p243_227_mic1.flac,p271,0,1,0.4003019630908966,0.3194282352924347,0.4003019630908966,-0.08087372779846191,4.1221875
original,0,p243_251_mic1,p243,data\VCTK\wav48_silence_trimmed\p243\p243_251_mic1.flac,p243,1,1,0.7824980020523071,0.7824980020523071,0.24728110432624817,0.535216897726059,3.5463125
base,1,p243_251_mic1,p243,data\VCTK\wav48_silence_trimmed\p243\p243_251_mic1.flac,p360,0,1,0.3737145662307739,0.328128457069397,0.3737145662307739,-0.04558610916137695,3.5463125
base,2,p243_251_mic1,p243,data\VCTK\wav48_silence_trimmed\p243\p243_251_mic1.flac,p243,1,1,0.5380136370658875,0.5380136370658875,0.34786784648895264,0.19014579057693481,3.5463125
base,3,p243_251_mic1,p243,data\VCTK\wav48_silence_trimmed\p243\p243_251_mic1.flac,p243,1,1,0.5063704252243042,0.5063704252243042,0.32097217440605164,0.18539825081825256,3.5463125
lca,1,p243_251_mic1,p243,data\VCTK\wav48_silence_trimmed\p243\p243_251_mic1.flac,p271,0,1,0.31078505516052246,0.21807613968849182,0.31078505516052246,-0.09270891547203064,3.5463125
lca,2,p243_251_mic1,p243,data\VCTK\wav48_silence_trimmed\p243\p243_251_mic1.flac,p226,0,1,0.39488229155540466,0.29361099004745483,0.39488229155540466,-0.10127130150794983,3.5463125
lca,3,p243_251_mic1,p243,data\VCTK\wav48_silence_trimmed\p243\p243_251_mic1.flac,p226,0,1,0.37359854578971863,0.32803335785865784,0.37359854578971863,-0.04556518793106079,3.5463125
original,0,p243_291_mic2,p243,data\VCTK\wav48_silence_trimmed\p243\p243_291_mic2.flac,p243,1,1,0.6389226317405701,0.6389226317405701,0.32236361503601074,0.3165590167045593,3.502375
base,1,p243_291_mic2,p243,data\VCTK\wav48_silence_trimmed\p243\p243_291_mic2.flac,p374,0,1,0.3421509861946106,0.16916710138320923,0.3421509861946106,-0.17298388481140137,3.502375
base,2,p243_291_mic2,p243,data\VCTK\wav48_silence_trimmed\p243\p243_291_mic2.flac,p271,0,1,0.3833184838294983,0.3825947642326355,0.3833184838294983,-0.000723719596862793,3.502375
base,3,p243_291_mic2,p243,data\VCTK\wav48_silence_trimmed\p243\p243_291_mic2.flac,p243,1,1,0.3814869523048401,0.3814869523048401,0.3712370693683624,0.010249882936477661,3.502375
lca,1,p243_291_mic2,p243,data\VCTK\wav48_silence_trimmed\p243\p243_291_mic2.flac,p281,0,1,0.30913233757019043,0.15417835116386414,0.30913233757019043,-0.1549539864063263,3.502375
lca,2,p243_291_mic2,p243,data\VCTK\wav48_silence_trimmed\p243\p243_291_mic2.flac,p271,0,1,0.33604317903518677,0.24926650524139404,0.33604317903518677,-0.08677667379379272,3.502375
lca,3,p243_291_mic2,p243,data\VCTK\wav48_silence_trimmed\p243\p243_291_mic2.flac,p271,0,1,0.3334908187389374,0.23053306341171265,0.3334908187389374,-0.10295775532722473,3.502375
original,0,p244_023_mic2,p244,data\VCTK\wav48_silence_trimmed\p244\p244_023_mic2.flac,p244,1,1,0.7673987746238708,0.7673987746238708,0.5160253047943115,0.2513734698295593,10.543875
base,1,p244_023_mic2,p244,data\VCTK\wav48_silence_trimmed\p244\p244_023_mic2.flac,p330,0,1,0.34012582898139954,0.30858924984931946,0.34012582898139954,-0.03153657913208008,10.543875
base,2,p244_023_mic2,p244,data\VCTK\wav48_silence_trimmed\p244\p244_023_mic2.flac,p244,1,1,0.484156996011734,0.484156996011734,0.429487407207489,0.054669588804244995,10.543875
base,3,p244_023_mic2,p244,data\VCTK\wav48_silence_trimmed\p244\p244_023_mic2.flac,p244,1,1,0.4907319247722626,0.4907319247722626,0.48827141523361206,0.0024605095386505127,10.543875
lca,1,p244_023_mic2,p244,data\VCTK\wav48_silence_trimmed\p244\p244_023_mic2.flac,p264,0,1,0.38875290751457214,0.2924126386642456,0.38875290751457214,-0.09634026885032654,10.543875
lca,2,p244_023_mic2,p244,data\VCTK\wav48_silence_trimmed\p244\p244_023_mic2.flac,p264,0,1,0.42578184604644775,0.32876795530319214,0.42578184604644775,-0.09701389074325562,10.543875
lca,3,p244_023_mic2,p244,data\VCTK\wav48_silence_trimmed\p244\p244_023_mic2.flac,p280,0,1,0.4278342127799988,0.3577916920185089,0.4278342127799988,-0.07004252076148987,10.543875
original,0,p244_103_mic2,p244,data\VCTK\wav48_silence_trimmed\p244\p244_103_mic2.flac,p244,1,1,0.7799197435379028,0.7799197435379028,0.5181020498275757,0.26181769371032715,3.6440625
base,1,p244_103_mic2,p244,data\VCTK\wav48_silence_trimmed\p244\p244_103_mic2.flac,p244,1,1,0.41712862253189087,0.41712862253189087,0.3421521782875061,0.07497644424438477,3.6440625
base,2,p244_103_mic2,p244,data\VCTK\wav48_silence_trimmed\p244\p244_103_mic2.flac,p231,0,1,0.4083472490310669,0.37932536005973816,0.4083472490310669,-0.029021888971328735,3.6440625
base,3,p244_103_mic2,p244,data\VCTK\wav48_silence_trimmed\p244\p244_103_mic2.flac,p231,0,1,0.4324498176574707,0.34925034642219543,0.4324498176574707,-0.08319947123527527,3.6440625
lca,1,p244_103_mic2,p244,data\VCTK\wav48_silence_trimmed\p244\p244_103_mic2.flac,p262,0,1,0.3555321991443634,0.2480267584323883,0.3555321991443634,-0.1075054407119751,3.6440625
lca,2,p244_103_mic2,p244,data\VCTK\wav48_silence_trimmed\p244\p244_103_mic2.flac,p293,0,1,0.40331196784973145,0.36456865072250366,0.40331196784973145,-0.03874331712722778,3.6440625
lca,3,p244_103_mic2,p244,data\VCTK\wav48_silence_trimmed\p244\p244_103_mic2.flac,p280,0,1,0.45408961176872253,0.3523355722427368,0.45408961176872253,-0.10175403952598572,3.6440625
original,0,p244_190_mic1,p244,data\VCTK\wav48_silence_trimmed\p244\p244_190_mic1.flac,p244,1,1,0.7662237882614136,0.7662237882614136,0.5744487643241882,0.19177502393722534,3.251625
base,1,p244_190_mic1,p244,data\VCTK\wav48_silence_trimmed\p244\p244_190_mic1.flac,p293,0,1,0.4799635708332062,0.350594162940979,0.4799635708332062,-0.12936940789222717,3.251625
base,2,p244_190_mic1,p244,data\VCTK\wav48_silence_trimmed\p244\p244_190_mic1.flac,p293,0,1,0.5000531077384949,0.43391481041908264,0.5000531077384949,-0.06613829731941223,3.251625
base,3,p244_190_mic1,p244,data\VCTK\wav48_silence_trimmed\p244\p244_190_mic1.flac,p244,1,1,0.5029152631759644,0.5029152631759644,0.4993530511856079,0.0035622119903564453,3.251625
lca,1,p244_190_mic1,p244,data\VCTK\wav48_silence_trimmed\p244\p244_190_mic1.flac,p262,0,1,0.35529154539108276,0.21826361119747162,0.35529154539108276,-0.13702793419361115,3.251625
lca,2,p244_190_mic1,p244,data\VCTK\wav48_silence_trimmed\p244\p244_190_mic1.flac,p293,0,1,0.4704425632953644,0.3031705617904663,0.4704425632953644,-0.16727200150489807,3.251625
lca,3,p244_190_mic1,p244,data\VCTK\wav48_silence_trimmed\p244\p244_190_mic1.flac,p293,0,1,0.46452006697654724,0.3349224328994751,0.46452006697654724,-0.12959763407707214,3.251625
original,0,p244_293_mic2,p244,data\VCTK\wav48_silence_trimmed\p244\p244_293_mic2.flac,p244,1,1,0.7378634214401245,0.7378634214401245,0.4872080087661743,0.2506554126739502,3.168
base,1,p244_293_mic2,p244,data\VCTK\wav48_silence_trimmed\p244\p244_293_mic2.flac,p330,0,1,0.27832862734794617,0.20700713992118835,0.27832862734794617,-0.07132148742675781,3.168
base,2,p244_293_mic2,p244,data\VCTK\wav48_silence_trimmed\p244\p244_293_mic2.flac,p244,1,1,0.43759649991989136,0.43759649991989136,0.42570018768310547,0.011896312236785889,3.168
base,3,p244_293_mic2,p244,data\VCTK\wav48_silence_trimmed\p244\p244_293_mic2.flac,p231,0,1,0.47445520758628845,0.43900805711746216,0.47445520758628845,-0.035447150468826294,3.168
lca,1,p244_293_mic2,p244,data\VCTK\wav48_silence_trimmed\p244\p244_293_mic2.flac,p261,0,1,0.3388725519180298,0.29691994190216064,0.3388725519180298,-0.04195261001586914,3.168
lca,2,p244_293_mic2,p244,data\VCTK\wav48_silence_trimmed\p244\p244_293_mic2.flac,p280,0,1,0.4056442379951477,0.3692769706249237,0.4056442379951477,-0.036367267370224,3.168
lca,3,p244_293_mic2,p244,data\VCTK\wav48_silence_trimmed\p244\p244_293_mic2.flac,p231,0,1,0.4129728078842163,0.36401641368865967,0.4129728078842163,-0.04895639419555664,3.168
original,0,p244_389_mic2,p244,data\VCTK\wav48_silence_trimmed\p244\p244_389_mic2.flac,p244,1,1,0.7525408267974854,0.7525408267974854,0.5330785512924194,0.21946227550506592,3.239375
base,1,p244_389_mic2,p244,data\VCTK\wav48_silence_trimmed\p244\p244_389_mic2.flac,p257,0,1,0.45778340101242065,0.3869358003139496,0.45778340101242065,-0.07084760069847107,3.239375
base,2,p244_389_mic2,p244,data\VCTK\wav48_silence_trimmed\p244\p244_389_mic2.flac,p293,0,1,0.4852050244808197,0.4159093499183655,0.4852050244808197,-0.06929567456245422,3.239375
base,3,p244_389_mic2,p244,data\VCTK\wav48_silence_trimmed\p244\p244_389_mic2.flac,p257,0,1,0.5043290853500366,0.4952024519443512,0.5043290853500366,-0.009126633405685425,3.239375
lca,1,p244_389_mic2,p244,data\VCTK\wav48_silence_trimmed\p244\p244_389_mic2.flac,p261,0,1,0.35084226727485657,0.27597200870513916,0.35084226727485657,-0.07487025856971741,3.239375
lca,2,p244_389_mic2,p244,data\VCTK\wav48_silence_trimmed\p244\p244_389_mic2.flac,p293,0,1,0.40080592036247253,0.34327247738838196,0.40080592036247253,-0.057533442974090576,3.239375
lca,3,p244_389_mic2,p244,data\VCTK\wav48_silence_trimmed\p244\p244_389_mic2.flac,p280,0,1,0.42813411355018616,0.3621102571487427,0.42813411355018616,-0.06602385640144348,3.239375
original,0,p245_044_mic2,p245,data\VCTK\wav48_silence_trimmed\p245\p245_044_mic2.flac,p245,1,1,0.7048994302749634,0.7048994302749634,0.4479553699493408,0.25694406032562256,2.907375
base,1,p245_044_mic2,p245,data\VCTK\wav48_silence_trimmed\p245\p245_044_mic2.flac,p364,0,1,0.2740517258644104,0.05029396340250969,0.2740517258644104,-0.2237577624619007,2.907375
base,2,p245_044_mic2,p245,data\VCTK\wav48_silence_trimmed\p245\p245_044_mic2.flac,p347,0,1,0.3187061548233032,0.16687968373298645,0.3187061548233032,-0.15182647109031677,2.907375
base,3,p245_044_mic2,p245,data\VCTK\wav48_silence_trimmed\p245\p245_044_mic2.flac,p376,0,1,0.36479586362838745,0.25176817178726196,0.36479586362838745,-0.11302769184112549,2.907375
lca,1,p245_044_mic2,p245,data\VCTK\wav48_silence_trimmed\p245\p245_044_mic2.flac,p226,0,1,0.34877538681030273,0.14401571452617645,0.34877538681030273,-0.20475967228412628,2.907375
lca,2,p245_044_mic2,p245,data\VCTK\wav48_silence_trimmed\p245\p245_044_mic2.flac,p364,0,1,0.34761613607406616,0.2790190577507019,0.34761613607406616,-0.06859707832336426,2.907375
lca,3,p245_044_mic2,p245,data\VCTK\wav48_silence_trimmed\p245\p245_044_mic2.flac,p364,0,1,0.4015423357486725,0.3423122763633728,0.4015423357486725,-0.05923005938529968,2.907375
original,0,p245_091_mic2,p245,data\VCTK\wav48_silence_trimmed\p245\p245_091_mic2.flac,p245,1,1,0.7715858817100525,0.7715858817100525,0.5355373024940491,0.23604857921600342,2.898375
base,1,p245_091_mic2,p245,data\VCTK\wav48_silence_trimmed\p245\p245_091_mic2.flac,p311,0,1,0.3333851099014282,0.1399308741092682,0.3333851099014282,-0.19345423579216003,2.898375
base,2,p245_091_mic2,p245,data\VCTK\wav48_silence_trimmed\p245\p245_091_mic2.flac,p347,0,1,0.3823387026786804,0.29130661487579346,0.3823387026786804,-0.09103208780288696,2.898375
base,3,p245_091_mic2,p245,data\VCTK\wav48_silence_trimmed\p245\p245_091_mic2.flac,p347,0,1,0.44161564111709595,0.3291059136390686,0.44161564111709595,-0.11250972747802734,2.898375
lca,1,p245_091_mic2,p245,data\VCTK\wav48_silence_trimmed\p245\p245_091_mic2.flac,p262,0,1,0.3328222632408142,0.08744946122169495,0.3328222632408142,-0.24537280201911926,2.898375
lca,2,p245_091_mic2,p245,data\VCTK\wav48_silence_trimmed\p245\p245_091_mic2.flac,p281,0,1,0.3934568762779236,0.24872715771198273,0.3934568762779236,-0.14472971856594086,2.898375
lca,3,p245_091_mic2,p245,data\VCTK\wav48_silence_trimmed\p245\p245_091_mic2.flac,p364,0,1,0.39693310856819153,0.30929386615753174,0.39693310856819153,-0.08763924241065979,2.898375
original,0,p245_108_mic1,p245,data\VCTK\wav48_silence_trimmed\p245\p245_108_mic1.flac,p245,1,1,0.6248998045921326,0.6248998045921326,0.34858840703964233,0.27631139755249023,2.017125
base,1,p245_108_mic1,p245,data\VCTK\wav48_silence_trimmed\p245\p245_108_mic1.flac,p298,0,1,0.3016582131385803,0.01239936426281929,0.3016582131385803,-0.28925884887576103,2.017125
base,2,p245_108_mic1,p245,data\VCTK\wav48_silence_trimmed\p245\p245_108_mic1.flac,p311,0,1,0.30325984954833984,0.15726910531520844,0.30325984954833984,-0.1459907442331314,2.017125
base,3,p245_108_mic1,p245,data\VCTK\wav48_silence_trimmed\p245\p245_108_mic1.flac,p364,0,1,0.4014221727848053,0.29380038380622864,0.4014221727848053,-0.10762178897857666,2.017125
lca,1,p245_108_mic1,p245,data\VCTK\wav48_silence_trimmed\p245\p245_108_mic1.flac,p261,0,1,0.3272729218006134,0.13223665952682495,0.3272729218006134,-0.19503626227378845,2.017125
lca,2,p245_108_mic1,p245,data\VCTK\wav48_silence_trimmed\p245\p245_108_mic1.flac,p295,0,1,0.2950996458530426,0.11285915970802307,0.2950996458530426,-0.18224048614501953,2.017125
lca,3,p245_108_mic1,p245,data\VCTK\wav48_silence_trimmed\p245\p245_108_mic1.flac,p364,0,1,0.3324388861656189,0.2072160542011261,0.3324388861656189,-0.1252228319644928,2.017125
original,0,p245_160_mic2,p245,data\VCTK\wav48_silence_trimmed\p245\p245_160_mic2.flac,p245,1,1,0.841494083404541,0.841494083404541,0.47986698150634766,0.36162710189819336,3.6258125
base,1,p245_160_mic2,p245,data\VCTK\wav48_silence_trimmed\p245\p245_160_mic2.flac,p311,0,1,0.31579384207725525,0.09500299394130707,0.31579384207725525,-0.22079084813594818,3.6258125
base,2,p245_160_mic2,p245,data\VCTK\wav48_silence_trimmed\p245\p245_160_mic2.flac,p374,0,1,0.4073582887649536,0.3898617625236511,0.4073582887649536,-0.01749652624130249,3.6258125
base,3,p245_160_mic2,p245,data\VCTK\wav48_silence_trimmed\p245\p245_160_mic2.flac,p245,1,1,0.4530240297317505,0.4530240297317505,0.3790442943572998,0.07397973537445068,3.6258125
lca,1,p245_160_mic2,p245,data\VCTK\wav48_silence_trimmed\p245\p245_160_mic2.flac,p343,0,1,0.33194562792778015,0.09579886496067047,0.33194562792778015,-0.23614676296710968,3.6258125
lca,2,p245_160_mic2,p245,data\VCTK\wav48_silence_trimmed\p245\p245_160_mic2.flac,p364,0,1,0.3772479295730591,0.3644646406173706,0.3772479295730591,-0.012783288955688477,3.6258125
lca,3,p245_160_mic2,p245,data\VCTK\wav48_silence_trimmed\p245\p245_160_mic2.flac,p245,1,1,0.46044713258743286,0.46044713258743286,0.4182005226612091,0.042246609926223755,3.6258125
original,0,p245_224_mic2,p245,data\VCTK\wav48_silence_trimmed\p245\p245_224_mic2.flac,p245,1,1,0.7710865139961243,0.7710865139961243,0.45508548617362976,0.3160010278224945,3.3781875
base,1,p245_224_mic2,p245,data\VCTK\wav48_silence_trimmed\p245\p245_224_mic2.flac,p261,0,1,0.30943599343299866,0.12853239476680756,0.30943599343299866,-0.1809035986661911,3.3781875
base,2,p245_224_mic2,p245,data\VCTK\wav48_silence_trimmed\p245\p245_224_mic2.flac,p347,0,1,0.3083270490169525,0.25531119108200073,0.3083270490169525,-0.05301585793495178,3.3781875
base,3,p245_224_mic2,p245,data\VCTK\wav48_silence_trimmed\p245\p245_224_mic2.flac,p347,0,1,0.36685729026794434,0.3485305905342102,0.36685729026794434,-0.01832669973373413,3.3781875
lca,1,p245_224_mic2,p245,data\VCTK\wav48_silence_trimmed\p245\p245_224_mic2.flac,p261,0,1,0.343319833278656,0.15670031309127808,0.343319833278656,-0.18661952018737793,3.3781875
lca,2,p245_224_mic2,p245,data\VCTK\wav48_silence_trimmed\p245\p245_224_mic2.flac,p311,0,1,0.3965678811073303,0.2776122987270355,0.3965678811073303,-0.1189555823802948,3.3781875
lca,3,p245_224_mic2,p245,data\VCTK\wav48_silence_trimmed\p245\p245_224_mic2.flac,p245,1,1,0.39940333366394043,0.39940333366394043,0.3935539722442627,0.005849361419677734,3.3781875
original,0,p246_010_mic2,p246,data\VCTK\wav48_silence_trimmed\p246\p246_010_mic2.flac,p246,1,1,0.5326119065284729,0.5326119065284729,0.27989858388900757,0.25271332263946533,3.5696875
base,1,p246_010_mic2,p246,data\VCTK\wav48_silence_trimmed\p246\p246_010_mic2.flac,p374,0,1,0.2807283401489258,0.18594208359718323,0.2807283401489258,-0.09478625655174255,3.5696875
base,2,p246_010_mic2,p246,data\VCTK\wav48_silence_trimmed\p246\p246_010_mic2.flac,p246,1,1,0.42713338136672974,0.42713338136672974,0.32837972044944763,0.0987536609172821,3.5696875
base,3,p246_010_mic2,p246,data\VCTK\wav48_silence_trimmed\p246\p246_010_mic2.flac,p246,1,1,0.4783100485801697,0.4783100485801697,0.3637528121471405,0.11455723643302917,3.5696875
lca,1,p246_010_mic2,p246,data\VCTK\wav48_silence_trimmed\p246\p246_010_mic2.flac,p360,0,1,0.29190880060195923,0.23406890034675598,0.29190880060195923,-0.05783990025520325,3.5696875
lca,2,p246_010_mic2,p246,data\VCTK\wav48_silence_trimmed\p246\p246_010_mic2.flac,p311,0,1,0.39755725860595703,0.36294034123420715,0.39755725860595703,-0.03461691737174988,3.5696875
lca,3,p246_010_mic2,p246,data\VCTK\wav48_silence_trimmed\p246\p246_010_mic2.flac,p246,1,1,0.3540135622024536,0.3540135622024536,0.3322598338127136,0.02175372838973999,3.5696875
original,0,p246_123_mic2,p246,data\VCTK\wav48_silence_trimmed\p246\p246_123_mic2.flac,p246,1,1,0.6641342043876648,0.6641342043876648,0.39202767610549927,0.2721065282821655,2.3480625
base,1,p246_123_mic2,p246,data\VCTK\wav48_silence_trimmed\p246\p246_123_mic2.flac,p374,0,1,0.2963285446166992,0.11235275119543076,0.2963285446166992,-0.18397579342126846,2.3480625
base,2,p246_123_mic2,p246,data\VCTK\wav48_silence_trimmed\p246\p246_123_mic2.flac,p374,0,1,0.3382110893726349,0.2905646562576294,0.3382110893726349,-0.04764643311500549,2.3480625
base,3,p246_123_mic2,p246,data\VCTK\wav48_silence_trimmed\p246\p246_123_mic2.flac,p246,1,1,0.43761157989501953,0.43761157989501953,0.43369439244270325,0.003917187452316284,2.3480625
lca,1,p246_123_mic2,p246,data\VCTK\wav48_silence_trimmed\p246\p246_123_mic2.flac,p311,0,1,0.35908573865890503,0.20314453542232513,0.35908573865890503,-0.1559412032365799,2.3480625
lca,2,p246_123_mic2,p246,data\VCTK\wav48_silence_trimmed\p246\p246_123_mic2.flac,p311,0,1,0.38602668046951294,0.26152002811431885,0.38602668046951294,-0.12450665235519409,2.3480625
lca,3,p246_123_mic2,p246,data\VCTK\wav48_silence_trimmed\p246\p246_123_mic2.flac,p374,0,1,0.4353005290031433,0.28528279066085815,0.4353005290031433,-0.15001773834228516,2.3480625
original,0,p246_216_mic1,p246,data\VCTK\wav48_silence_trimmed\p246\p246_216_mic1.flac,p246,1,1,0.682015597820282,0.682015597820282,0.36293214559555054,0.31908345222473145,2.899
base,1,p246_216_mic1,p246,data\VCTK\wav48_silence_trimmed\p246\p246_216_mic1.flac,p316,0,1,0.2970462143421173,0.22826483845710754,0.2970462143421173,-0.06878137588500977,2.899
base,2,p246_216_mic1,p246,data\VCTK\wav48_silence_trimmed\p246\p246_216_mic1.flac,p246,1,1,0.3900368809700012,0.3900368809700012,0.350711464881897,0.03932541608810425,2.899
base,3,p246_216_mic1,p246,data\VCTK\wav48_silence_trimmed\p246\p246_216_mic1.flac,p246,1,1,0.5497651696205139,0.5497651696205139,0.39857304096221924,0.15119212865829468,2.899
lca,1,p246_216_mic1,p246,data\VCTK\wav48_silence_trimmed\p246\p246_216_mic1.flac,p374,0,1,0.3239663243293762,0.266279935836792,0.3239663243293762,-0.05768638849258423,2.899
lca,2,p246_216_mic1,p246,data\VCTK\wav48_silence_trimmed\p246\p246_216_mic1.flac,p246,1,1,0.3894908130168915,0.3894908130168915,0.3396969437599182,0.04979386925697327,2.899
lca,3,p246_216_mic1,p246,data\VCTK\wav48_silence_trimmed\p246\p246_216_mic1.flac,p246,1,1,0.4375239312648773,0.4375239312648773,0.3564227521419525,0.0811011791229248,2.899
original,0,p246_249_mic2,p246,data\VCTK\wav48_silence_trimmed\p246\p246_249_mic2.flac,p246,1,1,0.7230521440505981,0.7230521440505981,0.3705240488052368,0.35252809524536133,4.64125
base,1,p246_249_mic2,p246,data\VCTK\wav48_silence_trimmed\p246\p246_249_mic2.flac,p374,0,1,0.35794198513031006,0.24479302763938904,0.35794198513031006,-0.11314895749092102,4.64125
base,2,p246_249_mic2,p246,data\VCTK\wav48_silence_trimmed\p246\p246_249_mic2.flac,p246,1,1,0.4604373872280121,0.4604373872280121,0.36713242530822754,0.09330496191978455,4.64125
base,3,p246_249_mic2,p246,data\VCTK\wav48_silence_trimmed\p246\p246_249_mic2.flac,p246,1,1,0.5045723915100098,0.5045723915100098,0.40933406352996826,0.0952383279800415,4.64125
lca,1,p246_249_mic2,p246,data\VCTK\wav48_silence_trimmed\p246\p246_249_mic2.flac,p262,0,1,0.2732357978820801,0.16833019256591797,0.2732357978820801,-0.10490560531616211,4.64125
lca,2,p246_249_mic2,p246,data\VCTK\wav48_silence_trimmed\p246\p246_249_mic2.flac,p246,1,1,0.3651927411556244,0.3651927411556244,0.3530515134334564,0.012141227722167969,4.64125
lca,3,p246_249_mic2,p246,data\VCTK\wav48_silence_trimmed\p246\p246_249_mic2.flac,p246,1,1,0.3719829320907593,0.3719829320907593,0.35923245549201965,0.012750476598739624,4.64125
original,0,p246_310_mic1,p246,data\VCTK\wav48_silence_trimmed\p246\p246_310_mic1.flac,p246,1,1,0.6834878921508789,0.6834878921508789,0.33861222863197327,0.34487566351890564,2.5181875
base,1,p246_310_mic1,p246,data\VCTK\wav48_silence_trimmed\p246\p246_310_mic1.flac,p292,0,1,0.35896167159080505,0.21203652024269104,0.35896167159080505,-0.146925151348114,2.5181875
base,2,p246_310_mic1,p246,data\VCTK\wav48_silence_trimmed\p246\p246_310_mic1.flac,p246,1,1,0.37764135003089905,0.37764135003089905,0.2749425172805786,0.10269883275032043,2.5181875
base,3,p246_310_mic1,p246,data\VCTK\wav48_silence_trimmed\p246\p246_310_mic1.flac,p246,1,1,0.4066571295261383,0.4066571295261383,0.3272382318973541,0.07941889762878418,2.5181875
lca,1,p246_310_mic1,p246,data\VCTK\wav48_silence_trimmed\p246\p246_310_mic1.flac,p281,0,1,0.30429887771606445,0.2813459634780884,0.30429887771606445,-0.022952914237976074,2.5181875
lca,2,p246_310_mic1,p246,data\VCTK\wav48_silence_trimmed\p246\p246_310_mic1.flac,p364,0,1,0.3859199285507202,0.3425217270851135,0.3859199285507202,-0.04339820146560669,2.5181875
lca,3,p246_310_mic1,p246,data\VCTK\wav48_silence_trimmed\p246\p246_310_mic1.flac,p364,0,1,0.3195415735244751,0.30335137248039246,0.3195415735244751,-0.01619020104408264,2.5181875
original,0,p247_010_mic2,p247,data\VCTK\wav48_silence_trimmed\p247\p247_010_mic2.flac,p247,1,1,0.7261635661125183,0.7261635661125183,0.41534364223480225,0.31081992387771606,3.2944375
base,1,p247_010_mic2,p247,data\VCTK\wav48_silence_trimmed\p247\p247_010_mic2.flac,p292,0,0,0.24285760521888733,0.22808445990085602,0.24285760521888733,-0.014773145318031311,3.2944375
base,2,p247_010_mic2,p247,data\VCTK\wav48_silence_trimmed\p247\p247_010_mic2.flac,p271,0,1,0.34356945753097534,0.3292158544063568,0.34356945753097534,-0.01435360312461853,3.2944375
base,3,p247_010_mic2,p247,data\VCTK\wav48_silence_trimmed\p247\p247_010_mic2.flac,p247,1,1,0.40984296798706055,0.40984296798706055,0.346798300743103,0.06304466724395752,3.2944375
lca,1,p247_010_mic2,p247,data\VCTK\wav48_silence_trimmed\p247\p247_010_mic2.flac,p364,0,1,0.2735828459262848,0.17958945035934448,0.2735828459262848,-0.09399339556694031,3.2944375
lca,2,p247_010_mic2,p247,data\VCTK\wav48_silence_trimmed\p247\p247_010_mic2.flac,p271,0,1,0.3279453217983246,0.2971076965332031,0.3279453217983246,-0.03083762526512146,3.2944375
lca,3,p247_010_mic2,p247,data\VCTK\wav48_silence_trimmed\p247\p247_010_mic2.flac,p247,1,1,0.3661231994628906,0.3661231994628906,0.32648319005966187,0.03964000940322876,3.2944375
original,0,p247_034_mic1,p247,data\VCTK\wav48_silence_trimmed\p247\p247_034_mic1.flac,p247,1,1,0.7599507570266724,0.7599507570266724,0.38088953495025635,0.379061222076416,3.3885625
base,1,p247_034_mic1,p247,data\VCTK\wav48_silence_trimmed\p247\p247_034_mic1.flac,p247,1,1,0.36275720596313477,0.36275720596313477,0.356780469417572,0.005976736545562744,3.3885625
base,2,p247_034_mic1,p247,data\VCTK\wav48_silence_trimmed\p247\p247_034_mic1.flac,p247,1,1,0.40893787145614624,0.40893787145614624,0.3632802963256836,0.045657575130462646,3.3885625
base,3,p247_034_mic1,p247,data\VCTK\wav48_silence_trimmed\p247\p247_034_mic1.flac,p247,1,1,0.4450340270996094,0.4450340270996094,0.371776819229126,0.0732572078704834,3.3885625
lca,1,p247_034_mic1,p247,data\VCTK\wav48_silence_trimmed\p247\p247_034_mic1.flac,p247,1,1,0.3128857910633087,0.3128857910633087,0.28672322630882263,0.026162564754486084,3.3885625
lca,2,p247_034_mic1,p247,data\VCTK\wav48_silence_trimmed\p247\p247_034_mic1.flac,p247,1,1,0.4404992163181305,0.4404992163181305,0.34377652406692505,0.09672269225120544,3.3885625
lca,3,p247_034_mic1,p247,data\VCTK\wav48_silence_trimmed\p247\p247_034_mic1.flac,p247,1,1,0.44940856099128723,0.44940856099128723,0.3173806667327881,0.13202789425849915,3.3885625
original,0,p247_279_mic2,p247,data\VCTK\wav48_silence_trimmed\p247\p247_279_mic2.flac,p247,1,1,0.7230777740478516,0.7230777740478516,0.3686816096305847,0.35439616441726685,2.4145625
base,1,p247_279_mic2,p247,data\VCTK\wav48_silence_trimmed\p247\p247_279_mic2.flac,p360,0,1,0.34969836473464966,0.1948961615562439,0.34969836473464966,-0.15480220317840576,2.4145625
base,2,p247_279_mic2,p247,data\VCTK\wav48_silence_trimmed\p247\p247_279_mic2.flac,p271,0,1,0.3255680203437805,0.3072565197944641,0.3255680203437805,-0.018311500549316406,2.4145625
base,3,p247_279_mic2,p247,data\VCTK\wav48_silence_trimmed\p247\p247_279_mic2.flac,p247,1,1,0.3955432176589966,0.3955432176589966,0.3905652165412903,0.004978001117706299,2.4145625
lca,1,p247_279_mic2,p247,data\VCTK\wav48_silence_trimmed\p247\p247_279_mic2.flac,p271,0,1,0.3315112590789795,0.2330312430858612,0.3315112590789795,-0.09848001599311829,2.4145625
lca,2,p247_279_mic2,p247,data\VCTK\wav48_silence_trimmed\p247\p247_279_mic2.flac,p247,1,1,0.4117642939090729,0.4117642939090729,0.32704484462738037,0.0847194492816925,2.4145625
lca,3,p247_279_mic2,p247,data\VCTK\wav48_silence_trimmed\p247\p247_279_mic2.flac,p247,1,1,0.42062294483184814,0.42062294483184814,0.3104698657989502,0.11015307903289795,2.4145625
original,0,p247_308_mic2,p247,data\VCTK\wav48_silence_trimmed\p247\p247_308_mic2.flac,p247,1,1,0.8010275363922119,0.8010275363922119,0.38560980558395386,0.41541773080825806,3.5081875
base,1,p247_308_mic2,p247,data\VCTK\wav48_silence_trimmed\p247\p247_308_mic2.flac,p271,0,1,0.3416185975074768,0.2512977421283722,0.3416185975074768,-0.09032085537910461,3.5081875
base,2,p247_308_mic2,p247,data\VCTK\wav48_silence_trimmed\p247\p247_308_mic2.flac,p271,0,1,0.41278567910194397,0.38755911588668823,0.41278567910194397,-0.025226563215255737,3.5081875
base,3,p247_308_mic2,p247,data\VCTK\wav48_silence_trimmed\p247\p247_308_mic2.flac,p247,1,1,0.43964630365371704,0.43964630365371704,0.3814409375190735,0.058205366134643555,3.5081875
lca,1,p247_308_mic2,p247,data\VCTK\wav48_silence_trimmed\p247\p247_308_mic2.flac,p271,0,1,0.3363322615623474,0.21709229052066803,0.3363322615623474,-0.11923997104167938,3.5081875
lca,2,p247_308_mic2,p247,data\VCTK\wav48_silence_trimmed\p247\p247_308_mic2.flac,p271,0,1,0.35326656699180603,0.32592254877090454,0.35326656699180603,-0.02734401822090149,3.5081875
lca,3,p247_308_mic2,p247,data\VCTK\wav48_silence_trimmed\p247\p247_308_mic2.flac,p262,0,1,0.3357461094856262,0.33460092544555664,0.3357461094856262,-0.00114518404006958,3.5081875
original,0,p247_371_mic1,p247,data\VCTK\wav48_silence_trimmed\p247\p247_371_mic1.flac,p247,1,1,0.750243067741394,0.750243067741394,0.4627825915813446,0.28746047616004944,2.805375
base,1,p247_371_mic1,p247,data\VCTK\wav48_silence_trimmed\p247\p247_371_mic1.flac,p360,0,1,0.3844452500343323,0.31868821382522583,0.3844452500343323,-0.06575703620910645,2.805375
base,2,p247_371_mic1,p247,data\VCTK\wav48_silence_trimmed\p247\p247_371_mic1.flac,p247,1,1,0.45166751742362976,0.45166751742362976,0.3741362690925598,0.07753124833106995,2.805375
base,3,p247_371_mic1,p247,data\VCTK\wav48_silence_trimmed\p247\p247_371_mic1.flac,p247,1,1,0.4114948511123657,0.4114948511123657,0.41038990020751953,0.0011049509048461914,2.805375
lca,1,p247_371_mic1,p247,data\VCTK\wav48_silence_trimmed\p247\p247_371_mic1.flac,p271,0,1,0.33947423100471497,0.29125285148620605,0.33947423100471497,-0.04822137951850891,2.805375
lca,2,p247_371_mic1,p247,data\VCTK\wav48_silence_trimmed\p247\p247_371_mic1.flac,p271,0,1,0.3392333686351776,0.32952597737312317,0.3392333686351776,-0.009707391262054443,2.805375
lca,3,p247_371_mic1,p247,data\VCTK\wav48_silence_trimmed\p247\p247_371_mic1.flac,p247,1,1,0.3571801781654358,0.3571801781654358,0.31952178478240967,0.03765839338302612,2.805375
original,0,p248_125_mic2,p248,data\VCTK\wav48_silence_trimmed\p248\p248_125_mic2.flac,p248,1,1,0.6023997068405151,0.6023997068405151,0.32297247648239136,0.2794272303581238,2.7855625
base,1,p248_125_mic2,p248,data\VCTK\wav48_silence_trimmed\p248\p248_125_mic2.flac,p262,0,1,0.3254792094230652,0.14654555916786194,0.3254792094230652,-0.17893365025520325,2.7855625
base,2,p248_125_mic2,p248,data\VCTK\wav48_silence_trimmed\p248\p248_125_mic2.flac,p248,1,1,0.3454306721687317,0.3454306721687317,0.31534260511398315,0.030088067054748535,2.7855625
base,3,p248_125_mic2,p248,data\VCTK\wav48_silence_trimmed\p248\p248_125_mic2.flac,p248,1,1,0.4073912799358368,0.4073912799358368,0.2784988284111023,0.1288924515247345,2.7855625
lca,1,p248_125_mic2,p248,data\VCTK\wav48_silence_trimmed\p248\p248_125_mic2.flac,p280,0,1,0.32864439487457275,0.22739461064338684,0.32864439487457275,-0.10124978423118591,2.7855625
lca,2,p248_125_mic2,p248,data\VCTK\wav48_silence_trimmed\p248\p248_125_mic2.flac,p266,0,1,0.35319966077804565,0.3018418848514557,0.35319966077804565,-0.051357775926589966,2.7855625
lca,3,p248_125_mic2,p248,data\VCTK\wav48_silence_trimmed\p248\p248_125_mic2.flac,p266,0,1,0.35617879033088684,0.35280507802963257,0.35617879033088684,-0.0033737123012542725,2.7855625
original,0,p248_231_mic2,p248,data\VCTK\wav48_silence_trimmed\p248\p248_231_mic2.flac,p248,1,1,0.8040306568145752,0.8040306568145752,0.28879082202911377,0.5152398347854614,4.449375
base,1,p248_231_mic2,p248,data\VCTK\wav48_silence_trimmed\p248\p248_231_mic2.flac,p238,0,1,0.3169493079185486,0.30943816900253296,0.3169493079185486,-0.007511138916015625,4.449375
base,2,p248_231_mic2,p248,data\VCTK\wav48_silence_trimmed\p248\p248_231_mic2.flac,p248,1,1,0.5479693412780762,0.5479693412780762,0.35126885771751404,0.19670048356056213,4.449375
base,3,p248_231_mic2,p248,data\VCTK\wav48_silence_trimmed\p248\p248_231_mic2.flac,p248,1,1,0.5666238069534302,0.5666238069534302,0.31699374318122864,0.24963006377220154,4.449375
lca,1,p248_231_mic2,p248,data\VCTK\wav48_silence_trimmed\p248\p248_231_mic2.flac,p248,1,1,0.3611528277397156,0.3611528277397156,0.31105953454971313,0.05009329319000244,4.449375
lca,2,p248_231_mic2,p248,data\VCTK\wav48_silence_trimmed\p248\p248_231_mic2.flac,p248,1,1,0.44937893748283386,0.44937893748283386,0.2582593262195587,0.19111961126327515,4.449375
lca,3,p248_231_mic2,p248,data\VCTK\wav48_silence_trimmed\p248\p248_231_mic2.flac,p248,1,1,0.4651741683483124,0.4651741683483124,0.24829286336898804,0.21688130497932434,4.449375
original,0,p248_291_mic1,p248,data\VCTK\wav48_silence_trimmed\p248\p248_291_mic1.flac,p248,1,1,0.6217544078826904,0.6217544078826904,0.28703951835632324,0.3347148895263672,2.3025
base,1,p248_291_mic1,p248,data\VCTK\wav48_silence_trimmed\p248\p248_291_mic1.flac,p351,0,1,0.29700034856796265,0.1527595818042755,0.29700034856796265,-0.14424076676368713,2.3025
base,2,p248_291_mic1,p248,data\VCTK\wav48_silence_trimmed\p248\p248_291_mic1.flac,p283,0,1,0.47563573718070984,0.3340088427066803,0.47563573718070984,-0.14162689447402954,2.3025
base,3,p248_291_mic1,p248,data\VCTK\wav48_silence_trimmed\p248\p248_291_mic1.flac,p283,0,1,0.37424349784851074,0.3253835439682007,0.37424349784851074,-0.04885995388031006,2.3025
lca,1,p248_291_mic1,p248,data\VCTK\wav48_silence_trimmed\p248\p248_291_mic1.flac,p230,0,1,0.33694952726364136,0.18986527621746063,0.33694952726364136,-0.14708425104618073,2.3025
lca,2,p248_291_mic1,p248,data\VCTK\wav48_silence_trimmed\p248\p248_291_mic1.flac,p261,0,1,0.42290347814559937,0.23275019228458405,0.42290347814559937,-0.19015328586101532,2.3025
lca,3,p248_291_mic1,p248,data\VCTK\wav48_silence_trimmed\p248\p248_291_mic1.flac,p261,0,1,0.4588584303855896,0.27895084023475647,0.4588584303855896,-0.17990759015083313,2.3025
original,0,p248_304_mic2,p248,data\VCTK\wav48_silence_trimmed\p248\p248_304_mic2.flac,p248,1,1,0.8051972389221191,0.8051972389221191,0.22832633554935455,0.5768709033727646,2.89325
base,1,p248_304_mic2,p248,data\VCTK\wav48_silence_trimmed\p248\p248_304_mic2.flac,p261,0,1,0.306484580039978,0.2848832607269287,0.306484580039978,-0.021601319313049316,2.89325
base,2,p248_304_mic2,p248,data\VCTK\wav48_silence_trimmed\p248\p248_304_mic2.flac,p248,1,1,0.4493792653083801,0.4493792653083801,0.31955045461654663,0.1298288106918335,2.89325
base,3,p248_304_mic2,p248,data\VCTK\wav48_silence_trimmed\p248\p248_304_mic2.flac,p248,1,1,0.5070832967758179,0.5070832967758179,0.3030906915664673,0.20399260520935059,2.89325
lca,1,p248_304_mic2,p248,data\VCTK\wav48_silence_trimmed\p248\p248_304_mic2.flac,p361,0,1,0.3439241945743561,0.33701735734939575,0.3439241945743561,-0.006906837224960327,2.89325
lca,2,p248_304_mic2,p248,data\VCTK\wav48_silence_trimmed\p248\p248_304_mic2.flac,p248,1,1,0.4301546812057495,0.4301546812057495,0.3625069260597229,0.06764775514602661,2.89325
lca,3,p248_304_mic2,p248,data\VCTK\wav48_silence_trimmed\p248\p248_304_mic2.flac,p248,1,1,0.450281023979187,0.450281023979187,0.32290327548980713,0.12737774848937988,2.89325
original,0,p248_311_mic2,p248,data\VCTK\wav48_silence_trimmed\p248\p248_311_mic2.flac,p248,1,1,0.7799155712127686,0.7799155712127686,0.31518131494522095,0.4647342562675476,2.712
base,1,p248_311_mic2,p248,data\VCTK\wav48_silence_trimmed\p248\p248_311_mic2.flac,p230,0,1,0.3518986701965332,0.2699035704135895,0.3518986701965332,-0.08199509978294373,2.712
base,2,p248_311_mic2,p248,data\VCTK\wav48_silence_trimmed\p248\p248_311_mic2.flac,p248,1,1,0.461302787065506,0.461302787065506,0.2841387391090393,0.17716404795646667,2.712
base,3,p248_311_mic2,p248,data\VCTK\wav48_silence_trimmed\p248\p248_311_mic2.flac,p248,1,1,0.5141853094100952,0.5141853094100952,0.28663960099220276,0.22754570841789246,2.712
lca,1,p248_311_mic2,p248,data\VCTK\wav48_silence_trimmed\p248\p248_311_mic2.flac,p361,0,1,0.30515676736831665,0.26438140869140625,0.30515676736831665,-0.0407753586769104,2.712
lca,2,p248_311_mic2,p248,data\VCTK\wav48_silence_trimmed\p248\p248_311_mic2.flac,p248,1,1,0.4207428991794586,0.4207428991794586,0.33882880210876465,0.08191409707069397,2.712
lca,3,p248_311_mic2,p248,data\VCTK\wav48_silence_trimmed\p248\p248_311_mic2.flac,p248,1,1,0.4618013799190521,0.4618013799190521,0.31258624792099,0.14921513199806213,2.712
original,0,p249_021_mic2,p249,data\VCTK\wav48_silence_trimmed\p249\p249_021_mic2.flac,p249,1,1,0.7275201082229614,0.7275201082229614,0.5384811758995056,0.1890389323234558,8.8339375
base,1,p249_021_mic2,p249,data\VCTK\wav48_silence_trimmed\p249\p249_021_mic2.flac,p257,0,1,0.4128396809101105,0.2437574416399002,0.4128396809101105,-0.16908223927021027,8.8339375
base,2,p249_021_mic2,p249,data\VCTK\wav48_silence_trimmed\p249\p249_021_mic2.flac,p280,0,1,0.5227519273757935,0.41492730379104614,0.5227519273757935,-0.10782462358474731,8.8339375
base,3,p249_021_mic2,p249,data\VCTK\wav48_silence_trimmed\p249\p249_021_mic2.flac,p280,0,1,0.5419362783432007,0.4266628623008728,0.5419362783432007,-0.11527341604232788,8.8339375
lca,1,p249_021_mic2,p249,data\VCTK\wav48_silence_trimmed\p249\p249_021_mic2.flac,p280,0,1,0.3975682854652405,0.21826551854610443,0.3975682854652405,-0.17930276691913605,8.8339375
lca,2,p249_021_mic2,p249,data\VCTK\wav48_silence_trimmed\p249\p249_021_mic2.flac,p280,0,1,0.5055060386657715,0.3300400972366333,0.5055060386657715,-0.17546594142913818,8.8339375
lca,3,p249_021_mic2,p249,data\VCTK\wav48_silence_trimmed\p249\p249_021_mic2.flac,p280,0,1,0.5317032933235168,0.3520653247833252,0.5317032933235168,-0.17963796854019165,8.8339375
original,0,p249_079_mic1,p249,data\VCTK\wav48_silence_trimmed\p249\p249_079_mic1.flac,p249,1,1,0.8107908964157104,0.8107908964157104,0.5144251585006714,0.29636573791503906,3.261375
base,1,p249_079_mic1,p249,data\VCTK\wav48_silence_trimmed\p249\p249_079_mic1.flac,p318,0,1,0.47425395250320435,0.3093670904636383,0.47425395250320435,-0.16488686203956604,3.261375
base,2,p249_079_mic1,p249,data\VCTK\wav48_silence_trimmed\p249\p249_079_mic1.flac,p318,0,1,0.48238468170166016,0.47722017765045166,0.48238468170166016,-0.005164504051208496,3.261375
base,3,p249_079_mic1,p249,data\VCTK\wav48_silence_trimmed\p249\p249_079_mic1.flac,p249,1,1,0.53911954164505,0.53911954164505,0.4128935933113098,0.12622594833374023,3.261375
lca,1,p249_079_mic1,p249,data\VCTK\wav48_silence_trimmed\p249\p249_079_mic1.flac,p262,0,1,0.4065091609954834,0.2318946272134781,0.4065091609954834,-0.1746145337820053,3.261375
lca,2,p249_079_mic1,p249,data\VCTK\wav48_silence_trimmed\p249\p249_079_mic1.flac,p262,0,1,0.4806029200553894,0.31623488664627075,0.4806029200553894,-0.16436803340911865,3.261375
lca,3,p249_079_mic1,p249,data\VCTK\wav48_silence_trimmed\p249\p249_079_mic1.flac,p280,0,1,0.4352140724658966,0.38303372263908386,0.4352140724658966,-0.052180349826812744,3.261375
original,0,p249_139_mic2,p249,data\VCTK\wav48_silence_trimmed\p249\p249_139_mic2.flac,p249,1,1,0.686710000038147,0.686710000038147,0.37042462825775146,0.3162853717803955,2.818125
base,1,p249_139_mic2,p249,data\VCTK\wav48_silence_trimmed\p249\p249_139_mic2.flac,p318,0,1,0.3454231023788452,0.19126376509666443,0.3454231023788452,-0.1541593372821808,2.818125
base,2,p249_139_mic2,p249,data\VCTK\wav48_silence_trimmed\p249\p249_139_mic2.flac,p249,1,1,0.40066373348236084,0.40066373348236084,0.37209033966064453,0.02857339382171631,2.818125
base,3,p249_139_mic2,p249,data\VCTK\wav48_silence_trimmed\p249\p249_139_mic2.flac,p249,1,1,0.40963101387023926,0.40963101387023926,0.394828200340271,0.014802813529968262,2.818125
lca,1,p249_139_mic2,p249,data\VCTK\wav48_silence_trimmed\p249\p249_139_mic2.flac,p280,0,1,0.3728768229484558,0.21648545563220978,0.3728768229484558,-0.15639136731624603,2.818125
lca,2,p249_139_mic2,p249,data\VCTK\wav48_silence_trimmed\p249\p249_139_mic2.flac,p280,0,1,0.4019361138343811,0.30003485083580017,0.4019361138343811,-0.10190126299858093,2.818125
lca,3,p249_139_mic2,p249,data\VCTK\wav48_silence_trimmed\p249\p249_139_mic2.flac,p280,0,1,0.38799959421157837,0.34228235483169556,0.38799959421157837,-0.04571723937988281,2.818125
original,0,p249_253_mic2,p249,data\VCTK\wav48_silence_trimmed\p249\p249_253_mic2.flac,p249,1,1,0.7511582374572754,0.7511582374572754,0.5075262784957886,0.24363195896148682,3.5479375
base,1,p249_253_mic2,p249,data\VCTK\wav48_silence_trimmed\p249\p249_253_mic2.flac,p262,0,1,0.31300538778305054,0.18692438304424286,0.31300538778305054,-0.12608100473880768,3.5479375
base,2,p249_253_mic2,p249,data\VCTK\wav48_silence_trimmed\p249\p249_253_mic2.flac,p249,1,1,0.4291611313819885,0.4291611313819885,0.3702276349067688,0.05893349647521973,3.5479375
base,3,p249_253_mic2,p249,data\VCTK\wav48_silence_trimmed\p249\p249_253_mic2.flac,p249,1,1,0.49934619665145874,0.49934619665145874,0.40513741970062256,0.09420877695083618,3.5479375
lca,1,p249_253_mic2,p249,data\VCTK\wav48_silence_trimmed\p249\p249_253_mic2.flac,p280,0,1,0.4599039852619171,0.30843061208724976,0.4599039852619171,-0.15147337317466736,3.5479375
lca,2,p249_253_mic2,p249,data\VCTK\wav48_silence_trimmed\p249\p249_253_mic2.flac,p280,0,1,0.4617477059364319,0.36614930629730225,0.4617477059364319,-0.09559839963912964,3.5479375
lca,3,p249_253_mic2,p249,data\VCTK\wav48_silence_trimmed\p249\p249_253_mic2.flac,p280,0,1,0.49181661009788513,0.4332234263420105,0.49181661009788513,-0.058593183755874634,3.5479375
original,0,p249_267_mic2,p249,data\VCTK\wav48_silence_trimmed\p249\p249_267_mic2.flac,p249,1,1,0.8091249465942383,0.8091249465942383,0.5405240058898926,0.2686009407043457,3.80975
base,1,p249_267_mic2,p249,data\VCTK\wav48_silence_trimmed\p249\p249_267_mic2.flac,p257,0,1,0.3336047828197479,0.2734997868537903,0.3336047828197479,-0.06010499596595764,3.80975
base,2,p249_267_mic2,p249,data\VCTK\wav48_silence_trimmed\p249\p249_267_mic2.flac,p257,0,1,0.38692525029182434,0.36517199873924255,0.38692525029182434,-0.021753251552581787,3.80975
base,3,p249_267_mic2,p249,data\VCTK\wav48_silence_trimmed\p249\p249_267_mic2.flac,p257,0,1,0.4710114598274231,0.4228805899620056,0.4710114598274231,-0.04813086986541748,3.80975
lca,1,p249_267_mic2,p249,data\VCTK\wav48_silence_trimmed\p249\p249_267_mic2.flac,p262,0,1,0.37913334369659424,0.17864282429218292,0.37913334369659424,-0.20049051940441132,3.80975
lca,2,p249_267_mic2,p249,data\VCTK\wav48_silence_trimmed\p249\p249_267_mic2.flac,p280,0,1,0.4504050612449646,0.34126144647598267,0.4504050612449646,-0.10914361476898193,3.80975
lca,3,p249_267_mic2,p249,data\VCTK\wav48_silence_trimmed\p249\p249_267_mic2.flac,p280,0,1,0.4951014518737793,0.3447269797325134,0.4951014518737793,-0.15037447214126587,3.80975
original,0,p250_002_mic2,p250,data\VCTK\wav48_silence_trimmed\p250\p250_002_mic2.flac,p250,1,1,0.6697481274604797,0.6697481274604797,0.5686607956886292,0.10108733177185059,3.3868125
base,1,p250_002_mic2,p250,data\VCTK\wav48_silence_trimmed\p250\p250_002_mic2.flac,p257,0,1,0.3614301085472107,0.14944639801979065,0.3614301085472107,-0.21198371052742004,3.3868125
base,2,p250_002_mic2,p250,data\VCTK\wav48_silence_trimmed\p250\p250_002_mic2.flac,p257,0,1,0.5396124124526978,0.40347689390182495,0.5396124124526978,-0.1361355185508728,3.3868125
base,3,p250_002_mic2,p250,data\VCTK\wav48_silence_trimmed\p250\p250_002_mic2.flac,p257,0,1,0.5296472311019897,0.4606720209121704,0.5296472311019897,-0.06897521018981934,3.3868125
lca,1,p250_002_mic2,p250,data\VCTK\wav48_silence_trimmed\p250\p250_002_mic2.flac,p280,0,1,0.41978633403778076,0.34534507989883423,0.41978633403778076,-0.07444125413894653,3.3868125
lca,2,p250_002_mic2,p250,data\VCTK\wav48_silence_trimmed\p250\p250_002_mic2.flac,p280,0,1,0.5026682019233704,0.4155523180961609,0.5026682019233704,-0.08711588382720947,3.3868125
lca,3,p250_002_mic2,p250,data\VCTK\wav48_silence_trimmed\p250\p250_002_mic2.flac,p280,0,1,0.5533666610717773,0.497592568397522,0.5533666610717773,-0.05577409267425537,3.3868125
original,0,p250_166_mic1,p250,data\VCTK\wav48_silence_trimmed\p250\p250_166_mic1.flac,p250,1,1,0.6637189984321594,0.6637189984321594,0.53075110912323,0.13296788930892944,2.4491875
base,1,p250_166_mic1,p250,data\VCTK\wav48_silence_trimmed\p250\p250_166_mic1.flac,p257,0,1,0.3918522894382477,0.2711656093597412,0.3918522894382477,-0.12068668007850647,2.4491875
base,2,p250_166_mic1,p250,data\VCTK\wav48_silence_trimmed\p250\p250_166_mic1.flac,p257,0,1,0.5404335856437683,0.4115021228790283,0.5404335856437683,-0.12893146276474,2.4491875
base,3,p250_166_mic1,p250,data\VCTK\wav48_silence_trimmed\p250\p250_166_mic1.flac,p257,0,1,0.528226375579834,0.500593364238739,0.528226375579834,-0.02763301134109497,2.4491875
lca,1,p250_166_mic1,p250,data\VCTK\wav48_silence_trimmed\p250\p250_166_mic1.flac,p280,0,1,0.3860194683074951,0.26314347982406616,0.3860194683074951,-0.12287598848342896,2.4491875
lca,2,p250_166_mic1,p250,data\VCTK\wav48_silence_trimmed\p250\p250_166_mic1.flac,p280,0,1,0.49652987718582153,0.4408268332481384,0.49652987718582153,-0.055703043937683105,2.4491875
lca,3,p250_166_mic1,p250,data\VCTK\wav48_silence_trimmed\p250\p250_166_mic1.flac,p280,0,1,0.561955988407135,0.5271310210227966,0.561955988407135,-0.03482496738433838,2.4491875
original,0,p250_260_mic2,p250,data\VCTK\wav48_silence_trimmed\p250\p250_260_mic2.flac,p250,1,1,0.8029173612594604,0.8029173612594604,0.6329504251480103,0.1699669361114502,3.5626875
base,1,p250_260_mic2,p250,data\VCTK\wav48_silence_trimmed\p250\p250_260_mic2.flac,p238,0,1,0.3531400263309479,0.29751813411712646,0.3531400263309479,-0.05562189221382141,3.5626875
base,2,p250_260_mic2,p250,data\VCTK\wav48_silence_trimmed\p250\p250_260_mic2.flac,p250,1,1,0.43305063247680664,0.43305063247680664,0.4233282804489136,0.009722352027893066,3.5626875
base,3,p250_260_mic2,p250,data\VCTK\wav48_silence_trimmed\p250\p250_260_mic2.flac,p250,1,1,0.5331977605819702,0.5331977605819702,0.47878873348236084,0.054409027099609375,3.5626875
lca,1,p250_260_mic2,p250,data\VCTK\wav48_silence_trimmed\p250\p250_260_mic2.flac,p266,0,1,0.3863552212715149,0.35624608397483826,0.3863552212715149,-0.030109137296676636,3.5626875
lca,2,p250_260_mic2,p250,data\VCTK\wav48_silence_trimmed\p250\p250_260_mic2.flac,p280,0,1,0.5037317276000977,0.476789265871048,0.5037317276000977,-0.026942461729049683,3.5626875
lca,3,p250_260_mic2,p250,data\VCTK\wav48_silence_trimmed\p250\p250_260_mic2.flac,p280,0,1,0.5297712683677673,0.5042300224304199,0.5297712683677673,-0.025541245937347412,3.5626875
original,0,p250_448_mic2,p250,data\VCTK\wav48_silence_trimmed\p250\p250_448_mic2.flac,p250,1,1,0.7560924291610718,0.7560924291610718,0.5444599986076355,0.21163243055343628,2.6053125
base,1,p250_448_mic2,p250,data\VCTK\wav48_silence_trimmed\p250\p250_448_mic2.flac,p295,0,1,0.34768712520599365,0.2658490240573883,0.34768712520599365,-0.08183810114860535,2.6053125
base,2,p250_448_mic2,p250,data\VCTK\wav48_silence_trimmed\p250\p250_448_mic2.flac,p295,0,1,0.3893177807331085,0.38731256127357483,0.3893177807331085,-0.0020052194595336914,2.6053125
base,3,p250_448_mic2,p250,data\VCTK\wav48_silence_trimmed\p250\p250_448_mic2.flac,p250,1,1,0.4748190641403198,0.4748190641403198,0.45045986771583557,0.024359196424484253,2.6053125
lca,1,p250_448_mic2,p250,data\VCTK\wav48_silence_trimmed\p250\p250_448_mic2.flac,p280,0,1,0.38927143812179565,0.3121306300163269,0.38927143812179565,-0.07714080810546875,2.6053125
lca,2,p250_448_mic2,p250,data\VCTK\wav48_silence_trimmed\p250\p250_448_mic2.flac,p280,0,1,0.4499833583831787,0.38745370507240295,0.4499833583831787,-0.06252965331077576,2.6053125
lca,3,p250_448_mic2,p250,data\VCTK\wav48_silence_trimmed\p250\p250_448_mic2.flac,p280,0,1,0.4793946444988251,0.4452497959136963,0.4793946444988251,-0.034144848585128784,2.6053125
original,0,p250_454_mic1,p250,data\VCTK\wav48_silence_trimmed\p250\p250_454_mic1.flac,p250,1,1,0.7681636214256287,0.7681636214256287,0.4625052213668823,0.30565840005874634,2.756
base,1,p250_454_mic1,p250,data\VCTK\wav48_silence_trimmed\p250\p250_454_mic1.flac,p257,0,1,0.40174227952957153,0.3510185182094574,0.40174227952957153,-0.050723761320114136,2.756
base,2,p250_454_mic1,p250,data\VCTK\wav48_silence_trimmed\p250\p250_454_mic1.flac,p250,1,1,0.5096947550773621,0.5096947550773621,0.44534051418304443,0.06435424089431763,2.756
base,3,p250_454_mic1,p250,data\VCTK\wav48_silence_trimmed\p250\p250_454_mic1.flac,p250,1,1,0.6291419267654419,0.6291419267654419,0.4864814281463623,0.1426604986190796,2.756
lca,1,p250_454_mic1,p250,data\VCTK\wav48_silence_trimmed\p250\p250_454_mic1.flac,p280,0,1,0.46302688121795654,0.3552228808403015,0.46302688121795654,-0.10780400037765503,2.756
lca,2,p250_454_mic1,p250,data\VCTK\wav48_silence_trimmed\p250\p250_454_mic1.flac,p280,0,1,0.5595281720161438,0.5509068369865417,0.5595281720161438,-0.00862133502960205,2.756
lca,3,p250_454_mic1,p250,data\VCTK\wav48_silence_trimmed\p250\p250_454_mic1.flac,p250,1,1,0.5976260900497437,0.5976260900497437,0.5851424336433411,0.012483656406402588,2.756
original,0,p251_029_mic1,p251,data\VCTK\wav48_silence_trimmed\p251\p251_029_mic1.flac,p251,1,1,0.7239800691604614,0.7239800691604614,0.29914504289627075,0.4248350262641907,3.2673125
base,1,p251_029_mic1,p251,data\VCTK\wav48_silence_trimmed\p251\p251_029_mic1.flac,p364,0,1,0.29211050271987915,0.05881413817405701,0.29211050271987915,-0.23329636454582214,3.2673125
base,2,p251_029_mic1,p251,data\VCTK\wav48_silence_trimmed\p251\p251_029_mic1.flac,p294,0,1,0.3001711368560791,0.23513686656951904,0.3001711368560791,-0.06503427028656006,3.2673125
base,3,p251_029_mic1,p251,data\VCTK\wav48_silence_trimmed\p251\p251_029_mic1.flac,p251,1,1,0.37872353196144104,0.37872353196144104,0.33584070205688477,0.042882829904556274,3.2673125
lca,1,p251_029_mic1,p251,data\VCTK\wav48_silence_trimmed\p251\p251_029_mic1.flac,p281,0,1,0.2533527612686157,0.07265054434537888,0.2533527612686157,-0.18070221692323685,3.2673125
lca,2,p251_029_mic1,p251,data\VCTK\wav48_silence_trimmed\p251\p251_029_mic1.flac,p271,0,1,0.2897397577762604,0.18544286489486694,0.2897397577762604,-0.10429689288139343,3.2673125
lca,3,p251_029_mic1,p251,data\VCTK\wav48_silence_trimmed\p251\p251_029_mic1.flac,p251,1,1,0.26023346185684204,0.26023346185684204,0.2537803053855896,0.006453156471252441,3.2673125
original,0,p251_122_mic1,p251,data\VCTK\wav48_silence_trimmed\p251\p251_122_mic1.flac,p251,1,1,0.5703157186508179,0.5703157186508179,0.24895115196704865,0.3213645666837692,2.10125
base,1,p251_122_mic1,p251,data\VCTK\wav48_silence_trimmed\p251\p251_122_mic1.flac,p300,0,1,0.2887192964553833,0.05639459192752838,0.2887192964553833,-0.23232470452785492,2.10125
base,2,p251_122_mic1,p251,data\VCTK\wav48_silence_trimmed\p251\p251_122_mic1.flac,p374,0,1,0.27976930141448975,0.21336360275745392,0.27976930141448975,-0.06640569865703583,2.10125
base,3,p251_122_mic1,p251,data\VCTK\wav48_silence_trimmed\p251\p251_122_mic1.flac,p363,0,1,0.29571688175201416,0.230576753616333,0.29571688175201416,-0.06514012813568115,2.10125
lca,1,p251_122_mic1,p251,data\VCTK\wav48_silence_trimmed\p251\p251_122_mic1.flac,p311,0,0,0.24629326164722443,0.12692219018936157,0.24629326164722443,-0.11937107145786285,2.10125
lca,2,p251_122_mic1,p251,data\VCTK\wav48_silence_trimmed\p251\p251_122_mic1.flac,p347,0,1,0.31467172503471375,0.20929205417633057,0.31467172503471375,-0.10537967085838318,2.10125
lca,3,p251_122_mic1,p251,data\VCTK\wav48_silence_trimmed\p251\p251_122_mic1.flac,p347,0,1,0.36571046710014343,0.21192316710948944,0.36571046710014343,-0.153787299990654,2.10125
original,0,p251_138_mic2,p251,data\VCTK\wav48_silence_trimmed\p251\p251_138_mic2.flac,p251,1,1,0.4718039333820343,0.4718039333820343,0.27228957414627075,0.19951435923576355,1.8
base,1,p251_138_mic2,p251,data\VCTK\wav48_silence_trimmed\p251\p251_138_mic2.flac,p374,0,1,0.30226731300354004,0.07930654287338257,0.30226731300354004,-0.22296077013015747,1.8
base,2,p251_138_mic2,p251,data\VCTK\wav48_silence_trimmed\p251\p251_138_mic2.flac,p311,0,1,0.3347722887992859,0.16793107986450195,0.3347722887992859,-0.16684120893478394,1.8
base,3,p251_138_mic2,p251,data\VCTK\wav48_silence_trimmed\p251\p251_138_mic2.flac,p302,0,1,0.3157067894935608,0.2513485550880432,0.3157067894935608,-0.06435823440551758,1.8
lca,1,p251_138_mic2,p251,data\VCTK\wav48_silence_trimmed\p251\p251_138_mic2.flac,p374,0,1,0.289303719997406,0.10602560639381409,0.289303719997406,-0.18327811360359192,1.8
lca,2,p251_138_mic2,p251,data\VCTK\wav48_silence_trimmed\p251\p251_138_mic2.flac,p374,0,1,0.31014007329940796,0.15892046689987183,0.31014007329940796,-0.15121960639953613,1.8
lca,3,p251_138_mic2,p251,data\VCTK\wav48_silence_trimmed\p251\p251_138_mic2.flac,p226,0,1,0.32124850153923035,0.13755963742733002,0.32124850153923035,-0.18368886411190033,1.8
original,0,p251_217_mic2,p251,data\VCTK\wav48_silence_trimmed\p251\p251_217_mic2.flac,p251,1,1,0.7066316604614258,0.7066316604614258,0.2550937831401825,0.4515378773212433,2.2721875
base,1,p251_217_mic2,p251,data\VCTK\wav48_silence_trimmed\p251\p251_217_mic2.flac,p364,0,1,0.2739067077636719,0.10197878628969193,0.2739067077636719,-0.17192792147397995,2.2721875
base,2,p251_217_mic2,p251,data\VCTK\wav48_silence_trimmed\p251\p251_217_mic2.flac,p308,0,0,0.23791228234767914,0.22336694598197937,0.23791228234767914,-0.014545336365699768,2.2721875
base,3,p251_217_mic2,p251,data\VCTK\wav48_silence_trimmed\p251\p251_217_mic2.flac,p251,1,1,0.32188132405281067,0.32188132405281067,0.32143065333366394,0.0004506707191467285,2.2721875
lca,1,p251_217_mic2,p251,data\VCTK\wav48_silence_trimmed\p251\p251_217_mic2.flac,p271,0,1,0.3372621536254883,0.2180742621421814,0.3372621536254883,-0.11918789148330688,2.2721875
lca,2,p251_217_mic2,p251,data\VCTK\wav48_silence_trimmed\p251\p251_217_mic2.flac,p364,0,1,0.38633739948272705,0.29665008187294006,0.38633739948272705,-0.08968731760978699,2.2721875
lca,3,p251_217_mic2,p251,data\VCTK\wav48_silence_trimmed\p251\p251_217_mic2.flac,p364,0,1,0.33665788173675537,0.3350578546524048,0.33665788173675537,-0.001600027084350586,2.2721875
original,0,p251_236_mic1,p251,data\VCTK\wav48_silence_trimmed\p251\p251_236_mic1.flac,p251,1,1,0.6174505949020386,0.6174505949020386,0.35775452852249146,0.2596960663795471,2.0415
base,1,p251_236_mic1,p251,data\VCTK\wav48_silence_trimmed\p251\p251_236_mic1.flac,p364,0,1,0.3021017909049988,0.16693007946014404,0.3021017909049988,-0.13517171144485474,2.0415
base,2,p251_236_mic1,p251,data\VCTK\wav48_silence_trimmed\p251\p251_236_mic1.flac,p251,1,1,0.3811069428920746,0.3811069428920746,0.3631754517555237,0.017931491136550903,2.0415
base,3,p251_236_mic1,p251,data\VCTK\wav48_silence_trimmed\p251\p251_236_mic1.flac,p251,1,1,0.41879045963287354,0.41879045963287354,0.3671698570251465,0.05162060260772705,2.0415
lca,1,p251_236_mic1,p251,data\VCTK\wav48_silence_trimmed\p251\p251_236_mic1.flac,p226,0,1,0.30726444721221924,0.2559283971786499,0.30726444721221924,-0.051336050033569336,2.0415
lca,2,p251_236_mic1,p251,data\VCTK\wav48_silence_trimmed\p251\p251_236_mic1.flac,p262,0,1,0.3374977111816406,0.32383018732070923,0.3374977111816406,-0.013667523860931396,2.0415
lca,3,p251_236_mic1,p251,data\VCTK\wav48_silence_trimmed\p251\p251_236_mic1.flac,p251,1,1,0.3785681128501892,0.3785681128501892,0.31592684984207153,0.06264126300811768,2.0415
original,0,p252_182_mic2,p252,data\VCTK\wav48_silence_trimmed\p252\p252_182_mic2.flac,p252,1,1,0.6772252917289734,0.6772252917289734,0.38990235328674316,0.2873229384422302,3.873875
base,1,p252_182_mic2,p252,data\VCTK\wav48_silence_trimmed\p252\p252_182_mic2.flac,p258,0,1,0.29024553298950195,0.13888247311115265,0.29024553298950195,-0.1513630598783493,3.873875
base,2,p252_182_mic2,p252,data\VCTK\wav48_silence_trimmed\p252\p252_182_mic2.flac,p252,1,1,0.3715434670448303,0.3715434670448303,0.3408292233943939,0.0307142436504364,3.873875
base,3,p252_182_mic2,p252,data\VCTK\wav48_silence_trimmed\p252\p252_182_mic2.flac,p252,1,1,0.4572983682155609,0.4572983682155609,0.3284097909927368,0.1288885772228241,3.873875
lca,1,p252_182_mic2,p252,data\VCTK\wav48_silence_trimmed\p252\p252_182_mic2.flac,p258,0,1,0.2904577851295471,0.2788888216018677,0.2904577851295471,-0.011568963527679443,3.873875
lca,2,p252_182_mic2,p252,data\VCTK\wav48_silence_trimmed\p252\p252_182_mic2.flac,p252,1,1,0.39374127984046936,0.39374127984046936,0.27222368121147156,0.1215175986289978,3.873875
lca,3,p252_182_mic2,p252,data\VCTK\wav48_silence_trimmed\p252\p252_182_mic2.flac,p252,1,1,0.4483741223812103,0.4483741223812103,0.2950644791126251,0.1533096432685852,3.873875
original,0,p252_220_mic1,p252,data\VCTK\wav48_silence_trimmed\p252\p252_220_mic1.flac,p252,1,1,0.7002577781677246,0.7002577781677246,0.3523787260055542,0.3478790521621704,2.7845
base,1,p252_220_mic1,p252,data\VCTK\wav48_silence_trimmed\p252\p252_220_mic1.flac,p281,0,1,0.284416139125824,0.09130922704935074,0.284416139125824,-0.19310691207647324,2.7845
base,2,p252_220_mic1,p252,data\VCTK\wav48_silence_trimmed\p252\p252_220_mic1.flac,p252,1,1,0.3190995454788208,0.3190995454788208,0.3071489632129669,0.011950582265853882,2.7845
base,3,p252_220_mic1,p252,data\VCTK\wav48_silence_trimmed\p252\p252_220_mic1.flac,p252,1,1,0.3528122901916504,0.3528122901916504,0.2844577431678772,0.0683545470237732,2.7845
lca,1,p252_220_mic1,p252,data\VCTK\wav48_silence_trimmed\p252\p252_220_mic1.flac,p311,0,1,0.3226468861103058,0.14434465765953064,0.3226468861103058,-0.17830222845077515,2.7845
lca,2,p252_220_mic1,p252,data\VCTK\wav48_silence_trimmed\p252\p252_220_mic1.flac,p252,1,1,0.40149641036987305,0.40149641036987305,0.31228792667388916,0.08920848369598389,2.7845
lca,3,p252_220_mic1,p252,data\VCTK\wav48_silence_trimmed\p252\p252_220_mic1.flac,p252,1,1,0.4573252201080322,0.4573252201080322,0.30795562267303467,0.14936959743499756,2.7845
original,0,p252_243_mic1,p252,data\VCTK\wav48_silence_trimmed\p252\p252_243_mic1.flac,p252,1,1,0.6826661229133606,0.6826661229133606,0.47261080145835876,0.21005532145500183,2.91075
base,1,p252_243_mic1,p252,data\VCTK\wav48_silence_trimmed\p252\p252_243_mic1.flac,p374,0,1,0.3821955621242523,0.09543517976999283,0.3821955621242523,-0.2867603823542595,2.91075
base,2,p252_243_mic1,p252,data\VCTK\wav48_silence_trimmed\p252\p252_243_mic1.flac,p259,0,1,0.4326598048210144,0.3653147220611572,0.4326598048210144,-0.06734508275985718,2.91075
base,3,p252_243_mic1,p252,data\VCTK\wav48_silence_trimmed\p252\p252_243_mic1.flac,p252,1,1,0.47593188285827637,0.47593188285827637,0.4383876323699951,0.03754425048828125,2.91075
lca,1,p252_243_mic1,p252,data\VCTK\wav48_silence_trimmed\p252\p252_243_mic1.flac,p347,0,1,0.3325578272342682,0.1406538486480713,0.3325578272342682,-0.1919039785861969,2.91075
lca,2,p252_243_mic1,p252,data\VCTK\wav48_silence_trimmed\p252\p252_243_mic1.flac,p252,1,1,0.37759116291999817,0.37759116291999817,0.35588526725769043,0.02170589566230774,2.91075
lca,3,p252_243_mic1,p252,data\VCTK\wav48_silence_trimmed\p252\p252_243_mic1.flac,p252,1,1,0.3934744894504547,0.3934744894504547,0.3592486083507538,0.03422588109970093,2.91075
original,0,p252_270_mic2,p252,data\VCTK\wav48_silence_trimmed\p252\p252_270_mic2.flac,p252,1,1,0.7555499076843262,0.7555499076843262,0.39774584770202637,0.3578040599822998,4.4558125
base,1,p252_270_mic2,p252,data\VCTK\wav48_silence_trimmed\p252\p252_270_mic2.flac,p302,0,1,0.28776857256889343,0.1541619598865509,0.28776857256889343,-0.13360661268234253,4.4558125
base,2,p252_270_mic2,p252,data\VCTK\wav48_silence_trimmed\p252\p252_270_mic2.flac,p252,1,1,0.4116673469543457,0.4116673469543457,0.37762513756752014,0.03404220938682556,4.4558125
base,3,p252_270_mic2,p252,data\VCTK\wav48_silence_trimmed\p252\p252_270_mic2.flac,p271,0,1,0.45353639125823975,0.4400925040245056,0.45353639125823975,-0.01344388723373413,4.4558125
lca,1,p252_270_mic2,p252,data\VCTK\wav48_silence_trimmed\p252\p252_270_mic2.flac,p364,0,1,0.2854052484035492,0.21201877295970917,0.2854052484035492,-0.07338647544384003,4.4558125
lca,2,p252_270_mic2,p252,data\VCTK\wav48_silence_trimmed\p252\p252_270_mic2.flac,p271,0,1,0.36222562193870544,0.28535300493240356,0.36222562193870544,-0.07687261700630188,4.4558125
lca,3,p252_270_mic2,p252,data\VCTK\wav48_silence_trimmed\p252\p252_270_mic2.flac,p271,0,1,0.3511350750923157,0.3198648989200592,0.3511350750923157,-0.03127017617225647,4.4558125
original,0,p252_293_mic1,p252,data\VCTK\wav48_silence_trimmed\p252\p252_293_mic1.flac,p252,1,1,0.7301405668258667,0.7301405668258667,0.39316749572753906,0.33697307109832764,2.9818125
base,1,p252_293_mic1,p252,data\VCTK\wav48_silence_trimmed\p252\p252_293_mic1.flac,p271,0,1,0.34611570835113525,0.21677398681640625,0.34611570835113525,-0.129341721534729,2.9818125
base,2,p252_293_mic1,p252,data\VCTK\wav48_silence_trimmed\p252\p252_293_mic1.flac,p252,1,1,0.45721402764320374,0.45721402764320374,0.4460996389389038,0.011114388704299927,2.9818125
base,3,p252_293_mic1,p252,data\VCTK\wav48_silence_trimmed\p252\p252_293_mic1.flac,p252,1,1,0.4608907699584961,0.4608907699584961,0.44482678174972534,0.016063988208770752,2.9818125
lca,1,p252_293_mic1,p252,data\VCTK\wav48_silence_trimmed\p252\p252_293_mic1.flac,p281,0,1,0.25833919644355774,0.06104174256324768,0.25833919644355774,-0.19729745388031006,2.9818125
lca,2,p252_293_mic1,p252,data\VCTK\wav48_silence_trimmed\p252\p252_293_mic1.flac,p271,0,1,0.3380020558834076,0.27324315905570984,0.3380020558834076,-0.06475889682769775,2.9818125
lca,3,p252_293_mic1,p252,data\VCTK\wav48_silence_trimmed\p252\p252_293_mic1.flac,p252,1,1,0.3956100344657898,0.3956100344657898,0.3680383265018463,0.02757170796394348,2.9818125
original,0,p253_045_mic2,p253,data\VCTK\wav48_silence_trimmed\p253\p253_045_mic2.flac,p253,1,1,0.7661337852478027,0.7661337852478027,0.4722362756729126,0.29389750957489014,2.339375
base,1,p253_045_mic2,p253,data\VCTK\wav48_silence_trimmed\p253\p253_045_mic2.flac,p257,0,1,0.4868564009666443,0.34278562664985657,0.4868564009666443,-0.14407077431678772,2.339375
base,2,p253_045_mic2,p253,data\VCTK\wav48_silence_trimmed\p253\p253_045_mic2.flac,p257,0,1,0.5218424797058105,0.5127941370010376,0.5218424797058105,-0.00904834270477295,2.339375
base,3,p253_045_mic2,p253,data\VCTK\wav48_silence_trimmed\p253\p253_045_mic2.flac,p253,1,1,0.5523141622543335,0.5523141622543335,0.46113282442092896,0.09118133783340454,2.339375
lca,1,p253_045_mic2,p253,data\VCTK\wav48_silence_trimmed\p253\p253_045_mic2.flac,p280,0,1,0.4534751772880554,0.2568931579589844,0.4534751772880554,-0.19658201932907104,2.339375
lca,2,p253_045_mic2,p253,data\VCTK\wav48_silence_trimmed\p253\p253_045_mic2.flac,p230,0,1,0.46638551354408264,0.39754360914230347,0.46638551354408264,-0.06884190440177917,2.339375
lca,3,p253_045_mic2,p253,data\VCTK\wav48_silence_trimmed\p253\p253_045_mic2.flac,p230,0,1,0.5003257393836975,0.46271172165870667,0.5003257393836975,-0.037614017724990845,2.339375
original,0,p253_206_mic2,p253,data\VCTK\wav48_silence_trimmed\p253\p253_206_mic2.flac,p253,1,1,0.4559359550476074,0.4559359550476074,0.39581775665283203,0.06011819839477539,1.6226875
base,1,p253_206_mic2,p253,data\VCTK\wav48_silence_trimmed\p253\p253_206_mic2.flac,p330,0,1,0.3367573320865631,0.1654900163412094,0.3367573320865631,-0.1712673157453537,1.6226875
base,2,p253_206_mic2,p253,data\VCTK\wav48_silence_trimmed\p253\p253_206_mic2.flac,p230,0,1,0.4360927939414978,0.26255080103874207,0.4360927939414978,-0.17354199290275574,1.6226875
base,3,p253_206_mic2,p253,data\VCTK\wav48_silence_trimmed\p253\p253_206_mic2.flac,p230,0,1,0.44817620515823364,0.3187997043132782,0.44817620515823364,-0.12937650084495544,1.6226875
lca,1,p253_206_mic2,p253,data\VCTK\wav48_silence_trimmed\p253\p253_206_mic2.flac,p300,0,1,0.34064626693725586,0.12579232454299927,0.34064626693725586,-0.2148539423942566,1.6226875
lca,2,p253_206_mic2,p253,data\VCTK\wav48_silence_trimmed\p253\p253_206_mic2.flac,p230,0,1,0.42888039350509644,0.2301238775253296,0.42888039350509644,-0.19875651597976685,1.6226875
lca,3,p253_206_mic2,p253,data\VCTK\wav48_silence_trimmed\p253\p253_206_mic2.flac,p280,0,1,0.4817521274089813,0.2337968945503235,0.4817521274089813,-0.24795523285865784,1.6226875
original,0,p253_281_mic1,p253,data\VCTK\wav48_silence_trimmed\p253\p253_281_mic1.flac,p253,1,1,0.8157670497894287,0.8157670497894287,0.41903001070022583,0.3967370390892029,2.9556875
base,1,p253_281_mic1,p253,data\VCTK\wav48_silence_trimmed\p253\p253_281_mic1.flac,p257,0,1,0.40085935592651367,0.3520347774028778,0.40085935592651367,-0.048824578523635864,2.9556875
base,2,p253_281_mic1,p253,data\VCTK\wav48_silence_trimmed\p253\p253_281_mic1.flac,p253,1,1,0.48127371072769165,0.48127371072769165,0.4570654630661011,0.024208247661590576,2.9556875
base,3,p253_281_mic1,p253,data\VCTK\wav48_silence_trimmed\p253\p253_281_mic1.flac,p317,0,1,0.49796098470687866,0.4968310594558716,0.49796098470687866,-0.00112992525100708,2.9556875
lca,1,p253_281_mic1,p253,data\VCTK\wav48_silence_trimmed\p253\p253_281_mic1.flac,p280,0,1,0.431219220161438,0.3113110661506653,0.431219220161438,-0.1199081540107727,2.9556875
lca,2,p253_281_mic1,p253,data\VCTK\wav48_silence_trimmed\p253\p253_281_mic1.flac,p253,1,1,0.4521311819553375,0.4521311819553375,0.4457668960094452,0.006364285945892334,2.9556875
lca,3,p253_281_mic1,p253,data\VCTK\wav48_silence_trimmed\p253\p253_281_mic1.flac,p340,0,1,0.47323328256607056,0.4706875681877136,0.47323328256607056,-0.0025457143783569336,2.9556875
original,0,p253_343_mic2,p253,data\VCTK\wav48_silence_trimmed\p253\p253_343_mic2.flac,p253,1,1,0.7396174669265747,0.7396174669265747,0.3879343867301941,0.3516830801963806,2.798125
base,1,p253_343_mic2,p253,data\VCTK\wav48_silence_trimmed\p253\p253_343_mic2.flac,p239,0,1,0.3606707453727722,0.28360703587532043,0.3606707453727722,-0.07706370949745178,2.798125
base,2,p253_343_mic2,p253,data\VCTK\wav48_silence_trimmed\p253\p253_343_mic2.flac,p253,1,1,0.46305492520332336,0.46305492520332336,0.41522592306137085,0.047829002141952515,2.798125
base,3,p253_343_mic2,p253,data\VCTK\wav48_silence_trimmed\p253\p253_343_mic2.flac,p253,1,1,0.4896128177642822,0.4896128177642822,0.37640535831451416,0.11320745944976807,2.798125
lca,1,p253_343_mic2,p253,data\VCTK\wav48_silence_trimmed\p253\p253_343_mic2.flac,p280,0,1,0.46842649579048157,0.3823089003562927,0.46842649579048157,-0.08611759543418884,2.798125
lca,2,p253_343_mic2,p253,data\VCTK\wav48_silence_trimmed\p253\p253_343_mic2.flac,p280,0,1,0.5183435678482056,0.48015111684799194,0.5183435678482056,-0.03819245100021362,2.798125
lca,3,p253_343_mic2,p253,data\VCTK\wav48_silence_trimmed\p253\p253_343_mic2.flac,p257,0,1,0.48817694187164307,0.4560443162918091,0.48817694187164307,-0.032132625579833984,2.798125
original,0,p253_381_mic1,p253,data\VCTK\wav48_silence_trimmed\p253\p253_381_mic1.flac,p253,1,1,0.6576212048530579,0.6576212048530579,0.3664119243621826,0.29120928049087524,1.7946875
base,1,p253_381_mic1,p253,data\VCTK\wav48_silence_trimmed\p253\p253_381_mic1.flac,p280,0,1,0.3060683310031891,0.19704854488372803,0.3060683310031891,-0.10901978611946106,1.7946875
base,2,p253_381_mic1,p253,data\VCTK\wav48_silence_trimmed\p253\p253_381_mic1.flac,p253,1,1,0.42092567682266235,0.42092567682266235,0.41832810640335083,0.0025975704193115234,1.7946875
base,3,p253_381_mic1,p253,data\VCTK\wav48_silence_trimmed\p253\p253_381_mic1.flac,p253,1,1,0.47838589549064636,0.47838589549064636,0.40640679001808167,0.0719791054725647,1.7946875
lca,1,p253_381_mic1,p253,data\VCTK\wav48_silence_trimmed\p253\p253_381_mic1.flac,p280,0,1,0.3836045265197754,0.26410168409347534,0.3836045265197754,-0.11950284242630005,1.7946875
lca,2,p253_381_mic1,p253,data\VCTK\wav48_silence_trimmed\p253\p253_381_mic1.flac,p280,0,1,0.39348816871643066,0.34660571813583374,0.39348816871643066,-0.046882450580596924,1.7946875
lca,3,p253_381_mic1,p253,data\VCTK\wav48_silence_trimmed\p253\p253_381_mic1.flac,p280,0,1,0.4111176133155823,0.34024858474731445,0.4111176133155823,-0.07086902856826782,1.7946875
original,0,p254_049_mic1,p254,data\VCTK\wav48_silence_trimmed\p254\p254_049_mic1.flac,p254,1,1,0.7959312200546265,0.7959312200546265,0.34943264722824097,0.4464985728263855,3.0453125
base,1,p254_049_mic1,p254,data\VCTK\wav48_silence_trimmed\p254\p254_049_mic1.flac,p261,0,1,0.2806844711303711,0.057660169899463654,0.2806844711303711,-0.22302430123090744,3.0453125
base,2,p254_049_mic1,p254,data\VCTK\wav48_silence_trimmed\p254\p254_049_mic1.flac,p271,0,1,0.34419432282447815,0.26995426416397095,0.34419432282447815,-0.0742400586605072,3.0453125
base,3,p254_049_mic1,p254,data\VCTK\wav48_silence_trimmed\p254\p254_049_mic1.flac,p254,1,1,0.41642892360687256,0.41642892360687256,0.325337678194046,0.09109124541282654,3.0453125
lca,1,p254_049_mic1,p254,data\VCTK\wav48_silence_trimmed\p254\p254_049_mic1.flac,p364,0,1,0.2625623345375061,0.08767424523830414,0.2625623345375061,-0.17488808929920197,3.0453125
lca,2,p254_049_mic1,p254,data\VCTK\wav48_silence_trimmed\p254\p254_049_mic1.flac,p266,0,1,0.29890233278274536,0.14357998967170715,0.29890233278274536,-0.1553223431110382,3.0453125
lca,3,p254_049_mic1,p254,data\VCTK\wav48_silence_trimmed\p254\p254_049_mic1.flac,p284,0,1,0.3374364376068115,0.2820722162723541,0.3374364376068115,-0.0553642213344574,3.0453125
original,0,p254_086_mic2,p254,data\VCTK\wav48_silence_trimmed\p254\p254_086_mic2.flac,p254,1,1,0.8004943132400513,0.8004943132400513,0.405388742685318,0.3951055705547333,2.179875
base,1,p254_086_mic2,p254,data\VCTK\wav48_silence_trimmed\p254\p254_086_mic2.flac,p293,0,0,0.24339286983013153,0.07315829396247864,0.24339286983013153,-0.1702345758676529,2.179875
base,2,p254_086_mic2,p254,data\VCTK\wav48_silence_trimmed\p254\p254_086_mic2.flac,p243,0,1,0.3727605938911438,0.11819025874137878,0.3727605938911438,-0.254570335149765,2.179875
base,3,p254_086_mic2,p254,data\VCTK\wav48_silence_trimmed\p254\p254_086_mic2.flac,p243,0,1,0.353817343711853,0.18890976905822754,0.353817343711853,-0.1649075746536255,2.179875
lca,1,p254_086_mic2,p254,data\VCTK\wav48_silence_trimmed\p254\p254_086_mic2.flac,p311,0,1,0.2706034779548645,-0.0387248769402504,0.2706034779548645,-0.3093283548951149,2.179875
lca,2,p254_086_mic2,p254,data\VCTK\wav48_silence_trimmed\p254\p254_086_mic2.flac,p271,0,1,0.32463163137435913,0.15202365815639496,0.32463163137435913,-0.17260797321796417,2.179875
lca,3,p254_086_mic2,p254,data\VCTK\wav48_silence_trimmed\p254\p254_086_mic2.flac,p271,0,1,0.3072100579738617,0.23433154821395874,0.3072100579738617,-0.07287850975990295,2.179875
original,0,p254_194_mic1,p254,data\VCTK\wav48_silence_trimmed\p254\p254_194_mic1.flac,p254,1,1,0.8051915764808655,0.8051915764808655,0.35665005445480347,0.448541522026062,3.3508125
base,1,p254_194_mic1,p254,data\VCTK\wav48_silence_trimmed\p254\p254_194_mic1.flac,p374,0,1,0.2815699875354767,0.09014644473791122,0.2815699875354767,-0.19142354279756546,3.3508125
base,2,p254_194_mic1,p254,data\VCTK\wav48_silence_trimmed\p254\p254_194_mic1.flac,p374,0,1,0.32012903690338135,0.2247978150844574,0.32012903690338135,-0.09533122181892395,3.3508125
base,3,p254_194_mic1,p254,data\VCTK\wav48_silence_trimmed\p254\p254_194_mic1.flac,p256,0,1,0.3170279562473297,0.2745167016983032,0.3170279562473297,-0.04251125454902649,3.3508125
lca,1,p254_194_mic1,p254,data\VCTK\wav48_silence_trimmed\p254\p254_194_mic1.flac,p364,0,0,0.2456175833940506,0.01153188943862915,0.2456175833940506,-0.23408569395542145,3.3508125
lca,2,p254_194_mic1,p254,data\VCTK\wav48_silence_trimmed\p254\p254_194_mic1.flac,p271,0,1,0.3243236541748047,0.18046952784061432,0.3243236541748047,-0.14385412633419037,3.3508125
lca,3,p254_194_mic1,p254,data\VCTK\wav48_silence_trimmed\p254\p254_194_mic1.flac,p271,0,1,0.3087195158004761,0.23747533559799194,0.3087195158004761,-0.07124418020248413,3.3508125
original,0,p254_202_mic2,p254,data\VCTK\wav48_silence_trimmed\p254\p254_202_mic2.flac,p254,1,1,0.7364841103553772,0.7364841103553772,0.34710538387298584,0.38937872648239136,2.2338125
base,1,p254_202_mic2,p254,data\VCTK\wav48_silence_trimmed\p254\p254_202_mic2.flac,p281,0,1,0.257601261138916,0.10352593660354614,0.257601261138916,-0.15407532453536987,2.2338125
base,2,p254_202_mic2,p254,data\VCTK\wav48_silence_trimmed\p254\p254_202_mic2.flac,p254,1,1,0.4831353425979614,0.4831353425979614,0.3902675211429596,0.09286782145500183,2.2338125
base,3,p254_202_mic2,p254,data\VCTK\wav48_silence_trimmed\p254\p254_202_mic2.flac,p254,1,1,0.5255764722824097,0.5255764722824097,0.3585759997367859,0.16700047254562378,2.2338125
lca,1,p254_202_mic2,p254,data\VCTK\wav48_silence_trimmed\p254\p254_202_mic2.flac,p262,0,1,0.3585894703865051,0.032684214413166046,0.3585894703865051,-0.3259052559733391,2.2338125
lca,2,p254_202_mic2,p254,data\VCTK\wav48_silence_trimmed\p254\p254_202_mic2.flac,p284,0,1,0.3452387750148773,0.3161658048629761,0.3452387750148773,-0.029072970151901245,2.2338125
lca,3,p254_202_mic2,p254,data\VCTK\wav48_silence_trimmed\p254\p254_202_mic2.flac,p254,1,1,0.4152909219264984,0.4152909219264984,0.29720649123191833,0.11808443069458008,2.2338125
original,0,p254_243_mic1,p254,data\VCTK\wav48_silence_trimmed\p254\p254_243_mic1.flac,p254,1,1,0.8129715919494629,0.8129715919494629,0.32910507917404175,0.48386651277542114,3.7246875
base,1,p254_243_mic1,p254,data\VCTK\wav48_silence_trimmed\p254\p254_243_mic1.flac,p293,0,0,0.227402925491333,0.09383361041545868,0.227402925491333,-0.13356931507587433,3.7246875
base,2,p254_243_mic1,p254,data\VCTK\wav48_silence_trimmed\p254\p254_243_mic1.flac,p254,1,1,0.2532523572444916,0.2532523572444916,0.24024039506912231,0.013011962175369263,3.7246875
base,3,p254_243_mic1,p254,data\VCTK\wav48_silence_trimmed\p254\p254_243_mic1.flac,p254,1,1,0.5103363394737244,0.5103363394737244,0.2729337811470032,0.2374025583267212,3.7246875
lca,1,p254_243_mic1,p254,data\VCTK\wav48_silence_trimmed\p254\p254_243_mic1.flac,p311,0,1,0.3051559627056122,0.02705322951078415,0.3051559627056122,-0.27810273319482803,3.7246875
lca,2,p254_243_mic1,p254,data\VCTK\wav48_silence_trimmed\p254\p254_243_mic1.flac,p271,0,1,0.2689056992530823,0.21473371982574463,0.2689056992530823,-0.054171979427337646,3.7246875
lca,3,p254_243_mic1,p254,data\VCTK\wav48_silence_trimmed\p254\p254_243_mic1.flac,p284,0,1,0.2926197052001953,0.2923111319541931,0.2926197052001953,-0.00030857324600219727,3.7246875
original,0,p255_073_mic2,p255,data\VCTK\wav48_silence_trimmed\p255\p255_073_mic2.flac,p255,1,1,0.7588523626327515,0.7588523626327515,0.3804398775100708,0.37841248512268066,2.7733125
base,1,p255_073_mic2,p255,data\VCTK\wav48_silence_trimmed\p255\p255_073_mic2.flac,p343,0,1,0.3694140315055847,0.26133018732070923,0.3694140315055847,-0.10808384418487549,2.7733125
base,2,p255_073_mic2,p255,data\VCTK\wav48_silence_trimmed\p255\p255_073_mic2.flac,p343,0,1,0.36802157759666443,0.36058080196380615,0.36802157759666443,-0.007440775632858276,2.7733125
base,3,p255_073_mic2,p255,data\VCTK\wav48_silence_trimmed\p255\p255_073_mic2.flac,p255,1,1,0.48464393615722656,0.48464393615722656,0.3844757676124573,0.10016816854476929,2.7733125
lca,1,p255_073_mic2,p255,data\VCTK\wav48_silence_trimmed\p255\p255_073_mic2.flac,p343,0,1,0.3324509859085083,0.2660996913909912,0.3324509859085083,-0.06635129451751709,2.7733125
lca,2,p255_073_mic2,p255,data\VCTK\wav48_silence_trimmed\p255\p255_073_mic2.flac,p301,0,1,0.329053670167923,0.2928197383880615,0.329053670167923,-0.03623393177986145,2.7733125
lca,3,p255_073_mic2,p255,data\VCTK\wav48_silence_trimmed\p255\p255_073_mic2.flac,p255,1,1,0.377446711063385,0.377446711063385,0.3344820737838745,0.0429646372795105,2.7733125
original,0,p255_135_mic1,p255,data\VCTK\wav48_silence_trimmed\p255\p255_135_mic1.flac,p255,1,1,0.6203389167785645,0.6203389167785645,0.37316733598709106,0.2471715807914734,3.0323125
base,1,p255_135_mic1,p255,data\VCTK\wav48_silence_trimmed\p255\p255_135_mic1.flac,p298,0,1,0.30803024768829346,0.10906606912612915,0.30803024768829346,-0.1989641785621643,3.0323125
base,2,p255_135_mic1,p255,data\VCTK\wav48_silence_trimmed\p255\p255_135_mic1.flac,p247,0,1,0.4014522433280945,0.2754928469657898,0.4014522433280945,-0.1259593963623047,3.0323125
base,3,p255_135_mic1,p255,data\VCTK\wav48_silence_trimmed\p255\p255_135_mic1.flac,p247,0,1,0.42647650837898254,0.3518374264240265,0.42647650837898254,-0.07463908195495605,3.0323125
lca,1,p255_135_mic1,p255,data\VCTK\wav48_silence_trimmed\p255\p255_135_mic1.flac,p261,0,1,0.2780688405036926,0.07490143924951553,0.2780688405036926,-0.2031674012541771,3.0323125
lca,2,p255_135_mic1,p255,data\VCTK\wav48_silence_trimmed\p255\p255_135_mic1.flac,p347,0,1,0.26538634300231934,0.22256404161453247,0.26538634300231934,-0.042822301387786865,3.0323125
lca,3,p255_135_mic1,p255,data\VCTK\wav48_silence_trimmed\p255\p255_135_mic1.flac,p255,1,1,0.3792245388031006,0.3792245388031006,0.3404308557510376,0.03879368305206299,3.0323125
original,0,p255_298_mic1,p255,data\VCTK\wav48_silence_trimmed\p255\p255_298_mic1.flac,p255,1,1,0.6910967230796814,0.6910967230796814,0.3746265172958374,0.316470205783844,5.07175
base,1,p255_298_mic1,p255,data\VCTK\wav48_silence_trimmed\p255\p255_298_mic1.flac,p374,0,1,0.34104692935943604,0.20501555502414703,0.34104692935943604,-0.136031374335289,5.07175
base,2,p255_298_mic1,p255,data\VCTK\wav48_silence_trimmed\p255\p255_298_mic1.flac,p247,0,1,0.4149585962295532,0.30176854133605957,0.4149585962295532,-0.11319005489349365,5.07175
base,3,p255_298_mic1,p255,data\VCTK\wav48_silence_trimmed\p255\p255_298_mic1.flac,p247,0,1,0.44824934005737305,0.41126522421836853,0.44824934005737305,-0.03698411583900452,5.07175
lca,1,p255_298_mic1,p255,data\VCTK\wav48_silence_trimmed\p255\p255_298_mic1.flac,p261,0,1,0.30192556977272034,0.09683895111083984,0.30192556977272034,-0.2050866186618805,5.07175
lca,2,p255_298_mic1,p255,data\VCTK\wav48_silence_trimmed\p255\p255_298_mic1.flac,p251,0,1,0.284110963344574,0.185455322265625,0.284110963344574,-0.09865564107894897,5.07175
lca,3,p255_298_mic1,p255,data\VCTK\wav48_silence_trimmed\p255\p255_298_mic1.flac,p262,0,1,0.2939049303531647,0.24615716934204102,0.2939049303531647,-0.04774776101112366,5.07175
original,0,p255_347_mic1,p255,data\VCTK\wav48_silence_trimmed\p255\p255_347_mic1.flac,p255,1,1,0.6982859373092651,0.6982859373092651,0.40047508478164673,0.2978108525276184,4.0323125
base,1,p255_347_mic1,p255,data\VCTK\wav48_silence_trimmed\p255\p255_347_mic1.flac,p360,0,1,0.3065522313117981,0.16523008048534393,0.3065522313117981,-0.14132215082645416,4.0323125
base,2,p255_347_mic1,p255,data\VCTK\wav48_silence_trimmed\p255\p255_347_mic1.flac,p247,0,1,0.34480351209640503,0.276685506105423,0.34480351209640503,-0.06811800599098206,4.0323125
base,3,p255_347_mic1,p255,data\VCTK\wav48_silence_trimmed\p255\p255_347_mic1.flac,p255,1,1,0.37758833169937134,0.37758833169937134,0.3498333990573883,0.027754932641983032,4.0323125
lca,1,p255_347_mic1,p255,data\VCTK\wav48_silence_trimmed\p255\p255_347_mic1.flac,p343,0,1,0.2841445505619049,0.1574757993221283,0.2841445505619049,-0.1266687512397766,4.0323125
lca,2,p255_347_mic1,p255,data\VCTK\wav48_silence_trimmed\p255\p255_347_mic1.flac,p257,0,1,0.3388356566429138,0.2414989322423935,0.3388356566429138,-0.09733672440052032,4.0323125
lca,3,p255_347_mic1,p255,data\VCTK\wav48_silence_trimmed\p255\p255_347_mic1.flac,p314,0,1,0.3453104496002197,0.28576579689979553,0.3453104496002197,-0.059544652700424194,4.0323125
original,0,p255_381_mic1,p255,data\VCTK\wav48_silence_trimmed\p255\p255_381_mic1.flac,p255,1,1,0.7871251702308655,0.7871251702308655,0.30400019884109497,0.4831249713897705,3.8789375
base,1,p255_381_mic1,p255,data\VCTK\wav48_silence_trimmed\p255\p255_381_mic1.flac,p247,0,1,0.3236503005027771,0.18648406863212585,0.3236503005027771,-0.13716623187065125,3.8789375
base,2,p255_381_mic1,p255,data\VCTK\wav48_silence_trimmed\p255\p255_381_mic1.flac,p247,0,1,0.39848756790161133,0.27959010004997253,0.39848756790161133,-0.1188974678516388,3.8789375
base,3,p255_381_mic1,p255,data\VCTK\wav48_silence_trimmed\p255\p255_381_mic1.flac,p255,1,1,0.4205116331577301,0.4205116331577301,0.3921525180339813,0.02835911512374878,3.8789375
lca,1,p255_381_mic1,p255,data\VCTK\wav48_silence_trimmed\p255\p255_381_mic1.flac,p343,0,1,0.2653955817222595,0.1577085703611374,0.2653955817222595,-0.10768701136112213,3.8789375
lca,2,p255_381_mic1,p255,data\VCTK\wav48_silence_trimmed\p255\p255_381_mic1.flac,p262,0,1,0.31001126766204834,0.29716193675994873,0.31001126766204834,-0.01284933090209961,3.8789375
lca,3,p255_381_mic1,p255,data\VCTK\wav48_silence_trimmed\p255\p255_381_mic1.flac,p255,1,1,0.3554498553276062,0.3554498553276062,0.3384156823158264,0.017034173011779785,3.8789375
original,0,p256_033_mic2,p256,data\VCTK\wav48_silence_trimmed\p256\p256_033_mic2.flac,p256,1,1,0.7560021281242371,0.7560021281242371,0.4118298888206482,0.34417223930358887,3.876125
base,1,p256_033_mic2,p256,data\VCTK\wav48_silence_trimmed\p256\p256_033_mic2.flac,p374,0,1,0.2846505641937256,0.1222541481256485,0.2846505641937256,-0.1623964160680771,3.876125
base,2,p256_033_mic2,p256,data\VCTK\wav48_silence_trimmed\p256\p256_033_mic2.flac,p311,0,1,0.39209145307540894,0.14155089855194092,0.39209145307540894,-0.250540554523468,3.876125
base,3,p256_033_mic2,p256,data\VCTK\wav48_silence_trimmed\p256\p256_033_mic2.flac,p311,0,1,0.3905520439147949,0.18156877160072327,0.3905520439147949,-0.20898327231407166,3.876125
lca,1,p256_033_mic2,p256,data\VCTK\wav48_silence_trimmed\p256\p256_033_mic2.flac,p311,0,1,0.2899214029312134,0.08844509720802307,0.2899214029312134,-0.2014763057231903,3.876125
lca,2,p256_033_mic2,p256,data\VCTK\wav48_silence_trimmed\p256\p256_033_mic2.flac,p311,0,1,0.3052985668182373,0.12082745134830475,0.3052985668182373,-0.18447111546993256,3.876125
lca,3,p256_033_mic2,p256,data\VCTK\wav48_silence_trimmed\p256\p256_033_mic2.flac,p311,0,1,0.3620568513870239,0.19283029437065125,0.3620568513870239,-0.16922655701637268,3.876125
original,0,p256_096_mic2,p256,data\VCTK\wav48_silence_trimmed\p256\p256_096_mic2.flac,p256,1,1,0.7993549108505249,0.7993549108505249,0.3874281942844391,0.4119267165660858,4.7009375
base,1,p256_096_mic2,p256,data\VCTK\wav48_silence_trimmed\p256\p256_096_mic2.flac,p311,0,1,0.335590124130249,0.08316919207572937,0.335590124130249,-0.25242093205451965,4.7009375
base,2,p256_096_mic2,p256,data\VCTK\wav48_silence_trimmed\p256\p256_096_mic2.flac,p284,0,1,0.38416510820388794,0.2500722110271454,0.38416510820388794,-0.13409289717674255,4.7009375
base,3,p256_096_mic2,p256,data\VCTK\wav48_silence_trimmed\p256\p256_096_mic2.flac,p284,0,1,0.38530102372169495,0.33566224575042725,0.38530102372169495,-0.0496387779712677,4.7009375
lca,1,p256_096_mic2,p256,data\VCTK\wav48_silence_trimmed\p256\p256_096_mic2.flac,p364,0,1,0.3278638422489166,0.12468592822551727,0.3278638422489166,-0.20317791402339935,4.7009375
lca,2,p256_096_mic2,p256,data\VCTK\wav48_silence_trimmed\p256\p256_096_mic2.flac,p364,0,1,0.34591689705848694,0.2256043255329132,0.34591689705848694,-0.12031257152557373,4.7009375
lca,3,p256_096_mic2,p256,data\VCTK\wav48_silence_trimmed\p256\p256_096_mic2.flac,p364,0,1,0.3519895076751709,0.2787916362285614,0.3519895076751709,-0.0731978714466095,4.7009375
original,0,p256_173_mic2,p256,data\VCTK\wav48_silence_trimmed\p256\p256_173_mic2.flac,p256,1,1,0.7717151641845703,0.7717151641845703,0.4592738449573517,0.31244131922721863,3.42625
base,1,p256_173_mic2,p256,data\VCTK\wav48_silence_trimmed\p256\p256_173_mic2.flac,p374,0,1,0.4059000611305237,0.12144510447978973,0.4059000611305237,-0.28445495665073395,3.42625
base,2,p256_173_mic2,p256,data\VCTK\wav48_silence_trimmed\p256\p256_173_mic2.flac,p364,0,1,0.3848784267902374,0.20679344236850739,0.3848784267902374,-0.17808498442173004,3.42625
base,3,p256_173_mic2,p256,data\VCTK\wav48_silence_trimmed\p256\p256_173_mic2.flac,p374,0,1,0.4260600805282593,0.27083882689476013,0.4260600805282593,-0.15522125363349915,3.42625
lca,1,p256_173_mic2,p256,data\VCTK\wav48_silence_trimmed\p256\p256_173_mic2.flac,p311,0,1,0.35202556848526,0.05855051428079605,0.35202556848526,-0.29347505420446396,3.42625
lca,2,p256_173_mic2,p256,data\VCTK\wav48_silence_trimmed\p256\p256_173_mic2.flac,p311,0,1,0.46279072761535645,0.15243497490882874,0.46279072761535645,-0.3103557527065277,3.42625
lca,3,p256_173_mic2,p256,data\VCTK\wav48_silence_trimmed\p256\p256_173_mic2.flac,p311,0,1,0.47224846482276917,0.18251600861549377,0.47224846482276917,-0.2897324562072754,3.42625
original,0,p256_222_mic1,p256,data\VCTK\wav48_silence_trimmed\p256\p256_222_mic1.flac,p256,1,1,0.7065098881721497,0.7065098881721497,0.3290753662586212,0.37743452191352844,3.588125
base,1,p256_222_mic1,p256,data\VCTK\wav48_silence_trimmed\p256\p256_222_mic1.flac,p374,0,1,0.37634849548339844,0.00548633374273777,0.37634849548339844,-0.37086216174066067,3.588125
base,2,p256_222_mic1,p256,data\VCTK\wav48_silence_trimmed\p256\p256_222_mic1.flac,p226,0,1,0.3914893567562103,0.1756685972213745,0.3914893567562103,-0.21582075953483582,3.588125
base,3,p256_222_mic1,p256,data\VCTK\wav48_silence_trimmed\p256\p256_222_mic1.flac,p246,0,1,0.4066098928451538,0.18017832934856415,0.4066098928451538,-0.22643156349658966,3.588125
lca,1,p256_222_mic1,p256,data\VCTK\wav48_silence_trimmed\p256\p256_222_mic1.flac,p374,0,1,0.2891155183315277,0.02029159478843212,0.2891155183315277,-0.2688239235430956,3.588125
lca,2,p256_222_mic1,p256,data\VCTK\wav48_silence_trimmed\p256\p256_222_mic1.flac,p271,0,1,0.3437657654285431,0.1264968067407608,0.3437657654285431,-0.2172689586877823,3.588125
lca,3,p256_222_mic1,p256,data\VCTK\wav48_silence_trimmed\p256\p256_222_mic1.flac,p271,0,1,0.34903889894485474,0.19428366422653198,0.34903889894485474,-0.15475523471832275,3.588125
original,0,p256_232_mic2,p256,data\VCTK\wav48_silence_trimmed\p256\p256_232_mic2.flac,p256,1,1,0.7960282564163208,0.7960282564163208,0.3546347916126251,0.4413934648036957,3.561875
base,1,p256_232_mic2,p256,data\VCTK\wav48_silence_trimmed\p256\p256_232_mic2.flac,p226,0,1,0.30845141410827637,0.08595012128353119,0.30845141410827637,-0.22250129282474518,3.561875
base,2,p256_232_mic2,p256,data\VCTK\wav48_silence_trimmed\p256\p256_232_mic2.flac,p374,0,1,0.3578684329986572,0.16842344403266907,0.3578684329986572,-0.18944498896598816,3.561875
base,3,p256_232_mic2,p256,data\VCTK\wav48_silence_trimmed\p256\p256_232_mic2.flac,p256,1,1,0.3730419874191284,0.3730419874191284,0.33913642168045044,0.03390556573867798,3.561875
lca,1,p256_232_mic2,p256,data\VCTK\wav48_silence_trimmed\p256\p256_232_mic2.flac,p374,0,1,0.2731240391731262,0.17769470810890198,0.2731240391731262,-0.09542933106422424,3.561875
lca,2,p256_232_mic2,p256,data\VCTK\wav48_silence_trimmed\p256\p256_232_mic2.flac,p271,0,1,0.31531694531440735,0.2906867265701294,0.31531694531440735,-0.024630218744277954,3.561875
lca,3,p256_232_mic2,p256,data\VCTK\wav48_silence_trimmed\p256\p256_232_mic2.flac,p256,1,1,0.35864973068237305,0.35864973068237305,0.31591448187828064,0.04273524880409241,3.561875
original,0,p257_003_mic1,p257,data\VCTK\wav48_silence_trimmed\p257\p257_003_mic1.flac,p257,1,1,0.7405796647071838,0.7405796647071838,0.4750034809112549,0.26557618379592896,5.9074375
base,1,p257_003_mic1,p257,data\VCTK\wav48_silence_trimmed\p257\p257_003_mic1.flac,p257,1,1,0.4208742678165436,0.4208742678165436,0.34668421745300293,0.07419005036354065,5.9074375
base,2,p257_003_mic1,p257,data\VCTK\wav48_silence_trimmed\p257\p257_003_mic1.flac,p257,1,1,0.5881989002227783,0.5881989002227783,0.4639833867549896,0.1242155134677887,5.9074375
base,3,p257_003_mic1,p257,data\VCTK\wav48_silence_trimmed\p257\p257_003_mic1.flac,p257,1,1,0.610633909702301,0.610633909702301,0.4672005772590637,0.1434333324432373,5.9074375
lca,1,p257_003_mic1,p257,data\VCTK\wav48_silence_trimmed\p257\p257_003_mic1.flac,p280,0,1,0.3897531032562256,0.3646054267883301,0.3897531032562256,-0.025147676467895508,5.9074375
lca,2,p257_003_mic1,p257,data\VCTK\wav48_silence_trimmed\p257\p257_003_mic1.flac,p280,0,1,0.49521130323410034,0.4772762358188629,0.49521130323410034,-0.017935067415237427,5.9074375
lca,3,p257_003_mic1,p257,data\VCTK\wav48_silence_trimmed\p257\p257_003_mic1.flac,p280,0,1,0.5576887130737305,0.5363636016845703,0.5576887130737305,-0.021325111389160156,5.9074375
original,0,p257_218_mic2,p257,data\VCTK\wav48_silence_trimmed\p257\p257_218_mic2.flac,p257,1,1,0.733306884765625,0.733306884765625,0.4972818195819855,0.23602506518363953,2.478375
base,1,p257_218_mic2,p257,data\VCTK\wav48_silence_trimmed\p257\p257_218_mic2.flac,p230,0,1,0.4449465870857239,0.4152747690677643,0.4449465870857239,-0.029671818017959595,2.478375
base,2,p257_218_mic2,p257,data\VCTK\wav48_silence_trimmed\p257\p257_218_mic2.flac,p257,1,1,0.5594492554664612,0.5594492554664612,0.4370114803314209,0.12243777513504028,2.478375
base,3,p257_218_mic2,p257,data\VCTK\wav48_silence_trimmed\p257\p257_218_mic2.flac,p257,1,1,0.5510877370834351,0.5510877370834351,0.4153366982936859,0.13575103878974915,2.478375
lca,1,p257_218_mic2,p257,data\VCTK\wav48_silence_trimmed\p257\p257_218_mic2.flac,p230,0,1,0.4694664776325226,0.3871917724609375,0.4694664776325226,-0.08227470517158508,2.478375
lca,2,p257_218_mic2,p257,data\VCTK\wav48_silence_trimmed\p257\p257_218_mic2.flac,p257,1,1,0.43887436389923096,0.43887436389923096,0.4069131314754486,0.03196123242378235,2.478375
lca,3,p257_218_mic2,p257,data\VCTK\wav48_silence_trimmed\p257\p257_218_mic2.flac,p257,1,1,0.5236720442771912,0.5236720442771912,0.466223806142807,0.057448238134384155,2.478375
original,0,p257_232_mic2,p257,data\VCTK\wav48_silence_trimmed\p257\p257_232_mic2.flac,p257,1,1,0.7678401470184326,0.7678401470184326,0.48800987005233765,0.27983027696609497,3.8851875
base,1,p257_232_mic2,p257,data\VCTK\wav48_silence_trimmed\p257\p257_232_mic2.flac,p293,0,1,0.3369121551513672,0.3139260411262512,0.3369121551513672,-0.022986114025115967,3.8851875
base,2,p257_232_mic2,p257,data\VCTK\wav48_silence_trimmed\p257\p257_232_mic2.flac,p257,1,1,0.5098187327384949,0.5098187327384949,0.46849924325942993,0.04131948947906494,3.8851875
base,3,p257_232_mic2,p257,data\VCTK\wav48_silence_trimmed\p257\p257_232_mic2.flac,p257,1,1,0.571650505065918,0.571650505065918,0.44078460335731506,0.1308659017086029,3.8851875
lca,1,p257_232_mic2,p257,data\VCTK\wav48_silence_trimmed\p257\p257_232_mic2.flac,p257,1,1,0.3740350604057312,0.3740350604057312,0.36716359853744507,0.006871461868286133,3.8851875
lca,2,p257_232_mic2,p257,data\VCTK\wav48_silence_trimmed\p257\p257_232_mic2.flac,p257,1,1,0.46863269805908203,0.46863269805908203,0.46801266074180603,0.000620037317276001,3.8851875
lca,3,p257_232_mic2,p257,data\VCTK\wav48_silence_trimmed\p257\p257_232_mic2.flac,p257,1,1,0.4908977150917053,0.4908977150917053,0.47493329644203186,0.015964418649673462,3.8851875
original,0,p257_252_mic2,p257,data\VCTK\wav48_silence_trimmed\p257\p257_252_mic2.flac,p257,1,1,0.6863926649093628,0.6863926649093628,0.37902894616127014,0.30736371874809265,2.137875
base,1,p257_252_mic2,p257,data\VCTK\wav48_silence_trimmed\p257\p257_252_mic2.flac,p306,0,1,0.40926393866539,0.36087703704833984,0.40926393866539,-0.04838690161705017,2.137875
base,2,p257_252_mic2,p257,data\VCTK\wav48_silence_trimmed\p257\p257_252_mic2.flac,p257,1,1,0.47116953134536743,0.47116953134536743,0.40810084342956543,0.063068687915802,2.137875
base,3,p257_252_mic2,p257,data\VCTK\wav48_silence_trimmed\p257\p257_252_mic2.flac,p257,1,1,0.5513647198677063,0.5513647198677063,0.4199066758155823,0.13145804405212402,2.137875
lca,1,p257_252_mic2,p257,data\VCTK\wav48_silence_trimmed\p257\p257_252_mic2.flac,p230,0,1,0.4484004080295563,0.3580804467201233,0.4484004080295563,-0.09031996130943298,2.137875
lca,2,p257_252_mic2,p257,data\VCTK\wav48_silence_trimmed\p257\p257_252_mic2.flac,p257,1,1,0.47784051299095154,0.47784051299095154,0.41482847929000854,0.063012033700943,2.137875
lca,3,p257_252_mic2,p257,data\VCTK\wav48_silence_trimmed\p257\p257_252_mic2.flac,p257,1,1,0.4733983278274536,0.4733983278274536,0.4036675691604614,0.06973075866699219,2.137875
original,0,p257_370_mic2,p257,data\VCTK\wav48_silence_trimmed\p257\p257_370_mic2.flac,p257,1,1,0.7361122369766235,0.7361122369766235,0.4399738907814026,0.29613834619522095,2.3064375
base,1,p257_370_mic2,p257,data\VCTK\wav48_silence_trimmed\p257\p257_370_mic2.flac,p230,0,1,0.4891791045665741,0.42385753989219666,0.4891791045665741,-0.06532156467437744,2.3064375
base,2,p257_370_mic2,p257,data\VCTK\wav48_silence_trimmed\p257\p257_370_mic2.flac,p257,1,1,0.5172581672668457,0.5172581672668457,0.4745018482208252,0.04275631904602051,2.3064375
base,3,p257_370_mic2,p257,data\VCTK\wav48_silence_trimmed\p257\p257_370_mic2.flac,p257,1,1,0.5634970664978027,0.5634970664978027,0.46742209792137146,0.09607496857643127,2.3064375
lca,1,p257_370_mic2,p257,data\VCTK\wav48_silence_trimmed\p257\p257_370_mic2.flac,p264,0,1,0.38626885414123535,0.31909847259521484,0.38626885414123535,-0.06717038154602051,2.3064375
lca,2,p257_370_mic2,p257,data\VCTK\wav48_silence_trimmed\p257\p257_370_mic2.flac,p257,1,1,0.41006046533584595,0.41006046533584595,0.38941773772239685,0.020642727613449097,2.3064375
lca,3,p257_370_mic2,p257,data\VCTK\wav48_silence_trimmed\p257\p257_370_mic2.flac,p257,1,1,0.5036741495132446,0.5036741495132446,0.43428274989128113,0.0693913996219635,2.3064375
original,0,p258_088_mic2,p258,data\VCTK\wav48_silence_trimmed\p258\p258_088_mic2.flac,p258,1,1,0.704717755317688,0.704717755317688,0.36768996715545654,0.33702778816223145,1.7965625
base,1,p258_088_mic2,p258,data\VCTK\wav48_silence_trimmed\p258\p258_088_mic2.flac,p311,0,1,0.3004082441329956,0.16559690237045288,0.3004082441329956,-0.13481134176254272,1.7965625
base,2,p258_088_mic2,p258,data\VCTK\wav48_silence_trimmed\p258\p258_088_mic2.flac,p271,0,1,0.3836739659309387,0.2549903988838196,0.3836739659309387,-0.12868356704711914,1.7965625
base,3,p258_088_mic2,p258,data\VCTK\wav48_silence_trimmed\p258\p258_088_mic2.flac,p311,0,1,0.38341599702835083,0.1610221564769745,0.38341599702835083,-0.22239384055137634,1.7965625
lca,1,p258_088_mic2,p258,data\VCTK\wav48_silence_trimmed\p258\p258_088_mic2.flac,p300,0,1,0.265029639005661,0.10143027454614639,0.265029639005661,-0.16359936445951462,1.7965625
lca,2,p258_088_mic2,p258,data\VCTK\wav48_silence_trimmed\p258\p258_088_mic2.flac,p271,0,1,0.3301461338996887,0.12234204262495041,0.3301461338996887,-0.2078040912747383,1.7965625
lca,3,p258_088_mic2,p258,data\VCTK\wav48_silence_trimmed\p258\p258_088_mic2.flac,p311,0,1,0.3353520631790161,0.12850837409496307,0.3353520631790161,-0.20684368908405304,1.7965625
original,0,p258_094_mic1,p258,data\VCTK\wav48_silence_trimmed\p258\p258_094_mic1.flac,p258,1,1,0.6920515894889832,0.6920515894889832,0.39588797092437744,0.2961636185646057,1.7546875
base,1,p258_094_mic1,p258,data\VCTK\wav48_silence_trimmed\p258\p258_094_mic1.flac,p271,0,1,0.3186900019645691,0.2785377502441406,0.3186900019645691,-0.04015225172042847,1.7546875
base,2,p258_094_mic1,p258,data\VCTK\wav48_silence_trimmed\p258\p258_094_mic1.flac,p374,0,1,0.39572229981422424,0.3941701650619507,0.39572229981422424,-0.0015521347522735596,1.7546875
base,3,p258_094_mic1,p258,data\VCTK\wav48_silence_trimmed\p258\p258_094_mic1.flac,p226,0,1,0.44572556018829346,0.44351303577423096,0.44572556018829346,-0.0022125244140625,1.7546875
lca,1,p258_094_mic1,p258,data\VCTK\wav48_silence_trimmed\p258\p258_094_mic1.flac,p258,1,1,0.2621304392814636,0.2621304392814636,0.2297154664993286,0.03241497278213501,1.7546875
lca,2,p258_094_mic1,p258,data\VCTK\wav48_silence_trimmed\p258\p258_094_mic1.flac,p226,0,1,0.2789604067802429,0.20992083847522736,0.2789604067802429,-0.06903956830501556,1.7546875
lca,3,p258_094_mic1,p258,data\VCTK\wav48_silence_trimmed\p258\p258_094_mic1.flac,p258,1,1,0.3352273106575012,0.3352273106575012,0.32861730456352234,0.006610006093978882,1.7546875
original,0,p258_138_mic2,p258,data\VCTK\wav48_silence_trimmed\p258\p258_138_mic2.flac,p258,1,1,0.8371397256851196,0.8371397256851196,0.36391621828079224,0.4732235074043274,4.0511875
base,1,p258_138_mic2,p258,data\VCTK\wav48_silence_trimmed\p258\p258_138_mic2.flac,p374,0,1,0.3133137822151184,0.2911708950996399,0.3133137822151184,-0.022142887115478516,4.0511875
base,2,p258_138_mic2,p258,data\VCTK\wav48_silence_trimmed\p258\p258_138_mic2.flac,p258,1,1,0.42868053913116455,0.42868053913116455,0.3028707504272461,0.12580978870391846,4.0511875
base,3,p258_138_mic2,p258,data\VCTK\wav48_silence_trimmed\p258\p258_138_mic2.flac,p258,1,1,0.4548432230949402,0.4548432230949402,0.35276806354522705,0.10207515954971313,4.0511875
lca,1,p258_138_mic2,p258,data\VCTK\wav48_silence_trimmed\p258\p258_138_mic2.flac,p226,0,1,0.2591674327850342,0.17226779460906982,0.2591674327850342,-0.08689963817596436,4.0511875
lca,2,p258_138_mic2,p258,data\VCTK\wav48_silence_trimmed\p258\p258_138_mic2.flac,p226,0,1,0.27830737829208374,0.198896124958992,0.27830737829208374,-0.07941125333309174,4.0511875
lca,3,p258_138_mic2,p258,data\VCTK\wav48_silence_trimmed\p258\p258_138_mic2.flac,p226,0,1,0.31228092312812805,0.2526770234107971,0.31228092312812805,-0.05960389971733093,4.0511875
original,0,p258_142_mic2,p258,data\VCTK\wav48_silence_trimmed\p258\p258_142_mic2.flac,p258,1,1,0.805206835269928,0.805206835269928,0.43012678623199463,0.37508004903793335,2.90475
base,1,p258_142_mic2,p258,data\VCTK\wav48_silence_trimmed\p258\p258_142_mic2.flac,p278,0,1,0.32119452953338623,0.31034255027770996,0.32119452953338623,-0.01085197925567627,2.90475
base,2,p258_142_mic2,p258,data\VCTK\wav48_silence_trimmed\p258\p258_142_mic2.flac,p271,0,1,0.41667473316192627,0.3653605580329895,0.41667473316192627,-0.05131417512893677,2.90475
base,3,p258_142_mic2,p258,data\VCTK\wav48_silence_trimmed\p258\p258_142_mic2.flac,p258,1,1,0.43323448300361633,0.43323448300361633,0.4217873811721802,0.011447101831436157,2.90475
lca,1,p258_142_mic2,p258,data\VCTK\wav48_silence_trimmed\p258\p258_142_mic2.flac,p364,0,1,0.2999721169471741,0.22910372912883759,0.2999721169471741,-0.07086838781833649,2.90475
lca,2,p258_142_mic2,p258,data\VCTK\wav48_silence_trimmed\p258\p258_142_mic2.flac,p271,0,1,0.36697643995285034,0.31184062361717224,0.36697643995285034,-0.0551358163356781,2.90475
lca,3,p258_142_mic2,p258,data\VCTK\wav48_silence_trimmed\p258\p258_142_mic2.flac,p271,0,1,0.320812463760376,0.2503435015678406,0.320812463760376,-0.0704689621925354,2.90475
original,0,p258_366_mic2,p258,data\VCTK\wav48_silence_trimmed\p258\p258_366_mic2.flac,p258,1,1,0.7463725209236145,0.7463725209236145,0.39983484148979187,0.34653767943382263,4.1011875
base,1,p258_366_mic2,p258,data\VCTK\wav48_silence_trimmed\p258\p258_366_mic2.flac,p271,0,1,0.3302670121192932,0.31616783142089844,0.3302670121192932,-0.014099180698394775,4.1011875
base,2,p258_366_mic2,p258,data\VCTK\wav48_silence_trimmed\p258\p258_366_mic2.flac,p258,1,1,0.4363146126270294,0.4363146126270294,0.38156741857528687,0.054747194051742554,4.1011875
base,3,p258_366_mic2,p258,data\VCTK\wav48_silence_trimmed\p258\p258_366_mic2.flac,p258,1,1,0.40703779458999634,0.40703779458999634,0.37453269958496094,0.0325050950050354,4.1011875
lca,1,p258_366_mic2,p258,data\VCTK\wav48_silence_trimmed\p258\p258_366_mic2.flac,p271,0,1,0.2869264483451843,0.0850292220711708,0.2869264483451843,-0.20189722627401352,4.1011875
lca,2,p258_366_mic2,p258,data\VCTK\wav48_silence_trimmed\p258\p258_366_mic2.flac,p271,0,1,0.3436487317085266,0.19284111261367798,0.3436487317085266,-0.15080761909484863,4.1011875
lca,3,p258_366_mic2,p258,data\VCTK\wav48_silence_trimmed\p258\p258_366_mic2.flac,p271,0,1,0.34673699736595154,0.22163817286491394,0.34673699736595154,-0.1250988245010376,4.1011875
original,0,p259_056_mic1,p259,data\VCTK\wav48_silence_trimmed\p259\p259_056_mic1.flac,p259,1,1,0.8545624017715454,0.8545624017715454,0.48718327283859253,0.3673791289329529,3.2965625
base,1,p259_056_mic1,p259,data\VCTK\wav48_silence_trimmed\p259\p259_056_mic1.flac,p243,0,1,0.349648118019104,0.2424158751964569,0.349648118019104,-0.1072322428226471,3.2965625
base,2,p259_056_mic1,p259,data\VCTK\wav48_silence_trimmed\p259\p259_056_mic1.flac,p259,1,1,0.44251495599746704,0.44251495599746704,0.36740145087242126,0.07511350512504578,3.2965625
base,3,p259_056_mic1,p259,data\VCTK\wav48_silence_trimmed\p259\p259_056_mic1.flac,p259,1,1,0.5120828151702881,0.5120828151702881,0.36208558082580566,0.14999723434448242,3.2965625
lca,1,p259_056_mic1,p259,data\VCTK\wav48_silence_trimmed\p259\p259_056_mic1.flac,p281,0,1,0.2856784462928772,0.24854537844657898,0.2856784462928772,-0.03713306784629822,3.2965625
lca,2,p259_056_mic1,p259,data\VCTK\wav48_silence_trimmed\p259\p259_056_mic1.flac,p259,1,1,0.5211315155029297,0.5211315155029297,0.2940468192100525,0.2270846962928772,3.2965625
lca,3,p259_056_mic1,p259,data\VCTK\wav48_silence_trimmed\p259\p259_056_mic1.flac,p259,1,1,0.5379621982574463,0.5379621982574463,0.2763369679450989,0.2616252303123474,3.2965625
original,0,p259_200_mic2,p259,data\VCTK\wav48_silence_trimmed\p259\p259_200_mic2.flac,p259,1,1,0.843293309211731,0.843293309211731,0.5281075239181519,0.3151857852935791,5.20675
base,1,p259_200_mic2,p259,data\VCTK\wav48_silence_trimmed\p259\p259_200_mic2.flac,p360,0,1,0.31267452239990234,0.23879489302635193,0.31267452239990234,-0.07387962937355042,5.20675
base,2,p259_200_mic2,p259,data\VCTK\wav48_silence_trimmed\p259\p259_200_mic2.flac,p259,1,1,0.4498879611492157,0.4498879611492157,0.3525848090648651,0.09730315208435059,5.20675
base,3,p259_200_mic2,p259,data\VCTK\wav48_silence_trimmed\p259\p259_200_mic2.flac,p259,1,1,0.5178089141845703,0.5178089141845703,0.34230124950408936,0.17550766468048096,5.20675
lca,1,p259_200_mic2,p259,data\VCTK\wav48_silence_trimmed\p259\p259_200_mic2.flac,p364,0,1,0.3028135895729065,0.23843812942504883,0.3028135895729065,-0.06437546014785767,5.20675
lca,2,p259_200_mic2,p259,data\VCTK\wav48_silence_trimmed\p259\p259_200_mic2.flac,p259,1,1,0.42441046237945557,0.42441046237945557,0.31982874870300293,0.10458171367645264,5.20675
lca,3,p259_200_mic2,p259,data\VCTK\wav48_silence_trimmed\p259\p259_200_mic2.flac,p259,1,1,0.4675235450267792,0.4675235450267792,0.31296712160110474,0.15455642342567444,5.20675
original,0,p259_260_mic1,p259,data\VCTK\wav48_silence_trimmed\p259\p259_260_mic1.flac,p259,1,1,0.7916595935821533,0.7916595935821533,0.5334838628768921,0.25817573070526123,2.58925
base,1,p259_260_mic1,p259,data\VCTK\wav48_silence_trimmed\p259\p259_260_mic1.flac,p364,0,1,0.31211450695991516,0.1815422773361206,0.31211450695991516,-0.13057222962379456,2.58925
base,2,p259_260_mic1,p259,data\VCTK\wav48_silence_trimmed\p259\p259_260_mic1.flac,p259,1,1,0.4054886996746063,0.4054886996746063,0.3437318205833435,0.06175687909126282,2.58925
base,3,p259_260_mic1,p259,data\VCTK\wav48_silence_trimmed\p259\p259_260_mic1.flac,p259,1,1,0.45418739318847656,0.45418739318847656,0.3633195459842682,0.09086784720420837,2.58925
lca,1,p259_260_mic1,p259,data\VCTK\wav48_silence_trimmed\p259\p259_260_mic1.flac,p281,0,1,0.3258472681045532,0.20173203945159912,0.3258472681045532,-0.1241152286529541,2.58925
lca,2,p259_260_mic1,p259,data\VCTK\wav48_silence_trimmed\p259\p259_260_mic1.flac,p271,0,1,0.37623244524002075,0.3502007722854614,0.37623244524002075,-0.026031672954559326,2.58925
lca,3,p259_260_mic1,p259,data\VCTK\wav48_silence_trimmed\p259\p259_260_mic1.flac,p259,1,1,0.45347723364830017,0.45347723364830017,0.34700506925582886,0.10647216439247131,2.58925
original,0,p259_287_mic1,p259,data\VCTK\wav48_silence_trimmed\p259\p259_287_mic1.flac,p259,1,1,0.762812614440918,0.762812614440918,0.43404272198677063,0.32876989245414734,2.5653125
base,1,p259_287_mic1,p259,data\VCTK\wav48_silence_trimmed\p259\p259_287_mic1.flac,p360,0,1,0.3624563217163086,0.2924564480781555,0.3624563217163086,-0.06999987363815308,2.5653125
base,2,p259_287_mic1,p259,data\VCTK\wav48_silence_trimmed\p259\p259_287_mic1.flac,p271,0,1,0.40507668256759644,0.3928436040878296,0.40507668256759644,-0.012233078479766846,2.5653125
base,3,p259_287_mic1,p259,data\VCTK\wav48_silence_trimmed\p259\p259_287_mic1.flac,p271,0,1,0.43748778104782104,0.37563565373420715,0.43748778104782104,-0.06185212731361389,2.5653125
lca,1,p259_287_mic1,p259,data\VCTK\wav48_silence_trimmed\p259\p259_287_mic1.flac,p374,0,1,0.31893235445022583,0.2324516773223877,0.31893235445022583,-0.08648067712783813,2.5653125
lca,2,p259_287_mic1,p259,data\VCTK\wav48_silence_trimmed\p259\p259_287_mic1.flac,p259,1,1,0.3762475848197937,0.3762475848197937,0.33269134163856506,0.04355624318122864,2.5653125
lca,3,p259_287_mic1,p259,data\VCTK\wav48_silence_trimmed\p259\p259_287_mic1.flac,p259,1,1,0.39708951115608215,0.39708951115608215,0.3193594813346863,0.07773002982139587,2.5653125
original,0,p259_349_mic2,p259,data\VCTK\wav48_silence_trimmed\p259\p259_349_mic2.flac,p259,1,1,0.8049241900444031,0.8049241900444031,0.409515380859375,0.3954088091850281,3.0244375
base,1,p259_349_mic2,p259,data\VCTK\wav48_silence_trimmed\p259\p259_349_mic2.flac,p360,0,1,0.3106597363948822,0.24728675186634064,0.3106597363948822,-0.06337298452854156,3.0244375
base,2,p259_349_mic2,p259,data\VCTK\wav48_silence_trimmed\p259\p259_349_mic2.flac,p259,1,1,0.4060240387916565,0.4060240387916565,0.3874484896659851,0.018575549125671387,3.0244375
base,3,p259_349_mic2,p259,data\VCTK\wav48_silence_trimmed\p259\p259_349_mic2.flac,p259,1,1,0.47582313418388367,0.47582313418388367,0.3847862482070923,0.09103688597679138,3.0244375
lca,1,p259_349_mic2,p259,data\VCTK\wav48_silence_trimmed\p259\p259_349_mic2.flac,p374,0,1,0.3045666217803955,0.19860900938510895,0.3045666217803955,-0.10595761239528656,3.0244375
lca,2,p259_349_mic2,p259,data\VCTK\wav48_silence_trimmed\p259\p259_349_mic2.flac,p259,1,1,0.35531944036483765,0.35531944036483765,0.3277837932109833,0.02753564715385437,3.0244375
lca,3,p259_349_mic2,p259,data\VCTK\wav48_silence_trimmed\p259\p259_349_mic2.flac,p259,1,1,0.40528130531311035,0.40528130531311035,0.30596375465393066,0.09931755065917969,3.0244375
original,0,p260_098_mic2,p260,data\VCTK\wav48_silence_trimmed\p260\p260_098_mic2.flac,p260,1,1,0.48977482318878174,0.48977482318878174,0.37689730525016785,0.11287751793861389,2.122375
base,1,p260_098_mic2,p260,data\VCTK\wav48_silence_trimmed\p260\p260_098_mic2.flac,p364,0,1,0.334730863571167,0.09607231616973877,0.334730863571167,-0.23865854740142822,2.122375
base,2,p260_098_mic2,p260,data\VCTK\wav48_silence_trimmed\p260\p260_098_mic2.flac,p376,0,1,0.40994298458099365,0.21560919284820557,0.40994298458099365,-0.19433379173278809,2.122375
base,3,p260_098_mic2,p260,data\VCTK\wav48_silence_trimmed\p260\p260_098_mic2.flac,p376,0,1,0.43077242374420166,0.29265928268432617,0.43077242374420166,-0.1381131410598755,2.122375
lca,1,p260_098_mic2,p260,data\VCTK\wav48_silence_trimmed\p260\p260_098_mic2.flac,p364,0,1,0.32646644115448,0.002761848270893097,0.32646644115448,-0.3237045928835869,2.122375
lca,2,p260_098_mic2,p260,data\VCTK\wav48_silence_trimmed\p260\p260_098_mic2.flac,p376,0,1,0.3740312457084656,0.17705434560775757,0.3740312457084656,-0.196976900100708,2.122375
lca,3,p260_098_mic2,p260,data\VCTK\wav48_silence_trimmed\p260\p260_098_mic2.flac,p364,0,1,0.3879413902759552,0.17611902952194214,0.3879413902759552,-0.21182236075401306,2.122375
original,0,p260_170_mic1,p260,data\VCTK\wav48_silence_trimmed\p260\p260_170_mic1.flac,p260,1,1,0.45438241958618164,0.45438241958618164,0.31828510761260986,0.13609731197357178,2.4786875
base,1,p260_170_mic1,p260,data\VCTK\wav48_silence_trimmed\p260\p260_170_mic1.flac,p302,0,0,0.24129003286361694,0.11691241711378098,0.24129003286361694,-0.12437761574983597,2.4786875
base,2,p260_170_mic1,p260,data\VCTK\wav48_silence_trimmed\p260\p260_170_mic1.flac,p263,0,0,0.24523501098155975,0.18277420103549957,0.24523501098155975,-0.06246080994606018,2.4786875
base,3,p260_170_mic1,p260,data\VCTK\wav48_silence_trimmed\p260\p260_170_mic1.flac,p263,0,1,0.2542770802974701,0.15512874722480774,0.2542770802974701,-0.09914833307266235,2.4786875
lca,1,p260_170_mic1,p260,data\VCTK\wav48_silence_trimmed\p260\p260_170_mic1.flac,p295,0,1,0.3268745243549347,0.10536035895347595,0.3268745243549347,-0.22151416540145874,2.4786875
lca,2,p260_170_mic1,p260,data\VCTK\wav48_silence_trimmed\p260\p260_170_mic1.flac,p226,0,1,0.33539167046546936,0.24102123081684113,0.33539167046546936,-0.09437043964862823,2.4786875
lca,3,p260_170_mic1,p260,data\VCTK\wav48_silence_trimmed\p260\p260_170_mic1.flac,p226,0,1,0.3557552993297577,0.25423464179039,0.3557552993297577,-0.10152065753936768,2.4786875
original,0,p260_180_mic2,p260,data\VCTK\wav48_silence_trimmed\p260\p260_180_mic2.flac,p260,1,1,0.7569290399551392,0.7569290399551392,0.3755013346672058,0.38142770528793335,3.0383125
base,1,p260_180_mic2,p260,data\VCTK\wav48_silence_trimmed\p260\p260_180_mic2.flac,p374,0,1,0.2888298034667969,0.09111307561397552,0.2888298034667969,-0.19771672785282135,3.0383125
base,2,p260_180_mic2,p260,data\VCTK\wav48_silence_trimmed\p260\p260_180_mic2.flac,p260,1,1,0.325622022151947,0.325622022151947,0.24164114892482758,0.08398087322711945,3.0383125
base,3,p260_180_mic2,p260,data\VCTK\wav48_silence_trimmed\p260\p260_180_mic2.flac,p260,1,1,0.40241777896881104,0.40241777896881104,0.3392079770565033,0.06320980191230774,3.0383125
lca,1,p260_180_mic2,p260,data\VCTK\wav48_silence_trimmed\p260\p260_180_mic2.flac,p262,0,1,0.2818298935890198,0.08359450846910477,0.2818298935890198,-0.198235385119915,3.0383125
lca,2,p260_180_mic2,p260,data\VCTK\wav48_silence_trimmed\p260\p260_180_mic2.flac,p271,0,1,0.27288132905960083,0.14237812161445618,0.27288132905960083,-0.13050320744514465,3.0383125
lca,3,p260_180_mic2,p260,data\VCTK\wav48_silence_trimmed\p260\p260_180_mic2.flac,p271,0,1,0.31842124462127686,0.2210644781589508,0.31842124462127686,-0.09735676646232605,3.0383125
original,0,p260_186_mic1,p260,data\VCTK\wav48_silence_trimmed\p260\p260_186_mic1.flac,p260,1,1,0.5797396898269653,0.5797396898269653,0.3062274754047394,0.27351221442222595,1.835875
base,1,p260_186_mic1,p260,data\VCTK\wav48_silence_trimmed\p260\p260_186_mic1.flac,p230,0,1,0.2660674750804901,0.2311466932296753,0.2660674750804901,-0.03492078185081482,1.835875
base,2,p260_186_mic1,p260,data\VCTK\wav48_silence_trimmed\p260\p260_186_mic1.flac,p260,1,1,0.3132215142250061,0.3132215142250061,0.28435635566711426,0.028865158557891846,1.835875
base,3,p260_186_mic1,p260,data\VCTK\wav48_silence_trimmed\p260\p260_186_mic1.flac,p226,0,1,0.3499372601509094,0.3413044214248657,0.3499372601509094,-0.008632838726043701,1.835875
lca,1,p260_186_mic1,p260,data\VCTK\wav48_silence_trimmed\p260\p260_186_mic1.flac,p298,0,1,0.28883683681488037,0.15414287149906158,0.28883683681488037,-0.1346939653158188,1.835875
lca,2,p260_186_mic1,p260,data\VCTK\wav48_silence_trimmed\p260\p260_186_mic1.flac,p311,0,1,0.3117157220840454,0.17843925952911377,0.3117157220840454,-0.13327646255493164,1.835875
lca,3,p260_186_mic1,p260,data\VCTK\wav48_silence_trimmed\p260\p260_186_mic1.flac,p311,0,1,0.31088680028915405,0.2521609365940094,0.31088680028915405,-0.05872586369514465,1.835875
original,0,p260_253_mic2,p260,data\VCTK\wav48_silence_trimmed\p260\p260_253_mic2.flac,p260,1,1,0.6651037931442261,0.6651037931442261,0.3374188542366028,0.3276849389076233,1.7595
base,1,p260_253_mic2,p260,data\VCTK\wav48_silence_trimmed\p260\p260_253_mic2.flac,p273,0,1,0.33014971017837524,0.06309329718351364,0.33014971017837524,-0.2670564129948616,1.7595
base,2,p260_253_mic2,p260,data\VCTK\wav48_silence_trimmed\p260\p260_253_mic2.flac,p281,0,1,0.33578014373779297,0.33222121000289917,0.33578014373779297,-0.003558933734893799,1.7595
base,3,p260_253_mic2,p260,data\VCTK\wav48_silence_trimmed\p260\p260_253_mic2.flac,p260,1,1,0.5038257837295532,0.5038257837295532,0.33503851294517517,0.16878727078437805,1.7595
lca,1,p260_253_mic2,p260,data\VCTK\wav48_silence_trimmed\p260\p260_253_mic2.flac,p374,0,1,0.34411564469337463,0.08550975471735,0.34411564469337463,-0.2586058899760246,1.7595
lca,2,p260_253_mic2,p260,data\VCTK\wav48_silence_trimmed\p260\p260_253_mic2.flac,p226,0,1,0.41592609882354736,0.238376647233963,0.41592609882354736,-0.17754945158958435,1.7595
lca,3,p260_253_mic2,p260,data\VCTK\wav48_silence_trimmed\p260\p260_253_mic2.flac,p226,0,1,0.34305423498153687,0.3229883909225464,0.34305423498153687,-0.02006584405899048,1.7595
original,0,p261_085_mic2,p261,data\VCTK\wav48_silence_trimmed\p261\p261_085_mic2.flac,p261,1,1,0.6241352558135986,0.6241352558135986,0.44462618231773376,0.17950907349586487,2.563375
base,1,p261_085_mic2,p261,data\VCTK\wav48_silence_trimmed\p261\p261_085_mic2.flac,p261,1,1,0.3233126997947693,0.3233126997947693,0.31031203269958496,0.013000667095184326,2.563375
base,2,p261_085_mic2,p261,data\VCTK\wav48_silence_trimmed\p261\p261_085_mic2.flac,p249,0,1,0.42319175601005554,0.396453857421875,0.42319175601005554,-0.026737898588180542,2.563375
base,3,p261_085_mic2,p261,data\VCTK\wav48_silence_trimmed\p261\p261_085_mic2.flac,p238,0,1,0.4575245678424835,0.4517737925052643,0.4575245678424835,-0.005750775337219238,2.563375
lca,1,p261_085_mic2,p261,data\VCTK\wav48_silence_trimmed\p261\p261_085_mic2.flac,p267,0,1,0.37851035594940186,0.2842519283294678,0.37851035594940186,-0.09425842761993408,2.563375
lca,2,p261_085_mic2,p261,data\VCTK\wav48_silence_trimmed\p261\p261_085_mic2.flac,p261,1,1,0.42605775594711304,0.42605775594711304,0.36816275119781494,0.057895004749298096,2.563375
lca,3,p261_085_mic2,p261,data\VCTK\wav48_silence_trimmed\p261\p261_085_mic2.flac,p261,1,1,0.44031763076782227,0.44031763076782227,0.3912440538406372,0.04907357692718506,2.563375
original,0,p261_088_mic2,p261,data\VCTK\wav48_silence_trimmed\p261\p261_088_mic2.flac,p261,1,1,0.5081819295883179,0.5081819295883179,0.41987091302871704,0.08831101655960083,2.305
base,1,p261_088_mic2,p261,data\VCTK\wav48_silence_trimmed\p261\p261_088_mic2.flac,p230,0,1,0.4029596149921417,0.2875150144100189,0.4029596149921417,-0.1154446005821228,2.305
base,2,p261_088_mic2,p261,data\VCTK\wav48_silence_trimmed\p261\p261_088_mic2.flac,p280,0,1,0.45441490411758423,0.3210074007511139,0.45441490411758423,-0.13340750336647034,2.305
base,3,p261_088_mic2,p261,data\VCTK\wav48_silence_trimmed\p261\p261_088_mic2.flac,p238,0,1,0.49165236949920654,0.34703969955444336,0.49165236949920654,-0.14461266994476318,2.305
lca,1,p261_088_mic2,p261,data\VCTK\wav48_silence_trimmed\p261\p261_088_mic2.flac,p230,0,1,0.41290149092674255,0.35176557302474976,0.41290149092674255,-0.0611359179019928,2.305
lca,2,p261_088_mic2,p261,data\VCTK\wav48_silence_trimmed\p261\p261_088_mic2.flac,p262,0,1,0.4148072600364685,0.3808313012123108,0.4148072600364685,-0.033975958824157715,2.305
lca,3,p261_088_mic2,p261,data\VCTK\wav48_silence_trimmed\p261\p261_088_mic2.flac,p280,0,1,0.43726593255996704,0.41201943159103394,0.43726593255996704,-0.025246500968933105,2.305
original,0,p261_097_mic1,p261,data\VCTK\wav48_silence_trimmed\p261\p261_097_mic1.flac,p261,1,1,0.6800183057785034,0.6800183057785034,0.45945239067077637,0.22056591510772705,4.3985
base,1,p261_097_mic1,p261,data\VCTK\wav48_silence_trimmed\p261\p261_097_mic1.flac,p318,0,1,0.38907134532928467,0.3541296422481537,0.38907134532928467,-0.03494170308113098,4.3985
base,2,p261_097_mic1,p261,data\VCTK\wav48_silence_trimmed\p261\p261_097_mic1.flac,p293,0,1,0.4089196026325226,0.3282025456428528,0.4089196026325226,-0.0807170569896698,4.3985
base,3,p261_097_mic1,p261,data\VCTK\wav48_silence_trimmed\p261\p261_097_mic1.flac,p238,0,1,0.44278547167778015,0.36163273453712463,0.44278547167778015,-0.08115273714065552,4.3985
lca,1,p261_097_mic1,p261,data\VCTK\wav48_silence_trimmed\p261\p261_097_mic1.flac,p280,0,1,0.3797248303890228,0.3257955312728882,0.3797248303890228,-0.053929299116134644,4.3985
lca,2,p261_097_mic1,p261,data\VCTK\wav48_silence_trimmed\p261\p261_097_mic1.flac,p280,0,1,0.4719976782798767,0.3550730347633362,0.4719976782798767,-0.11692464351654053,4.3985
lca,3,p261_097_mic1,p261,data\VCTK\wav48_silence_trimmed\p261\p261_097_mic1.flac,p280,0,1,0.5046323537826538,0.42007285356521606,0.5046323537826538,-0.08455950021743774,4.3985
original,0,p261_119_mic2,p261,data\VCTK\wav48_silence_trimmed\p261\p261_119_mic2.flac,p261,1,1,0.5915448069572449,0.5915448069572449,0.41579556465148926,0.17574924230575562,3.3303125
base,1,p261_119_mic2,p261,data\VCTK\wav48_silence_trimmed\p261\p261_119_mic2.flac,p249,0,1,0.35681504011154175,0.3059307336807251,0.35681504011154175,-0.05088430643081665,3.3303125
base,2,p261_119_mic2,p261,data\VCTK\wav48_silence_trimmed\p261\p261_119_mic2.flac,p238,0,1,0.40641218423843384,0.312247633934021,0.40641218423843384,-0.09416455030441284,3.3303125
base,3,p261_119_mic2,p261,data\VCTK\wav48_silence_trimmed\p261\p261_119_mic2.flac,p314,0,1,0.4244789481163025,0.35835111141204834,0.4244789481163025,-0.06612783670425415,3.3303125
lca,1,p261_119_mic2,p261,data\VCTK\wav48_silence_trimmed\p261\p261_119_mic2.flac,p262,0,1,0.3182574510574341,0.2955158054828644,0.3182574510574341,-0.022741645574569702,3.3303125
lca,2,p261_119_mic2,p261,data\VCTK\wav48_silence_trimmed\p261\p261_119_mic2.flac,p262,0,1,0.3572252690792084,0.2862234115600586,0.3572252690792084,-0.07100185751914978,3.3303125
lca,3,p261_119_mic2,p261,data\VCTK\wav48_silence_trimmed\p261\p261_119_mic2.flac,p299,0,1,0.39067432284355164,0.3835075795650482,0.39067432284355164,-0.007166743278503418,3.3303125
original,0,p261_329_mic2,p261,data\VCTK\wav48_silence_trimmed\p261\p261_329_mic2.flac,p261,1,1,0.6829214692115784,0.6829214692115784,0.33479738235473633,0.34812408685684204,2.5223125
base,1,p261_329_mic2,p261,data\VCTK\wav48_silence_trimmed\p261\p261_329_mic2.flac,p301,0,1,0.35900604724884033,0.27985888719558716,0.35900604724884033,-0.07914716005325317,2.5223125
base,2,p261_329_mic2,p261,data\VCTK\wav48_silence_trimmed\p261\p261_329_mic2.flac,p261,1,1,0.37001457810401917,0.37001457810401917,0.3578070402145386,0.01220753788948059,2.5223125
base,3,p261_329_mic2,p261,data\VCTK\wav48_silence_trimmed\p261\p261_329_mic2.flac,p261,1,1,0.4339485764503479,0.4339485764503479,0.41992825269699097,0.014020323753356934,2.5223125
lca,1,p261_329_mic2,p261,data\VCTK\wav48_silence_trimmed\p261\p261_329_mic2.flac,p261,1,1,0.3796744644641876,0.3796744644641876,0.3572922348976135,0.022382229566574097,2.5223125
lca,2,p261_329_mic2,p261,data\VCTK\wav48_silence_trimmed\p261\p261_329_mic2.flac,p261,1,1,0.3823314607143402,0.3823314607143402,0.3702375292778015,0.012093931436538696,2.5223125
lca,3,p261_329_mic2,p261,data\VCTK\wav48_silence_trimmed\p261\p261_329_mic2.flac,p261,1,1,0.4373558759689331,0.4373558759689331,0.3603585362434387,0.07699733972549438,2.5223125
original,0,p262_014_mic1,p262,data\VCTK\wav48_silence_trimmed\p262\p262_014_mic1.flac,p262,1,1,0.6076128482818604,0.6076128482818604,0.4430408775806427,0.16457197070121765,5.8178125
base,1,p262_014_mic1,p262,data\VCTK\wav48_silence_trimmed\p262\p262_014_mic1.flac,p343,0,1,0.3471355438232422,0.33382582664489746,0.3471355438232422,-0.013309717178344727,5.8178125
base,2,p262_014_mic1,p262,data\VCTK\wav48_silence_trimmed\p262\p262_014_mic1.flac,p262,1,1,0.5025668144226074,0.5025668144226074,0.3766632676124573,0.12590354681015015,5.8178125
base,3,p262_014_mic1,p262,data\VCTK\wav48_silence_trimmed\p262\p262_014_mic1.flac,p262,1,1,0.5557953119277954,0.5557953119277954,0.3967818319797516,0.15901347994804382,5.8178125
lca,1,p262_014_mic1,p262,data\VCTK\wav48_silence_trimmed\p262\p262_014_mic1.flac,p262,1,1,0.4017583429813385,0.4017583429813385,0.3067445755004883,0.09501376748085022,5.8178125
lca,2,p262_014_mic1,p262,data\VCTK\wav48_silence_trimmed\p262\p262_014_mic1.flac,p262,1,1,0.5304232835769653,0.5304232835769653,0.43823617696762085,0.09218710660934448,5.8178125
lca,3,p262_014_mic1,p262,data\VCTK\wav48_silence_trimmed\p262\p262_014_mic1.flac,p262,1,1,0.543140172958374,0.543140172958374,0.43289655447006226,0.11024361848831177,5.8178125
original,0,p262_073_mic2,p262,data\VCTK\wav48_silence_trimmed\p262\p262_073_mic2.flac,p262,1,1,0.5645102262496948,0.5645102262496948,0.4019981026649475,0.16251212358474731,3.7761875
base,1,p262_073_mic2,p262,data\VCTK\wav48_silence_trimmed\p262\p262_073_mic2.flac,p257,0,1,0.3181024193763733,0.3004699945449829,0.3181024193763733,-0.01763242483139038,3.7761875
base,2,p262_073_mic2,p262,data\VCTK\wav48_silence_trimmed\p262\p262_073_mic2.flac,p262,1,1,0.32321256399154663,0.32321256399154663,0.3061906695365906,0.017021894454956055,3.7761875
base,3,p262_073_mic2,p262,data\VCTK\wav48_silence_trimmed\p262\p262_073_mic2.flac,p262,1,1,0.3706291913986206,0.3706291913986206,0.31940922141075134,0.05121996998786926,3.7761875
lca,1,p262_073_mic2,p262,data\VCTK\wav48_silence_trimmed\p262\p262_073_mic2.flac,p262,1,1,0.4132746756076813,0.4132746756076813,0.3190658688545227,0.09420880675315857,3.7761875
lca,2,p262_073_mic2,p262,data\VCTK\wav48_silence_trimmed\p262\p262_073_mic2.flac,p262,1,1,0.4216870069503784,0.4216870069503784,0.40947169065475464,0.01221531629562378,3.7761875
lca,3,p262_073_mic2,p262,data\VCTK\wav48_silence_trimmed\p262\p262_073_mic2.flac,p262,1,1,0.4515594244003296,0.4515594244003296,0.4202364385128021,0.031322985887527466,3.7761875
original,0,p262_121_mic1,p262,data\VCTK\wav48_silence_trimmed\p262\p262_121_mic1.flac,p262,1,1,0.6528400182723999,0.6528400182723999,0.40298551321029663,0.24985450506210327,4.0146875
base,1,p262_121_mic1,p262,data\VCTK\wav48_silence_trimmed\p262\p262_121_mic1.flac,p257,0,1,0.3152029514312744,0.29446709156036377,0.3152029514312744,-0.020735859870910645,4.0146875
base,2,p262_121_mic1,p262,data\VCTK\wav48_silence_trimmed\p262\p262_121_mic1.flac,p262,1,1,0.4319988191127777,0.4319988191127777,0.37570178508758545,0.05629703402519226,4.0146875
base,3,p262_121_mic1,p262,data\VCTK\wav48_silence_trimmed\p262\p262_121_mic1.flac,p231,0,1,0.4287889003753662,0.42506635189056396,0.4287889003753662,-0.003722548484802246,4.0146875
lca,1,p262_121_mic1,p262,data\VCTK\wav48_silence_trimmed\p262\p262_121_mic1.flac,p262,1,1,0.34415924549102783,0.34415924549102783,0.32908231019973755,0.015076935291290283,4.0146875
lca,2,p262_121_mic1,p262,data\VCTK\wav48_silence_trimmed\p262\p262_121_mic1.flac,p262,1,1,0.4828650951385498,0.4828650951385498,0.43252789974212646,0.05033719539642334,4.0146875
lca,3,p262_121_mic1,p262,data\VCTK\wav48_silence_trimmed\p262\p262_121_mic1.flac,p262,1,1,0.46629583835601807,0.46629583835601807,0.41344311833381653,0.05285272002220154,4.0146875
original,0,p262_193_mic1,p262,data\VCTK\wav48_silence_trimmed\p262\p262_193_mic1.flac,p262,1,1,0.6126974821090698,0.6126974821090698,0.4064681828022003,0.2062292993068695,2.8164375
base,1,p262_193_mic1,p262,data\VCTK\wav48_silence_trimmed\p262\p262_193_mic1.flac,p302,0,1,0.32888519763946533,0.2527007758617401,0.32888519763946533,-0.07618442177772522,2.8164375
base,2,p262_193_mic1,p262,data\VCTK\wav48_silence_trimmed\p262\p262_193_mic1.flac,p262,1,1,0.4565027952194214,0.4565027952194214,0.381455659866333,0.07504713535308838,2.8164375
base,3,p262_193_mic1,p262,data\VCTK\wav48_silence_trimmed\p262\p262_193_mic1.flac,p262,1,1,0.49709734320640564,0.49709734320640564,0.4028288722038269,0.09426847100257874,2.8164375
lca,1,p262_193_mic1,p262,data\VCTK\wav48_silence_trimmed\p262\p262_193_mic1.flac,p343,0,1,0.33677247166633606,0.3193219006061554,0.33677247166633606,-0.017450571060180664,2.8164375
lca,2,p262_193_mic1,p262,data\VCTK\wav48_silence_trimmed\p262\p262_193_mic1.flac,p262,1,1,0.4381585717201233,0.4381585717201233,0.37536919116973877,0.06278938055038452,2.8164375
lca,3,p262_193_mic1,p262,data\VCTK\wav48_silence_trimmed\p262\p262_193_mic1.flac,p340,0,1,0.4548034071922302,0.42196062207221985,0.4548034071922302,-0.032842785120010376,2.8164375
original,0,p262_354_mic2,p262,data\VCTK\wav48_silence_trimmed\p262\p262_354_mic2.flac,p262,1,1,0.6456253528594971,0.6456253528594971,0.4276966452598572,0.2179287075996399,4.90725
base,1,p262_354_mic2,p262,data\VCTK\wav48_silence_trimmed\p262\p262_354_mic2.flac,p262,1,1,0.3400817811489105,0.3400817811489105,0.29549509286880493,0.04458668828010559,4.90725
base,2,p262_354_mic2,p262,data\VCTK\wav48_silence_trimmed\p262\p262_354_mic2.flac,p262,1,1,0.4780248999595642,0.4780248999595642,0.37766069173812866,0.10036420822143555,4.90725
base,3,p262_354_mic2,p262,data\VCTK\wav48_silence_trimmed\p262\p262_354_mic2.flac,p262,1,1,0.5378761887550354,0.5378761887550354,0.4010825753211975,0.1367936134338379,4.90725
lca,1,p262_354_mic2,p262,data\VCTK\wav48_silence_trimmed\p262\p262_354_mic2.flac,p262,1,1,0.3643670380115509,0.3643670380115509,0.3343953490257263,0.029971688985824585,4.90725
lca,2,p262_354_mic2,p262,data\VCTK\wav48_silence_trimmed\p262\p262_354_mic2.flac,p262,1,1,0.5066252946853638,0.5066252946853638,0.4052155017852783,0.10140979290008545,4.90725
lca,3,p262_354_mic2,p262,data\VCTK\wav48_silence_trimmed\p262\p262_354_mic2.flac,p262,1,1,0.4879620671272278,0.4879620671272278,0.4368981719017029,0.0510638952255249,4.90725
original,0,p263_224_mic2,p263,data\VCTK\wav48_silence_trimmed\p263\p263_224_mic2.flac,p263,1,1,0.7339786887168884,0.7339786887168884,0.3302437365055084,0.40373495221138,3.45775
base,1,p263_224_mic2,p263,data\VCTK\wav48_silence_trimmed\p263\p263_224_mic2.flac,p374,0,1,0.33771973848342896,0.1584295928478241,0.33771973848342896,-0.17929014563560486,3.45775
base,2,p263_224_mic2,p263,data\VCTK\wav48_silence_trimmed\p263\p263_224_mic2.flac,p263,1,1,0.4772178530693054,0.4772178530693054,0.38086551427841187,0.09635233879089355,3.45775
base,3,p263_224_mic2,p263,data\VCTK\wav48_silence_trimmed\p263\p263_224_mic2.flac,p263,1,1,0.4869764745235443,0.4869764745235443,0.3754541575908661,0.11152231693267822,3.45775
lca,1,p263_224_mic2,p263,data\VCTK\wav48_silence_trimmed\p263\p263_224_mic2.flac,p374,0,1,0.32063549757003784,0.15121248364448547,0.32063549757003784,-0.16942301392555237,3.45775
lca,2,p263_224_mic2,p263,data\VCTK\wav48_silence_trimmed\p263\p263_224_mic2.flac,p271,0,1,0.3273000717163086,0.30771011114120483,0.3273000717163086,-0.01958996057510376,3.45775
lca,3,p263_224_mic2,p263,data\VCTK\wav48_silence_trimmed\p263\p263_224_mic2.flac,p263,1,1,0.41109800338745117,0.41109800338745117,0.3830011785030365,0.028096824884414673,3.45775
original,0,p263_275_mic2,p263,data\VCTK\wav48_silence_trimmed\p263\p263_275_mic2.flac,p263,1,1,0.7493091821670532,0.7493091821670532,0.41742056608200073,0.3318886160850525,3.5016875
base,1,p263_275_mic2,p263,data\VCTK\wav48_silence_trimmed\p263\p263_275_mic2.flac,p302,0,1,0.26031801104545593,0.04625919461250305,0.26031801104545593,-0.21405881643295288,3.5016875
base,2,p263_275_mic2,p263,data\VCTK\wav48_silence_trimmed\p263\p263_275_mic2.flac,p347,0,1,0.38687634468078613,0.3701401948928833,0.38687634468078613,-0.016736149787902832,3.5016875
base,3,p263_275_mic2,p263,data\VCTK\wav48_silence_trimmed\p263\p263_275_mic2.flac,p347,0,1,0.4388478994369507,0.4151097536087036,0.4388478994369507,-0.02373814582824707,3.5016875
lca,1,p263_275_mic2,p263,data\VCTK\wav48_silence_trimmed\p263\p263_275_mic2.flac,p364,0,1,0.3081646263599396,0.1715003103017807,0.3081646263599396,-0.13666431605815887,3.5016875
lca,2,p263_275_mic2,p263,data\VCTK\wav48_silence_trimmed\p263\p263_275_mic2.flac,p347,0,1,0.40219295024871826,0.2579273283481598,0.40219295024871826,-0.14426562190055847,3.5016875
lca,3,p263_275_mic2,p263,data\VCTK\wav48_silence_trimmed\p263\p263_275_mic2.flac,p347,0,1,0.45055291056632996,0.32924243807792664,0.45055291056632996,-0.12131047248840332,3.5016875
original,0,p263_279_mic2,p263,data\VCTK\wav48_silence_trimmed\p263\p263_279_mic2.flac,p263,1,1,0.6960813999176025,0.6960813999176025,0.30468350648880005,0.3913978934288025,3.5018125
base,1,p263_279_mic2,p263,data\VCTK\wav48_silence_trimmed\p263\p263_279_mic2.flac,p292,0,0,0.24517503380775452,0.08259633928537369,0.24517503380775452,-0.16257869452238083,3.5018125
base,2,p263_279_mic2,p263,data\VCTK\wav48_silence_trimmed\p263\p263_279_mic2.flac,p347,0,1,0.39336636662483215,0.3078400492668152,0.39336636662483215,-0.08552631735801697,3.5018125
base,3,p263_279_mic2,p263,data\VCTK\wav48_silence_trimmed\p263\p263_279_mic2.flac,p263,1,1,0.4123452305793762,0.4123452305793762,0.4049012064933777,0.007444024085998535,3.5018125
lca,1,p263_279_mic2,p263,data\VCTK\wav48_silence_trimmed\p263\p263_279_mic2.flac,p374,0,1,0.2692945599555969,0.1774962842464447,0.2692945599555969,-0.09179827570915222,3.5018125
lca,2,p263_279_mic2,p263,data\VCTK\wav48_silence_trimmed\p263\p263_279_mic2.flac,p347,0,1,0.3480125069618225,0.2874238193035126,0.3480125069618225,-0.060588687658309937,3.5018125
lca,3,p263_279_mic2,p263,data\VCTK\wav48_silence_trimmed\p263\p263_279_mic2.flac,p347,0,1,0.4264642000198364,0.3602396845817566,0.4264642000198364,-0.06622451543807983,3.5018125
original,0,p263_402_mic2,p263,data\VCTK\wav48_silence_trimmed\p263\p263_402_mic2.flac,p263,1,1,0.6880887746810913,0.6880887746810913,0.29977506399154663,0.3883137106895447,2.859
base,1,p263_402_mic2,p263,data\VCTK\wav48_silence_trimmed\p263\p263_402_mic2.flac,p292,0,1,0.2602846026420593,0.14036256074905396,0.2602846026420593,-0.11992204189300537,2.859
base,2,p263_402_mic2,p263,data\VCTK\wav48_silence_trimmed\p263\p263_402_mic2.flac,p263,1,1,0.29719993472099304,0.29719993472099304,0.2814497947692871,0.015750139951705933,2.859
base,3,p263_402_mic2,p263,data\VCTK\wav48_silence_trimmed\p263\p263_402_mic2.flac,p263,1,1,0.36133044958114624,0.36133044958114624,0.2728120684623718,0.08851838111877441,2.859
lca,1,p263_402_mic2,p263,data\VCTK\wav48_silence_trimmed\p263\p263_402_mic2.flac,p271,0,1,0.42044657468795776,0.16633161902427673,0.42044657468795776,-0.25411495566368103,2.859
lca,2,p263_402_mic2,p263,data\VCTK\wav48_silence_trimmed\p263\p263_402_mic2.flac,p271,0,1,0.3536071479320526,0.2727923095226288,0.3536071479320526,-0.08081483840942383,2.859
lca,3,p263_402_mic2,p263,data\VCTK\wav48_silence_trimmed\p263\p263_402_mic2.flac,p347,0,1,0.36809051036834717,0.28986215591430664,0.36809051036834717,-0.07822835445404053,2.859
original,0,p263_461_mic1,p263,data\VCTK\wav48_silence_trimmed\p263\p263_461_mic1.flac,p263,1,1,0.6718767285346985,0.6718767285346985,0.3443092703819275,0.327567458152771,2.816125
base,1,p263_461_mic1,p263,data\VCTK\wav48_silence_trimmed\p263\p263_461_mic1.flac,p311,0,1,0.2761348485946655,0.11251677572727203,0.2761348485946655,-0.1636180728673935,2.816125
base,2,p263_461_mic1,p263,data\VCTK\wav48_silence_trimmed\p263\p263_461_mic1.flac,p347,0,1,0.34567520022392273,0.28233852982521057,0.34567520022392273,-0.06333667039871216,2.816125
base,3,p263_461_mic1,p263,data\VCTK\wav48_silence_trimmed\p263\p263_461_mic1.flac,p347,0,1,0.38740861415863037,0.2657244801521301,0.38740861415863037,-0.12168413400650024,2.816125
lca,1,p263_461_mic1,p263,data\VCTK\wav48_silence_trimmed\p263\p263_461_mic1.flac,p311,0,1,0.28305888175964355,0.1445591151714325,0.28305888175964355,-0.13849976658821106,2.816125
lca,2,p263_461_mic1,p263,data\VCTK\wav48_silence_trimmed\p263\p263_461_mic1.flac,p347,0,1,0.3836374282836914,0.24754031002521515,0.3836374282836914,-0.13609711825847626,2.816125
lca,3,p263_461_mic1,p263,data\VCTK\wav48_silence_trimmed\p263\p263_461_mic1.flac,p347,0,1,0.38876521587371826,0.2829734683036804,0.38876521587371826,-0.10579174757003784,2.816125
original,0,p264_211_mic1,p264,data\VCTK\wav48_silence_trimmed\p264\p264_211_mic1.flac,p264,1,1,0.6330982446670532,0.6330982446670532,0.3720090389251709,0.2610892057418823,2.9898125
base,1,p264_211_mic1,p264,data\VCTK\wav48_silence_trimmed\p264\p264_211_mic1.flac,p308,0,1,0.3165968060493469,0.21970711648464203,0.3165968060493469,-0.0968896895647049,2.9898125
base,2,p264_211_mic1,p264,data\VCTK\wav48_silence_trimmed\p264\p264_211_mic1.flac,p308,0,1,0.42652255296707153,0.3885466456413269,0.42652255296707153,-0.03797590732574463,2.9898125
base,3,p264_211_mic1,p264,data\VCTK\wav48_silence_trimmed\p264\p264_211_mic1.flac,p308,0,1,0.5240751504898071,0.48725783824920654,0.5240751504898071,-0.036817312240600586,2.9898125
lca,1,p264_211_mic1,p264,data\VCTK\wav48_silence_trimmed\p264\p264_211_mic1.flac,p280,0,1,0.3166182041168213,0.21603548526763916,0.3166182041168213,-0.10058271884918213,2.9898125
lca,2,p264_211_mic1,p264,data\VCTK\wav48_silence_trimmed\p264\p264_211_mic1.flac,p264,1,1,0.39607471227645874,0.39607471227645874,0.32475578784942627,0.07131892442703247,2.9898125
lca,3,p264_211_mic1,p264,data\VCTK\wav48_silence_trimmed\p264\p264_211_mic1.flac,p308,0,1,0.4802435040473938,0.4328031539916992,0.4802435040473938,-0.04744035005569458,2.9898125
original,0,p264_376_mic1,p264,data\VCTK\wav48_silence_trimmed\p264\p264_376_mic1.flac,p264,1,1,0.7874628305435181,0.7874628305435181,0.3154355585575104,0.4720272719860077,3.94525
base,1,p264_376_mic1,p264,data\VCTK\wav48_silence_trimmed\p264\p264_376_mic1.flac,p264,1,1,0.35973620414733887,0.35973620414733887,0.3400036692619324,0.019732534885406494,3.94525
base,2,p264_376_mic1,p264,data\VCTK\wav48_silence_trimmed\p264\p264_376_mic1.flac,p264,1,1,0.4470694065093994,0.4470694065093994,0.33723002672195435,0.10983937978744507,3.94525
base,3,p264_376_mic1,p264,data\VCTK\wav48_silence_trimmed\p264\p264_376_mic1.flac,p264,1,1,0.5706363320350647,0.5706363320350647,0.37167614698410034,0.19896018505096436,3.94525
lca,1,p264_376_mic1,p264,data\VCTK\wav48_silence_trimmed\p264\p264_376_mic1.flac,p264,1,1,0.46084001660346985,0.46084001660346985,0.3192233145236969,0.14161670207977295,3.94525
lca,2,p264_376_mic1,p264,data\VCTK\wav48_silence_trimmed\p264\p264_376_mic1.flac,p264,1,1,0.57694011926651,0.57694011926651,0.33776986598968506,0.23917025327682495,3.94525
lca,3,p264_376_mic1,p264,data\VCTK\wav48_silence_trimmed\p264\p264_376_mic1.flac,p264,1,1,0.5826310515403748,0.5826310515403748,0.3150883913040161,0.26754266023635864,3.94525
original,0,p264_414_mic1,p264,data\VCTK\wav48_silence_trimmed\p264\p264_414_mic1.flac,p264,1,1,0.5642170906066895,0.5642170906066895,0.2987896502017975,0.26542744040489197,2.464625
base,1,p264_414_mic1,p264,data\VCTK\wav48_silence_trimmed\p264\p264_414_mic1.flac,p264,1,1,0.3924941420555115,0.3924941420555115,0.3215310573577881,0.07096308469772339,2.464625
base,2,p264_414_mic1,p264,data\VCTK\wav48_silence_trimmed\p264\p264_414_mic1.flac,p264,1,1,0.44026705622673035,0.44026705622673035,0.3252243399620056,0.11504271626472473,2.464625
base,3,p264_414_mic1,p264,data\VCTK\wav48_silence_trimmed\p264\p264_414_mic1.flac,p264,1,1,0.4004322290420532,0.4004322290420532,0.3261778652667999,0.0742543637752533,2.464625
lca,1,p264_414_mic1,p264,data\VCTK\wav48_silence_trimmed\p264\p264_414_mic1.flac,p264,1,1,0.39399319887161255,0.39399319887161255,0.39256465435028076,0.0014285445213317871,2.464625
lca,2,p264_414_mic1,p264,data\VCTK\wav48_silence_trimmed\p264\p264_414_mic1.flac,p264,1,1,0.4109136462211609,0.4109136462211609,0.3831779360771179,0.02773571014404297,2.464625
lca,3,p264_414_mic1,p264,data\VCTK\wav48_silence_trimmed\p264\p264_414_mic1.flac,p264,1,1,0.4087764024734497,0.4087764024734497,0.3987594246864319,0.010016977787017822,2.464625
original,0,p264_442_mic1,p264,data\VCTK\wav48_silence_trimmed\p264\p264_442_mic1.flac,p264,1,1,0.673772394657135,0.673772394657135,0.3422126770019531,0.3315597176551819,3.1805625
base,1,p264_442_mic1,p264,data\VCTK\wav48_silence_trimmed\p264\p264_442_mic1.flac,p257,0,1,0.3327779173851013,0.16903558373451233,0.3327779173851013,-0.163742333650589,3.1805625
base,2,p264_442_mic1,p264,data\VCTK\wav48_silence_trimmed\p264\p264_442_mic1.flac,p264,1,1,0.4038410186767578,0.4038410186767578,0.3836904764175415,0.02015054225921631,3.1805625
base,3,p264_442_mic1,p264,data\VCTK\wav48_silence_trimmed\p264\p264_442_mic1.flac,p277,0,1,0.4317302107810974,0.4182273745536804,0.4317302107810974,-0.013502836227416992,3.1805625
lca,1,p264_442_mic1,p264,data\VCTK\wav48_silence_trimmed\p264\p264_442_mic1.flac,p262,0,1,0.3832572102546692,0.37993955612182617,0.3832572102546692,-0.0033176541328430176,3.1805625
lca,2,p264_442_mic1,p264,data\VCTK\wav48_silence_trimmed\p264\p264_442_mic1.flac,p264,1,1,0.4316161870956421,0.4316161870956421,0.3748171627521515,0.0567990243434906,3.1805625
lca,3,p264_442_mic1,p264,data\VCTK\wav48_silence_trimmed\p264\p264_442_mic1.flac,p264,1,1,0.44485682249069214,0.44485682249069214,0.39890745282173157,0.04594936966896057,3.1805625
original,0,p264_451_mic2,p264,data\VCTK\wav48_silence_trimmed\p264\p264_451_mic2.flac,p264,1,1,0.7375229597091675,0.7375229597091675,0.35574233531951904,0.38178062438964844,2.8600625
base,1,p264_451_mic2,p264,data\VCTK\wav48_silence_trimmed\p264\p264_451_mic2.flac,p257,0,1,0.30966049432754517,0.2441302239894867,0.30966049432754517,-0.06553027033805847,2.8600625
base,2,p264_451_mic2,p264,data\VCTK\wav48_silence_trimmed\p264\p264_451_mic2.flac,p264,1,1,0.3752581477165222,0.3752581477165222,0.29703354835510254,0.07822459936141968,2.8600625
base,3,p264_451_mic2,p264,data\VCTK\wav48_silence_trimmed\p264\p264_451_mic2.flac,p264,1,1,0.4195616543292999,0.4195616543292999,0.324773907661438,0.09478774666786194,2.8600625
lca,1,p264_451_mic2,p264,data\VCTK\wav48_silence_trimmed\p264\p264_451_mic2.flac,p262,0,1,0.3988591432571411,0.3385885953903198,0.3988591432571411,-0.06027054786682129,2.8600625
lca,2,p264_451_mic2,p264,data\VCTK\wav48_silence_trimmed\p264\p264_451_mic2.flac,p264,1,1,0.44744300842285156,0.44744300842285156,0.42506855726242065,0.022374451160430908,2.8600625
lca,3,p264_451_mic2,p264,data\VCTK\wav48_silence_trimmed\p264\p264_451_mic2.flac,p264,1,1,0.4809759855270386,0.4809759855270386,0.3635651767253876,0.117410808801651,2.8600625
original,0,p265_073_mic2,p265,data\VCTK\wav48_silence_trimmed\p265\p265_073_mic2.flac,p265,1,1,0.5929003953933716,0.5929003953933716,0.45757439732551575,0.13532599806785583,3.31225
base,1,p265_073_mic2,p265,data\VCTK\wav48_silence_trimmed\p265\p265_073_mic2.flac,p238,0,1,0.32149407267570496,0.10548397898674011,0.32149407267570496,-0.21601009368896484,3.31225
base,2,p265_073_mic2,p265,data\VCTK\wav48_silence_trimmed\p265\p265_073_mic2.flac,p249,0,1,0.3756120800971985,0.2867894768714905,0.3756120800971985,-0.08882260322570801,3.31225
base,3,p265_073_mic2,p265,data\VCTK\wav48_silence_trimmed\p265\p265_073_mic2.flac,p265,1,1,0.41203397512435913,0.41203397512435913,0.408094584941864,0.003939390182495117,3.31225
lca,1,p265_073_mic2,p265,data\VCTK\wav48_silence_trimmed\p265\p265_073_mic2.flac,p262,0,1,0.41347378492355347,0.20019082725048065,0.41347378492355347,-0.21328295767307281,3.31225
lca,2,p265_073_mic2,p265,data\VCTK\wav48_silence_trimmed\p265\p265_073_mic2.flac,p280,0,1,0.39538073539733887,0.33246704936027527,0.39538073539733887,-0.0629136860370636,3.31225
lca,3,p265_073_mic2,p265,data\VCTK\wav48_silence_trimmed\p265\p265_073_mic2.flac,p266,0,1,0.40376442670822144,0.34953373670578003,0.40376442670822144,-0.054230690002441406,3.31225
original,0,p265_099_mic2,p265,data\VCTK\wav48_silence_trimmed\p265\p265_099_mic2.flac,p265,1,1,0.6982119083404541,0.6982119083404541,0.43325215578079224,0.26495975255966187,6.077375
base,1,p265_099_mic2,p265,data\VCTK\wav48_silence_trimmed\p265\p265_099_mic2.flac,p301,0,1,0.3879956603050232,0.1610143780708313,0.3879956603050232,-0.2269812822341919,6.077375
base,2,p265_099_mic2,p265,data\VCTK\wav48_silence_trimmed\p265\p265_099_mic2.flac,p293,0,1,0.4207718074321747,0.38062649965286255,0.4207718074321747,-0.040145307779312134,6.077375
base,3,p265_099_mic2,p265,data\VCTK\wav48_silence_trimmed\p265\p265_099_mic2.flac,p265,1,1,0.45100435614585876,0.45100435614585876,0.44135552644729614,0.009648829698562622,6.077375
lca,1,p265_099_mic2,p265,data\VCTK\wav48_silence_trimmed\p265\p265_099_mic2.flac,p261,0,1,0.3509088158607483,0.2254377007484436,0.3509088158607483,-0.1254711151123047,6.077375
lca,2,p265_099_mic2,p265,data\VCTK\wav48_silence_trimmed\p265\p265_099_mic2.flac,p262,0,1,0.38385891914367676,0.3120120167732239,0.38385891914367676,-0.07184690237045288,6.077375
lca,3,p265_099_mic2,p265,data\VCTK\wav48_silence_trimmed\p265\p265_099_mic2.flac,p265,1,1,0.41505107283592224,0.41505107283592224,0.40436503291130066,0.010686039924621582,6.077375
original,0,p265_196_mic2,p265,data\VCTK\wav48_silence_trimmed\p265\p265_196_mic2.flac,p265,1,1,0.6343157291412354,0.6343157291412354,0.341365247964859,0.29295048117637634,4.1963125
base,1,p265_196_mic2,p265,data\VCTK\wav48_silence_trimmed\p265\p265_196_mic2.flac,p262,0,1,0.4195941388607025,0.17098583281040192,0.4195941388607025,-0.2486083060503006,4.1963125
base,2,p265_196_mic2,p265,data\VCTK\wav48_silence_trimmed\p265\p265_196_mic2.flac,p293,0,1,0.41897106170654297,0.3531438112258911,0.41897106170654297,-0.06582725048065186,4.1963125
base,3,p265_196_mic2,p265,data\VCTK\wav48_silence_trimmed\p265\p265_196_mic2.flac,p293,0,1,0.43608203530311584,0.4275253415107727,0.43608203530311584,-0.00855669379234314,4.1963125
lca,1,p265_196_mic2,p265,data\VCTK\wav48_silence_trimmed\p265\p265_196_mic2.flac,p264,0,1,0.3810827136039734,0.2438451051712036,0.3810827136039734,-0.13723760843276978,4.1963125
lca,2,p265_196_mic2,p265,data\VCTK\wav48_silence_trimmed\p265\p265_196_mic2.flac,p299,0,1,0.3777136206626892,0.2635396420955658,0.3777136206626892,-0.11417397856712341,4.1963125
lca,3,p265_196_mic2,p265,data\VCTK\wav48_silence_trimmed\p265\p265_196_mic2.flac,p299,0,1,0.40616726875305176,0.2908421754837036,0.40616726875305176,-0.11532509326934814,4.1963125
original,0,p265_228_mic2,p265,data\VCTK\wav48_silence_trimmed\p265\p265_228_mic2.flac,p280,0,1,0.4671483635902405,0.4336850643157959,0.4671483635902405,-0.03346329927444458,2.050625
base,1,p265_228_mic2,p265,data\VCTK\wav48_silence_trimmed\p265\p265_228_mic2.flac,p261,0,1,0.30034303665161133,0.052903786301612854,0.30034303665161133,-0.24743925034999847,2.050625
base,2,p265_228_mic2,p265,data\VCTK\wav48_silence_trimmed\p265\p265_228_mic2.flac,p228,0,1,0.27397421002388,0.15174296498298645,0.27397421002388,-0.12223124504089355,2.050625
base,3,p265_228_mic2,p265,data\VCTK\wav48_silence_trimmed\p265\p265_228_mic2.flac,p228,0,1,0.3068634867668152,0.16209255158901215,0.3068634867668152,-0.14477093517780304,2.050625
lca,1,p265_228_mic2,p265,data\VCTK\wav48_silence_trimmed\p265\p265_228_mic2.flac,p280,0,1,0.3279877007007599,0.19679200649261475,0.3279877007007599,-0.13119569420814514,2.050625
lca,2,p265_228_mic2,p265,data\VCTK\wav48_silence_trimmed\p265\p265_228_mic2.flac,p280,0,1,0.41792988777160645,0.24339374899864197,0.41792988777160645,-0.17453613877296448,2.050625
lca,3,p265_228_mic2,p265,data\VCTK\wav48_silence_trimmed\p265\p265_228_mic2.flac,p280,0,1,0.46071892976760864,0.2517974376678467,0.46071892976760864,-0.20892149209976196,2.050625
original,0,p265_327_mic1,p265,data\VCTK\wav48_silence_trimmed\p265\p265_327_mic1.flac,p265,1,1,0.6317763328552246,0.6317763328552246,0.2838289439678192,0.3479473888874054,2.1384375
base,1,p265_327_mic1,p265,data\VCTK\wav48_silence_trimmed\p265\p265_327_mic1.flac,p262,0,1,0.3901681900024414,0.23182621598243713,0.3901681900024414,-0.15834197402000427,2.1384375
base,2,p265_327_mic1,p265,data\VCTK\wav48_silence_trimmed\p265\p265_327_mic1.flac,p293,0,1,0.4000806212425232,0.3626495599746704,0.4000806212425232,-0.03743106126785278,2.1384375
base,3,p265_327_mic1,p265,data\VCTK\wav48_silence_trimmed\p265\p265_327_mic1.flac,p293,0,1,0.41013985872268677,0.4069364368915558,0.41013985872268677,-0.0032034218311309814,2.1384375
lca,1,p265_327_mic1,p265,data\VCTK\wav48_silence_trimmed\p265\p265_327_mic1.flac,p264,0,1,0.3564832806587219,0.21864569187164307,0.3564832806587219,-0.13783758878707886,2.1384375
lca,2,p265_327_mic1,p265,data\VCTK\wav48_silence_trimmed\p265\p265_327_mic1.flac,p264,0,1,0.3971758186817169,0.33442091941833496,0.3971758186817169,-0.06275489926338196,2.1384375
lca,3,p265_327_mic1,p265,data\VCTK\wav48_silence_trimmed\p265\p265_327_mic1.flac,p280,0,1,0.4144588112831116,0.3719530403614044,0.4144588112831116,-0.04250577092170715,2.1384375
original,0,p266_133_mic2,p266,data\VCTK\wav48_silence_trimmed\p266\p266_133_mic2.flac,p266,1,1,0.7763516902923584,0.7763516902923584,0.4093593955039978,0.3669922947883606,3.63125
base,1,p266_133_mic2,p266,data\VCTK\wav48_silence_trimmed\p266\p266_133_mic2.flac,p330,0,1,0.3159778416156769,0.1576521247625351,0.3159778416156769,-0.15832571685314178,3.63125
base,2,p266_133_mic2,p266,data\VCTK\wav48_silence_trimmed\p266\p266_133_mic2.flac,p293,0,1,0.4332423806190491,0.34149646759033203,0.4332423806190491,-0.09174591302871704,3.63125
base,3,p266_133_mic2,p266,data\VCTK\wav48_silence_trimmed\p266\p266_133_mic2.flac,p293,0,1,0.45389601588249207,0.4295956790447235,0.45389601588249207,-0.024300336837768555,3.63125
lca,1,p266_133_mic2,p266,data\VCTK\wav48_silence_trimmed\p266\p266_133_mic2.flac,p339,0,1,0.36809903383255005,0.31202536821365356,0.36809903383255005,-0.056073665618896484,3.63125
lca,2,p266_133_mic2,p266,data\VCTK\wav48_silence_trimmed\p266\p266_133_mic2.flac,p280,0,1,0.37265878915786743,0.34012892842292786,0.37265878915786743,-0.032529860734939575,3.63125
lca,3,p266_133_mic2,p266,data\VCTK\wav48_silence_trimmed\p266\p266_133_mic2.flac,p266,1,1,0.42011719942092896,0.42011719942092896,0.38425493240356445,0.0358622670173645,3.63125
original,0,p266_151_mic2,p266,data\VCTK\wav48_silence_trimmed\p266\p266_151_mic2.flac,p266,1,1,0.6691422462463379,0.6691422462463379,0.48481547832489014,0.18432676792144775,4.0856875
base,1,p266_151_mic2,p266,data\VCTK\wav48_silence_trimmed\p266\p266_151_mic2.flac,p294,0,1,0.3712851405143738,0.2190471887588501,0.3712851405143738,-0.15223795175552368,4.0856875
base,2,p266_151_mic2,p266,data\VCTK\wav48_silence_trimmed\p266\p266_151_mic2.flac,p294,0,1,0.3585858941078186,0.2634913921356201,0.3585858941078186,-0.09509450197219849,4.0856875
base,3,p266_151_mic2,p266,data\VCTK\wav48_silence_trimmed\p266\p266_151_mic2.flac,p293,0,1,0.3452862799167633,0.32380977272987366,0.3452862799167633,-0.02147650718688965,4.0856875
lca,1,p266_151_mic2,p266,data\VCTK\wav48_silence_trimmed\p266\p266_151_mic2.flac,p361,0,1,0.3641013503074646,0.2767229378223419,0.3641013503074646,-0.08737841248512268,4.0856875
lca,2,p266_151_mic2,p266,data\VCTK\wav48_silence_trimmed\p266\p266_151_mic2.flac,p280,0,1,0.42953431606292725,0.3812193274497986,0.42953431606292725,-0.04831498861312866,4.0856875
lca,3,p266_151_mic2,p266,data\VCTK\wav48_silence_trimmed\p266\p266_151_mic2.flac,p299,0,1,0.43142440915107727,0.3913935124874115,0.43142440915107727,-0.04003089666366577,4.0856875
original,0,p266_194_mic2,p266,data\VCTK\wav48_silence_trimmed\p266\p266_194_mic2.flac,p282,0,1,0.4267730712890625,0.3955470323562622,0.4267730712890625,-0.031226038932800293,1.5828125
base,1,p266_194_mic2,p266,data\VCTK\wav48_silence_trimmed\p266\p266_194_mic2.flac,p301,0,1,0.3509613275527954,0.0946933776140213,0.3509613275527954,-0.2562679499387741,1.5828125
base,2,p266_194_mic2,p266,data\VCTK\wav48_silence_trimmed\p266\p266_194_mic2.flac,p248,0,1,0.3146980404853821,0.15165504813194275,0.3146980404853821,-0.16304299235343933,1.5828125
base,3,p266_194_mic2,p266,data\VCTK\wav48_silence_trimmed\p266\p266_194_mic2.flac,p301,0,1,0.320381760597229,0.1093062087893486,0.320381760597229,-0.2110755518078804,1.5828125
lca,1,p266_194_mic2,p266,data\VCTK\wav48_silence_trimmed\p266\p266_194_mic2.flac,p361,0,1,0.2692102789878845,0.12722058594226837,0.2692102789878845,-0.14198969304561615,1.5828125
lca,2,p266_194_mic2,p266,data\VCTK\wav48_silence_trimmed\p266\p266_194_mic2.flac,p264,0,1,0.29274752736091614,0.19762301445007324,0.29274752736091614,-0.0951245129108429,1.5828125
lca,3,p266_194_mic2,p266,data\VCTK\wav48_silence_trimmed\p266\p266_194_mic2.flac,p264,0,1,0.3064572215080261,0.24711474776268005,0.3064572215080261,-0.05934247374534607,1.5828125
original,0,p266_210_mic1,p266,data\VCTK\wav48_silence_trimmed\p266\p266_210_mic1.flac,p266,1,1,0.6633938550949097,0.6633938550949097,0.4305373430252075,0.23285651206970215,2.1805
base,1,p266_210_mic1,p266,data\VCTK\wav48_silence_trimmed\p266\p266_210_mic1.flac,p293,0,1,0.39683234691619873,0.289556086063385,0.39683234691619873,-0.10727626085281372,2.1805
base,2,p266_210_mic1,p266,data\VCTK\wav48_silence_trimmed\p266\p266_210_mic1.flac,p230,0,1,0.39897048473358154,0.27411991357803345,0.39897048473358154,-0.1248505711555481,2.1805
base,3,p266_210_mic1,p266,data\VCTK\wav48_silence_trimmed\p266\p266_210_mic1.flac,p230,0,1,0.3879280686378479,0.3497171401977539,0.3879280686378479,-0.038210928440093994,2.1805
lca,1,p266_210_mic1,p266,data\VCTK\wav48_silence_trimmed\p266\p266_210_mic1.flac,p293,0,1,0.43190085887908936,0.3027086555957794,0.43190085887908936,-0.12919220328330994,2.1805
lca,2,p266_210_mic1,p266,data\VCTK\wav48_silence_trimmed\p266\p266_210_mic1.flac,p280,0,1,0.4673199951648712,0.387696236371994,0.4673199951648712,-0.0796237587928772,2.1805
lca,3,p266_210_mic1,p266,data\VCTK\wav48_silence_trimmed\p266\p266_210_mic1.flac,p280,0,1,0.47220683097839355,0.42315995693206787,0.47220683097839355,-0.049046874046325684,2.1805
original,0,p266_227_mic2,p266,data\VCTK\wav48_silence_trimmed\p266\p266_227_mic2.flac,p266,1,1,0.7604469060897827,0.7604469060897827,0.47494474053382874,0.285502165555954,3.588375
base,1,p266_227_mic2,p266,data\VCTK\wav48_silence_trimmed\p266\p266_227_mic2.flac,p293,0,1,0.2648170590400696,0.08425125479698181,0.2648170590400696,-0.18056580424308777,3.588375
base,2,p266_227_mic2,p266,data\VCTK\wav48_silence_trimmed\p266\p266_227_mic2.flac,p293,0,1,0.3791430592536926,0.24516715109348297,0.3791430592536926,-0.13397590816020966,3.588375
base,3,p266_227_mic2,p266,data\VCTK\wav48_silence_trimmed\p266\p266_227_mic2.flac,p293,0,1,0.43007075786590576,0.35783037543296814,0.43007075786590576,-0.07224038243293762,3.588375
lca,1,p266_227_mic2,p266,data\VCTK\wav48_silence_trimmed\p266\p266_227_mic2.flac,p293,0,1,0.37294963002204895,0.34085187315940857,0.37294963002204895,-0.03209775686264038,3.588375
lca,2,p266_227_mic2,p266,data\VCTK\wav48_silence_trimmed\p266\p266_227_mic2.flac,p293,0,1,0.4209435284137726,0.3193942904472351,0.4209435284137726,-0.10154923796653748,3.588375
lca,3,p266_227_mic2,p266,data\VCTK\wav48_silence_trimmed\p266\p266_227_mic2.flac,p280,0,1,0.4013266861438751,0.3874925971031189,0.4013266861438751,-0.013834089040756226,3.588375
original,0,p267_008_mic1,p267,data\VCTK\wav48_silence_trimmed\p267\p267_008_mic1.flac,p267,1,1,0.8105272650718689,0.8105272650718689,0.5209033489227295,0.2896239161491394,6.90625
base,1,p267_008_mic1,p267,data\VCTK\wav48_silence_trimmed\p267\p267_008_mic1.flac,p230,0,1,0.3709562420845032,0.27338892221450806,0.3709562420845032,-0.09756731986999512,6.90625
base,2,p267_008_mic1,p267,data\VCTK\wav48_silence_trimmed\p267\p267_008_mic1.flac,p267,1,1,0.4354364275932312,0.4354364275932312,0.41246524453163147,0.02297118306159973,6.90625
base,3,p267_008_mic1,p267,data\VCTK\wav48_silence_trimmed\p267\p267_008_mic1.flac,p267,1,1,0.5030338168144226,0.5030338168144226,0.4693196415901184,0.0337141752243042,6.90625
lca,1,p267_008_mic1,p267,data\VCTK\wav48_silence_trimmed\p267\p267_008_mic1.flac,p280,0,1,0.3455571234226227,0.3195059597492218,0.3455571234226227,-0.02605116367340088,6.90625
lca,2,p267_008_mic1,p267,data\VCTK\wav48_silence_trimmed\p267\p267_008_mic1.flac,p280,0,1,0.4722352623939514,0.41653528809547424,0.4722352623939514,-0.05569997429847717,6.90625
lca,3,p267_008_mic1,p267,data\VCTK\wav48_silence_trimmed\p267\p267_008_mic1.flac,p280,0,1,0.5249080061912537,0.4235854148864746,0.5249080061912537,-0.10132259130477905,6.90625
original,0,p267_034_mic1,p267,data\VCTK\wav48_silence_trimmed\p267\p267_034_mic1.flac,p267,1,1,0.7162042856216431,0.7162042856216431,0.4936732053756714,0.22253108024597168,3.2436875
base,1,p267_034_mic1,p267,data\VCTK\wav48_silence_trimmed\p267\p267_034_mic1.flac,p257,0,1,0.4347180724143982,0.27007782459259033,0.4347180724143982,-0.16464024782180786,3.2436875
base,2,p267_034_mic1,p267,data\VCTK\wav48_silence_trimmed\p267\p267_034_mic1.flac,p257,0,1,0.484986811876297,0.4636588394641876,0.484986811876297,-0.021327972412109375,3.2436875
base,3,p267_034_mic1,p267,data\VCTK\wav48_silence_trimmed\p267\p267_034_mic1.flac,p267,1,1,0.5463555455207825,0.5463555455207825,0.5012674927711487,0.04508805274963379,3.2436875
lca,1,p267_034_mic1,p267,data\VCTK\wav48_silence_trimmed\p267\p267_034_mic1.flac,p262,0,1,0.4127647280693054,0.3124604821205139,0.4127647280693054,-0.1003042459487915,3.2436875
lca,2,p267_034_mic1,p267,data\VCTK\wav48_silence_trimmed\p267\p267_034_mic1.flac,p280,0,1,0.45234254002571106,0.3786710500717163,0.45234254002571106,-0.07367148995399475,3.2436875
lca,3,p267_034_mic1,p267,data\VCTK\wav48_silence_trimmed\p267\p267_034_mic1.flac,p280,0,1,0.4105498790740967,0.3990834355354309,0.4105498790740967,-0.011466443538665771,3.2436875
original,0,p267_058_mic2,p267,data\VCTK\wav48_silence_trimmed\p267\p267_058_mic2.flac,p267,1,1,0.7393543720245361,0.7393543720245361,0.41704756021499634,0.3223068118095398,2.6494375
base,1,p267_058_mic2,p267,data\VCTK\wav48_silence_trimmed\p267\p267_058_mic2.flac,p301,0,1,0.3388715982437134,0.3041480779647827,0.3388715982437134,-0.034723520278930664,2.6494375
base,2,p267_058_mic2,p267,data\VCTK\wav48_silence_trimmed\p267\p267_058_mic2.flac,p257,0,1,0.3698621392250061,0.3638252019882202,0.3698621392250061,-0.006036937236785889,2.6494375
base,3,p267_058_mic2,p267,data\VCTK\wav48_silence_trimmed\p267\p267_058_mic2.flac,p267,1,1,0.4486335515975952,0.4486335515975952,0.39904242753982544,0.049591124057769775,2.6494375
lca,1,p267_058_mic2,p267,data\VCTK\wav48_silence_trimmed\p267\p267_058_mic2.flac,p280,0,1,0.39166271686553955,0.283633291721344,0.39166271686553955,-0.10802942514419556,2.6494375
lca,2,p267_058_mic2,p267,data\VCTK\wav48_silence_trimmed\p267\p267_058_mic2.flac,p280,0,1,0.48570889234542847,0.43071573972702026,0.48570889234542847,-0.0549931526184082,2.6494375
lca,3,p267_058_mic2,p267,data\VCTK\wav48_silence_trimmed\p267\p267_058_mic2.flac,p267,1,1,0.5247124433517456,0.5247124433517456,0.48921695351600647,0.035495489835739136,2.6494375
original,0,p267_215_mic1,p267,data\VCTK\wav48_silence_trimmed\p267\p267_215_mic1.flac,p267,1,1,0.6630473136901855,0.6630473136901855,0.47436603903770447,0.18868127465248108,2.68975
base,1,p267_215_mic1,p267,data\VCTK\wav48_silence_trimmed\p267\p267_215_mic1.flac,p301,0,1,0.37238115072250366,0.2899152636528015,0.37238115072250366,-0.08246588706970215,2.68975
base,2,p267_215_mic1,p267,data\VCTK\wav48_silence_trimmed\p267\p267_215_mic1.flac,p231,0,1,0.40808388590812683,0.33601436018943787,0.40808388590812683,-0.07206952571868896,2.68975
base,3,p267_215_mic1,p267,data\VCTK\wav48_silence_trimmed\p267\p267_215_mic1.flac,p267,1,1,0.4716756343841553,0.4716756343841553,0.4673052430152893,0.004370391368865967,2.68975
lca,1,p267_215_mic1,p267,data\VCTK\wav48_silence_trimmed\p267\p267_215_mic1.flac,p262,0,1,0.3794734477996826,0.3495517373085022,0.3794734477996826,-0.02992171049118042,2.68975
lca,2,p267_215_mic1,p267,data\VCTK\wav48_silence_trimmed\p267\p267_215_mic1.flac,p262,0,1,0.4005211591720581,0.3672974705696106,0.4005211591720581,-0.03322368860244751,2.68975
lca,3,p267_215_mic1,p267,data\VCTK\wav48_silence_trimmed\p267\p267_215_mic1.flac,p267,1,1,0.42311638593673706,0.42311638593673706,0.39822298288345337,0.02489340305328369,2.68975
original,0,p267_362_mic2,p267,data\VCTK\wav48_silence_trimmed\p267\p267_362_mic2.flac,p267,1,1,0.6845728158950806,0.6845728158950806,0.48918187618255615,0.19539093971252441,1.964125
base,1,p267_362_mic2,p267,data\VCTK\wav48_silence_trimmed\p267\p267_362_mic2.flac,p268,0,1,0.36303573846817017,0.2807008922100067,0.36303573846817017,-0.08233484625816345,1.964125
base,2,p267_362_mic2,p267,data\VCTK\wav48_silence_trimmed\p267\p267_362_mic2.flac,p231,0,1,0.4508324861526489,0.36990654468536377,0.4508324861526489,-0.08092594146728516,1.964125
base,3,p267_362_mic2,p267,data\VCTK\wav48_silence_trimmed\p267\p267_362_mic2.flac,p257,0,1,0.4295787215232849,0.39083197712898254,0.4295787215232849,-0.03874674439430237,1.964125
lca,1,p267_362_mic2,p267,data\VCTK\wav48_silence_trimmed\p267\p267_362_mic2.flac,p264,0,1,0.3796943724155426,0.3506774306297302,0.3796943724155426,-0.029016941785812378,1.964125
lca,2,p267_362_mic2,p267,data\VCTK\wav48_silence_trimmed\p267\p267_362_mic2.flac,p264,0,1,0.4573214650154114,0.32820987701416016,0.4573214650154114,-0.12911158800125122,1.964125
lca,3,p267_362_mic2,p267,data\VCTK\wav48_silence_trimmed\p267\p267_362_mic2.flac,p262,0,1,0.45578575134277344,0.3819454610347748,0.45578575134277344,-0.07384029030799866,1.964125
original,0,p268_145_mic1,p268,data\VCTK\wav48_silence_trimmed\p268\p268_145_mic1.flac,p268,1,1,0.6853074431419373,0.6853074431419373,0.45627492666244507,0.2290325164794922,3.211875
base,1,p268_145_mic1,p268,data\VCTK\wav48_silence_trimmed\p268\p268_145_mic1.flac,p257,0,1,0.3531368374824524,0.30536842346191406,0.3531368374824524,-0.04776841402053833,3.211875
base,2,p268_145_mic1,p268,data\VCTK\wav48_silence_trimmed\p268\p268_145_mic1.flac,p267,0,1,0.5455523729324341,0.39587247371673584,0.5455523729324341,-0.14967989921569824,3.211875
base,3,p268_145_mic1,p268,data\VCTK\wav48_silence_trimmed\p268\p268_145_mic1.flac,p267,0,1,0.5630215406417847,0.40901827812194824,0.5630215406417847,-0.15400326251983643,3.211875
lca,1,p268_145_mic1,p268,data\VCTK\wav48_silence_trimmed\p268\p268_145_mic1.flac,p280,0,1,0.3943980932235718,0.2726743817329407,0.3943980932235718,-0.1217237114906311,3.211875
lca,2,p268_145_mic1,p268,data\VCTK\wav48_silence_trimmed\p268\p268_145_mic1.flac,p267,0,1,0.48357921838760376,0.3984820544719696,0.48357921838760376,-0.08509716391563416,3.211875
lca,3,p268_145_mic1,p268,data\VCTK\wav48_silence_trimmed\p268\p268_145_mic1.flac,p280,0,1,0.4996405839920044,0.3889250159263611,0.4996405839920044,-0.11071556806564331,3.211875
original,0,p268_190_mic2,p268,data\VCTK\wav48_silence_trimmed\p268\p268_190_mic2.flac,p268,1,1,0.6450461745262146,0.6450461745262146,0.3993319272994995,0.2457142472267151,3.5264375
base,1,p268_190_mic2,p268,data\VCTK\wav48_silence_trimmed\p268\p268_190_mic2.flac,p301,0,1,0.3943989872932434,0.21401524543762207,0.3943989872932434,-0.18038374185562134,3.5264375
base,2,p268_190_mic2,p268,data\VCTK\wav48_silence_trimmed\p268\p268_190_mic2.flac,p295,0,1,0.41806405782699585,0.3518000841140747,0.41806405782699585,-0.06626397371292114,3.5264375
base,3,p268_190_mic2,p268,data\VCTK\wav48_silence_trimmed\p268\p268_190_mic2.flac,p295,0,1,0.43001770973205566,0.35785555839538574,0.43001770973205566,-0.07216215133666992,3.5264375
lca,1,p268_190_mic2,p268,data\VCTK\wav48_silence_trimmed\p268\p268_190_mic2.flac,p262,0,1,0.3616817593574524,0.24850203096866608,0.3616817593574524,-0.11317972838878632,3.5264375
lca,2,p268_190_mic2,p268,data\VCTK\wav48_silence_trimmed\p268\p268_190_mic2.flac,p262,0,1,0.45793861150741577,0.2987096905708313,0.45793861150741577,-0.15922892093658447,3.5264375
lca,3,p268_190_mic2,p268,data\VCTK\wav48_silence_trimmed\p268\p268_190_mic2.flac,p280,0,1,0.47167593240737915,0.3175886273384094,0.47167593240737915,-0.15408730506896973,3.5264375
original,0,p268_249_mic2,p268,data\VCTK\wav48_silence_trimmed\p268\p268_249_mic2.flac,p268,1,1,0.7174817323684692,0.7174817323684692,0.39017605781555176,0.3273056745529175,3.3008125
base,1,p268_249_mic2,p268,data\VCTK\wav48_silence_trimmed\p268\p268_249_mic2.flac,p351,0,1,0.3690680265426636,0.29034361243247986,0.3690680265426636,-0.07872441411018372,3.3008125
base,2,p268_249_mic2,p268,data\VCTK\wav48_silence_trimmed\p268\p268_249_mic2.flac,p249,0,1,0.41522103548049927,0.3876912295818329,0.41522103548049927,-0.027529805898666382,3.3008125
base,3,p268_249_mic2,p268,data\VCTK\wav48_silence_trimmed\p268\p268_249_mic2.flac,p249,0,1,0.4783957004547119,0.4744511842727661,0.4783957004547119,-0.003944516181945801,3.3008125
lca,1,p268_249_mic2,p268,data\VCTK\wav48_silence_trimmed\p268\p268_249_mic2.flac,p280,0,1,0.36854350566864014,0.35290807485580444,0.36854350566864014,-0.015635430812835693,3.3008125
lca,2,p268_249_mic2,p268,data\VCTK\wav48_silence_trimmed\p268\p268_249_mic2.flac,p280,0,1,0.49530428647994995,0.4186175465583801,0.49530428647994995,-0.07668673992156982,3.3008125
lca,3,p268_249_mic2,p268,data\VCTK\wav48_silence_trimmed\p268\p268_249_mic2.flac,p268,1,1,0.4829047918319702,0.4829047918319702,0.4154278039932251,0.06747698783874512,3.3008125
original,0,p268_288_mic2,p268,data\VCTK\wav48_silence_trimmed\p268\p268_288_mic2.flac,p268,1,1,0.6643949151039124,0.6643949151039124,0.2490597665309906,0.41533514857292175,2.4939375
base,1,p268_288_mic2,p268,data\VCTK\wav48_silence_trimmed\p268\p268_288_mic2.flac,p295,0,1,0.3149227499961853,0.18857306241989136,0.3149227499961853,-0.12634968757629395,2.4939375
base,2,p268_288_mic2,p268,data\VCTK\wav48_silence_trimmed\p268\p268_288_mic2.flac,p318,0,1,0.3145323693752289,0.21040025353431702,0.3145323693752289,-0.10413211584091187,2.4939375
base,3,p268_288_mic2,p268,data\VCTK\wav48_silence_trimmed\p268\p268_288_mic2.flac,p314,0,1,0.3501852750778198,0.23697133362293243,0.3501852750778198,-0.11321394145488739,2.4939375
lca,1,p268_288_mic2,p268,data\VCTK\wav48_silence_trimmed\p268\p268_288_mic2.flac,p262,0,1,0.3619309067726135,0.3159357011318207,0.3619309067726135,-0.04599520564079285,2.4939375
lca,2,p268_288_mic2,p268,data\VCTK\wav48_silence_trimmed\p268\p268_288_mic2.flac,p262,0,1,0.3927207589149475,0.2904278635978699,0.3927207589149475,-0.10229289531707764,2.4939375
lca,3,p268_288_mic2,p268,data\VCTK\wav48_silence_trimmed\p268\p268_288_mic2.flac,p314,0,1,0.3856866955757141,0.29350537061691284,0.3856866955757141,-0.09218132495880127,2.4939375
original,0,p268_347_mic2,p268,data\VCTK\wav48_silence_trimmed\p268\p268_347_mic2.flac,p268,1,1,0.7184514999389648,0.7184514999389648,0.3503798246383667,0.36807167530059814,2.5675625
base,1,p268_347_mic2,p268,data\VCTK\wav48_silence_trimmed\p268\p268_347_mic2.flac,p318,0,1,0.3598174750804901,0.31569594144821167,0.3598174750804901,-0.04412153363227844,2.5675625
base,2,p268_347_mic2,p268,data\VCTK\wav48_silence_trimmed\p268\p268_347_mic2.flac,p257,0,1,0.4573027491569519,0.4350990056991577,0.4573027491569519,-0.02220374345779419,2.5675625
base,3,p268_347_mic2,p268,data\VCTK\wav48_silence_trimmed\p268\p268_347_mic2.flac,p231,0,1,0.46282780170440674,0.4163378179073334,0.46282780170440674,-0.046489983797073364,2.5675625
lca,1,p268_347_mic2,p268,data\VCTK\wav48_silence_trimmed\p268\p268_347_mic2.flac,p280,0,1,0.4106171131134033,0.2219218909740448,0.4106171131134033,-0.18869522213935852,2.5675625
lca,2,p268_347_mic2,p268,data\VCTK\wav48_silence_trimmed\p268\p268_347_mic2.flac,p280,0,1,0.5006861686706543,0.2910900413990021,0.5006861686706543,-0.20959612727165222,2.5675625
lca,3,p268_347_mic2,p268,data\VCTK\wav48_silence_trimmed\p268\p268_347_mic2.flac,p262,0,1,0.5420733690261841,0.29198968410491943,0.5420733690261841,-0.25008368492126465,2.5675625
original,0,p269_144_mic1,p269,data\VCTK\wav48_silence_trimmed\p269\p269_144_mic1.flac,p269,1,1,0.5994737148284912,0.5994737148284912,0.42659831047058105,0.17287540435791016,3.368375
base,1,p269_144_mic1,p269,data\VCTK\wav48_silence_trimmed\p269\p269_144_mic1.flac,p262,0,1,0.3306978642940521,0.20468956232070923,0.3306978642940521,-0.1260083019733429,3.368375
base,2,p269_144_mic1,p269,data\VCTK\wav48_silence_trimmed\p269\p269_144_mic1.flac,p280,0,1,0.38413840532302856,0.31840863823890686,0.38413840532302856,-0.0657297670841217,3.368375
base,3,p269_144_mic1,p269,data\VCTK\wav48_silence_trimmed\p269\p269_144_mic1.flac,p280,0,1,0.39736443758010864,0.35712289810180664,0.39736443758010864,-0.040241539478302,3.368375
lca,1,p269_144_mic1,p269,data\VCTK\wav48_silence_trimmed\p269\p269_144_mic1.flac,p280,0,1,0.36195188760757446,0.17794016003608704,0.36195188760757446,-0.18401172757148743,3.368375
lca,2,p269_144_mic1,p269,data\VCTK\wav48_silence_trimmed\p269\p269_144_mic1.flac,p280,0,1,0.4267636239528656,0.2670225203037262,0.4267636239528656,-0.1597411036491394,3.368375
lca,3,p269_144_mic1,p269,data\VCTK\wav48_silence_trimmed\p269\p269_144_mic1.flac,p280,0,1,0.49690550565719604,0.285608172416687,0.49690550565719604,-0.21129733324050903,3.368375
original,0,p269_162_mic1,p269,data\VCTK\wav48_silence_trimmed\p269\p269_162_mic1.flac,p269,1,1,0.7676413059234619,0.7676413059234619,0.5077399015426636,0.25990140438079834,2.6963125
base,1,p269_162_mic1,p269,data\VCTK\wav48_silence_trimmed\p269\p269_162_mic1.flac,p301,0,1,0.34794288873672485,0.21239249408245087,0.34794288873672485,-0.135550394654274,2.6963125
base,2,p269_162_mic1,p269,data\VCTK\wav48_silence_trimmed\p269\p269_162_mic1.flac,p257,0,1,0.4564998149871826,0.33107709884643555,0.4564998149871826,-0.12542271614074707,2.6963125
base,3,p269_162_mic1,p269,data\VCTK\wav48_silence_trimmed\p269\p269_162_mic1.flac,p257,0,1,0.4889072775840759,0.35420143604278564,0.4889072775840759,-0.13470584154129028,2.6963125
lca,1,p269_162_mic1,p269,data\VCTK\wav48_silence_trimmed\p269\p269_162_mic1.flac,p257,0,1,0.3886529207229614,0.22406789660453796,0.3886529207229614,-0.16458502411842346,2.6963125
lca,2,p269_162_mic1,p269,data\VCTK\wav48_silence_trimmed\p269\p269_162_mic1.flac,p280,0,1,0.4943118095397949,0.3377673625946045,0.4943118095397949,-0.15654444694519043,2.6963125
lca,3,p269_162_mic1,p269,data\VCTK\wav48_silence_trimmed\p269\p269_162_mic1.flac,p280,0,1,0.535659909248352,0.33883512020111084,0.535659909248352,-0.1968247890472412,2.6963125
original,0,p269_191_mic2,p269,data\VCTK\wav48_silence_trimmed\p269\p269_191_mic2.flac,p269,1,1,0.7240434288978577,0.7240434288978577,0.48670750856399536,0.2373359203338623,4.5656875
base,1,p269_191_mic2,p269,data\VCTK\wav48_silence_trimmed\p269\p269_191_mic2.flac,p280,0,1,0.38200610876083374,0.21121926605701447,0.38200610876083374,-0.17078684270381927,4.5656875
base,2,p269_191_mic2,p269,data\VCTK\wav48_silence_trimmed\p269\p269_191_mic2.flac,p301,0,1,0.48042014241218567,0.4172622859477997,0.48042014241218567,-0.06315785646438599,4.5656875
base,3,p269_191_mic2,p269,data\VCTK\wav48_silence_trimmed\p269\p269_191_mic2.flac,p231,0,1,0.5042839646339417,0.4630105495452881,0.5042839646339417,-0.041273415088653564,4.5656875
lca,1,p269_191_mic2,p269,data\VCTK\wav48_silence_trimmed\p269\p269_191_mic2.flac,p257,0,1,0.40328681468963623,0.21963128447532654,0.40328681468963623,-0.1836555302143097,4.5656875
lca,2,p269_191_mic2,p269,data\VCTK\wav48_silence_trimmed\p269\p269_191_mic2.flac,p280,0,1,0.5180728435516357,0.3125494122505188,0.5180728435516357,-0.20552343130111694,4.5656875
lca,3,p269_191_mic2,p269,data\VCTK\wav48_silence_trimmed\p269\p269_191_mic2.flac,p280,0,1,0.572934627532959,0.3437419533729553,0.572934627532959,-0.22919267416000366,4.5656875
original,0,p269_326_mic2,p269,data\VCTK\wav48_silence_trimmed\p269\p269_326_mic2.flac,p269,1,1,0.744439959526062,0.744439959526062,0.5028617978096008,0.24157816171646118,2.9655
base,1,p269_326_mic2,p269,data\VCTK\wav48_silence_trimmed\p269\p269_326_mic2.flac,p301,0,1,0.31187260150909424,0.10072412341833115,0.31187260150909424,-0.2111484780907631,2.9655
base,2,p269_326_mic2,p269,data\VCTK\wav48_silence_trimmed\p269\p269_326_mic2.flac,p301,0,1,0.4105016589164734,0.25948578119277954,0.4105016589164734,-0.15101587772369385,2.9655
base,3,p269_326_mic2,p269,data\VCTK\wav48_silence_trimmed\p269\p269_326_mic2.flac,p257,0,1,0.45546582341194153,0.3592836856842041,0.45546582341194153,-0.09618213772773743,2.9655
lca,1,p269_326_mic2,p269,data\VCTK\wav48_silence_trimmed\p269\p269_326_mic2.flac,p257,0,1,0.3643069267272949,0.12856709957122803,0.3643069267272949,-0.2357398271560669,2.9655
lca,2,p269_326_mic2,p269,data\VCTK\wav48_silence_trimmed\p269\p269_326_mic2.flac,p257,0,1,0.40169012546539307,0.2471279799938202,0.40169012546539307,-0.15456214547157288,2.9655
lca,3,p269_326_mic2,p269,data\VCTK\wav48_silence_trimmed\p269\p269_326_mic2.flac,p280,0,1,0.4479687213897705,0.3199830651283264,0.4479687213897705,-0.1279856562614441,2.9655
original,0,p269_354_mic1,p269,data\VCTK\wav48_silence_trimmed\p269\p269_354_mic1.flac,p269,1,1,0.630092203617096,0.630092203617096,0.4542597234249115,0.17583248019218445,2.310125
base,1,p269_354_mic1,p269,data\VCTK\wav48_silence_trimmed\p269\p269_354_mic1.flac,p266,0,1,0.2539510428905487,0.14374414086341858,0.2539510428905487,-0.11020690202713013,2.310125
base,2,p269_354_mic1,p269,data\VCTK\wav48_silence_trimmed\p269\p269_354_mic1.flac,p306,0,1,0.2897526025772095,0.24763521552085876,0.2897526025772095,-0.04211738705635071,2.310125
base,3,p269_354_mic1,p269,data\VCTK\wav48_silence_trimmed\p269\p269_354_mic1.flac,p306,0,1,0.3518160581588745,0.3275715410709381,0.3518160581588745,-0.0242445170879364,2.310125
lca,1,p269_354_mic1,p269,data\VCTK\wav48_silence_trimmed\p269\p269_354_mic1.flac,p280,0,1,0.3014308214187622,0.11031325906515121,0.3014308214187622,-0.191117562353611,2.310125
lca,2,p269_354_mic1,p269,data\VCTK\wav48_silence_trimmed\p269\p269_354_mic1.flac,p280,0,1,0.3420390188694,0.19538724422454834,0.3420390188694,-0.14665177464485168,2.310125
lca,3,p269_354_mic1,p269,data\VCTK\wav48_silence_trimmed\p269\p269_354_mic1.flac,p280,0,1,0.3576532304286957,0.2505476474761963,0.3576532304286957,-0.10710558295249939,2.310125
original,0,p270_010_mic1,p270,data\VCTK\wav48_silence_trimmed\p270\p270_010_mic1.flac,p270,1,1,0.6558619141578674,0.6558619141578674,0.4139080047607422,0.24195390939712524,3.2469375
base,1,p270_010_mic1,p270,data\VCTK\wav48_silence_trimmed\p270\p270_010_mic1.flac,p360,0,1,0.3300483226776123,0.2127637267112732,0.3300483226776123,-0.11728459596633911,3.2469375
base,2,p270_010_mic1,p270,data\VCTK\wav48_silence_trimmed\p270\p270_010_mic1.flac,p226,0,1,0.3581152856349945,0.33451157808303833,0.3581152856349945,-0.023603707551956177,3.2469375
base,3,p270_010_mic1,p270,data\VCTK\wav48_silence_trimmed\p270\p270_010_mic1.flac,p226,0,1,0.42379137873649597,0.3409445881843567,0.42379137873649597,-0.08284679055213928,3.2469375
lca,1,p270_010_mic1,p270,data\VCTK\wav48_silence_trimmed\p270\p270_010_mic1.flac,p281,0,1,0.30554792284965515,0.20746800303459167,0.30554792284965515,-0.09807991981506348,3.2469375
lca,2,p270_010_mic1,p270,data\VCTK\wav48_silence_trimmed\p270\p270_010_mic1.flac,p226,0,1,0.3317694365978241,0.3110830783843994,0.3317694365978241,-0.020686358213424683,3.2469375
lca,3,p270_010_mic1,p270,data\VCTK\wav48_silence_trimmed\p270\p270_010_mic1.flac,p226,0,1,0.3504307270050049,0.32610633969306946,0.3504307270050049,-0.024324387311935425,3.2469375
original,0,p270_028_mic2,p270,data\VCTK\wav48_silence_trimmed\p270\p270_028_mic2.flac,p270,1,1,0.5694209337234497,0.5694209337234497,0.4353768825531006,0.13404405117034912,2.8593125
base,1,p270_028_mic2,p270,data\VCTK\wav48_silence_trimmed\p270\p270_028_mic2.flac,p278,0,1,0.2658412456512451,0.20904502272605896,0.2658412456512451,-0.05679622292518616,2.8593125
base,2,p270_028_mic2,p270,data\VCTK\wav48_silence_trimmed\p270\p270_028_mic2.flac,p287,0,1,0.32553011178970337,0.2644464075565338,0.32553011178970337,-0.061083704233169556,2.8593125
base,3,p270_028_mic2,p270,data\VCTK\wav48_silence_trimmed\p270\p270_028_mic2.flac,p260,0,1,0.31881871819496155,0.2664898633956909,0.31881871819496155,-0.05232885479927063,2.8593125
lca,1,p270_028_mic2,p270,data\VCTK\wav48_silence_trimmed\p270\p270_028_mic2.flac,p262,0,0,0.24083173274993896,0.2033424973487854,0.24083173274993896,-0.037489235401153564,2.8593125
lca,2,p270_028_mic2,p270,data\VCTK\wav48_silence_trimmed\p270\p270_028_mic2.flac,p270,1,1,0.3435162305831909,0.3435162305831909,0.27236947417259216,0.07114675641059875,2.8593125
lca,3,p270_028_mic2,p270,data\VCTK\wav48_silence_trimmed\p270\p270_028_mic2.flac,p270,1,1,0.3659306764602661,0.3659306764602661,0.2887634336948395,0.07716724276542664,2.8593125
original,0,p270_032_mic1,p270,data\VCTK\wav48_silence_trimmed\p270\p270_032_mic1.flac,p270,1,1,0.7534145712852478,0.7534145712852478,0.45532524585723877,0.29808932542800903,3.286375
base,1,p270_032_mic1,p270,data\VCTK\wav48_silence_trimmed\p270\p270_032_mic1.flac,p364,0,1,0.3306754231452942,0.27784061431884766,0.3306754231452942,-0.05283480882644653,3.286375
base,2,p270_032_mic1,p270,data\VCTK\wav48_silence_trimmed\p270\p270_032_mic1.flac,p374,0,1,0.40520453453063965,0.27779898047447205,0.40520453453063965,-0.1274055540561676,3.286375
base,3,p270_032_mic1,p270,data\VCTK\wav48_silence_trimmed\p270\p270_032_mic1.flac,p226,0,1,0.412797749042511,0.3597632646560669,0.412797749042511,-0.05303448438644409,3.286375
lca,1,p270_032_mic1,p270,data\VCTK\wav48_silence_trimmed\p270\p270_032_mic1.flac,p364,0,1,0.3567490577697754,0.2534692585468292,0.3567490577697754,-0.10327979922294617,3.286375
lca,2,p270_032_mic1,p270,data\VCTK\wav48_silence_trimmed\p270\p270_032_mic1.flac,p271,0,1,0.3774145841598511,0.2512575685977936,0.3774145841598511,-0.1261570155620575,3.286375
lca,3,p270_032_mic1,p270,data\VCTK\wav48_silence_trimmed\p270\p270_032_mic1.flac,p259,0,1,0.41430824995040894,0.3469240069389343,0.41430824995040894,-0.06738424301147461,3.286375
original,0,p270_155_mic2,p270,data\VCTK\wav48_silence_trimmed\p270\p270_155_mic2.flac,p270,1,1,0.6820164918899536,0.6820164918899536,0.38388633728027344,0.2981301546096802,2.68875
base,1,p270_155_mic2,p270,data\VCTK\wav48_silence_trimmed\p270\p270_155_mic2.flac,p226,0,1,0.32697415351867676,0.163271963596344,0.32697415351867676,-0.16370218992233276,2.68875
base,2,p270_155_mic2,p270,data\VCTK\wav48_silence_trimmed\p270\p270_155_mic2.flac,p226,0,1,0.42708149552345276,0.30150383710861206,0.42708149552345276,-0.1255776584148407,2.68875
base,3,p270_155_mic2,p270,data\VCTK\wav48_silence_trimmed\p270\p270_155_mic2.flac,p226,0,1,0.4341979920864105,0.3957224488258362,0.4341979920864105,-0.03847554326057434,2.68875
lca,1,p270_155_mic2,p270,data\VCTK\wav48_silence_trimmed\p270\p270_155_mic2.flac,p226,0,1,0.2573322355747223,0.18715132772922516,0.2573322355747223,-0.07018090784549713,2.68875
lca,2,p270_155_mic2,p270,data\VCTK\wav48_silence_trimmed\p270\p270_155_mic2.flac,p281,0,1,0.2943769693374634,0.2893560528755188,0.2943769693374634,-0.00502091646194458,2.68875
lca,3,p270_155_mic2,p270,data\VCTK\wav48_silence_trimmed\p270\p270_155_mic2.flac,p270,1,1,0.34836477041244507,0.34836477041244507,0.3232405185699463,0.02512425184249878,2.68875
original,0,p270_235_mic2,p270,data\VCTK\wav48_silence_trimmed\p270\p270_235_mic2.flac,p270,1,1,0.6945551037788391,0.6945551037788391,0.4105817377567291,0.28397336602211,4.271375
base,1,p270_235_mic2,p270,data\VCTK\wav48_silence_trimmed\p270\p270_235_mic2.flac,p364,0,1,0.29978010058403015,0.1388920694589615,0.29978010058403015,-0.16088803112506866,4.271375
base,2,p270_235_mic2,p270,data\VCTK\wav48_silence_trimmed\p270\p270_235_mic2.flac,p302,0,1,0.3354252278804779,0.20246559381484985,0.3354252278804779,-0.13295963406562805,4.271375
base,3,p270_235_mic2,p270,data\VCTK\wav48_silence_trimmed\p270\p270_235_mic2.flac,p271,0,1,0.3383926749229431,0.2850632667541504,0.3383926749229431,-0.053329408168792725,4.271375
lca,1,p270_235_mic2,p270,data\VCTK\wav48_silence_trimmed\p270\p270_235_mic2.flac,p364,0,1,0.3695319890975952,0.23693600296974182,0.3695319890975952,-0.1325959861278534,4.271375
lca,2,p270_235_mic2,p270,data\VCTK\wav48_silence_trimmed\p270\p270_235_mic2.flac,p271,0,1,0.3473001718521118,0.2687486410140991,0.3473001718521118,-0.0785515308380127,4.271375
lca,3,p270_235_mic2,p270,data\VCTK\wav48_silence_trimmed\p270\p270_235_mic2.flac,p271,0,1,0.3408966362476349,0.2655489444732666,0.3408966362476349,-0.07534769177436829,4.271375
original,0,p271_127_mic2,p271,data\VCTK\wav48_silence_trimmed\p271\p271_127_mic2.flac,p271,1,1,0.7767553329467773,0.7767553329467773,0.27037912607192993,0.5063762068748474,4.986125
base,1,p271_127_mic2,p271,data\VCTK\wav48_silence_trimmed\p271\p271_127_mic2.flac,p271,1,1,0.3305779695510864,0.3305779695510864,0.30544760823249817,0.025130361318588257,4.986125
base,2,p271_127_mic2,p271,data\VCTK\wav48_silence_trimmed\p271\p271_127_mic2.flac,p271,1,1,0.5357444286346436,0.5357444286346436,0.24510301649570465,0.2906414121389389,4.986125
base,3,p271_127_mic2,p271,data\VCTK\wav48_silence_trimmed\p271\p271_127_mic2.flac,p271,1,1,0.5962386727333069,0.5962386727333069,0.29492372274398804,0.30131494998931885,4.986125
lca,1,p271_127_mic2,p271,data\VCTK\wav48_silence_trimmed\p271\p271_127_mic2.flac,p271,1,1,0.36342930793762207,0.36342930793762207,0.30335739254951477,0.0600719153881073,4.986125
lca,2,p271_127_mic2,p271,data\VCTK\wav48_silence_trimmed\p271\p271_127_mic2.flac,p271,1,1,0.46536868810653687,0.46536868810653687,0.2693207263946533,0.19604796171188354,4.986125
lca,3,p271_127_mic2,p271,data\VCTK\wav48_silence_trimmed\p271\p271_127_mic2.flac,p271,1,1,0.4470089077949524,0.4470089077949524,0.2753846347332001,0.17162427306175232,4.986125
original,0,p271_145_mic2,p271,data\VCTK\wav48_silence_trimmed\p271\p271_145_mic2.flac,p271,1,1,0.6820245981216431,0.6820245981216431,0.27046799659729004,0.411556601524353,2.661875
base,1,p271_145_mic2,p271,data\VCTK\wav48_silence_trimmed\p271\p271_145_mic2.flac,p364,0,1,0.27716606855392456,0.1731835901737213,0.27716606855392456,-0.10398247838020325,2.661875
base,2,p271_145_mic2,p271,data\VCTK\wav48_silence_trimmed\p271\p271_145_mic2.flac,p374,0,1,0.4663553535938263,0.459944486618042,0.4663553535938263,-0.006410866975784302,2.661875
base,3,p271_145_mic2,p271,data\VCTK\wav48_silence_trimmed\p271\p271_145_mic2.flac,p271,1,1,0.5104444026947021,0.5104444026947021,0.36956775188446045,0.1408766508102417,2.661875
lca,1,p271_145_mic2,p271,data\VCTK\wav48_silence_trimmed\p271\p271_145_mic2.flac,p374,0,1,0.2838779389858246,0.2024381011724472,0.2838779389858246,-0.08143983781337738,2.661875
lca,2,p271_145_mic2,p271,data\VCTK\wav48_silence_trimmed\p271\p271_145_mic2.flac,p271,1,1,0.43588587641716003,0.43588587641716003,0.31708377599716187,0.11880210041999817,2.661875
lca,3,p271_145_mic2,p271,data\VCTK\wav48_silence_trimmed\p271\p271_145_mic2.flac,p271,1,1,0.47279593348503113,0.47279593348503113,0.3153098225593567,0.15748611092567444,2.661875
original,0,p271_186_mic2,p271,data\VCTK\wav48_silence_trimmed\p271\p271_186_mic2.flac,p271,1,1,0.7119059562683105,0.7119059562683105,0.379667729139328,0.33223822712898254,4.8975625
base,1,p271_186_mic2,p271,data\VCTK\wav48_silence_trimmed\p271\p271_186_mic2.flac,p271,1,1,0.30027875304222107,0.30027875304222107,0.29336851835250854,0.006910234689712524,4.8975625
base,2,p271_186_mic2,p271,data\VCTK\wav48_silence_trimmed\p271\p271_186_mic2.flac,p271,1,1,0.5918831825256348,0.5918831825256348,0.32991650700569153,0.26196667551994324,4.8975625
base,3,p271_186_mic2,p271,data\VCTK\wav48_silence_trimmed\p271\p271_186_mic2.flac,p271,1,1,0.5973279476165771,0.5973279476165771,0.37983834743499756,0.2174896001815796,4.8975625
lca,1,p271_186_mic2,p271,data\VCTK\wav48_silence_trimmed\p271\p271_186_mic2.flac,p271,1,1,0.36884742975234985,0.36884742975234985,0.2809142470359802,0.08793318271636963,4.8975625
lca,2,p271_186_mic2,p271,data\VCTK\wav48_silence_trimmed\p271\p271_186_mic2.flac,p271,1,1,0.44622802734375,0.44622802734375,0.2877224385738373,0.15850558876991272,4.8975625
lca,3,p271_186_mic2,p271,data\VCTK\wav48_silence_trimmed\p271\p271_186_mic2.flac,p271,1,1,0.47652575373649597,0.47652575373649597,0.2809349298477173,0.1955908238887787,4.8975625
original,0,p271_229_mic2,p271,data\VCTK\wav48_silence_trimmed\p271\p271_229_mic2.flac,p271,1,1,0.6023439764976501,0.6023439764976501,0.2811674475669861,0.32117652893066406,2.2646875
base,1,p271_229_mic2,p271,data\VCTK\wav48_silence_trimmed\p271\p271_229_mic2.flac,p374,0,1,0.29313668608665466,0.1761048436164856,0.29313668608665466,-0.11703184247016907,2.2646875
base,2,p271_229_mic2,p271,data\VCTK\wav48_silence_trimmed\p271\p271_229_mic2.flac,p271,1,1,0.2749994099140167,0.2749994099140167,0.2447165548801422,0.03028285503387451,2.2646875
base,3,p271_229_mic2,p271,data\VCTK\wav48_silence_trimmed\p271\p271_229_mic2.flac,p271,1,1,0.37285181879997253,0.37285181879997253,0.3227461278438568,0.05010569095611572,2.2646875
lca,1,p271_229_mic2,p271,data\VCTK\wav48_silence_trimmed\p271\p271_229_mic2.flac,p271,1,1,0.35887783765792847,0.35887783765792847,0.3159249424934387,0.042952895164489746,2.2646875
lca,2,p271_229_mic2,p271,data\VCTK\wav48_silence_trimmed\p271\p271_229_mic2.flac,p271,1,1,0.3774743676185608,0.3774743676185608,0.28022080659866333,0.09725356101989746,2.2646875
lca,3,p271_229_mic2,p271,data\VCTK\wav48_silence_trimmed\p271\p271_229_mic2.flac,p271,1,1,0.39830654859542847,0.39830654859542847,0.3063517212867737,0.09195482730865479,2.2646875
original,0,p271_397_mic2,p271,data\VCTK\wav48_silence_trimmed\p271\p271_397_mic2.flac,p271,1,1,0.6847569942474365,0.6847569942474365,0.29454362392425537,0.39021337032318115,4.9069375
base,1,p271_397_mic2,p271,data\VCTK\wav48_silence_trimmed\p271\p271_397_mic2.flac,p364,0,1,0.3349420428276062,0.31453025341033936,0.3349420428276062,-0.020411789417266846,4.9069375
base,2,p271_397_mic2,p271,data\VCTK\wav48_silence_trimmed\p271\p271_397_mic2.flac,p271,1,1,0.5392484068870544,0.5392484068870544,0.3624839186668396,0.17676448822021484,4.9069375
base,3,p271_397_mic2,p271,data\VCTK\wav48_silence_trimmed\p271\p271_397_mic2.flac,p271,1,1,0.5712658166885376,0.5712658166885376,0.370890736579895,0.20037508010864258,4.9069375
lca,1,p271_397_mic2,p271,data\VCTK\wav48_silence_trimmed\p271\p271_397_mic2.flac,p271,1,1,0.2951616048812866,0.2951616048812866,0.2646946609020233,0.030466943979263306,4.9069375
lca,2,p271_397_mic2,p271,data\VCTK\wav48_silence_trimmed\p271\p271_397_mic2.flac,p271,1,1,0.3948071002960205,0.3948071002960205,0.24757041037082672,0.1472366899251938,4.9069375
lca,3,p271_397_mic2,p271,data\VCTK\wav48_silence_trimmed\p271\p271_397_mic2.flac,p271,1,1,0.4470875859260559,0.4470875859260559,0.2675130069255829,0.17957457900047302,4.9069375
original,0,p272_046_mic2,p272,data\VCTK\wav48_silence_trimmed\p272\p272_046_mic2.flac,p272,1,1,0.7354612946510315,0.7354612946510315,0.2724778652191162,0.4629834294319153,4.697875
base,1,p272_046_mic2,p272,data\VCTK\wav48_silence_trimmed\p272\p272_046_mic2.flac,p302,0,1,0.308963418006897,0.14146149158477783,0.308963418006897,-0.16750192642211914,4.697875
base,2,p272_046_mic2,p272,data\VCTK\wav48_silence_trimmed\p272\p272_046_mic2.flac,p272,1,1,0.40345489978790283,0.40345489978790283,0.4026966094970703,0.0007582902908325195,4.697875
base,3,p272_046_mic2,p272,data\VCTK\wav48_silence_trimmed\p272\p272_046_mic2.flac,p272,1,1,0.45137664675712585,0.45137664675712585,0.3465362787246704,0.10484036803245544,4.697875
lca,1,p272_046_mic2,p272,data\VCTK\wav48_silence_trimmed\p272\p272_046_mic2.flac,p271,0,1,0.29345977306365967,0.10169486701488495,0.29345977306365967,-0.19176490604877472,4.697875
lca,2,p272_046_mic2,p272,data\VCTK\wav48_silence_trimmed\p272\p272_046_mic2.flac,p271,0,1,0.32265031337738037,0.2372717261314392,0.32265031337738037,-0.08537858724594116,4.697875
lca,3,p272_046_mic2,p272,data\VCTK\wav48_silence_trimmed\p272\p272_046_mic2.flac,p272,1,1,0.3519231677055359,0.3519231677055359,0.3198201358318329,0.032103031873703,4.697875
original,0,p272_074_mic2,p272,data\VCTK\wav48_silence_trimmed\p272\p272_074_mic2.flac,p272,1,1,0.568375289440155,0.568375289440155,0.2694910764694214,0.29888421297073364,2.6249375
base,1,p272_074_mic2,p272,data\VCTK\wav48_silence_trimmed\p272\p272_074_mic2.flac,p246,0,1,0.2857532799243927,0.13540136814117432,0.2857532799243927,-0.15035191178321838,2.6249375
base,2,p272_074_mic2,p272,data\VCTK\wav48_silence_trimmed\p272\p272_074_mic2.flac,p243,0,1,0.3257310688495636,0.2598755955696106,0.3257310688495636,-0.065855473279953,2.6249375
base,3,p272_074_mic2,p272,data\VCTK\wav48_silence_trimmed\p272\p272_074_mic2.flac,p243,0,1,0.4172973334789276,0.3650428056716919,0.4172973334789276,-0.05225452780723572,2.6249375
lca,1,p272_074_mic2,p272,data\VCTK\wav48_silence_trimmed\p272\p272_074_mic2.flac,p226,0,1,0.3032468259334564,0.10767501592636108,0.3032468259334564,-0.19557181000709534,2.6249375
lca,2,p272_074_mic2,p272,data\VCTK\wav48_silence_trimmed\p272\p272_074_mic2.flac,p226,0,1,0.35035648941993713,0.21119707822799683,0.35035648941993713,-0.1391594111919403,2.6249375
lca,3,p272_074_mic2,p272,data\VCTK\wav48_silence_trimmed\p272\p272_074_mic2.flac,p272,1,1,0.2681594491004944,0.2681594491004944,0.249312162399292,0.018847286701202393,2.6249375
original,0,p272_219_mic2,p272,data\VCTK\wav48_silence_trimmed\p272\p272_219_mic2.flac,p272,1,1,0.590656578540802,0.590656578540802,0.2933777868747711,0.2972787916660309,3.1903125
base,1,p272_219_mic2,p272,data\VCTK\wav48_silence_trimmed\p272\p272_219_mic2.flac,p243,0,1,0.33726686239242554,0.09734770655632019,0.33726686239242554,-0.23991915583610535,3.1903125
base,2,p272_219_mic2,p272,data\VCTK\wav48_silence_trimmed\p272\p272_219_mic2.flac,p259,0,1,0.304615318775177,0.2649593651294708,0.304615318775177,-0.03965595364570618,3.1903125
base,3,p272_219_mic2,p272,data\VCTK\wav48_silence_trimmed\p272\p272_219_mic2.flac,p259,0,1,0.30288052558898926,0.2985595166683197,0.30288052558898926,-0.004321008920669556,3.1903125
lca,1,p272_219_mic2,p272,data\VCTK\wav48_silence_trimmed\p272\p272_219_mic2.flac,p271,0,1,0.32923388481140137,0.07803113758563995,0.32923388481140137,-0.2512027472257614,3.1903125
lca,2,p272_219_mic2,p272,data\VCTK\wav48_silence_trimmed\p272\p272_219_mic2.flac,p259,0,1,0.3479756712913513,0.15070800483226776,0.3479756712913513,-0.19726766645908356,3.1903125
lca,3,p272_219_mic2,p272,data\VCTK\wav48_silence_trimmed\p272\p272_219_mic2.flac,p252,0,1,0.42074084281921387,0.1932709515094757,0.42074084281921387,-0.22746989130973816,3.1903125
original,0,p272_353_mic1,p272,data\VCTK\wav48_silence_trimmed\p272\p272_353_mic1.flac,p272,1,1,0.6786075830459595,0.6786075830459595,0.28737741708755493,0.39123016595840454,2.6923125
base,1,p272_353_mic1,p272,data\VCTK\wav48_silence_trimmed\p272\p272_353_mic1.flac,p316,0,1,0.33636659383773804,0.11610935628414154,0.33636659383773804,-0.2202572375535965,2.6923125
base,2,p272_353_mic1,p272,data\VCTK\wav48_silence_trimmed\p272\p272_353_mic1.flac,p374,0,1,0.27569282054901123,0.2394147515296936,0.27569282054901123,-0.03627806901931763,2.6923125
base,3,p272_353_mic1,p272,data\VCTK\wav48_silence_trimmed\p272\p272_353_mic1.flac,p272,1,1,0.34124255180358887,0.34124255180358887,0.31480664014816284,0.026435911655426025,2.6923125
lca,1,p272_353_mic1,p272,data\VCTK\wav48_silence_trimmed\p272\p272_353_mic1.flac,p311,0,1,0.3205167055130005,0.07116274535655975,0.3205167055130005,-0.24935396015644073,2.6923125
lca,2,p272_353_mic1,p272,data\VCTK\wav48_silence_trimmed\p272\p272_353_mic1.flac,p271,0,1,0.3227106034755707,0.2475050687789917,0.3227106034755707,-0.07520553469657898,2.6923125
lca,3,p272_353_mic1,p272,data\VCTK\wav48_silence_trimmed\p272\p272_353_mic1.flac,p298,0,1,0.318100243806839,0.2153068631887436,0.318100243806839,-0.1027933806180954,2.6923125
original,0,p272_386_mic1,p272,data\VCTK\wav48_silence_trimmed\p272\p272_386_mic1.flac,p272,1,1,0.6618221998214722,0.6618221998214722,0.33681154251098633,0.32501065731048584,4.05725
base,1,p272_386_mic1,p272,data\VCTK\wav48_silence_trimmed\p272\p272_386_mic1.flac,p318,0,1,0.2500022351741791,0.12816369533538818,0.2500022351741791,-0.1218385398387909,4.05725
base,2,p272_386_mic1,p272,data\VCTK\wav48_silence_trimmed\p272\p272_386_mic1.flac,p292,0,1,0.3365511894226074,0.296530157327652,0.3365511894226074,-0.040021032094955444,4.05725
base,3,p272_386_mic1,p272,data\VCTK\wav48_silence_trimmed\p272\p272_386_mic1.flac,p272,1,1,0.3883444666862488,0.3883444666862488,0.3473394513130188,0.04100501537322998,4.05725
lca,1,p272_386_mic1,p272,data\VCTK\wav48_silence_trimmed\p272\p272_386_mic1.flac,p261,0,1,0.2938908338546753,0.1045067310333252,0.2938908338546753,-0.1893841028213501,4.05725
lca,2,p272_386_mic1,p272,data\VCTK\wav48_silence_trimmed\p272\p272_386_mic1.flac,p271,0,1,0.3735851049423218,0.2092171311378479,0.3735851049423218,-0.16436797380447388,4.05725
lca,3,p272_386_mic1,p272,data\VCTK\wav48_silence_trimmed\p272\p272_386_mic1.flac,p271,0,1,0.379262238740921,0.23957207798957825,0.379262238740921,-0.13969016075134277,4.05725
original,0,p273_062_mic2,p273,data\VCTK\wav48_silence_trimmed\p273\p273_062_mic2.flac,p273,1,1,0.7025752663612366,0.7025752663612366,0.394378125667572,0.30819714069366455,3.2575625
base,1,p273_062_mic2,p273,data\VCTK\wav48_silence_trimmed\p273\p273_062_mic2.flac,p343,0,1,0.32696181535720825,0.2588692605495453,0.32696181535720825,-0.06809255480766296,3.2575625
base,2,p273_062_mic2,p273,data\VCTK\wav48_silence_trimmed\p273\p273_062_mic2.flac,p343,0,1,0.42098236083984375,0.3633834719657898,0.42098236083984375,-0.057598888874053955,3.2575625
base,3,p273_062_mic2,p273,data\VCTK\wav48_silence_trimmed\p273\p273_062_mic2.flac,p273,1,1,0.427168071269989,0.427168071269989,0.41646891832351685,0.010699152946472168,3.2575625
lca,1,p273_062_mic2,p273,data\VCTK\wav48_silence_trimmed\p273\p273_062_mic2.flac,p280,0,1,0.29815182089805603,0.11116127669811249,0.29815182089805603,-0.18699054419994354,3.2575625
lca,2,p273_062_mic2,p273,data\VCTK\wav48_silence_trimmed\p273\p273_062_mic2.flac,p343,0,1,0.37656161189079285,0.2736662030220032,0.37656161189079285,-0.10289540886878967,3.2575625
lca,3,p273_062_mic2,p273,data\VCTK\wav48_silence_trimmed\p273\p273_062_mic2.flac,p273,1,1,0.3400917649269104,0.3400917649269104,0.33494770526885986,0.005144059658050537,3.2575625
original,0,p273_137_mic1,p273,data\VCTK\wav48_silence_trimmed\p273\p273_137_mic1.flac,p273,1,1,0.7028920650482178,0.7028920650482178,0.4612223505973816,0.24166971445083618,3.004
base,1,p273_137_mic1,p273,data\VCTK\wav48_silence_trimmed\p273\p273_137_mic1.flac,p302,0,1,0.28886672854423523,0.20693162083625793,0.28886672854423523,-0.0819351077079773,3.004
base,2,p273_137_mic1,p273,data\VCTK\wav48_silence_trimmed\p273\p273_137_mic1.flac,p273,1,1,0.34114518761634827,0.34114518761634827,0.3124009370803833,0.028744250535964966,3.004
base,3,p273_137_mic1,p273,data\VCTK\wav48_silence_trimmed\p273\p273_137_mic1.flac,p273,1,1,0.37003573775291443,0.37003573775291443,0.2731151282787323,0.09692060947418213,3.004
lca,1,p273_137_mic1,p273,data\VCTK\wav48_silence_trimmed\p273\p273_137_mic1.flac,p268,0,1,0.27705445885658264,0.11701390147209167,0.27705445885658264,-0.16004055738449097,3.004
lca,2,p273_137_mic1,p273,data\VCTK\wav48_silence_trimmed\p273\p273_137_mic1.flac,p280,0,1,0.30694472789764404,0.23382997512817383,0.30694472789764404,-0.07311475276947021,3.004
lca,3,p273_137_mic1,p273,data\VCTK\wav48_silence_trimmed\p273\p273_137_mic1.flac,p273,1,1,0.2872445583343506,0.2872445583343506,0.27342236042022705,0.013822197914123535,3.004
original,0,p273_241_mic1,p273,data\VCTK\wav48_silence_trimmed\p273\p273_241_mic1.flac,p273,1,1,0.6838400363922119,0.6838400363922119,0.3511549234390259,0.33268511295318604,3.1163125
base,1,p273_241_mic1,p273,data\VCTK\wav48_silence_trimmed\p273\p273_241_mic1.flac,p238,0,1,0.33892112970352173,0.10956598818302155,0.33892112970352173,-0.22935514152050018,3.1163125
base,2,p273_241_mic1,p273,data\VCTK\wav48_silence_trimmed\p273\p273_241_mic1.flac,p238,0,1,0.3540588617324829,0.34363847970962524,0.3540588617324829,-0.010420382022857666,3.1163125
base,3,p273_241_mic1,p273,data\VCTK\wav48_silence_trimmed\p273\p273_241_mic1.flac,p308,0,1,0.34797996282577515,0.332809180021286,0.34797996282577515,-0.015170782804489136,3.1163125
lca,1,p273_241_mic1,p273,data\VCTK\wav48_silence_trimmed\p273\p273_241_mic1.flac,p311,0,1,0.30732446908950806,0.14406313002109528,0.30732446908950806,-0.16326133906841278,3.1163125
lca,2,p273_241_mic1,p273,data\VCTK\wav48_silence_trimmed\p273\p273_241_mic1.flac,p311,0,1,0.3075064420700073,0.18148425221443176,0.3075064420700073,-0.12602218985557556,3.1163125
lca,3,p273_241_mic1,p273,data\VCTK\wav48_silence_trimmed\p273\p273_241_mic1.flac,p226,0,1,0.3100188374519348,0.21894188225269318,0.3100188374519348,-0.09107695519924164,3.1163125
original,0,p273_377_mic2,p273,data\VCTK\wav48_silence_trimmed\p273\p273_377_mic2.flac,p273,1,1,0.7082280516624451,0.7082280516624451,0.3818291127681732,0.32639893889427185,2.5451875
base,1,p273_377_mic2,p273,data\VCTK\wav48_silence_trimmed\p273\p273_377_mic2.flac,p273,1,1,0.3321395814418793,0.3321395814418793,0.3198784291744232,0.012261152267456055,2.5451875
base,2,p273_377_mic2,p273,data\VCTK\wav48_silence_trimmed\p273\p273_377_mic2.flac,p273,1,1,0.48248186707496643,0.48248186707496643,0.3366786241531372,0.14580324292182922,2.5451875
base,3,p273_377_mic2,p273,data\VCTK\wav48_silence_trimmed\p273\p273_377_mic2.flac,p273,1,1,0.4769950211048126,0.4769950211048126,0.316299170255661,0.1606958508491516,2.5451875
lca,1,p273_377_mic2,p273,data\VCTK\wav48_silence_trimmed\p273\p273_377_mic2.flac,p261,0,1,0.32984793186187744,0.16657349467277527,0.32984793186187744,-0.16327443718910217,2.5451875
lca,2,p273_377_mic2,p273,data\VCTK\wav48_silence_trimmed\p273\p273_377_mic2.flac,p262,0,1,0.31058916449546814,0.3031913936138153,0.31058916449546814,-0.007397770881652832,2.5451875
lca,3,p273_377_mic2,p273,data\VCTK\wav48_silence_trimmed\p273\p273_377_mic2.flac,p273,1,1,0.36924558877944946,0.36924558877944946,0.29060351848602295,0.07864207029342651,2.5451875
original,0,p273_384_mic2,p273,data\VCTK\wav48_silence_trimmed\p273\p273_384_mic2.flac,p273,1,1,0.7550671696662903,0.7550671696662903,0.3327557146549225,0.4223114550113678,2.7015625
base,1,p273_384_mic2,p273,data\VCTK\wav48_silence_trimmed\p273\p273_384_mic2.flac,p273,1,1,0.3127526044845581,0.3127526044845581,0.2524923086166382,0.06026029586791992,2.7015625
base,2,p273_384_mic2,p273,data\VCTK\wav48_silence_trimmed\p273\p273_384_mic2.flac,p273,1,1,0.4176216125488281,0.4176216125488281,0.3305043578147888,0.0871172547340393,2.7015625
base,3,p273_384_mic2,p273,data\VCTK\wav48_silence_trimmed\p273\p273_384_mic2.flac,p273,1,1,0.44603830575942993,0.44603830575942993,0.37274858355522156,0.07328972220420837,2.7015625
lca,1,p273_384_mic2,p273,data\VCTK\wav48_silence_trimmed\p273\p273_384_mic2.flac,p261,0,1,0.30373895168304443,0.14950673282146454,0.30373895168304443,-0.1542322188615799,2.7015625
lca,2,p273_384_mic2,p273,data\VCTK\wav48_silence_trimmed\p273\p273_384_mic2.flac,p273,1,1,0.3307958245277405,0.3307958245277405,0.2933496832847595,0.03744614124298096,2.7015625
lca,3,p273_384_mic2,p273,data\VCTK\wav48_silence_trimmed\p273\p273_384_mic2.flac,p273,1,1,0.35864654183387756,0.35864654183387756,0.3387245237827301,0.01992201805114746,2.7015625
original,0,p274_298_mic2,p274,data\VCTK\wav48_silence_trimmed\p274\p274_298_mic2.flac,p274,1,1,0.6619107723236084,0.6619107723236084,0.3159550428390503,0.3459557294845581,3.7975
base,1,p274_298_mic2,p274,data\VCTK\wav48_silence_trimmed\p274\p274_298_mic2.flac,p374,0,1,0.30962228775024414,0.06571130454540253,0.30962228775024414,-0.2439109832048416,3.7975
base,2,p274_298_mic2,p274,data\VCTK\wav48_silence_trimmed\p274\p274_298_mic2.flac,p347,0,1,0.4251972436904907,0.13712187111377716,0.4251972436904907,-0.28807537257671356,3.7975
base,3,p274_298_mic2,p274,data\VCTK\wav48_silence_trimmed\p274\p274_298_mic2.flac,p374,0,1,0.4605124592781067,0.1857512891292572,0.4605124592781067,-0.2747611701488495,3.7975
lca,1,p274_298_mic2,p274,data\VCTK\wav48_silence_trimmed\p274\p274_298_mic2.flac,p374,0,1,0.2830950617790222,0.035190992057323456,0.2830950617790222,-0.24790406972169876,3.7975
lca,2,p274_298_mic2,p274,data\VCTK\wav48_silence_trimmed\p274\p274_298_mic2.flac,p281,0,1,0.3414880037307739,0.10896838456392288,0.3414880037307739,-0.23251961916685104,3.7975
lca,3,p274_298_mic2,p274,data\VCTK\wav48_silence_trimmed\p274\p274_298_mic2.flac,p374,0,1,0.3703809976577759,0.19439959526062012,0.3703809976577759,-0.17598140239715576,3.7975
original,0,p274_335_mic1,p274,data\VCTK\wav48_silence_trimmed\p274\p274_335_mic1.flac,p274,1,1,0.6063026189804077,0.6063026189804077,0.3131137192249298,0.2931888997554779,2.6804375
base,1,p274_335_mic1,p274,data\VCTK\wav48_silence_trimmed\p274\p274_335_mic1.flac,p360,0,1,0.4164278209209442,0.24150335788726807,0.4164278209209442,-0.17492446303367615,2.6804375
base,2,p274_335_mic1,p274,data\VCTK\wav48_silence_trimmed\p274\p274_335_mic1.flac,p311,0,1,0.39289605617523193,0.20118752121925354,0.39289605617523193,-0.1917085349559784,2.6804375
base,3,p274_335_mic1,p274,data\VCTK\wav48_silence_trimmed\p274\p274_335_mic1.flac,p360,0,1,0.402809202671051,0.30531221628189087,0.402809202671051,-0.09749698638916016,2.6804375
lca,1,p274_335_mic1,p274,data\VCTK\wav48_silence_trimmed\p274\p274_335_mic1.flac,p374,0,1,0.3194323182106018,0.05957542359828949,0.3194323182106018,-0.2598568946123123,2.6804375
lca,2,p274_335_mic1,p274,data\VCTK\wav48_silence_trimmed\p274\p274_335_mic1.flac,p360,0,1,0.4206012487411499,0.22000069916248322,0.4206012487411499,-0.2006005495786667,2.6804375
lca,3,p274_335_mic1,p274,data\VCTK\wav48_silence_trimmed\p274\p274_335_mic1.flac,p360,0,1,0.4243695139884949,0.24077093601226807,0.4243695139884949,-0.1835985779762268,2.6804375
original,0,p274_388_mic2,p274,data\VCTK\wav48_silence_trimmed\p274\p274_388_mic2.flac,p274,1,1,0.757609486579895,0.757609486579895,0.35624822974205017,0.40136125683784485,4.26675
base,1,p274_388_mic2,p274,data\VCTK\wav48_silence_trimmed\p274\p274_388_mic2.flac,p360,0,1,0.3294801414012909,0.06133377552032471,0.3294801414012909,-0.2681463658809662,4.26675
base,2,p274_388_mic2,p274,data\VCTK\wav48_silence_trimmed\p274\p274_388_mic2.flac,p271,0,1,0.3393744230270386,0.21617276966571808,0.3393744230270386,-0.1232016533613205,4.26675
base,3,p274_388_mic2,p274,data\VCTK\wav48_silence_trimmed\p274\p274_388_mic2.flac,p271,0,1,0.36749446392059326,0.3137498199939728,0.36749446392059326,-0.05374464392662048,4.26675
lca,1,p274_388_mic2,p274,data\VCTK\wav48_silence_trimmed\p274\p274_388_mic2.flac,p281,0,1,0.28017890453338623,0.10803143680095673,0.28017890453338623,-0.1721474677324295,4.26675
lca,2,p274_388_mic2,p274,data\VCTK\wav48_silence_trimmed\p274\p274_388_mic2.flac,p347,0,1,0.2908318042755127,0.21107769012451172,0.2908318042755127,-0.07975411415100098,4.26675
lca,3,p274_388_mic2,p274,data\VCTK\wav48_silence_trimmed\p274\p274_388_mic2.flac,p347,0,1,0.32322943210601807,0.2592020332813263,0.32322943210601807,-0.06402739882469177,4.26675
original,0,p274_409_mic2,p274,data\VCTK\wav48_silence_trimmed\p274\p274_409_mic2.flac,p274,1,1,0.8066345453262329,0.8066345453262329,0.40521013736724854,0.4014244079589844,4.771875
base,1,p274_409_mic2,p274,data\VCTK\wav48_silence_trimmed\p274\p274_409_mic2.flac,p243,0,1,0.2977619767189026,0.14946973323822021,0.2977619767189026,-0.14829224348068237,4.771875
base,2,p274_409_mic2,p274,data\VCTK\wav48_silence_trimmed\p274\p274_409_mic2.flac,p243,0,1,0.4022933840751648,0.2523239254951477,0.4022933840751648,-0.1499694585800171,4.771875
base,3,p274_409_mic2,p274,data\VCTK\wav48_silence_trimmed\p274\p274_409_mic2.flac,p243,0,1,0.3798241913318634,0.32996562123298645,0.3798241913318634,-0.04985857009887695,4.771875
lca,1,p274_409_mic2,p274,data\VCTK\wav48_silence_trimmed\p274\p274_409_mic2.flac,p281,0,1,0.3722246587276459,0.12683334946632385,0.3722246587276459,-0.24539130926132202,4.771875
lca,2,p274_409_mic2,p274,data\VCTK\wav48_silence_trimmed\p274\p274_409_mic2.flac,p281,0,1,0.3860380947589874,0.22076022624969482,0.3860380947589874,-0.1652778685092926,4.771875
lca,3,p274_409_mic2,p274,data\VCTK\wav48_silence_trimmed\p274\p274_409_mic2.flac,p281,0,1,0.3557268977165222,0.2598513662815094,0.3557268977165222,-0.09587553143501282,4.771875
original,0,p274_456_mic2,p274,data\VCTK\wav48_silence_trimmed\p274\p274_456_mic2.flac,p274,1,1,0.7316336631774902,0.7316336631774902,0.3303607702255249,0.40127289295196533,3.208
base,1,p274_456_mic2,p274,data\VCTK\wav48_silence_trimmed\p274\p274_456_mic2.flac,p374,0,1,0.31585660576820374,0.030435927212238312,0.31585660576820374,-0.2854206785559654,3.208
base,2,p274_456_mic2,p274,data\VCTK\wav48_silence_trimmed\p274\p274_456_mic2.flac,p246,0,1,0.37501147389411926,0.2490592896938324,0.37501147389411926,-0.12595218420028687,3.208
base,3,p274_456_mic2,p274,data\VCTK\wav48_silence_trimmed\p274\p274_456_mic2.flac,p246,0,1,0.3969133198261261,0.30154895782470703,0.3969133198261261,-0.09536436200141907,3.208
lca,1,p274_456_mic2,p274,data\VCTK\wav48_silence_trimmed\p274\p274_456_mic2.flac,p281,0,1,0.3084348440170288,0.10977479070425034,0.3084348440170288,-0.19866005331277847,3.208
lca,2,p274_456_mic2,p274,data\VCTK\wav48_silence_trimmed\p274\p274_456_mic2.flac,p280,0,1,0.3031546473503113,0.15861886739730835,0.3031546473503113,-0.14453577995300293,3.208
lca,3,p274_456_mic2,p274,data\VCTK\wav48_silence_trimmed\p274\p274_456_mic2.flac,p360,0,1,0.3388211131095886,0.22205035388469696,0.3388211131095886,-0.11677075922489166,3.208
original,0,p275_028_mic2,p275,data\VCTK\wav48_silence_trimmed\p275\p275_028_mic2.flac,p275,1,1,0.7669909000396729,0.7669909000396729,0.4307857155799866,0.3362051844596863,4.4449375
base,1,p275_028_mic2,p275,data\VCTK\wav48_silence_trimmed\p275\p275_028_mic2.flac,p364,0,1,0.3609825074672699,0.11459925025701523,0.3609825074672699,-0.24638325721025467,4.4449375
base,2,p275_028_mic2,p275,data\VCTK\wav48_silence_trimmed\p275\p275_028_mic2.flac,p260,0,1,0.33724403381347656,0.24638795852661133,0.33724403381347656,-0.09085607528686523,4.4449375
base,3,p275_028_mic2,p275,data\VCTK\wav48_silence_trimmed\p275\p275_028_mic2.flac,p260,0,1,0.4371291995048523,0.3285296559333801,0.4371291995048523,-0.10859954357147217,4.4449375
lca,1,p275_028_mic2,p275,data\VCTK\wav48_silence_trimmed\p275\p275_028_mic2.flac,p364,0,1,0.30119788646698,0.05209778621792793,0.30119788646698,-0.24910010024905205,4.4449375
lca,2,p275_028_mic2,p275,data\VCTK\wav48_silence_trimmed\p275\p275_028_mic2.flac,p364,0,1,0.35518407821655273,0.21502140164375305,0.35518407821655273,-0.14016267657279968,4.4449375
lca,3,p275_028_mic2,p275,data\VCTK\wav48_silence_trimmed\p275\p275_028_mic2.flac,p252,0,1,0.3644850254058838,0.2659522294998169,0.3644850254058838,-0.0985327959060669,4.4449375
original,0,p275_044_mic1,p275,data\VCTK\wav48_silence_trimmed\p275\p275_044_mic1.flac,p275,1,1,0.743946373462677,0.743946373462677,0.4232015311717987,0.3207448422908783,4.0255625
base,1,p275_044_mic1,p275,data\VCTK\wav48_silence_trimmed\p275\p275_044_mic1.flac,p374,0,1,0.31555110216140747,0.11688722670078278,0.31555110216140747,-0.1986638754606247,4.0255625
base,2,p275_044_mic1,p275,data\VCTK\wav48_silence_trimmed\p275\p275_044_mic1.flac,p258,0,1,0.35224172472953796,0.23704087734222412,0.35224172472953796,-0.11520084738731384,4.0255625
base,3,p275_044_mic1,p275,data\VCTK\wav48_silence_trimmed\p275\p275_044_mic1.flac,p271,0,1,0.3597704768180847,0.30758601427078247,0.3597704768180847,-0.052184462547302246,4.0255625
lca,1,p275_044_mic1,p275,data\VCTK\wav48_silence_trimmed\p275\p275_044_mic1.flac,p311,0,1,0.32208451628685,0.07204576581716537,0.32208451628685,-0.2500387504696846,4.0255625
lca,2,p275_044_mic1,p275,data\VCTK\wav48_silence_trimmed\p275\p275_044_mic1.flac,p226,0,1,0.3167797923088074,0.063912034034729,0.3167797923088074,-0.25286775827407837,4.0255625
lca,3,p275_044_mic1,p275,data\VCTK\wav48_silence_trimmed\p275\p275_044_mic1.flac,p364,0,1,0.2647470235824585,0.1011861115694046,0.2647470235824585,-0.1635609120130539,4.0255625
original,0,p275_051_mic2,p275,data\VCTK\wav48_silence_trimmed\p275\p275_051_mic2.flac,p275,1,1,0.6847016215324402,0.6847016215324402,0.4449951946735382,0.23970642685890198,2.9291875
base,1,p275_051_mic2,p275,data\VCTK\wav48_silence_trimmed\p275\p275_051_mic2.flac,p374,0,1,0.3658680021762848,0.09766075760126114,0.3658680021762848,-0.26820724457502365,2.9291875
base,2,p275_051_mic2,p275,data\VCTK\wav48_silence_trimmed\p275\p275_051_mic2.flac,p374,0,1,0.36655253171920776,0.12050868570804596,0.36655253171920776,-0.2460438460111618,2.9291875
base,3,p275_051_mic2,p275,data\VCTK\wav48_silence_trimmed\p275\p275_051_mic2.flac,p302,0,1,0.33193439245224,0.17005658149719238,0.33193439245224,-0.1618778109550476,2.9291875
lca,1,p275_051_mic2,p275,data\VCTK\wav48_silence_trimmed\p275\p275_051_mic2.flac,p374,0,1,0.31683388352394104,0.07702058553695679,0.31683388352394104,-0.23981329798698425,2.9291875
lca,2,p275_051_mic2,p275,data\VCTK\wav48_silence_trimmed\p275\p275_051_mic2.flac,p364,0,1,0.36240679025650024,0.21162602305412292,0.36240679025650024,-0.15078076720237732,2.9291875
lca,3,p275_051_mic2,p275,data\VCTK\wav48_silence_trimmed\p275\p275_051_mic2.flac,p364,0,1,0.3711123466491699,0.19856901466846466,0.3711123466491699,-0.17254333198070526,2.9291875
original,0,p275_379_mic1,p275,data\VCTK\wav48_silence_trimmed\p275\p275_379_mic1.flac,p275,1,1,0.6776652336120605,0.6776652336120605,0.44345250725746155,0.234212726354599,1.8350625
base,1,p275_379_mic1,p275,data\VCTK\wav48_silence_trimmed\p275\p275_379_mic1.flac,p311,0,1,0.2749178111553192,0.00834234245121479,0.2749178111553192,-0.2665754687041044,1.8350625
base,2,p275_379_mic1,p275,data\VCTK\wav48_silence_trimmed\p275\p275_379_mic1.flac,p271,0,1,0.33044469356536865,0.16096018254756927,0.33044469356536865,-0.16948451101779938,1.8350625
base,3,p275_379_mic1,p275,data\VCTK\wav48_silence_trimmed\p275\p275_379_mic1.flac,p364,0,1,0.346582293510437,0.2568477690219879,0.346582293510437,-0.0897345244884491,1.8350625
lca,1,p275_379_mic1,p275,data\VCTK\wav48_silence_trimmed\p275\p275_379_mic1.flac,p364,0,1,0.4056479036808014,0.07168155908584595,0.4056479036808014,-0.33396634459495544,1.8350625
lca,2,p275_379_mic1,p275,data\VCTK\wav48_silence_trimmed\p275\p275_379_mic1.flac,p271,0,1,0.42807114124298096,0.06493872404098511,0.42807114124298096,-0.36313241720199585,1.8350625
lca,3,p275_379_mic1,p275,data\VCTK\wav48_silence_trimmed\p275\p275_379_mic1.flac,p364,0,1,0.36753708124160767,0.12499883770942688,0.36753708124160767,-0.2425382435321808,1.8350625
original,0,p275_404_mic2,p275,data\VCTK\wav48_silence_trimmed\p275\p275_404_mic2.flac,p275,1,1,0.5929384827613831,0.5929384827613831,0.3687838912010193,0.22415459156036377,2.5955625
base,1,p275_404_mic2,p275,data\VCTK\wav48_silence_trimmed\p275\p275_404_mic2.flac,p246,0,1,0.31100404262542725,-0.005174474790692329,0.31100404262542725,-0.3161785174161196,2.5955625
base,2,p275_404_mic2,p275,data\VCTK\wav48_silence_trimmed\p275\p275_404_mic2.flac,p246,0,1,0.41260093450546265,0.13452449440956116,0.41260093450546265,-0.2780764400959015,2.5955625
base,3,p275_404_mic2,p275,data\VCTK\wav48_silence_trimmed\p275\p275_404_mic2.flac,p246,0,1,0.3873865604400635,0.13390329480171204,0.3873865604400635,-0.25348326563835144,2.5955625
lca,1,p275_404_mic2,p275,data\VCTK\wav48_silence_trimmed\p275\p275_404_mic2.flac,p271,0,1,0.29891687631607056,-0.0031045451760292053,0.29891687631607056,-0.30202142149209976,2.5955625
lca,2,p275_404_mic2,p275,data\VCTK\wav48_silence_trimmed\p275\p275_404_mic2.flac,p364,0,1,0.3477518856525421,0.10022309422492981,0.3477518856525421,-0.2475287914276123,2.5955625
lca,3,p275_404_mic2,p275,data\VCTK\wav48_silence_trimmed\p275\p275_404_mic2.flac,p271,0,1,0.33392763137817383,0.11340424418449402,0.33392763137817383,-0.2205233871936798,2.5955625
original,0,p276_200_mic2,p276,data\VCTK\wav48_silence_trimmed\p276\p276_200_mic2.flac,p276,1,1,0.7683547735214233,0.7683547735214233,0.5261811017990112,0.2421736717224121,2.98925
base,1,p276_200_mic2,p276,data\VCTK\wav48_silence_trimmed\p276\p276_200_mic2.flac,p264,0,1,0.3328380584716797,0.2675093114376068,0.3328380584716797,-0.06532874703407288,2.98925
base,2,p276_200_mic2,p276,data\VCTK\wav48_silence_trimmed\p276\p276_200_mic2.flac,p293,0,1,0.4221172630786896,0.40530720353126526,0.4221172630786896,-0.016810059547424316,2.98925
base,3,p276_200_mic2,p276,data\VCTK\wav48_silence_trimmed\p276\p276_200_mic2.flac,p276,1,1,0.4727121591567993,0.4727121591567993,0.4411872923374176,0.031524866819381714,2.98925
lca,1,p276_200_mic2,p276,data\VCTK\wav48_silence_trimmed\p276\p276_200_mic2.flac,p257,0,1,0.3660014271736145,0.180172398686409,0.3660014271736145,-0.1858290284872055,2.98925
lca,2,p276_200_mic2,p276,data\VCTK\wav48_silence_trimmed\p276\p276_200_mic2.flac,p257,0,1,0.4872751533985138,0.35405945777893066,0.4872751533985138,-0.13321569561958313,2.98925
lca,3,p276_200_mic2,p276,data\VCTK\wav48_silence_trimmed\p276\p276_200_mic2.flac,p257,0,1,0.5210998058319092,0.4272215664386749,0.5210998058319092,-0.09387823939323425,2.98925
original,0,p276_256_mic2,p276,data\VCTK\wav48_silence_trimmed\p276\p276_256_mic2.flac,p276,1,1,0.8110146522521973,0.8110146522521973,0.5830663442611694,0.22794830799102783,3.9005625
base,1,p276_256_mic2,p276,data\VCTK\wav48_silence_trimmed\p276\p276_256_mic2.flac,p257,0,1,0.4659302532672882,0.31524813175201416,0.4659302532672882,-0.15068212151527405,3.9005625
base,2,p276_256_mic2,p276,data\VCTK\wav48_silence_trimmed\p276\p276_256_mic2.flac,p283,0,1,0.5403010249137878,0.42372313141822815,0.5403010249137878,-0.11657789349555969,3.9005625
base,3,p276_256_mic2,p276,data\VCTK\wav48_silence_trimmed\p276\p276_256_mic2.flac,p283,0,1,0.5594222545623779,0.4831651747226715,0.5594222545623779,-0.07625707983970642,3.9005625
lca,1,p276_256_mic2,p276,data\VCTK\wav48_silence_trimmed\p276\p276_256_mic2.flac,p280,0,1,0.46030235290527344,0.19859573245048523,0.46030235290527344,-0.2617066204547882,3.9005625
lca,2,p276_256_mic2,p276,data\VCTK\wav48_silence_trimmed\p276\p276_256_mic2.flac,p280,0,1,0.5493965148925781,0.2918948233127594,0.5493965148925781,-0.2575016915798187,3.9005625
lca,3,p276_256_mic2,p276,data\VCTK\wav48_silence_trimmed\p276\p276_256_mic2.flac,p280,0,1,0.5473369359970093,0.35945993661880493,0.5473369359970093,-0.18787699937820435,3.9005625
original,0,p276_277_mic2,p276,data\VCTK\wav48_silence_trimmed\p276\p276_277_mic2.flac,p276,1,1,0.7755390405654907,0.7755390405654907,0.4990352988243103,0.2765037417411804,2.7235625
base,1,p276_277_mic2,p276,data\VCTK\wav48_silence_trimmed\p276\p276_277_mic2.flac,p257,0,1,0.4210425913333893,0.19989986717700958,0.4210425913333893,-0.2211427241563797,2.7235625
base,2,p276_277_mic2,p276,data\VCTK\wav48_silence_trimmed\p276\p276_277_mic2.flac,p257,0,1,0.44332265853881836,0.3326583206653595,0.44332265853881836,-0.11066433787345886,2.7235625
base,3,p276_277_mic2,p276,data\VCTK\wav48_silence_trimmed\p276\p276_277_mic2.flac,p283,0,1,0.4417758882045746,0.3910478353500366,0.4417758882045746,-0.050728052854537964,2.7235625
lca,1,p276_277_mic2,p276,data\VCTK\wav48_silence_trimmed\p276\p276_277_mic2.flac,p264,0,1,0.34074684977531433,0.16058306396007538,0.34074684977531433,-0.18016378581523895,2.7235625
lca,2,p276_277_mic2,p276,data\VCTK\wav48_silence_trimmed\p276\p276_277_mic2.flac,p340,0,1,0.42353764176368713,0.3622453212738037,0.42353764176368713,-0.06129232048988342,2.7235625
lca,3,p276_277_mic2,p276,data\VCTK\wav48_silence_trimmed\p276\p276_277_mic2.flac,p266,0,1,0.41022270917892456,0.36045485734939575,0.41022270917892456,-0.04976785182952881,2.7235625
original,0,p276_304_mic2,p276,data\VCTK\wav48_silence_trimmed\p276\p276_304_mic2.flac,p276,1,1,0.8197320699691772,0.8197320699691772,0.47402554750442505,0.3457065224647522,2.8529375
base,1,p276_304_mic2,p276,data\VCTK\wav48_silence_trimmed\p276\p276_304_mic2.flac,p257,0,1,0.4818008542060852,0.3684380352497101,0.4818008542060852,-0.11336281895637512,2.8529375
base,2,p276_304_mic2,p276,data\VCTK\wav48_silence_trimmed\p276\p276_304_mic2.flac,p276,1,1,0.5402690172195435,0.5402690172195435,0.47652631998062134,0.06374269723892212,2.8529375
base,3,p276_304_mic2,p276,data\VCTK\wav48_silence_trimmed\p276\p276_304_mic2.flac,p276,1,1,0.5795003771781921,0.5795003771781921,0.4327359199523926,0.14676445722579956,2.8529375
lca,1,p276_304_mic2,p276,data\VCTK\wav48_silence_trimmed\p276\p276_304_mic2.flac,p280,0,1,0.4211257994174957,0.28422847390174866,0.4211257994174957,-0.13689732551574707,2.8529375
lca,2,p276_304_mic2,p276,data\VCTK\wav48_silence_trimmed\p276\p276_304_mic2.flac,p280,0,1,0.4244534969329834,0.3845963776111603,0.4244534969329834,-0.03985711932182312,2.8529375
lca,3,p276_304_mic2,p276,data\VCTK\wav48_silence_trimmed\p276\p276_304_mic2.flac,p280,0,1,0.4503777027130127,0.4221266508102417,0.4503777027130127,-0.028251051902770996,2.8529375
original,0,p276_397_mic1,p276,data\VCTK\wav48_silence_trimmed\p276\p276_397_mic1.flac,p276,1,1,0.745908796787262,0.745908796787262,0.45044147968292236,0.2954673171043396,3.7940625
base,1,p276_397_mic1,p276,data\VCTK\wav48_silence_trimmed\p276\p276_397_mic1.flac,p257,0,1,0.4249618649482727,0.2583032548427582,0.4249618649482727,-0.16665861010551453,3.7940625
base,2,p276_397_mic1,p276,data\VCTK\wav48_silence_trimmed\p276\p276_397_mic1.flac,p257,0,1,0.38766059279441833,0.3205546736717224,0.38766059279441833,-0.06710591912269592,3.7940625
base,3,p276_397_mic1,p276,data\VCTK\wav48_silence_trimmed\p276\p276_397_mic1.flac,p276,1,1,0.4292065501213074,0.4292065501213074,0.3763786256313324,0.052827924489974976,3.7940625
lca,1,p276_397_mic1,p276,data\VCTK\wav48_silence_trimmed\p276\p276_397_mic1.flac,p280,0,1,0.4044659733772278,0.16688285768032074,0.4044659733772278,-0.23758311569690704,3.7940625
lca,2,p276_397_mic1,p276,data\VCTK\wav48_silence_trimmed\p276\p276_397_mic1.flac,p280,0,1,0.4643593430519104,0.2800165116786957,0.4643593430519104,-0.18434283137321472,3.7940625
lca,3,p276_397_mic1,p276,data\VCTK\wav48_silence_trimmed\p276\p276_397_mic1.flac,p280,0,1,0.4560191035270691,0.33837181329727173,0.4560191035270691,-0.11764729022979736,3.7940625
original,0,p277_083_mic1,p277,data\VCTK\wav48_silence_trimmed\p277\p277_083_mic1.flac,p277,1,1,0.7066434025764465,0.7066434025764465,0.459991991519928,0.24665141105651855,2.8193125
base,1,p277_083_mic1,p277,data\VCTK\wav48_silence_trimmed\p277\p277_083_mic1.flac,p268,0,1,0.3073543608188629,0.2873038649559021,0.3073543608188629,-0.020050495862960815,2.8193125
base,2,p277_083_mic1,p277,data\VCTK\wav48_silence_trimmed\p277\p277_083_mic1.flac,p277,1,1,0.4459099769592285,0.4459099769592285,0.38612449169158936,0.05978548526763916,2.8193125
base,3,p277_083_mic1,p277,data\VCTK\wav48_silence_trimmed\p277\p277_083_mic1.flac,p277,1,1,0.4638824760913849,0.4638824760913849,0.4096338152885437,0.054248660802841187,2.8193125
lca,1,p277_083_mic1,p277,data\VCTK\wav48_silence_trimmed\p277\p277_083_mic1.flac,p280,0,1,0.3897823989391327,0.23486271500587463,0.3897823989391327,-0.15491968393325806,2.8193125
lca,2,p277_083_mic1,p277,data\VCTK\wav48_silence_trimmed\p277\p277_083_mic1.flac,p264,0,1,0.40633678436279297,0.3298882246017456,0.40633678436279297,-0.07644855976104736,2.8193125
lca,3,p277_083_mic1,p277,data\VCTK\wav48_silence_trimmed\p277\p277_083_mic1.flac,p299,0,1,0.3902147114276886,0.3596910238265991,0.3902147114276886,-0.030523687601089478,2.8193125
original,0,p277_198_mic2,p277,data\VCTK\wav48_silence_trimmed\p277\p277_198_mic2.flac,p277,1,1,0.8039435148239136,0.8039435148239136,0.4249380826950073,0.37900543212890625,3.24575
base,1,p277_198_mic2,p277,data\VCTK\wav48_silence_trimmed\p277\p277_198_mic2.flac,p264,0,1,0.4656400680541992,0.31917208433151245,0.4656400680541992,-0.14646798372268677,3.24575
base,2,p277_198_mic2,p277,data\VCTK\wav48_silence_trimmed\p277\p277_198_mic2.flac,p277,1,1,0.5184426307678223,0.5184426307678223,0.47947201132774353,0.038970619440078735,3.24575
base,3,p277_198_mic2,p277,data\VCTK\wav48_silence_trimmed\p277\p277_198_mic2.flac,p277,1,1,0.5451027154922485,0.5451027154922485,0.45940646529197693,0.0856962502002716,3.24575
lca,1,p277_198_mic2,p277,data\VCTK\wav48_silence_trimmed\p277\p277_198_mic2.flac,p264,0,1,0.3887444734573364,0.24041898548603058,0.3887444734573364,-0.14832548797130585,3.24575
lca,2,p277_198_mic2,p277,data\VCTK\wav48_silence_trimmed\p277\p277_198_mic2.flac,p277,1,1,0.4518025517463684,0.4518025517463684,0.44624218344688416,0.005560368299484253,3.24575
lca,3,p277_198_mic2,p277,data\VCTK\wav48_silence_trimmed\p277\p277_198_mic2.flac,p277,1,1,0.4584253132343292,0.4584253132343292,0.45761173963546753,0.0008135735988616943,3.24575
original,0,p277_326_mic2,p277,data\VCTK\wav48_silence_trimmed\p277\p277_326_mic2.flac,p277,1,1,0.7526938915252686,0.7526938915252686,0.3867945373058319,0.36589935421943665,2.2498125
base,1,p277_326_mic2,p277,data\VCTK\wav48_silence_trimmed\p277\p277_326_mic2.flac,p257,0,1,0.3508421778678894,0.24103626608848572,0.3508421778678894,-0.10980591177940369,2.2498125
base,2,p277_326_mic2,p277,data\VCTK\wav48_silence_trimmed\p277\p277_326_mic2.flac,p264,0,1,0.4763687252998352,0.46483004093170166,0.4763687252998352,-0.011538684368133545,2.2498125
base,3,p277_326_mic2,p277,data\VCTK\wav48_silence_trimmed\p277\p277_326_mic2.flac,p277,1,1,0.5209745764732361,0.5209745764732361,0.520646333694458,0.00032824277877807617,2.2498125
lca,1,p277_326_mic2,p277,data\VCTK\wav48_silence_trimmed\p277\p277_326_mic2.flac,p280,0,1,0.2990434467792511,0.23445916175842285,0.2990434467792511,-0.06458428502082825,2.2498125
lca,2,p277_326_mic2,p277,data\VCTK\wav48_silence_trimmed\p277\p277_326_mic2.flac,p277,1,1,0.44835036993026733,0.44835036993026733,0.4062270522117615,0.04212331771850586,2.2498125
lca,3,p277_326_mic2,p277,data\VCTK\wav48_silence_trimmed\p277\p277_326_mic2.flac,p277,1,1,0.46215683221817017,0.46215683221817017,0.4226683974266052,0.03948843479156494,2.2498125
original,0,p277_418_mic1,p277,data\VCTK\wav48_silence_trimmed\p277\p277_418_mic1.flac,p277,1,1,0.7459180355072021,0.7459180355072021,0.45840275287628174,0.2875152826309204,2.47575
base,1,p277_418_mic1,p277,data\VCTK\wav48_silence_trimmed\p277\p277_418_mic1.flac,p264,0,1,0.31568828225135803,0.30179545283317566,0.31568828225135803,-0.013892829418182373,2.47575
base,2,p277_418_mic1,p277,data\VCTK\wav48_silence_trimmed\p277\p277_418_mic1.flac,p277,1,1,0.4423675537109375,0.4423675537109375,0.4330527186393738,0.00931483507156372,2.47575
base,3,p277_418_mic1,p277,data\VCTK\wav48_silence_trimmed\p277\p277_418_mic1.flac,p277,1,1,0.5330753326416016,0.5330753326416016,0.4453886151313782,0.08768671751022339,2.47575
lca,1,p277_418_mic1,p277,data\VCTK\wav48_silence_trimmed\p277\p277_418_mic1.flac,p280,0,1,0.39809930324554443,0.3322233259677887,0.39809930324554443,-0.06587597727775574,2.47575
lca,2,p277_418_mic1,p277,data\VCTK\wav48_silence_trimmed\p277\p277_418_mic1.flac,p280,0,1,0.5548113584518433,0.4021255671977997,0.5548113584518433,-0.15268579125404358,2.47575
lca,3,p277_418_mic1,p277,data\VCTK\wav48_silence_trimmed\p277\p277_418_mic1.flac,p280,0,1,0.4861820936203003,0.41675806045532227,0.4861820936203003,-0.06942403316497803,2.47575
original,0,p277_447_mic1,p277,data\VCTK\wav48_silence_trimmed\p277\p277_447_mic1.flac,p277,1,1,0.7777248620986938,0.7777248620986938,0.463145911693573,0.31457895040512085,3.17325
base,1,p277_447_mic1,p277,data\VCTK\wav48_silence_trimmed\p277\p277_447_mic1.flac,p262,0,1,0.332381010055542,0.32532644271850586,0.332381010055542,-0.007054567337036133,3.17325
base,2,p277_447_mic1,p277,data\VCTK\wav48_silence_trimmed\p277\p277_447_mic1.flac,p277,1,1,0.4912281036376953,0.4912281036376953,0.3850804269313812,0.10614767670631409,3.17325
base,3,p277_447_mic1,p277,data\VCTK\wav48_silence_trimmed\p277\p277_447_mic1.flac,p277,1,1,0.485115647315979,0.485115647315979,0.38721764087677,0.09789800643920898,3.17325
lca,1,p277_447_mic1,p277,data\VCTK\wav48_silence_trimmed\p277\p277_447_mic1.flac,p261,0,1,0.3139762282371521,0.20508277416229248,0.3139762282371521,-0.10889345407485962,3.17325
lca,2,p277_447_mic1,p277,data\VCTK\wav48_silence_trimmed\p277\p277_447_mic1.flac,p262,0,1,0.4407294988632202,0.3770454227924347,0.4407294988632202,-0.06368407607078552,3.17325
lca,3,p277_447_mic1,p277,data\VCTK\wav48_silence_trimmed\p277\p277_447_mic1.flac,p262,0,1,0.38916611671447754,0.38505205512046814,0.38916611671447754,-0.004114061594009399,3.17325
original,0,p278_118_mic1,p278,data\VCTK\wav48_silence_trimmed\p278\p278_118_mic1.flac,p278,1,1,0.8389432430267334,0.8389432430267334,0.4618455469608307,0.3770976960659027,5.14525
base,1,p278_118_mic1,p278,data\VCTK\wav48_silence_trimmed\p278\p278_118_mic1.flac,p292,0,1,0.3477209210395813,0.28675827383995056,0.3477209210395813,-0.06096264719963074,5.14525
base,2,p278_118_mic1,p278,data\VCTK\wav48_silence_trimmed\p278\p278_118_mic1.flac,p278,1,1,0.46350061893463135,0.46350061893463135,0.4541511535644531,0.009349465370178223,5.14525
base,3,p278_118_mic1,p278,data\VCTK\wav48_silence_trimmed\p278\p278_118_mic1.flac,p278,1,1,0.5706005096435547,0.5706005096435547,0.42359673976898193,0.14700376987457275,5.14525
lca,1,p278_118_mic1,p278,data\VCTK\wav48_silence_trimmed\p278\p278_118_mic1.flac,p364,0,1,0.3253976106643677,0.17477041482925415,0.3253976106643677,-0.15062719583511353,5.14525
lca,2,p278_118_mic1,p278,data\VCTK\wav48_silence_trimmed\p278\p278_118_mic1.flac,p364,0,1,0.37763872742652893,0.282087504863739,0.37763872742652893,-0.09555122256278992,5.14525
lca,3,p278_118_mic1,p278,data\VCTK\wav48_silence_trimmed\p278\p278_118_mic1.flac,p271,0,1,0.40603774785995483,0.33394432067871094,0.40603774785995483,-0.0720934271812439,5.14525
original,0,p278_124_mic1,p278,data\VCTK\wav48_silence_trimmed\p278\p278_124_mic1.flac,p278,1,1,0.7690640091896057,0.7690640091896057,0.39714670181274414,0.3719173073768616,2.716625
base,1,p278_124_mic1,p278,data\VCTK\wav48_silence_trimmed\p278\p278_124_mic1.flac,p374,0,1,0.34752339124679565,0.309283971786499,0.34752339124679565,-0.03823941946029663,2.716625
base,2,p278_124_mic1,p278,data\VCTK\wav48_silence_trimmed\p278\p278_124_mic1.flac,p278,1,1,0.42632001638412476,0.42632001638412476,0.32068026065826416,0.1056397557258606,2.716625
base,3,p278_124_mic1,p278,data\VCTK\wav48_silence_trimmed\p278\p278_124_mic1.flac,p278,1,1,0.47147056460380554,0.47147056460380554,0.41254723072052,0.05892333388328552,2.716625
lca,1,p278_124_mic1,p278,data\VCTK\wav48_silence_trimmed\p278\p278_124_mic1.flac,p281,0,1,0.3339994549751282,0.20731115341186523,0.3339994549751282,-0.12668830156326294,2.716625
lca,2,p278_124_mic1,p278,data\VCTK\wav48_silence_trimmed\p278\p278_124_mic1.flac,p281,0,1,0.33423033356666565,0.2489670366048813,0.33423033356666565,-0.08526329696178436,2.716625
lca,3,p278_124_mic1,p278,data\VCTK\wav48_silence_trimmed\p278\p278_124_mic1.flac,p278,1,1,0.35714277625083923,0.35714277625083923,0.355737566947937,0.0014052093029022217,2.716625
original,0,p278_139_mic1,p278,data\VCTK\wav48_silence_trimmed\p278\p278_139_mic1.flac,p278,1,1,0.7795313000679016,0.7795313000679016,0.483340859413147,0.29619044065475464,3.1341875
base,1,p278_139_mic1,p278,data\VCTK\wav48_silence_trimmed\p278\p278_139_mic1.flac,p360,0,1,0.2593068480491638,0.1786244660615921,0.2593068480491638,-0.08068238198757172,3.1341875
base,2,p278_139_mic1,p278,data\VCTK\wav48_silence_trimmed\p278\p278_139_mic1.flac,p226,0,1,0.35082530975341797,0.2595500349998474,0.35082530975341797,-0.09127527475357056,3.1341875
base,3,p278_139_mic1,p278,data\VCTK\wav48_silence_trimmed\p278\p278_139_mic1.flac,p311,0,1,0.38583117723464966,0.2836287021636963,0.38583117723464966,-0.10220247507095337,3.1341875
lca,1,p278_139_mic1,p278,data\VCTK\wav48_silence_trimmed\p278\p278_139_mic1.flac,p364,0,1,0.3152761459350586,0.13535450398921967,0.3152761459350586,-0.17992164194583893,3.1341875
lca,2,p278_139_mic1,p278,data\VCTK\wav48_silence_trimmed\p278\p278_139_mic1.flac,p281,0,1,0.3756415843963623,0.1617230474948883,0.3756415843963623,-0.213918536901474,3.1341875
lca,3,p278_139_mic1,p278,data\VCTK\wav48_silence_trimmed\p278\p278_139_mic1.flac,p271,0,1,0.4007095694541931,0.18466898798942566,0.4007095694541931,-0.21604058146476746,3.1341875
original,0,p278_224_mic1,p278,data\VCTK\wav48_silence_trimmed\p278\p278_224_mic1.flac,p278,1,1,0.736585259437561,0.736585259437561,0.3912440538406372,0.34534120559692383,2.6793125
base,1,p278_224_mic1,p278,data\VCTK\wav48_silence_trimmed\p278\p278_224_mic1.flac,p271,0,1,0.3060719966888428,0.22039327025413513,0.3060719966888428,-0.08567872643470764,2.6793125
base,2,p278_224_mic1,p278,data\VCTK\wav48_silence_trimmed\p278\p278_224_mic1.flac,p271,0,1,0.3307926058769226,0.2707374691963196,0.3307926058769226,-0.06005513668060303,2.6793125
base,3,p278_224_mic1,p278,data\VCTK\wav48_silence_trimmed\p278\p278_224_mic1.flac,p278,1,1,0.4129984378814697,0.4129984378814697,0.367141455411911,0.045856982469558716,2.6793125
lca,1,p278_224_mic1,p278,data\VCTK\wav48_silence_trimmed\p278\p278_224_mic1.flac,p281,0,1,0.32005253434181213,0.11006927490234375,0.32005253434181213,-0.20998325943946838,2.6793125
lca,2,p278_224_mic1,p278,data\VCTK\wav48_silence_trimmed\p278\p278_224_mic1.flac,p271,0,1,0.42041319608688354,0.2456187903881073,0.42041319608688354,-0.17479440569877625,2.6793125
lca,3,p278_224_mic1,p278,data\VCTK\wav48_silence_trimmed\p278\p278_224_mic1.flac,p271,0,1,0.357241690158844,0.3118494749069214,0.357241690158844,-0.04539221525192261,2.6793125
original,0,p278_298_mic2,p278,data\VCTK\wav48_silence_trimmed\p278\p278_298_mic2.flac,p278,1,1,0.6994463205337524,0.6994463205337524,0.340802937746048,0.35864338278770447,4.626
base,1,p278_298_mic2,p278,data\VCTK\wav48_silence_trimmed\p278\p278_298_mic2.flac,p364,0,1,0.2812536954879761,0.13696880638599396,0.2812536954879761,-0.14428488910198212,4.626
base,2,p278_298_mic2,p278,data\VCTK\wav48_silence_trimmed\p278\p278_298_mic2.flac,p311,0,1,0.4612019658088684,0.1800892949104309,0.4612019658088684,-0.2811126708984375,4.626
base,3,p278_298_mic2,p278,data\VCTK\wav48_silence_trimmed\p278\p278_298_mic2.flac,p271,0,1,0.4630870521068573,0.2949770390987396,0.4630870521068573,-0.16811001300811768,4.626
lca,1,p278_298_mic2,p278,data\VCTK\wav48_silence_trimmed\p278\p278_298_mic2.flac,p281,0,1,0.3666495680809021,0.016896508634090424,0.3666495680809021,-0.3497530594468117,4.626
lca,2,p278_298_mic2,p278,data\VCTK\wav48_silence_trimmed\p278\p278_298_mic2.flac,p281,0,1,0.40296196937561035,0.16468524932861328,0.40296196937561035,-0.23827672004699707,4.626
lca,3,p278_298_mic2,p278,data\VCTK\wav48_silence_trimmed\p278\p278_298_mic2.flac,p281,0,1,0.46943315863609314,0.1664045751094818,0.46943315863609314,-0.30302858352661133,4.626
original,0,p279_053_mic2,p279,data\VCTK\wav48_silence_trimmed\p279\p279_053_mic2.flac,p279,1,1,0.5674045085906982,0.5674045085906982,0.381222665309906,0.18618184328079224,1.622625
base,1,p279_053_mic2,p279,data\VCTK\wav48_silence_trimmed\p279\p279_053_mic2.flac,p281,0,1,0.3276813328266144,0.1701916754245758,0.3276813328266144,-0.15748965740203857,1.622625
base,2,p279_053_mic2,p279,data\VCTK\wav48_silence_trimmed\p279\p279_053_mic2.flac,p258,0,1,0.32148462533950806,0.25467953085899353,0.32148462533950806,-0.06680509448051453,1.622625
base,3,p279_053_mic2,p279,data\VCTK\wav48_silence_trimmed\p279\p279_053_mic2.flac,p271,0,1,0.3404483199119568,0.31835031509399414,0.3404483199119568,-0.022098004817962646,1.622625
lca,1,p279_053_mic2,p279,data\VCTK\wav48_silence_trimmed\p279\p279_053_mic2.flac,p339,0,0,0.22990810871124268,0.0859128087759018,0.22990810871124268,-0.14399529993534088,1.622625
lca,2,p279_053_mic2,p279,data\VCTK\wav48_silence_trimmed\p279\p279_053_mic2.flac,p226,0,1,0.339132696390152,0.2710578441619873,0.339132696390152,-0.06807485222816467,1.622625
lca,3,p279_053_mic2,p279,data\VCTK\wav48_silence_trimmed\p279\p279_053_mic2.flac,p347,0,1,0.28523707389831543,0.18334022164344788,0.28523707389831543,-0.10189685225486755,1.622625
original,0,p279_190_mic2,p279,data\VCTK\wav48_silence_trimmed\p279\p279_190_mic2.flac,p279,1,1,0.6321660280227661,0.6321660280227661,0.3859497010707855,0.2462163269519806,3.4580625
base,1,p279_190_mic2,p279,data\VCTK\wav48_silence_trimmed\p279\p279_190_mic2.flac,p360,0,1,0.3343544900417328,0.2911263108253479,0.3343544900417328,-0.04322817921638489,3.4580625
base,2,p279_190_mic2,p279,data\VCTK\wav48_silence_trimmed\p279\p279_190_mic2.flac,p243,0,1,0.3977087736129761,0.32204049825668335,0.3977087736129761,-0.07566827535629272,3.4580625
base,3,p279_190_mic2,p279,data\VCTK\wav48_silence_trimmed\p279\p279_190_mic2.flac,p243,0,1,0.3821669816970825,0.37219080328941345,0.3821669816970825,-0.009976178407669067,3.4580625
lca,1,p279_190_mic2,p279,data\VCTK\wav48_silence_trimmed\p279\p279_190_mic2.flac,p281,0,1,0.2877606749534607,0.18263109028339386,0.2877606749534607,-0.10512958467006683,3.4580625
lca,2,p279_190_mic2,p279,data\VCTK\wav48_silence_trimmed\p279\p279_190_mic2.flac,p226,0,1,0.3537837862968445,0.2898089289665222,0.3537837862968445,-0.06397485733032227,3.4580625
lca,3,p279_190_mic2,p279,data\VCTK\wav48_silence_trimmed\p279\p279_190_mic2.flac,p259,0,1,0.3272671103477478,0.31291696429252625,0.3272671103477478,-0.014350146055221558,3.4580625
original,0,p279_207_mic1,p279,data\VCTK\wav48_silence_trimmed\p279\p279_207_mic1.flac,p279,1,1,0.7327656745910645,0.7327656745910645,0.30380022525787354,0.4289654493331909,4.2893125
base,1,p279_207_mic1,p279,data\VCTK\wav48_silence_trimmed\p279\p279_207_mic1.flac,p374,0,1,0.3400859832763672,0.19134487211704254,0.3400859832763672,-0.14874111115932465,4.2893125
base,2,p279_207_mic1,p279,data\VCTK\wav48_silence_trimmed\p279\p279_207_mic1.flac,p302,0,1,0.3655516803264618,0.31278157234191895,0.3655516803264618,-0.05277010798454285,4.2893125
base,3,p279_207_mic1,p279,data\VCTK\wav48_silence_trimmed\p279\p279_207_mic1.flac,p279,1,1,0.37083929777145386,0.37083929777145386,0.3535515367984772,0.017287760972976685,4.2893125
lca,1,p279_207_mic1,p279,data\VCTK\wav48_silence_trimmed\p279\p279_207_mic1.flac,p311,0,1,0.2813495397567749,0.1182786300778389,0.2813495397567749,-0.163070909678936,4.2893125
lca,2,p279_207_mic1,p279,data\VCTK\wav48_silence_trimmed\p279\p279_207_mic1.flac,p311,0,1,0.326423704624176,0.21678750216960907,0.326423704624176,-0.10963620245456696,4.2893125
lca,3,p279_207_mic1,p279,data\VCTK\wav48_silence_trimmed\p279\p279_207_mic1.flac,p271,0,1,0.33466804027557373,0.23750945925712585,0.33466804027557373,-0.09715858101844788,4.2893125
original,0,p279_284_mic2,p279,data\VCTK\wav48_silence_trimmed\p279\p279_284_mic2.flac,p279,1,1,0.4333479404449463,0.4333479404449463,0.3326161503791809,0.10073179006576538,2.909375
base,1,p279_284_mic2,p279,data\VCTK\wav48_silence_trimmed\p279\p279_284_mic2.flac,p302,0,1,0.3418472111225128,0.16860654950141907,0.3418472111225128,-0.17324066162109375,2.909375
base,2,p279_284_mic2,p279,data\VCTK\wav48_silence_trimmed\p279\p279_284_mic2.flac,p226,0,1,0.3901512026786804,0.15423178672790527,0.3901512026786804,-0.23591941595077515,2.909375
base,3,p279_284_mic2,p279,data\VCTK\wav48_silence_trimmed\p279\p279_284_mic2.flac,p298,0,1,0.3907105028629303,0.16460144519805908,0.3907105028629303,-0.22610905766487122,2.909375
lca,1,p279_284_mic2,p279,data\VCTK\wav48_silence_trimmed\p279\p279_284_mic2.flac,p364,0,1,0.3299703299999237,0.16967636346817017,0.3299703299999237,-0.16029396653175354,2.909375
lca,2,p279_284_mic2,p279,data\VCTK\wav48_silence_trimmed\p279\p279_284_mic2.flac,p226,0,1,0.37877756357192993,0.09533539414405823,0.37877756357192993,-0.2834421694278717,2.909375
lca,3,p279_284_mic2,p279,data\VCTK\wav48_silence_trimmed\p279\p279_284_mic2.flac,p259,0,1,0.4090191423892975,0.11009995639324188,0.4090191423892975,-0.2989191859960556,2.909375
original,0,p279_339_mic2,p279,data\VCTK\wav48_silence_trimmed\p279\p279_339_mic2.flac,p279,1,1,0.42305928468704224,0.42305928468704224,0.3792405128479004,0.043818771839141846,2.5349375
base,1,p279_339_mic2,p279,data\VCTK\wav48_silence_trimmed\p279\p279_339_mic2.flac,p374,0,1,0.382962167263031,0.21818339824676514,0.382962167263031,-0.16477876901626587,2.5349375
base,2,p279_339_mic2,p279,data\VCTK\wav48_silence_trimmed\p279\p279_339_mic2.flac,p374,0,1,0.3504282236099243,0.22293654084205627,0.3504282236099243,-0.12749168276786804,2.5349375
base,3,p279_339_mic2,p279,data\VCTK\wav48_silence_trimmed\p279\p279_339_mic2.flac,p374,0,1,0.3688778281211853,0.21652203798294067,0.3688778281211853,-0.15235579013824463,2.5349375
lca,1,p279_339_mic2,p279,data\VCTK\wav48_silence_trimmed\p279\p279_339_mic2.flac,p374,0,1,0.3843126893043518,0.11133825033903122,0.3843126893043518,-0.2729744389653206,2.5349375
lca,2,p279_339_mic2,p279,data\VCTK\wav48_silence_trimmed\p279\p279_339_mic2.flac,p281,0,1,0.27997928857803345,0.12236680090427399,0.27997928857803345,-0.15761248767375946,2.5349375
lca,3,p279_339_mic2,p279,data\VCTK\wav48_silence_trimmed\p279\p279_339_mic2.flac,p226,0,1,0.3359015882015228,0.1367860585451126,0.3359015882015228,-0.19911552965641022,2.5349375
original,0,p280_009_mic1,p280,data\VCTK\wav48_silence_trimmed\p280\p280_009_mic1.flac,p280,1,1,0.8270484209060669,0.8270484209060669,0.5559754371643066,0.27107298374176025,5.182
base,1,p280_009_mic1,p280,data\VCTK\wav48_silence_trimmed\p280\p280_009_mic1.flac,p257,0,1,0.44479498267173767,0.4051440954208374,0.44479498267173767,-0.03965088725090027,5.182
base,2,p280_009_mic1,p280,data\VCTK\wav48_silence_trimmed\p280\p280_009_mic1.flac,p280,1,1,0.5634783506393433,0.5634783506393433,0.5455800294876099,0.0178983211517334,5.182
base,3,p280_009_mic1,p280,data\VCTK\wav48_silence_trimmed\p280\p280_009_mic1.flac,p280,1,1,0.6273394823074341,0.6273394823074341,0.5832823514938354,0.04405713081359863,5.182
lca,1,p280_009_mic1,p280,data\VCTK\wav48_silence_trimmed\p280\p280_009_mic1.flac,p280,1,1,0.4721807539463043,0.4721807539463043,0.3989797532558441,0.0732010006904602,5.182
lca,2,p280_009_mic1,p280,data\VCTK\wav48_silence_trimmed\p280\p280_009_mic1.flac,p280,1,1,0.6067268252372742,0.6067268252372742,0.46906131505966187,0.1376655101776123,5.182
lca,3,p280_009_mic1,p280,data\VCTK\wav48_silence_trimmed\p280\p280_009_mic1.flac,p280,1,1,0.6445958614349365,0.6445958614349365,0.5084587335586548,0.13613712787628174,5.182
original,0,p280_220_mic1,p280,data\VCTK\wav48_silence_trimmed\p280\p280_220_mic1.flac,p280,1,1,0.7668891549110413,0.7668891549110413,0.51275634765625,0.25413280725479126,3.56375
base,1,p280_220_mic1,p280,data\VCTK\wav48_silence_trimmed\p280\p280_220_mic1.flac,p257,0,1,0.4058797359466553,0.34854549169540405,0.4058797359466553,-0.05733424425125122,3.56375
base,2,p280_220_mic1,p280,data\VCTK\wav48_silence_trimmed\p280\p280_220_mic1.flac,p257,0,1,0.4498809576034546,0.4484519362449646,0.4498809576034546,-0.0014290213584899902,3.56375
base,3,p280_220_mic1,p280,data\VCTK\wav48_silence_trimmed\p280\p280_220_mic1.flac,p257,0,1,0.49594825506210327,0.47888463735580444,0.49594825506210327,-0.017063617706298828,3.56375
lca,1,p280_220_mic1,p280,data\VCTK\wav48_silence_trimmed\p280\p280_220_mic1.flac,p293,0,1,0.40018874406814575,0.3976083993911743,0.40018874406814575,-0.0025803446769714355,3.56375
lca,2,p280_220_mic1,p280,data\VCTK\wav48_silence_trimmed\p280\p280_220_mic1.flac,p280,1,1,0.49773502349853516,0.49773502349853516,0.4493473768234253,0.04838764667510986,3.56375
lca,3,p280_220_mic1,p280,data\VCTK\wav48_silence_trimmed\p280\p280_220_mic1.flac,p280,1,1,0.554286003112793,0.554286003112793,0.4651198387145996,0.08916616439819336,3.56375
original,0,p280_271_mic1,p280,data\VCTK\wav48_silence_trimmed\p280\p280_271_mic1.flac,p280,1,1,0.7819409370422363,0.7819409370422363,0.5673642158508301,0.21457672119140625,3.1866875
base,1,p280_271_mic1,p280,data\VCTK\wav48_silence_trimmed\p280\p280_271_mic1.flac,p280,1,1,0.45284074544906616,0.45284074544906616,0.43118348717689514,0.02165725827217102,3.1866875
base,2,p280_271_mic1,p280,data\VCTK\wav48_silence_trimmed\p280\p280_271_mic1.flac,p280,1,1,0.573781430721283,0.573781430721283,0.5674235820770264,0.006357848644256592,3.1866875
base,3,p280_271_mic1,p280,data\VCTK\wav48_silence_trimmed\p280\p280_271_mic1.flac,p280,1,1,0.5889776945114136,0.5889776945114136,0.5511505603790283,0.037827134132385254,3.1866875
lca,1,p280_271_mic1,p280,data\VCTK\wav48_silence_trimmed\p280\p280_271_mic1.flac,p280,1,1,0.4858425259590149,0.4858425259590149,0.45631682872772217,0.029525697231292725,3.1866875
lca,2,p280_271_mic1,p280,data\VCTK\wav48_silence_trimmed\p280\p280_271_mic1.flac,p280,1,1,0.6143383979797363,0.6143383979797363,0.47399020195007324,0.14034819602966309,3.1866875
lca,3,p280_271_mic1,p280,data\VCTK\wav48_silence_trimmed\p280\p280_271_mic1.flac,p280,1,1,0.6466741561889648,0.6466741561889648,0.49053147435188293,0.1561426818370819,3.1866875
original,0,p280_326_mic1,p280,data\VCTK\wav48_silence_trimmed\p280\p280_326_mic1.flac,p280,1,1,0.8486895561218262,0.8486895561218262,0.49679696559906006,0.3518925905227661,4.023875
base,1,p280_326_mic1,p280,data\VCTK\wav48_silence_trimmed\p280\p280_326_mic1.flac,p257,0,1,0.40865814685821533,0.34543436765670776,0.40865814685821533,-0.06322377920150757,4.023875
base,2,p280_326_mic1,p280,data\VCTK\wav48_silence_trimmed\p280\p280_326_mic1.flac,p257,0,1,0.531197190284729,0.4814727306365967,0.531197190284729,-0.049724459648132324,4.023875
base,3,p280_326_mic1,p280,data\VCTK\wav48_silence_trimmed\p280\p280_326_mic1.flac,p280,1,1,0.5543436408042908,0.5543436408042908,0.5404883027076721,0.013855338096618652,4.023875
lca,1,p280_326_mic1,p280,data\VCTK\wav48_silence_trimmed\p280\p280_326_mic1.flac,p280,1,1,0.46640121936798096,0.46640121936798096,0.43004631996154785,0.036354899406433105,4.023875
lca,2,p280_326_mic1,p280,data\VCTK\wav48_silence_trimmed\p280\p280_326_mic1.flac,p280,1,1,0.5485737919807434,0.5485737919807434,0.4060073792934418,0.14256641268730164,4.023875
lca,3,p280_326_mic1,p280,data\VCTK\wav48_silence_trimmed\p280\p280_326_mic1.flac,p280,1,1,0.6131851077079773,0.6131851077079773,0.4355212450027466,0.1776638627052307,4.023875
original,0,p280_402_mic1,p280,data\VCTK\wav48_silence_trimmed\p280\p280_402_mic1.flac,p280,1,1,0.8432308435440063,0.8432308435440063,0.5059043765068054,0.3373264670372009,4.4428125
base,1,p280_402_mic1,p280,data\VCTK\wav48_silence_trimmed\p280\p280_402_mic1.flac,p301,0,1,0.37293341755867004,0.30827462673187256,0.37293341755867004,-0.06465879082679749,4.4428125
base,2,p280_402_mic1,p280,data\VCTK\wav48_silence_trimmed\p280\p280_402_mic1.flac,p231,0,1,0.5125082731246948,0.4373994469642639,0.5125082731246948,-0.07510882616043091,4.4428125
base,3,p280_402_mic1,p280,data\VCTK\wav48_silence_trimmed\p280\p280_402_mic1.flac,p231,0,1,0.6022340059280396,0.5256090760231018,0.6022340059280396,-0.07662492990493774,4.4428125
lca,1,p280_402_mic1,p280,data\VCTK\wav48_silence_trimmed\p280\p280_402_mic1.flac,p280,1,1,0.45148080587387085,0.45148080587387085,0.40732505917549133,0.04415574669837952,4.4428125
lca,2,p280_402_mic1,p280,data\VCTK\wav48_silence_trimmed\p280\p280_402_mic1.flac,p280,1,1,0.5209187865257263,0.5209187865257263,0.4935340881347656,0.027384698390960693,4.4428125
lca,3,p280_402_mic1,p280,data\VCTK\wav48_silence_trimmed\p280\p280_402_mic1.flac,p280,1,1,0.5551155805587769,0.5551155805587769,0.4967777132987976,0.05833786725997925,4.4428125
original,0,p281_177_mic1,p281,data\VCTK\wav48_silence_trimmed\p281\p281_177_mic1.flac,p281,1,1,0.7395821809768677,0.7395821809768677,0.34045833349227905,0.3991238474845886,3.2133125
base,1,p281_177_mic1,p281,data\VCTK\wav48_silence_trimmed\p281\p281_177_mic1.flac,p364,0,1,0.2717374563217163,0.16735264658927917,0.2717374563217163,-0.10438480973243713,3.2133125
base,2,p281_177_mic1,p281,data\VCTK\wav48_silence_trimmed\p281\p281_177_mic1.flac,p281,1,1,0.391962468624115,0.391962468624115,0.37518227100372314,0.016780197620391846,3.2133125
base,3,p281_177_mic1,p281,data\VCTK\wav48_silence_trimmed\p281\p281_177_mic1.flac,p281,1,1,0.44398120045661926,0.44398120045661926,0.42037278413772583,0.023608416318893433,3.2133125
lca,1,p281_177_mic1,p281,data\VCTK\wav48_silence_trimmed\p281\p281_177_mic1.flac,p364,0,1,0.3378536105155945,0.25608551502227783,0.3378536105155945,-0.08176809549331665,3.2133125
lca,2,p281_177_mic1,p281,data\VCTK\wav48_silence_trimmed\p281\p281_177_mic1.flac,p281,1,1,0.38340893387794495,0.38340893387794495,0.3270481824874878,0.05636075139045715,3.2133125
lca,3,p281_177_mic1,p281,data\VCTK\wav48_silence_trimmed\p281\p281_177_mic1.flac,p281,1,1,0.47196370363235474,0.47196370363235474,0.37142425775527954,0.1005394458770752,3.2133125
original,0,p281_201_mic1,p281,data\VCTK\wav48_silence_trimmed\p281\p281_201_mic1.flac,p281,1,1,0.676876425743103,0.676876425743103,0.3530154824256897,0.32386094331741333,5.3804375
base,1,p281_201_mic1,p281,data\VCTK\wav48_silence_trimmed\p281\p281_201_mic1.flac,p364,0,1,0.2973331809043884,0.23204517364501953,0.2973331809043884,-0.0652880072593689,5.3804375
base,2,p281_201_mic1,p281,data\VCTK\wav48_silence_trimmed\p281\p281_201_mic1.flac,p281,1,1,0.4014461636543274,0.4014461636543274,0.3328099250793457,0.06863623857498169,5.3804375
base,3,p281_201_mic1,p281,data\VCTK\wav48_silence_trimmed\p281\p281_201_mic1.flac,p281,1,1,0.4557249844074249,0.4557249844074249,0.37420690059661865,0.08151808381080627,5.3804375
lca,1,p281_201_mic1,p281,data\VCTK\wav48_silence_trimmed\p281\p281_201_mic1.flac,p281,1,1,0.38293033838272095,0.38293033838272095,0.3550894856452942,0.027840852737426758,5.3804375
lca,2,p281_201_mic1,p281,data\VCTK\wav48_silence_trimmed\p281\p281_201_mic1.flac,p281,1,1,0.4533379375934601,0.4533379375934601,0.3007009029388428,0.1526370346546173,5.3804375
lca,3,p281_201_mic1,p281,data\VCTK\wav48_silence_trimmed\p281\p281_201_mic1.flac,p281,1,1,0.46717265248298645,0.46717265248298645,0.2858915627002716,0.18128108978271484,5.3804375
original,0,p281_315_mic2,p281,data\VCTK\wav48_silence_trimmed\p281\p281_315_mic2.flac,p281,1,1,0.6530742645263672,0.6530742645263672,0.5511147975921631,0.1019594669342041,2.808375
base,1,p281_315_mic2,p281,data\VCTK\wav48_silence_trimmed\p281\p281_315_mic2.flac,p360,0,1,0.35589975118637085,0.218657448887825,0.35589975118637085,-0.13724230229854584,2.808375
base,2,p281_315_mic2,p281,data\VCTK\wav48_silence_trimmed\p281\p281_315_mic2.flac,p347,0,1,0.3561863303184509,0.2502936124801636,0.3561863303184509,-0.10589271783828735,2.808375
base,3,p281_315_mic2,p281,data\VCTK\wav48_silence_trimmed\p281\p281_315_mic2.flac,p281,1,1,0.3445311188697815,0.3445311188697815,0.3113322854042053,0.03319883346557617,2.808375
lca,1,p281_315_mic2,p281,data\VCTK\wav48_silence_trimmed\p281\p281_315_mic2.flac,p313,0,1,0.30341845750808716,0.22270922362804413,0.30341845750808716,-0.08070923388004303,2.808375
lca,2,p281_315_mic2,p281,data\VCTK\wav48_silence_trimmed\p281\p281_315_mic2.flac,p281,1,1,0.42954176664352417,0.42954176664352417,0.33634325861930847,0.0931985080242157,2.808375
lca,3,p281_315_mic2,p281,data\VCTK\wav48_silence_trimmed\p281\p281_315_mic2.flac,p281,1,1,0.46407321095466614,0.46407321095466614,0.2930957078933716,0.17097750306129456,2.808375
original,0,p281_331_mic1,p281,data\VCTK\wav48_silence_trimmed\p281\p281_331_mic1.flac,p281,1,1,0.6932773590087891,0.6932773590087891,0.4542785882949829,0.23899877071380615,4.461875
base,1,p281_331_mic1,p281,data\VCTK\wav48_silence_trimmed\p281\p281_331_mic1.flac,p316,0,1,0.2542954087257385,0.23974376916885376,0.2542954087257385,-0.014551639556884766,4.461875
base,2,p281_331_mic1,p281,data\VCTK\wav48_silence_trimmed\p281\p281_331_mic1.flac,p281,1,1,0.3984330892562866,0.3984330892562866,0.3784262537956238,0.020006835460662842,4.461875
base,3,p281_331_mic1,p281,data\VCTK\wav48_silence_trimmed\p281\p281_331_mic1.flac,p281,1,1,0.47041481733322144,0.47041481733322144,0.4674753248691559,0.0029394924640655518,4.461875
lca,1,p281_331_mic1,p281,data\VCTK\wav48_silence_trimmed\p281\p281_331_mic1.flac,p311,0,1,0.2880270183086395,0.23284253478050232,0.2880270183086395,-0.05518448352813721,4.461875
lca,2,p281_331_mic1,p281,data\VCTK\wav48_silence_trimmed\p281\p281_331_mic1.flac,p311,0,1,0.3422459363937378,0.32841208577156067,0.3422459363937378,-0.013833850622177124,4.461875
lca,3,p281_331_mic1,p281,data\VCTK\wav48_silence_trimmed\p281\p281_331_mic1.flac,p281,1,1,0.36952829360961914,0.36952829360961914,0.33995816111564636,0.02957013249397278,4.461875
original,0,p281_384_mic2,p281,data\VCTK\wav48_silence_trimmed\p281\p281_384_mic2.flac,p281,1,1,0.7546805143356323,0.7546805143356323,0.4361250400543213,0.31855547428131104,3.4435625
base,1,p281_384_mic2,p281,data\VCTK\wav48_silence_trimmed\p281\p281_384_mic2.flac,p364,0,1,0.3577019274234772,0.24565094709396362,0.3577019274234772,-0.11205098032951355,3.4435625
base,2,p281_384_mic2,p281,data\VCTK\wav48_silence_trimmed\p281\p281_384_mic2.flac,p281,1,1,0.4327550530433655,0.4327550530433655,0.3918691873550415,0.040885865688323975,3.4435625
base,3,p281_384_mic2,p281,data\VCTK\wav48_silence_trimmed\p281\p281_384_mic2.flac,p281,1,1,0.576765775680542,0.576765775680542,0.4168405830860138,0.1599251925945282,3.4435625
lca,1,p281_384_mic2,p281,data\VCTK\wav48_silence_trimmed\p281\p281_384_mic2.flac,p271,0,1,0.29975998401641846,0.25826507806777954,0.29975998401641846,-0.041494905948638916,3.4435625
lca,2,p281_384_mic2,p281,data\VCTK\wav48_silence_trimmed\p281\p281_384_mic2.flac,p271,0,1,0.33981984853744507,0.33146852254867554,0.33981984853744507,-0.008351325988769531,3.4435625
lca,3,p281_384_mic2,p281,data\VCTK\wav48_silence_trimmed\p281\p281_384_mic2.flac,p281,1,1,0.4282819628715515,0.4282819628715515,0.3524751365184784,0.07580682635307312,3.4435625
original,0,p282_006_mic2,p282,data\VCTK\wav48_silence_trimmed\p282\p282_006_mic2.flac,p282,1,1,0.8357119560241699,0.8357119560241699,0.503697395324707,0.3320145606994629,4.90025
base,1,p282_006_mic2,p282,data\VCTK\wav48_silence_trimmed\p282\p282_006_mic2.flac,p293,0,1,0.3930702209472656,0.10983850806951523,0.3930702209472656,-0.2832317128777504,4.90025
base,2,p282_006_mic2,p282,data\VCTK\wav48_silence_trimmed\p282\p282_006_mic2.flac,p293,0,1,0.45779168605804443,0.30945250391960144,0.45779168605804443,-0.148339182138443,4.90025
base,3,p282_006_mic2,p282,data\VCTK\wav48_silence_trimmed\p282\p282_006_mic2.flac,p233,0,1,0.48725372552871704,0.35098856687545776,0.48725372552871704,-0.13626515865325928,4.90025
lca,1,p282_006_mic2,p282,data\VCTK\wav48_silence_trimmed\p282\p282_006_mic2.flac,p293,0,1,0.4391624629497528,0.1779589205980301,0.4391624629497528,-0.2612035423517227,4.90025
lca,2,p282_006_mic2,p282,data\VCTK\wav48_silence_trimmed\p282\p282_006_mic2.flac,p293,0,1,0.4705992043018341,0.21713155508041382,0.4705992043018341,-0.2534676492214203,4.90025
lca,3,p282_006_mic2,p282,data\VCTK\wav48_silence_trimmed\p282\p282_006_mic2.flac,p280,0,1,0.49161386489868164,0.326576828956604,0.49161386489868164,-0.16503703594207764,4.90025
original,0,p282_198_mic2,p282,data\VCTK\wav48_silence_trimmed\p282\p282_198_mic2.flac,p282,1,1,0.5781736373901367,0.5781736373901367,0.49086910486221313,0.08730453252792358,2.2204375
base,1,p282_198_mic2,p282,data\VCTK\wav48_silence_trimmed\p282\p282_198_mic2.flac,p228,0,1,0.3556176424026489,0.06453140825033188,0.3556176424026489,-0.29108623415231705,2.2204375
base,2,p282_198_mic2,p282,data\VCTK\wav48_silence_trimmed\p282\p282_198_mic2.flac,p228,0,1,0.503591775894165,0.12403450906276703,0.503591775894165,-0.379557266831398,2.2204375
base,3,p282_198_mic2,p282,data\VCTK\wav48_silence_trimmed\p282\p282_198_mic2.flac,p228,0,1,0.4838024377822876,0.2682945132255554,0.4838024377822876,-0.21550792455673218,2.2204375
lca,1,p282_198_mic2,p282,data\VCTK\wav48_silence_trimmed\p282\p282_198_mic2.flac,p280,0,1,0.3538229167461395,0.2117651253938675,0.3538229167461395,-0.14205779135227203,2.2204375
lca,2,p282_198_mic2,p282,data\VCTK\wav48_silence_trimmed\p282\p282_198_mic2.flac,p228,0,1,0.4248611032962799,0.18955162167549133,0.4248611032962799,-0.23530948162078857,2.2204375
lca,3,p282_198_mic2,p282,data\VCTK\wav48_silence_trimmed\p282\p282_198_mic2.flac,p264,0,1,0.35486146807670593,0.24463781714439392,0.35486146807670593,-0.11022365093231201,2.2204375
original,0,p282_279_mic1,p282,data\VCTK\wav48_silence_trimmed\p282\p282_279_mic1.flac,p282,1,1,0.8010746240615845,0.8010746240615845,0.443979412317276,0.35709521174430847,4.1249375
base,1,p282_279_mic1,p282,data\VCTK\wav48_silence_trimmed\p282\p282_279_mic1.flac,p293,0,1,0.3525468111038208,0.03135618194937706,0.3525468111038208,-0.32119062915444374,4.1249375
base,2,p282_279_mic1,p282,data\VCTK\wav48_silence_trimmed\p282\p282_279_mic1.flac,p268,0,1,0.41963326930999756,0.22820037603378296,0.41963326930999756,-0.1914328932762146,4.1249375
base,3,p282_279_mic1,p282,data\VCTK\wav48_silence_trimmed\p282\p282_279_mic1.flac,p343,0,1,0.40330320596694946,0.3691244125366211,0.40330320596694946,-0.03417879343032837,4.1249375
lca,1,p282_279_mic1,p282,data\VCTK\wav48_silence_trimmed\p282\p282_279_mic1.flac,p280,0,1,0.3982839584350586,0.14375145733356476,0.3982839584350586,-0.25453250110149384,4.1249375
lca,2,p282_279_mic1,p282,data\VCTK\wav48_silence_trimmed\p282\p282_279_mic1.flac,p280,0,1,0.37795525789260864,0.15979760885238647,0.37795525789260864,-0.21815764904022217,4.1249375
lca,3,p282_279_mic1,p282,data\VCTK\wav48_silence_trimmed\p282\p282_279_mic1.flac,p343,0,1,0.4042653739452362,0.20362147688865662,0.4042653739452362,-0.2006438970565796,4.1249375
original,0,p282_330_mic1,p282,data\VCTK\wav48_silence_trimmed\p282\p282_330_mic1.flac,p282,1,1,0.696140706539154,0.696140706539154,0.48221927881240845,0.2139214277267456,4.05025
base,1,p282_330_mic1,p282,data\VCTK\wav48_silence_trimmed\p282\p282_330_mic1.flac,p225,0,1,0.3131464123725891,0.15008656680583954,0.3131464123725891,-0.16305984556674957,4.05025
base,2,p282_330_mic1,p282,data\VCTK\wav48_silence_trimmed\p282\p282_330_mic1.flac,p225,0,1,0.4200873374938965,0.30018121004104614,0.4200873374938965,-0.11990612745285034,4.05025
base,3,p282_330_mic1,p282,data\VCTK\wav48_silence_trimmed\p282\p282_330_mic1.flac,p228,0,1,0.42269039154052734,0.3258345127105713,0.42269039154052734,-0.09685587882995605,4.05025
lca,1,p282_330_mic1,p282,data\VCTK\wav48_silence_trimmed\p282\p282_330_mic1.flac,p298,0,1,0.36109766364097595,0.1129194051027298,0.36109766364097595,-0.24817825853824615,4.05025
lca,2,p282_330_mic1,p282,data\VCTK\wav48_silence_trimmed\p282\p282_330_mic1.flac,p262,0,1,0.3676941394805908,0.22170916199684143,0.3676941394805908,-0.1459849774837494,4.05025
lca,3,p282_330_mic1,p282,data\VCTK\wav48_silence_trimmed\p282\p282_330_mic1.flac,p262,0,1,0.3687242269515991,0.2603498101234436,0.3687242269515991,-0.10837441682815552,4.05025
original,0,p282_353_mic1,p282,data\VCTK\wav48_silence_trimmed\p282\p282_353_mic1.flac,p282,1,1,0.5578105449676514,0.5578105449676514,0.45061492919921875,0.10719561576843262,2.3175625
base,1,p282_353_mic1,p282,data\VCTK\wav48_silence_trimmed\p282\p282_353_mic1.flac,p262,0,1,0.3433959484100342,0.11378985643386841,0.3433959484100342,-0.22960609197616577,2.3175625
base,2,p282_353_mic1,p282,data\VCTK\wav48_silence_trimmed\p282\p282_353_mic1.flac,p228,0,1,0.4277587831020355,0.2641128897666931,0.4277587831020355,-0.1636458933353424,2.3175625
base,3,p282_353_mic1,p282,data\VCTK\wav48_silence_trimmed\p282\p282_353_mic1.flac,p228,0,1,0.4178038239479065,0.25478246808052063,0.4178038239479065,-0.16302135586738586,2.3175625
lca,1,p282_353_mic1,p282,data\VCTK\wav48_silence_trimmed\p282\p282_353_mic1.flac,p295,0,1,0.3640219569206238,0.1805655062198639,0.3640219569206238,-0.1834564507007599,2.3175625
lca,2,p282_353_mic1,p282,data\VCTK\wav48_silence_trimmed\p282\p282_353_mic1.flac,p262,0,1,0.39757996797561646,0.11222831904888153,0.39757996797561646,-0.2853516489267349,2.3175625
lca,3,p282_353_mic1,p282,data\VCTK\wav48_silence_trimmed\p282\p282_353_mic1.flac,p262,0,1,0.39590808749198914,0.12279345095157623,0.39590808749198914,-0.2731146365404129,2.3175625
original,0,p283_050_mic1,p283,data\VCTK\wav48_silence_trimmed\p283\p283_050_mic1.flac,p283,1,1,0.6854208707809448,0.6854208707809448,0.49000677466392517,0.19541409611701965,2.8639375
base,1,p283_050_mic1,p283,data\VCTK\wav48_silence_trimmed\p283\p283_050_mic1.flac,p283,1,1,0.46658384799957275,0.46658384799957275,0.3994743824005127,0.06710946559906006,2.8639375
base,2,p283_050_mic1,p283,data\VCTK\wav48_silence_trimmed\p283\p283_050_mic1.flac,p283,1,1,0.444469153881073,0.444469153881073,0.37876224517822266,0.06570690870285034,2.8639375
base,3,p283_050_mic1,p283,data\VCTK\wav48_silence_trimmed\p283\p283_050_mic1.flac,p283,1,1,0.5011784434318542,0.5011784434318542,0.45565900206565857,0.04551944136619568,2.8639375
lca,1,p283_050_mic1,p283,data\VCTK\wav48_silence_trimmed\p283\p283_050_mic1.flac,p230,0,1,0.46840453147888184,0.34370213747024536,0.46840453147888184,-0.12470239400863647,2.8639375
lca,2,p283_050_mic1,p283,data\VCTK\wav48_silence_trimmed\p283\p283_050_mic1.flac,p283,1,1,0.45677340030670166,0.45677340030670166,0.43638503551483154,0.020388364791870117,2.8639375
lca,3,p283_050_mic1,p283,data\VCTK\wav48_silence_trimmed\p283\p283_050_mic1.flac,p283,1,1,0.48097074031829834,0.48097074031829834,0.42135176062583923,0.059618979692459106,2.8639375
original,0,p283_224_mic1,p283,data\VCTK\wav48_silence_trimmed\p283\p283_224_mic1.flac,p283,1,1,0.6696827411651611,0.6696827411651611,0.4024158716201782,0.2672668695449829,3.0355
base,1,p283_224_mic1,p283,data\VCTK\wav48_silence_trimmed\p283\p283_224_mic1.flac,p228,0,1,0.3438253402709961,0.3226627707481384,0.3438253402709961,-0.021162569522857666,3.0355
base,2,p283_224_mic1,p283,data\VCTK\wav48_silence_trimmed\p283\p283_224_mic1.flac,p230,0,1,0.4509842097759247,0.388216108083725,0.4509842097759247,-0.06276810169219971,3.0355
base,3,p283_224_mic1,p283,data\VCTK\wav48_silence_trimmed\p283\p283_224_mic1.flac,p283,1,1,0.459632933139801,0.459632933139801,0.4431475102901459,0.01648542284965515,3.0355
lca,1,p283_224_mic1,p283,data\VCTK\wav48_silence_trimmed\p283\p283_224_mic1.flac,p230,0,1,0.43364396691322327,0.30397167801856995,0.43364396691322327,-0.12967228889465332,3.0355
lca,2,p283_224_mic1,p283,data\VCTK\wav48_silence_trimmed\p283\p283_224_mic1.flac,p230,0,1,0.43018338084220886,0.35555797815322876,0.43018338084220886,-0.0746254026889801,3.0355
lca,3,p283_224_mic1,p283,data\VCTK\wav48_silence_trimmed\p283\p283_224_mic1.flac,p261,0,1,0.42734742164611816,0.40187686681747437,0.42734742164611816,-0.0254705548286438,3.0355
original,0,p283_351_mic1,p283,data\VCTK\wav48_silence_trimmed\p283\p283_351_mic1.flac,p283,1,1,0.6704936027526855,0.6704936027526855,0.41662269830703735,0.2538709044456482,3.248
base,1,p283_351_mic1,p283,data\VCTK\wav48_silence_trimmed\p283\p283_351_mic1.flac,p257,0,1,0.3861151933670044,0.3821566104888916,0.3861151933670044,-0.003958582878112793,3.248
base,2,p283_351_mic1,p283,data\VCTK\wav48_silence_trimmed\p283\p283_351_mic1.flac,p283,1,1,0.44526857137680054,0.44526857137680054,0.4318135380744934,0.013455033302307129,3.248
base,3,p283_351_mic1,p283,data\VCTK\wav48_silence_trimmed\p283\p283_351_mic1.flac,p283,1,1,0.44134148955345154,0.44134148955345154,0.3664650321006775,0.07487645745277405,3.248
lca,1,p283_351_mic1,p283,data\VCTK\wav48_silence_trimmed\p283\p283_351_mic1.flac,p280,0,1,0.428948312997818,0.2921299934387207,0.428948312997818,-0.1368183195590973,3.248
lca,2,p283_351_mic1,p283,data\VCTK\wav48_silence_trimmed\p283\p283_351_mic1.flac,p340,0,1,0.4329987168312073,0.33113518357276917,0.4329987168312073,-0.10186353325843811,3.248
lca,3,p283_351_mic1,p283,data\VCTK\wav48_silence_trimmed\p283\p283_351_mic1.flac,p340,0,1,0.4151763319969177,0.35974442958831787,0.4151763319969177,-0.055431902408599854,3.248
original,0,p283_369_mic2,p283,data\VCTK\wav48_silence_trimmed\p283\p283_369_mic2.flac,p283,1,1,0.6742033362388611,0.6742033362388611,0.49499404430389404,0.17920929193496704,2.43375
base,1,p283_369_mic2,p283,data\VCTK\wav48_silence_trimmed\p283\p283_369_mic2.flac,p257,0,1,0.40596359968185425,0.32163748145103455,0.40596359968185425,-0.0843261182308197,2.43375
base,2,p283_369_mic2,p283,data\VCTK\wav48_silence_trimmed\p283\p283_369_mic2.flac,p257,0,1,0.42375418543815613,0.3986528515815735,0.42375418543815613,-0.02510133385658264,2.43375
base,3,p283_369_mic2,p283,data\VCTK\wav48_silence_trimmed\p283\p283_369_mic2.flac,p283,1,1,0.49835655093193054,0.49835655093193054,0.4280363917350769,0.07032015919685364,2.43375
lca,1,p283_369_mic2,p283,data\VCTK\wav48_silence_trimmed\p283\p283_369_mic2.flac,p280,0,1,0.42690980434417725,0.2877841889858246,0.42690980434417725,-0.13912561535835266,2.43375
lca,2,p283_369_mic2,p283,data\VCTK\wav48_silence_trimmed\p283\p283_369_mic2.flac,p280,0,1,0.4550130367279053,0.3534325957298279,0.4550130367279053,-0.10158044099807739,2.43375
lca,3,p283_369_mic2,p283,data\VCTK\wav48_silence_trimmed\p283\p283_369_mic2.flac,p280,0,1,0.43506431579589844,0.406869113445282,0.43506431579589844,-0.028195202350616455,2.43375
original,0,p283_398_mic2,p283,data\VCTK\wav48_silence_trimmed\p283\p283_398_mic2.flac,p283,1,1,0.6422227621078491,0.6422227621078491,0.40983399748802185,0.23238876461982727,2.608
base,1,p283_398_mic2,p283,data\VCTK\wav48_silence_trimmed\p283\p283_398_mic2.flac,p283,1,1,0.4153563380241394,0.4153563380241394,0.38185155391693115,0.03350478410720825,2.608
base,2,p283_398_mic2,p283,data\VCTK\wav48_silence_trimmed\p283\p283_398_mic2.flac,p257,0,1,0.3906049430370331,0.3502301275730133,0.3906049430370331,-0.040374815464019775,2.608
base,3,p283_398_mic2,p283,data\VCTK\wav48_silence_trimmed\p283\p283_398_mic2.flac,p230,0,1,0.43592414259910583,0.40982764959335327,0.43592414259910583,-0.026096493005752563,2.608
lca,1,p283_398_mic2,p283,data\VCTK\wav48_silence_trimmed\p283\p283_398_mic2.flac,p280,0,1,0.3460659980773926,0.17758242785930634,0.3460659980773926,-0.16848357021808624,2.608
lca,2,p283_398_mic2,p283,data\VCTK\wav48_silence_trimmed\p283\p283_398_mic2.flac,p230,0,1,0.4636325240135193,0.35858699679374695,0.4636325240135193,-0.10504552721977234,2.608
lca,3,p283_398_mic2,p283,data\VCTK\wav48_silence_trimmed\p283\p283_398_mic2.flac,p230,0,1,0.4450380206108093,0.40583816170692444,0.4450380206108093,-0.03919985890388489,2.608
original,0,p284_042_mic1,p284,data\VCTK\wav48_silence_trimmed\p284\p284_042_mic1.flac,p284,1,1,0.7698264718055725,0.7698264718055725,0.46320173144340515,0.30662474036216736,3.5866875
base,1,p284_042_mic1,p284,data\VCTK\wav48_silence_trimmed\p284\p284_042_mic1.flac,p241,0,0,0.24353334307670593,0.23145756125450134,0.24353334307670593,-0.01207578182220459,3.5866875
base,2,p284_042_mic1,p284,data\VCTK\wav48_silence_trimmed\p284\p284_042_mic1.flac,p284,1,1,0.4854230582714081,0.4854230582714081,0.37849363684654236,0.10692942142486572,3.5866875
base,3,p284_042_mic1,p284,data\VCTK\wav48_silence_trimmed\p284\p284_042_mic1.flac,p284,1,1,0.5336123108863831,0.5336123108863831,0.35987645387649536,0.1737358570098877,3.5866875
lca,1,p284_042_mic1,p284,data\VCTK\wav48_silence_trimmed\p284\p284_042_mic1.flac,p311,0,1,0.27461081743240356,0.2177744060754776,0.27461081743240356,-0.056836411356925964,3.5866875
lca,2,p284_042_mic1,p284,data\VCTK\wav48_silence_trimmed\p284\p284_042_mic1.flac,p284,1,1,0.37019699811935425,0.37019699811935425,0.30899226665496826,0.061204731464385986,3.5866875
lca,3,p284_042_mic1,p284,data\VCTK\wav48_silence_trimmed\p284\p284_042_mic1.flac,p284,1,1,0.46564605832099915,0.46564605832099915,0.32224851846694946,0.14339753985404968,3.5866875
original,0,p284_127_mic2,p284,data\VCTK\wav48_silence_trimmed\p284\p284_127_mic2.flac,p284,1,1,0.6155773401260376,0.6155773401260376,0.38324904441833496,0.23232829570770264,2.005
base,1,p284_127_mic2,p284,data\VCTK\wav48_silence_trimmed\p284\p284_127_mic2.flac,p315,0,1,0.276029109954834,0.2344377487897873,0.276029109954834,-0.04159136116504669,2.005
base,2,p284_127_mic2,p284,data\VCTK\wav48_silence_trimmed\p284\p284_127_mic2.flac,p347,0,1,0.33802688121795654,0.3109760284423828,0.33802688121795654,-0.02705085277557373,2.005
base,3,p284_127_mic2,p284,data\VCTK\wav48_silence_trimmed\p284\p284_127_mic2.flac,p284,1,1,0.39177700877189636,0.39177700877189636,0.3648207485675812,0.026956260204315186,2.005
lca,1,p284_127_mic2,p284,data\VCTK\wav48_silence_trimmed\p284\p284_127_mic2.flac,p271,0,1,0.3296365737915039,0.27620822191238403,0.3296365737915039,-0.05342835187911987,2.005
lca,2,p284_127_mic2,p284,data\VCTK\wav48_silence_trimmed\p284\p284_127_mic2.flac,p347,0,1,0.39881253242492676,0.3384828269481659,0.39881253242492676,-0.060329705476760864,2.005
lca,3,p284_127_mic2,p284,data\VCTK\wav48_silence_trimmed\p284\p284_127_mic2.flac,p284,1,1,0.38481003046035767,0.38481003046035767,0.36504918336868286,0.019760847091674805,2.005
original,0,p284_143_mic1,p284,data\VCTK\wav48_silence_trimmed\p284\p284_143_mic1.flac,p284,1,1,0.6522011756896973,0.6522011756896973,0.4601554870605469,0.1920456886291504,2.43575
base,1,p284_143_mic1,p284,data\VCTK\wav48_silence_trimmed\p284\p284_143_mic1.flac,p284,1,1,0.3941073417663574,0.3941073417663574,0.27573108673095703,0.11837625503540039,2.43575
base,2,p284_143_mic1,p284,data\VCTK\wav48_silence_trimmed\p284\p284_143_mic1.flac,p284,1,1,0.37499669194221497,0.37499669194221497,0.32833588123321533,0.046660810708999634,2.43575
base,3,p284_143_mic1,p284,data\VCTK\wav48_silence_trimmed\p284\p284_143_mic1.flac,p284,1,1,0.4697112441062927,0.4697112441062927,0.3399907350540161,0.1297205090522766,2.43575
lca,1,p284_143_mic1,p284,data\VCTK\wav48_silence_trimmed\p284\p284_143_mic1.flac,p284,1,1,0.3129173517227173,0.3129173517227173,0.3001503348350525,0.012767016887664795,2.43575
lca,2,p284_143_mic1,p284,data\VCTK\wav48_silence_trimmed\p284\p284_143_mic1.flac,p284,1,1,0.4397534728050232,0.4397534728050232,0.28926560282707214,0.15048786997795105,2.43575
lca,3,p284_143_mic1,p284,data\VCTK\wav48_silence_trimmed\p284\p284_143_mic1.flac,p284,1,1,0.4307004511356354,0.4307004511356354,0.28516483306884766,0.14553561806678772,2.43575
original,0,p284_372_mic1,p284,data\VCTK\wav48_silence_trimmed\p284\p284_372_mic1.flac,p284,1,1,0.7141952514648438,0.7141952514648438,0.32425421476364136,0.3899410367012024,3.5849375
base,1,p284_372_mic1,p284,data\VCTK\wav48_silence_trimmed\p284\p284_372_mic1.flac,p374,0,1,0.3470289409160614,0.28987687826156616,0.3470289409160614,-0.05715206265449524,3.5849375
base,2,p284_372_mic1,p284,data\VCTK\wav48_silence_trimmed\p284\p284_372_mic1.flac,p284,1,1,0.39781224727630615,0.39781224727630615,0.38524129986763,0.012570947408676147,3.5849375
base,3,p284_372_mic1,p284,data\VCTK\wav48_silence_trimmed\p284\p284_372_mic1.flac,p284,1,1,0.5263895392417908,0.5263895392417908,0.33938372135162354,0.18700581789016724,3.5849375
lca,1,p284_372_mic1,p284,data\VCTK\wav48_silence_trimmed\p284\p284_372_mic1.flac,p311,0,1,0.3308558464050293,0.22149085998535156,0.3308558464050293,-0.10936498641967773,3.5849375
lca,2,p284_372_mic1,p284,data\VCTK\wav48_silence_trimmed\p284\p284_372_mic1.flac,p311,0,1,0.3378945589065552,0.32609695196151733,0.3378945589065552,-0.011797606945037842,3.5849375
lca,3,p284_372_mic1,p284,data\VCTK\wav48_silence_trimmed\p284\p284_372_mic1.flac,p284,1,1,0.4207737445831299,0.4207737445831299,0.3720991611480713,0.048674583435058594,3.5849375
original,0,p284_383_mic2,p284,data\VCTK\wav48_silence_trimmed\p284\p284_383_mic2.flac,p284,1,1,0.6973994374275208,0.6973994374275208,0.4390825033187866,0.25831693410873413,2.733125
base,1,p284_383_mic2,p284,data\VCTK\wav48_silence_trimmed\p284\p284_383_mic2.flac,p347,0,1,0.38251370191574097,0.2701866030693054,0.38251370191574097,-0.11232709884643555,2.733125
base,2,p284_383_mic2,p284,data\VCTK\wav48_silence_trimmed\p284\p284_383_mic2.flac,p284,1,1,0.4125548303127289,0.4125548303127289,0.33499500155448914,0.07755982875823975,2.733125
base,3,p284_383_mic2,p284,data\VCTK\wav48_silence_trimmed\p284\p284_383_mic2.flac,p284,1,1,0.4653323292732239,0.4653323292732239,0.29652535915374756,0.16880697011947632,2.733125
lca,1,p284_383_mic2,p284,data\VCTK\wav48_silence_trimmed\p284\p284_383_mic2.flac,p262,0,1,0.299003541469574,0.28697770833969116,0.299003541469574,-0.012025833129882812,2.733125
lca,2,p284_383_mic2,p284,data\VCTK\wav48_silence_trimmed\p284\p284_383_mic2.flac,p284,1,1,0.393837571144104,0.393837571144104,0.2893412709236145,0.1044963002204895,2.733125
lca,3,p284_383_mic2,p284,data\VCTK\wav48_silence_trimmed\p284\p284_383_mic2.flac,p284,1,1,0.44688481092453003,0.44688481092453003,0.3218645453453064,0.12502026557922363,2.733125
original,0,p285_060_mic1,p285,data\VCTK\wav48_silence_trimmed\p285\p285_060_mic1.flac,p285,1,1,0.7771562337875366,0.7771562337875366,0.42932313680648804,0.3478330969810486,3.7565625
base,1,p285_060_mic1,p285,data\VCTK\wav48_silence_trimmed\p285\p285_060_mic1.flac,p360,0,1,0.3097560405731201,0.22691674530506134,0.3097560405731201,-0.08283929526805878,3.7565625
base,2,p285_060_mic1,p285,data\VCTK\wav48_silence_trimmed\p285\p285_060_mic1.flac,p271,0,1,0.31355899572372437,0.27745020389556885,0.31355899572372437,-0.03610879182815552,3.7565625
base,3,p285_060_mic1,p285,data\VCTK\wav48_silence_trimmed\p285\p285_060_mic1.flac,p285,1,1,0.3649623990058899,0.3649623990058899,0.355440616607666,0.009521782398223877,3.7565625
lca,1,p285_060_mic1,p285,data\VCTK\wav48_silence_trimmed\p285\p285_060_mic1.flac,p339,0,1,0.2546313405036926,0.1452997326850891,0.2546313405036926,-0.10933160781860352,3.7565625
lca,2,p285_060_mic1,p285,data\VCTK\wav48_silence_trimmed\p285\p285_060_mic1.flac,p271,0,1,0.26912903785705566,0.16061894595623016,0.26912903785705566,-0.1085100919008255,3.7565625
lca,3,p285_060_mic1,p285,data\VCTK\wav48_silence_trimmed\p285\p285_060_mic1.flac,p271,0,1,0.32559219002723694,0.24711017310619354,0.32559219002723694,-0.0784820169210434,3.7565625
original,0,p285_074_mic2,p285,data\VCTK\wav48_silence_trimmed\p285\p285_074_mic2.flac,p285,1,1,0.7116676568984985,0.7116676568984985,0.3207387924194336,0.39092886447906494,3.119125
base,1,p285_074_mic2,p285,data\VCTK\wav48_silence_trimmed\p285\p285_074_mic2.flac,p292,0,1,0.2587903141975403,0.1495034396648407,0.2587903141975403,-0.10928687453269958,3.119125
base,2,p285_074_mic2,p285,data\VCTK\wav48_silence_trimmed\p285\p285_074_mic2.flac,p271,0,1,0.4094063639640808,0.33509039878845215,0.4094063639640808,-0.07431596517562866,3.119125
base,3,p285_074_mic2,p285,data\VCTK\wav48_silence_trimmed\p285\p285_074_mic2.flac,p285,1,1,0.43460017442703247,0.43460017442703247,0.4262225329875946,0.008377641439437866,3.119125
lca,1,p285_074_mic2,p285,data\VCTK\wav48_silence_trimmed\p285\p285_074_mic2.flac,p364,0,1,0.2875191271305084,0.17513898015022278,0.2875191271305084,-0.11238014698028564,3.119125
lca,2,p285_074_mic2,p285,data\VCTK\wav48_silence_trimmed\p285\p285_074_mic2.flac,p271,0,1,0.33170056343078613,0.3093366324901581,0.33170056343078613,-0.022363930940628052,3.119125
lca,3,p285_074_mic2,p285,data\VCTK\wav48_silence_trimmed\p285\p285_074_mic2.flac,p259,0,1,0.3030368685722351,0.3025588393211365,0.3030368685722351,-0.0004780292510986328,3.119125
original,0,p285_173_mic1,p285,data\VCTK\wav48_silence_trimmed\p285\p285_173_mic1.flac,p285,1,1,0.5537552237510681,0.5537552237510681,0.3657357692718506,0.18801945447921753,1.496125
base,1,p285_173_mic1,p285,data\VCTK\wav48_silence_trimmed\p285\p285_173_mic1.flac,p238,0,0,0.2256459891796112,0.11307777464389801,0.2256459891796112,-0.1125682145357132,1.496125
base,2,p285_173_mic1,p285,data\VCTK\wav48_silence_trimmed\p285\p285_173_mic1.flac,p281,0,1,0.3097250759601593,0.15941587090492249,0.3097250759601593,-0.15030920505523682,1.496125
base,3,p285_173_mic1,p285,data\VCTK\wav48_silence_trimmed\p285\p285_173_mic1.flac,p259,0,1,0.2765190899372101,0.17596891522407532,0.2765190899372101,-0.10055017471313477,1.496125
lca,1,p285_173_mic1,p285,data\VCTK\wav48_silence_trimmed\p285\p285_173_mic1.flac,p300,0,0,0.239616259932518,0.08357110619544983,0.239616259932518,-0.15604515373706818,1.496125
lca,2,p285_173_mic1,p285,data\VCTK\wav48_silence_trimmed\p285\p285_173_mic1.flac,p281,0,1,0.27356916666030884,0.21963578462600708,0.27356916666030884,-0.05393338203430176,1.496125
lca,3,p285_173_mic1,p285,data\VCTK\wav48_silence_trimmed\p285\p285_173_mic1.flac,p281,0,1,0.2603573203086853,0.11822482198476791,0.2603573203086853,-0.1421324983239174,1.496125
original,0,p285_237_mic2,p285,data\VCTK\wav48_silence_trimmed\p285\p285_237_mic2.flac,p285,1,1,0.6139408946037292,0.6139408946037292,0.33942511677742004,0.2745157778263092,2.992
base,1,p285_237_mic2,p285,data\VCTK\wav48_silence_trimmed\p285\p285_237_mic2.flac,p360,0,1,0.3347419500350952,0.1973445862531662,0.3347419500350952,-0.13739736378192902,2.992
base,2,p285_237_mic2,p285,data\VCTK\wav48_silence_trimmed\p285\p285_237_mic2.flac,p259,0,1,0.2782059609889984,0.27786511182785034,0.2782059609889984,-0.0003408491611480713,2.992
base,3,p285_237_mic2,p285,data\VCTK\wav48_silence_trimmed\p285\p285_237_mic2.flac,p252,0,1,0.3219693899154663,0.3105570077896118,0.3219693899154663,-0.011412382125854492,2.992
lca,1,p285_237_mic2,p285,data\VCTK\wav48_silence_trimmed\p285\p285_237_mic2.flac,p360,0,1,0.30270519852638245,0.10253222286701202,0.30270519852638245,-0.20017297565937042,2.992
lca,2,p285_237_mic2,p285,data\VCTK\wav48_silence_trimmed\p285\p285_237_mic2.flac,p259,0,1,0.317393958568573,0.13571596145629883,0.317393958568573,-0.18167799711227417,2.992
lca,3,p285_237_mic2,p285,data\VCTK\wav48_silence_trimmed\p285\p285_237_mic2.flac,p252,0,1,0.3366398811340332,0.15252207219600677,0.3366398811340332,-0.18411780893802643,2.992
original,0,p285_333_mic2,p285,data\VCTK\wav48_silence_trimmed\p285\p285_333_mic2.flac,p285,1,1,0.7059841156005859,0.7059841156005859,0.43275365233421326,0.2732304632663727,2.2664375
base,1,p285_333_mic2,p285,data\VCTK\wav48_silence_trimmed\p285\p285_333_mic2.flac,p226,0,1,0.2744026482105255,0.1591842770576477,0.2744026482105255,-0.11521837115287781,2.2664375
base,2,p285_333_mic2,p285,data\VCTK\wav48_silence_trimmed\p285\p285_333_mic2.flac,p360,0,1,0.4191180467605591,0.24648407101631165,0.4191180467605591,-0.17263397574424744,2.2664375
base,3,p285_333_mic2,p285,data\VCTK\wav48_silence_trimmed\p285\p285_333_mic2.flac,p360,0,1,0.3564260005950928,0.31052908301353455,0.3564260005950928,-0.04589691758155823,2.2664375
lca,1,p285_333_mic2,p285,data\VCTK\wav48_silence_trimmed\p285\p285_333_mic2.flac,p281,0,1,0.2988550364971161,0.11480317264795303,0.2988550364971161,-0.18405186384916306,2.2664375
lca,2,p285_333_mic2,p285,data\VCTK\wav48_silence_trimmed\p285\p285_333_mic2.flac,p360,0,1,0.3387722373008728,0.10534724593162537,0.3387722373008728,-0.23342499136924744,2.2664375
lca,3,p285_333_mic2,p285,data\VCTK\wav48_silence_trimmed\p285\p285_333_mic2.flac,p281,0,1,0.3503028154373169,0.21038681268692017,0.3503028154373169,-0.13991600275039673,2.2664375
original,0,p286_048_mic2,p286,data\VCTK\wav48_silence_trimmed\p286\p286_048_mic2.flac,p286,1,1,0.8626670241355896,0.8626670241355896,0.39044368267059326,0.47222334146499634,3.9721875
base,1,p286_048_mic2,p286,data\VCTK\wav48_silence_trimmed\p286\p286_048_mic2.flac,p262,0,1,0.29950547218322754,0.12332474440336227,0.29950547218322754,-0.17618072777986526,3.9721875
base,2,p286_048_mic2,p286,data\VCTK\wav48_silence_trimmed\p286\p286_048_mic2.flac,p286,1,1,0.5714453458786011,0.5714453458786011,0.3920050859451294,0.17944025993347168,3.9721875
base,3,p286_048_mic2,p286,data\VCTK\wav48_silence_trimmed\p286\p286_048_mic2.flac,p286,1,1,0.6496592164039612,0.6496592164039612,0.4104618430137634,0.23919737339019775,3.9721875
lca,1,p286_048_mic2,p286,data\VCTK\wav48_silence_trimmed\p286\p286_048_mic2.flac,p271,0,1,0.3338015675544739,0.015192558988928795,0.3338015675544739,-0.3186090085655451,3.9721875
lca,2,p286_048_mic2,p286,data\VCTK\wav48_silence_trimmed\p286\p286_048_mic2.flac,p286,1,1,0.3382485806941986,0.3382485806941986,0.33280670642852783,0.005441874265670776,3.9721875
lca,3,p286_048_mic2,p286,data\VCTK\wav48_silence_trimmed\p286\p286_048_mic2.flac,p286,1,1,0.4875584840774536,0.4875584840774536,0.36929282546043396,0.11826565861701965,3.9721875
original,0,p286_081_mic1,p286,data\VCTK\wav48_silence_trimmed\p286\p286_081_mic1.flac,p286,1,1,0.8094669580459595,0.8094669580459595,0.3577865958213806,0.45168036222457886,2.728
base,1,p286_081_mic1,p286,data\VCTK\wav48_silence_trimmed\p286\p286_081_mic1.flac,p271,0,1,0.39194339513778687,0.11604544520378113,0.39194339513778687,-0.27589794993400574,2.728
base,2,p286_081_mic1,p286,data\VCTK\wav48_silence_trimmed\p286\p286_081_mic1.flac,p286,1,1,0.4786144495010376,0.4786144495010376,0.38525915145874023,0.09335529804229736,2.728
base,3,p286_081_mic1,p286,data\VCTK\wav48_silence_trimmed\p286\p286_081_mic1.flac,p286,1,1,0.5162871479988098,0.5162871479988098,0.33480870723724365,0.18147844076156616,2.728
lca,1,p286_081_mic1,p286,data\VCTK\wav48_silence_trimmed\p286\p286_081_mic1.flac,p311,0,1,0.3038505017757416,-0.03847363591194153,0.3038505017757416,-0.3423241376876831,2.728
lca,2,p286_081_mic1,p286,data\VCTK\wav48_silence_trimmed\p286\p286_081_mic1.flac,p271,0,1,0.2922833561897278,0.22716479003429413,0.2922833561897278,-0.06511856615543365,2.728
lca,3,p286_081_mic1,p286,data\VCTK\wav48_silence_trimmed\p286\p286_081_mic1.flac,p286,1,1,0.40004149079322815,0.40004149079322815,0.3092520534992218,0.09078943729400635,2.728
original,0,p286_104_mic2,p286,data\VCTK\wav48_silence_trimmed\p286\p286_104_mic2.flac,p286,1,1,0.758643388748169,0.758643388748169,0.31528496742248535,0.4433584213256836,2.3078125
base,1,p286_104_mic2,p286,data\VCTK\wav48_silence_trimmed\p286\p286_104_mic2.flac,p302,0,1,0.31015852093696594,0.10875123739242554,0.31015852093696594,-0.2014072835445404,2.3078125
base,2,p286_104_mic2,p286,data\VCTK\wav48_silence_trimmed\p286\p286_104_mic2.flac,p286,1,1,0.4355328679084778,0.4355328679084778,0.41540437936782837,0.020128488540649414,2.3078125
base,3,p286_104_mic2,p286,data\VCTK\wav48_silence_trimmed\p286\p286_104_mic2.flac,p286,1,1,0.5408589839935303,0.5408589839935303,0.45579689741134644,0.08506208658218384,2.3078125
lca,1,p286_104_mic2,p286,data\VCTK\wav48_silence_trimmed\p286\p286_104_mic2.flac,p226,0,1,0.282972514629364,-0.0573451891541481,0.282972514629364,-0.3403177037835121,2.3078125
lca,2,p286_104_mic2,p286,data\VCTK\wav48_silence_trimmed\p286\p286_104_mic2.flac,p252,0,1,0.37741971015930176,0.30920132994651794,0.37741971015930176,-0.06821838021278381,2.3078125
lca,3,p286_104_mic2,p286,data\VCTK\wav48_silence_trimmed\p286\p286_104_mic2.flac,p286,1,1,0.39160093665122986,0.39160093665122986,0.33956044912338257,0.05204048752784729,2.3078125
original,0,p286_112_mic2,p286,data\VCTK\wav48_silence_trimmed\p286\p286_112_mic2.flac,p286,1,1,0.7222316861152649,0.7222316861152649,0.4168485999107361,0.3053830862045288,2.340625
base,1,p286_112_mic2,p286,data\VCTK\wav48_silence_trimmed\p286\p286_112_mic2.flac,p360,0,1,0.45040956139564514,0.21197271347045898,0.45040956139564514,-0.23843684792518616,2.340625
base,2,p286_112_mic2,p286,data\VCTK\wav48_silence_trimmed\p286\p286_112_mic2.flac,p374,0,1,0.34701302647590637,0.22055089473724365,0.34701302647590637,-0.12646213173866272,2.340625
base,3,p286_112_mic2,p286,data\VCTK\wav48_silence_trimmed\p286\p286_112_mic2.flac,p280,0,1,0.36863309144973755,0.31677258014678955,0.36863309144973755,-0.051860511302948,2.340625
lca,1,p286_112_mic2,p286,data\VCTK\wav48_silence_trimmed\p286\p286_112_mic2.flac,p261,0,1,0.29510200023651123,0.056988686323165894,0.29510200023651123,-0.23811331391334534,2.340625
lca,2,p286_112_mic2,p286,data\VCTK\wav48_silence_trimmed\p286\p286_112_mic2.flac,p226,0,1,0.3230738937854767,0.20356640219688416,0.3230738937854767,-0.11950749158859253,2.340625
lca,3,p286_112_mic2,p286,data\VCTK\wav48_silence_trimmed\p286\p286_112_mic2.flac,p257,0,1,0.33550572395324707,0.3085508942604065,0.33550572395324707,-0.026954829692840576,2.340625
original,0,p286_243_mic2,p286,data\VCTK\wav48_silence_trimmed\p286\p286_243_mic2.flac,p286,1,1,0.8090983033180237,0.8090983033180237,0.4145296812057495,0.39456862211227417,2.30825
base,1,p286_243_mic2,p286,data\VCTK\wav48_silence_trimmed\p286\p286_243_mic2.flac,p302,0,1,0.4342332184314728,0.22733113169670105,0.4342332184314728,-0.20690208673477173,2.30825
base,2,p286_243_mic2,p286,data\VCTK\wav48_silence_trimmed\p286\p286_243_mic2.flac,p286,1,1,0.3001481890678406,0.3001481890678406,0.2994592785835266,0.0006889104843139648,2.30825
base,3,p286_243_mic2,p286,data\VCTK\wav48_silence_trimmed\p286\p286_243_mic2.flac,p286,1,1,0.369370698928833,0.369370698928833,0.3567269444465637,0.012643754482269287,2.30825
lca,1,p286_243_mic2,p286,data\VCTK\wav48_silence_trimmed\p286\p286_243_mic2.flac,p226,0,1,0.2845824062824249,0.07498660683631897,0.2845824062824249,-0.20959579944610596,2.30825
lca,2,p286_243_mic2,p286,data\VCTK\wav48_silence_trimmed\p286\p286_243_mic2.flac,p226,0,1,0.3063797652721405,0.176779642701149,0.3063797652721405,-0.12960012257099152,2.30825
lca,3,p286_243_mic2,p286,data\VCTK\wav48_silence_trimmed\p286\p286_243_mic2.flac,p259,0,1,0.35343509912490845,0.3160623013973236,0.35343509912490845,-0.03737279772758484,2.30825
original,0,p287_024_mic2,p287,data\VCTK\wav48_silence_trimmed\p287\p287_024_mic2.flac,p287,1,1,0.8200271725654602,0.8200271725654602,0.2895123064517975,0.5305148661136627,6.8673125
base,1,p287_024_mic2,p287,data\VCTK\wav48_silence_trimmed\p287\p287_024_mic2.flac,p360,0,1,0.30404558777809143,0.22723497450351715,0.30404558777809143,-0.07681061327457428,6.8673125
base,2,p287_024_mic2,p287,data\VCTK\wav48_silence_trimmed\p287\p287_024_mic2.flac,p287,1,1,0.3456672430038452,0.3456672430038452,0.3006824254989624,0.04498481750488281,6.8673125
base,3,p287_024_mic2,p287,data\VCTK\wav48_silence_trimmed\p287\p287_024_mic2.flac,p287,1,1,0.4698634147644043,0.4698634147644043,0.35794270038604736,0.11192071437835693,6.8673125
lca,1,p287_024_mic2,p287,data\VCTK\wav48_silence_trimmed\p287\p287_024_mic2.flac,p246,0,1,0.2837039828300476,0.21727369725704193,0.2837039828300476,-0.06643028557300568,6.8673125
lca,2,p287_024_mic2,p287,data\VCTK\wav48_silence_trimmed\p287\p287_024_mic2.flac,p287,1,1,0.30902624130249023,0.30902624130249023,0.27453717589378357,0.034489065408706665,6.8673125
lca,3,p287_024_mic2,p287,data\VCTK\wav48_silence_trimmed\p287\p287_024_mic2.flac,p287,1,1,0.37181752920150757,0.37181752920150757,0.2799786329269409,0.09183889627456665,6.8673125
original,0,p287_053_mic1,p287,data\VCTK\wav48_silence_trimmed\p287\p287_053_mic1.flac,p287,1,1,0.7518068552017212,0.7518068552017212,0.31064391136169434,0.44116294384002686,2.8834375
base,1,p287_053_mic1,p287,data\VCTK\wav48_silence_trimmed\p287\p287_053_mic1.flac,p316,0,1,0.2833774983882904,0.27429258823394775,0.2833774983882904,-0.009084910154342651,2.8834375
base,2,p287_053_mic1,p287,data\VCTK\wav48_silence_trimmed\p287\p287_053_mic1.flac,p316,0,1,0.4102638065814972,0.3713226020336151,0.4102638065814972,-0.03894120454788208,2.8834375
base,3,p287_053_mic1,p287,data\VCTK\wav48_silence_trimmed\p287\p287_053_mic1.flac,p287,1,1,0.4196836054325104,0.4196836054325104,0.3744508624076843,0.04523274302482605,2.8834375
lca,1,p287_053_mic1,p287,data\VCTK\wav48_silence_trimmed\p287\p287_053_mic1.flac,p374,0,1,0.30585652589797974,0.2288074493408203,0.30585652589797974,-0.07704907655715942,2.8834375
lca,2,p287_053_mic1,p287,data\VCTK\wav48_silence_trimmed\p287\p287_053_mic1.flac,p287,1,1,0.3691449761390686,0.3691449761390686,0.29713279008865356,0.07201218605041504,2.8834375
lca,3,p287_053_mic1,p287,data\VCTK\wav48_silence_trimmed\p287\p287_053_mic1.flac,p287,1,1,0.39252084493637085,0.39252084493637085,0.297329843044281,0.09519100189208984,2.8834375
original,0,p287_213_mic2,p287,data\VCTK\wav48_silence_trimmed\p287\p287_213_mic2.flac,p287,1,1,0.7108328938484192,0.7108328938484192,0.32071393728256226,0.39011895656585693,2.6829375
base,1,p287_213_mic2,p287,data\VCTK\wav48_silence_trimmed\p287\p287_213_mic2.flac,p246,0,1,0.2544499635696411,0.14470672607421875,0.2544499635696411,-0.10974323749542236,2.6829375
base,2,p287_213_mic2,p287,data\VCTK\wav48_silence_trimmed\p287\p287_213_mic2.flac,p363,0,1,0.3103943467140198,0.30075615644454956,0.3103943467140198,-0.009638190269470215,2.6829375
base,3,p287_213_mic2,p287,data\VCTK\wav48_silence_trimmed\p287\p287_213_mic2.flac,p287,1,1,0.3650652766227722,0.3650652766227722,0.34180527925491333,0.023259997367858887,2.6829375
lca,1,p287_213_mic2,p287,data\VCTK\wav48_silence_trimmed\p287\p287_213_mic2.flac,p376,0,1,0.28894051909446716,0.17723694443702698,0.28894051909446716,-0.11170357465744019,2.6829375
lca,2,p287_213_mic2,p287,data\VCTK\wav48_silence_trimmed\p287\p287_213_mic2.flac,p271,0,1,0.31138020753860474,0.21877139806747437,0.31138020753860474,-0.09260880947113037,2.6829375
lca,3,p287_213_mic2,p287,data\VCTK\wav48_silence_trimmed\p287\p287_213_mic2.flac,p287,1,1,0.3174842298030853,0.3174842298030853,0.3078042268753052,0.009680002927780151,2.6829375
original,0,p287_298_mic1,p287,data\VCTK\wav48_silence_trimmed\p287\p287_298_mic1.flac,p287,1,1,0.708142876625061,0.708142876625061,0.30834725499153137,0.39979562163352966,2.587625
base,1,p287_298_mic1,p287,data\VCTK\wav48_silence_trimmed\p287\p287_298_mic1.flac,p374,0,1,0.3261038064956665,0.061241619288921356,0.3261038064956665,-0.26486218720674515,2.587625
base,2,p287_298_mic1,p287,data\VCTK\wav48_silence_trimmed\p287\p287_298_mic1.flac,p374,0,1,0.3409922122955322,0.24252848327159882,0.3409922122955322,-0.09846372902393341,2.587625
base,3,p287_298_mic1,p287,data\VCTK\wav48_silence_trimmed\p287\p287_298_mic1.flac,p246,0,1,0.39789488911628723,0.3463038206100464,0.39789488911628723,-0.051591068506240845,2.587625
lca,1,p287_298_mic1,p287,data\VCTK\wav48_silence_trimmed\p287\p287_298_mic1.flac,p374,0,1,0.3206440806388855,0.1507672667503357,0.3206440806388855,-0.1698768138885498,2.587625
lca,2,p287_298_mic1,p287,data\VCTK\wav48_silence_trimmed\p287\p287_298_mic1.flac,p360,0,1,0.29849109053611755,0.2552880048751831,0.29849109053611755,-0.04320308566093445,2.587625
lca,3,p287_298_mic1,p287,data\VCTK\wav48_silence_trimmed\p287\p287_298_mic1.flac,p246,0,1,0.33054593205451965,0.29460233449935913,0.33054593205451965,-0.03594359755516052,2.587625
original,0,p287_396_mic2,p287,data\VCTK\wav48_silence_trimmed\p287\p287_396_mic2.flac,p287,1,1,0.7388248443603516,0.7388248443603516,0.32158854603767395,0.4172362983226776,2.931875
base,1,p287_396_mic2,p287,data\VCTK\wav48_silence_trimmed\p287\p287_396_mic2.flac,p302,0,1,0.2783634066581726,0.0680074542760849,0.2783634066581726,-0.2103559523820877,2.931875
base,2,p287_396_mic2,p287,data\VCTK\wav48_silence_trimmed\p287\p287_396_mic2.flac,p287,1,1,0.37809470295906067,0.37809470295906067,0.2765634059906006,0.10153129696846008,2.931875
base,3,p287_396_mic2,p287,data\VCTK\wav48_silence_trimmed\p287\p287_396_mic2.flac,p287,1,1,0.35507136583328247,0.35507136583328247,0.2563197612762451,0.09875160455703735,2.931875
lca,1,p287_396_mic2,p287,data\VCTK\wav48_silence_trimmed\p287\p287_396_mic2.flac,p271,0,1,0.25750401616096497,0.14526206254959106,0.25750401616096497,-0.1122419536113739,2.931875
lca,2,p287_396_mic2,p287,data\VCTK\wav48_silence_trimmed\p287\p287_396_mic2.flac,p287,1,1,0.32935816049575806,0.32935816049575806,0.28649067878723145,0.04286748170852661,2.931875
lca,3,p287_396_mic2,p287,data\VCTK\wav48_silence_trimmed\p287\p287_396_mic2.flac,p287,1,1,0.31302207708358765,0.31302207708358765,0.2743239402770996,0.03869813680648804,2.931875
original,0,p288_022_mic1,p288,data\VCTK\wav48_silence_trimmed\p288\p288_022_mic1.flac,p288,1,1,0.8329610824584961,0.8329610824584961,0.4884073734283447,0.34455370903015137,7.2305625
base,1,p288_022_mic1,p288,data\VCTK\wav48_silence_trimmed\p288\p288_022_mic1.flac,p257,0,1,0.409022718667984,0.20095287263393402,0.409022718667984,-0.20806984603405,7.2305625
base,2,p288_022_mic1,p288,data\VCTK\wav48_silence_trimmed\p288\p288_022_mic1.flac,p249,0,1,0.4676969051361084,0.31844353675842285,0.4676969051361084,-0.14925336837768555,7.2305625
base,3,p288_022_mic1,p288,data\VCTK\wav48_silence_trimmed\p288\p288_022_mic1.flac,p249,0,1,0.4537338316440582,0.31077566742897034,0.4537338316440582,-0.1429581642150879,7.2305625
lca,1,p288_022_mic1,p288,data\VCTK\wav48_silence_trimmed\p288\p288_022_mic1.flac,p264,0,1,0.36300957202911377,0.09663897752761841,0.36300957202911377,-0.26637059450149536,7.2305625
lca,2,p288_022_mic1,p288,data\VCTK\wav48_silence_trimmed\p288\p288_022_mic1.flac,p299,0,1,0.42610833048820496,0.20600251853466034,0.42610833048820496,-0.22010581195354462,7.2305625
lca,3,p288_022_mic1,p288,data\VCTK\wav48_silence_trimmed\p288\p288_022_mic1.flac,p299,0,1,0.4256734251976013,0.2331029623746872,0.4256734251976013,-0.19257046282291412,7.2305625
original,0,p288_027_mic2,p288,data\VCTK\wav48_silence_trimmed\p288\p288_027_mic2.flac,p288,1,1,0.47974348068237305,0.47974348068237305,0.38568055629730225,0.0940629243850708,2.435375
base,1,p288_027_mic2,p288,data\VCTK\wav48_silence_trimmed\p288\p288_027_mic2.flac,p262,0,1,0.28791481256484985,0.15467919409275055,0.28791481256484985,-0.1332356184720993,2.435375
base,2,p288_027_mic2,p288,data\VCTK\wav48_silence_trimmed\p288\p288_027_mic2.flac,p280,0,1,0.3602335453033447,0.1743609756231308,0.3602335453033447,-0.18587256968021393,2.435375
base,3,p288_027_mic2,p288,data\VCTK\wav48_silence_trimmed\p288\p288_027_mic2.flac,p280,0,1,0.3586331009864807,0.20520278811454773,0.3586331009864807,-0.15343031287193298,2.435375
lca,1,p288_027_mic2,p288,data\VCTK\wav48_silence_trimmed\p288\p288_027_mic2.flac,p261,0,1,0.31817254424095154,0.20297902822494507,0.31817254424095154,-0.11519351601600647,2.435375
lca,2,p288_027_mic2,p288,data\VCTK\wav48_silence_trimmed\p288\p288_027_mic2.flac,p262,0,1,0.43652376532554626,0.253530889749527,0.43652376532554626,-0.1829928755760193,2.435375
lca,3,p288_027_mic2,p288,data\VCTK\wav48_silence_trimmed\p288\p288_027_mic2.flac,p262,0,1,0.4201847314834595,0.23037570714950562,0.4201847314834595,-0.18980902433395386,2.435375
original,0,p288_075_mic2,p288,data\VCTK\wav48_silence_trimmed\p288\p288_075_mic2.flac,p288,1,1,0.86613929271698,0.86613929271698,0.47155916690826416,0.3945801258087158,4.5241875
base,1,p288_075_mic2,p288,data\VCTK\wav48_silence_trimmed\p288\p288_075_mic2.flac,p293,0,1,0.4486426115036011,0.20217399299144745,0.4486426115036011,-0.24646861851215363,4.5241875
base,2,p288_075_mic2,p288,data\VCTK\wav48_silence_trimmed\p288\p288_075_mic2.flac,p257,0,1,0.41287603974342346,0.35350263118743896,0.41287603974342346,-0.0593734085559845,4.5241875
base,3,p288_075_mic2,p288,data\VCTK\wav48_silence_trimmed\p288\p288_075_mic2.flac,p238,0,1,0.3911321759223938,0.38209107518196106,0.3911321759223938,-0.00904110074043274,4.5241875
lca,1,p288_075_mic2,p288,data\VCTK\wav48_silence_trimmed\p288\p288_075_mic2.flac,p280,0,1,0.42057907581329346,0.2756294012069702,0.42057907581329346,-0.14494967460632324,4.5241875
lca,2,p288_075_mic2,p288,data\VCTK\wav48_silence_trimmed\p288\p288_075_mic2.flac,p280,0,1,0.4684573709964752,0.3303757607936859,0.4684573709964752,-0.1380816102027893,4.5241875
lca,3,p288_075_mic2,p288,data\VCTK\wav48_silence_trimmed\p288\p288_075_mic2.flac,p280,0,1,0.42225146293640137,0.31687676906585693,0.42225146293640137,-0.10537469387054443,4.5241875
original,0,p288_302_mic2,p288,data\VCTK\wav48_silence_trimmed\p288\p288_302_mic2.flac,p288,1,1,0.8227148652076721,0.8227148652076721,0.5032764673233032,0.3194383978843689,4.1985625
base,1,p288_302_mic2,p288,data\VCTK\wav48_silence_trimmed\p288\p288_302_mic2.flac,p293,0,1,0.4342088997364044,0.22889164090156555,0.4342088997364044,-0.20531725883483887,4.1985625
base,2,p288_302_mic2,p288,data\VCTK\wav48_silence_trimmed\p288\p288_302_mic2.flac,p250,0,1,0.45421910285949707,0.34739118814468384,0.45421910285949707,-0.10682791471481323,4.1985625
base,3,p288_302_mic2,p288,data\VCTK\wav48_silence_trimmed\p288\p288_302_mic2.flac,p280,0,1,0.4670226275920868,0.38384348154067993,0.4670226275920868,-0.08317914605140686,4.1985625
lca,1,p288_302_mic2,p288,data\VCTK\wav48_silence_trimmed\p288\p288_302_mic2.flac,p293,0,1,0.38237690925598145,0.15383994579315186,0.38237690925598145,-0.2285369634628296,4.1985625
lca,2,p288_302_mic2,p288,data\VCTK\wav48_silence_trimmed\p288\p288_302_mic2.flac,p280,0,1,0.4752647876739502,0.3196727931499481,0.4752647876739502,-0.15559199452400208,4.1985625
lca,3,p288_302_mic2,p288,data\VCTK\wav48_silence_trimmed\p288\p288_302_mic2.flac,p340,0,1,0.5297263860702515,0.3883158266544342,0.5297263860702515,-0.14141055941581726,4.1985625
original,0,p288_360_mic1,p288,data\VCTK\wav48_silence_trimmed\p288\p288_360_mic1.flac,p288,1,1,0.6614309549331665,0.6614309549331665,0.3808751702308655,0.280555784702301,3.1155625
base,1,p288_360_mic1,p288,data\VCTK\wav48_silence_trimmed\p288\p288_360_mic1.flac,p301,0,1,0.4028300940990448,0.16319262981414795,0.4028300940990448,-0.23963746428489685,3.1155625
base,2,p288_360_mic1,p288,data\VCTK\wav48_silence_trimmed\p288\p288_360_mic1.flac,p262,0,1,0.3743162155151367,0.2911136746406555,0.3743162155151367,-0.0832025408744812,3.1155625
base,3,p288_360_mic1,p288,data\VCTK\wav48_silence_trimmed\p288\p288_360_mic1.flac,p262,0,1,0.4041113257408142,0.3588476777076721,0.4041113257408142,-0.04526364803314209,3.1155625
lca,1,p288_360_mic1,p288,data\VCTK\wav48_silence_trimmed\p288\p288_360_mic1.flac,p262,0,1,0.29525992274284363,0.08583226054906845,0.29525992274284363,-0.20942766219377518,3.1155625
lca,2,p288_360_mic1,p288,data\VCTK\wav48_silence_trimmed\p288\p288_360_mic1.flac,p262,0,1,0.40201616287231445,0.1758679300546646,0.40201616287231445,-0.22614823281764984,3.1155625
lca,3,p288_360_mic1,p288,data\VCTK\wav48_silence_trimmed\p288\p288_360_mic1.flac,p262,0,1,0.42409640550613403,0.20525191724300385,0.42409640550613403,-0.2188444882631302,3.1155625
original,0,p292_025_mic1,p292,data\VCTK\wav48_silence_trimmed\p292\p292_025_mic1.flac,p292,1,1,0.7508069276809692,0.7508069276809692,0.48697617650032043,0.2638307511806488,3.0751875
base,1,p292_025_mic1,p292,data\VCTK\wav48_silence_trimmed\p292\p292_025_mic1.flac,p246,0,1,0.3679865896701813,0.18233710527420044,0.3679865896701813,-0.18564948439598083,3.0751875
base,2,p292_025_mic1,p292,data\VCTK\wav48_silence_trimmed\p292\p292_025_mic1.flac,p302,0,1,0.3692512512207031,0.3504524827003479,0.3692512512207031,-0.018798768520355225,3.0751875
base,3,p292_025_mic1,p292,data\VCTK\wav48_silence_trimmed\p292\p292_025_mic1.flac,p292,1,1,0.3784116804599762,0.3784116804599762,0.33504393696784973,0.043367743492126465,3.0751875
lca,1,p292_025_mic1,p292,data\VCTK\wav48_silence_trimmed\p292\p292_025_mic1.flac,p360,0,1,0.3392393887042999,0.14465117454528809,0.3392393887042999,-0.19458821415901184,3.0751875
lca,2,p292_025_mic1,p292,data\VCTK\wav48_silence_trimmed\p292\p292_025_mic1.flac,p271,0,1,0.3175615668296814,0.2073485404253006,0.3175615668296814,-0.1102130264043808,3.0751875
lca,3,p292_025_mic1,p292,data\VCTK\wav48_silence_trimmed\p292\p292_025_mic1.flac,p271,0,1,0.32989513874053955,0.2836829125881195,0.32989513874053955,-0.046212226152420044,3.0751875
original,0,p292_062_mic2,p292,data\VCTK\wav48_silence_trimmed\p292\p292_062_mic2.flac,p292,1,1,0.8004390001296997,0.8004390001296997,0.4646417200565338,0.3357972800731659,3.1165
base,1,p292_062_mic2,p292,data\VCTK\wav48_silence_trimmed\p292\p292_062_mic2.flac,p360,0,1,0.37299036979675293,0.3154970705509186,0.37299036979675293,-0.05749329924583435,3.1165
base,2,p292_062_mic2,p292,data\VCTK\wav48_silence_trimmed\p292\p292_062_mic2.flac,p292,1,1,0.417330801486969,0.417330801486969,0.3436444401741028,0.07368636131286621,3.1165
base,3,p292_062_mic2,p292,data\VCTK\wav48_silence_trimmed\p292\p292_062_mic2.flac,p292,1,1,0.45646727085113525,0.45646727085113525,0.40423065423965454,0.05223661661148071,3.1165
lca,1,p292_062_mic2,p292,data\VCTK\wav48_silence_trimmed\p292\p292_062_mic2.flac,p364,0,1,0.37004968523979187,0.1890932321548462,0.37004968523979187,-0.18095645308494568,3.1165
lca,2,p292_062_mic2,p292,data\VCTK\wav48_silence_trimmed\p292\p292_062_mic2.flac,p364,0,1,0.36300939321517944,0.33592307567596436,0.36300939321517944,-0.027086317539215088,3.1165
lca,3,p292_062_mic2,p292,data\VCTK\wav48_silence_trimmed\p292\p292_062_mic2.flac,p364,0,1,0.4560934603214264,0.43133580684661865,0.4560934603214264,-0.02475765347480774,3.1165
original,0,p292_229_mic2,p292,data\VCTK\wav48_silence_trimmed\p292\p292_229_mic2.flac,p292,1,1,0.6127581596374512,0.6127581596374512,0.38555794954299927,0.2272002100944519,3.391625
base,1,p292_229_mic2,p292,data\VCTK\wav48_silence_trimmed\p292\p292_229_mic2.flac,p364,0,1,0.3002499043941498,0.22161659598350525,0.3002499043941498,-0.07863330841064453,3.391625
base,2,p292_229_mic2,p292,data\VCTK\wav48_silence_trimmed\p292\p292_229_mic2.flac,p360,0,1,0.3447337746620178,0.15493227541446686,0.3447337746620178,-0.18980149924755096,3.391625
base,3,p292_229_mic2,p292,data\VCTK\wav48_silence_trimmed\p292\p292_229_mic2.flac,p363,0,1,0.27439695596694946,0.15267978608608246,0.27439695596694946,-0.121717169880867,3.391625
lca,1,p292_229_mic2,p292,data\VCTK\wav48_silence_trimmed\p292\p292_229_mic2.flac,p347,0,0,0.24686075747013092,0.19495108723640442,0.24686075747013092,-0.0519096702337265,3.391625
lca,2,p292_229_mic2,p292,data\VCTK\wav48_silence_trimmed\p292\p292_229_mic2.flac,p271,0,1,0.2917979955673218,0.2144521176815033,0.2917979955673218,-0.07734587788581848,3.391625
lca,3,p292_229_mic2,p292,data\VCTK\wav48_silence_trimmed\p292\p292_229_mic2.flac,p271,0,1,0.3048884868621826,0.2561052143573761,0.3048884868621826,-0.04878327250480652,3.391625
original,0,p292_254_mic1,p292,data\VCTK\wav48_silence_trimmed\p292\p292_254_mic1.flac,p292,1,1,0.5903307795524597,0.5903307795524597,0.3440708518028259,0.2462599277496338,2.349875
base,1,p292_254_mic1,p292,data\VCTK\wav48_silence_trimmed\p292\p292_254_mic1.flac,p246,0,1,0.2752211391925812,0.07482481747865677,0.2752211391925812,-0.2003963217139244,2.349875
base,2,p292_254_mic1,p292,data\VCTK\wav48_silence_trimmed\p292\p292_254_mic1.flac,p226,0,1,0.32269200682640076,0.1964622586965561,0.32269200682640076,-0.12622974812984467,2.349875
base,3,p292_254_mic1,p292,data\VCTK\wav48_silence_trimmed\p292\p292_254_mic1.flac,p281,0,1,0.29240086674690247,0.22898906469345093,0.29240086674690247,-0.06341180205345154,2.349875
lca,1,p292_254_mic1,p292,data\VCTK\wav48_silence_trimmed\p292\p292_254_mic1.flac,p226,0,1,0.3069903254508972,0.12752000987529755,0.3069903254508972,-0.17947031557559967,2.349875
lca,2,p292_254_mic1,p292,data\VCTK\wav48_silence_trimmed\p292\p292_254_mic1.flac,p281,0,1,0.2740883231163025,0.16518178582191467,0.2740883231163025,-0.10890653729438782,2.349875
lca,3,p292_254_mic1,p292,data\VCTK\wav48_silence_trimmed\p292\p292_254_mic1.flac,p226,0,1,0.307068794965744,0.2109118103981018,0.307068794965744,-0.09615698456764221,2.349875
original,0,p292_358_mic2,p292,data\VCTK\wav48_silence_trimmed\p292\p292_358_mic2.flac,p292,1,1,0.6357537508010864,0.6357537508010864,0.2973969578742981,0.33835679292678833,2.6484375
base,1,p292_358_mic2,p292,data\VCTK\wav48_silence_trimmed\p292\p292_358_mic2.flac,p364,0,1,0.27130624651908875,0.25847554206848145,0.27130624651908875,-0.0128307044506073,2.6484375
base,2,p292_358_mic2,p292,data\VCTK\wav48_silence_trimmed\p292\p292_358_mic2.flac,p345,0,1,0.3299523890018463,0.29558295011520386,0.3299523890018463,-0.034369438886642456,2.6484375
base,3,p292_358_mic2,p292,data\VCTK\wav48_silence_trimmed\p292\p292_358_mic2.flac,p345,0,1,0.2928448021411896,0.24787048995494843,0.2928448021411896,-0.04497431218624115,2.6484375
lca,1,p292_358_mic2,p292,data\VCTK\wav48_silence_trimmed\p292\p292_358_mic2.flac,p311,0,1,0.37066230177879333,0.19642701745033264,0.37066230177879333,-0.1742352843284607,2.6484375
lca,2,p292_358_mic2,p292,data\VCTK\wav48_silence_trimmed\p292\p292_358_mic2.flac,p311,0,1,0.35905152559280396,0.2905977964401245,0.35905152559280396,-0.06845372915267944,2.6484375
lca,3,p292_358_mic2,p292,data\VCTK\wav48_silence_trimmed\p292\p292_358_mic2.flac,p311,0,1,0.31551459431648254,0.28957599401474,0.31551459431648254,-0.025938600301742554,2.6484375
original,0,p293_047_mic2,p293,data\VCTK\wav48_silence_trimmed\p293\p293_047_mic2.flac,p293,1,1,0.651955246925354,0.651955246925354,0.4032045900821686,0.24875065684318542,2.8634375
base,1,p293_047_mic2,p293,data\VCTK\wav48_silence_trimmed\p293\p293_047_mic2.flac,p301,0,1,0.45753470063209534,0.30524978041648865,0.45753470063209534,-0.1522849202156067,2.8634375
base,2,p293_047_mic2,p293,data\VCTK\wav48_silence_trimmed\p293\p293_047_mic2.flac,p301,0,1,0.3711884319782257,0.34900152683258057,0.3711884319782257,-0.02218690514564514,2.8634375
base,3,p293_047_mic2,p293,data\VCTK\wav48_silence_trimmed\p293\p293_047_mic2.flac,p293,1,1,0.37099435925483704,0.37099435925483704,0.3621271848678589,0.00886717438697815,2.8634375
lca,1,p293_047_mic2,p293,data\VCTK\wav48_silence_trimmed\p293\p293_047_mic2.flac,p293,1,1,0.37146180868148804,0.37146180868148804,0.35904958844184875,0.012412220239639282,2.8634375
lca,2,p293_047_mic2,p293,data\VCTK\wav48_silence_trimmed\p293\p293_047_mic2.flac,p293,1,1,0.4249340891838074,0.4249340891838074,0.3703292906284332,0.054604798555374146,2.8634375
lca,3,p293_047_mic2,p293,data\VCTK\wav48_silence_trimmed\p293\p293_047_mic2.flac,p293,1,1,0.38909077644348145,0.38909077644348145,0.34819257259368896,0.04089820384979248,2.8634375
original,0,p293_137_mic2,p293,data\VCTK\wav48_silence_trimmed\p293\p293_137_mic2.flac,p293,1,1,0.6242365837097168,0.6242365837097168,0.4723803400993347,0.15185624361038208,6.44575
base,1,p293_137_mic2,p293,data\VCTK\wav48_silence_trimmed\p293\p293_137_mic2.flac,p280,0,1,0.2829727530479431,0.2423291951417923,0.2829727530479431,-0.04064355790615082,6.44575
base,2,p293_137_mic2,p293,data\VCTK\wav48_silence_trimmed\p293\p293_137_mic2.flac,p295,0,1,0.40676963329315186,0.3905193507671356,0.40676963329315186,-0.016250282526016235,6.44575
base,3,p293_137_mic2,p293,data\VCTK\wav48_silence_trimmed\p293\p293_137_mic2.flac,p295,0,1,0.41354048252105713,0.40015238523483276,0.41354048252105713,-0.013388097286224365,6.44575
lca,1,p293_137_mic2,p293,data\VCTK\wav48_silence_trimmed\p293\p293_137_mic2.flac,p295,0,1,0.3697381019592285,0.27658435702323914,0.3697381019592285,-0.09315374493598938,6.44575
lca,2,p293_137_mic2,p293,data\VCTK\wav48_silence_trimmed\p293\p293_137_mic2.flac,p293,1,1,0.460064172744751,0.460064172744751,0.42707762122154236,0.03298655152320862,6.44575
lca,3,p293_137_mic2,p293,data\VCTK\wav48_silence_trimmed\p293\p293_137_mic2.flac,p262,0,1,0.4257771074771881,0.3852059245109558,0.4257771074771881,-0.0405711829662323,6.44575
original,0,p293_320_mic1,p293,data\VCTK\wav48_silence_trimmed\p293\p293_320_mic1.flac,p293,1,1,0.6967383623123169,0.6967383623123169,0.42559099197387695,0.27114737033843994,3.8025625
base,1,p293_320_mic1,p293,data\VCTK\wav48_silence_trimmed\p293\p293_320_mic1.flac,p293,1,1,0.377793550491333,0.377793550491333,0.3445322811603546,0.033261269330978394,3.8025625
base,2,p293_320_mic1,p293,data\VCTK\wav48_silence_trimmed\p293\p293_320_mic1.flac,p293,1,1,0.49396729469299316,0.49396729469299316,0.47687670588493347,0.017090588808059692,3.8025625
base,3,p293_320_mic1,p293,data\VCTK\wav48_silence_trimmed\p293\p293_320_mic1.flac,p293,1,1,0.5365927815437317,0.5365927815437317,0.4391339421272278,0.0974588394165039,3.8025625
lca,1,p293_320_mic1,p293,data\VCTK\wav48_silence_trimmed\p293\p293_320_mic1.flac,p295,0,1,0.3643251061439514,0.3083105981349945,0.3643251061439514,-0.05601450800895691,3.8025625
lca,2,p293_320_mic1,p293,data\VCTK\wav48_silence_trimmed\p293\p293_320_mic1.flac,p293,1,1,0.4518120288848877,0.4518120288848877,0.3888760507106781,0.0629359781742096,3.8025625
lca,3,p293_320_mic1,p293,data\VCTK\wav48_silence_trimmed\p293\p293_320_mic1.flac,p293,1,1,0.4936445355415344,0.4936445355415344,0.4461784362792969,0.04746609926223755,3.8025625
original,0,p293_354_mic2,p293,data\VCTK\wav48_silence_trimmed\p293\p293_354_mic2.flac,p293,1,1,0.7282744646072388,0.7282744646072388,0.4587780237197876,0.26949644088745117,3.5908125
base,1,p293_354_mic2,p293,data\VCTK\wav48_silence_trimmed\p293\p293_354_mic2.flac,p301,0,1,0.403000146150589,0.32007208466529846,0.403000146150589,-0.08292806148529053,3.5908125
base,2,p293_354_mic2,p293,data\VCTK\wav48_silence_trimmed\p293\p293_354_mic2.flac,p293,1,1,0.4944935142993927,0.4944935142993927,0.4547555446624756,0.039737969636917114,3.5908125
base,3,p293_354_mic2,p293,data\VCTK\wav48_silence_trimmed\p293\p293_354_mic2.flac,p293,1,1,0.5172103643417358,0.5172103643417358,0.5061874985694885,0.011022865772247314,3.5908125
lca,1,p293_354_mic2,p293,data\VCTK\wav48_silence_trimmed\p293\p293_354_mic2.flac,p293,1,1,0.3996419608592987,0.3996419608592987,0.39711499214172363,0.0025269687175750732,3.5908125
lca,2,p293_354_mic2,p293,data\VCTK\wav48_silence_trimmed\p293\p293_354_mic2.flac,p293,1,1,0.5185657143592834,0.5185657143592834,0.42046862840652466,0.09809708595275879,3.5908125
lca,3,p293_354_mic2,p293,data\VCTK\wav48_silence_trimmed\p293\p293_354_mic2.flac,p293,1,1,0.5536108016967773,0.5536108016967773,0.4427488446235657,0.11086195707321167,3.5908125
original,0,p293_382_mic2,p293,data\VCTK\wav48_silence_trimmed\p293\p293_382_mic2.flac,p293,1,1,0.7364751100540161,0.7364751100540161,0.4427768290042877,0.2936982810497284,4.28975
base,1,p293_382_mic2,p293,data\VCTK\wav48_silence_trimmed\p293\p293_382_mic2.flac,p231,0,1,0.30791473388671875,0.30507490038871765,0.30791473388671875,-0.0028398334980010986,4.28975
base,2,p293_382_mic2,p293,data\VCTK\wav48_silence_trimmed\p293\p293_382_mic2.flac,p293,1,1,0.49385035037994385,0.49385035037994385,0.4096612334251404,0.08418911695480347,4.28975
base,3,p293_382_mic2,p293,data\VCTK\wav48_silence_trimmed\p293\p293_382_mic2.flac,p293,1,1,0.49480900168418884,0.49480900168418884,0.44798797369003296,0.046821027994155884,4.28975
lca,1,p293_382_mic2,p293,data\VCTK\wav48_silence_trimmed\p293\p293_382_mic2.flac,p293,1,1,0.39419811964035034,0.39419811964035034,0.3294980525970459,0.06470006704330444,4.28975
lca,2,p293_382_mic2,p293,data\VCTK\wav48_silence_trimmed\p293\p293_382_mic2.flac,p293,1,1,0.37460142374038696,0.37460142374038696,0.3285486102104187,0.04605281352996826,4.28975
lca,3,p293_382_mic2,p293,data\VCTK\wav48_silence_trimmed\p293\p293_382_mic2.flac,p293,1,1,0.42645251750946045,0.42645251750946045,0.33876147866249084,0.0876910388469696,4.28975
original,0,p294_120_mic2,p294,data\VCTK\wav48_silence_trimmed\p294\p294_120_mic2.flac,p294,1,1,0.7328861951828003,0.7328861951828003,0.3830415606498718,0.34984463453292847,2.9969375
base,1,p294_120_mic2,p294,data\VCTK\wav48_silence_trimmed\p294\p294_120_mic2.flac,p301,0,1,0.36184078454971313,0.25851088762283325,0.36184078454971313,-0.10332989692687988,2.9969375
base,2,p294_120_mic2,p294,data\VCTK\wav48_silence_trimmed\p294\p294_120_mic2.flac,p301,0,1,0.3124740719795227,0.2949367165565491,0.3124740719795227,-0.017537355422973633,2.9969375
base,3,p294_120_mic2,p294,data\VCTK\wav48_silence_trimmed\p294\p294_120_mic2.flac,p294,1,1,0.41475576162338257,0.41475576162338257,0.3755398988723755,0.03921586275100708,2.9969375
lca,1,p294_120_mic2,p294,data\VCTK\wav48_silence_trimmed\p294\p294_120_mic2.flac,p225,0,1,0.299580454826355,0.18535301089286804,0.299580454826355,-0.11422744393348694,2.9969375
lca,2,p294_120_mic2,p294,data\VCTK\wav48_silence_trimmed\p294\p294_120_mic2.flac,p262,0,1,0.3926689922809601,0.32320094108581543,0.3926689922809601,-0.06946805119514465,2.9969375
lca,3,p294_120_mic2,p294,data\VCTK\wav48_silence_trimmed\p294\p294_120_mic2.flac,p262,0,1,0.48245614767074585,0.38748040795326233,0.48245614767074585,-0.09497573971748352,2.9969375
original,0,p294_183_mic2,p294,data\VCTK\wav48_silence_trimmed\p294\p294_183_mic2.flac,p294,1,1,0.6087024211883545,0.6087024211883545,0.3234952688217163,0.2852071523666382,3.160625
base,1,p294_183_mic2,p294,data\VCTK\wav48_silence_trimmed\p294\p294_183_mic2.flac,p262,0,1,0.4533925950527191,0.3380754590034485,0.4533925950527191,-0.11531713604927063,3.160625
base,2,p294_183_mic2,p294,data\VCTK\wav48_silence_trimmed\p294\p294_183_mic2.flac,p308,0,1,0.34791988134384155,0.26482468843460083,0.34791988134384155,-0.08309519290924072,3.160625
base,3,p294_183_mic2,p294,data\VCTK\wav48_silence_trimmed\p294\p294_183_mic2.flac,p301,0,1,0.36287856101989746,0.28230077028274536,0.36287856101989746,-0.0805777907371521,3.160625
lca,1,p294_183_mic2,p294,data\VCTK\wav48_silence_trimmed\p294\p294_183_mic2.flac,p295,0,1,0.35783445835113525,0.20205846428871155,0.35783445835113525,-0.1557759940624237,3.160625
lca,2,p294_183_mic2,p294,data\VCTK\wav48_silence_trimmed\p294\p294_183_mic2.flac,p343,0,1,0.36274102330207825,0.20725640654563904,0.36274102330207825,-0.1554846167564392,3.160625
lca,3,p294_183_mic2,p294,data\VCTK\wav48_silence_trimmed\p294\p294_183_mic2.flac,p262,0,1,0.3672621250152588,0.22318440675735474,0.3672621250152588,-0.14407771825790405,3.160625
original,0,p294_302_mic1,p294,data\VCTK\wav48_silence_trimmed\p294\p294_302_mic1.flac,p294,1,1,0.6826284527778625,0.6826284527778625,0.4021087884902954,0.28051966428756714,3.1028125
base,1,p294_302_mic1,p294,data\VCTK\wav48_silence_trimmed\p294\p294_302_mic1.flac,p261,0,1,0.26557713747024536,0.1716827154159546,0.26557713747024536,-0.09389442205429077,3.1028125
base,2,p294_302_mic1,p294,data\VCTK\wav48_silence_trimmed\p294\p294_302_mic1.flac,p301,0,1,0.4234810471534729,0.32976233959198,0.4234810471534729,-0.09371870756149292,3.1028125
base,3,p294_302_mic1,p294,data\VCTK\wav48_silence_trimmed\p294\p294_302_mic1.flac,p301,0,1,0.4675125479698181,0.36146461963653564,0.4675125479698181,-0.10604792833328247,3.1028125
lca,1,p294_302_mic1,p294,data\VCTK\wav48_silence_trimmed\p294\p294_302_mic1.flac,p261,0,1,0.2701549530029297,0.18766209483146667,0.2701549530029297,-0.08249285817146301,3.1028125
lca,2,p294_302_mic1,p294,data\VCTK\wav48_silence_trimmed\p294\p294_302_mic1.flac,p262,0,1,0.4509468376636505,0.3505626618862152,0.4509468376636505,-0.1003841757774353,3.1028125
lca,3,p294_302_mic1,p294,data\VCTK\wav48_silence_trimmed\p294\p294_302_mic1.flac,p262,0,1,0.4330824315547943,0.40939444303512573,0.4330824315547943,-0.02368798851966858,3.1028125
original,0,p294_303_mic1,p294,data\VCTK\wav48_silence_trimmed\p294\p294_303_mic1.flac,p294,1,1,0.7477652430534363,0.7477652430534363,0.34968864917755127,0.398076593875885,3.0681875
base,1,p294_303_mic1,p294,data\VCTK\wav48_silence_trimmed\p294\p294_303_mic1.flac,p343,0,1,0.30190175771713257,0.2679075598716736,0.30190175771713257,-0.033994197845458984,3.0681875
base,2,p294_303_mic1,p294,data\VCTK\wav48_silence_trimmed\p294\p294_303_mic1.flac,p294,1,1,0.420631468296051,0.420631468296051,0.4013140797615051,0.0193173885345459,3.0681875
base,3,p294_303_mic1,p294,data\VCTK\wav48_silence_trimmed\p294\p294_303_mic1.flac,p301,0,1,0.42378997802734375,0.42295002937316895,0.42378997802734375,-0.0008399486541748047,3.0681875
lca,1,p294_303_mic1,p294,data\VCTK\wav48_silence_trimmed\p294\p294_303_mic1.flac,p271,0,1,0.29946187138557434,0.2153318226337433,0.29946187138557434,-0.08413004875183105,3.0681875
lca,2,p294_303_mic1,p294,data\VCTK\wav48_silence_trimmed\p294\p294_303_mic1.flac,p262,0,1,0.3986596167087555,0.39377933740615845,0.3986596167087555,-0.004880279302597046,3.0681875
lca,3,p294_303_mic1,p294,data\VCTK\wav48_silence_trimmed\p294\p294_303_mic1.flac,p262,0,1,0.4078230857849121,0.40317779779434204,0.4078230857849121,-0.004645287990570068,3.0681875
original,0,p294_383_mic1,p294,data\VCTK\wav48_silence_trimmed\p294\p294_383_mic1.flac,p294,1,1,0.7216091156005859,0.7216091156005859,0.46349239349365234,0.2581167221069336,2.738625
base,1,p294_383_mic1,p294,data\VCTK\wav48_silence_trimmed\p294\p294_383_mic1.flac,p301,0,1,0.338357150554657,0.29139697551727295,0.338357150554657,-0.04696017503738403,2.738625
base,2,p294_383_mic1,p294,data\VCTK\wav48_silence_trimmed\p294\p294_383_mic1.flac,p301,0,1,0.39014744758605957,0.37139856815338135,0.39014744758605957,-0.018748879432678223,2.738625
base,3,p294_383_mic1,p294,data\VCTK\wav48_silence_trimmed\p294\p294_383_mic1.flac,p301,0,1,0.3630204200744629,0.343360036611557,0.3630204200744629,-0.019660383462905884,2.738625
lca,1,p294_383_mic1,p294,data\VCTK\wav48_silence_trimmed\p294\p294_383_mic1.flac,p262,0,1,0.3441994786262512,0.2736329734325409,0.3441994786262512,-0.07056650519371033,2.738625
lca,2,p294_383_mic1,p294,data\VCTK\wav48_silence_trimmed\p294\p294_383_mic1.flac,p301,0,1,0.5166851282119751,0.40960898995399475,0.5166851282119751,-0.10707613825798035,2.738625
lca,3,p294_383_mic1,p294,data\VCTK\wav48_silence_trimmed\p294\p294_383_mic1.flac,p301,0,1,0.38815274834632874,0.35768306255340576,0.38815274834632874,-0.030469685792922974,2.738625
original,0,p295_081_mic1,p295,data\VCTK\wav48_silence_trimmed\p295\p295_081_mic1.flac,p295,1,1,0.6522095203399658,0.6522095203399658,0.47406306862831116,0.17814645171165466,3.6658125
base,1,p295_081_mic1,p295,data\VCTK\wav48_silence_trimmed\p295\p295_081_mic1.flac,p225,0,1,0.3663783371448517,0.24913501739501953,0.3663783371448517,-0.11724331974983215,3.6658125
base,2,p295_081_mic1,p295,data\VCTK\wav48_silence_trimmed\p295\p295_081_mic1.flac,p262,0,1,0.48241227865219116,0.38102176785469055,0.48241227865219116,-0.10139051079750061,3.6658125
base,3,p295_081_mic1,p295,data\VCTK\wav48_silence_trimmed\p295\p295_081_mic1.flac,p262,0,1,0.535350501537323,0.4057849943637848,0.535350501537323,-0.1295655071735382,3.6658125
lca,1,p295_081_mic1,p295,data\VCTK\wav48_silence_trimmed\p295\p295_081_mic1.flac,p280,0,1,0.39872050285339355,0.30373290181159973,0.39872050285339355,-0.09498760104179382,3.6658125
lca,2,p295_081_mic1,p295,data\VCTK\wav48_silence_trimmed\p295\p295_081_mic1.flac,p262,0,1,0.5194316506385803,0.3987845182418823,0.5194316506385803,-0.120647132396698,3.6658125
lca,3,p295_081_mic1,p295,data\VCTK\wav48_silence_trimmed\p295\p295_081_mic1.flac,p262,0,1,0.5037325620651245,0.4245965778827667,0.5037325620651245,-0.07913598418235779,3.6658125
original,0,p295_155_mic1,p295,data\VCTK\wav48_silence_trimmed\p295\p295_155_mic1.flac,p295,1,1,0.5984716415405273,0.5984716415405273,0.3758676052093506,0.22260403633117676,3.4994375
base,1,p295_155_mic1,p295,data\VCTK\wav48_silence_trimmed\p295\p295_155_mic1.flac,p318,0,1,0.3214663565158844,0.29371774196624756,0.3214663565158844,-0.02774861454963684,3.4994375
base,2,p295_155_mic1,p295,data\VCTK\wav48_silence_trimmed\p295\p295_155_mic1.flac,p295,1,1,0.39318227767944336,0.39318227767944336,0.3304140865802765,0.06276819109916687,3.4994375
base,3,p295_155_mic1,p295,data\VCTK\wav48_silence_trimmed\p295\p295_155_mic1.flac,p295,1,1,0.465128093957901,0.465128093957901,0.34369009733200073,0.12143799662590027,3.4994375
lca,1,p295_155_mic1,p295,data\VCTK\wav48_silence_trimmed\p295\p295_155_mic1.flac,p300,0,1,0.36421874165534973,0.24341514706611633,0.36421874165534973,-0.1208035945892334,3.4994375
lca,2,p295_155_mic1,p295,data\VCTK\wav48_silence_trimmed\p295\p295_155_mic1.flac,p300,0,1,0.45210325717926025,0.33763837814331055,0.45210325717926025,-0.11446487903594971,3.4994375
lca,3,p295_155_mic1,p295,data\VCTK\wav48_silence_trimmed\p295\p295_155_mic1.flac,p300,0,1,0.5075664520263672,0.4065338373184204,0.5075664520263672,-0.10103261470794678,3.4994375
original,0,p295_310_mic1,p295,data\VCTK\wav48_silence_trimmed\p295\p295_310_mic1.flac,p295,1,1,0.6574323177337646,0.6574323177337646,0.5866373777389526,0.07079493999481201,3.802
base,1,p295_310_mic1,p295,data\VCTK\wav48_silence_trimmed\p295\p295_310_mic1.flac,p293,0,1,0.3372012972831726,0.324593722820282,0.3372012972831726,-0.012607574462890625,3.802
base,2,p295_310_mic1,p295,data\VCTK\wav48_silence_trimmed\p295\p295_310_mic1.flac,p295,1,1,0.4686010479927063,0.4686010479927063,0.4569872319698334,0.011613816022872925,3.802
base,3,p295_310_mic1,p295,data\VCTK\wav48_silence_trimmed\p295\p295_310_mic1.flac,p295,1,1,0.515317440032959,0.515317440032959,0.43808239698410034,0.07723504304885864,3.802
lca,1,p295_310_mic1,p295,data\VCTK\wav48_silence_trimmed\p295\p295_310_mic1.flac,p261,0,1,0.33522072434425354,0.30212152004241943,0.33522072434425354,-0.033099204301834106,3.802
lca,2,p295_310_mic1,p295,data\VCTK\wav48_silence_trimmed\p295\p295_310_mic1.flac,p340,0,1,0.4472850561141968,0.4193798899650574,0.4472850561141968,-0.027905166149139404,3.802
lca,3,p295_310_mic1,p295,data\VCTK\wav48_silence_trimmed\p295\p295_310_mic1.flac,p340,0,1,0.45551079511642456,0.44011080265045166,0.45551079511642456,-0.0153999924659729,3.802
original,0,p295_365_mic2,p295,data\VCTK\wav48_silence_trimmed\p295\p295_365_mic2.flac,p295,1,1,0.7590405344963074,0.7590405344963074,0.3762962520122528,0.38274428248405457,3.588375
base,1,p295_365_mic2,p295,data\VCTK\wav48_silence_trimmed\p295\p295_365_mic2.flac,p293,0,1,0.4726983904838562,0.3663522005081177,0.4726983904838562,-0.10634618997573853,3.588375
base,2,p295_365_mic2,p295,data\VCTK\wav48_silence_trimmed\p295\p295_365_mic2.flac,p293,0,1,0.46953463554382324,0.45969468355178833,0.46953463554382324,-0.009839951992034912,3.588375
base,3,p295_365_mic2,p295,data\VCTK\wav48_silence_trimmed\p295\p295_365_mic2.flac,p295,1,1,0.5294046998023987,0.5294046998023987,0.49988484382629395,0.029519855976104736,3.588375
lca,1,p295_365_mic2,p295,data\VCTK\wav48_silence_trimmed\p295\p295_365_mic2.flac,p295,1,1,0.37935686111450195,0.37935686111450195,0.3531143367290497,0.02624252438545227,3.588375
lca,2,p295_365_mic2,p295,data\VCTK\wav48_silence_trimmed\p295\p295_365_mic2.flac,p295,1,1,0.4412059783935547,0.4412059783935547,0.4319184720516205,0.009287506341934204,3.588375
lca,3,p295_365_mic2,p295,data\VCTK\wav48_silence_trimmed\p295\p295_365_mic2.flac,p295,1,1,0.44287750124931335,0.44287750124931335,0.4252064526081085,0.017671048641204834,3.588375
original,0,p295_400_mic1,p295,data\VCTK\wav48_silence_trimmed\p295\p295_400_mic1.flac,p295,1,1,0.6778246164321899,0.6778246164321899,0.42015621066093445,0.2576684057712555,3.3313125
base,1,p295_400_mic1,p295,data\VCTK\wav48_silence_trimmed\p295\p295_400_mic1.flac,p295,1,1,0.46763741970062256,0.46763741970062256,0.4279792904853821,0.03965812921524048,3.3313125
base,2,p295_400_mic1,p295,data\VCTK\wav48_silence_trimmed\p295\p295_400_mic1.flac,p295,1,1,0.5335360169410706,0.5335360169410706,0.4284675121307373,0.10506850481033325,3.3313125
base,3,p295_400_mic1,p295,data\VCTK\wav48_silence_trimmed\p295\p295_400_mic1.flac,p295,1,1,0.5627834796905518,0.5627834796905518,0.41185447573661804,0.15092900395393372,3.3313125
lca,1,p295_400_mic1,p295,data\VCTK\wav48_silence_trimmed\p295\p295_400_mic1.flac,p295,1,1,0.4053958058357239,0.4053958058357239,0.37876051664352417,0.026635289192199707,3.3313125
lca,2,p295_400_mic1,p295,data\VCTK\wav48_silence_trimmed\p295\p295_400_mic1.flac,p295,1,1,0.4451189339160919,0.4451189339160919,0.3809273838996887,0.0641915500164032,3.3313125
lca,3,p295_400_mic1,p295,data\VCTK\wav48_silence_trimmed\p295\p295_400_mic1.flac,p300,0,1,0.42534852027893066,0.4236263930797577,0.42534852027893066,-0.0017221271991729736,3.3313125
original,0,p297_079_mic2,p297,data\VCTK\wav48_silence_trimmed\p297\p297_079_mic2.flac,p297,1,1,0.6748745441436768,0.6748745441436768,0.38887640833854675,0.28599813580513,3.191375
base,1,p297_079_mic2,p297,data\VCTK\wav48_silence_trimmed\p297\p297_079_mic2.flac,p257,0,1,0.30822306871414185,0.08253470063209534,0.30822306871414185,-0.2256883680820465,3.191375
base,2,p297_079_mic2,p297,data\VCTK\wav48_silence_trimmed\p297\p297_079_mic2.flac,p262,0,1,0.3733353614807129,0.15681880712509155,0.3733353614807129,-0.21651655435562134,3.191375
base,3,p297_079_mic2,p297,data\VCTK\wav48_silence_trimmed\p297\p297_079_mic2.flac,p268,0,1,0.4122631549835205,0.16089606285095215,0.4122631549835205,-0.25136709213256836,3.191375
lca,1,p297_079_mic2,p297,data\VCTK\wav48_silence_trimmed\p297\p297_079_mic2.flac,p280,0,1,0.42050355672836304,0.07747964560985565,0.42050355672836304,-0.3430239111185074,3.191375
lca,2,p297_079_mic2,p297,data\VCTK\wav48_silence_trimmed\p297\p297_079_mic2.flac,p280,0,1,0.4502624571323395,0.18162478506565094,0.4502624571323395,-0.26863767206668854,3.191375
lca,3,p297_079_mic2,p297,data\VCTK\wav48_silence_trimmed\p297\p297_079_mic2.flac,p339,0,1,0.3817704916000366,0.19150683283805847,0.3817704916000366,-0.19026365876197815,3.191375
original,0,p297_186_mic2,p297,data\VCTK\wav48_silence_trimmed\p297\p297_186_mic2.flac,p297,1,1,0.5163179636001587,0.5163179636001587,0.352941632270813,0.1633763313293457,3.6275625
base,1,p297_186_mic2,p297,data\VCTK\wav48_silence_trimmed\p297\p297_186_mic2.flac,p343,0,1,0.3563990890979767,0.14221617579460144,0.3563990890979767,-0.21418291330337524,3.6275625
base,2,p297_186_mic2,p297,data\VCTK\wav48_silence_trimmed\p297\p297_186_mic2.flac,p343,0,1,0.353324294090271,0.21543139219284058,0.353324294090271,-0.13789290189743042,3.6275625
base,3,p297_186_mic2,p297,data\VCTK\wav48_silence_trimmed\p297\p297_186_mic2.flac,p230,0,1,0.3696828782558441,0.2358802706003189,0.3696828782558441,-0.1338026076555252,3.6275625
lca,1,p297_186_mic2,p297,data\VCTK\wav48_silence_trimmed\p297\p297_186_mic2.flac,p343,0,1,0.38909879326820374,0.07806779444217682,0.38909879326820374,-0.3110309988260269,3.6275625
lca,2,p297_186_mic2,p297,data\VCTK\wav48_silence_trimmed\p297\p297_186_mic2.flac,p343,0,1,0.38224250078201294,0.01618855819106102,0.38224250078201294,-0.3660539425909519,3.6275625
lca,3,p297_186_mic2,p297,data\VCTK\wav48_silence_trimmed\p297\p297_186_mic2.flac,p308,0,1,0.34885329008102417,0.12493444979190826,0.34885329008102417,-0.2239188402891159,3.6275625
original,0,p297_357_mic1,p297,data\VCTK\wav48_silence_trimmed\p297\p297_357_mic1.flac,p297,1,1,0.7829955220222473,0.7829955220222473,0.365331768989563,0.4176637530326843,3.243375
base,1,p297_357_mic1,p297,data\VCTK\wav48_silence_trimmed\p297\p297_357_mic1.flac,p330,0,1,0.3521144390106201,0.1502932906150818,0.3521144390106201,-0.20182114839553833,3.243375
base,2,p297_357_mic1,p297,data\VCTK\wav48_silence_trimmed\p297\p297_357_mic1.flac,p262,0,1,0.36349594593048096,0.2892676293849945,0.36349594593048096,-0.07422831654548645,3.243375
base,3,p297_357_mic1,p297,data\VCTK\wav48_silence_trimmed\p297\p297_357_mic1.flac,p362,0,1,0.3723267912864685,0.35279780626296997,0.3723267912864685,-0.019528985023498535,3.243375
lca,1,p297_357_mic1,p297,data\VCTK\wav48_silence_trimmed\p297\p297_357_mic1.flac,p262,0,1,0.3665328919887543,0.005588643252849579,0.3665328919887543,-0.3609442487359047,3.243375
lca,2,p297_357_mic1,p297,data\VCTK\wav48_silence_trimmed\p297\p297_357_mic1.flac,p262,0,1,0.4045390486717224,0.19855932891368866,0.4045390486717224,-0.20597971975803375,3.243375
lca,3,p297_357_mic1,p297,data\VCTK\wav48_silence_trimmed\p297\p297_357_mic1.flac,p262,0,1,0.3421242833137512,0.2243158519268036,0.3421242833137512,-0.11780843138694763,3.243375
original,0,p297_390_mic1,p297,data\VCTK\wav48_silence_trimmed\p297\p297_390_mic1.flac,p297,1,1,0.6893633008003235,0.6893633008003235,0.3673211634159088,0.3220421373844147,3.2730625
base,1,p297_390_mic1,p297,data\VCTK\wav48_silence_trimmed\p297\p297_390_mic1.flac,p318,0,1,0.3465508818626404,0.14725017547607422,0.3465508818626404,-0.19930070638656616,3.2730625
base,2,p297_390_mic1,p297,data\VCTK\wav48_silence_trimmed\p297\p297_390_mic1.flac,p267,0,1,0.38032639026641846,0.22634777426719666,0.38032639026641846,-0.1539786159992218,3.2730625
base,3,p297_390_mic1,p297,data\VCTK\wav48_silence_trimmed\p297\p297_390_mic1.flac,p267,0,1,0.39091935753822327,0.3111327290534973,0.39091935753822327,-0.07978662848472595,3.2730625
lca,1,p297_390_mic1,p297,data\VCTK\wav48_silence_trimmed\p297\p297_390_mic1.flac,p314,0,1,0.38357582688331604,0.19988754391670227,0.38357582688331604,-0.18368828296661377,3.2730625
lca,2,p297_390_mic1,p297,data\VCTK\wav48_silence_trimmed\p297\p297_390_mic1.flac,p280,0,1,0.3733507990837097,0.12146319448947906,0.3733507990837097,-0.25188760459423065,3.2730625
lca,3,p297_390_mic1,p297,data\VCTK\wav48_silence_trimmed\p297\p297_390_mic1.flac,p280,0,1,0.42557308077812195,0.1398816853761673,0.42557308077812195,-0.28569139540195465,3.2730625
original,0,p297_408_mic2,p297,data\VCTK\wav48_silence_trimmed\p297\p297_408_mic2.flac,p297,1,1,0.7381237745285034,0.7381237745285034,0.38212454319000244,0.355999231338501,3.972375
base,1,p297_408_mic2,p297,data\VCTK\wav48_silence_trimmed\p297\p297_408_mic2.flac,p301,0,1,0.38487058877944946,0.19750285148620605,0.38487058877944946,-0.1873677372932434,3.972375
base,2,p297_408_mic2,p297,data\VCTK\wav48_silence_trimmed\p297\p297_408_mic2.flac,p318,0,1,0.3743566870689392,0.36764994263648987,0.3743566870689392,-0.006706744432449341,3.972375
base,3,p297_408_mic2,p297,data\VCTK\wav48_silence_trimmed\p297\p297_408_mic2.flac,p297,1,1,0.4096601605415344,0.4096601605415344,0.3665043115615845,0.04315584897994995,3.972375
lca,1,p297_408_mic2,p297,data\VCTK\wav48_silence_trimmed\p297\p297_408_mic2.flac,p261,0,1,0.35143327713012695,0.05493041127920151,0.35143327713012695,-0.29650286585092545,3.972375
lca,2,p297_408_mic2,p297,data\VCTK\wav48_silence_trimmed\p297\p297_408_mic2.flac,p262,0,1,0.3620103597640991,0.22739744186401367,0.3620103597640991,-0.13461291790008545,3.972375
lca,3,p297_408_mic2,p297,data\VCTK\wav48_silence_trimmed\p297\p297_408_mic2.flac,p262,0,1,0.38310515880584717,0.22511844336986542,0.38310515880584717,-0.15798671543598175,3.972375
original,0,p298_030_mic1,p298,data\VCTK\wav48_silence_trimmed\p298\p298_030_mic1.flac,p298,1,1,0.6181362867355347,0.6181362867355347,0.3406631350517273,0.2774731516838074,3.756375
base,1,p298_030_mic1,p298,data\VCTK\wav48_silence_trimmed\p298\p298_030_mic1.flac,p360,0,1,0.3338963985443115,0.24259187281131744,0.3338963985443115,-0.09130452573299408,3.756375
base,2,p298_030_mic1,p298,data\VCTK\wav48_silence_trimmed\p298\p298_030_mic1.flac,p246,0,1,0.40882405638694763,0.40576887130737305,0.40882405638694763,-0.003055185079574585,3.756375
base,3,p298_030_mic1,p298,data\VCTK\wav48_silence_trimmed\p298\p298_030_mic1.flac,p298,1,1,0.41762933135032654,0.41762933135032654,0.3600611686706543,0.05756816267967224,3.756375
lca,1,p298_030_mic1,p298,data\VCTK\wav48_silence_trimmed\p298\p298_030_mic1.flac,p271,0,1,0.3190062940120697,0.2713707387447357,0.3190062940120697,-0.047635555267333984,3.756375
lca,2,p298_030_mic1,p298,data\VCTK\wav48_silence_trimmed\p298\p298_030_mic1.flac,p271,0,1,0.3881176710128784,0.35603106021881104,0.3881176710128784,-0.03208661079406738,3.756375
lca,3,p298_030_mic1,p298,data\VCTK\wav48_silence_trimmed\p298\p298_030_mic1.flac,p298,1,1,0.40613558888435364,0.40613558888435364,0.35021400451660156,0.055921584367752075,3.756375
original,0,p298_152_mic1,p298,data\VCTK\wav48_silence_trimmed\p298\p298_152_mic1.flac,p298,1,1,0.6923081874847412,0.6923081874847412,0.33976149559020996,0.35254669189453125,3.5550625
base,1,p298_152_mic1,p298,data\VCTK\wav48_silence_trimmed\p298\p298_152_mic1.flac,p298,1,1,0.35311806201934814,0.35311806201934814,0.33126139640808105,0.02185666561126709,3.5550625
base,2,p298_152_mic1,p298,data\VCTK\wav48_silence_trimmed\p298\p298_152_mic1.flac,p298,1,1,0.43867671489715576,0.43867671489715576,0.4228332042694092,0.015843510627746582,3.5550625
base,3,p298_152_mic1,p298,data\VCTK\wav48_silence_trimmed\p298\p298_152_mic1.flac,p298,1,1,0.4154456853866577,0.4154456853866577,0.3984375596046448,0.01700812578201294,3.5550625
lca,1,p298_152_mic1,p298,data\VCTK\wav48_silence_trimmed\p298\p298_152_mic1.flac,p271,0,1,0.37317222356796265,0.19837042689323425,0.37317222356796265,-0.1748017966747284,3.5550625
lca,2,p298_152_mic1,p298,data\VCTK\wav48_silence_trimmed\p298\p298_152_mic1.flac,p298,1,1,0.33330613374710083,0.33330613374710083,0.31181734800338745,0.02148878574371338,3.5550625
lca,3,p298_152_mic1,p298,data\VCTK\wav48_silence_trimmed\p298\p298_152_mic1.flac,p347,0,1,0.37140053510665894,0.3501061201095581,0.37140053510665894,-0.02129441499710083,3.5550625
original,0,p298_239_mic1,p298,data\VCTK\wav48_silence_trimmed\p298\p298_239_mic1.flac,p298,1,1,0.6716323494911194,0.6716323494911194,0.3590678870677948,0.3125644624233246,2.391875
base,1,p298_239_mic1,p298,data\VCTK\wav48_silence_trimmed\p298\p298_239_mic1.flac,p360,0,1,0.3546985983848572,0.13974395394325256,0.3546985983848572,-0.21495464444160461,2.391875
base,2,p298_239_mic1,p298,data\VCTK\wav48_silence_trimmed\p298\p298_239_mic1.flac,p374,0,1,0.40512093901634216,0.39410725235939026,0.40512093901634216,-0.011013686656951904,2.391875
base,3,p298_239_mic1,p298,data\VCTK\wav48_silence_trimmed\p298\p298_239_mic1.flac,p298,1,1,0.4267394244670868,0.4267394244670868,0.37259697914123535,0.05414244532585144,2.391875
lca,1,p298_239_mic1,p298,data\VCTK\wav48_silence_trimmed\p298\p298_239_mic1.flac,p298,1,1,0.3827812969684601,0.3827812969684601,0.3661023676395416,0.016678929328918457,2.391875
lca,2,p298_239_mic1,p298,data\VCTK\wav48_silence_trimmed\p298\p298_239_mic1.flac,p298,1,1,0.39909204840660095,0.39909204840660095,0.3150162100791931,0.08407583832740784,2.391875
lca,3,p298_239_mic1,p298,data\VCTK\wav48_silence_trimmed\p298\p298_239_mic1.flac,p298,1,1,0.41268420219421387,0.41268420219421387,0.36619120836257935,0.04649299383163452,2.391875
original,0,p298_243_mic1,p298,data\VCTK\wav48_silence_trimmed\p298\p298_243_mic1.flac,p298,1,1,0.6055134534835815,0.6055134534835815,0.35477954149246216,0.2507339119911194,3.4430625
base,1,p298_243_mic1,p298,data\VCTK\wav48_silence_trimmed\p298\p298_243_mic1.flac,p281,0,1,0.30925455689430237,0.24779342114925385,0.30925455689430237,-0.06146113574504852,3.4430625
base,2,p298_243_mic1,p298,data\VCTK\wav48_silence_trimmed\p298\p298_243_mic1.flac,p281,0,1,0.43439480662345886,0.3519786596298218,0.43439480662345886,-0.08241614699363708,3.4430625
base,3,p298_243_mic1,p298,data\VCTK\wav48_silence_trimmed\p298\p298_243_mic1.flac,p281,0,1,0.3717198073863983,0.33973848819732666,0.3717198073863983,-0.031981319189071655,3.4430625
lca,1,p298_243_mic1,p298,data\VCTK\wav48_silence_trimmed\p298\p298_243_mic1.flac,p364,0,1,0.3297191560268402,0.28092169761657715,0.3297191560268402,-0.04879745841026306,3.4430625
lca,2,p298_243_mic1,p298,data\VCTK\wav48_silence_trimmed\p298\p298_243_mic1.flac,p271,0,1,0.34942781925201416,0.2816316485404968,0.34942781925201416,-0.06779617071151733,3.4430625
lca,3,p298_243_mic1,p298,data\VCTK\wav48_silence_trimmed\p298\p298_243_mic1.flac,p271,0,1,0.37062177062034607,0.2802596092224121,0.37062177062034607,-0.09036216139793396,3.4430625
original,0,p298_292_mic1,p298,data\VCTK\wav48_silence_trimmed\p298\p298_292_mic1.flac,p298,1,1,0.706299364566803,0.706299364566803,0.2884657084941864,0.4178336560726166,3.416375
base,1,p298_292_mic1,p298,data\VCTK\wav48_silence_trimmed\p298\p298_292_mic1.flac,p271,0,1,0.3254401385784149,0.261356383562088,0.3254401385784149,-0.0640837550163269,3.416375
base,2,p298_292_mic1,p298,data\VCTK\wav48_silence_trimmed\p298\p298_292_mic1.flac,p298,1,1,0.4111761450767517,0.4111761450767517,0.2935616672039032,0.11761447787284851,3.416375
base,3,p298_292_mic1,p298,data\VCTK\wav48_silence_trimmed\p298\p298_292_mic1.flac,p298,1,1,0.4163595736026764,0.4163595736026764,0.2866106629371643,0.12974891066551208,3.416375
lca,1,p298_292_mic1,p298,data\VCTK\wav48_silence_trimmed\p298\p298_292_mic1.flac,p271,0,1,0.32104697823524475,0.27119335532188416,0.32104697823524475,-0.049853622913360596,3.416375
lca,2,p298_292_mic1,p298,data\VCTK\wav48_silence_trimmed\p298\p298_292_mic1.flac,p271,0,1,0.3469645380973816,0.2788718342781067,0.3469645380973816,-0.0680927038192749,3.416375
lca,3,p298_292_mic1,p298,data\VCTK\wav48_silence_trimmed\p298\p298_292_mic1.flac,p298,1,1,0.3159046769142151,0.3159046769142151,0.30999577045440674,0.00590890645980835,3.416375
original,0,p299_111_mic1,p299,data\VCTK\wav48_silence_trimmed\p299\p299_111_mic1.flac,p299,1,1,0.6980721354484558,0.6980721354484558,0.3512471616268158,0.34682497382164,3.1618125
base,1,p299_111_mic1,p299,data\VCTK\wav48_silence_trimmed\p299\p299_111_mic1.flac,p261,0,1,0.3498382568359375,0.2464572787284851,0.3498382568359375,-0.10338097810745239,3.1618125
base,2,p299_111_mic1,p299,data\VCTK\wav48_silence_trimmed\p299\p299_111_mic1.flac,p299,1,1,0.42245253920555115,0.42245253920555115,0.3861950933933258,0.03625744581222534,3.1618125
base,3,p299_111_mic1,p299,data\VCTK\wav48_silence_trimmed\p299\p299_111_mic1.flac,p299,1,1,0.4595217704772949,0.4595217704772949,0.371301531791687,0.08822023868560791,3.1618125
lca,1,p299_111_mic1,p299,data\VCTK\wav48_silence_trimmed\p299\p299_111_mic1.flac,p261,0,1,0.3038685917854309,0.20894229412078857,0.3038685917854309,-0.09492629766464233,3.1618125
lca,2,p299_111_mic1,p299,data\VCTK\wav48_silence_trimmed\p299\p299_111_mic1.flac,p299,1,1,0.4802710711956024,0.4802710711956024,0.4350796937942505,0.04519137740135193,3.1618125
lca,3,p299_111_mic1,p299,data\VCTK\wav48_silence_trimmed\p299\p299_111_mic1.flac,p299,1,1,0.468284010887146,0.468284010887146,0.4418666958808899,0.026417315006256104,3.1618125
original,0,p299_169_mic1,p299,data\VCTK\wav48_silence_trimmed\p299\p299_169_mic1.flac,p299,1,1,0.7667703628540039,0.7667703628540039,0.42929184436798096,0.33747851848602295,3.43925
base,1,p299_169_mic1,p299,data\VCTK\wav48_silence_trimmed\p299\p299_169_mic1.flac,p262,0,1,0.3432421088218689,0.2364656627178192,0.3432421088218689,-0.10677644610404968,3.43925
base,2,p299_169_mic1,p299,data\VCTK\wav48_silence_trimmed\p299\p299_169_mic1.flac,p299,1,1,0.5556443333625793,0.5556443333625793,0.44021373987197876,0.11543059349060059,3.43925
base,3,p299_169_mic1,p299,data\VCTK\wav48_silence_trimmed\p299\p299_169_mic1.flac,p299,1,1,0.5781267881393433,0.5781267881393433,0.429345965385437,0.14878082275390625,3.43925
lca,1,p299_169_mic1,p299,data\VCTK\wav48_silence_trimmed\p299\p299_169_mic1.flac,p262,0,1,0.3215688467025757,0.27483880519866943,0.3215688467025757,-0.04673004150390625,3.43925
lca,2,p299_169_mic1,p299,data\VCTK\wav48_silence_trimmed\p299\p299_169_mic1.flac,p299,1,1,0.502232015132904,0.502232015132904,0.4809395670890808,0.021292448043823242,3.43925
lca,3,p299_169_mic1,p299,data\VCTK\wav48_silence_trimmed\p299\p299_169_mic1.flac,p299,1,1,0.5109080672264099,0.5109080672264099,0.42984771728515625,0.08106034994125366,3.43925
original,0,p299_174_mic1,p299,data\VCTK\wav48_silence_trimmed\p299\p299_174_mic1.flac,p299,1,1,0.6186126470565796,0.6186126470565796,0.4215257167816162,0.19708693027496338,2.992
base,1,p299_174_mic1,p299,data\VCTK\wav48_silence_trimmed\p299\p299_174_mic1.flac,p301,0,1,0.3412356674671173,0.2317284494638443,0.3412356674671173,-0.10950721800327301,2.992
base,2,p299_174_mic1,p299,data\VCTK\wav48_silence_trimmed\p299\p299_174_mic1.flac,p262,0,1,0.4763872027397156,0.3877708315849304,0.4763872027397156,-0.08861637115478516,2.992
base,3,p299_174_mic1,p299,data\VCTK\wav48_silence_trimmed\p299\p299_174_mic1.flac,p299,1,1,0.48095282912254333,0.48095282912254333,0.41986334323883057,0.06108948588371277,2.992
lca,1,p299_174_mic1,p299,data\VCTK\wav48_silence_trimmed\p299\p299_174_mic1.flac,p262,0,1,0.41068559885025024,0.30752506852149963,0.41068559885025024,-0.10316053032875061,2.992
lca,2,p299_174_mic1,p299,data\VCTK\wav48_silence_trimmed\p299\p299_174_mic1.flac,p262,0,1,0.43101418018341064,0.39864057302474976,0.43101418018341064,-0.03237360715866089,2.992
lca,3,p299_174_mic1,p299,data\VCTK\wav48_silence_trimmed\p299\p299_174_mic1.flac,p299,1,1,0.49231967329978943,0.49231967329978943,0.4620361328125,0.03028354048728943,2.992
original,0,p299_228_mic1,p299,data\VCTK\wav48_silence_trimmed\p299\p299_228_mic1.flac,p299,1,1,0.7506898641586304,0.7506898641586304,0.3838455080986023,0.3668443560600281,3.2869375
base,1,p299_228_mic1,p299,data\VCTK\wav48_silence_trimmed\p299\p299_228_mic1.flac,p262,0,1,0.3812175393104553,0.23257394134998322,0.3812175393104553,-0.1486435979604721,3.2869375
base,2,p299_228_mic1,p299,data\VCTK\wav48_silence_trimmed\p299\p299_228_mic1.flac,p262,0,1,0.36347734928131104,0.3399454951286316,0.36347734928131104,-0.023531854152679443,3.2869375
base,3,p299_228_mic1,p299,data\VCTK\wav48_silence_trimmed\p299\p299_228_mic1.flac,p299,1,1,0.4880104660987854,0.4880104660987854,0.37655049562454224,0.11145997047424316,3.2869375
lca,1,p299_228_mic1,p299,data\VCTK\wav48_silence_trimmed\p299\p299_228_mic1.flac,p261,0,1,0.28520968556404114,0.15875867009162903,0.28520968556404114,-0.1264510154724121,3.2869375
lca,2,p299_228_mic1,p299,data\VCTK\wav48_silence_trimmed\p299\p299_228_mic1.flac,p299,1,1,0.45839723944664,0.45839723944664,0.42566826939582825,0.03272897005081177,3.2869375
lca,3,p299_228_mic1,p299,data\VCTK\wav48_silence_trimmed\p299\p299_228_mic1.flac,p299,1,1,0.49316030740737915,0.49316030740737915,0.3737061619758606,0.11945414543151855,3.2869375
original,0,p299_233_mic2,p299,data\VCTK\wav48_silence_trimmed\p299\p299_233_mic2.flac,p299,1,1,0.5911747217178345,0.5911747217178345,0.4505411386489868,0.14063358306884766,3.3400625
base,1,p299_233_mic2,p299,data\VCTK\wav48_silence_trimmed\p299\p299_233_mic2.flac,p301,0,1,0.33223897218704224,0.17390474677085876,0.33223897218704224,-0.15833422541618347,3.3400625
base,2,p299_233_mic2,p299,data\VCTK\wav48_silence_trimmed\p299\p299_233_mic2.flac,p299,1,1,0.40225571393966675,0.40225571393966675,0.39263391494750977,0.009621798992156982,3.3400625
base,3,p299_233_mic2,p299,data\VCTK\wav48_silence_trimmed\p299\p299_233_mic2.flac,p299,1,1,0.5111902356147766,0.5111902356147766,0.4186900854110718,0.09250015020370483,3.3400625
lca,1,p299_233_mic2,p299,data\VCTK\wav48_silence_trimmed\p299\p299_233_mic2.flac,p295,0,1,0.38041287660598755,0.2727550268173218,0.38041287660598755,-0.10765784978866577,3.3400625
lca,2,p299_233_mic2,p299,data\VCTK\wav48_silence_trimmed\p299\p299_233_mic2.flac,p299,1,1,0.41756483912467957,0.41756483912467957,0.36672961711883545,0.050835222005844116,3.3400625
lca,3,p299_233_mic2,p299,data\VCTK\wav48_silence_trimmed\p299\p299_233_mic2.flac,p299,1,1,0.507594645023346,0.507594645023346,0.4454992711544037,0.06209537386894226,3.3400625
original,0,p300_097_mic2,p300,data\VCTK\wav48_silence_trimmed\p300\p300_097_mic2.flac,p300,1,1,0.7621558904647827,0.7621558904647827,0.4613954424858093,0.3007604479789734,4.8806875
base,1,p300_097_mic2,p300,data\VCTK\wav48_silence_trimmed\p300\p300_097_mic2.flac,p262,0,1,0.33940431475639343,0.3182244300842285,0.33940431475639343,-0.021179884672164917,4.8806875
base,2,p300_097_mic2,p300,data\VCTK\wav48_silence_trimmed\p300\p300_097_mic2.flac,p300,1,1,0.46942785382270813,0.46942785382270813,0.3517419993877411,0.11768585443496704,4.8806875
base,3,p300_097_mic2,p300,data\VCTK\wav48_silence_trimmed\p300\p300_097_mic2.flac,p300,1,1,0.5357458591461182,0.5357458591461182,0.3808039426803589,0.15494191646575928,4.8806875
lca,1,p300_097_mic2,p300,data\VCTK\wav48_silence_trimmed\p300\p300_097_mic2.flac,p280,0,1,0.37467312812805176,0.24625416100025177,0.37467312812805176,-0.1284189671278,4.8806875
lca,2,p300_097_mic2,p300,data\VCTK\wav48_silence_trimmed\p300\p300_097_mic2.flac,p280,0,1,0.4324772357940674,0.4282490015029907,0.4324772357940674,-0.00422823429107666,4.8806875
lca,3,p300_097_mic2,p300,data\VCTK\wav48_silence_trimmed\p300\p300_097_mic2.flac,p300,1,1,0.4901742935180664,0.4901742935180664,0.40608784556388855,0.08408644795417786,4.8806875
original,0,p300_154_mic1,p300,data\VCTK\wav48_silence_trimmed\p300\p300_154_mic1.flac,p300,1,1,0.739877462387085,0.739877462387085,0.46188637614250183,0.27799108624458313,3.9671875
base,1,p300_154_mic1,p300,data\VCTK\wav48_silence_trimmed\p300\p300_154_mic1.flac,p330,0,1,0.4542165696620941,0.17790895700454712,0.4542165696620941,-0.276307612657547,3.9671875
base,2,p300_154_mic1,p300,data\VCTK\wav48_silence_trimmed\p300\p300_154_mic1.flac,p262,0,1,0.42392826080322266,0.37897947430610657,0.42392826080322266,-0.04494878649711609,3.9671875
base,3,p300_154_mic1,p300,data\VCTK\wav48_silence_trimmed\p300\p300_154_mic1.flac,p300,1,1,0.5097311735153198,0.5097311735153198,0.44316965341567993,0.06656152009963989,3.9671875
lca,1,p300_154_mic1,p300,data\VCTK\wav48_silence_trimmed\p300\p300_154_mic1.flac,p261,0,1,0.3548457622528076,0.22289647161960602,0.3548457622528076,-0.1319492906332016,3.9671875
lca,2,p300_154_mic1,p300,data\VCTK\wav48_silence_trimmed\p300\p300_154_mic1.flac,p300,1,1,0.4922714829444885,0.4922714829444885,0.4317169785499573,0.06055450439453125,3.9671875
lca,3,p300_154_mic1,p300,data\VCTK\wav48_silence_trimmed\p300\p300_154_mic1.flac,p300,1,1,0.5596288442611694,0.5596288442611694,0.445483535528183,0.11414530873298645,3.9671875
original,0,p300_190_mic1,p300,data\VCTK\wav48_silence_trimmed\p300\p300_190_mic1.flac,p300,1,1,0.849211573600769,0.849211573600769,0.4044286608695984,0.44478291273117065,4.867875
base,1,p300_190_mic1,p300,data\VCTK\wav48_silence_trimmed\p300\p300_190_mic1.flac,p261,0,1,0.36497390270233154,0.3194217085838318,0.36497390270233154,-0.045552194118499756,4.867875
base,2,p300_190_mic1,p300,data\VCTK\wav48_silence_trimmed\p300\p300_190_mic1.flac,p300,1,1,0.5025240182876587,0.5025240182876587,0.45830395817756653,0.04422006011009216,4.867875
base,3,p300_190_mic1,p300,data\VCTK\wav48_silence_trimmed\p300\p300_190_mic1.flac,p300,1,1,0.628831684589386,0.628831684589386,0.4924386143684387,0.13639307022094727,4.867875
lca,1,p300_190_mic1,p300,data\VCTK\wav48_silence_trimmed\p300\p300_190_mic1.flac,p280,0,1,0.373382031917572,0.3723500669002533,0.373382031917572,-0.0010319650173187256,4.867875
lca,2,p300_190_mic1,p300,data\VCTK\wav48_silence_trimmed\p300\p300_190_mic1.flac,p300,1,1,0.5726155042648315,0.5726155042648315,0.45561477541923523,0.11700072884559631,4.867875
lca,3,p300_190_mic1,p300,data\VCTK\wav48_silence_trimmed\p300\p300_190_mic1.flac,p300,1,1,0.6116178631782532,0.6116178631782532,0.4841504693031311,0.12746739387512207,4.867875
original,0,p300_336_mic2,p300,data\VCTK\wav48_silence_trimmed\p300\p300_336_mic2.flac,p300,1,1,0.6754370927810669,0.6754370927810669,0.3435249924659729,0.331912100315094,6.008875
base,1,p300_336_mic2,p300,data\VCTK\wav48_silence_trimmed\p300\p300_336_mic2.flac,p293,0,1,0.3746412694454193,0.2930852174758911,0.3746412694454193,-0.0815560519695282,6.008875
base,2,p300_336_mic2,p300,data\VCTK\wav48_silence_trimmed\p300\p300_336_mic2.flac,p300,1,1,0.3973396420478821,0.3973396420478821,0.3846840560436249,0.012655586004257202,6.008875
base,3,p300_336_mic2,p300,data\VCTK\wav48_silence_trimmed\p300\p300_336_mic2.flac,p300,1,1,0.4117259979248047,0.4117259979248047,0.3546845614910126,0.057041436433792114,6.008875
lca,1,p300_336_mic2,p300,data\VCTK\wav48_silence_trimmed\p300\p300_336_mic2.flac,p361,0,1,0.3645634055137634,0.36190664768218994,0.3645634055137634,-0.0026567578315734863,6.008875
lca,2,p300_336_mic2,p300,data\VCTK\wav48_silence_trimmed\p300\p300_336_mic2.flac,p300,1,1,0.4839354455471039,0.4839354455471039,0.40277132391929626,0.08116412162780762,6.008875
lca,3,p300_336_mic2,p300,data\VCTK\wav48_silence_trimmed\p300\p300_336_mic2.flac,p300,1,1,0.45772263407707214,0.45772263407707214,0.4080597758293152,0.04966285824775696,6.008875
original,0,p300_388_mic1,p300,data\VCTK\wav48_silence_trimmed\p300\p300_388_mic1.flac,p300,1,1,0.7582827210426331,0.7582827210426331,0.43243327736854553,0.3258494436740875,3.628375
base,1,p300_388_mic1,p300,data\VCTK\wav48_silence_trimmed\p300\p300_388_mic1.flac,p301,0,1,0.3104536235332489,0.26050323247909546,0.3104536235332489,-0.04995039105415344,3.628375
base,2,p300_388_mic1,p300,data\VCTK\wav48_silence_trimmed\p300\p300_388_mic1.flac,p300,1,1,0.4492954611778259,0.4492954611778259,0.4162576198577881,0.03303784132003784,3.628375
base,3,p300_388_mic1,p300,data\VCTK\wav48_silence_trimmed\p300\p300_388_mic1.flac,p300,1,1,0.47029000520706177,0.47029000520706177,0.43057847023010254,0.03971153497695923,3.628375
lca,1,p300_388_mic1,p300,data\VCTK\wav48_silence_trimmed\p300\p300_388_mic1.flac,p294,0,1,0.30482351779937744,0.17701512575149536,0.30482351779937744,-0.12780839204788208,3.628375
lca,2,p300_388_mic1,p300,data\VCTK\wav48_silence_trimmed\p300\p300_388_mic1.flac,p300,1,1,0.4610674977302551,0.4610674977302551,0.41831985116004944,0.04274764657020569,3.628375
lca,3,p300_388_mic1,p300,data\VCTK\wav48_silence_trimmed\p300\p300_388_mic1.flac,p300,1,1,0.5630447864532471,0.5630447864532471,0.41685616970062256,0.1461886167526245,3.628375
original,0,p301_010_mic2,p301,data\VCTK\wav48_silence_trimmed\p301\p301_010_mic2.flac,p301,1,1,0.6948628425598145,0.6948628425598145,0.44581666588783264,0.2490461766719818,3.9155625
base,1,p301_010_mic2,p301,data\VCTK\wav48_silence_trimmed\p301\p301_010_mic2.flac,p301,1,1,0.47814926505088806,0.47814926505088806,0.4024452269077301,0.07570403814315796,3.9155625
base,2,p301_010_mic2,p301,data\VCTK\wav48_silence_trimmed\p301\p301_010_mic2.flac,p301,1,1,0.58207106590271,0.58207106590271,0.42701196670532227,0.1550590991973877,3.9155625
base,3,p301_010_mic2,p301,data\VCTK\wav48_silence_trimmed\p301\p301_010_mic2.flac,p301,1,1,0.6094509363174438,0.6094509363174438,0.4181329011917114,0.19131803512573242,3.9155625
lca,1,p301_010_mic2,p301,data\VCTK\wav48_silence_trimmed\p301\p301_010_mic2.flac,p301,1,1,0.41402554512023926,0.41402554512023926,0.40449780225753784,0.009527742862701416,3.9155625
lca,2,p301_010_mic2,p301,data\VCTK\wav48_silence_trimmed\p301\p301_010_mic2.flac,p301,1,1,0.5150851011276245,0.5150851011276245,0.38145020604133606,0.13363489508628845,3.9155625
lca,3,p301_010_mic2,p301,data\VCTK\wav48_silence_trimmed\p301\p301_010_mic2.flac,p301,1,1,0.5028657913208008,0.5028657913208008,0.40200889110565186,0.10085690021514893,3.9155625
original,0,p301_065_mic1,p301,data\VCTK\wav48_silence_trimmed\p301\p301_065_mic1.flac,p301,1,1,0.7717581391334534,0.7717581391334534,0.401492178440094,0.3702659606933594,4.431
base,1,p301_065_mic1,p301,data\VCTK\wav48_silence_trimmed\p301\p301_065_mic1.flac,p301,1,1,0.40368059277534485,0.40368059277534485,0.38423579931259155,0.019444793462753296,4.431
base,2,p301_065_mic1,p301,data\VCTK\wav48_silence_trimmed\p301\p301_065_mic1.flac,p301,1,1,0.46515971422195435,0.46515971422195435,0.3921927511692047,0.07296696305274963,4.431
base,3,p301_065_mic1,p301,data\VCTK\wav48_silence_trimmed\p301\p301_065_mic1.flac,p301,1,1,0.506004810333252,0.506004810333252,0.3669191002845764,0.13908571004867554,4.431
lca,1,p301_065_mic1,p301,data\VCTK\wav48_silence_trimmed\p301\p301_065_mic1.flac,p343,0,1,0.3187425136566162,0.3020212650299072,0.3187425136566162,-0.016721248626708984,4.431
lca,2,p301_065_mic1,p301,data\VCTK\wav48_silence_trimmed\p301\p301_065_mic1.flac,p301,1,1,0.4125015139579773,0.4125015139579773,0.3959314227104187,0.016570091247558594,4.431
lca,3,p301_065_mic1,p301,data\VCTK\wav48_silence_trimmed\p301\p301_065_mic1.flac,p301,1,1,0.4774625897407532,0.4774625897407532,0.43872925639152527,0.038733333349227905,4.431
original,0,p301_253_mic2,p301,data\VCTK\wav48_silence_trimmed\p301\p301_253_mic2.flac,p301,1,1,0.729182243347168,0.729182243347168,0.35048168897628784,0.3787005543708801,7.54175
base,1,p301_253_mic2,p301,data\VCTK\wav48_silence_trimmed\p301\p301_253_mic2.flac,p301,1,1,0.444685697555542,0.444685697555542,0.3601689636707306,0.0845167338848114,7.54175
base,2,p301_253_mic2,p301,data\VCTK\wav48_silence_trimmed\p301\p301_253_mic2.flac,p301,1,1,0.5876893401145935,0.5876893401145935,0.41485607624053955,0.17283326387405396,7.54175
base,3,p301_253_mic2,p301,data\VCTK\wav48_silence_trimmed\p301\p301_253_mic2.flac,p301,1,1,0.656133770942688,0.656133770942688,0.46034908294677734,0.19578468799591064,7.54175
lca,1,p301_253_mic2,p301,data\VCTK\wav48_silence_trimmed\p301\p301_253_mic2.flac,p301,1,1,0.4139363169670105,0.4139363169670105,0.3470004200935364,0.06693589687347412,7.54175
lca,2,p301_253_mic2,p301,data\VCTK\wav48_silence_trimmed\p301\p301_253_mic2.flac,p301,1,1,0.500849723815918,0.500849723815918,0.4143369495868683,0.08651277422904968,7.54175
lca,3,p301_253_mic2,p301,data\VCTK\wav48_silence_trimmed\p301\p301_253_mic2.flac,p301,1,1,0.4769630432128906,0.4769630432128906,0.3926624655723572,0.08430057764053345,7.54175
original,0,p301_314_mic1,p301,data\VCTK\wav48_silence_trimmed\p301\p301_314_mic1.flac,p301,1,1,0.578572690486908,0.578572690486908,0.3141920864582062,0.2643806040287018,3.7215625
base,1,p301_314_mic1,p301,data\VCTK\wav48_silence_trimmed\p301\p301_314_mic1.flac,p343,0,1,0.3421298563480377,0.31584811210632324,0.3421298563480377,-0.026281744241714478,3.7215625
base,2,p301_314_mic1,p301,data\VCTK\wav48_silence_trimmed\p301\p301_314_mic1.flac,p343,0,1,0.46335530281066895,0.3742437958717346,0.46335530281066895,-0.08911150693893433,3.7215625
base,3,p301_314_mic1,p301,data\VCTK\wav48_silence_trimmed\p301\p301_314_mic1.flac,p343,0,1,0.452163428068161,0.43612140417099,0.452163428068161,-0.01604202389717102,3.7215625
lca,1,p301_314_mic1,p301,data\VCTK\wav48_silence_trimmed\p301\p301_314_mic1.flac,p343,0,1,0.35100626945495605,0.23433324694633484,0.35100626945495605,-0.11667302250862122,3.7215625
lca,2,p301_314_mic1,p301,data\VCTK\wav48_silence_trimmed\p301\p301_314_mic1.flac,p301,1,1,0.34417933225631714,0.34417933225631714,0.3209466338157654,0.023232698440551758,3.7215625
lca,3,p301_314_mic1,p301,data\VCTK\wav48_silence_trimmed\p301\p301_314_mic1.flac,p301,1,1,0.37967371940612793,0.37967371940612793,0.3332001864910126,0.046473532915115356,3.7215625
original,0,p301_405_mic1,p301,data\VCTK\wav48_silence_trimmed\p301\p301_405_mic1.flac,p301,1,1,0.7278448343276978,0.7278448343276978,0.3834419250488281,0.34440290927886963,3.290625
base,1,p301_405_mic1,p301,data\VCTK\wav48_silence_trimmed\p301\p301_405_mic1.flac,p343,0,1,0.33867689967155457,0.21364253759384155,0.33867689967155457,-0.125034362077713,3.290625
base,2,p301_405_mic1,p301,data\VCTK\wav48_silence_trimmed\p301\p301_405_mic1.flac,p301,1,1,0.4423210918903351,0.4423210918903351,0.3928331732749939,0.049487918615341187,3.290625
base,3,p301_405_mic1,p301,data\VCTK\wav48_silence_trimmed\p301\p301_405_mic1.flac,p301,1,1,0.5563424229621887,0.5563424229621887,0.4456478953361511,0.1106945276260376,3.290625
lca,1,p301_405_mic1,p301,data\VCTK\wav48_silence_trimmed\p301\p301_405_mic1.flac,p271,0,1,0.28866472840309143,0.22610637545585632,0.28866472840309143,-0.06255835294723511,3.290625
lca,2,p301_405_mic1,p301,data\VCTK\wav48_silence_trimmed\p301\p301_405_mic1.flac,p301,1,1,0.4572896659374237,0.4572896659374237,0.40832608938217163,0.048963576555252075,3.290625
lca,3,p301_405_mic1,p301,data\VCTK\wav48_silence_trimmed\p301\p301_405_mic1.flac,p262,0,1,0.4558338522911072,0.42216503620147705,0.4558338522911072,-0.03366881608963013,3.290625
original,0,p302_043_mic2,p302,data\VCTK\wav48_silence_trimmed\p302\p302_043_mic2.flac,p302,1,1,0.7679483890533447,0.7679483890533447,0.4484340250492096,0.31951436400413513,2.9169375
base,1,p302_043_mic2,p302,data\VCTK\wav48_silence_trimmed\p302\p302_043_mic2.flac,p360,0,1,0.4278382956981659,0.340706467628479,0.4278382956981659,-0.08713182806968689,2.9169375
base,2,p302_043_mic2,p302,data\VCTK\wav48_silence_trimmed\p302\p302_043_mic2.flac,p271,0,1,0.47182780504226685,0.4528282880783081,0.47182780504226685,-0.01899951696395874,2.9169375
base,3,p302_043_mic2,p302,data\VCTK\wav48_silence_trimmed\p302\p302_043_mic2.flac,p271,0,1,0.5059076547622681,0.40530097484588623,0.5059076547622681,-0.10060667991638184,2.9169375
lca,1,p302_043_mic2,p302,data\VCTK\wav48_silence_trimmed\p302\p302_043_mic2.flac,p271,0,1,0.3525629937648773,0.24929764866828918,0.3525629937648773,-0.10326534509658813,2.9169375
lca,2,p302_043_mic2,p302,data\VCTK\wav48_silence_trimmed\p302\p302_043_mic2.flac,p271,0,1,0.501921534538269,0.29899299144744873,0.501921534538269,-0.2029285430908203,2.9169375
lca,3,p302_043_mic2,p302,data\VCTK\wav48_silence_trimmed\p302\p302_043_mic2.flac,p271,0,1,0.4866396486759186,0.31972384452819824,0.4866396486759186,-0.16691580414772034,2.9169375
original,0,p302_046_mic2,p302,data\VCTK\wav48_silence_trimmed\p302\p302_046_mic2.flac,p302,1,1,0.7171383500099182,0.7171383500099182,0.3602983355522156,0.35684001445770264,2.834375
base,1,p302_046_mic2,p302,data\VCTK\wav48_silence_trimmed\p302\p302_046_mic2.flac,p374,0,1,0.322062224149704,0.2916131019592285,0.322062224149704,-0.030449122190475464,2.834375
base,2,p302_046_mic2,p302,data\VCTK\wav48_silence_trimmed\p302\p302_046_mic2.flac,p246,0,1,0.36978957056999207,0.29770395159721375,0.36978957056999207,-0.07208561897277832,2.834375
base,3,p302_046_mic2,p302,data\VCTK\wav48_silence_trimmed\p302\p302_046_mic2.flac,p271,0,1,0.3779318034648895,0.36796003580093384,0.3779318034648895,-0.009971767663955688,2.834375
lca,1,p302_046_mic2,p302,data\VCTK\wav48_silence_trimmed\p302\p302_046_mic2.flac,p271,0,1,0.2951796352863312,0.24952679872512817,0.2951796352863312,-0.045652836561203,2.834375
lca,2,p302_046_mic2,p302,data\VCTK\wav48_silence_trimmed\p302\p302_046_mic2.flac,p226,0,1,0.3322603702545166,0.2552766799926758,0.3322603702545166,-0.07698369026184082,2.834375
lca,3,p302_046_mic2,p302,data\VCTK\wav48_silence_trimmed\p302\p302_046_mic2.flac,p226,0,1,0.3159833550453186,0.28233903646469116,0.3159833550453186,-0.03364431858062744,2.834375
original,0,p302_106_mic1,p302,data\VCTK\wav48_silence_trimmed\p302\p302_106_mic1.flac,p302,1,1,0.6966774463653564,0.6966774463653564,0.40114259719848633,0.2955348491668701,3.28925
base,1,p302_106_mic1,p302,data\VCTK\wav48_silence_trimmed\p302\p302_106_mic1.flac,p360,0,1,0.40586522221565247,0.37506911158561707,0.40586522221565247,-0.0307961106300354,3.28925
base,2,p302_106_mic1,p302,data\VCTK\wav48_silence_trimmed\p302\p302_106_mic1.flac,p302,1,1,0.3900192081928253,0.3900192081928253,0.3516591191291809,0.03836008906364441,3.28925
base,3,p302_106_mic1,p302,data\VCTK\wav48_silence_trimmed\p302\p302_106_mic1.flac,p360,0,1,0.42537492513656616,0.4090908169746399,0.42537492513656616,-0.01628410816192627,3.28925
lca,1,p302_106_mic1,p302,data\VCTK\wav48_silence_trimmed\p302\p302_106_mic1.flac,p271,0,1,0.33069053292274475,0.20211249589920044,0.33069053292274475,-0.1285780370235443,3.28925
lca,2,p302_106_mic1,p302,data\VCTK\wav48_silence_trimmed\p302\p302_106_mic1.flac,p271,0,1,0.3541262745857239,0.31557703018188477,0.3541262745857239,-0.03854924440383911,3.28925
lca,3,p302_106_mic1,p302,data\VCTK\wav48_silence_trimmed\p302\p302_106_mic1.flac,p311,0,1,0.34120625257492065,0.32642433047294617,0.34120625257492065,-0.014781922101974487,3.28925
original,0,p302_110_mic1,p302,data\VCTK\wav48_silence_trimmed\p302\p302_110_mic1.flac,p302,1,1,0.6780004501342773,0.6780004501342773,0.4239117205142975,0.25408872961997986,3.3839375
base,1,p302_110_mic1,p302,data\VCTK\wav48_silence_trimmed\p302\p302_110_mic1.flac,p292,0,1,0.2828103303909302,0.277988076210022,0.2828103303909302,-0.004822254180908203,3.3839375
base,2,p302_110_mic1,p302,data\VCTK\wav48_silence_trimmed\p302\p302_110_mic1.flac,p298,0,1,0.39805272221565247,0.2827277183532715,0.39805272221565247,-0.11532500386238098,3.3839375
base,3,p302_110_mic1,p302,data\VCTK\wav48_silence_trimmed\p302\p302_110_mic1.flac,p298,0,1,0.43107736110687256,0.3426198959350586,0.43107736110687256,-0.08845746517181396,3.3839375
lca,1,p302_110_mic1,p302,data\VCTK\wav48_silence_trimmed\p302\p302_110_mic1.flac,p302,1,1,0.33642899990081787,0.33642899990081787,0.3255084455013275,0.010920554399490356,3.3839375
lca,2,p302_110_mic1,p302,data\VCTK\wav48_silence_trimmed\p302\p302_110_mic1.flac,p302,1,1,0.3761962056159973,0.3761962056159973,0.3383515477180481,0.03784465789794922,3.3839375
lca,3,p302_110_mic1,p302,data\VCTK\wav48_silence_trimmed\p302\p302_110_mic1.flac,p302,1,1,0.3634028434753418,0.3634028434753418,0.3559262454509735,0.007476598024368286,3.3839375
original,0,p302_253_mic2,p302,data\VCTK\wav48_silence_trimmed\p302\p302_253_mic2.flac,p302,1,1,0.7129762172698975,0.7129762172698975,0.3535849452018738,0.3593912720680237,5.2208125
base,1,p302_253_mic2,p302,data\VCTK\wav48_silence_trimmed\p302\p302_253_mic2.flac,p302,1,1,0.33455997705459595,0.33455997705459595,0.3204162120819092,0.014143764972686768,5.2208125
base,2,p302_253_mic2,p302,data\VCTK\wav48_silence_trimmed\p302\p302_253_mic2.flac,p302,1,1,0.44208264350891113,0.44208264350891113,0.3990899324417114,0.04299271106719971,5.2208125
base,3,p302_253_mic2,p302,data\VCTK\wav48_silence_trimmed\p302\p302_253_mic2.flac,p302,1,1,0.4039885997772217,0.4039885997772217,0.40368086099624634,0.0003077387809753418,5.2208125
lca,1,p302_253_mic2,p302,data\VCTK\wav48_silence_trimmed\p302\p302_253_mic2.flac,p271,0,1,0.30261239409446716,0.18904392421245575,0.30261239409446716,-0.11356846988201141,5.2208125
lca,2,p302_253_mic2,p302,data\VCTK\wav48_silence_trimmed\p302\p302_253_mic2.flac,p271,0,1,0.44267386198043823,0.3642956018447876,0.44267386198043823,-0.07837826013565063,5.2208125
lca,3,p302_253_mic2,p302,data\VCTK\wav48_silence_trimmed\p302\p302_253_mic2.flac,p271,0,1,0.40104395151138306,0.3790809214115143,0.40104395151138306,-0.021963030099868774,5.2208125
original,0,p303_176_mic1,p303,data\VCTK\wav48_silence_trimmed\p303\p303_176_mic1.flac,p303,1,1,0.6520185470581055,0.6520185470581055,0.4043833613395691,0.24763518571853638,3.545125
base,1,p303_176_mic1,p303,data\VCTK\wav48_silence_trimmed\p303\p303_176_mic1.flac,p230,0,1,0.4002665579319,0.19527974724769592,0.4002665579319,-0.2049868106842041,3.545125
base,2,p303_176_mic1,p303,data\VCTK\wav48_silence_trimmed\p303\p303_176_mic1.flac,p238,0,1,0.391526460647583,0.3556872010231018,0.391526460647583,-0.0358392596244812,3.545125
base,3,p303_176_mic1,p303,data\VCTK\wav48_silence_trimmed\p303\p303_176_mic1.flac,p317,0,1,0.3942926526069641,0.35223957896232605,0.3942926526069641,-0.04205307364463806,3.545125
lca,1,p303_176_mic1,p303,data\VCTK\wav48_silence_trimmed\p303\p303_176_mic1.flac,p280,0,1,0.35207635164260864,0.08752874284982681,0.35207635164260864,-0.26454760879278183,3.545125
lca,2,p303_176_mic1,p303,data\VCTK\wav48_silence_trimmed\p303\p303_176_mic1.flac,p340,0,1,0.5285366773605347,0.1674281656742096,0.5285366773605347,-0.3611085116863251,3.545125
lca,3,p303_176_mic1,p303,data\VCTK\wav48_silence_trimmed\p303\p303_176_mic1.flac,p340,0,1,0.5038005113601685,0.2004971206188202,0.5038005113601685,-0.30330339074134827,3.545125
original,0,p303_187_mic1,p303,data\VCTK\wav48_silence_trimmed\p303\p303_187_mic1.flac,p303,1,1,0.6712127923965454,0.6712127923965454,0.43880993127822876,0.23240286111831665,3.3939375
base,1,p303_187_mic1,p303,data\VCTK\wav48_silence_trimmed\p303\p303_187_mic1.flac,p230,0,1,0.38977423310279846,0.24980033934116364,0.38977423310279846,-0.13997389376163483,3.3939375
base,2,p303_187_mic1,p303,data\VCTK\wav48_silence_trimmed\p303\p303_187_mic1.flac,p317,0,1,0.4668450951576233,0.32758796215057373,0.4668450951576233,-0.13925713300704956,3.3939375
base,3,p303_187_mic1,p303,data\VCTK\wav48_silence_trimmed\p303\p303_187_mic1.flac,p317,0,1,0.5485895872116089,0.3114131689071655,0.5485895872116089,-0.23717641830444336,3.3939375
lca,1,p303_187_mic1,p303,data\VCTK\wav48_silence_trimmed\p303\p303_187_mic1.flac,p339,0,1,0.3831787109375,0.14468148350715637,0.3831787109375,-0.23849722743034363,3.3939375
lca,2,p303_187_mic1,p303,data\VCTK\wav48_silence_trimmed\p303\p303_187_mic1.flac,p264,0,1,0.41740211844444275,0.11853097379207611,0.41740211844444275,-0.29887114465236664,3.3939375
lca,3,p303_187_mic1,p303,data\VCTK\wav48_silence_trimmed\p303\p303_187_mic1.flac,p317,0,1,0.4788362383842468,0.23251314461231232,0.4788362383842468,-0.2463230937719345,3.3939375
original,0,p303_233_mic2,p303,data\VCTK\wav48_silence_trimmed\p303\p303_233_mic2.flac,p303,1,1,0.6287523508071899,0.6287523508071899,0.46600091457366943,0.1627514362335205,5.43675
base,1,p303_233_mic2,p303,data\VCTK\wav48_silence_trimmed\p303\p303_233_mic2.flac,p257,0,1,0.42101311683654785,0.12398605793714523,0.42101311683654785,-0.2970270588994026,5.43675
base,2,p303_233_mic2,p303,data\VCTK\wav48_silence_trimmed\p303\p303_233_mic2.flac,p238,0,1,0.3746551275253296,0.28270968794822693,0.3746551275253296,-0.09194543957710266,5.43675
base,3,p303_233_mic2,p303,data\VCTK\wav48_silence_trimmed\p303\p303_233_mic2.flac,p317,0,1,0.4455249011516571,0.3753005862236023,0.4455249011516571,-0.07022431492805481,5.43675
lca,1,p303_233_mic2,p303,data\VCTK\wav48_silence_trimmed\p303\p303_233_mic2.flac,p262,0,1,0.37204790115356445,0.12139707803726196,0.37204790115356445,-0.2506508231163025,5.43675
lca,2,p303_233_mic2,p303,data\VCTK\wav48_silence_trimmed\p303\p303_233_mic2.flac,p361,0,1,0.3842063546180725,0.22091665863990784,0.3842063546180725,-0.16328969597816467,5.43675
lca,3,p303_233_mic2,p303,data\VCTK\wav48_silence_trimmed\p303\p303_233_mic2.flac,p283,0,1,0.4151986241340637,0.2510899603366852,0.4151986241340637,-0.16410866379737854,5.43675
original,0,p303_257_mic1,p303,data\VCTK\wav48_silence_trimmed\p303\p303_257_mic1.flac,p303,1,1,0.7228481769561768,0.7228481769561768,0.3199012279510498,0.40294694900512695,5.38375
base,1,p303_257_mic1,p303,data\VCTK\wav48_silence_trimmed\p303\p303_257_mic1.flac,p238,0,1,0.3658100366592407,0.23545920848846436,0.3658100366592407,-0.13035082817077637,5.38375
base,2,p303_257_mic1,p303,data\VCTK\wav48_silence_trimmed\p303\p303_257_mic1.flac,p230,0,1,0.43700462579727173,0.3865472674369812,0.43700462579727173,-0.05045735836029053,5.38375
base,3,p303_257_mic1,p303,data\VCTK\wav48_silence_trimmed\p303\p303_257_mic1.flac,p303,1,1,0.46225136518478394,0.46225136518478394,0.41784295439720154,0.0444084107875824,5.38375
lca,1,p303_257_mic1,p303,data\VCTK\wav48_silence_trimmed\p303\p303_257_mic1.flac,p230,0,1,0.46312057971954346,0.18526926636695862,0.46312057971954346,-0.27785131335258484,5.38375
lca,2,p303_257_mic1,p303,data\VCTK\wav48_silence_trimmed\p303\p303_257_mic1.flac,p250,0,1,0.4299224615097046,0.22009745240211487,0.4299224615097046,-0.20982500910758972,5.38375
lca,3,p303_257_mic1,p303,data\VCTK\wav48_silence_trimmed\p303\p303_257_mic1.flac,p283,0,1,0.45368123054504395,0.2683751881122589,0.45368123054504395,-0.18530604243278503,5.38375
original,0,p303_304_mic1,p303,data\VCTK\wav48_silence_trimmed\p303\p303_304_mic1.flac,p303,1,1,0.7129025459289551,0.7129025459289551,0.4508013129234314,0.2621012330055237,3.8565
base,1,p303_304_mic1,p303,data\VCTK\wav48_silence_trimmed\p303\p303_304_mic1.flac,p238,0,1,0.26321905851364136,0.2256588637828827,0.26321905851364136,-0.03756019473075867,3.8565
base,2,p303_304_mic1,p303,data\VCTK\wav48_silence_trimmed\p303\p303_304_mic1.flac,p238,0,1,0.3777722716331482,0.3353048264980316,0.3777722716331482,-0.04246744513511658,3.8565
base,3,p303_304_mic1,p303,data\VCTK\wav48_silence_trimmed\p303\p303_304_mic1.flac,p303,1,1,0.4634287357330322,0.4634287357330322,0.3973219394683838,0.06610679626464844,3.8565
lca,1,p303_304_mic1,p303,data\VCTK\wav48_silence_trimmed\p303\p303_304_mic1.flac,p230,0,1,0.36833930015563965,0.19220252335071564,0.36833930015563965,-0.176136776804924,3.8565
lca,2,p303_304_mic1,p303,data\VCTK\wav48_silence_trimmed\p303\p303_304_mic1.flac,p339,0,1,0.3837071657180786,0.21996766328811646,0.3837071657180786,-0.16373950242996216,3.8565
lca,3,p303_304_mic1,p303,data\VCTK\wav48_silence_trimmed\p303\p303_304_mic1.flac,p339,0,1,0.41705113649368286,0.27950558066368103,0.41705113649368286,-0.13754555583000183,3.8565
original,0,p304_131_mic2,p304,data\VCTK\wav48_silence_trimmed\p304\p304_131_mic2.flac,p304,1,1,0.7697731852531433,0.7697731852531433,0.4629066586494446,0.30686652660369873,2.690625
base,1,p304_131_mic2,p304,data\VCTK\wav48_silence_trimmed\p304\p304_131_mic2.flac,p293,0,0,0.2468177229166031,0.12422806024551392,0.2468177229166031,-0.12258966267108917,2.690625
base,2,p304_131_mic2,p304,data\VCTK\wav48_silence_trimmed\p304\p304_131_mic2.flac,p304,1,1,0.3947713375091553,0.3947713375091553,0.3371579647064209,0.057613372802734375,2.690625
base,3,p304_131_mic2,p304,data\VCTK\wav48_silence_trimmed\p304\p304_131_mic2.flac,p311,0,1,0.3740565776824951,0.3689481019973755,0.3740565776824951,-0.005108475685119629,2.690625
lca,1,p304_131_mic2,p304,data\VCTK\wav48_silence_trimmed\p304\p304_131_mic2.flac,p364,0,1,0.30309969186782837,0.07759193331003189,0.30309969186782837,-0.22550775855779648,2.690625
lca,2,p304_131_mic2,p304,data\VCTK\wav48_silence_trimmed\p304\p304_131_mic2.flac,p311,0,1,0.3623989522457123,0.15692558884620667,0.3623989522457123,-0.20547336339950562,2.690625
lca,3,p304_131_mic2,p304,data\VCTK\wav48_silence_trimmed\p304\p304_131_mic2.flac,p311,0,1,0.3471369743347168,0.21409817039966583,0.3471369743347168,-0.13303880393505096,2.690625
original,0,p304_161_mic1,p304,data\VCTK\wav48_silence_trimmed\p304\p304_161_mic1.flac,p304,1,1,0.6678388118743896,0.6678388118743896,0.3925657272338867,0.27527308464050293,2.968
base,1,p304_161_mic1,p304,data\VCTK\wav48_silence_trimmed\p304\p304_161_mic1.flac,p281,0,1,0.2784300148487091,0.17631664872169495,0.2784300148487091,-0.10211336612701416,2.968
base,2,p304_161_mic1,p304,data\VCTK\wav48_silence_trimmed\p304\p304_161_mic1.flac,p311,0,1,0.3885323107242584,0.3028351068496704,0.3885323107242584,-0.08569720387458801,2.968
base,3,p304_161_mic1,p304,data\VCTK\wav48_silence_trimmed\p304\p304_161_mic1.flac,p311,0,1,0.4231843948364258,0.33449608087539673,0.4231843948364258,-0.08868831396102905,2.968
lca,1,p304_161_mic1,p304,data\VCTK\wav48_silence_trimmed\p304\p304_161_mic1.flac,p281,0,1,0.3203061819076538,0.13303214311599731,0.3203061819076538,-0.1872740387916565,2.968
lca,2,p304_161_mic1,p304,data\VCTK\wav48_silence_trimmed\p304\p304_161_mic1.flac,p311,0,1,0.3925836384296417,0.20121966302394867,0.3925836384296417,-0.19136397540569305,2.968
lca,3,p304_161_mic1,p304,data\VCTK\wav48_silence_trimmed\p304\p304_161_mic1.flac,p271,0,1,0.40010637044906616,0.21074211597442627,0.40010637044906616,-0.1893642544746399,2.968
original,0,p304_255_mic1,p304,data\VCTK\wav48_silence_trimmed\p304\p304_255_mic1.flac,p304,1,1,0.7249457240104675,0.7249457240104675,0.40740934014320374,0.3175363838672638,2.0505625
base,1,p304_255_mic1,p304,data\VCTK\wav48_silence_trimmed\p304\p304_255_mic1.flac,p374,0,1,0.2610187828540802,0.09265793859958649,0.2610187828540802,-0.1683608442544937,2.0505625
base,2,p304_255_mic1,p304,data\VCTK\wav48_silence_trimmed\p304\p304_255_mic1.flac,p347,0,1,0.3314497768878937,0.20199406147003174,0.3314497768878937,-0.12945571541786194,2.0505625
base,3,p304_255_mic1,p304,data\VCTK\wav48_silence_trimmed\p304\p304_255_mic1.flac,p271,0,1,0.3546385169029236,0.2493797242641449,0.3546385169029236,-0.10525879263877869,2.0505625
lca,1,p304_255_mic1,p304,data\VCTK\wav48_silence_trimmed\p304\p304_255_mic1.flac,p281,0,1,0.27255940437316895,0.06705179810523987,0.27255940437316895,-0.20550760626792908,2.0505625
lca,2,p304_255_mic1,p304,data\VCTK\wav48_silence_trimmed\p304\p304_255_mic1.flac,p311,0,1,0.35289904475212097,0.0487636923789978,0.35289904475212097,-0.30413535237312317,2.0505625
lca,3,p304_255_mic1,p304,data\VCTK\wav48_silence_trimmed\p304\p304_255_mic1.flac,p311,0,1,0.4051208198070526,0.19058597087860107,0.4051208198070526,-0.21453484892845154,2.0505625
original,0,p304_410_mic2,p304,data\VCTK\wav48_silence_trimmed\p304\p304_410_mic2.flac,p304,1,1,0.7336534261703491,0.7336534261703491,0.34609782695770264,0.3875555992126465,3.4451875
base,1,p304_410_mic2,p304,data\VCTK\wav48_silence_trimmed\p304\p304_410_mic2.flac,p374,0,1,0.2899758815765381,0.09441706538200378,0.2899758815765381,-0.1955588161945343,3.4451875
base,2,p304_410_mic2,p304,data\VCTK\wav48_silence_trimmed\p304\p304_410_mic2.flac,p226,0,1,0.33919066190719604,0.27884191274642944,0.33919066190719604,-0.0603487491607666,3.4451875
base,3,p304_410_mic2,p304,data\VCTK\wav48_silence_trimmed\p304\p304_410_mic2.flac,p311,0,1,0.3994295299053192,0.34157878160476685,0.3994295299053192,-0.05785074830055237,3.4451875
lca,1,p304_410_mic2,p304,data\VCTK\wav48_silence_trimmed\p304\p304_410_mic2.flac,p281,0,1,0.34971749782562256,0.05734776332974434,0.34971749782562256,-0.2923697344958782,3.4451875
lca,2,p304_410_mic2,p304,data\VCTK\wav48_silence_trimmed\p304\p304_410_mic2.flac,p311,0,1,0.34702354669570923,0.1224861741065979,0.34702354669570923,-0.22453737258911133,3.4451875
lca,3,p304_410_mic2,p304,data\VCTK\wav48_silence_trimmed\p304\p304_410_mic2.flac,p311,0,1,0.38782799243927,0.22038783133029938,0.38782799243927,-0.16744016110897064,3.4451875
original,0,p304_413_mic1,p304,data\VCTK\wav48_silence_trimmed\p304\p304_413_mic1.flac,p304,1,1,0.4854657053947449,0.4854657053947449,0.39001330733299255,0.09545239806175232,2.3936875
base,1,p304_413_mic1,p304,data\VCTK\wav48_silence_trimmed\p304\p304_413_mic1.flac,p311,0,1,0.383897066116333,0.15550951659679413,0.383897066116333,-0.22838754951953888,2.3936875
base,2,p304_413_mic1,p304,data\VCTK\wav48_silence_trimmed\p304\p304_413_mic1.flac,p311,0,1,0.4360584616661072,0.22391676902770996,0.4360584616661072,-0.21214169263839722,2.3936875
base,3,p304_413_mic1,p304,data\VCTK\wav48_silence_trimmed\p304\p304_413_mic1.flac,p311,0,1,0.4634125828742981,0.21781295537948608,0.4634125828742981,-0.245599627494812,2.3936875
lca,1,p304_413_mic1,p304,data\VCTK\wav48_silence_trimmed\p304\p304_413_mic1.flac,p311,0,1,0.3975867033004761,0.16741958260536194,0.3975867033004761,-0.23016712069511414,2.3936875
lca,2,p304_413_mic1,p304,data\VCTK\wav48_silence_trimmed\p304\p304_413_mic1.flac,p364,0,1,0.3801346719264984,0.19745442271232605,0.3801346719264984,-0.18268024921417236,2.3936875
lca,3,p304_413_mic1,p304,data\VCTK\wav48_silence_trimmed\p304\p304_413_mic1.flac,p311,0,1,0.43117332458496094,0.21322377026081085,0.43117332458496094,-0.21794955432415009,2.3936875
original,0,p305_152_mic2,p305,data\VCTK\wav48_silence_trimmed\p305\p305_152_mic2.flac,p305,1,1,0.8574593663215637,0.8574593663215637,0.4035584330558777,0.45390093326568604,3.3303125
base,1,p305_152_mic2,p305,data\VCTK\wav48_silence_trimmed\p305\p305_152_mic2.flac,p257,0,1,0.32721543312072754,0.2724745571613312,0.32721543312072754,-0.05474087595939636,3.3303125
base,2,p305_152_mic2,p305,data\VCTK\wav48_silence_trimmed\p305\p305_152_mic2.flac,p249,0,1,0.4148253798484802,0.26633352041244507,0.4148253798484802,-0.14849185943603516,3.3303125
base,3,p305_152_mic2,p305,data\VCTK\wav48_silence_trimmed\p305\p305_152_mic2.flac,p351,0,1,0.40623900294303894,0.33068162202835083,0.40623900294303894,-0.07555738091468811,3.3303125
lca,1,p305_152_mic2,p305,data\VCTK\wav48_silence_trimmed\p305\p305_152_mic2.flac,p264,0,1,0.31078898906707764,0.2859228849411011,0.31078898906707764,-0.024866104125976562,3.3303125
lca,2,p305_152_mic2,p305,data\VCTK\wav48_silence_trimmed\p305\p305_152_mic2.flac,p340,0,1,0.3608124852180481,0.33110544085502625,0.3608124852180481,-0.02970704436302185,3.3303125
lca,3,p305_152_mic2,p305,data\VCTK\wav48_silence_trimmed\p305\p305_152_mic2.flac,p340,0,1,0.385047972202301,0.3488978445529938,0.385047972202301,-0.03615012764930725,3.3303125
original,0,p305_181_mic1,p305,data\VCTK\wav48_silence_trimmed\p305\p305_181_mic1.flac,p305,1,1,0.8738194704055786,0.8738194704055786,0.4699661135673523,0.4038533568382263,3.2313125
base,1,p305_181_mic1,p305,data\VCTK\wav48_silence_trimmed\p305\p305_181_mic1.flac,p351,0,1,0.36685359477996826,0.3026459515094757,0.36685359477996826,-0.06420764327049255,3.2313125
base,2,p305_181_mic1,p305,data\VCTK\wav48_silence_trimmed\p305\p305_181_mic1.flac,p305,1,1,0.4446355104446411,0.4446355104446411,0.4054369330406189,0.03919857740402222,3.2313125
base,3,p305_181_mic1,p305,data\VCTK\wav48_silence_trimmed\p305\p305_181_mic1.flac,p305,1,1,0.5355782508850098,0.5355782508850098,0.44211769104003906,0.0934605598449707,3.2313125
lca,1,p305_181_mic1,p305,data\VCTK\wav48_silence_trimmed\p305\p305_181_mic1.flac,p280,0,1,0.3742121458053589,0.3099404573440552,0.3742121458053589,-0.06427168846130371,3.2313125
lca,2,p305_181_mic1,p305,data\VCTK\wav48_silence_trimmed\p305\p305_181_mic1.flac,p340,0,1,0.3966006636619568,0.369966059923172,0.3966006636619568,-0.02663460373878479,3.2313125
lca,3,p305_181_mic1,p305,data\VCTK\wav48_silence_trimmed\p305\p305_181_mic1.flac,p305,1,1,0.43468165397644043,0.43468165397644043,0.425869882106781,0.008811771869659424,3.2313125
original,0,p305_216_mic1,p305,data\VCTK\wav48_silence_trimmed\p305\p305_216_mic1.flac,p305,1,1,0.8918321132659912,0.8918321132659912,0.4588782489299774,0.4329538643360138,3.182
base,1,p305_216_mic1,p305,data\VCTK\wav48_silence_trimmed\p305\p305_216_mic1.flac,p330,0,1,0.3362586200237274,0.3275919258594513,0.3362586200237274,-0.008666694164276123,3.182
base,2,p305_216_mic1,p305,data\VCTK\wav48_silence_trimmed\p305\p305_216_mic1.flac,p305,1,1,0.46464666724205017,0.46464666724205017,0.4138807952404022,0.05076587200164795,3.182
base,3,p305_216_mic1,p305,data\VCTK\wav48_silence_trimmed\p305\p305_216_mic1.flac,p305,1,1,0.5141198635101318,0.5141198635101318,0.43401414155960083,0.080105721950531,3.182
lca,1,p305_216_mic1,p305,data\VCTK\wav48_silence_trimmed\p305\p305_216_mic1.flac,p257,0,1,0.3693426251411438,0.36667102575302124,0.3693426251411438,-0.0026715993881225586,3.182
lca,2,p305_216_mic1,p305,data\VCTK\wav48_silence_trimmed\p305\p305_216_mic1.flac,p305,1,1,0.4590434432029724,0.4590434432029724,0.45792800188064575,0.0011154413223266602,3.182
lca,3,p305_216_mic1,p305,data\VCTK\wav48_silence_trimmed\p305\p305_216_mic1.flac,p340,0,1,0.5068520307540894,0.46736669540405273,0.5068520307540894,-0.03948533535003662,3.182
original,0,p305_316_mic1,p305,data\VCTK\wav48_silence_trimmed\p305\p305_316_mic1.flac,p305,1,1,0.8108330368995667,0.8108330368995667,0.45276379585266113,0.3580692410469055,2.768875
base,1,p305_316_mic1,p305,data\VCTK\wav48_silence_trimmed\p305\p305_316_mic1.flac,p238,0,1,0.3842982053756714,0.2591943144798279,0.3842982053756714,-0.1251038908958435,2.768875
base,2,p305_316_mic1,p305,data\VCTK\wav48_silence_trimmed\p305\p305_316_mic1.flac,p351,0,1,0.4388544261455536,0.3202417492866516,0.4388544261455536,-0.11861267685890198,2.768875
base,3,p305_316_mic1,p305,data\VCTK\wav48_silence_trimmed\p305\p305_316_mic1.flac,p351,0,1,0.48123276233673096,0.43564438819885254,0.48123276233673096,-0.04558837413787842,2.768875
lca,1,p305_316_mic1,p305,data\VCTK\wav48_silence_trimmed\p305\p305_316_mic1.flac,p283,0,1,0.3418766260147095,0.33268216252326965,0.3418766260147095,-0.00919446349143982,2.768875
lca,2,p305_316_mic1,p305,data\VCTK\wav48_silence_trimmed\p305\p305_316_mic1.flac,p317,0,1,0.46345317363739014,0.37347644567489624,0.46345317363739014,-0.0899767279624939,2.768875
lca,3,p305_316_mic1,p305,data\VCTK\wav48_silence_trimmed\p305\p305_316_mic1.flac,p340,0,1,0.5319374203681946,0.4510316848754883,0.5319374203681946,-0.0809057354927063,2.768875
original,0,p305_336_mic1,p305,data\VCTK\wav48_silence_trimmed\p305\p305_336_mic1.flac,p305,1,1,0.8742238879203796,0.8742238879203796,0.447112500667572,0.4271113872528076,3.628875
base,1,p305_336_mic1,p305,data\VCTK\wav48_silence_trimmed\p305\p305_336_mic1.flac,p257,0,1,0.35486891865730286,0.27025556564331055,0.35486891865730286,-0.08461335301399231,3.628875
base,2,p305_336_mic1,p305,data\VCTK\wav48_silence_trimmed\p305\p305_336_mic1.flac,p305,1,1,0.42090904712677,0.42090904712677,0.359799325466156,0.061109721660614014,3.628875
base,3,p305_336_mic1,p305,data\VCTK\wav48_silence_trimmed\p305\p305_336_mic1.flac,p305,1,1,0.45240890979766846,0.45240890979766846,0.38845425844192505,0.06395465135574341,3.628875
lca,1,p305_336_mic1,p305,data\VCTK\wav48_silence_trimmed\p305\p305_336_mic1.flac,p280,0,1,0.4003250002861023,0.2682756185531616,0.4003250002861023,-0.13204938173294067,3.628875
lca,2,p305_336_mic1,p305,data\VCTK\wav48_silence_trimmed\p305\p305_336_mic1.flac,p340,0,1,0.5062689781188965,0.440879225730896,0.5062689781188965,-0.06538975238800049,3.628875
lca,3,p305_336_mic1,p305,data\VCTK\wav48_silence_trimmed\p305\p305_336_mic1.flac,p300,0,1,0.4873873293399811,0.42911168932914734,0.4873873293399811,-0.05827564001083374,3.628875
original,0,p306_021_mic2,p306,data\VCTK\wav48_silence_trimmed\p306\p306_021_mic2.flac,p306,1,1,0.8472197651863098,0.8472197651863098,0.5132174491882324,0.3340023159980774,12.797375
base,1,p306_021_mic2,p306,data\VCTK\wav48_silence_trimmed\p306\p306_021_mic2.flac,p293,0,1,0.3956490457057953,0.23740935325622559,0.3956490457057953,-0.1582396924495697,12.797375
base,2,p306_021_mic2,p306,data\VCTK\wav48_silence_trimmed\p306\p306_021_mic2.flac,p306,1,1,0.46271228790283203,0.46271228790283203,0.4086543917655945,0.05405789613723755,12.797375
base,3,p306_021_mic2,p306,data\VCTK\wav48_silence_trimmed\p306\p306_021_mic2.flac,p306,1,1,0.48663896322250366,0.48663896322250366,0.4114267826080322,0.07521218061447144,12.797375
lca,1,p306_021_mic2,p306,data\VCTK\wav48_silence_trimmed\p306\p306_021_mic2.flac,p262,0,1,0.3769952356815338,0.253807932138443,0.3769952356815338,-0.12318730354309082,12.797375
lca,2,p306_021_mic2,p306,data\VCTK\wav48_silence_trimmed\p306\p306_021_mic2.flac,p262,0,1,0.45075124502182007,0.32223135232925415,0.45075124502182007,-0.12851989269256592,12.797375
lca,3,p306_021_mic2,p306,data\VCTK\wav48_silence_trimmed\p306\p306_021_mic2.flac,p340,0,1,0.4306454360485077,0.3704143166542053,0.4306454360485077,-0.06023111939430237,12.797375
original,0,p306_247_mic2,p306,data\VCTK\wav48_silence_trimmed\p306\p306_247_mic2.flac,p306,1,1,0.804210901260376,0.804210901260376,0.48253193497657776,0.3216789662837982,5.083125
base,1,p306_247_mic2,p306,data\VCTK\wav48_silence_trimmed\p306\p306_247_mic2.flac,p262,0,1,0.39145734906196594,0.212905615568161,0.39145734906196594,-0.17855173349380493,5.083125
base,2,p306_247_mic2,p306,data\VCTK\wav48_silence_trimmed\p306\p306_247_mic2.flac,p306,1,1,0.4186944365501404,0.4186944365501404,0.39339882135391235,0.025295615196228027,5.083125
base,3,p306_247_mic2,p306,data\VCTK\wav48_silence_trimmed\p306\p306_247_mic2.flac,p306,1,1,0.4934976398944855,0.4934976398944855,0.3935464918613434,0.09995114803314209,5.083125
lca,1,p306_247_mic2,p306,data\VCTK\wav48_silence_trimmed\p306\p306_247_mic2.flac,p343,0,1,0.33786654472351074,0.2662241458892822,0.33786654472351074,-0.07164239883422852,5.083125
lca,2,p306_247_mic2,p306,data\VCTK\wav48_silence_trimmed\p306\p306_247_mic2.flac,p306,1,1,0.3606910705566406,0.3606910705566406,0.33936607837677,0.021324992179870605,5.083125
lca,3,p306_247_mic2,p306,data\VCTK\wav48_silence_trimmed\p306\p306_247_mic2.flac,p306,1,1,0.4420212507247925,0.4420212507247925,0.36702269315719604,0.07499855756759644,5.083125
original,0,p306_293_mic2,p306,data\VCTK\wav48_silence_trimmed\p306\p306_293_mic2.flac,p306,1,1,0.8295387029647827,0.8295387029647827,0.5000122785568237,0.329526424407959,6.5470625
base,1,p306_293_mic2,p306,data\VCTK\wav48_silence_trimmed\p306\p306_293_mic2.flac,p257,0,1,0.3683205246925354,0.25237134099006653,0.3683205246925354,-0.11594918370246887,6.5470625
base,2,p306_293_mic2,p306,data\VCTK\wav48_silence_trimmed\p306\p306_293_mic2.flac,p306,1,1,0.4296833574771881,0.4296833574771881,0.4096083343029022,0.02007502317428589,6.5470625
base,3,p306_293_mic2,p306,data\VCTK\wav48_silence_trimmed\p306\p306_293_mic2.flac,p306,1,1,0.5242135524749756,0.5242135524749756,0.49999016523361206,0.024223387241363525,6.5470625
lca,1,p306_293_mic2,p306,data\VCTK\wav48_silence_trimmed\p306\p306_293_mic2.flac,p361,0,1,0.3436257541179657,0.2484242171049118,0.3436257541179657,-0.0952015370130539,6.5470625
lca,2,p306_293_mic2,p306,data\VCTK\wav48_silence_trimmed\p306\p306_293_mic2.flac,p280,0,1,0.38901931047439575,0.3831477165222168,0.38901931047439575,-0.005871593952178955,6.5470625
lca,3,p306_293_mic2,p306,data\VCTK\wav48_silence_trimmed\p306\p306_293_mic2.flac,p306,1,1,0.43591779470443726,0.43591779470443726,0.42846429347991943,0.007453501224517822,6.5470625
original,0,p306_303_mic2,p306,data\VCTK\wav48_silence_trimmed\p306\p306_303_mic2.flac,p306,1,1,0.8124992847442627,0.8124992847442627,0.4870035648345947,0.32549571990966797,6.4199375
base,1,p306_303_mic2,p306,data\VCTK\wav48_silence_trimmed\p306\p306_303_mic2.flac,p262,0,1,0.3485702574253082,0.19424575567245483,0.3485702574253082,-0.1543245017528534,6.4199375
base,2,p306_303_mic2,p306,data\VCTK\wav48_silence_trimmed\p306\p306_303_mic2.flac,p295,0,1,0.45789775252342224,0.44064685702323914,0.45789775252342224,-0.017250895500183105,6.4199375
base,3,p306_303_mic2,p306,data\VCTK\wav48_silence_trimmed\p306\p306_303_mic2.flac,p306,1,1,0.5032066106796265,0.5032066106796265,0.420918345451355,0.08228826522827148,6.4199375
lca,1,p306_303_mic2,p306,data\VCTK\wav48_silence_trimmed\p306\p306_303_mic2.flac,p295,0,1,0.41063299775123596,0.14473922550678253,0.41063299775123596,-0.26589377224445343,6.4199375
lca,2,p306_303_mic2,p306,data\VCTK\wav48_silence_trimmed\p306\p306_303_mic2.flac,p262,0,1,0.40331411361694336,0.33815401792526245,0.40331411361694336,-0.06516009569168091,6.4199375
lca,3,p306_303_mic2,p306,data\VCTK\wav48_silence_trimmed\p306\p306_303_mic2.flac,p339,0,1,0.4481657147407532,0.40277600288391113,0.4481657147407532,-0.04538971185684204,6.4199375
original,0,p306_360_mic1,p306,data\VCTK\wav48_silence_trimmed\p306\p306_360_mic1.flac,p306,1,1,0.6880678534507751,0.6880678534507751,0.4128682017326355,0.27519965171813965,3.88
base,1,p306_360_mic1,p306,data\VCTK\wav48_silence_trimmed\p306\p306_360_mic1.flac,p330,0,1,0.3499700427055359,0.26863977313041687,0.3499700427055359,-0.08133026957511902,3.88
base,2,p306_360_mic1,p306,data\VCTK\wav48_silence_trimmed\p306\p306_360_mic1.flac,p318,0,1,0.4091629981994629,0.4050597548484802,0.4091629981994629,-0.004103243350982666,3.88
base,3,p306_360_mic1,p306,data\VCTK\wav48_silence_trimmed\p306\p306_360_mic1.flac,p306,1,1,0.470723032951355,0.470723032951355,0.4297400116920471,0.04098302125930786,3.88
lca,1,p306_360_mic1,p306,data\VCTK\wav48_silence_trimmed\p306\p306_360_mic1.flac,p280,0,1,0.42548850178718567,0.343625009059906,0.42548850178718567,-0.08186349272727966,3.88
lca,2,p306_360_mic1,p306,data\VCTK\wav48_silence_trimmed\p306\p306_360_mic1.flac,p262,0,1,0.4040120840072632,0.35972297191619873,0.4040120840072632,-0.04428911209106445,3.88
lca,3,p306_360_mic1,p306,data\VCTK\wav48_silence_trimmed\p306\p306_360_mic1.flac,p308,0,1,0.40293726325035095,0.36507484316825867,0.40293726325035095,-0.037862420082092285,3.88
original,0,p307_060_mic1,p307,data\VCTK\wav48_silence_trimmed\p307\p307_060_mic1.flac,p307,1,1,0.8711164593696594,0.8711164593696594,0.48189952969551086,0.38921692967414856,4.9436875
base,1,p307_060_mic1,p307,data\VCTK\wav48_silence_trimmed\p307\p307_060_mic1.flac,p330,0,1,0.43761885166168213,0.21433568000793457,0.43761885166168213,-0.22328317165374756,4.9436875
base,2,p307_060_mic1,p307,data\VCTK\wav48_silence_trimmed\p307\p307_060_mic1.flac,p317,0,1,0.3974757790565491,0.38072311878204346,0.3974757790565491,-0.016752660274505615,4.9436875
base,3,p307_060_mic1,p307,data\VCTK\wav48_silence_trimmed\p307\p307_060_mic1.flac,p307,1,1,0.4727049171924591,0.4727049171924591,0.4483395516872406,0.024365365505218506,4.9436875
lca,1,p307_060_mic1,p307,data\VCTK\wav48_silence_trimmed\p307\p307_060_mic1.flac,p230,0,1,0.39274072647094727,0.1369825154542923,0.39274072647094727,-0.25575821101665497,4.9436875
lca,2,p307_060_mic1,p307,data\VCTK\wav48_silence_trimmed\p307\p307_060_mic1.flac,p300,0,1,0.42832401394844055,0.3204463720321655,0.42832401394844055,-0.10787764191627502,4.9436875
lca,3,p307_060_mic1,p307,data\VCTK\wav48_silence_trimmed\p307\p307_060_mic1.flac,p300,0,1,0.5052411556243896,0.41005975008010864,0.5052411556243896,-0.095181405544281,4.9436875
original,0,p307_115_mic2,p307,data\VCTK\wav48_silence_trimmed\p307\p307_115_mic2.flac,p307,1,1,0.7749356031417847,0.7749356031417847,0.43232133984565735,0.3426142632961273,3.8503125
base,1,p307_115_mic2,p307,data\VCTK\wav48_silence_trimmed\p307\p307_115_mic2.flac,p238,0,1,0.3015453815460205,0.09909848868846893,0.3015453815460205,-0.20244689285755157,3.8503125
base,2,p307_115_mic2,p307,data\VCTK\wav48_silence_trimmed\p307\p307_115_mic2.flac,p317,0,1,0.38153398036956787,0.2976157069206238,0.38153398036956787,-0.08391827344894409,3.8503125
base,3,p307_115_mic2,p307,data\VCTK\wav48_silence_trimmed\p307\p307_115_mic2.flac,p307,1,1,0.41910192370414734,0.41910192370414734,0.39026835560798645,0.02883356809616089,3.8503125
lca,1,p307_115_mic2,p307,data\VCTK\wav48_silence_trimmed\p307\p307_115_mic2.flac,p300,0,1,0.38548779487609863,0.20330607891082764,0.38548779487609863,-0.182181715965271,3.8503125
lca,2,p307_115_mic2,p307,data\VCTK\wav48_silence_trimmed\p307\p307_115_mic2.flac,p300,0,1,0.45572811365127563,0.29798901081085205,0.45572811365127563,-0.15773910284042358,3.8503125
lca,3,p307_115_mic2,p307,data\VCTK\wav48_silence_trimmed\p307\p307_115_mic2.flac,p300,0,1,0.4025535583496094,0.3002108335494995,0.4025535583496094,-0.10234272480010986,3.8503125
original,0,p307_166_mic2,p307,data\VCTK\wav48_silence_trimmed\p307\p307_166_mic2.flac,p307,1,1,0.732684314250946,0.732684314250946,0.4618321359157562,0.2708521783351898,4.4788125
base,1,p307_166_mic2,p307,data\VCTK\wav48_silence_trimmed\p307\p307_166_mic2.flac,p262,0,1,0.30516260862350464,0.08914955705404282,0.30516260862350464,-0.21601305156946182,4.4788125
base,2,p307_166_mic2,p307,data\VCTK\wav48_silence_trimmed\p307\p307_166_mic2.flac,p317,0,1,0.5478702783584595,0.31768476963043213,0.5478702783584595,-0.23018550872802734,4.4788125
base,3,p307_166_mic2,p307,data\VCTK\wav48_silence_trimmed\p307\p307_166_mic2.flac,p317,0,1,0.5647377967834473,0.4296574294567108,0.5647377967834473,-0.13508036732673645,4.4788125
lca,1,p307_166_mic2,p307,data\VCTK\wav48_silence_trimmed\p307\p307_166_mic2.flac,p339,0,1,0.3659270107746124,0.16726255416870117,0.3659270107746124,-0.19866445660591125,4.4788125
lca,2,p307_166_mic2,p307,data\VCTK\wav48_silence_trimmed\p307\p307_166_mic2.flac,p238,0,1,0.41054317355155945,0.2521262466907501,0.41054317355155945,-0.15841692686080933,4.4788125
lca,3,p307_166_mic2,p307,data\VCTK\wav48_silence_trimmed\p307\p307_166_mic2.flac,p340,0,1,0.5123724937438965,0.32694703340530396,0.5123724937438965,-0.18542546033859253,4.4788125
original,0,p307_232_mic1,p307,data\VCTK\wav48_silence_trimmed\p307\p307_232_mic1.flac,p307,1,1,0.7214198708534241,0.7214198708534241,0.5098822712898254,0.21153759956359863,3.7373125
base,1,p307_232_mic1,p307,data\VCTK\wav48_silence_trimmed\p307\p307_232_mic1.flac,p230,0,1,0.33426207304000854,0.1379845142364502,0.33426207304000854,-0.19627755880355835,3.7373125
base,2,p307_232_mic1,p307,data\VCTK\wav48_silence_trimmed\p307\p307_232_mic1.flac,p283,0,1,0.4075453281402588,0.3309224843978882,0.4075453281402588,-0.0766228437423706,3.7373125
base,3,p307_232_mic1,p307,data\VCTK\wav48_silence_trimmed\p307\p307_232_mic1.flac,p317,0,1,0.5207154750823975,0.4366382658481598,0.5207154750823975,-0.08407720923423767,3.7373125
lca,1,p307_232_mic1,p307,data\VCTK\wav48_silence_trimmed\p307\p307_232_mic1.flac,p306,0,1,0.3619852662086487,0.0690445601940155,0.3619852662086487,-0.2929407060146332,3.7373125
lca,2,p307_232_mic1,p307,data\VCTK\wav48_silence_trimmed\p307\p307_232_mic1.flac,p300,0,1,0.44022271037101746,0.28594520688056946,0.44022271037101746,-0.154277503490448,3.7373125
lca,3,p307_232_mic1,p307,data\VCTK\wav48_silence_trimmed\p307\p307_232_mic1.flac,p300,0,1,0.45402252674102783,0.3406623303890228,0.45402252674102783,-0.113360196352005,3.7373125
original,0,p307_306_mic2,p307,data\VCTK\wav48_silence_trimmed\p307\p307_306_mic2.flac,p307,1,1,0.8079392910003662,0.8079392910003662,0.5088759660720825,0.2990633249282837,4.3699375
base,1,p307_306_mic2,p307,data\VCTK\wav48_silence_trimmed\p307\p307_306_mic2.flac,p238,0,1,0.3874492347240448,0.05790593475103378,0.3874492347240448,-0.329543299973011,4.3699375
base,2,p307_306_mic2,p307,data\VCTK\wav48_silence_trimmed\p307\p307_306_mic2.flac,p307,1,1,0.4357987642288208,0.4357987642288208,0.41234636306762695,0.023452401161193848,4.3699375
base,3,p307_306_mic2,p307,data\VCTK\wav48_silence_trimmed\p307\p307_306_mic2.flac,p307,1,1,0.5544389486312866,0.5544389486312866,0.49580255150794983,0.05863639712333679,4.3699375
lca,1,p307_306_mic2,p307,data\VCTK\wav48_silence_trimmed\p307\p307_306_mic2.flac,p262,0,1,0.310185968875885,0.18790730834007263,0.310185968875885,-0.12227866053581238,4.3699375
lca,2,p307_306_mic2,p307,data\VCTK\wav48_silence_trimmed\p307\p307_306_mic2.flac,p340,0,1,0.4372033178806305,0.306342214345932,0.4372033178806305,-0.1308611035346985,4.3699375
lca,3,p307_306_mic2,p307,data\VCTK\wav48_silence_trimmed\p307\p307_306_mic2.flac,p300,0,1,0.5136092901229858,0.4619150757789612,0.5136092901229858,-0.05169421434402466,4.3699375
original,0,p308_005_mic1,p308,data\VCTK\wav48_silence_trimmed\p308\p308_005_mic1.flac,p308,1,1,0.7467836737632751,0.7467836737632751,0.5050202012062073,0.24176347255706787,5.9973125
base,1,p308_005_mic1,p308,data\VCTK\wav48_silence_trimmed\p308\p308_005_mic1.flac,p244,0,1,0.37905752658843994,0.2579648494720459,0.37905752658843994,-0.12109267711639404,5.9973125
base,2,p308_005_mic1,p308,data\VCTK\wav48_silence_trimmed\p308\p308_005_mic1.flac,p308,1,1,0.45883166790008545,0.45883166790008545,0.42913511395454407,0.029696553945541382,5.9973125
base,3,p308_005_mic1,p308,data\VCTK\wav48_silence_trimmed\p308\p308_005_mic1.flac,p308,1,1,0.5525107383728027,0.5525107383728027,0.4331604838371277,0.11935025453567505,5.9973125
lca,1,p308_005_mic1,p308,data\VCTK\wav48_silence_trimmed\p308\p308_005_mic1.flac,p280,0,1,0.34706488251686096,0.3301318883895874,0.34706488251686096,-0.01693299412727356,5.9973125
lca,2,p308_005_mic1,p308,data\VCTK\wav48_silence_trimmed\p308\p308_005_mic1.flac,p308,1,1,0.4774141013622284,0.4774141013622284,0.4425579309463501,0.034856170415878296,5.9973125
lca,3,p308_005_mic1,p308,data\VCTK\wav48_silence_trimmed\p308\p308_005_mic1.flac,p308,1,1,0.5128951072692871,0.5128951072692871,0.46558284759521484,0.047312259674072266,5.9973125
original,0,p308_068_mic1,p308,data\VCTK\wav48_silence_trimmed\p308\p308_068_mic1.flac,p308,1,1,0.6628261804580688,0.6628261804580688,0.43411165475845337,0.22871452569961548,2.861375
base,1,p308_068_mic1,p308,data\VCTK\wav48_silence_trimmed\p308\p308_068_mic1.flac,p301,0,1,0.39693590998649597,0.21083733439445496,0.39693590998649597,-0.18609857559204102,2.861375
base,2,p308_068_mic1,p308,data\VCTK\wav48_silence_trimmed\p308\p308_068_mic1.flac,p301,0,1,0.4680820107460022,0.42996734380722046,0.4680820107460022,-0.03811466693878174,2.861375
base,3,p308_068_mic1,p308,data\VCTK\wav48_silence_trimmed\p308\p308_068_mic1.flac,p308,1,1,0.4806678891181946,0.4806678891181946,0.4390982389450073,0.041569650173187256,2.861375
lca,1,p308_068_mic1,p308,data\VCTK\wav48_silence_trimmed\p308\p308_068_mic1.flac,p343,0,1,0.33587515354156494,0.1880965530872345,0.33587515354156494,-0.14777860045433044,2.861375
lca,2,p308_068_mic1,p308,data\VCTK\wav48_silence_trimmed\p308\p308_068_mic1.flac,p262,0,1,0.48192930221557617,0.4568394124507904,0.48192930221557617,-0.025089889764785767,2.861375
lca,3,p308_068_mic1,p308,data\VCTK\wav48_silence_trimmed\p308\p308_068_mic1.flac,p308,1,1,0.5222442746162415,0.5222442746162415,0.4097357392311096,0.11250853538513184,2.861375
original,0,p308_143_mic1,p308,data\VCTK\wav48_silence_trimmed\p308\p308_143_mic1.flac,p308,1,1,0.7717365026473999,0.7717365026473999,0.4574856162071228,0.3142508864402771,3.96875
base,1,p308_143_mic1,p308,data\VCTK\wav48_silence_trimmed\p308\p308_143_mic1.flac,p261,0,1,0.32992982864379883,0.23808832466602325,0.32992982864379883,-0.09184150397777557,3.96875
base,2,p308_143_mic1,p308,data\VCTK\wav48_silence_trimmed\p308\p308_143_mic1.flac,p308,1,1,0.4951704144477844,0.4951704144477844,0.4600849747657776,0.035085439682006836,3.96875
base,3,p308_143_mic1,p308,data\VCTK\wav48_silence_trimmed\p308\p308_143_mic1.flac,p308,1,1,0.5497525334358215,0.5497525334358215,0.4421601891517639,0.10759234428405762,3.96875
lca,1,p308_143_mic1,p308,data\VCTK\wav48_silence_trimmed\p308\p308_143_mic1.flac,p261,0,1,0.3338685929775238,0.2512597143650055,0.3338685929775238,-0.08260887861251831,3.96875
lca,2,p308_143_mic1,p308,data\VCTK\wav48_silence_trimmed\p308\p308_143_mic1.flac,p262,0,1,0.4781284034252167,0.45585161447525024,0.4781284034252167,-0.02227678894996643,3.96875
lca,3,p308_143_mic1,p308,data\VCTK\wav48_silence_trimmed\p308\p308_143_mic1.flac,p308,1,1,0.5216197371482849,0.5216197371482849,0.4704485237598419,0.05117121338844299,3.96875
original,0,p308_213_mic2,p308,data\VCTK\wav48_silence_trimmed\p308\p308_213_mic2.flac,p308,1,1,0.7314256429672241,0.7314256429672241,0.4012119770050049,0.33021366596221924,3.50025
base,1,p308_213_mic2,p308,data\VCTK\wav48_silence_trimmed\p308\p308_213_mic2.flac,p238,0,1,0.38701218366622925,0.18925468623638153,0.38701218366622925,-0.19775749742984772,3.50025
base,2,p308_213_mic2,p308,data\VCTK\wav48_silence_trimmed\p308\p308_213_mic2.flac,p231,0,1,0.44789934158325195,0.4412910044193268,0.44789934158325195,-0.006608337163925171,3.50025
base,3,p308_213_mic2,p308,data\VCTK\wav48_silence_trimmed\p308\p308_213_mic2.flac,p308,1,1,0.5896695852279663,0.5896695852279663,0.5001970529556274,0.08947253227233887,3.50025
lca,1,p308_213_mic2,p308,data\VCTK\wav48_silence_trimmed\p308\p308_213_mic2.flac,p261,0,1,0.3291553258895874,0.2406768500804901,0.3291553258895874,-0.08847847580909729,3.50025
lca,2,p308_213_mic2,p308,data\VCTK\wav48_silence_trimmed\p308\p308_213_mic2.flac,p308,1,1,0.3829450011253357,0.3829450011253357,0.37536442279815674,0.007580578327178955,3.50025
lca,3,p308_213_mic2,p308,data\VCTK\wav48_silence_trimmed\p308\p308_213_mic2.flac,p308,1,1,0.4819543957710266,0.4819543957710266,0.40615057945251465,0.07580381631851196,3.50025
original,0,p308_329_mic2,p308,data\VCTK\wav48_silence_trimmed\p308\p308_329_mic2.flac,p308,1,1,0.6233784556388855,0.6233784556388855,0.39031755924224854,0.23306089639663696,2.816375
base,1,p308_329_mic2,p308,data\VCTK\wav48_silence_trimmed\p308\p308_329_mic2.flac,p293,0,1,0.37738484144210815,0.3462163805961609,0.37738484144210815,-0.031168460845947266,2.816375
base,2,p308_329_mic2,p308,data\VCTK\wav48_silence_trimmed\p308\p308_329_mic2.flac,p231,0,1,0.5256785750389099,0.4487544298171997,0.5256785750389099,-0.0769241452217102,2.816375
base,3,p308_329_mic2,p308,data\VCTK\wav48_silence_trimmed\p308\p308_329_mic2.flac,p308,1,1,0.5360658764839172,0.5360658764839172,0.47282499074935913,0.0632408857345581,2.816375
lca,1,p308_329_mic2,p308,data\VCTK\wav48_silence_trimmed\p308\p308_329_mic2.flac,p238,0,1,0.30657631158828735,0.2820824980735779,0.30657631158828735,-0.024493813514709473,2.816375
lca,2,p308_329_mic2,p308,data\VCTK\wav48_silence_trimmed\p308\p308_329_mic2.flac,p308,1,1,0.42714640498161316,0.42714640498161316,0.36024022102355957,0.06690618395805359,2.816375
lca,3,p308_329_mic2,p308,data\VCTK\wav48_silence_trimmed\p308\p308_329_mic2.flac,p308,1,1,0.49053052067756653,0.49053052067756653,0.3613448739051819,0.12918564677238464,2.816375
original,0,p310_019_mic1,p310,data\VCTK\wav48_silence_trimmed\p310\p310_019_mic1.flac,p310,1,1,0.7883427143096924,0.7883427143096924,0.42604267597198486,0.3623000383377075,7.862125
base,1,p310_019_mic1,p310,data\VCTK\wav48_silence_trimmed\p310\p310_019_mic1.flac,p293,0,1,0.39750224351882935,0.20884183049201965,0.39750224351882935,-0.1886604130268097,7.862125
base,2,p310_019_mic1,p310,data\VCTK\wav48_silence_trimmed\p310\p310_019_mic1.flac,p310,1,1,0.45623642206192017,0.45623642206192017,0.4254276156425476,0.03080880641937256,7.862125
base,3,p310_019_mic1,p310,data\VCTK\wav48_silence_trimmed\p310\p310_019_mic1.flac,p310,1,1,0.5720548629760742,0.5720548629760742,0.40201684832572937,0.17003801465034485,7.862125
lca,1,p310_019_mic1,p310,data\VCTK\wav48_silence_trimmed\p310\p310_019_mic1.flac,p361,0,1,0.36596179008483887,0.2397012859582901,0.36596179008483887,-0.12626050412654877,7.862125
lca,2,p310_019_mic1,p310,data\VCTK\wav48_silence_trimmed\p310\p310_019_mic1.flac,p340,0,1,0.427204430103302,0.42574596405029297,0.427204430103302,-0.0014584660530090332,7.862125
lca,3,p310_019_mic1,p310,data\VCTK\wav48_silence_trimmed\p310\p310_019_mic1.flac,p310,1,1,0.49486100673675537,0.49486100673675537,0.46016135811805725,0.03469964861869812,7.862125
original,0,p310_138_mic2,p310,data\VCTK\wav48_silence_trimmed\p310\p310_138_mic2.flac,p310,1,1,0.5327191948890686,0.5327191948890686,0.40111950039863586,0.13159969449043274,2.5625625
base,1,p310_138_mic2,p310,data\VCTK\wav48_silence_trimmed\p310\p310_138_mic2.flac,p318,0,1,0.28689688444137573,0.034341759979724884,0.28689688444137573,-0.25255512446165085,2.5625625
base,2,p310_138_mic2,p310,data\VCTK\wav48_silence_trimmed\p310\p310_138_mic2.flac,p262,0,1,0.3461570143699646,0.15765053033828735,0.3461570143699646,-0.18850648403167725,2.5625625
base,3,p310_138_mic2,p310,data\VCTK\wav48_silence_trimmed\p310\p310_138_mic2.flac,p318,0,1,0.3619329333305359,0.1716660112142563,0.3619329333305359,-0.1902669221162796,2.5625625
lca,1,p310_138_mic2,p310,data\VCTK\wav48_silence_trimmed\p310\p310_138_mic2.flac,p262,0,1,0.3436218500137329,0.10947704315185547,0.3436218500137329,-0.23414480686187744,2.5625625
lca,2,p310_138_mic2,p310,data\VCTK\wav48_silence_trimmed\p310\p310_138_mic2.flac,p262,0,1,0.37262120842933655,0.20091930031776428,0.37262120842933655,-0.17170190811157227,2.5625625
lca,3,p310_138_mic2,p310,data\VCTK\wav48_silence_trimmed\p310\p310_138_mic2.flac,p262,0,1,0.38773268461227417,0.33944278955459595,0.38773268461227417,-0.04828989505767822,2.5625625
original,0,p310_166_mic2,p310,data\VCTK\wav48_silence_trimmed\p310\p310_166_mic2.flac,p310,1,1,0.755088746547699,0.755088746547699,0.49455857276916504,0.26053017377853394,3.586375
base,1,p310_166_mic2,p310,data\VCTK\wav48_silence_trimmed\p310\p310_166_mic2.flac,p339,0,1,0.37964576482772827,0.2117268443107605,0.37964576482772827,-0.16791892051696777,3.586375
base,2,p310_166_mic2,p310,data\VCTK\wav48_silence_trimmed\p310\p310_166_mic2.flac,p317,0,1,0.40591567754745483,0.35118696093559265,0.40591567754745483,-0.05472871661186218,3.586375
base,3,p310_166_mic2,p310,data\VCTK\wav48_silence_trimmed\p310\p310_166_mic2.flac,p317,0,1,0.5165899991989136,0.41551339626312256,0.5165899991989136,-0.10107660293579102,3.586375
lca,1,p310_166_mic2,p310,data\VCTK\wav48_silence_trimmed\p310\p310_166_mic2.flac,p262,0,1,0.3581095337867737,0.22478076815605164,0.3581095337867737,-0.13332876563072205,3.586375
lca,2,p310_166_mic2,p310,data\VCTK\wav48_silence_trimmed\p310\p310_166_mic2.flac,p262,0,1,0.3735755980014801,0.32256847620010376,0.3735755980014801,-0.05100712180137634,3.586375
lca,3,p310_166_mic2,p310,data\VCTK\wav48_silence_trimmed\p310\p310_166_mic2.flac,p317,0,1,0.4430759847164154,0.4240431487560272,0.4430759847164154,-0.019032835960388184,3.586375
original,0,p310_210_mic2,p310,data\VCTK\wav48_silence_trimmed\p310\p310_210_mic2.flac,p310,1,1,0.6758068799972534,0.6758068799972534,0.3601323366165161,0.3156745433807373,2.98475
base,1,p310_210_mic2,p310,data\VCTK\wav48_silence_trimmed\p310\p310_210_mic2.flac,p238,0,1,0.29165151715278625,0.08441350609064102,0.29165151715278625,-0.20723801106214523,2.98475
base,2,p310_210_mic2,p310,data\VCTK\wav48_silence_trimmed\p310\p310_210_mic2.flac,p262,0,1,0.39054423570632935,0.3063538670539856,0.39054423570632935,-0.08419036865234375,2.98475
base,3,p310_210_mic2,p310,data\VCTK\wav48_silence_trimmed\p310\p310_210_mic2.flac,p308,0,1,0.3621565103530884,0.3534301519393921,0.3621565103530884,-0.008726358413696289,2.98475
lca,1,p310_210_mic2,p310,data\VCTK\wav48_silence_trimmed\p310\p310_210_mic2.flac,p298,0,1,0.2645692825317383,0.05643267184495926,0.2645692825317383,-0.20813661068677902,2.98475
lca,2,p310_210_mic2,p310,data\VCTK\wav48_silence_trimmed\p310\p310_210_mic2.flac,p262,0,1,0.3742313086986542,0.14913342893123627,0.3742313086986542,-0.2250978797674179,2.98475
lca,3,p310_210_mic2,p310,data\VCTK\wav48_silence_trimmed\p310\p310_210_mic2.flac,p262,0,1,0.35758960247039795,0.1961795836687088,0.35758960247039795,-0.16141001880168915,2.98475
original,0,p310_295_mic2,p310,data\VCTK\wav48_silence_trimmed\p310\p310_295_mic2.flac,p310,1,1,0.8238326907157898,0.8238326907157898,0.4074110984802246,0.4164215922355652,3.5419375
base,1,p310_295_mic2,p310,data\VCTK\wav48_silence_trimmed\p310\p310_295_mic2.flac,p230,0,1,0.4374350905418396,0.11986280977725983,0.4374350905418396,-0.3175722807645798,3.5419375
base,2,p310_295_mic2,p310,data\VCTK\wav48_silence_trimmed\p310\p310_295_mic2.flac,p310,1,1,0.4645735025405884,0.4645735025405884,0.4336093068122864,0.030964195728302002,3.5419375
base,3,p310_295_mic2,p310,data\VCTK\wav48_silence_trimmed\p310\p310_295_mic2.flac,p310,1,1,0.545876145362854,0.545876145362854,0.5209863185882568,0.024889826774597168,3.5419375
lca,1,p310_295_mic2,p310,data\VCTK\wav48_silence_trimmed\p310\p310_295_mic2.flac,p230,0,1,0.40929362177848816,0.19337815046310425,0.40929362177848816,-0.2159154713153839,3.5419375
lca,2,p310_295_mic2,p310,data\VCTK\wav48_silence_trimmed\p310\p310_295_mic2.flac,p317,0,1,0.4777957499027252,0.4244673550128937,0.4777957499027252,-0.05332839488983154,3.5419375
lca,3,p310_295_mic2,p310,data\VCTK\wav48_silence_trimmed\p310\p310_295_mic2.flac,p317,0,1,0.49294355511665344,0.49152642488479614,0.49294355511665344,-0.0014171302318572998,3.5419375
original,0,p311_019_mic1,p311,data\VCTK\wav48_silence_trimmed\p311\p311_019_mic1.flac,p311,1,1,0.8290878534317017,0.8290878534317017,0.3371979296207428,0.49188992381095886,7.441375
base,1,p311_019_mic1,p311,data\VCTK\wav48_silence_trimmed\p311\p311_019_mic1.flac,p311,1,1,0.38283467292785645,0.38283467292785645,0.33941787481307983,0.04341679811477661,7.441375
base,2,p311_019_mic1,p311,data\VCTK\wav48_silence_trimmed\p311\p311_019_mic1.flac,p311,1,1,0.5492413640022278,0.5492413640022278,0.35577577352523804,0.19346559047698975,7.441375
base,3,p311_019_mic1,p311,data\VCTK\wav48_silence_trimmed\p311\p311_019_mic1.flac,p311,1,1,0.6303293704986572,0.6303293704986572,0.4159069061279297,0.21442246437072754,7.441375
lca,1,p311_019_mic1,p311,data\VCTK\wav48_silence_trimmed\p311\p311_019_mic1.flac,p311,1,1,0.39302343130111694,0.39302343130111694,0.3005487024784088,0.09247472882270813,7.441375
lca,2,p311_019_mic1,p311,data\VCTK\wav48_silence_trimmed\p311\p311_019_mic1.flac,p311,1,1,0.4869353175163269,0.4869353175163269,0.3435412049293518,0.1433941125869751,7.441375
lca,3,p311_019_mic1,p311,data\VCTK\wav48_silence_trimmed\p311\p311_019_mic1.flac,p311,1,1,0.5387167930603027,0.5387167930603027,0.35379111766815186,0.18492567539215088,7.441375
original,0,p311_183_mic2,p311,data\VCTK\wav48_silence_trimmed\p311\p311_183_mic2.flac,p311,1,1,0.6978199481964111,0.6978199481964111,0.2785847783088684,0.4192351698875427,2.8794375
base,1,p311_183_mic2,p311,data\VCTK\wav48_silence_trimmed\p311\p311_183_mic2.flac,p364,0,1,0.3417394757270813,0.2832321226596832,0.3417394757270813,-0.05850735306739807,2.8794375
base,2,p311_183_mic2,p311,data\VCTK\wav48_silence_trimmed\p311\p311_183_mic2.flac,p311,1,1,0.5094669461250305,0.5094669461250305,0.3534564971923828,0.1560104489326477,2.8794375
base,3,p311_183_mic2,p311,data\VCTK\wav48_silence_trimmed\p311\p311_183_mic2.flac,p311,1,1,0.5652937889099121,0.5652937889099121,0.3112165927886963,0.2540771961212158,2.8794375
lca,1,p311_183_mic2,p311,data\VCTK\wav48_silence_trimmed\p311\p311_183_mic2.flac,p311,1,1,0.3481362462043762,0.3481362462043762,0.3474326729774475,0.0007035732269287109,2.8794375
lca,2,p311_183_mic2,p311,data\VCTK\wav48_silence_trimmed\p311\p311_183_mic2.flac,p311,1,1,0.46833470463752747,0.46833470463752747,0.36134040355682373,0.10699430108070374,2.8794375
lca,3,p311_183_mic2,p311,data\VCTK\wav48_silence_trimmed\p311\p311_183_mic2.flac,p311,1,1,0.49970391392707825,0.49970391392707825,0.3507898151874542,0.14891409873962402,2.8794375
original,0,p311_269_mic1,p311,data\VCTK\wav48_silence_trimmed\p311\p311_269_mic1.flac,p311,1,1,0.7935231924057007,0.7935231924057007,0.37316083908081055,0.42036235332489014,2.304875
base,1,p311_269_mic1,p311,data\VCTK\wav48_silence_trimmed\p311\p311_269_mic1.flac,p316,0,1,0.3190087676048279,0.27228790521621704,0.3190087676048279,-0.04672086238861084,2.304875
base,2,p311_269_mic1,p311,data\VCTK\wav48_silence_trimmed\p311\p311_269_mic1.flac,p311,1,1,0.4371412992477417,0.4371412992477417,0.42222195863723755,0.01491934061050415,2.304875
base,3,p311_269_mic1,p311,data\VCTK\wav48_silence_trimmed\p311\p311_269_mic1.flac,p311,1,1,0.44992581009864807,0.44992581009864807,0.37823760509490967,0.0716882050037384,2.304875
lca,1,p311_269_mic1,p311,data\VCTK\wav48_silence_trimmed\p311\p311_269_mic1.flac,p311,1,1,0.3625240623950958,0.3625240623950958,0.2893552780151367,0.0731687843799591,2.304875
lca,2,p311_269_mic1,p311,data\VCTK\wav48_silence_trimmed\p311\p311_269_mic1.flac,p311,1,1,0.44655194878578186,0.44655194878578186,0.3103635013103485,0.13618844747543335,2.304875
lca,3,p311_269_mic1,p311,data\VCTK\wav48_silence_trimmed\p311\p311_269_mic1.flac,p311,1,1,0.4933367371559143,0.4933367371559143,0.31725215911865234,0.17608457803726196,2.304875
original,0,p311_294_mic2,p311,data\VCTK\wav48_silence_trimmed\p311\p311_294_mic2.flac,p311,1,1,0.6430595517158508,0.6430595517158508,0.2775288224220276,0.36553072929382324,2.914375
base,1,p311_294_mic2,p311,data\VCTK\wav48_silence_trimmed\p311\p311_294_mic2.flac,p364,0,1,0.3631846308708191,0.3222518861293793,0.3631846308708191,-0.04093274474143982,2.914375
base,2,p311_294_mic2,p311,data\VCTK\wav48_silence_trimmed\p311\p311_294_mic2.flac,p311,1,1,0.3946056067943573,0.3946056067943573,0.34205275774002075,0.05255284905433655,2.914375
base,3,p311_294_mic2,p311,data\VCTK\wav48_silence_trimmed\p311\p311_294_mic2.flac,p311,1,1,0.5048970580101013,0.5048970580101013,0.3559674024581909,0.1489296555519104,2.914375
lca,1,p311_294_mic2,p311,data\VCTK\wav48_silence_trimmed\p311\p311_294_mic2.flac,p311,1,1,0.36743730306625366,0.36743730306625366,0.3046608567237854,0.06277644634246826,2.914375
lca,2,p311_294_mic2,p311,data\VCTK\wav48_silence_trimmed\p311\p311_294_mic2.flac,p311,1,1,0.43120551109313965,0.43120551109313965,0.38578805327415466,0.045417457818984985,2.914375
lca,3,p311_294_mic2,p311,data\VCTK\wav48_silence_trimmed\p311\p311_294_mic2.flac,p311,1,1,0.4715677499771118,0.4715677499771118,0.42336857318878174,0.04819917678833008,2.914375
original,0,p311_339_mic1,p311,data\VCTK\wav48_silence_trimmed\p311\p311_339_mic1.flac,p311,1,1,0.7246550917625427,0.7246550917625427,0.30271750688552856,0.42193758487701416,3.49475
base,1,p311_339_mic1,p311,data\VCTK\wav48_silence_trimmed\p311\p311_339_mic1.flac,p360,0,1,0.38489413261413574,0.20677626132965088,0.38489413261413574,-0.17811787128448486,3.49475
base,2,p311_339_mic1,p311,data\VCTK\wav48_silence_trimmed\p311\p311_339_mic1.flac,p311,1,1,0.5169346332550049,0.5169346332550049,0.3841870129108429,0.132747620344162,3.49475
base,3,p311_339_mic1,p311,data\VCTK\wav48_silence_trimmed\p311\p311_339_mic1.flac,p311,1,1,0.6372442245483398,0.6372442245483398,0.3410244584083557,0.29621976613998413,3.49475
lca,1,p311_339_mic1,p311,data\VCTK\wav48_silence_trimmed\p311\p311_339_mic1.flac,p311,1,1,0.393659770488739,0.393659770488739,0.34274816513061523,0.05091160535812378,3.49475
lca,2,p311_339_mic1,p311,data\VCTK\wav48_silence_trimmed\p311\p311_339_mic1.flac,p311,1,1,0.488892525434494,0.488892525434494,0.3671632409095764,0.1217292845249176,3.49475
lca,3,p311_339_mic1,p311,data\VCTK\wav48_silence_trimmed\p311\p311_339_mic1.flac,p311,1,1,0.5028558969497681,0.5028558969497681,0.413534939289093,0.08932095766067505,3.49475
original,0,p312_128_mic1,p312,data\VCTK\wav48_silence_trimmed\p312\p312_128_mic1.flac,p312,1,1,0.6314153671264648,0.6314153671264648,0.41216033697128296,0.21925503015518188,2.1806875
base,1,p312_128_mic1,p312,data\VCTK\wav48_silence_trimmed\p312\p312_128_mic1.flac,p230,0,1,0.320348858833313,0.17602476477622986,0.320348858833313,-0.14432409405708313,2.1806875
base,2,p312_128_mic1,p312,data\VCTK\wav48_silence_trimmed\p312\p312_128_mic1.flac,p230,0,1,0.3986835479736328,0.19580335915088654,0.3986835479736328,-0.20288018882274628,2.1806875
base,3,p312_128_mic1,p312,data\VCTK\wav48_silence_trimmed\p312\p312_128_mic1.flac,p230,0,1,0.38548433780670166,0.21749328076839447,0.38548433780670166,-0.1679910570383072,2.1806875
lca,1,p312_128_mic1,p312,data\VCTK\wav48_silence_trimmed\p312\p312_128_mic1.flac,p230,0,1,0.34498247504234314,0.16634872555732727,0.34498247504234314,-0.17863374948501587,2.1806875
lca,2,p312_128_mic1,p312,data\VCTK\wav48_silence_trimmed\p312\p312_128_mic1.flac,p262,0,1,0.3910931944847107,0.20751670002937317,0.3910931944847107,-0.18357649445533752,2.1806875
lca,3,p312_128_mic1,p312,data\VCTK\wav48_silence_trimmed\p312\p312_128_mic1.flac,p262,0,1,0.3995291590690613,0.2192663997411728,0.3995291590690613,-0.1802627593278885,2.1806875
original,0,p312_135_mic2,p312,data\VCTK\wav48_silence_trimmed\p312\p312_135_mic2.flac,p312,1,1,0.67912757396698,0.67912757396698,0.42447513341903687,0.2546524405479431,2.348875
base,1,p312_135_mic2,p312,data\VCTK\wav48_silence_trimmed\p312\p312_135_mic2.flac,p261,0,1,0.3540380597114563,0.10903438925743103,0.3540380597114563,-0.24500367045402527,2.348875
base,2,p312_135_mic2,p312,data\VCTK\wav48_silence_trimmed\p312\p312_135_mic2.flac,p262,0,1,0.3885711431503296,0.282983660697937,0.3885711431503296,-0.10558748245239258,2.348875
base,3,p312_135_mic2,p312,data\VCTK\wav48_silence_trimmed\p312\p312_135_mic2.flac,p262,0,1,0.3912661671638489,0.33107632398605347,0.3912661671638489,-0.06018984317779541,2.348875
lca,1,p312_135_mic2,p312,data\VCTK\wav48_silence_trimmed\p312\p312_135_mic2.flac,p261,0,1,0.3408171534538269,0.12034309655427933,0.3408171534538269,-0.22047405689954758,2.348875
lca,2,p312_135_mic2,p312,data\VCTK\wav48_silence_trimmed\p312\p312_135_mic2.flac,p262,0,1,0.38273346424102783,0.15768171846866608,0.38273346424102783,-0.22505174577236176,2.348875
lca,3,p312_135_mic2,p312,data\VCTK\wav48_silence_trimmed\p312\p312_135_mic2.flac,p262,0,1,0.4677286148071289,0.1947253793478012,0.4677286148071289,-0.2730032354593277,2.348875
original,0,p312_173_mic1,p312,data\VCTK\wav48_silence_trimmed\p312\p312_173_mic1.flac,p312,1,1,0.752578616142273,0.752578616142273,0.3968152701854706,0.35576334595680237,2.9894375
base,1,p312_173_mic1,p312,data\VCTK\wav48_silence_trimmed\p312\p312_173_mic1.flac,p257,0,1,0.44242849946022034,0.12866578996181488,0.44242849946022034,-0.31376270949840546,2.9894375
base,2,p312_173_mic1,p312,data\VCTK\wav48_silence_trimmed\p312\p312_173_mic1.flac,p280,0,1,0.3956581950187683,0.3417976200580597,0.3956581950187683,-0.05386057496070862,2.9894375
base,3,p312_173_mic1,p312,data\VCTK\wav48_silence_trimmed\p312\p312_173_mic1.flac,p230,0,1,0.41867387294769287,0.3509674668312073,0.41867387294769287,-0.0677064061164856,2.9894375
lca,1,p312_173_mic1,p312,data\VCTK\wav48_silence_trimmed\p312\p312_173_mic1.flac,p280,0,1,0.3509553372859955,0.23462790250778198,0.3509553372859955,-0.1163274347782135,2.9894375
lca,2,p312_173_mic1,p312,data\VCTK\wav48_silence_trimmed\p312\p312_173_mic1.flac,p262,0,1,0.477721244096756,0.31220147013664246,0.477721244096756,-0.16551977396011353,2.9894375
lca,3,p312_173_mic1,p312,data\VCTK\wav48_silence_trimmed\p312\p312_173_mic1.flac,p262,0,1,0.5095241069793701,0.3310078978538513,0.5095241069793701,-0.1785162091255188,2.9894375
original,0,p312_303_mic1,p312,data\VCTK\wav48_silence_trimmed\p312\p312_303_mic1.flac,p312,1,1,0.7698596715927124,0.7698596715927124,0.3526557683944702,0.4172039031982422,2.64575
base,1,p312_303_mic1,p312,data\VCTK\wav48_silence_trimmed\p312\p312_303_mic1.flac,p268,0,1,0.37318021059036255,0.2266695648431778,0.37318021059036255,-0.14651064574718475,2.64575
base,2,p312_303_mic1,p312,data\VCTK\wav48_silence_trimmed\p312\p312_303_mic1.flac,p268,0,1,0.36357903480529785,0.2823781669139862,0.36357903480529785,-0.08120086789131165,2.64575
base,3,p312_303_mic1,p312,data\VCTK\wav48_silence_trimmed\p312\p312_303_mic1.flac,p268,0,1,0.353776216506958,0.32662320137023926,0.353776216506958,-0.02715301513671875,2.64575
lca,1,p312_303_mic1,p312,data\VCTK\wav48_silence_trimmed\p312\p312_303_mic1.flac,p261,0,1,0.33810704946517944,0.19926345348358154,0.33810704946517944,-0.1388435959815979,2.64575
lca,2,p312_303_mic1,p312,data\VCTK\wav48_silence_trimmed\p312\p312_303_mic1.flac,p340,0,1,0.39186739921569824,0.255803644657135,0.39186739921569824,-0.13606375455856323,2.64575
lca,3,p312_303_mic1,p312,data\VCTK\wav48_silence_trimmed\p312\p312_303_mic1.flac,p340,0,1,0.4551800489425659,0.3242488503456116,0.4551800489425659,-0.13093119859695435,2.64575
original,0,p312_308_mic2,p312,data\VCTK\wav48_silence_trimmed\p312\p312_308_mic2.flac,p312,1,1,0.7397400140762329,0.7397400140762329,0.3686214089393616,0.37111860513687134,2.6926875
base,1,p312_308_mic2,p312,data\VCTK\wav48_silence_trimmed\p312\p312_308_mic2.flac,p295,0,1,0.3556402623653412,0.1840631514787674,0.3556402623653412,-0.1715771108865738,2.6926875
base,2,p312_308_mic2,p312,data\VCTK\wav48_silence_trimmed\p312\p312_308_mic2.flac,p261,0,1,0.3995128273963928,0.23058712482452393,0.3995128273963928,-0.1689257025718689,2.6926875
base,3,p312_308_mic2,p312,data\VCTK\wav48_silence_trimmed\p312\p312_308_mic2.flac,p317,0,1,0.37868717312812805,0.2690478563308716,0.37868717312812805,-0.10963931679725647,2.6926875
lca,1,p312_308_mic2,p312,data\VCTK\wav48_silence_trimmed\p312\p312_308_mic2.flac,p261,0,1,0.38372135162353516,0.1847730576992035,0.38372135162353516,-0.19894829392433167,2.6926875
lca,2,p312_308_mic2,p312,data\VCTK\wav48_silence_trimmed\p312\p312_308_mic2.flac,p262,0,1,0.37250059843063354,0.23010434210300446,0.37250059843063354,-0.1423962563276291,2.6926875
lca,3,p312_308_mic2,p312,data\VCTK\wav48_silence_trimmed\p312\p312_308_mic2.flac,p262,0,1,0.40765565633773804,0.2606775164604187,0.40765565633773804,-0.14697813987731934,2.6926875
original,0,p313_001_mic2,p313,data\VCTK\wav48_silence_trimmed\p313\p313_001_mic2.flac,p313,1,1,0.4923343360424042,0.4923343360424042,0.45285582542419434,0.03947851061820984,2.4776875
base,1,p313_001_mic2,p313,data\VCTK\wav48_silence_trimmed\p313\p313_001_mic2.flac,p293,0,1,0.3383800983428955,0.1638650745153427,0.3383800983428955,-0.1745150238275528,2.4776875
base,2,p313_001_mic2,p313,data\VCTK\wav48_silence_trimmed\p313\p313_001_mic2.flac,p230,0,1,0.3752940595149994,0.19488397240638733,0.3752940595149994,-0.18041008710861206,2.4776875
base,3,p313_001_mic2,p313,data\VCTK\wav48_silence_trimmed\p313\p313_001_mic2.flac,p257,0,1,0.3575977385044098,0.2342461347579956,0.3575977385044098,-0.12335160374641418,2.4776875
lca,1,p313_001_mic2,p313,data\VCTK\wav48_silence_trimmed\p313\p313_001_mic2.flac,p267,0,1,0.44000136852264404,0.22321733832359314,0.44000136852264404,-0.2167840301990509,2.4776875
lca,2,p313_001_mic2,p313,data\VCTK\wav48_silence_trimmed\p313\p313_001_mic2.flac,p308,0,1,0.4145418107509613,0.2754381597042084,0.4145418107509613,-0.13910365104675293,2.4776875
lca,3,p313_001_mic2,p313,data\VCTK\wav48_silence_trimmed\p313\p313_001_mic2.flac,p308,0,1,0.39134693145751953,0.2978234887123108,0.39134693145751953,-0.09352344274520874,2.4776875
original,0,p313_133_mic1,p313,data\VCTK\wav48_silence_trimmed\p313\p313_133_mic1.flac,p313,1,1,0.6286012530326843,0.6286012530326843,0.3241792321205139,0.3044220209121704,2.5225625
base,1,p313_133_mic1,p313,data\VCTK\wav48_silence_trimmed\p313\p313_133_mic1.flac,p238,0,1,0.38028156757354736,0.2429540753364563,0.38028156757354736,-0.13732749223709106,2.5225625
base,2,p313_133_mic1,p313,data\VCTK\wav48_silence_trimmed\p313\p313_133_mic1.flac,p230,0,1,0.3409508764743805,0.32663074135780334,0.3409508764743805,-0.014320135116577148,2.5225625
base,3,p313_133_mic1,p313,data\VCTK\wav48_silence_trimmed\p313\p313_133_mic1.flac,p230,0,1,0.3655824065208435,0.34527668356895447,0.3655824065208435,-0.020305722951889038,2.5225625
lca,1,p313_133_mic1,p313,data\VCTK\wav48_silence_trimmed\p313\p313_133_mic1.flac,p262,0,1,0.370650976896286,0.2046901434659958,0.370650976896286,-0.16596083343029022,2.5225625
lca,2,p313_133_mic1,p313,data\VCTK\wav48_silence_trimmed\p313\p313_133_mic1.flac,p280,0,1,0.41496187448501587,0.2990714907646179,0.41496187448501587,-0.11589038372039795,2.5225625
lca,3,p313_133_mic1,p313,data\VCTK\wav48_silence_trimmed\p313\p313_133_mic1.flac,p300,0,1,0.44707512855529785,0.36671894788742065,0.44707512855529785,-0.0803561806678772,2.5225625
original,0,p313_143_mic1,p313,data\VCTK\wav48_silence_trimmed\p313\p313_143_mic1.flac,p313,1,1,0.6605182886123657,0.6605182886123657,0.49386489391326904,0.16665339469909668,4.31175
base,1,p313_143_mic1,p313,data\VCTK\wav48_silence_trimmed\p313\p313_143_mic1.flac,p257,0,1,0.37692928314208984,0.20019233226776123,0.37692928314208984,-0.1767369508743286,4.31175
base,2,p313_143_mic1,p313,data\VCTK\wav48_silence_trimmed\p313\p313_143_mic1.flac,p230,0,1,0.40492892265319824,0.20265716314315796,0.40492892265319824,-0.20227175951004028,4.31175
base,3,p313_143_mic1,p313,data\VCTK\wav48_silence_trimmed\p313\p313_143_mic1.flac,p262,0,1,0.37701719999313354,0.2352847456932068,0.37701719999313354,-0.14173245429992676,4.31175
lca,1,p313_143_mic1,p313,data\VCTK\wav48_silence_trimmed\p313\p313_143_mic1.flac,p280,0,1,0.4068008065223694,0.2663838267326355,0.4068008065223694,-0.1404169797897339,4.31175
lca,2,p313_143_mic1,p313,data\VCTK\wav48_silence_trimmed\p313\p313_143_mic1.flac,p280,0,1,0.4087090492248535,0.3245674669742584,0.4087090492248535,-0.08414158225059509,4.31175
lca,3,p313_143_mic1,p313,data\VCTK\wav48_silence_trimmed\p313\p313_143_mic1.flac,p262,0,1,0.4438437223434448,0.3112700581550598,0.4438437223434448,-0.132573664188385,4.31175
original,0,p313_232_mic2,p313,data\VCTK\wav48_silence_trimmed\p313\p313_232_mic2.flac,p313,1,1,0.5278951525688171,0.5278951525688171,0.2826634645462036,0.24523168802261353,2.3770625
base,1,p313_232_mic2,p313,data\VCTK\wav48_silence_trimmed\p313\p313_232_mic2.flac,p238,0,1,0.2680138349533081,0.14535285532474518,0.2680138349533081,-0.12266097962856293,2.3770625
base,2,p313_232_mic2,p313,data\VCTK\wav48_silence_trimmed\p313\p313_232_mic2.flac,p264,0,1,0.313395619392395,0.30246278643608093,0.313395619392395,-0.010932832956314087,2.3770625
base,3,p313_232_mic2,p313,data\VCTK\wav48_silence_trimmed\p313\p313_232_mic2.flac,p308,0,1,0.32776883244514465,0.2741281986236572,0.32776883244514465,-0.05364063382148743,2.3770625
lca,1,p313_232_mic2,p313,data\VCTK\wav48_silence_trimmed\p313\p313_232_mic2.flac,p339,0,1,0.2692386209964752,0.10688017308712006,0.2692386209964752,-0.16235844790935516,2.3770625
lca,2,p313_232_mic2,p313,data\VCTK\wav48_silence_trimmed\p313\p313_232_mic2.flac,p262,0,1,0.33519840240478516,0.214402973651886,0.33519840240478516,-0.12079542875289917,2.3770625
lca,3,p313_232_mic2,p313,data\VCTK\wav48_silence_trimmed\p313\p313_232_mic2.flac,p308,0,1,0.3292599320411682,0.3145279586315155,0.3292599320411682,-0.01473197340965271,2.3770625
original,0,p313_235_mic1,p313,data\VCTK\wav48_silence_trimmed\p313\p313_235_mic1.flac,p313,1,1,0.6568137407302856,0.6568137407302856,0.3489065170288086,0.30790722370147705,3.203625
base,1,p313_235_mic1,p313,data\VCTK\wav48_silence_trimmed\p313\p313_235_mic1.flac,p262,0,1,0.3038704991340637,0.057850878685712814,0.3038704991340637,-0.2460196204483509,3.203625
base,2,p313_235_mic1,p313,data\VCTK\wav48_silence_trimmed\p313\p313_235_mic1.flac,p257,0,1,0.3254382312297821,0.16259312629699707,0.3254382312297821,-0.16284510493278503,3.203625
base,3,p313_235_mic1,p313,data\VCTK\wav48_silence_trimmed\p313\p313_235_mic1.flac,p262,0,1,0.32282137870788574,0.1395849734544754,0.32282137870788574,-0.18323640525341034,3.203625
lca,1,p313_235_mic1,p313,data\VCTK\wav48_silence_trimmed\p313\p313_235_mic1.flac,p262,0,1,0.3662244379520416,0.18579766154289246,0.3662244379520416,-0.18042677640914917,3.203625
lca,2,p313_235_mic1,p313,data\VCTK\wav48_silence_trimmed\p313\p313_235_mic1.flac,p262,0,1,0.38751059770584106,0.23755699396133423,0.38751059770584106,-0.14995360374450684,3.203625
lca,3,p313_235_mic1,p313,data\VCTK\wav48_silence_trimmed\p313\p313_235_mic1.flac,p262,0,1,0.39874809980392456,0.2623288929462433,0.39874809980392456,-0.13641920685768127,3.203625
original,0,p314_088_mic2,p314,data\VCTK\wav48_silence_trimmed\p314\p314_088_mic2.flac,p314,1,1,0.7473491430282593,0.7473491430282593,0.4668983519077301,0.2804507911205292,3.6020625
base,1,p314_088_mic2,p314,data\VCTK\wav48_silence_trimmed\p314\p314_088_mic2.flac,p301,0,1,0.34923413395881653,0.22832125425338745,0.34923413395881653,-0.12091287970542908,3.6020625
base,2,p314_088_mic2,p314,data\VCTK\wav48_silence_trimmed\p314\p314_088_mic2.flac,p231,0,1,0.40975719690322876,0.3956834673881531,0.40975719690322876,-0.014073729515075684,3.6020625
base,3,p314_088_mic2,p314,data\VCTK\wav48_silence_trimmed\p314\p314_088_mic2.flac,p314,1,1,0.5101950168609619,0.5101950168609619,0.4475594162940979,0.06263560056686401,3.6020625
lca,1,p314_088_mic2,p314,data\VCTK\wav48_silence_trimmed\p314\p314_088_mic2.flac,p262,0,1,0.3599536120891571,0.3224968910217285,0.3599536120891571,-0.03745672106742859,3.6020625
lca,2,p314_088_mic2,p314,data\VCTK\wav48_silence_trimmed\p314\p314_088_mic2.flac,p299,0,1,0.47334209084510803,0.3934362530708313,0.47334209084510803,-0.07990583777427673,3.6020625
lca,3,p314_088_mic2,p314,data\VCTK\wav48_silence_trimmed\p314\p314_088_mic2.flac,p299,0,1,0.47298896312713623,0.4448939859867096,0.47298896312713623,-0.028094977140426636,3.6020625
original,0,p314_127_mic1,p314,data\VCTK\wav48_silence_trimmed\p314\p314_127_mic1.flac,p314,1,1,0.7799769043922424,0.7799769043922424,0.47473105788230896,0.30524584650993347,3.3588125
base,1,p314_127_mic1,p314,data\VCTK\wav48_silence_trimmed\p314\p314_127_mic1.flac,p262,0,1,0.40480631589889526,0.39180970191955566,0.40480631589889526,-0.0129966139793396,3.3588125
base,2,p314_127_mic1,p314,data\VCTK\wav48_silence_trimmed\p314\p314_127_mic1.flac,p314,1,1,0.4651438593864441,0.4651438593864441,0.43742793798446655,0.02771592140197754,3.3588125
base,3,p314_127_mic1,p314,data\VCTK\wav48_silence_trimmed\p314\p314_127_mic1.flac,p314,1,1,0.5376752614974976,0.5376752614974976,0.4238245189189911,0.11385074257850647,3.3588125
lca,1,p314_127_mic1,p314,data\VCTK\wav48_silence_trimmed\p314\p314_127_mic1.flac,p261,0,1,0.36369287967681885,0.24132181704044342,0.36369287967681885,-0.12237106263637543,3.3588125
lca,2,p314_127_mic1,p314,data\VCTK\wav48_silence_trimmed\p314\p314_127_mic1.flac,p262,0,1,0.4799796938896179,0.4048025608062744,0.4799796938896179,-0.0751771330833435,3.3588125
lca,3,p314_127_mic1,p314,data\VCTK\wav48_silence_trimmed\p314\p314_127_mic1.flac,p300,0,1,0.42248743772506714,0.41909319162368774,0.42248743772506714,-0.0033942461013793945,3.3588125
original,0,p314_240_mic2,p314,data\VCTK\wav48_silence_trimmed\p314\p314_240_mic2.flac,p314,1,1,0.5768852233886719,0.5768852233886719,0.42810380458831787,0.148781418800354,3.614375
base,1,p314_240_mic2,p314,data\VCTK\wav48_silence_trimmed\p314\p314_240_mic2.flac,p267,0,1,0.4108162820339203,0.25171399116516113,0.4108162820339203,-0.15910229086875916,3.614375
base,2,p314_240_mic2,p314,data\VCTK\wav48_silence_trimmed\p314\p314_240_mic2.flac,p231,0,1,0.421333909034729,0.338718980550766,0.421333909034729,-0.08261492848396301,3.614375
base,3,p314_240_mic2,p314,data\VCTK\wav48_silence_trimmed\p314\p314_240_mic2.flac,p267,0,1,0.418076753616333,0.39791494607925415,0.418076753616333,-0.020161807537078857,3.614375
lca,1,p314_240_mic2,p314,data\VCTK\wav48_silence_trimmed\p314\p314_240_mic2.flac,p262,0,1,0.4562087655067444,0.24621687829494476,0.4562087655067444,-0.20999188721179962,3.614375
lca,2,p314_240_mic2,p314,data\VCTK\wav48_silence_trimmed\p314\p314_240_mic2.flac,p299,0,1,0.49542224407196045,0.4233977198600769,0.49542224407196045,-0.07202452421188354,3.614375
lca,3,p314_240_mic2,p314,data\VCTK\wav48_silence_trimmed\p314\p314_240_mic2.flac,p299,0,1,0.4958362877368927,0.4322110414505005,0.4958362877368927,-0.06362524628639221,3.614375
original,0,p314_294_mic1,p314,data\VCTK\wav48_silence_trimmed\p314\p314_294_mic1.flac,p314,1,1,0.7340280413627625,0.7340280413627625,0.45587635040283203,0.2781516909599304,3.9603125
base,1,p314_294_mic1,p314,data\VCTK\wav48_silence_trimmed\p314\p314_294_mic1.flac,p330,0,1,0.3409613370895386,0.27209043502807617,0.3409613370895386,-0.0688709020614624,3.9603125
base,2,p314_294_mic1,p314,data\VCTK\wav48_silence_trimmed\p314\p314_294_mic1.flac,p262,0,1,0.49579620361328125,0.4297989010810852,0.49579620361328125,-0.06599730253219604,3.9603125
base,3,p314_294_mic1,p314,data\VCTK\wav48_silence_trimmed\p314\p314_294_mic1.flac,p262,0,1,0.4751766324043274,0.4397544860839844,0.4751766324043274,-0.03542214632034302,3.9603125
lca,1,p314_294_mic1,p314,data\VCTK\wav48_silence_trimmed\p314\p314_294_mic1.flac,p280,0,1,0.3452032804489136,0.21733707189559937,0.3452032804489136,-0.1278662085533142,3.9603125
lca,2,p314_294_mic1,p314,data\VCTK\wav48_silence_trimmed\p314\p314_294_mic1.flac,p262,0,1,0.43278786540031433,0.3102291226387024,0.43278786540031433,-0.12255874276161194,3.9603125
lca,3,p314_294_mic1,p314,data\VCTK\wav48_silence_trimmed\p314\p314_294_mic1.flac,p262,0,1,0.44306111335754395,0.37021592259407043,0.44306111335754395,-0.07284519076347351,3.9603125
original,0,p314_320_mic2,p314,data\VCTK\wav48_silence_trimmed\p314\p314_320_mic2.flac,p314,1,1,0.69071364402771,0.69071364402771,0.3979901373386383,0.29272350668907166,2.8609375
base,1,p314_320_mic2,p314,data\VCTK\wav48_silence_trimmed\p314\p314_320_mic2.flac,p261,0,1,0.3153240382671356,0.2620299756526947,0.3153240382671356,-0.05329406261444092,2.8609375
base,2,p314_320_mic2,p314,data\VCTK\wav48_silence_trimmed\p314\p314_320_mic2.flac,p314,1,1,0.43534421920776367,0.43534421920776367,0.4162178635597229,0.01912635564804077,2.8609375
base,3,p314_320_mic2,p314,data\VCTK\wav48_silence_trimmed\p314\p314_320_mic2.flac,p314,1,1,0.46645957231521606,0.46645957231521606,0.41685765981674194,0.04960191249847412,2.8609375
lca,1,p314_320_mic2,p314,data\VCTK\wav48_silence_trimmed\p314\p314_320_mic2.flac,p267,0,1,0.32793688774108887,0.31314754486083984,0.32793688774108887,-0.014789342880249023,2.8609375
lca,2,p314_320_mic2,p314,data\VCTK\wav48_silence_trimmed\p314\p314_320_mic2.flac,p314,1,1,0.4327673316001892,0.4327673316001892,0.3938748240470886,0.038892507553100586,2.8609375
lca,3,p314_320_mic2,p314,data\VCTK\wav48_silence_trimmed\p314\p314_320_mic2.flac,p314,1,1,0.4341500401496887,0.4341500401496887,0.390949010848999,0.0432010293006897,2.8609375
original,0,p315_123_mic1,p315,data\VCTK\wav48_silence_trimmed\p315\p315_123_mic1.flac,p315,1,1,0.7055504322052002,0.7055504322052002,0.2718585431575775,0.4336918890476227,2.3086875
base,1,p315_123_mic1,p315,data\VCTK\wav48_silence_trimmed\p315\p315_123_mic1.flac,p360,0,1,0.28576546907424927,0.18959569931030273,0.28576546907424927,-0.09616976976394653,2.3086875
base,2,p315_123_mic1,p315,data\VCTK\wav48_silence_trimmed\p315\p315_123_mic1.flac,p315,1,1,0.40331268310546875,0.40331268310546875,0.3114026188850403,0.09191006422042847,2.3086875
base,3,p315_123_mic1,p315,data\VCTK\wav48_silence_trimmed\p315\p315_123_mic1.flac,p315,1,1,0.4735763370990753,0.4735763370990753,0.29143068194389343,0.18214565515518188,2.3086875
lca,1,p315_123_mic1,p315,data\VCTK\wav48_silence_trimmed\p315\p315_123_mic1.flac,p262,0,1,0.2850474715232849,0.24942442774772644,0.2850474715232849,-0.03562304377555847,2.3086875
lca,2,p315_123_mic1,p315,data\VCTK\wav48_silence_trimmed\p315\p315_123_mic1.flac,p262,0,1,0.318589985370636,0.269461989402771,0.318589985370636,-0.04912799596786499,2.3086875
lca,3,p315_123_mic1,p315,data\VCTK\wav48_silence_trimmed\p315\p315_123_mic1.flac,p315,1,1,0.3286835551261902,0.3286835551261902,0.3226931691169739,0.005990386009216309,2.3086875
original,0,p315_179_mic1,p315,data\VCTK\wav48_silence_trimmed\p315\p315_179_mic1.flac,p315,1,1,0.6877619028091431,0.6877619028091431,0.4536857008934021,0.23407620191574097,3.3274375
base,1,p315_179_mic1,p315,data\VCTK\wav48_silence_trimmed\p315\p315_179_mic1.flac,p360,0,1,0.3488903045654297,0.21149557828903198,0.3488903045654297,-0.1373947262763977,3.3274375
base,2,p315_179_mic1,p315,data\VCTK\wav48_silence_trimmed\p315\p315_179_mic1.flac,p315,1,1,0.39846253395080566,0.39846253395080566,0.2798845171928406,0.11857801675796509,3.3274375
base,3,p315_179_mic1,p315,data\VCTK\wav48_silence_trimmed\p315\p315_179_mic1.flac,p315,1,1,0.3722481429576874,0.3722481429576874,0.31134694814682007,0.06090119481086731,3.3274375
lca,1,p315_179_mic1,p315,data\VCTK\wav48_silence_trimmed\p315\p315_179_mic1.flac,p271,0,1,0.28644436597824097,0.2799467444419861,0.28644436597824097,-0.006497621536254883,3.3274375
lca,2,p315_179_mic1,p315,data\VCTK\wav48_silence_trimmed\p315\p315_179_mic1.flac,p315,1,1,0.39582645893096924,0.39582645893096924,0.3228845000267029,0.07294195890426636,3.3274375
lca,3,p315_179_mic1,p315,data\VCTK\wav48_silence_trimmed\p315\p315_179_mic1.flac,p315,1,1,0.37001997232437134,0.37001997232437134,0.276466965675354,0.09355300664901733,3.3274375
original,0,p315_203_mic1,p315,data\VCTK\wav48_silence_trimmed\p315\p315_203_mic1.flac,p315,1,1,0.6279022693634033,0.6279022693634033,0.3083258867263794,0.3195763826370239,2.7754375
base,1,p315_203_mic1,p315,data\VCTK\wav48_silence_trimmed\p315\p315_203_mic1.flac,p360,0,1,0.38452547788619995,0.24176035821437836,0.38452547788619995,-0.1427651196718216,2.7754375
base,2,p315_203_mic1,p315,data\VCTK\wav48_silence_trimmed\p315\p315_203_mic1.flac,p360,0,1,0.32189440727233887,0.3089107871055603,0.32189440727233887,-0.012983620166778564,2.7754375
base,3,p315_203_mic1,p315,data\VCTK\wav48_silence_trimmed\p315\p315_203_mic1.flac,p315,1,1,0.32216089963912964,0.32216089963912964,0.3200133740901947,0.0021475255489349365,2.7754375
lca,1,p315_203_mic1,p315,data\VCTK\wav48_silence_trimmed\p315\p315_203_mic1.flac,p281,0,1,0.3488156199455261,0.12862528860569,0.3488156199455261,-0.22019033133983612,2.7754375
lca,2,p315_203_mic1,p315,data\VCTK\wav48_silence_trimmed\p315\p315_203_mic1.flac,p315,1,1,0.31880781054496765,0.31880781054496765,0.31542515754699707,0.003382652997970581,2.7754375
lca,3,p315_203_mic1,p315,data\VCTK\wav48_silence_trimmed\p315\p315_203_mic1.flac,p281,0,1,0.29762864112854004,0.2882547080516815,0.29762864112854004,-0.00937393307685852,2.7754375
original,0,p315_266_mic1,p315,data\VCTK\wav48_silence_trimmed\p315\p315_266_mic1.flac,p315,1,1,0.6543266773223877,0.6543266773223877,0.3989965319633484,0.2553301453590393,2.65025
base,1,p315_266_mic1,p315,data\VCTK\wav48_silence_trimmed\p315\p315_266_mic1.flac,p238,0,1,0.30332833528518677,0.2211470901966095,0.30332833528518677,-0.08218124508857727,2.65025
base,2,p315_266_mic1,p315,data\VCTK\wav48_silence_trimmed\p315\p315_266_mic1.flac,p315,1,1,0.2945452928543091,0.2945452928543091,0.2501901686191559,0.0443551242351532,2.65025
base,3,p315_266_mic1,p315,data\VCTK\wav48_silence_trimmed\p315\p315_266_mic1.flac,p347,0,1,0.2959085702896118,0.26801609992980957,0.2959085702896118,-0.027892470359802246,2.65025
lca,1,p315_266_mic1,p315,data\VCTK\wav48_silence_trimmed\p315\p315_266_mic1.flac,p261,0,1,0.2534295916557312,0.1954684853553772,0.2534295916557312,-0.057961106300354004,2.65025
lca,2,p315_266_mic1,p315,data\VCTK\wav48_silence_trimmed\p315\p315_266_mic1.flac,p261,0,1,0.2615007162094116,0.23054350912570953,0.2615007162094116,-0.030957207083702087,2.65025
lca,3,p315_266_mic1,p315,data\VCTK\wav48_silence_trimmed\p315\p315_266_mic1.flac,p261,0,1,0.29681533575057983,0.2380378246307373,0.29681533575057983,-0.05877751111984253,2.65025
original,0,p315_380_mic1,p315,data\VCTK\wav48_silence_trimmed\p315\p315_380_mic1.flac,p315,1,1,0.6111266613006592,0.6111266613006592,0.43413597345352173,0.17699068784713745,1.8369375
base,1,p315_380_mic1,p315,data\VCTK\wav48_silence_trimmed\p315\p315_380_mic1.flac,p360,0,1,0.31406936049461365,0.16194084286689758,0.31406936049461365,-0.15212851762771606,1.8369375
base,2,p315_380_mic1,p315,data\VCTK\wav48_silence_trimmed\p315\p315_380_mic1.flac,p315,1,1,0.33062100410461426,0.33062100410461426,0.28859108686447144,0.04202991724014282,1.8369375
base,3,p315_380_mic1,p315,data\VCTK\wav48_silence_trimmed\p315\p315_380_mic1.flac,p315,1,1,0.4426829516887665,0.4426829516887665,0.31350088119506836,0.12918207049369812,1.8369375
lca,1,p315_380_mic1,p315,data\VCTK\wav48_silence_trimmed\p315\p315_380_mic1.flac,p360,0,1,0.2771655321121216,0.06256583333015442,0.2771655321121216,-0.21459969878196716,1.8369375
lca,2,p315_380_mic1,p315,data\VCTK\wav48_silence_trimmed\p315\p315_380_mic1.flac,p360,0,1,0.2713020145893097,0.27017661929130554,0.2713020145893097,-0.0011253952980041504,1.8369375
lca,3,p315_380_mic1,p315,data\VCTK\wav48_silence_trimmed\p315\p315_380_mic1.flac,p271,0,1,0.29151108860969543,0.2735253572463989,0.29151108860969543,-0.01798573136329651,1.8369375
original,0,p316_015_mic2,p316,data\VCTK\wav48_silence_trimmed\p316\p316_015_mic2.flac,p316,1,1,0.6105256080627441,0.6105256080627441,0.3549882769584656,0.25553733110427856,6.3531875
base,1,p316_015_mic2,p316,data\VCTK\wav48_silence_trimmed\p316\p316_015_mic2.flac,p364,0,1,0.3671107888221741,0.3105444610118866,0.3671107888221741,-0.056566327810287476,6.3531875
base,2,p316_015_mic2,p316,data\VCTK\wav48_silence_trimmed\p316\p316_015_mic2.flac,p316,1,1,0.4175657629966736,0.4175657629966736,0.3785322606563568,0.03903350234031677,6.3531875
base,3,p316_015_mic2,p316,data\VCTK\wav48_silence_trimmed\p316\p316_015_mic2.flac,p316,1,1,0.4766751527786255,0.4766751527786255,0.31988418102264404,0.15679097175598145,6.3531875
lca,1,p316_015_mic2,p316,data\VCTK\wav48_silence_trimmed\p316\p316_015_mic2.flac,p364,0,1,0.2792659103870392,0.18015272915363312,0.2792659103870392,-0.09911318123340607,6.3531875
lca,2,p316_015_mic2,p316,data\VCTK\wav48_silence_trimmed\p316\p316_015_mic2.flac,p364,0,1,0.3421921730041504,0.2626435160636902,0.3421921730041504,-0.0795486569404602,6.3531875
lca,3,p316_015_mic2,p316,data\VCTK\wav48_silence_trimmed\p316\p316_015_mic2.flac,p364,0,1,0.34857338666915894,0.29588162899017334,0.34857338666915894,-0.052691757678985596,6.3531875
original,0,p316_088_mic2,p316,data\VCTK\wav48_silence_trimmed\p316\p316_088_mic2.flac,p316,1,1,0.6458232402801514,0.6458232402801514,0.3890525698661804,0.25677067041397095,3.502
base,1,p316_088_mic2,p316,data\VCTK\wav48_silence_trimmed\p316\p316_088_mic2.flac,p313,0,0,0.24910056591033936,0.21040910482406616,0.24910056591033936,-0.03869146108627319,3.502
base,2,p316_088_mic2,p316,data\VCTK\wav48_silence_trimmed\p316\p316_088_mic2.flac,p316,1,1,0.36268049478530884,0.36268049478530884,0.311781644821167,0.050898849964141846,3.502
base,3,p316_088_mic2,p316,data\VCTK\wav48_silence_trimmed\p316\p316_088_mic2.flac,p316,1,1,0.3482925295829773,0.3482925295829773,0.3227734863758087,0.02551904320716858,3.502
lca,1,p316_088_mic2,p316,data\VCTK\wav48_silence_trimmed\p316\p316_088_mic2.flac,p360,0,1,0.3312999904155731,0.046397432684898376,0.3312999904155731,-0.28490255773067474,3.502
lca,2,p316_088_mic2,p316,data\VCTK\wav48_silence_trimmed\p316\p316_088_mic2.flac,p281,0,1,0.3440270721912384,0.26047104597091675,0.3440270721912384,-0.08355602622032166,3.502
lca,3,p316_088_mic2,p316,data\VCTK\wav48_silence_trimmed\p316\p316_088_mic2.flac,p281,0,1,0.3003430664539337,0.25895631313323975,0.3003430664539337,-0.04138675332069397,3.502
original,0,p316_231_mic1,p316,data\VCTK\wav48_silence_trimmed\p316\p316_231_mic1.flac,p316,1,1,0.7353293895721436,0.7353293895721436,0.389432430267334,0.34589695930480957,3.1115625
base,1,p316_231_mic1,p316,data\VCTK\wav48_silence_trimmed\p316\p316_231_mic1.flac,p270,0,1,0.30582788586616516,0.2694553732872009,0.30582788586616516,-0.03637251257896423,3.1115625
base,2,p316_231_mic1,p316,data\VCTK\wav48_silence_trimmed\p316\p316_231_mic1.flac,p316,1,1,0.3609512448310852,0.3609512448310852,0.26516932249069214,0.09578192234039307,3.1115625
base,3,p316_231_mic1,p316,data\VCTK\wav48_silence_trimmed\p316\p316_231_mic1.flac,p316,1,1,0.4788406491279602,0.4788406491279602,0.3706333041191101,0.1082073450088501,3.1115625
lca,1,p316_231_mic1,p316,data\VCTK\wav48_silence_trimmed\p316\p316_231_mic1.flac,p281,0,1,0.3381168842315674,0.19901497662067413,0.3381168842315674,-0.13910190761089325,3.1115625
lca,2,p316_231_mic1,p316,data\VCTK\wav48_silence_trimmed\p316\p316_231_mic1.flac,p311,0,1,0.4113544523715973,0.2783351540565491,0.4113544523715973,-0.13301929831504822,3.1115625
lca,3,p316_231_mic1,p316,data\VCTK\wav48_silence_trimmed\p316\p316_231_mic1.flac,p316,1,1,0.3979291617870331,0.3979291617870331,0.38001492619514465,0.017914235591888428,3.1115625
original,0,p316_266_mic1,p316,data\VCTK\wav48_silence_trimmed\p316\p316_266_mic1.flac,p316,1,1,0.6276706457138062,0.6276706457138062,0.4072766900062561,0.22039395570755005,2.6435625
base,1,p316_266_mic1,p316,data\VCTK\wav48_silence_trimmed\p316\p316_266_mic1.flac,p364,0,1,0.430413156747818,0.3699982762336731,0.430413156747818,-0.0604148805141449,2.6435625
base,2,p316_266_mic1,p316,data\VCTK\wav48_silence_trimmed\p316\p316_266_mic1.flac,p364,0,1,0.42500874400138855,0.2930524945259094,0.42500874400138855,-0.13195624947547913,2.6435625
base,3,p316_266_mic1,p316,data\VCTK\wav48_silence_trimmed\p316\p316_266_mic1.flac,p363,0,1,0.427135705947876,0.32955649495124817,0.427135705947876,-0.09757921099662781,2.6435625
lca,1,p316_266_mic1,p316,data\VCTK\wav48_silence_trimmed\p316\p316_266_mic1.flac,p281,0,1,0.3218463063240051,0.15368802845478058,0.3218463063240051,-0.16815827786922455,2.6435625
lca,2,p316_266_mic1,p316,data\VCTK\wav48_silence_trimmed\p316\p316_266_mic1.flac,p311,0,1,0.4005354344844818,0.17058491706848145,0.4005354344844818,-0.22995051741600037,2.6435625
lca,3,p316_266_mic1,p316,data\VCTK\wav48_silence_trimmed\p316\p316_266_mic1.flac,p364,0,1,0.3950471878051758,0.18990321457386017,0.3950471878051758,-0.2051439732313156,2.6435625
original,0,p316_279_mic2,p316,data\VCTK\wav48_silence_trimmed\p316\p316_279_mic2.flac,p316,1,1,0.6415055394172668,0.6415055394172668,0.3805631697177887,0.26094236969947815,3.06575
base,1,p316_279_mic2,p316,data\VCTK\wav48_silence_trimmed\p316\p316_279_mic2.flac,p316,1,1,0.26494598388671875,0.26494598388671875,0.2461070865392685,0.018838897347450256,3.06575
base,2,p316_279_mic2,p316,data\VCTK\wav48_silence_trimmed\p316\p316_279_mic2.flac,p316,1,1,0.4176105260848999,0.4176105260848999,0.31282299757003784,0.10478752851486206,3.06575
base,3,p316_279_mic2,p316,data\VCTK\wav48_silence_trimmed\p316\p316_279_mic2.flac,p316,1,1,0.4751276969909668,0.4751276969909668,0.40356504917144775,0.07156264781951904,3.06575
lca,1,p316_279_mic2,p316,data\VCTK\wav48_silence_trimmed\p316\p316_279_mic2.flac,p281,0,1,0.27678829431533813,0.2113272100687027,0.27678829431533813,-0.06546108424663544,3.06575
lca,2,p316_279_mic2,p316,data\VCTK\wav48_silence_trimmed\p316\p316_279_mic2.flac,p281,0,1,0.4018320143222809,0.2489044964313507,0.4018320143222809,-0.15292751789093018,3.06575
lca,3,p316_279_mic2,p316,data\VCTK\wav48_silence_trimmed\p316\p316_279_mic2.flac,p364,0,1,0.4304787516593933,0.2534782290458679,0.4304787516593933,-0.1770005226135254,3.06575
original,0,p317_142_mic1,p317,data\VCTK\wav48_silence_trimmed\p317\p317_142_mic1.flac,p317,1,1,0.8004162311553955,0.8004162311553955,0.42982596158981323,0.3705902695655823,4.1339375
base,1,p317_142_mic1,p317,data\VCTK\wav48_silence_trimmed\p317\p317_142_mic1.flac,p257,0,1,0.35161203145980835,0.2799672782421112,0.35161203145980835,-0.07164475321769714,4.1339375
base,2,p317_142_mic1,p317,data\VCTK\wav48_silence_trimmed\p317\p317_142_mic1.flac,p317,1,1,0.5073404312133789,0.5073404312133789,0.35686826705932617,0.15047216415405273,4.1339375
base,3,p317_142_mic1,p317,data\VCTK\wav48_silence_trimmed\p317\p317_142_mic1.flac,p317,1,1,0.6098257303237915,0.6098257303237915,0.37719544768333435,0.23263028264045715,4.1339375
lca,1,p317_142_mic1,p317,data\VCTK\wav48_silence_trimmed\p317\p317_142_mic1.flac,p339,0,1,0.379685640335083,0.32226893305778503,0.379685640335083,-0.057416707277297974,4.1339375
lca,2,p317_142_mic1,p317,data\VCTK\wav48_silence_trimmed\p317\p317_142_mic1.flac,p317,1,1,0.46630966663360596,0.46630966663360596,0.44803741574287415,0.01827225089073181,4.1339375
lca,3,p317_142_mic1,p317,data\VCTK\wav48_silence_trimmed\p317\p317_142_mic1.flac,p317,1,1,0.5620909929275513,0.5620909929275513,0.44708189368247986,0.11500909924507141,4.1339375
original,0,p317_165_mic1,p317,data\VCTK\wav48_silence_trimmed\p317\p317_165_mic1.flac,p317,1,1,0.7200159430503845,0.7200159430503845,0.44290393590927124,0.2771120071411133,2.3513125
base,1,p317_165_mic1,p317,data\VCTK\wav48_silence_trimmed\p317\p317_165_mic1.flac,p317,1,1,0.36127474904060364,0.36127474904060364,0.35457170009613037,0.006703048944473267,2.3513125
base,2,p317_165_mic1,p317,data\VCTK\wav48_silence_trimmed\p317\p317_165_mic1.flac,p317,1,1,0.5786247849464417,0.5786247849464417,0.4301756024360657,0.14844918251037598,2.3513125
base,3,p317_165_mic1,p317,data\VCTK\wav48_silence_trimmed\p317\p317_165_mic1.flac,p317,1,1,0.6158590316772461,0.6158590316772461,0.38929206132888794,0.22656697034835815,2.3513125
lca,1,p317_165_mic1,p317,data\VCTK\wav48_silence_trimmed\p317\p317_165_mic1.flac,p264,0,1,0.39271584153175354,0.2502894401550293,0.39271584153175354,-0.14242640137672424,2.3513125
lca,2,p317_165_mic1,p317,data\VCTK\wav48_silence_trimmed\p317\p317_165_mic1.flac,p340,0,1,0.48748213052749634,0.4425908923149109,0.48748213052749634,-0.04489123821258545,2.3513125
lca,3,p317_165_mic1,p317,data\VCTK\wav48_silence_trimmed\p317\p317_165_mic1.flac,p340,0,1,0.5092925429344177,0.4790463447570801,0.5092925429344177,-0.030246198177337646,2.3513125
original,0,p317_198_mic1,p317,data\VCTK\wav48_silence_trimmed\p317\p317_198_mic1.flac,p317,1,1,0.8075627088546753,0.8075627088546753,0.4773193299770355,0.33024337887763977,3.0266875
base,1,p317_198_mic1,p317,data\VCTK\wav48_silence_trimmed\p317\p317_198_mic1.flac,p318,0,1,0.3645714521408081,0.25230568647384644,0.3645714521408081,-0.11226576566696167,3.0266875
base,2,p317_198_mic1,p317,data\VCTK\wav48_silence_trimmed\p317\p317_198_mic1.flac,p317,1,1,0.5432796478271484,0.5432796478271484,0.4343508780002594,0.10892876982688904,3.0266875
base,3,p317_198_mic1,p317,data\VCTK\wav48_silence_trimmed\p317\p317_198_mic1.flac,p317,1,1,0.6433431506156921,0.6433431506156921,0.40545564889907837,0.23788750171661377,3.0266875
lca,1,p317_198_mic1,p317,data\VCTK\wav48_silence_trimmed\p317\p317_198_mic1.flac,p300,0,1,0.35887134075164795,0.31659069657325745,0.35887134075164795,-0.0422806441783905,3.0266875
lca,2,p317_198_mic1,p317,data\VCTK\wav48_silence_trimmed\p317\p317_198_mic1.flac,p317,1,1,0.46990686655044556,0.46990686655044556,0.4218042492866516,0.048102617263793945,3.0266875
lca,3,p317_198_mic1,p317,data\VCTK\wav48_silence_trimmed\p317\p317_198_mic1.flac,p317,1,1,0.5632689595222473,0.5632689595222473,0.4209497570991516,0.1423192024230957,3.0266875
original,0,p317_255_mic2,p317,data\VCTK\wav48_silence_trimmed\p317\p317_255_mic2.flac,p317,1,1,0.8437122106552124,0.8437122106552124,0.469503253698349,0.3742089569568634,3.39725
base,1,p317_255_mic2,p317,data\VCTK\wav48_silence_trimmed\p317\p317_255_mic2.flac,p283,0,1,0.3498980402946472,0.2878853678703308,0.3498980402946472,-0.062012672424316406,3.39725
base,2,p317_255_mic2,p317,data\VCTK\wav48_silence_trimmed\p317\p317_255_mic2.flac,p317,1,1,0.5811797380447388,0.5811797380447388,0.4047330319881439,0.17644670605659485,3.39725
base,3,p317_255_mic2,p317,data\VCTK\wav48_silence_trimmed\p317\p317_255_mic2.flac,p317,1,1,0.6397259831428528,0.6397259831428528,0.43664252758026123,0.20308345556259155,3.39725
lca,1,p317_255_mic2,p317,data\VCTK\wav48_silence_trimmed\p317\p317_255_mic2.flac,p339,0,1,0.36020156741142273,0.3246546983718872,0.36020156741142273,-0.03554686903953552,3.39725
lca,2,p317_255_mic2,p317,data\VCTK\wav48_silence_trimmed\p317\p317_255_mic2.flac,p317,1,1,0.5229541063308716,0.5229541063308716,0.4773789048194885,0.04557520151138306,3.39725
lca,3,p317_255_mic2,p317,data\VCTK\wav48_silence_trimmed\p317\p317_255_mic2.flac,p317,1,1,0.5611860156059265,0.5611860156059265,0.4563336670398712,0.1048523485660553,3.39725
original,0,p317_265_mic1,p317,data\VCTK\wav48_silence_trimmed\p317\p317_265_mic1.flac,p317,1,1,0.7592307329177856,0.7592307329177856,0.42727112770080566,0.33195960521698,2.7788125
base,1,p317_265_mic1,p317,data\VCTK\wav48_silence_trimmed\p317\p317_265_mic1.flac,p261,0,1,0.3463978171348572,0.2335316240787506,0.3463978171348572,-0.11286619305610657,2.7788125
base,2,p317_265_mic1,p317,data\VCTK\wav48_silence_trimmed\p317\p317_265_mic1.flac,p317,1,1,0.44240742921829224,0.44240742921829224,0.35759788751602173,0.08480954170227051,2.7788125
base,3,p317_265_mic1,p317,data\VCTK\wav48_silence_trimmed\p317\p317_265_mic1.flac,p317,1,1,0.534211277961731,0.534211277961731,0.3967735171318054,0.13743776082992554,2.7788125
lca,1,p317_265_mic1,p317,data\VCTK\wav48_silence_trimmed\p317\p317_265_mic1.flac,p261,0,1,0.3312416672706604,0.21069501340389252,0.3312416672706604,-0.12054665386676788,2.7788125
lca,2,p317_265_mic1,p317,data\VCTK\wav48_silence_trimmed\p317\p317_265_mic1.flac,p317,1,1,0.45362699031829834,0.45362699031829834,0.39480844140052795,0.058818548917770386,2.7788125
lca,3,p317_265_mic1,p317,data\VCTK\wav48_silence_trimmed\p317\p317_265_mic1.flac,p317,1,1,0.5342884063720703,0.5342884063720703,0.37452414631843567,0.15976426005363464,2.7788125
original,0,p318_020_mic1,p318,data\VCTK\wav48_silence_trimmed\p318\p318_020_mic1.flac,p318,1,1,0.7844555377960205,0.7844555377960205,0.5078694224357605,0.27658611536026,4.5939375
base,1,p318_020_mic1,p318,data\VCTK\wav48_silence_trimmed\p318\p318_020_mic1.flac,p318,1,1,0.3583003282546997,0.3583003282546997,0.3567931056022644,0.0015072226524353027,4.5939375
base,2,p318_020_mic1,p318,data\VCTK\wav48_silence_trimmed\p318\p318_020_mic1.flac,p318,1,1,0.46817299723625183,0.46817299723625183,0.3724011182785034,0.09577187895774841,4.5939375
base,3,p318_020_mic1,p318,data\VCTK\wav48_silence_trimmed\p318\p318_020_mic1.flac,p318,1,1,0.4972558617591858,0.4972558617591858,0.4117092490196228,0.08554661273956299,4.5939375
lca,1,p318_020_mic1,p318,data\VCTK\wav48_silence_trimmed\p318\p318_020_mic1.flac,p293,0,1,0.3679612874984741,0.19744281470775604,0.3679612874984741,-0.17051847279071808,4.5939375
lca,2,p318_020_mic1,p318,data\VCTK\wav48_silence_trimmed\p318\p318_020_mic1.flac,p293,0,1,0.40749597549438477,0.3396143317222595,0.40749597549438477,-0.06788164377212524,4.5939375
lca,3,p318_020_mic1,p318,data\VCTK\wav48_silence_trimmed\p318\p318_020_mic1.flac,p280,0,1,0.38606885075569153,0.3502064347267151,0.38606885075569153,-0.03586241602897644,4.5939375
original,0,p318_048_mic1,p318,data\VCTK\wav48_silence_trimmed\p318\p318_048_mic1.flac,p318,1,1,0.6999737024307251,0.6999737024307251,0.45083749294281006,0.24913620948791504,4.0298125
base,1,p318_048_mic1,p318,data\VCTK\wav48_silence_trimmed\p318\p318_048_mic1.flac,p301,0,1,0.32690587639808655,0.29929983615875244,0.32690587639808655,-0.027606040239334106,4.0298125
base,2,p318_048_mic1,p318,data\VCTK\wav48_silence_trimmed\p318\p318_048_mic1.flac,p301,0,1,0.4607670307159424,0.4484094977378845,0.4607670307159424,-0.012357532978057861,4.0298125
base,3,p318_048_mic1,p318,data\VCTK\wav48_silence_trimmed\p318\p318_048_mic1.flac,p318,1,1,0.45025303959846497,0.45025303959846497,0.44317376613616943,0.007079273462295532,4.0298125
lca,1,p318_048_mic1,p318,data\VCTK\wav48_silence_trimmed\p318\p318_048_mic1.flac,p262,0,1,0.44686490297317505,0.21774214506149292,0.44686490297317505,-0.22912275791168213,4.0298125
lca,2,p318_048_mic1,p318,data\VCTK\wav48_silence_trimmed\p318\p318_048_mic1.flac,p301,0,1,0.44105398654937744,0.3297428488731384,0.44105398654937744,-0.11131113767623901,4.0298125
lca,3,p318_048_mic1,p318,data\VCTK\wav48_silence_trimmed\p318\p318_048_mic1.flac,p262,0,1,0.44203808903694153,0.315132200717926,0.44203808903694153,-0.1269058883190155,4.0298125
original,0,p318_069_mic1,p318,data\VCTK\wav48_silence_trimmed\p318\p318_069_mic1.flac,p318,1,1,0.7796120643615723,0.7796120643615723,0.3942481577396393,0.385363906621933,4.4734375
base,1,p318_069_mic1,p318,data\VCTK\wav48_silence_trimmed\p318\p318_069_mic1.flac,p301,0,1,0.41515928506851196,0.39391791820526123,0.41515928506851196,-0.021241366863250732,4.4734375
base,2,p318_069_mic1,p318,data\VCTK\wav48_silence_trimmed\p318\p318_069_mic1.flac,p318,1,1,0.5111749172210693,0.5111749172210693,0.45009657740592957,0.06107833981513977,4.4734375
base,3,p318_069_mic1,p318,data\VCTK\wav48_silence_trimmed\p318\p318_069_mic1.flac,p318,1,1,0.5096985101699829,0.5096985101699829,0.41342175006866455,0.09627676010131836,4.4734375
lca,1,p318_069_mic1,p318,data\VCTK\wav48_silence_trimmed\p318\p318_069_mic1.flac,p267,0,1,0.38766399025917053,0.1850011944770813,0.38766399025917053,-0.20266279578208923,4.4734375
lca,2,p318_069_mic1,p318,data\VCTK\wav48_silence_trimmed\p318\p318_069_mic1.flac,p257,0,1,0.4061421751976013,0.24607856571674347,0.4061421751976013,-0.16006360948085785,4.4734375
lca,3,p318_069_mic1,p318,data\VCTK\wav48_silence_trimmed\p318\p318_069_mic1.flac,p257,0,1,0.45496517419815063,0.25624242424964905,0.45496517419815063,-0.1987227499485016,4.4734375
original,0,p318_119_mic1,p318,data\VCTK\wav48_silence_trimmed\p318\p318_119_mic1.flac,p318,1,1,0.8072876334190369,0.8072876334190369,0.45939773321151733,0.34788990020751953,3.6980625
base,1,p318_119_mic1,p318,data\VCTK\wav48_silence_trimmed\p318\p318_119_mic1.flac,p318,1,1,0.4757973253726959,0.4757973253726959,0.45957982540130615,0.01621749997138977,3.6980625
base,2,p318_119_mic1,p318,data\VCTK\wav48_silence_trimmed\p318\p318_119_mic1.flac,p318,1,1,0.5357016921043396,0.5357016921043396,0.48189669847488403,0.053804993629455566,3.6980625
base,3,p318_119_mic1,p318,data\VCTK\wav48_silence_trimmed\p318\p318_119_mic1.flac,p318,1,1,0.5578744411468506,0.5578744411468506,0.48871082067489624,0.06916362047195435,3.6980625
lca,1,p318_119_mic1,p318,data\VCTK\wav48_silence_trimmed\p318\p318_119_mic1.flac,p301,0,1,0.34637486934661865,0.2955891191959381,0.34637486934661865,-0.05078575015068054,3.6980625
lca,2,p318_119_mic1,p318,data\VCTK\wav48_silence_trimmed\p318\p318_119_mic1.flac,p280,0,1,0.40816885232925415,0.3226104974746704,0.40816885232925415,-0.08555835485458374,3.6980625
lca,3,p318_119_mic1,p318,data\VCTK\wav48_silence_trimmed\p318\p318_119_mic1.flac,p280,0,1,0.4511977434158325,0.36241382360458374,0.4511977434158325,-0.08878391981124878,3.6980625
original,0,p318_321_mic2,p318,data\VCTK\wav48_silence_trimmed\p318\p318_321_mic2.flac,p318,1,1,0.7433318495750427,0.7433318495750427,0.43739748001098633,0.3059343695640564,3.7973125
base,1,p318_321_mic2,p318,data\VCTK\wav48_silence_trimmed\p318\p318_321_mic2.flac,p318,1,1,0.41700297594070435,0.41700297594070435,0.3815308213233948,0.03547215461730957,3.7973125
base,2,p318_321_mic2,p318,data\VCTK\wav48_silence_trimmed\p318\p318_321_mic2.flac,p318,1,1,0.5351518392562866,0.5351518392562866,0.45393016934394836,0.08122166991233826,3.7973125
base,3,p318_321_mic2,p318,data\VCTK\wav48_silence_trimmed\p318\p318_321_mic2.flac,p318,1,1,0.5829452276229858,0.5829452276229858,0.4546318054199219,0.12831342220306396,3.7973125
lca,1,p318_321_mic2,p318,data\VCTK\wav48_silence_trimmed\p318\p318_321_mic2.flac,p295,0,1,0.37985000014305115,0.21120283007621765,0.37985000014305115,-0.1686471700668335,3.7973125
lca,2,p318_321_mic2,p318,data\VCTK\wav48_silence_trimmed\p318\p318_321_mic2.flac,p293,0,1,0.5056118965148926,0.31850236654281616,0.5056118965148926,-0.18710952997207642,3.7973125
lca,3,p318_321_mic2,p318,data\VCTK\wav48_silence_trimmed\p318\p318_321_mic2.flac,p293,0,1,0.4594324231147766,0.3473610281944275,0.4594324231147766,-0.11207139492034912,3.7973125
original,0,p323_075_mic1,p323,data\VCTK\wav48_silence_trimmed\p323\p323_075_mic1.flac,p323,1,1,0.7075048685073853,0.7075048685073853,0.47833624482154846,0.2291686236858368,2.9906875
base,1,p323_075_mic1,p323,data\VCTK\wav48_silence_trimmed\p323\p323_075_mic1.flac,p318,0,1,0.29235902428627014,0.08128603547811508,0.29235902428627014,-0.21107298880815506,2.9906875
base,2,p323_075_mic1,p323,data\VCTK\wav48_silence_trimmed\p323\p323_075_mic1.flac,p280,0,1,0.4032436013221741,0.3596537113189697,0.4032436013221741,-0.043589890003204346,2.9906875
base,3,p323_075_mic1,p323,data\VCTK\wav48_silence_trimmed\p323\p323_075_mic1.flac,p280,0,1,0.43799668550491333,0.37124359607696533,0.43799668550491333,-0.066753089427948,2.9906875
lca,1,p323_075_mic1,p323,data\VCTK\wav48_silence_trimmed\p323\p323_075_mic1.flac,p230,0,1,0.36539942026138306,0.07594898343086243,0.36539942026138306,-0.28945043683052063,2.9906875
lca,2,p323_075_mic1,p323,data\VCTK\wav48_silence_trimmed\p323\p323_075_mic1.flac,p266,0,1,0.3850212097167969,0.2019229531288147,0.3850212097167969,-0.18309825658798218,2.9906875
lca,3,p323_075_mic1,p323,data\VCTK\wav48_silence_trimmed\p323\p323_075_mic1.flac,p250,0,1,0.42720532417297363,0.3108149468898773,0.42720532417297363,-0.11639037728309631,2.9906875
original,0,p323_116_mic1,p323,data\VCTK\wav48_silence_trimmed\p323\p323_116_mic1.flac,p323,1,1,0.697553277015686,0.697553277015686,0.5047130584716797,0.19284021854400635,3.353
base,1,p323_116_mic1,p323,data\VCTK\wav48_silence_trimmed\p323\p323_116_mic1.flac,p330,0,1,0.40528494119644165,0.17836041748523712,0.40528494119644165,-0.22692452371120453,3.353
base,2,p323_116_mic1,p323,data\VCTK\wav48_silence_trimmed\p323\p323_116_mic1.flac,p280,0,1,0.43829217553138733,0.2964797019958496,0.43829217553138733,-0.14181247353553772,3.353
base,3,p323_116_mic1,p323,data\VCTK\wav48_silence_trimmed\p323\p323_116_mic1.flac,p280,0,1,0.5255578756332397,0.38570863008499146,0.5255578756332397,-0.1398492455482483,3.353
lca,1,p323_116_mic1,p323,data\VCTK\wav48_silence_trimmed\p323\p323_116_mic1.flac,p280,0,1,0.3507339358329773,0.16593748331069946,0.3507339358329773,-0.18479645252227783,3.353
lca,2,p323_116_mic1,p323,data\VCTK\wav48_silence_trimmed\p323\p323_116_mic1.flac,p280,0,1,0.4556349515914917,0.26954567432403564,0.4556349515914917,-0.18608927726745605,3.353
lca,3,p323_116_mic1,p323,data\VCTK\wav48_silence_trimmed\p323\p323_116_mic1.flac,p280,0,1,0.5309102535247803,0.32958903908729553,0.5309102535247803,-0.20132121443748474,3.353
original,0,p323_161_mic2,p323,data\VCTK\wav48_silence_trimmed\p323\p323_161_mic2.flac,p323,1,1,0.6773116588592529,0.6773116588592529,0.40087223052978516,0.2764394283294678,3.1245625
base,1,p323_161_mic2,p323,data\VCTK\wav48_silence_trimmed\p323\p323_161_mic2.flac,p261,0,1,0.37180113792419434,0.11952187120914459,0.37180113792419434,-0.25227926671504974,3.1245625
base,2,p323_161_mic2,p323,data\VCTK\wav48_silence_trimmed\p323\p323_161_mic2.flac,p249,0,1,0.42249614000320435,0.2957004904747009,0.42249614000320435,-0.12679564952850342,3.1245625
base,3,p323_161_mic2,p323,data\VCTK\wav48_silence_trimmed\p323\p323_161_mic2.flac,p280,0,1,0.4874800741672516,0.34061121940612793,0.4874800741672516,-0.14686885476112366,3.1245625
lca,1,p323_161_mic2,p323,data\VCTK\wav48_silence_trimmed\p323\p323_161_mic2.flac,p264,0,1,0.3994310200214386,0.15137702226638794,0.3994310200214386,-0.24805399775505066,3.1245625
lca,2,p323_161_mic2,p323,data\VCTK\wav48_silence_trimmed\p323\p323_161_mic2.flac,p280,0,1,0.42111775279045105,0.27689826488494873,0.42111775279045105,-0.14421948790550232,3.1245625
lca,3,p323_161_mic2,p323,data\VCTK\wav48_silence_trimmed\p323\p323_161_mic2.flac,p340,0,1,0.4826846122741699,0.31610119342803955,0.4826846122741699,-0.16658341884613037,3.1245625
original,0,p323_307_mic2,p323,data\VCTK\wav48_silence_trimmed\p323\p323_307_mic2.flac,p323,1,1,0.7682424187660217,0.7682424187660217,0.5207154750823975,0.24752694368362427,3.247125
base,1,p323_307_mic2,p323,data\VCTK\wav48_silence_trimmed\p323\p323_307_mic2.flac,p293,0,1,0.4032495319843292,0.19410046935081482,0.4032495319843292,-0.2091490626335144,3.247125
base,2,p323_307_mic2,p323,data\VCTK\wav48_silence_trimmed\p323\p323_307_mic2.flac,p317,0,1,0.4235501289367676,0.4080873429775238,0.4235501289367676,-0.015462785959243774,3.247125
base,3,p323_307_mic2,p323,data\VCTK\wav48_silence_trimmed\p323\p323_307_mic2.flac,p317,0,1,0.42216968536376953,0.39793214201927185,0.42216968536376953,-0.02423754334449768,3.247125
lca,1,p323_307_mic2,p323,data\VCTK\wav48_silence_trimmed\p323\p323_307_mic2.flac,p264,0,1,0.3455313444137573,0.17023509740829468,0.3455313444137573,-0.17529624700546265,3.247125
lca,2,p323_307_mic2,p323,data\VCTK\wav48_silence_trimmed\p323\p323_307_mic2.flac,p280,0,1,0.39156079292297363,0.2997708320617676,0.39156079292297363,-0.09178996086120605,3.247125
lca,3,p323_307_mic2,p323,data\VCTK\wav48_silence_trimmed\p323\p323_307_mic2.flac,p280,0,1,0.42028337717056274,0.39631831645965576,0.42028337717056274,-0.023965060710906982,3.247125
original,0,p323_370_mic2,p323,data\VCTK\wav48_silence_trimmed\p323\p323_370_mic2.flac,p323,1,1,0.6869372129440308,0.6869372129440308,0.5298072099685669,0.15713000297546387,4.1845625
base,1,p323_370_mic2,p323,data\VCTK\wav48_silence_trimmed\p323\p323_370_mic2.flac,p230,0,1,0.37523382902145386,0.1664198786020279,0.37523382902145386,-0.20881395041942596,4.1845625
base,2,p323_370_mic2,p323,data\VCTK\wav48_silence_trimmed\p323\p323_370_mic2.flac,p280,0,1,0.4939821660518646,0.39980703592300415,0.4939821660518646,-0.09417513012886047,4.1845625
base,3,p323_370_mic2,p323,data\VCTK\wav48_silence_trimmed\p323\p323_370_mic2.flac,p280,0,1,0.49651163816452026,0.4214802384376526,0.49651163816452026,-0.07503139972686768,4.1845625
lca,1,p323_370_mic2,p323,data\VCTK\wav48_silence_trimmed\p323\p323_370_mic2.flac,p280,0,1,0.4006693363189697,0.23259872198104858,0.4006693363189697,-0.16807061433792114,4.1845625
lca,2,p323_370_mic2,p323,data\VCTK\wav48_silence_trimmed\p323\p323_370_mic2.flac,p280,0,1,0.5501757264137268,0.34063297510147095,0.5501757264137268,-0.20954275131225586,4.1845625
lca,3,p323_370_mic2,p323,data\VCTK\wav48_silence_trimmed\p323\p323_370_mic2.flac,p340,0,1,0.5000820755958557,0.379037082195282,0.5000820755958557,-0.12104499340057373,4.1845625
original,0,p326_010_mic1,p326,data\VCTK\wav48_silence_trimmed\p326\p326_010_mic1.flac,p326,1,1,0.753028154373169,0.753028154373169,0.33030807971954346,0.4227200746536255,3.327125
base,1,p326_010_mic1,p326,data\VCTK\wav48_silence_trimmed\p326\p326_010_mic1.flac,p374,0,1,0.33451002836227417,0.10401881486177444,0.33451002836227417,-0.23049121350049973,3.327125
base,2,p326_010_mic1,p326,data\VCTK\wav48_silence_trimmed\p326\p326_010_mic1.flac,p326,1,1,0.39092645049095154,0.39092645049095154,0.32365691661834717,0.06726953387260437,3.327125
base,3,p326_010_mic1,p326,data\VCTK\wav48_silence_trimmed\p326\p326_010_mic1.flac,p326,1,1,0.5013108253479004,0.5013108253479004,0.32038742303848267,0.18092340230941772,3.327125
lca,1,p326_010_mic1,p326,data\VCTK\wav48_silence_trimmed\p326\p326_010_mic1.flac,p311,0,1,0.3181256055831909,0.10516547411680222,0.3181256055831909,-0.2129601314663887,3.327125
lca,2,p326_010_mic1,p326,data\VCTK\wav48_silence_trimmed\p326\p326_010_mic1.flac,p311,0,1,0.46664750576019287,0.2193446159362793,0.46664750576019287,-0.24730288982391357,3.327125
lca,3,p326_010_mic1,p326,data\VCTK\wav48_silence_trimmed\p326\p326_010_mic1.flac,p311,0,1,0.4201062321662903,0.3144075870513916,0.4201062321662903,-0.10569864511489868,3.327125
original,0,p326_047_mic2,p326,data\VCTK\wav48_silence_trimmed\p326\p326_047_mic2.flac,p326,1,1,0.7248446941375732,0.7248446941375732,0.3616408705711365,0.36320382356643677,2.8416875
base,1,p326_047_mic2,p326,data\VCTK\wav48_silence_trimmed\p326\p326_047_mic2.flac,p258,0,1,0.2985551655292511,0.11041916906833649,0.2985551655292511,-0.1881359964609146,2.8416875
base,2,p326_047_mic2,p326,data\VCTK\wav48_silence_trimmed\p326\p326_047_mic2.flac,p226,0,1,0.28398847579956055,0.1535237729549408,0.28398847579956055,-0.13046470284461975,2.8416875
base,3,p326_047_mic2,p326,data\VCTK\wav48_silence_trimmed\p326\p326_047_mic2.flac,p226,0,1,0.312171071767807,0.18230491876602173,0.312171071767807,-0.12986615300178528,2.8416875
lca,1,p326_047_mic2,p326,data\VCTK\wav48_silence_trimmed\p326\p326_047_mic2.flac,p295,0,1,0.3295658826828003,0.10264959931373596,0.3295658826828003,-0.22691628336906433,2.8416875
lca,2,p326_047_mic2,p326,data\VCTK\wav48_silence_trimmed\p326\p326_047_mic2.flac,p281,0,1,0.2929776906967163,0.2506742775440216,0.2929776906967163,-0.0423034131526947,2.8416875
lca,3,p326_047_mic2,p326,data\VCTK\wav48_silence_trimmed\p326\p326_047_mic2.flac,p311,0,1,0.30387356877326965,0.2996678352355957,0.30387356877326965,-0.00420573353767395,2.8416875
original,0,p326_101_mic2,p326,data\VCTK\wav48_silence_trimmed\p326\p326_101_mic2.flac,p326,1,1,0.7292989492416382,0.7292989492416382,0.3608023226261139,0.3684966266155243,2.224
base,1,p326_101_mic2,p326,data\VCTK\wav48_silence_trimmed\p326\p326_101_mic2.flac,p374,0,1,0.33753788471221924,0.16990786790847778,0.33753788471221924,-0.16763001680374146,2.224
base,2,p326_101_mic2,p326,data\VCTK\wav48_silence_trimmed\p326\p326_101_mic2.flac,p326,1,1,0.371914267539978,0.371914267539978,0.3204420208930969,0.051472246646881104,2.224
base,3,p326_101_mic2,p326,data\VCTK\wav48_silence_trimmed\p326\p326_101_mic2.flac,p326,1,1,0.33605507016181946,0.33605507016181946,0.3233940601348877,0.012661010026931763,2.224
lca,1,p326_101_mic2,p326,data\VCTK\wav48_silence_trimmed\p326\p326_101_mic2.flac,p311,0,1,0.33232903480529785,0.15592077374458313,0.33232903480529785,-0.17640826106071472,2.224
lca,2,p326_101_mic2,p326,data\VCTK\wav48_silence_trimmed\p326\p326_101_mic2.flac,p311,0,1,0.3157815635204315,0.2484000027179718,0.3157815635204315,-0.06738156080245972,2.224
lca,3,p326_101_mic2,p326,data\VCTK\wav48_silence_trimmed\p326\p326_101_mic2.flac,p347,0,1,0.33397167921066284,0.3106098175048828,0.33397167921066284,-0.02336186170578003,2.224
original,0,p326_339_mic1,p326,data\VCTK\wav48_silence_trimmed\p326\p326_339_mic1.flac,p326,1,1,0.8308120965957642,0.8308120965957642,0.4507376551628113,0.3800744414329529,2.294875
base,1,p326_339_mic1,p326,data\VCTK\wav48_silence_trimmed\p326\p326_339_mic1.flac,p347,0,1,0.30689817667007446,0.10204359889030457,0.30689817667007446,-0.2048545777797699,2.294875
base,2,p326_339_mic1,p326,data\VCTK\wav48_silence_trimmed\p326\p326_339_mic1.flac,p347,0,1,0.36395785212516785,0.36337244510650635,0.36395785212516785,-0.000585407018661499,2.294875
base,3,p326_339_mic1,p326,data\VCTK\wav48_silence_trimmed\p326\p326_339_mic1.flac,p347,0,1,0.3779747486114502,0.3471865952014923,0.3779747486114502,-0.030788153409957886,2.294875
lca,1,p326_339_mic1,p326,data\VCTK\wav48_silence_trimmed\p326\p326_339_mic1.flac,p281,0,1,0.31041091680526733,0.07039304077625275,0.31041091680526733,-0.2400178760290146,2.294875
lca,2,p326_339_mic1,p326,data\VCTK\wav48_silence_trimmed\p326\p326_339_mic1.flac,p226,0,1,0.3114861845970154,0.17771688103675842,0.3114861845970154,-0.13376930356025696,2.294875
lca,3,p326_339_mic1,p326,data\VCTK\wav48_silence_trimmed\p326\p326_339_mic1.flac,p226,0,1,0.356059193611145,0.2926217317581177,0.356059193611145,-0.06343746185302734,2.294875
original,0,p326_380_mic1,p326,data\VCTK\wav48_silence_trimmed\p326\p326_380_mic1.flac,p326,1,1,0.7740917205810547,0.7740917205810547,0.3127889633178711,0.4613027572631836,3.2394375
base,1,p326_380_mic1,p326,data\VCTK\wav48_silence_trimmed\p326\p326_380_mic1.flac,p374,0,0,0.22130538523197174,0.10712690651416779,0.22130538523197174,-0.11417847871780396,3.2394375
base,2,p326_380_mic1,p326,data\VCTK\wav48_silence_trimmed\p326\p326_380_mic1.flac,p326,1,1,0.32069724798202515,0.32069724798202515,0.27386558055877686,0.04683166742324829,3.2394375
base,3,p326_380_mic1,p326,data\VCTK\wav48_silence_trimmed\p326\p326_380_mic1.flac,p326,1,1,0.3776955008506775,0.3776955008506775,0.3581313490867615,0.019564151763916016,3.2394375
lca,1,p326_380_mic1,p326,data\VCTK\wav48_silence_trimmed\p326\p326_380_mic1.flac,p374,0,1,0.29116934537887573,0.08583643287420273,0.29116934537887573,-0.205332912504673,3.2394375
lca,2,p326_380_mic1,p326,data\VCTK\wav48_silence_trimmed\p326\p326_380_mic1.flac,p347,0,1,0.3318542540073395,0.24235135316848755,0.3318542540073395,-0.08950290083885193,3.2394375
lca,3,p326_380_mic1,p326,data\VCTK\wav48_silence_trimmed\p326\p326_380_mic1.flac,p311,0,1,0.37196457386016846,0.306527316570282,0.37196457386016846,-0.06543725728988647,3.2394375
original,0,p329_001_mic2,p329,data\VCTK\wav48_silence_trimmed\p329\p329_001_mic2.flac,p329,1,1,0.6190640330314636,0.6190640330314636,0.46995511651039124,0.1491089165210724,2.7763125
base,1,p329_001_mic2,p329,data\VCTK\wav48_silence_trimmed\p329\p329_001_mic2.flac,p262,0,1,0.3249785304069519,0.13751254975795746,0.3249785304069519,-0.18746598064899445,2.7763125
base,2,p329_001_mic2,p329,data\VCTK\wav48_silence_trimmed\p329\p329_001_mic2.flac,p293,0,1,0.42791229486465454,0.40181612968444824,0.42791229486465454,-0.0260961651802063,2.7763125
base,3,p329_001_mic2,p329,data\VCTK\wav48_silence_trimmed\p329\p329_001_mic2.flac,p329,1,1,0.45427972078323364,0.45427972078323364,0.45427003502845764,9.685754776000977e-06,2.7763125
lca,1,p329_001_mic2,p329,data\VCTK\wav48_silence_trimmed\p329\p329_001_mic2.flac,p364,0,1,0.2862706780433655,0.06657694280147552,0.2862706780433655,-0.21969373524188995,2.7763125
lca,2,p329_001_mic2,p329,data\VCTK\wav48_silence_trimmed\p329\p329_001_mic2.flac,p262,0,1,0.4910484850406647,0.35049372911453247,0.4910484850406647,-0.1405547559261322,2.7763125
lca,3,p329_001_mic2,p329,data\VCTK\wav48_silence_trimmed\p329\p329_001_mic2.flac,p264,0,1,0.505598783493042,0.3615189790725708,0.505598783493042,-0.1440798044204712,2.7763125
original,0,p329_033_mic1,p329,data\VCTK\wav48_silence_trimmed\p329\p329_033_mic1.flac,p329,1,1,0.7768087387084961,0.7768087387084961,0.4670005738735199,0.3098081648349762,4.64375
base,1,p329_033_mic1,p329,data\VCTK\wav48_silence_trimmed\p329\p329_033_mic1.flac,p262,0,1,0.36772480607032776,0.2864189147949219,0.36772480607032776,-0.08130589127540588,4.64375
base,2,p329_033_mic1,p329,data\VCTK\wav48_silence_trimmed\p329\p329_033_mic1.flac,p329,1,1,0.46847715973854065,0.46847715973854065,0.44275009632110596,0.025727063417434692,4.64375
base,3,p329_033_mic1,p329,data\VCTK\wav48_silence_trimmed\p329\p329_033_mic1.flac,p293,0,1,0.45481908321380615,0.4494343400001526,0.45481908321380615,-0.0053847432136535645,4.64375
lca,1,p329_033_mic1,p329,data\VCTK\wav48_silence_trimmed\p329\p329_033_mic1.flac,p295,0,1,0.3854958415031433,0.31204861402511597,0.3854958415031433,-0.07344722747802734,4.64375
lca,2,p329_033_mic1,p329,data\VCTK\wav48_silence_trimmed\p329\p329_033_mic1.flac,p264,0,1,0.4442657232284546,0.3904668092727661,0.4442657232284546,-0.05379891395568848,4.64375
lca,3,p329_033_mic1,p329,data\VCTK\wav48_silence_trimmed\p329\p329_033_mic1.flac,p293,0,1,0.4547034800052643,0.3943313956260681,0.4547034800052643,-0.06037208437919617,4.64375
original,0,p329_101_mic2,p329,data\VCTK\wav48_silence_trimmed\p329\p329_101_mic2.flac,p329,1,1,0.7634294629096985,0.7634294629096985,0.45754608511924744,0.30588337779045105,3.4175
base,1,p329_101_mic2,p329,data\VCTK\wav48_silence_trimmed\p329\p329_101_mic2.flac,p293,0,1,0.3327261805534363,0.17616230249404907,0.3327261805534363,-0.1565638780593872,3.4175
base,2,p329_101_mic2,p329,data\VCTK\wav48_silence_trimmed\p329\p329_101_mic2.flac,p230,0,1,0.4480787217617035,0.3954441547393799,0.4480787217617035,-0.05263456702232361,3.4175
base,3,p329_101_mic2,p329,data\VCTK\wav48_silence_trimmed\p329\p329_101_mic2.flac,p329,1,1,0.4802183508872986,0.4802183508872986,0.45022934675216675,0.029989004135131836,3.4175
lca,1,p329_101_mic2,p329,data\VCTK\wav48_silence_trimmed\p329\p329_101_mic2.flac,p293,0,1,0.4136052131652832,0.2598365247249603,0.4136052131652832,-0.15376868844032288,3.4175
lca,2,p329_101_mic2,p329,data\VCTK\wav48_silence_trimmed\p329\p329_101_mic2.flac,p295,0,1,0.46145015954971313,0.3893442749977112,0.46145015954971313,-0.07210588455200195,3.4175
lca,3,p329_101_mic2,p329,data\VCTK\wav48_silence_trimmed\p329\p329_101_mic2.flac,p293,0,1,0.47952842712402344,0.3914898633956909,0.47952842712402344,-0.08803856372833252,3.4175
original,0,p329_130_mic2,p329,data\VCTK\wav48_silence_trimmed\p329\p329_130_mic2.flac,p329,1,1,0.7212614417076111,0.7212614417076111,0.36865389347076416,0.3526075482368469,2.0926875
base,1,p329_130_mic2,p329,data\VCTK\wav48_silence_trimmed\p329\p329_130_mic2.flac,p262,0,1,0.3177838921546936,0.24999073147773743,0.3177838921546936,-0.06779316067695618,2.0926875
base,2,p329_130_mic2,p329,data\VCTK\wav48_silence_trimmed\p329\p329_130_mic2.flac,p301,0,1,0.3947790861129761,0.37996453046798706,0.3947790861129761,-0.014814555644989014,2.0926875
base,3,p329_130_mic2,p329,data\VCTK\wav48_silence_trimmed\p329\p329_130_mic2.flac,p301,0,1,0.49504441022872925,0.4481784701347351,0.49504441022872925,-0.04686594009399414,2.0926875
lca,1,p329_130_mic2,p329,data\VCTK\wav48_silence_trimmed\p329\p329_130_mic2.flac,p264,0,1,0.31979116797447205,0.23283883929252625,0.31979116797447205,-0.0869523286819458,2.0926875
lca,2,p329_130_mic2,p329,data\VCTK\wav48_silence_trimmed\p329\p329_130_mic2.flac,p351,0,1,0.398271381855011,0.36456018686294556,0.398271381855011,-0.03371119499206543,2.0926875
lca,3,p329_130_mic2,p329,data\VCTK\wav48_silence_trimmed\p329\p329_130_mic2.flac,p343,0,1,0.43045294284820557,0.4019058048725128,0.43045294284820557,-0.02854713797569275,2.0926875
original,0,p329_225_mic1,p329,data\VCTK\wav48_silence_trimmed\p329\p329_225_mic1.flac,p329,1,1,0.6784644722938538,0.6784644722938538,0.43895041942596436,0.2395140528678894,3.417375
base,1,p329_225_mic1,p329,data\VCTK\wav48_silence_trimmed\p329\p329_225_mic1.flac,p329,1,1,0.40486443042755127,0.40486443042755127,0.39312198758125305,0.011742442846298218,3.417375
base,2,p329_225_mic1,p329,data\VCTK\wav48_silence_trimmed\p329\p329_225_mic1.flac,p329,1,1,0.524085521697998,0.524085521697998,0.4726364314556122,0.051449090242385864,3.417375
base,3,p329_225_mic1,p329,data\VCTK\wav48_silence_trimmed\p329\p329_225_mic1.flac,p329,1,1,0.5554882287979126,0.5554882287979126,0.4552236795425415,0.1002645492553711,3.417375
lca,1,p329_225_mic1,p329,data\VCTK\wav48_silence_trimmed\p329\p329_225_mic1.flac,p295,0,1,0.39195162057876587,0.33307918906211853,0.39195162057876587,-0.05887243151664734,3.417375
lca,2,p329_225_mic1,p329,data\VCTK\wav48_silence_trimmed\p329\p329_225_mic1.flac,p295,0,1,0.4129559099674225,0.36466073989868164,0.4129559099674225,-0.048295170068740845,3.417375
lca,3,p329_225_mic1,p329,data\VCTK\wav48_silence_trimmed\p329\p329_225_mic1.flac,p293,0,1,0.4563668370246887,0.3939618468284607,0.4563668370246887,-0.06240499019622803,3.417375
original,0,p330_002_mic2,p330,data\VCTK\wav48_silence_trimmed\p330\p330_002_mic2.flac,p330,1,1,0.7957412004470825,0.7957412004470825,0.3699272871017456,0.4258139133453369,3.93475
base,1,p330_002_mic2,p330,data\VCTK\wav48_silence_trimmed\p330\p330_002_mic2.flac,p330,1,1,0.3444581925868988,0.3444581925868988,0.3360569179058075,0.008401274681091309,3.93475
base,2,p330_002_mic2,p330,data\VCTK\wav48_silence_trimmed\p330\p330_002_mic2.flac,p330,1,1,0.43876558542251587,0.43876558542251587,0.43687307834625244,0.0018925070762634277,3.93475
base,3,p330_002_mic2,p330,data\VCTK\wav48_silence_trimmed\p330\p330_002_mic2.flac,p330,1,1,0.5091190338134766,0.5091190338134766,0.3651996850967407,0.14391934871673584,3.93475
lca,1,p330_002_mic2,p330,data\VCTK\wav48_silence_trimmed\p330\p330_002_mic2.flac,p308,0,1,0.3261983394622803,0.2242790162563324,0.3261983394622803,-0.10191932320594788,3.93475
lca,2,p330_002_mic2,p330,data\VCTK\wav48_silence_trimmed\p330\p330_002_mic2.flac,p330,1,1,0.3909858465194702,0.3909858465194702,0.3641339838504791,0.02685186266899109,3.93475
lca,3,p330_002_mic2,p330,data\VCTK\wav48_silence_trimmed\p330\p330_002_mic2.flac,p330,1,1,0.4851400554180145,0.4851400554180145,0.3479193449020386,0.13722071051597595,3.93475
original,0,p330_014_mic2,p330,data\VCTK\wav48_silence_trimmed\p330\p330_014_mic2.flac,p330,1,1,0.8044284582138062,0.8044284582138062,0.4510144293308258,0.35341402888298035,5.546
base,1,p330_014_mic2,p330,data\VCTK\wav48_silence_trimmed\p330\p330_014_mic2.flac,p280,0,1,0.34818702936172485,0.3288680911064148,0.34818702936172485,-0.01931893825531006,5.546
base,2,p330_014_mic2,p330,data\VCTK\wav48_silence_trimmed\p330\p330_014_mic2.flac,p231,0,1,0.44875651597976685,0.4353437125682831,0.44875651597976685,-0.013412803411483765,5.546
base,3,p330_014_mic2,p330,data\VCTK\wav48_silence_trimmed\p330\p330_014_mic2.flac,p330,1,1,0.47282615303993225,0.47282615303993225,0.44586265087127686,0.026963502168655396,5.546
lca,1,p330_014_mic2,p330,data\VCTK\wav48_silence_trimmed\p330\p330_014_mic2.flac,p361,0,1,0.3475271165370941,0.21817046403884888,0.3475271165370941,-0.12935665249824524,5.546
lca,2,p330_014_mic2,p330,data\VCTK\wav48_silence_trimmed\p330\p330_014_mic2.flac,p280,0,1,0.4119625687599182,0.38939863443374634,0.4119625687599182,-0.022563934326171875,5.546
lca,3,p330_014_mic2,p330,data\VCTK\wav48_silence_trimmed\p330\p330_014_mic2.flac,p330,1,1,0.4101218581199646,0.4101218581199646,0.37854740023612976,0.03157445788383484,5.546
original,0,p330_102_mic1,p330,data\VCTK\wav48_silence_trimmed\p330\p330_102_mic1.flac,p330,1,1,0.8754845857620239,0.8754845857620239,0.41425052285194397,0.46123406291007996,2.7348125
base,1,p330_102_mic1,p330,data\VCTK\wav48_silence_trimmed\p330\p330_102_mic1.flac,p330,1,1,0.3295990824699402,0.3295990824699402,0.32577261328697205,0.0038264691829681396,2.7348125
base,2,p330_102_mic1,p330,data\VCTK\wav48_silence_trimmed\p330\p330_102_mic1.flac,p330,1,1,0.4767065942287445,0.4767065942287445,0.3196595311164856,0.1570470631122589,2.7348125
base,3,p330_102_mic1,p330,data\VCTK\wav48_silence_trimmed\p330\p330_102_mic1.flac,p330,1,1,0.5159137845039368,0.5159137845039368,0.34359943866729736,0.1723143458366394,2.7348125
lca,1,p330_102_mic1,p330,data\VCTK\wav48_silence_trimmed\p330\p330_102_mic1.flac,p330,1,1,0.36774200201034546,0.36774200201034546,0.3376564383506775,0.03008556365966797,2.7348125
lca,2,p330_102_mic1,p330,data\VCTK\wav48_silence_trimmed\p330\p330_102_mic1.flac,p330,1,1,0.4268576502799988,0.4268576502799988,0.3423701524734497,0.08448749780654907,2.7348125
lca,3,p330_102_mic1,p330,data\VCTK\wav48_silence_trimmed\p330\p330_102_mic1.flac,p330,1,1,0.4425319731235504,0.4425319731235504,0.336223840713501,0.10630813241004944,2.7348125
original,0,p330_159_mic1,p330,data\VCTK\wav48_silence_trimmed\p330\p330_159_mic1.flac,p330,1,1,0.7590726613998413,0.7590726613998413,0.4460080862045288,0.3130645751953125,3.2753125
base,1,p330_159_mic1,p330,data\VCTK\wav48_silence_trimmed\p330\p330_159_mic1.flac,p330,1,1,0.35572928190231323,0.35572928190231323,0.35328465700149536,0.002444624900817871,3.2753125
base,2,p330_159_mic1,p330,data\VCTK\wav48_silence_trimmed\p330\p330_159_mic1.flac,p330,1,1,0.4698505997657776,0.4698505997657776,0.46153491735458374,0.008315682411193848,3.2753125
base,3,p330_159_mic1,p330,data\VCTK\wav48_silence_trimmed\p330\p330_159_mic1.flac,p330,1,1,0.5425087213516235,0.5425087213516235,0.41210976243019104,0.1303989589214325,3.2753125
lca,1,p330_159_mic1,p330,data\VCTK\wav48_silence_trimmed\p330\p330_159_mic1.flac,p339,0,1,0.35444748401641846,0.31349802017211914,0.35444748401641846,-0.040949463844299316,3.2753125
lca,2,p330_159_mic1,p330,data\VCTK\wav48_silence_trimmed\p330\p330_159_mic1.flac,p330,1,1,0.49003756046295166,0.49003756046295166,0.4537399411201477,0.036297619342803955,3.2753125
lca,3,p330_159_mic1,p330,data\VCTK\wav48_silence_trimmed\p330\p330_159_mic1.flac,p340,0,1,0.4960917532444,0.47498661279678345,0.4960917532444,-0.021105140447616577,3.2753125
original,0,p330_389_mic1,p330,data\VCTK\wav48_silence_trimmed\p330\p330_389_mic1.flac,p330,1,1,0.6005988121032715,0.6005988121032715,0.4434758424758911,0.15712296962738037,2.7978125
base,1,p330_389_mic1,p330,data\VCTK\wav48_silence_trimmed\p330\p330_389_mic1.flac,p262,0,1,0.3179892897605896,0.15529732406139374,0.3179892897605896,-0.16269196569919586,2.7978125
base,2,p330_389_mic1,p330,data\VCTK\wav48_silence_trimmed\p330\p330_389_mic1.flac,p262,0,1,0.4296622574329376,0.4043426513671875,0.4296622574329376,-0.025319606065750122,2.7978125
base,3,p330_389_mic1,p330,data\VCTK\wav48_silence_trimmed\p330\p330_389_mic1.flac,p262,0,1,0.40392017364501953,0.4033939242362976,0.40392017364501953,-0.0005262494087219238,2.7978125
lca,1,p330_389_mic1,p330,data\VCTK\wav48_silence_trimmed\p330\p330_389_mic1.flac,p238,0,1,0.32865384221076965,0.16119492053985596,0.32865384221076965,-0.1674589216709137,2.7978125
lca,2,p330_389_mic1,p330,data\VCTK\wav48_silence_trimmed\p330\p330_389_mic1.flac,p280,0,1,0.4883207678794861,0.35521990060806274,0.4883207678794861,-0.13310086727142334,2.7978125
lca,3,p330_389_mic1,p330,data\VCTK\wav48_silence_trimmed\p330\p330_389_mic1.flac,p280,0,1,0.469625860452652,0.42895442247390747,0.469625860452652,-0.04067143797874451,2.7978125
original,0,p333_104_mic1,p333,data\VCTK\wav48_silence_trimmed\p333\p333_104_mic1.flac,p333,1,1,0.6223607063293457,0.6223607063293457,0.45011794567108154,0.17224276065826416,2.3475
base,1,p333_104_mic1,p333,data\VCTK\wav48_silence_trimmed\p333\p333_104_mic1.flac,p261,0,1,0.36355483531951904,0.08774925023317337,0.36355483531951904,-0.2758055850863457,2.3475
base,2,p333_104_mic1,p333,data\VCTK\wav48_silence_trimmed\p333\p333_104_mic1.flac,p301,0,1,0.444292813539505,0.03858177736401558,0.444292813539505,-0.4057110361754894,2.3475
base,3,p333_104_mic1,p333,data\VCTK\wav48_silence_trimmed\p333\p333_104_mic1.flac,p301,0,1,0.40330395102500916,0.09823478758335114,0.40330395102500916,-0.305069163441658,2.3475
lca,1,p333_104_mic1,p333,data\VCTK\wav48_silence_trimmed\p333\p333_104_mic1.flac,p343,0,1,0.37828853726387024,0.1645326018333435,0.37828853726387024,-0.21375593543052673,2.3475
lca,2,p333_104_mic1,p333,data\VCTK\wav48_silence_trimmed\p333\p333_104_mic1.flac,p262,0,1,0.44625481963157654,0.2913528084754944,0.44625481963157654,-0.15490201115608215,2.3475
lca,3,p333_104_mic1,p333,data\VCTK\wav48_silence_trimmed\p333\p333_104_mic1.flac,p262,0,1,0.430169016122818,0.3287374973297119,0.430169016122818,-0.10143151879310608,2.3475
original,0,p333_234_mic1,p333,data\VCTK\wav48_silence_trimmed\p333\p333_234_mic1.flac,p333,1,1,0.7573297619819641,0.7573297619819641,0.38483619689941406,0.37249356508255005,3.58625
base,1,p333_234_mic1,p333,data\VCTK\wav48_silence_trimmed\p333\p333_234_mic1.flac,p262,0,1,0.32538115978240967,0.09039580821990967,0.32538115978240967,-0.2349853515625,3.58625
base,2,p333_234_mic1,p333,data\VCTK\wav48_silence_trimmed\p333\p333_234_mic1.flac,p301,0,1,0.37988927960395813,0.2253258228302002,0.37988927960395813,-0.15456345677375793,3.58625
base,3,p333_234_mic1,p333,data\VCTK\wav48_silence_trimmed\p333\p333_234_mic1.flac,p299,0,1,0.3943914771080017,0.2925785183906555,0.3943914771080017,-0.10181295871734619,3.58625
lca,1,p333_234_mic1,p333,data\VCTK\wav48_silence_trimmed\p333\p333_234_mic1.flac,p262,0,1,0.3798959255218506,0.15534475445747375,0.3798959255218506,-0.22455117106437683,3.58625
lca,2,p333_234_mic1,p333,data\VCTK\wav48_silence_trimmed\p333\p333_234_mic1.flac,p262,0,1,0.44102945923805237,0.26328855752944946,0.44102945923805237,-0.1777409017086029,3.58625
lca,3,p333_234_mic1,p333,data\VCTK\wav48_silence_trimmed\p333\p333_234_mic1.flac,p299,0,1,0.41554006934165955,0.3366835415363312,0.41554006934165955,-0.07885652780532837,3.58625
original,0,p333_237_mic2,p333,data\VCTK\wav48_silence_trimmed\p333\p333_237_mic2.flac,p333,1,1,0.6611077189445496,0.6611077189445496,0.33672404289245605,0.3243836760520935,2.608
base,1,p333_237_mic2,p333,data\VCTK\wav48_silence_trimmed\p333\p333_237_mic2.flac,p238,0,1,0.3683682382106781,0.10887792706489563,0.3683682382106781,-0.25949031114578247,2.608
base,2,p333_237_mic2,p333,data\VCTK\wav48_silence_trimmed\p333\p333_237_mic2.flac,p293,0,1,0.40255123376846313,0.1610807478427887,0.40255123376846313,-0.24147048592567444,2.608
base,3,p333_237_mic2,p333,data\VCTK\wav48_silence_trimmed\p333\p333_237_mic2.flac,p230,0,1,0.3935842514038086,0.30912235379219055,0.3935842514038086,-0.08446189761161804,2.608
lca,1,p333_237_mic2,p333,data\VCTK\wav48_silence_trimmed\p333\p333_237_mic2.flac,p280,0,1,0.36094510555267334,0.23338185250759125,0.36094510555267334,-0.1275632530450821,2.608
lca,2,p333_237_mic2,p333,data\VCTK\wav48_silence_trimmed\p333\p333_237_mic2.flac,p262,0,1,0.3610909581184387,0.27635157108306885,0.3610909581184387,-0.08473938703536987,2.608
lca,3,p333_237_mic2,p333,data\VCTK\wav48_silence_trimmed\p333\p333_237_mic2.flac,p340,0,1,0.39486610889434814,0.37631675601005554,0.39486610889434814,-0.018549352884292603,2.608
original,0,p333_255_mic2,p333,data\VCTK\wav48_silence_trimmed\p333\p333_255_mic2.flac,p333,1,1,0.6415640711784363,0.6415640711784363,0.39751458168029785,0.24404948949813843,2.7785625
base,1,p333_255_mic2,p333,data\VCTK\wav48_silence_trimmed\p333\p333_255_mic2.flac,p261,0,1,0.38101786375045776,0.16257956624031067,0.38101786375045776,-0.2184382975101471,2.7785625
base,2,p333_255_mic2,p333,data\VCTK\wav48_silence_trimmed\p333\p333_255_mic2.flac,p230,0,1,0.4095032811164856,0.1943162977695465,0.4095032811164856,-0.2151869833469391,2.7785625
base,3,p333_255_mic2,p333,data\VCTK\wav48_silence_trimmed\p333\p333_255_mic2.flac,p231,0,1,0.3640947937965393,0.3080301582813263,0.3640947937965393,-0.05606463551521301,2.7785625
lca,1,p333_255_mic2,p333,data\VCTK\wav48_silence_trimmed\p333\p333_255_mic2.flac,p262,0,1,0.40163642168045044,0.2215205878019333,0.40163642168045044,-0.18011583387851715,2.7785625
lca,2,p333_255_mic2,p333,data\VCTK\wav48_silence_trimmed\p333\p333_255_mic2.flac,p262,0,1,0.44399896264076233,0.3130103349685669,0.44399896264076233,-0.13098862767219543,2.7785625
lca,3,p333_255_mic2,p333,data\VCTK\wav48_silence_trimmed\p333\p333_255_mic2.flac,p262,0,1,0.3971633017063141,0.3936242461204529,0.3971633017063141,-0.003539055585861206,2.7785625
original,0,p333_351_mic2,p333,data\VCTK\wav48_silence_trimmed\p333\p333_351_mic2.flac,p333,1,1,0.7174146771430969,0.7174146771430969,0.4328863024711609,0.28452837467193604,2.691625
base,1,p333_351_mic2,p333,data\VCTK\wav48_silence_trimmed\p333\p333_351_mic2.flac,p261,0,1,0.3361778259277344,0.10163598507642746,0.3361778259277344,-0.23454184085130692,2.691625
base,2,p333_351_mic2,p333,data\VCTK\wav48_silence_trimmed\p333\p333_351_mic2.flac,p261,0,1,0.3237256407737732,0.21882739663124084,0.3237256407737732,-0.10489824414253235,2.691625
base,3,p333_351_mic2,p333,data\VCTK\wav48_silence_trimmed\p333\p333_351_mic2.flac,p266,0,1,0.35819748044013977,0.23881971836090088,0.35819748044013977,-0.11937776207923889,2.691625
lca,1,p333_351_mic2,p333,data\VCTK\wav48_silence_trimmed\p333\p333_351_mic2.flac,p262,0,1,0.375715970993042,0.2531245946884155,0.375715970993042,-0.12259137630462646,2.691625
lca,2,p333_351_mic2,p333,data\VCTK\wav48_silence_trimmed\p333\p333_351_mic2.flac,p308,0,1,0.4320458173751831,0.3782035708427429,0.4320458173751831,-0.053842246532440186,2.691625
lca,3,p333_351_mic2,p333,data\VCTK\wav48_silence_trimmed\p333\p333_351_mic2.flac,p308,0,1,0.4553724229335785,0.38898319005966187,0.4553724229335785,-0.06638923287391663,2.691625
original,0,p334_076_mic1,p334,data\VCTK\wav48_silence_trimmed\p334\p334_076_mic1.flac,p334,1,1,0.7878259420394897,0.7878259420394897,0.3381921648979187,0.44963377714157104,2.6484375
base,1,p334_076_mic1,p334,data\VCTK\wav48_silence_trimmed\p334\p334_076_mic1.flac,p360,0,1,0.34191808104515076,0.137747123837471,0.34191808104515076,-0.20417095720767975,2.6484375
base,2,p334_076_mic1,p334,data\VCTK\wav48_silence_trimmed\p334\p334_076_mic1.flac,p347,0,1,0.405852347612381,0.30827489495277405,0.405852347612381,-0.09757745265960693,2.6484375
base,3,p334_076_mic1,p334,data\VCTK\wav48_silence_trimmed\p334\p334_076_mic1.flac,p347,0,1,0.5090821981430054,0.3724730610847473,0.5090821981430054,-0.13660913705825806,2.6484375
lca,1,p334_076_mic1,p334,data\VCTK\wav48_silence_trimmed\p334\p334_076_mic1.flac,p311,0,1,0.3193046748638153,0.08327572792768478,0.3193046748638153,-0.23602894693613052,2.6484375
lca,2,p334_076_mic1,p334,data\VCTK\wav48_silence_trimmed\p334\p334_076_mic1.flac,p347,0,1,0.3673133850097656,0.2627045512199402,0.3673133850097656,-0.10460883378982544,2.6484375
lca,3,p334_076_mic1,p334,data\VCTK\wav48_silence_trimmed\p334\p334_076_mic1.flac,p347,0,1,0.3616270422935486,0.3083752691745758,0.3616270422935486,-0.05325177311897278,2.6484375
original,0,p334_136_mic2,p334,data\VCTK\wav48_silence_trimmed\p334\p334_136_mic2.flac,p334,1,1,0.7868766784667969,0.7868766784667969,0.3261517286300659,0.46072494983673096,3.545375
base,1,p334_136_mic2,p334,data\VCTK\wav48_silence_trimmed\p334\p334_136_mic2.flac,p364,0,1,0.28198111057281494,0.17997953295707703,0.28198111057281494,-0.10200157761573792,3.545375
base,2,p334_136_mic2,p334,data\VCTK\wav48_silence_trimmed\p334\p334_136_mic2.flac,p334,1,1,0.3980954885482788,0.3980954885482788,0.37664031982421875,0.02145516872406006,3.545375
base,3,p334_136_mic2,p334,data\VCTK\wav48_silence_trimmed\p334\p334_136_mic2.flac,p334,1,1,0.4024678170681,0.4024678170681,0.36665308475494385,0.03581473231315613,3.545375
lca,1,p334_136_mic2,p334,data\VCTK\wav48_silence_trimmed\p334\p334_136_mic2.flac,p262,0,1,0.33393365144729614,0.15843862295150757,0.33393365144729614,-0.17549502849578857,3.545375
lca,2,p334_136_mic2,p334,data\VCTK\wav48_silence_trimmed\p334\p334_136_mic2.flac,p347,0,1,0.40891018509864807,0.2515685260295868,0.40891018509864807,-0.15734165906906128,3.545375
lca,3,p334_136_mic2,p334,data\VCTK\wav48_silence_trimmed\p334\p334_136_mic2.flac,p347,0,1,0.43209266662597656,0.3327038884162903,0.43209266662597656,-0.09938877820968628,3.545375
original,0,p334_223_mic2,p334,data\VCTK\wav48_silence_trimmed\p334\p334_223_mic2.flac,p334,1,1,0.8019691109657288,0.8019691109657288,0.3642479181289673,0.4377211928367615,2.9890625
base,1,p334_223_mic2,p334,data\VCTK\wav48_silence_trimmed\p334\p334_223_mic2.flac,p311,0,1,0.2751283645629883,0.10112239420413971,0.2751283645629883,-0.17400597035884857,2.9890625
base,2,p334_223_mic2,p334,data\VCTK\wav48_silence_trimmed\p334\p334_223_mic2.flac,p347,0,1,0.43351566791534424,0.32864469289779663,0.43351566791534424,-0.10487097501754761,2.9890625
base,3,p334_223_mic2,p334,data\VCTK\wav48_silence_trimmed\p334\p334_223_mic2.flac,p311,0,1,0.4338911771774292,0.3903336524963379,0.4338911771774292,-0.04355752468109131,2.9890625
lca,1,p334_223_mic2,p334,data\VCTK\wav48_silence_trimmed\p334\p334_223_mic2.flac,p311,0,1,0.35640987753868103,0.1355459988117218,0.35640987753868103,-0.22086387872695923,2.9890625
lca,2,p334_223_mic2,p334,data\VCTK\wav48_silence_trimmed\p334\p334_223_mic2.flac,p311,0,1,0.38594019412994385,0.345714271068573,0.38594019412994385,-0.04022592306137085,2.9890625
lca,3,p334_223_mic2,p334,data\VCTK\wav48_silence_trimmed\p334\p334_223_mic2.flac,p311,0,1,0.36883044242858887,0.36445727944374084,0.36883044242858887,-0.0043731629848480225,2.9890625
original,0,p334_316_mic2,p334,data\VCTK\wav48_silence_trimmed\p334\p334_316_mic2.flac,p334,1,1,0.7438960075378418,0.7438960075378418,0.3405904173851013,0.4033055901527405,3.1464375
base,1,p334_316_mic2,p334,data\VCTK\wav48_silence_trimmed\p334\p334_316_mic2.flac,p345,0,1,0.3222883343696594,0.026349909603595734,0.3222883343696594,-0.2959384247660637,3.1464375
base,2,p334_316_mic2,p334,data\VCTK\wav48_silence_trimmed\p334\p334_316_mic2.flac,p311,0,1,0.4522254765033722,0.22732320427894592,0.4522254765033722,-0.22490227222442627,3.1464375
base,3,p334_316_mic2,p334,data\VCTK\wav48_silence_trimmed\p334\p334_316_mic2.flac,p311,0,1,0.43840083479881287,0.23501579463481903,0.43840083479881287,-0.20338504016399384,3.1464375
lca,1,p334_316_mic2,p334,data\VCTK\wav48_silence_trimmed\p334\p334_316_mic2.flac,p281,0,1,0.33652207255363464,0.036441776901483536,0.33652207255363464,-0.3000802956521511,3.1464375
lca,2,p334_316_mic2,p334,data\VCTK\wav48_silence_trimmed\p334\p334_316_mic2.flac,p281,0,1,0.4172719120979309,0.19181716442108154,0.4172719120979309,-0.22545474767684937,3.1464375
lca,3,p334_316_mic2,p334,data\VCTK\wav48_silence_trimmed\p334\p334_316_mic2.flac,p281,0,1,0.40727880597114563,0.2460906058549881,0.40727880597114563,-0.16118820011615753,3.1464375
original,0,p334_346_mic2,p334,data\VCTK\wav48_silence_trimmed\p334\p334_346_mic2.flac,p334,1,1,0.770173966884613,0.770173966884613,0.43577927350997925,0.3343946933746338,3.16
base,1,p334_346_mic2,p334,data\VCTK\wav48_silence_trimmed\p334\p334_346_mic2.flac,p311,0,1,0.36964482069015503,0.10903804004192352,0.36964482069015503,-0.2606067806482315,3.16
base,2,p334_346_mic2,p334,data\VCTK\wav48_silence_trimmed\p334\p334_346_mic2.flac,p311,0,1,0.4079776704311371,0.26508814096450806,0.4079776704311371,-0.14288952946662903,3.16
base,3,p334_346_mic2,p334,data\VCTK\wav48_silence_trimmed\p334\p334_346_mic2.flac,p311,0,1,0.43926215171813965,0.3626375198364258,0.43926215171813965,-0.07662463188171387,3.16
lca,1,p334_346_mic2,p334,data\VCTK\wav48_silence_trimmed\p334\p334_346_mic2.flac,p311,0,1,0.26513001322746277,0.00610087625682354,0.26513001322746277,-0.25902913697063923,3.16
lca,2,p334_346_mic2,p334,data\VCTK\wav48_silence_trimmed\p334\p334_346_mic2.flac,p262,0,1,0.31047171354293823,0.1906852126121521,0.31047171354293823,-0.11978650093078613,3.16
lca,3,p334_346_mic2,p334,data\VCTK\wav48_silence_trimmed\p334\p334_346_mic2.flac,p311,0,1,0.3355622887611389,0.2606607675552368,0.3355622887611389,-0.0749015212059021,3.16
original,0,p335_108_mic1,p335,data\VCTK\wav48_silence_trimmed\p335\p335_108_mic1.flac,p335,1,1,0.757429301738739,0.757429301738739,0.34974634647369385,0.40768295526504517,4.42575
base,1,p335_108_mic1,p335,data\VCTK\wav48_silence_trimmed\p335\p335_108_mic1.flac,p261,0,1,0.3355620205402374,0.1916446089744568,0.3355620205402374,-0.14391741156578064,4.42575
base,2,p335_108_mic1,p335,data\VCTK\wav48_silence_trimmed\p335\p335_108_mic1.flac,p257,0,1,0.36993134021759033,0.23993881046772003,0.36993134021759033,-0.1299925297498703,4.42575
base,3,p335_108_mic1,p335,data\VCTK\wav48_silence_trimmed\p335\p335_108_mic1.flac,p268,0,1,0.3462396264076233,0.3168533742427826,0.3462396264076233,-0.029386252164840698,4.42575
lca,1,p335_108_mic1,p335,data\VCTK\wav48_silence_trimmed\p335\p335_108_mic1.flac,p261,0,1,0.3752824068069458,0.21087589859962463,0.3752824068069458,-0.16440650820732117,4.42575
lca,2,p335_108_mic1,p335,data\VCTK\wav48_silence_trimmed\p335\p335_108_mic1.flac,p280,0,1,0.33813244104385376,0.228474423289299,0.33813244104385376,-0.10965801775455475,4.42575
lca,3,p335_108_mic1,p335,data\VCTK\wav48_silence_trimmed\p335\p335_108_mic1.flac,p340,0,1,0.39319443702697754,0.25640177726745605,0.39319443702697754,-0.13679265975952148,4.42575
original,0,p335_119_mic1,p335,data\VCTK\wav48_silence_trimmed\p335\p335_119_mic1.flac,p335,1,1,0.7706966400146484,0.7706966400146484,0.37870100140571594,0.3919956386089325,3.17
base,1,p335_119_mic1,p335,data\VCTK\wav48_silence_trimmed\p335\p335_119_mic1.flac,p261,0,1,0.30331936478614807,0.17683452367782593,0.30331936478614807,-0.12648484110832214,3.17
base,2,p335_119_mic1,p335,data\VCTK\wav48_silence_trimmed\p335\p335_119_mic1.flac,p261,0,1,0.393283486366272,0.27398237586021423,0.393283486366272,-0.11930111050605774,3.17
base,3,p335_119_mic1,p335,data\VCTK\wav48_silence_trimmed\p335\p335_119_mic1.flac,p261,0,1,0.4026990234851837,0.333493173122406,0.4026990234851837,-0.06920585036277771,3.17
lca,1,p335_119_mic1,p335,data\VCTK\wav48_silence_trimmed\p335\p335_119_mic1.flac,p262,0,1,0.35667869448661804,0.11103279888629913,0.35667869448661804,-0.2456458956003189,3.17
lca,2,p335_119_mic1,p335,data\VCTK\wav48_silence_trimmed\p335\p335_119_mic1.flac,p262,0,1,0.3993126451969147,0.1962447464466095,0.3993126451969147,-0.20306789875030518,3.17
lca,3,p335_119_mic1,p335,data\VCTK\wav48_silence_trimmed\p335\p335_119_mic1.flac,p262,0,1,0.43504586815834045,0.19794580340385437,0.43504586815834045,-0.23710006475448608,3.17
original,0,p335_131_mic1,p335,data\VCTK\wav48_silence_trimmed\p335\p335_131_mic1.flac,p335,1,1,0.6342025995254517,0.6342025995254517,0.2734459340572357,0.36075666546821594,3.5703125
base,1,p335_131_mic1,p335,data\VCTK\wav48_silence_trimmed\p335\p335_131_mic1.flac,p257,0,1,0.38798391819000244,0.08822666108608246,0.38798391819000244,-0.29975725710392,3.5703125
base,2,p335_131_mic1,p335,data\VCTK\wav48_silence_trimmed\p335\p335_131_mic1.flac,p262,0,1,0.3260423541069031,0.27632278203964233,0.3260423541069031,-0.04971957206726074,3.5703125
base,3,p335_131_mic1,p335,data\VCTK\wav48_silence_trimmed\p335\p335_131_mic1.flac,p257,0,1,0.37721335887908936,0.29350024461746216,0.37721335887908936,-0.0837131142616272,3.5703125
lca,1,p335_131_mic1,p335,data\VCTK\wav48_silence_trimmed\p335\p335_131_mic1.flac,p225,0,1,0.2831438481807709,0.1497395783662796,0.2831438481807709,-0.13340426981449127,3.5703125
lca,2,p335_131_mic1,p335,data\VCTK\wav48_silence_trimmed\p335\p335_131_mic1.flac,p262,0,1,0.37934747338294983,0.21046419441699982,0.37934747338294983,-0.16888327896595,3.5703125
lca,3,p335_131_mic1,p335,data\VCTK\wav48_silence_trimmed\p335\p335_131_mic1.flac,p262,0,1,0.418534517288208,0.2190377563238144,0.418534517288208,-0.19949676096439362,3.5703125
original,0,p335_353_mic2,p335,data\VCTK\wav48_silence_trimmed\p335\p335_353_mic2.flac,p335,1,1,0.747065007686615,0.747065007686615,0.34007328748703003,0.40699172019958496,3.712375
base,1,p335_353_mic2,p335,data\VCTK\wav48_silence_trimmed\p335\p335_353_mic2.flac,p257,0,1,0.32650139927864075,0.18699584901332855,0.32650139927864075,-0.1395055502653122,3.712375
base,2,p335_353_mic2,p335,data\VCTK\wav48_silence_trimmed\p335\p335_353_mic2.flac,p257,0,1,0.38355737924575806,0.2872619032859802,0.38355737924575806,-0.09629547595977783,3.712375
base,3,p335_353_mic2,p335,data\VCTK\wav48_silence_trimmed\p335\p335_353_mic2.flac,p257,0,1,0.45052170753479004,0.28088563680648804,0.45052170753479004,-0.169636070728302,3.712375
lca,1,p335_353_mic2,p335,data\VCTK\wav48_silence_trimmed\p335\p335_353_mic2.flac,p264,0,1,0.323245108127594,0.17508108913898468,0.323245108127594,-0.14816401898860931,3.712375
lca,2,p335_353_mic2,p335,data\VCTK\wav48_silence_trimmed\p335\p335_353_mic2.flac,p230,0,1,0.4003846049308777,0.17388030886650085,0.4003846049308777,-0.22650429606437683,3.712375
lca,3,p335_353_mic2,p335,data\VCTK\wav48_silence_trimmed\p335\p335_353_mic2.flac,p230,0,1,0.4087550938129425,0.19742144644260406,0.4087550938129425,-0.21133364737033844,3.712375
original,0,p335_373_mic1,p335,data\VCTK\wav48_silence_trimmed\p335\p335_373_mic1.flac,p335,1,1,0.6481391191482544,0.6481391191482544,0.30255791544914246,0.34558120369911194,3.3603125
base,1,p335_373_mic1,p335,data\VCTK\wav48_silence_trimmed\p335\p335_373_mic1.flac,p257,0,1,0.41403138637542725,0.17686036229133606,0.41403138637542725,-0.2371710240840912,3.3603125
base,2,p335_373_mic1,p335,data\VCTK\wav48_silence_trimmed\p335\p335_373_mic1.flac,p280,0,1,0.4148087203502655,0.2837767004966736,0.4148087203502655,-0.13103201985359192,3.3603125
base,3,p335_373_mic1,p335,data\VCTK\wav48_silence_trimmed\p335\p335_373_mic1.flac,p283,0,1,0.4105933904647827,0.3841935396194458,0.4105933904647827,-0.026399850845336914,3.3603125
lca,1,p335_373_mic1,p335,data\VCTK\wav48_silence_trimmed\p335\p335_373_mic1.flac,p262,0,1,0.41275423765182495,0.12274305522441864,0.41275423765182495,-0.2900111824274063,3.3603125
lca,2,p335_373_mic1,p335,data\VCTK\wav48_silence_trimmed\p335\p335_373_mic1.flac,p264,0,1,0.3811955749988556,0.19624944031238556,0.3811955749988556,-0.18494613468647003,3.3603125
lca,3,p335_373_mic1,p335,data\VCTK\wav48_silence_trimmed\p335\p335_373_mic1.flac,p264,0,1,0.36234575510025024,0.19967681169509888,0.36234575510025024,-0.16266894340515137,3.3603125
original,0,p336_045_mic1,p336,data\VCTK\wav48_silence_trimmed\p336\p336_045_mic1.flac,p336,1,1,0.6716324090957642,0.6716324090957642,0.3107043206691742,0.36092808842658997,3.1575625
base,1,p336_045_mic1,p336,data\VCTK\wav48_silence_trimmed\p336\p336_045_mic1.flac,p330,0,1,0.38199567794799805,0.2710181772708893,0.38199567794799805,-0.11097750067710876,3.1575625
base,2,p336_045_mic1,p336,data\VCTK\wav48_silence_trimmed\p336\p336_045_mic1.flac,p336,1,1,0.4353232979774475,0.4353232979774475,0.37351709604263306,0.06180620193481445,3.1575625
base,3,p336_045_mic1,p336,data\VCTK\wav48_silence_trimmed\p336\p336_045_mic1.flac,p231,0,1,0.4173446297645569,0.40148988366127014,0.4173446297645569,-0.015854746103286743,3.1575625
lca,1,p336_045_mic1,p336,data\VCTK\wav48_silence_trimmed\p336\p336_045_mic1.flac,p280,0,1,0.3518857955932617,0.22067739069461823,0.3518857955932617,-0.1312084048986435,3.1575625
lca,2,p336_045_mic1,p336,data\VCTK\wav48_silence_trimmed\p336\p336_045_mic1.flac,p308,0,1,0.3533693253993988,0.3171895146369934,0.3533693253993988,-0.036179810762405396,3.1575625
lca,3,p336_045_mic1,p336,data\VCTK\wav48_silence_trimmed\p336\p336_045_mic1.flac,p308,0,1,0.38995084166526794,0.3598654568195343,0.38995084166526794,-0.030085384845733643,3.1575625
original,0,p336_129_mic2,p336,data\VCTK\wav48_silence_trimmed\p336\p336_129_mic2.flac,p336,1,1,0.7398518323898315,0.7398518323898315,0.413851261138916,0.3260005712509155,2.521375
base,1,p336_129_mic2,p336,data\VCTK\wav48_silence_trimmed\p336\p336_129_mic2.flac,p230,0,1,0.3976292610168457,0.2823486328125,0.3976292610168457,-0.1152806282043457,2.521375
base,2,p336_129_mic2,p336,data\VCTK\wav48_silence_trimmed\p336\p336_129_mic2.flac,p336,1,1,0.4166617691516876,0.4166617691516876,0.40014001727104187,0.016521751880645752,2.521375
base,3,p336_129_mic2,p336,data\VCTK\wav48_silence_trimmed\p336\p336_129_mic2.flac,p317,0,1,0.4241413474082947,0.3922092616558075,0.4241413474082947,-0.03193208575248718,2.521375
lca,1,p336_129_mic2,p336,data\VCTK\wav48_silence_trimmed\p336\p336_129_mic2.flac,p262,0,1,0.39685744047164917,0.24348995089530945,0.39685744047164917,-0.15336748957633972,2.521375
lca,2,p336_129_mic2,p336,data\VCTK\wav48_silence_trimmed\p336\p336_129_mic2.flac,p340,0,1,0.4221718907356262,0.3020658791065216,0.4221718907356262,-0.12010601162910461,2.521375
lca,3,p336_129_mic2,p336,data\VCTK\wav48_silence_trimmed\p336\p336_129_mic2.flac,p340,0,1,0.4778330326080322,0.35614633560180664,0.4778330326080322,-0.12168669700622559,2.521375
original,0,p336_268_mic2,p336,data\VCTK\wav48_silence_trimmed\p336\p336_268_mic2.flac,p336,1,1,0.6392227411270142,0.6392227411270142,0.392029345035553,0.24719339609146118,2.3476875
base,1,p336_268_mic2,p336,data\VCTK\wav48_silence_trimmed\p336\p336_268_mic2.flac,p238,0,1,0.31371498107910156,0.23122259974479675,0.31371498107910156,-0.08249238133430481,2.3476875
base,2,p336_268_mic2,p336,data\VCTK\wav48_silence_trimmed\p336\p336_268_mic2.flac,p231,0,1,0.5043485164642334,0.27811411023139954,0.5043485164642334,-0.22623440623283386,2.3476875
base,3,p336_268_mic2,p336,data\VCTK\wav48_silence_trimmed\p336\p336_268_mic2.flac,p231,0,1,0.4954599440097809,0.2835400104522705,0.4954599440097809,-0.21191993355751038,2.3476875
lca,1,p336_268_mic2,p336,data\VCTK\wav48_silence_trimmed\p336\p336_268_mic2.flac,p261,0,1,0.36849576234817505,0.19307756423950195,0.36849576234817505,-0.1754181981086731,2.3476875
lca,2,p336_268_mic2,p336,data\VCTK\wav48_silence_trimmed\p336\p336_268_mic2.flac,p250,0,1,0.37825870513916016,0.28645050525665283,0.37825870513916016,-0.09180819988250732,2.3476875
lca,3,p336_268_mic2,p336,data\VCTK\wav48_silence_trimmed\p336\p336_268_mic2.flac,p340,0,1,0.427198201417923,0.28791096806526184,0.427198201417923,-0.13928723335266113,2.3476875
original,0,p336_283_mic1,p336,data\VCTK\wav48_silence_trimmed\p336\p336_283_mic1.flac,p336,1,1,0.7670629024505615,0.7670629024505615,0.4328339993953705,0.33422890305519104,3.2471875
base,1,p336_283_mic1,p336,data\VCTK\wav48_silence_trimmed\p336\p336_283_mic1.flac,p330,0,1,0.38042569160461426,0.3361712694168091,0.38042569160461426,-0.044254422187805176,3.2471875
base,2,p336_283_mic1,p336,data\VCTK\wav48_silence_trimmed\p336\p336_283_mic1.flac,p336,1,1,0.48103466629981995,0.48103466629981995,0.36297231912612915,0.1180623471736908,3.2471875
base,3,p336_283_mic1,p336,data\VCTK\wav48_silence_trimmed\p336\p336_283_mic1.flac,p336,1,1,0.513789176940918,0.513789176940918,0.3802061676979065,0.13358300924301147,3.2471875
lca,1,p336_283_mic1,p336,data\VCTK\wav48_silence_trimmed\p336\p336_283_mic1.flac,p361,0,1,0.35461366176605225,0.25779011845588684,0.35461366176605225,-0.0968235433101654,3.2471875
lca,2,p336_283_mic1,p336,data\VCTK\wav48_silence_trimmed\p336\p336_283_mic1.flac,p340,0,1,0.39719346165657043,0.31424522399902344,0.39719346165657043,-0.082948237657547,3.2471875
lca,3,p336_283_mic1,p336,data\VCTK\wav48_silence_trimmed\p336\p336_283_mic1.flac,p317,0,1,0.4135620594024658,0.3713659644126892,0.4135620594024658,-0.04219609498977661,3.2471875
original,0,p336_377_mic1,p336,data\VCTK\wav48_silence_trimmed\p336\p336_377_mic1.flac,p336,1,1,0.5814111232757568,0.5814111232757568,0.42244622111320496,0.15896490216255188,2.4331875
base,1,p336_377_mic1,p336,data\VCTK\wav48_silence_trimmed\p336\p336_377_mic1.flac,p295,0,1,0.3816664218902588,0.1681434065103531,0.3816664218902588,-0.2135230153799057,2.4331875
base,2,p336_377_mic1,p336,data\VCTK\wav48_silence_trimmed\p336\p336_377_mic1.flac,p280,0,1,0.3521123230457306,0.27853184938430786,0.3521123230457306,-0.07358047366142273,2.4331875
base,3,p336_377_mic1,p336,data\VCTK\wav48_silence_trimmed\p336\p336_377_mic1.flac,p336,1,1,0.3510493338108063,0.3510493338108063,0.3313634991645813,0.019685834646224976,2.4331875
lca,1,p336_377_mic1,p336,data\VCTK\wav48_silence_trimmed\p336\p336_377_mic1.flac,p280,0,1,0.43125542998313904,0.1718893051147461,0.43125542998313904,-0.25936612486839294,2.4331875
lca,2,p336_377_mic1,p336,data\VCTK\wav48_silence_trimmed\p336\p336_377_mic1.flac,p280,0,1,0.424216091632843,0.26365840435028076,0.424216091632843,-0.16055768728256226,2.4331875
lca,3,p336_377_mic1,p336,data\VCTK\wav48_silence_trimmed\p336\p336_377_mic1.flac,p280,0,1,0.42326635122299194,0.3120962381362915,0.42326635122299194,-0.11117011308670044,2.4331875
original,0,p339_111_mic2,p339,data\VCTK\wav48_silence_trimmed\p339\p339_111_mic2.flac,p339,1,1,0.5425527095794678,0.5425527095794678,0.4709857106208801,0.07156699895858765,2.59875
base,1,p339_111_mic2,p339,data\VCTK\wav48_silence_trimmed\p339\p339_111_mic2.flac,p301,0,1,0.36314791440963745,0.23982954025268555,0.36314791440963745,-0.1233183741569519,2.59875
base,2,p339_111_mic2,p339,data\VCTK\wav48_silence_trimmed\p339\p339_111_mic2.flac,p295,0,1,0.41348645091056824,0.2685922384262085,0.41348645091056824,-0.14489421248435974,2.59875
base,3,p339_111_mic2,p339,data\VCTK\wav48_silence_trimmed\p339\p339_111_mic2.flac,p318,0,1,0.4045252203941345,0.27461564540863037,0.4045252203941345,-0.12990957498550415,2.59875
lca,1,p339_111_mic2,p339,data\VCTK\wav48_silence_trimmed\p339\p339_111_mic2.flac,p262,0,1,0.33588531613349915,0.17703008651733398,0.33588531613349915,-0.15885522961616516,2.59875
lca,2,p339_111_mic2,p339,data\VCTK\wav48_silence_trimmed\p339\p339_111_mic2.flac,p262,0,1,0.4178263545036316,0.26210343837738037,0.4178263545036316,-0.15572291612625122,2.59875
lca,3,p339_111_mic2,p339,data\VCTK\wav48_silence_trimmed\p339\p339_111_mic2.flac,p262,0,1,0.3948695957660675,0.2722201645374298,0.3948695957660675,-0.1226494312286377,2.59875
original,0,p339_156_mic2,p339,data\VCTK\wav48_silence_trimmed\p339\p339_156_mic2.flac,p339,1,1,0.6821403503417969,0.6821403503417969,0.43162351846694946,0.2505168318748474,2.793
base,1,p339_156_mic2,p339,data\VCTK\wav48_silence_trimmed\p339\p339_156_mic2.flac,p257,0,1,0.3295450508594513,0.22692808508872986,0.3295450508594513,-0.10261696577072144,2.793
base,2,p339_156_mic2,p339,data\VCTK\wav48_silence_trimmed\p339\p339_156_mic2.flac,p339,1,1,0.38422176241874695,0.38422176241874695,0.3463186025619507,0.037903159856796265,2.793
base,3,p339_156_mic2,p339,data\VCTK\wav48_silence_trimmed\p339\p339_156_mic2.flac,p339,1,1,0.3830757737159729,0.3830757737159729,0.3597456216812134,0.02333015203475952,2.793
lca,1,p339_156_mic2,p339,data\VCTK\wav48_silence_trimmed\p339\p339_156_mic2.flac,p280,0,1,0.3769267201423645,0.281655490398407,0.3769267201423645,-0.09527122974395752,2.793
lca,2,p339_156_mic2,p339,data\VCTK\wav48_silence_trimmed\p339\p339_156_mic2.flac,p340,0,1,0.3936077952384949,0.3594568371772766,0.3936077952384949,-0.03415095806121826,2.793
lca,3,p339_156_mic2,p339,data\VCTK\wav48_silence_trimmed\p339\p339_156_mic2.flac,p300,0,1,0.41448867321014404,0.3977695107460022,0.41448867321014404,-0.016719162464141846,2.793
original,0,p339_361_mic1,p339,data\VCTK\wav48_silence_trimmed\p339\p339_361_mic1.flac,p339,1,1,0.519889235496521,0.519889235496521,0.35619622468948364,0.16369301080703735,2.0106875
base,1,p339_361_mic1,p339,data\VCTK\wav48_silence_trimmed\p339\p339_361_mic1.flac,p293,0,1,0.35851699113845825,0.30637747049331665,0.35851699113845825,-0.0521395206451416,2.0106875
base,2,p339_361_mic1,p339,data\VCTK\wav48_silence_trimmed\p339\p339_361_mic1.flac,p238,0,1,0.3631315231323242,0.23569762706756592,0.3631315231323242,-0.1274338960647583,2.0106875
base,3,p339_361_mic1,p339,data\VCTK\wav48_silence_trimmed\p339\p339_361_mic1.flac,p238,0,1,0.37575554847717285,0.30804598331451416,0.37575554847717285,-0.06770956516265869,2.0106875
lca,1,p339_361_mic1,p339,data\VCTK\wav48_silence_trimmed\p339\p339_361_mic1.flac,p238,0,1,0.3375365734100342,0.29809534549713135,0.3375365734100342,-0.03944122791290283,2.0106875
lca,2,p339_361_mic1,p339,data\VCTK\wav48_silence_trimmed\p339\p339_361_mic1.flac,p280,0,1,0.3755292594432831,0.3134365379810333,0.3755292594432831,-0.062092721462249756,2.0106875
lca,3,p339_361_mic1,p339,data\VCTK\wav48_silence_trimmed\p339\p339_361_mic1.flac,p280,0,1,0.42544272541999817,0.3397756814956665,0.42544272541999817,-0.08566704392433167,2.0106875
original,0,p339_374_mic1,p339,data\VCTK\wav48_silence_trimmed\p339\p339_374_mic1.flac,p339,1,1,0.5769882798194885,0.5769882798194885,0.5496612787246704,0.027327001094818115,2.5255
base,1,p339_374_mic1,p339,data\VCTK\wav48_silence_trimmed\p339\p339_374_mic1.flac,p257,0,1,0.4256393015384674,0.2539801001548767,0.4256393015384674,-0.1716592013835907,2.5255
base,2,p339_374_mic1,p339,data\VCTK\wav48_silence_trimmed\p339\p339_374_mic1.flac,p257,0,1,0.3743935227394104,0.3651629686355591,0.3743935227394104,-0.009230554103851318,2.5255
base,3,p339_374_mic1,p339,data\VCTK\wav48_silence_trimmed\p339\p339_374_mic1.flac,p339,1,1,0.44497644901275635,0.44497644901275635,0.41806381940841675,0.0269126296043396,2.5255
lca,1,p339_374_mic1,p339,data\VCTK\wav48_silence_trimmed\p339\p339_374_mic1.flac,p280,0,1,0.41908925771713257,0.2990858554840088,0.41908925771713257,-0.12000340223312378,2.5255
lca,2,p339_374_mic1,p339,data\VCTK\wav48_silence_trimmed\p339\p339_374_mic1.flac,p280,0,1,0.4679619073867798,0.35290250182151794,0.4679619073867798,-0.11505940556526184,2.5255
lca,3,p339_374_mic1,p339,data\VCTK\wav48_silence_trimmed\p339\p339_374_mic1.flac,p280,0,1,0.4692208170890808,0.3802594542503357,0.4692208170890808,-0.08896136283874512,2.5255
original,0,p339_386_mic2,p339,data\VCTK\wav48_silence_trimmed\p339\p339_386_mic2.flac,p339,1,1,0.5887532234191895,0.5887532234191895,0.3922654986381531,0.19648772478103638,2.85675
base,1,p339_386_mic2,p339,data\VCTK\wav48_silence_trimmed\p339\p339_386_mic2.flac,p261,0,1,0.35611772537231445,0.215559720993042,0.35611772537231445,-0.14055800437927246,2.85675
base,2,p339_386_mic2,p339,data\VCTK\wav48_silence_trimmed\p339\p339_386_mic2.flac,p261,0,1,0.3871404230594635,0.26256635785102844,0.3871404230594635,-0.12457406520843506,2.85675
base,3,p339_386_mic2,p339,data\VCTK\wav48_silence_trimmed\p339\p339_386_mic2.flac,p330,0,1,0.3667593002319336,0.317463755607605,0.3667593002319336,-0.04929554462432861,2.85675
lca,1,p339_386_mic2,p339,data\VCTK\wav48_silence_trimmed\p339\p339_386_mic2.flac,p261,0,1,0.3681533634662628,0.273416131734848,0.3681533634662628,-0.0947372317314148,2.85675
lca,2,p339_386_mic2,p339,data\VCTK\wav48_silence_trimmed\p339\p339_386_mic2.flac,p261,0,1,0.3821333050727844,0.3560931384563446,0.3821333050727844,-0.02604016661643982,2.85675
lca,3,p339_386_mic2,p339,data\VCTK\wav48_silence_trimmed\p339\p339_386_mic2.flac,p261,0,1,0.34345147013664246,0.3429352641105652,0.34345147013664246,-0.0005162060260772705,2.85675
original,0,p340_196_mic2,p340,data\VCTK\wav48_silence_trimmed\p340\p340_196_mic2.flac,p340,1,1,0.7867754697799683,0.7867754697799683,0.4688233733177185,0.31795209646224976,1.8361875
base,1,p340_196_mic2,p340,data\VCTK\wav48_silence_trimmed\p340\p340_196_mic2.flac,p257,0,1,0.35960066318511963,0.15194760262966156,0.35960066318511963,-0.20765306055545807,1.8361875
base,2,p340_196_mic2,p340,data\VCTK\wav48_silence_trimmed\p340\p340_196_mic2.flac,p277,0,1,0.44713157415390015,0.3290729522705078,0.44713157415390015,-0.11805862188339233,1.8361875
base,3,p340_196_mic2,p340,data\VCTK\wav48_silence_trimmed\p340\p340_196_mic2.flac,p277,0,1,0.4471477270126343,0.40866637229919434,0.4471477270126343,-0.03848135471343994,1.8361875
lca,1,p340_196_mic2,p340,data\VCTK\wav48_silence_trimmed\p340\p340_196_mic2.flac,p293,0,1,0.36767226457595825,0.3428320288658142,0.36767226457595825,-0.024840235710144043,1.8361875
lca,2,p340_196_mic2,p340,data\VCTK\wav48_silence_trimmed\p340\p340_196_mic2.flac,p340,1,1,0.4537333846092224,0.4537333846092224,0.36608463525772095,0.08764874935150146,1.8361875
lca,3,p340_196_mic2,p340,data\VCTK\wav48_silence_trimmed\p340\p340_196_mic2.flac,p340,1,1,0.5216158032417297,0.5216158032417297,0.37316277623176575,0.148453027009964,1.8361875
original,0,p340_252_mic2,p340,data\VCTK\wav48_silence_trimmed\p340\p340_252_mic2.flac,p340,1,1,0.6697059273719788,0.6697059273719788,0.5117033123970032,0.15800261497497559,2.4373125
base,1,p340_252_mic2,p340,data\VCTK\wav48_silence_trimmed\p340\p340_252_mic2.flac,p257,0,1,0.38854891061782837,0.1709413230419159,0.38854891061782837,-0.21760758757591248,2.4373125
base,2,p340_252_mic2,p340,data\VCTK\wav48_silence_trimmed\p340\p340_252_mic2.flac,p262,0,1,0.4126061797142029,0.37537217140197754,0.4126061797142029,-0.03723400831222534,2.4373125
base,3,p340_252_mic2,p340,data\VCTK\wav48_silence_trimmed\p340\p340_252_mic2.flac,p340,1,1,0.4310282766819,0.4310282766819,0.4266048073768616,0.004423469305038452,2.4373125
lca,1,p340_252_mic2,p340,data\VCTK\wav48_silence_trimmed\p340\p340_252_mic2.flac,p261,0,1,0.3826443552970886,0.2693919837474823,0.3826443552970886,-0.11325237154960632,2.4373125
lca,2,p340_252_mic2,p340,data\VCTK\wav48_silence_trimmed\p340\p340_252_mic2.flac,p280,0,1,0.4201088845729828,0.3780374526977539,0.4201088845729828,-0.04207143187522888,2.4373125
lca,3,p340_252_mic2,p340,data\VCTK\wav48_silence_trimmed\p340\p340_252_mic2.flac,p267,0,1,0.4318905472755432,0.40816450119018555,0.4318905472755432,-0.023726046085357666,2.4373125
original,0,p340_281_mic2,p340,data\VCTK\wav48_silence_trimmed\p340\p340_281_mic2.flac,p340,1,1,0.7256799936294556,0.7256799936294556,0.4267650842666626,0.29891490936279297,1.8385625
base,1,p340_281_mic2,p340,data\VCTK\wav48_silence_trimmed\p340\p340_281_mic2.flac,p262,0,1,0.3776630163192749,0.28559601306915283,0.3776630163192749,-0.09206700325012207,1.8385625
base,2,p340_281_mic2,p340,data\VCTK\wav48_silence_trimmed\p340\p340_281_mic2.flac,p361,0,1,0.385958194732666,0.37070921063423157,0.385958194732666,-0.015248984098434448,1.8385625
base,3,p340_281_mic2,p340,data\VCTK\wav48_silence_trimmed\p340\p340_281_mic2.flac,p340,1,1,0.48752331733703613,0.48752331733703613,0.35713616013526917,0.13038715720176697,1.8385625
lca,1,p340_281_mic2,p340,data\VCTK\wav48_silence_trimmed\p340\p340_281_mic2.flac,p340,1,1,0.37977463006973267,0.37977463006973267,0.37603023648262024,0.0037443935871124268,1.8385625
lca,2,p340_281_mic2,p340,data\VCTK\wav48_silence_trimmed\p340\p340_281_mic2.flac,p340,1,1,0.43588143587112427,0.43588143587112427,0.40269795060157776,0.03318348526954651,1.8385625
lca,3,p340_281_mic2,p340,data\VCTK\wav48_silence_trimmed\p340\p340_281_mic2.flac,p340,1,1,0.5557276010513306,0.5557276010513306,0.4087497293949127,0.14697787165641785,1.8385625
original,0,p340_360_mic2,p340,data\VCTK\wav48_silence_trimmed\p340\p340_360_mic2.flac,p340,1,1,0.5920987725257874,0.5920987725257874,0.40114834904670715,0.1909504234790802,2.3911875
base,1,p340_360_mic2,p340,data\VCTK\wav48_silence_trimmed\p340\p340_360_mic2.flac,p301,0,1,0.2800006866455078,0.1413872241973877,0.2800006866455078,-0.13861346244812012,2.3911875
base,2,p340_360_mic2,p340,data\VCTK\wav48_silence_trimmed\p340\p340_360_mic2.flac,p340,1,1,0.3884463906288147,0.3884463906288147,0.3161308169364929,0.07231557369232178,2.3911875
base,3,p340_360_mic2,p340,data\VCTK\wav48_silence_trimmed\p340\p340_360_mic2.flac,p262,0,1,0.3472118377685547,0.34174180030822754,0.3472118377685547,-0.0054700374603271484,2.3911875
lca,1,p340_360_mic2,p340,data\VCTK\wav48_silence_trimmed\p340\p340_360_mic2.flac,p262,0,1,0.32689186930656433,0.3037179112434387,0.32689186930656433,-0.02317395806312561,2.3911875
lca,2,p340_360_mic2,p340,data\VCTK\wav48_silence_trimmed\p340\p340_360_mic2.flac,p339,0,1,0.45797133445739746,0.4447609484195709,0.45797133445739746,-0.013210386037826538,2.3911875
lca,3,p340_360_mic2,p340,data\VCTK\wav48_silence_trimmed\p340\p340_360_mic2.flac,p340,1,1,0.5004909038543701,0.5004909038543701,0.42973530292510986,0.07075560092926025,2.3911875
original,0,p340_403_mic1,p340,data\VCTK\wav48_silence_trimmed\p340\p340_403_mic1.flac,p340,1,1,0.7300871014595032,0.7300871014595032,0.5322450399398804,0.1978420615196228,2.052
base,1,p340_403_mic1,p340,data\VCTK\wav48_silence_trimmed\p340\p340_403_mic1.flac,p257,0,1,0.4045550227165222,0.1918799728155136,0.4045550227165222,-0.2126750499010086,2.052
base,2,p340_403_mic1,p340,data\VCTK\wav48_silence_trimmed\p340\p340_403_mic1.flac,p293,0,1,0.4794153571128845,0.4099424183368683,0.4794153571128845,-0.06947293877601624,2.052
base,3,p340_403_mic1,p340,data\VCTK\wav48_silence_trimmed\p340\p340_403_mic1.flac,p262,0,1,0.4744364023208618,0.41334468126296997,0.4744364023208618,-0.061091721057891846,2.052
lca,1,p340_403_mic1,p340,data\VCTK\wav48_silence_trimmed\p340\p340_403_mic1.flac,p261,0,1,0.3048720359802246,0.15483978390693665,0.3048720359802246,-0.15003225207328796,2.052
lca,2,p340_403_mic1,p340,data\VCTK\wav48_silence_trimmed\p340\p340_403_mic1.flac,p340,1,1,0.4666021466255188,0.4666021466255188,0.4624573290348053,0.004144817590713501,2.052
lca,3,p340_403_mic1,p340,data\VCTK\wav48_silence_trimmed\p340\p340_403_mic1.flac,p340,1,1,0.5390771627426147,0.5390771627426147,0.5152610540390015,0.02381610870361328,2.052
original,0,p341_094_mic2,p341,data\VCTK\wav48_silence_trimmed\p341\p341_094_mic2.flac,p341,1,1,0.7299994826316833,0.7299994826316833,0.3689703643321991,0.36102911829948425,2.7043125
base,1,p341_094_mic2,p341,data\VCTK\wav48_silence_trimmed\p341\p341_094_mic2.flac,p301,0,1,0.3862101137638092,0.2296205461025238,0.3862101137638092,-0.1565895676612854,2.7043125
base,2,p341_094_mic2,p341,data\VCTK\wav48_silence_trimmed\p341\p341_094_mic2.flac,p264,0,1,0.2852267026901245,0.269127756357193,0.2852267026901245,-0.01609894633293152,2.7043125
base,3,p341_094_mic2,p341,data\VCTK\wav48_silence_trimmed\p341\p341_094_mic2.flac,p264,0,1,0.31474241614341736,0.2919018268585205,0.31474241614341736,-0.02284058928489685,2.7043125
lca,1,p341_094_mic2,p341,data\VCTK\wav48_silence_trimmed\p341\p341_094_mic2.flac,p262,0,1,0.32164961099624634,0.15108782052993774,0.32164961099624634,-0.1705617904663086,2.7043125
lca,2,p341_094_mic2,p341,data\VCTK\wav48_silence_trimmed\p341\p341_094_mic2.flac,p262,0,1,0.40215814113616943,0.17637887597084045,0.40215814113616943,-0.22577926516532898,2.7043125
lca,3,p341_094_mic2,p341,data\VCTK\wav48_silence_trimmed\p341\p341_094_mic2.flac,p300,0,1,0.3705817461013794,0.19891515374183655,0.3705817461013794,-0.17166659235954285,2.7043125
original,0,p341_100_mic1,p341,data\VCTK\wav48_silence_trimmed\p341\p341_100_mic1.flac,p341,1,1,0.7501556873321533,0.7501556873321533,0.2688564956188202,0.48129919171333313,3.1820625
base,1,p341_100_mic1,p341,data\VCTK\wav48_silence_trimmed\p341\p341_100_mic1.flac,p261,0,1,0.30409982800483704,0.15583691000938416,0.30409982800483704,-0.14826291799545288,3.1820625
base,2,p341_100_mic1,p341,data\VCTK\wav48_silence_trimmed\p341\p341_100_mic1.flac,p294,0,1,0.35735610127449036,0.3553508222103119,0.35735610127449036,-0.002005279064178467,3.1820625
base,3,p341_100_mic1,p341,data\VCTK\wav48_silence_trimmed\p341\p341_100_mic1.flac,p341,1,1,0.3866889774799347,0.3866889774799347,0.3703146278858185,0.01637434959411621,3.1820625
lca,1,p341_100_mic1,p341,data\VCTK\wav48_silence_trimmed\p341\p341_100_mic1.flac,p262,0,1,0.3954308032989502,0.10877592861652374,0.3954308032989502,-0.28665487468242645,3.1820625
lca,2,p341_100_mic1,p341,data\VCTK\wav48_silence_trimmed\p341\p341_100_mic1.flac,p262,0,1,0.3915025293827057,0.30406761169433594,0.3915025293827057,-0.08743491768836975,3.1820625
lca,3,p341_100_mic1,p341,data\VCTK\wav48_silence_trimmed\p341\p341_100_mic1.flac,p341,1,1,0.436416894197464,0.436416894197464,0.41865962743759155,0.017757266759872437,3.1820625
original,0,p341_260_mic2,p341,data\VCTK\wav48_silence_trimmed\p341\p341_260_mic2.flac,p341,1,1,0.6141220331192017,0.6141220331192017,0.29882240295410156,0.3152996301651001,2.996125
base,1,p341_260_mic2,p341,data\VCTK\wav48_silence_trimmed\p341\p341_260_mic2.flac,p343,0,1,0.32659053802490234,0.20893162488937378,0.32659053802490234,-0.11765891313552856,2.996125
base,2,p341_260_mic2,p341,data\VCTK\wav48_silence_trimmed\p341\p341_260_mic2.flac,p231,0,1,0.3684360980987549,0.24836000800132751,0.3684360980987549,-0.12007609009742737,2.996125
base,3,p341_260_mic2,p341,data\VCTK\wav48_silence_trimmed\p341\p341_260_mic2.flac,p231,0,1,0.41678112745285034,0.2863060235977173,0.41678112745285034,-0.13047510385513306,2.996125
lca,1,p341_260_mic2,p341,data\VCTK\wav48_silence_trimmed\p341\p341_260_mic2.flac,p262,0,1,0.33830025792121887,0.090863898396492,0.33830025792121887,-0.24743635952472687,2.996125
lca,2,p341_260_mic2,p341,data\VCTK\wav48_silence_trimmed\p341\p341_260_mic2.flac,p308,0,1,0.41028010845184326,0.198274165391922,0.41028010845184326,-0.21200594305992126,2.996125
lca,3,p341_260_mic2,p341,data\VCTK\wav48_silence_trimmed\p341\p341_260_mic2.flac,p340,0,1,0.41000044345855713,0.250761479139328,0.41000044345855713,-0.15923896431922913,2.996125
original,0,p341_323_mic1,p341,data\VCTK\wav48_silence_trimmed\p341\p341_323_mic1.flac,p341,1,1,0.75786292552948,0.75786292552948,0.34538140892982483,0.41248151659965515,4.0185625
base,1,p341_323_mic1,p341,data\VCTK\wav48_silence_trimmed\p341\p341_323_mic1.flac,p257,0,1,0.3601110279560089,0.2045229822397232,0.3601110279560089,-0.1555880457162857,4.0185625
base,2,p341_323_mic1,p341,data\VCTK\wav48_silence_trimmed\p341\p341_323_mic1.flac,p257,0,1,0.4152049124240875,0.36342373490333557,0.4152049124240875,-0.05178117752075195,4.0185625
base,3,p341_323_mic1,p341,data\VCTK\wav48_silence_trimmed\p341\p341_323_mic1.flac,p341,1,1,0.4310060739517212,0.4310060739517212,0.41306740045547485,0.017938673496246338,4.0185625
lca,1,p341_323_mic1,p341,data\VCTK\wav48_silence_trimmed\p341\p341_323_mic1.flac,p339,0,1,0.3452531397342682,0.1520814299583435,0.3452531397342682,-0.19317170977592468,4.0185625
lca,2,p341_323_mic1,p341,data\VCTK\wav48_silence_trimmed\p341\p341_323_mic1.flac,p340,0,1,0.3677774965763092,0.25780636072158813,0.3677774965763092,-0.10997113585472107,4.0185625
lca,3,p341_323_mic1,p341,data\VCTK\wav48_silence_trimmed\p341\p341_323_mic1.flac,p340,0,1,0.38160383701324463,0.319170743227005,0.38160383701324463,-0.062433093786239624,4.0185625
original,0,p341_395_mic1,p341,data\VCTK\wav48_silence_trimmed\p341\p341_395_mic1.flac,p341,1,1,0.7467155456542969,0.7467155456542969,0.26973554491996765,0.4769800007343292,4.0055
base,1,p341_395_mic1,p341,data\VCTK\wav48_silence_trimmed\p341\p341_395_mic1.flac,p318,0,1,0.3570122718811035,0.22164541482925415,0.3570122718811035,-0.13536685705184937,4.0055
base,2,p341_395_mic1,p341,data\VCTK\wav48_silence_trimmed\p341\p341_395_mic1.flac,p341,1,1,0.36425215005874634,0.36425215005874634,0.3595654368400574,0.004686713218688965,4.0055
base,3,p341_395_mic1,p341,data\VCTK\wav48_silence_trimmed\p341\p341_395_mic1.flac,p280,0,1,0.3942357897758484,0.3941701054573059,0.3942357897758484,-6.568431854248047e-05,4.0055
lca,1,p341_395_mic1,p341,data\VCTK\wav48_silence_trimmed\p341\p341_395_mic1.flac,p261,0,1,0.3173953890800476,0.17092834413051605,0.3173953890800476,-0.14646704494953156,4.0055
lca,2,p341_395_mic1,p341,data\VCTK\wav48_silence_trimmed\p341\p341_395_mic1.flac,p280,0,1,0.4048720598220825,0.2768455147743225,0.4048720598220825,-0.12802654504776,4.0055
lca,3,p341_395_mic1,p341,data\VCTK\wav48_silence_trimmed\p341\p341_395_mic1.flac,p340,0,1,0.43001988530158997,0.2902604937553406,0.43001988530158997,-0.1397593915462494,4.0055
original,0,p343_060_mic2,p343,data\VCTK\wav48_silence_trimmed\p343\p343_060_mic2.flac,p343,1,1,0.7827188968658447,0.7827188968658447,0.3323373794555664,0.4503815174102783,3.7316875
base,1,p343_060_mic2,p343,data\VCTK\wav48_silence_trimmed\p343\p343_060_mic2.flac,p262,0,1,0.41110849380493164,0.4014042019844055,0.41110849380493164,-0.009704291820526123,3.7316875
base,2,p343_060_mic2,p343,data\VCTK\wav48_silence_trimmed\p343\p343_060_mic2.flac,p301,0,1,0.47370535135269165,0.4592916965484619,0.47370535135269165,-0.014413654804229736,3.7316875
base,3,p343_060_mic2,p343,data\VCTK\wav48_silence_trimmed\p343\p343_060_mic2.flac,p301,0,1,0.49667179584503174,0.49027562141418457,0.49667179584503174,-0.006396174430847168,3.7316875
lca,1,p343_060_mic2,p343,data\VCTK\wav48_silence_trimmed\p343\p343_060_mic2.flac,p343,1,1,0.39947348833084106,0.39947348833084106,0.33850160241127014,0.06097188591957092,3.7316875
lca,2,p343_060_mic2,p343,data\VCTK\wav48_silence_trimmed\p343\p343_060_mic2.flac,p343,1,1,0.463442862033844,0.463442862033844,0.33884570002555847,0.12459716200828552,3.7316875
lca,3,p343_060_mic2,p343,data\VCTK\wav48_silence_trimmed\p343\p343_060_mic2.flac,p343,1,1,0.47300681471824646,0.47300681471824646,0.391781747341156,0.08122506737709045,3.7316875
original,0,p343_186_mic1,p343,data\VCTK\wav48_silence_trimmed\p343\p343_186_mic1.flac,p343,1,1,0.7636542916297913,0.7636542916297913,0.36180078983306885,0.4018535017967224,3.486375
base,1,p343_186_mic1,p343,data\VCTK\wav48_silence_trimmed\p343\p343_186_mic1.flac,p343,1,1,0.34811583161354065,0.34811583161354065,0.3218252658843994,0.026290565729141235,3.486375
base,2,p343_186_mic1,p343,data\VCTK\wav48_silence_trimmed\p343\p343_186_mic1.flac,p343,1,1,0.46409696340560913,0.46409696340560913,0.405237078666687,0.05885988473892212,3.486375
base,3,p343_186_mic1,p343,data\VCTK\wav48_silence_trimmed\p343\p343_186_mic1.flac,p343,1,1,0.5282407999038696,0.5282407999038696,0.45817533135414124,0.0700654685497284,3.486375
lca,1,p343_186_mic1,p343,data\VCTK\wav48_silence_trimmed\p343\p343_186_mic1.flac,p262,0,1,0.442632794380188,0.2901620864868164,0.442632794380188,-0.15247070789337158,3.486375
lca,2,p343_186_mic1,p343,data\VCTK\wav48_silence_trimmed\p343\p343_186_mic1.flac,p262,0,1,0.38634705543518066,0.3402584195137024,0.38634705543518066,-0.04608863592147827,3.486375
lca,3,p343_186_mic1,p343,data\VCTK\wav48_silence_trimmed\p343\p343_186_mic1.flac,p308,0,1,0.39606383442878723,0.35013657808303833,0.39606383442878723,-0.0459272563457489,3.486375
original,0,p343_320_mic1,p343,data\VCTK\wav48_silence_trimmed\p343\p343_320_mic1.flac,p343,1,1,0.8071227073669434,0.8071227073669434,0.31735482811927795,0.4897678792476654,3.6278125
base,1,p343_320_mic1,p343,data\VCTK\wav48_silence_trimmed\p343\p343_320_mic1.flac,p262,0,1,0.3831959366798401,0.3606846034526825,0.3831959366798401,-0.022511333227157593,3.6278125
base,2,p343_320_mic1,p343,data\VCTK\wav48_silence_trimmed\p343\p343_320_mic1.flac,p343,1,1,0.5050048232078552,0.5050048232078552,0.3901369869709015,0.11486783623695374,3.6278125
base,3,p343_320_mic1,p343,data\VCTK\wav48_silence_trimmed\p343\p343_320_mic1.flac,p343,1,1,0.5993942618370056,0.5993942618370056,0.3875654935836792,0.21182876825332642,3.6278125
lca,1,p343_320_mic1,p343,data\VCTK\wav48_silence_trimmed\p343\p343_320_mic1.flac,p343,1,1,0.3055051267147064,0.3055051267147064,0.2999081015586853,0.005597025156021118,3.6278125
lca,2,p343_320_mic1,p343,data\VCTK\wav48_silence_trimmed\p343\p343_320_mic1.flac,p343,1,1,0.41526150703430176,0.41526150703430176,0.3765355050563812,0.03872600197792053,3.6278125
lca,3,p343_320_mic1,p343,data\VCTK\wav48_silence_trimmed\p343\p343_320_mic1.flac,p343,1,1,0.526036262512207,0.526036262512207,0.37704548239707947,0.14899078011512756,3.6278125
original,0,p343_365_mic2,p343,data\VCTK\wav48_silence_trimmed\p343\p343_365_mic2.flac,p343,1,1,0.8103703260421753,0.8103703260421753,0.4094000458717346,0.4009702801704407,3.704375
base,1,p343_365_mic2,p343,data\VCTK\wav48_silence_trimmed\p343\p343_365_mic2.flac,p301,0,1,0.45772823691368103,0.39882445335388184,0.45772823691368103,-0.058903783559799194,3.704375
base,2,p343_365_mic2,p343,data\VCTK\wav48_silence_trimmed\p343\p343_365_mic2.flac,p343,1,1,0.5387390851974487,0.5387390851974487,0.4300469756126404,0.10869210958480835,3.704375
base,3,p343_365_mic2,p343,data\VCTK\wav48_silence_trimmed\p343\p343_365_mic2.flac,p343,1,1,0.5890648365020752,0.5890648365020752,0.44970861077308655,0.13935622572898865,3.704375
lca,1,p343_365_mic2,p343,data\VCTK\wav48_silence_trimmed\p343\p343_365_mic2.flac,p262,0,1,0.4007003605365753,0.3035937249660492,0.4007003605365753,-0.09710663557052612,3.704375
lca,2,p343_365_mic2,p343,data\VCTK\wav48_silence_trimmed\p343\p343_365_mic2.flac,p343,1,1,0.4648740887641907,0.4648740887641907,0.40908265113830566,0.05579143762588501,3.704375
lca,3,p343_365_mic2,p343,data\VCTK\wav48_silence_trimmed\p343\p343_365_mic2.flac,p343,1,1,0.5189903974533081,0.5189903974533081,0.40885570645332336,0.11013469099998474,3.704375
original,0,p343_379_mic1,p343,data\VCTK\wav48_silence_trimmed\p343\p343_379_mic1.flac,p343,1,1,0.7183774709701538,0.7183774709701538,0.34407129883766174,0.37430617213249207,2.69175
base,1,p343_379_mic1,p343,data\VCTK\wav48_silence_trimmed\p343\p343_379_mic1.flac,p271,0,1,0.29738906025886536,0.22272129356861115,0.29738906025886536,-0.07466776669025421,2.69175
base,2,p343_379_mic1,p343,data\VCTK\wav48_silence_trimmed\p343\p343_379_mic1.flac,p343,1,1,0.37756165862083435,0.37756165862083435,0.2952074706554413,0.08235418796539307,2.69175
base,3,p343_379_mic1,p343,data\VCTK\wav48_silence_trimmed\p343\p343_379_mic1.flac,p343,1,1,0.4785947799682617,0.4785947799682617,0.3515769839286804,0.1270177960395813,2.69175
lca,1,p343_379_mic1,p343,data\VCTK\wav48_silence_trimmed\p343\p343_379_mic1.flac,p259,0,1,0.3360305428504944,0.2919042408466339,0.3360305428504944,-0.044126302003860474,2.69175
lca,2,p343_379_mic1,p343,data\VCTK\wav48_silence_trimmed\p343\p343_379_mic1.flac,p262,0,1,0.35871684551239014,0.3533203899860382,0.35871684551239014,-0.005396455526351929,2.69175
lca,3,p343_379_mic1,p343,data\VCTK\wav48_silence_trimmed\p343\p343_379_mic1.flac,p343,1,1,0.43854624032974243,0.43854624032974243,0.3540797233581543,0.08446651697158813,2.69175
original,0,p345_052_mic2,p345,data\VCTK\wav48_silence_trimmed\p345\p345_052_mic2.flac,p345,1,1,0.7011147737503052,0.7011147737503052,0.2807431221008301,0.4203716516494751,2.3508125
base,1,p345_052_mic2,p345,data\VCTK\wav48_silence_trimmed\p345\p345_052_mic2.flac,p360,0,1,0.38512688875198364,0.3072645366191864,0.38512688875198364,-0.07786235213279724,2.3508125
base,2,p345_052_mic2,p345,data\VCTK\wav48_silence_trimmed\p345\p345_052_mic2.flac,p345,1,1,0.3417443335056305,0.3417443335056305,0.31585070490837097,0.02589362859725952,2.3508125
base,3,p345_052_mic2,p345,data\VCTK\wav48_silence_trimmed\p345\p345_052_mic2.flac,p345,1,1,0.3929215669631958,0.3929215669631958,0.3235878348350525,0.06933373212814331,2.3508125
lca,1,p345_052_mic2,p345,data\VCTK\wav48_silence_trimmed\p345\p345_052_mic2.flac,p360,0,1,0.29492101073265076,0.14875395596027374,0.29492101073265076,-0.14616705477237701,2.3508125
lca,2,p345_052_mic2,p345,data\VCTK\wav48_silence_trimmed\p345\p345_052_mic2.flac,p284,0,1,0.30817270278930664,0.21058672666549683,0.30817270278930664,-0.09758597612380981,2.3508125
lca,3,p345_052_mic2,p345,data\VCTK\wav48_silence_trimmed\p345\p345_052_mic2.flac,p284,0,1,0.3700237274169922,0.2858579754829407,0.3700237274169922,-0.08416575193405151,2.3508125
original,0,p345_089_mic1,p345,data\VCTK\wav48_silence_trimmed\p345\p345_089_mic1.flac,p345,1,1,0.722467303276062,0.722467303276062,0.32352414727211,0.398943156003952,2.6100625
base,1,p345_089_mic1,p345,data\VCTK\wav48_silence_trimmed\p345\p345_089_mic1.flac,p316,0,1,0.3424738943576813,0.2339058518409729,0.3424738943576813,-0.10856804251670837,2.6100625
base,2,p345_089_mic1,p345,data\VCTK\wav48_silence_trimmed\p345\p345_089_mic1.flac,p345,1,1,0.39504095911979675,0.39504095911979675,0.2775178551673889,0.11752310395240784,2.6100625
base,3,p345_089_mic1,p345,data\VCTK\wav48_silence_trimmed\p345\p345_089_mic1.flac,p345,1,1,0.37776127457618713,0.37776127457618713,0.29791826009750366,0.07984301447868347,2.6100625
lca,1,p345_089_mic1,p345,data\VCTK\wav48_silence_trimmed\p345\p345_089_mic1.flac,p364,0,0,0.24780389666557312,0.18109728395938873,0.24780389666557312,-0.06670661270618439,2.6100625
lca,2,p345_089_mic1,p345,data\VCTK\wav48_silence_trimmed\p345\p345_089_mic1.flac,p271,0,1,0.31915348768234253,0.2727246880531311,0.31915348768234253,-0.046428799629211426,2.6100625
lca,3,p345_089_mic1,p345,data\VCTK\wav48_silence_trimmed\p345\p345_089_mic1.flac,p271,0,1,0.3331287205219269,0.3115195035934448,0.3331287205219269,-0.021609216928482056,2.6100625
original,0,p345_101_mic2,p345,data\VCTK\wav48_silence_trimmed\p345\p345_101_mic2.flac,p345,1,1,0.6635080575942993,0.6635080575942993,0.3261514902114868,0.3373565673828125,2.8908125
base,1,p345_101_mic2,p345,data\VCTK\wav48_silence_trimmed\p345\p345_101_mic2.flac,p360,0,1,0.2935674786567688,0.25901758670806885,0.2935674786567688,-0.03454989194869995,2.8908125
base,2,p345_101_mic2,p345,data\VCTK\wav48_silence_trimmed\p345\p345_101_mic2.flac,p345,1,1,0.39519041776657104,0.39519041776657104,0.2872897982597351,0.10790061950683594,2.8908125
base,3,p345_101_mic2,p345,data\VCTK\wav48_silence_trimmed\p345\p345_101_mic2.flac,p345,1,1,0.38528919219970703,0.38528919219970703,0.33282291889190674,0.05246627330780029,2.8908125
lca,1,p345_101_mic2,p345,data\VCTK\wav48_silence_trimmed\p345\p345_101_mic2.flac,p266,0,1,0.28047990798950195,0.06651578098535538,0.28047990798950195,-0.21396412700414658,2.8908125
lca,2,p345_101_mic2,p345,data\VCTK\wav48_silence_trimmed\p345\p345_101_mic2.flac,p364,0,1,0.31339842081069946,0.22585108876228333,0.31339842081069946,-0.08754733204841614,2.8908125
lca,3,p345_101_mic2,p345,data\VCTK\wav48_silence_trimmed\p345\p345_101_mic2.flac,p293,0,1,0.26829761266708374,0.22542423009872437,0.26829761266708374,-0.042873382568359375,2.8908125
original,0,p345_138_mic2,p345,data\VCTK\wav48_silence_trimmed\p345\p345_138_mic2.flac,p345,1,1,0.714918315410614,0.714918315410614,0.3167220950126648,0.3981962203979492,2.1116875
base,1,p345_138_mic2,p345,data\VCTK\wav48_silence_trimmed\p345\p345_138_mic2.flac,p374,0,1,0.38028836250305176,0.1338249146938324,0.38028836250305176,-0.24646344780921936,2.1116875
base,2,p345_138_mic2,p345,data\VCTK\wav48_silence_trimmed\p345\p345_138_mic2.flac,p345,1,1,0.3723750114440918,0.3723750114440918,0.2795340418815613,0.09284096956253052,2.1116875
base,3,p345_138_mic2,p345,data\VCTK\wav48_silence_trimmed\p345\p345_138_mic2.flac,p345,1,1,0.42329052090644836,0.42329052090644836,0.3596958518028259,0.06359466910362244,2.1116875
lca,1,p345_138_mic2,p345,data\VCTK\wav48_silence_trimmed\p345\p345_138_mic2.flac,p311,0,1,0.3390534520149231,0.19163352251052856,0.3390534520149231,-0.14741992950439453,2.1116875
lca,2,p345_138_mic2,p345,data\VCTK\wav48_silence_trimmed\p345\p345_138_mic2.flac,p281,0,1,0.3844730257987976,0.3031294345855713,0.3844730257987976,-0.08134359121322632,2.1116875
lca,3,p345_138_mic2,p345,data\VCTK\wav48_silence_trimmed\p345\p345_138_mic2.flac,p281,0,1,0.42556336522102356,0.3739212155342102,0.42556336522102356,-0.051642149686813354,2.1116875
original,0,p345_385_mic1,p345,data\VCTK\wav48_silence_trimmed\p345\p345_385_mic1.flac,p345,1,1,0.7618148326873779,0.7618148326873779,0.32207077741622925,0.4397440552711487,4.4313125
base,1,p345_385_mic1,p345,data\VCTK\wav48_silence_trimmed\p345\p345_385_mic1.flac,p374,0,1,0.3429359197616577,0.17182126641273499,0.3429359197616577,-0.17111465334892273,4.4313125
base,2,p345_385_mic1,p345,data\VCTK\wav48_silence_trimmed\p345\p345_385_mic1.flac,p360,0,1,0.3571045696735382,0.2546924352645874,0.3571045696735382,-0.1024121344089508,4.4313125
base,3,p345_385_mic1,p345,data\VCTK\wav48_silence_trimmed\p345\p345_385_mic1.flac,p360,0,1,0.3654986321926117,0.3543647825717926,0.3654986321926117,-0.011133849620819092,4.4313125
lca,1,p345_385_mic1,p345,data\VCTK\wav48_silence_trimmed\p345\p345_385_mic1.flac,p364,0,1,0.26900196075439453,0.07792779058218002,0.26900196075439453,-0.1910741701722145,4.4313125
lca,2,p345_385_mic1,p345,data\VCTK\wav48_silence_trimmed\p345\p345_385_mic1.flac,p364,0,1,0.4138853847980499,0.18858252465724945,0.4138853847980499,-0.22530286014080048,4.4313125
lca,3,p345_385_mic1,p345,data\VCTK\wav48_silence_trimmed\p345\p345_385_mic1.flac,p311,0,1,0.38959863781929016,0.18612149357795715,0.38959863781929016,-0.203477144241333,4.4313125
original,0,p347_157_mic1,p347,data\VCTK\wav48_silence_trimmed\p347\p347_157_mic1.flac,p347,1,1,0.8193435072898865,0.8193435072898865,0.39951640367507935,0.41982710361480713,2.77525
base,1,p347_157_mic1,p347,data\VCTK\wav48_silence_trimmed\p347\p347_157_mic1.flac,p347,1,1,0.30473294854164124,0.30473294854164124,0.2661459445953369,0.03858700394630432,2.77525
base,2,p347_157_mic1,p347,data\VCTK\wav48_silence_trimmed\p347\p347_157_mic1.flac,p347,1,1,0.5308495759963989,0.5308495759963989,0.35681140422821045,0.17403817176818848,2.77525
base,3,p347_157_mic1,p347,data\VCTK\wav48_silence_trimmed\p347\p347_157_mic1.flac,p347,1,1,0.630486011505127,0.630486011505127,0.4251328110694885,0.20535320043563843,2.77525
lca,1,p347_157_mic1,p347,data\VCTK\wav48_silence_trimmed\p347\p347_157_mic1.flac,p311,0,1,0.3687065541744232,0.35865461826324463,0.3687065541744232,-0.010051935911178589,2.77525
lca,2,p347_157_mic1,p347,data\VCTK\wav48_silence_trimmed\p347\p347_157_mic1.flac,p347,1,1,0.5099693536758423,0.5099693536758423,0.37740322947502136,0.13256612420082092,2.77525
lca,3,p347_157_mic1,p347,data\VCTK\wav48_silence_trimmed\p347\p347_157_mic1.flac,p347,1,1,0.5317302942276001,0.5317302942276001,0.3879612982273102,0.14376899600028992,2.77525
original,0,p347_185_mic2,p347,data\VCTK\wav48_silence_trimmed\p347\p347_185_mic2.flac,p347,1,1,0.762557864189148,0.762557864189148,0.4662748873233795,0.29628297686576843,2.177375
base,1,p347_185_mic2,p347,data\VCTK\wav48_silence_trimmed\p347\p347_185_mic2.flac,p311,0,1,0.3072584271430969,0.28987258672714233,0.3072584271430969,-0.01738584041595459,2.177375
base,2,p347_185_mic2,p347,data\VCTK\wav48_silence_trimmed\p347\p347_185_mic2.flac,p347,1,1,0.5466940402984619,0.5466940402984619,0.43653929233551025,0.11015474796295166,2.177375
base,3,p347_185_mic2,p347,data\VCTK\wav48_silence_trimmed\p347\p347_185_mic2.flac,p347,1,1,0.5625075101852417,0.5625075101852417,0.452001690864563,0.11050581932067871,2.177375
lca,1,p347_185_mic2,p347,data\VCTK\wav48_silence_trimmed\p347\p347_185_mic2.flac,p347,1,1,0.3590473532676697,0.3590473532676697,0.3159841299057007,0.043063223361968994,2.177375
lca,2,p347_185_mic2,p347,data\VCTK\wav48_silence_trimmed\p347\p347_185_mic2.flac,p226,0,1,0.3800748586654663,0.34397733211517334,0.3800748586654663,-0.03609752655029297,2.177375
lca,3,p347_185_mic2,p347,data\VCTK\wav48_silence_trimmed\p347\p347_185_mic2.flac,p347,1,1,0.4555628299713135,0.4555628299713135,0.3949623703956604,0.060600459575653076,2.177375
original,0,p347_204_mic1,p347,data\VCTK\wav48_silence_trimmed\p347\p347_204_mic1.flac,p347,1,1,0.8102326393127441,0.8102326393127441,0.4154554009437561,0.39477723836898804,3.5028125
base,1,p347_204_mic1,p347,data\VCTK\wav48_silence_trimmed\p347\p347_204_mic1.flac,p364,0,1,0.36034712195396423,0.2425910234451294,0.36034712195396423,-0.11775609850883484,3.5028125
base,2,p347_204_mic1,p347,data\VCTK\wav48_silence_trimmed\p347\p347_204_mic1.flac,p347,1,1,0.5049866437911987,0.5049866437911987,0.39625102281570435,0.10873562097549438,3.5028125
base,3,p347_204_mic1,p347,data\VCTK\wav48_silence_trimmed\p347\p347_204_mic1.flac,p347,1,1,0.5777326822280884,0.5777326822280884,0.330856055021286,0.24687662720680237,3.5028125
lca,1,p347_204_mic1,p347,data\VCTK\wav48_silence_trimmed\p347\p347_204_mic1.flac,p281,0,1,0.33902662992477417,0.261088490486145,0.33902662992477417,-0.07793813943862915,3.5028125
lca,2,p347_204_mic1,p347,data\VCTK\wav48_silence_trimmed\p347\p347_204_mic1.flac,p347,1,1,0.49972712993621826,0.49972712993621826,0.3353191018104553,0.16440802812576294,3.5028125
lca,3,p347_204_mic1,p347,data\VCTK\wav48_silence_trimmed\p347\p347_204_mic1.flac,p347,1,1,0.5744508504867554,0.5744508504867554,0.33502787351608276,0.2394229769706726,3.5028125
original,0,p347_315_mic2,p347,data\VCTK\wav48_silence_trimmed\p347\p347_315_mic2.flac,p347,1,1,0.781369149684906,0.781369149684906,0.4272179901599884,0.3541511595249176,3.5886875
base,1,p347_315_mic2,p347,data\VCTK\wav48_silence_trimmed\p347\p347_315_mic2.flac,p311,0,1,0.3295224606990814,0.2607967257499695,0.3295224606990814,-0.06872573494911194,3.5886875
base,2,p347_315_mic2,p347,data\VCTK\wav48_silence_trimmed\p347\p347_315_mic2.flac,p347,1,1,0.5696731209754944,0.5696731209754944,0.3821999430656433,0.18747317790985107,3.5886875
base,3,p347_315_mic2,p347,data\VCTK\wav48_silence_trimmed\p347\p347_315_mic2.flac,p347,1,1,0.6036820411682129,0.6036820411682129,0.43340229988098145,0.17027974128723145,3.5886875
lca,1,p347_315_mic2,p347,data\VCTK\wav48_silence_trimmed\p347\p347_315_mic2.flac,p347,1,1,0.28872957825660706,0.28872957825660706,0.2581122815608978,0.03061729669570923,3.5886875
lca,2,p347_315_mic2,p347,data\VCTK\wav48_silence_trimmed\p347\p347_315_mic2.flac,p347,1,1,0.4959849417209625,0.4959849417209625,0.3992718458175659,0.0967130959033966,3.5886875
lca,3,p347_315_mic2,p347,data\VCTK\wav48_silence_trimmed\p347\p347_315_mic2.flac,p347,1,1,0.5305350422859192,0.5305350422859192,0.35875403881073,0.1717810034751892,3.5886875
original,0,p347_340_mic1,p347,data\VCTK\wav48_silence_trimmed\p347\p347_340_mic1.flac,p347,1,1,0.6867755651473999,0.6867755651473999,0.34795475006103516,0.33882081508636475,2.67125
base,1,p347_340_mic1,p347,data\VCTK\wav48_silence_trimmed\p347\p347_340_mic1.flac,p347,1,1,0.2788771390914917,0.2788771390914917,0.24436789751052856,0.034509241580963135,2.67125
base,2,p347_340_mic1,p347,data\VCTK\wav48_silence_trimmed\p347\p347_340_mic1.flac,p347,1,1,0.5230321884155273,0.5230321884155273,0.3183952271938324,0.20463696122169495,2.67125
base,3,p347_340_mic1,p347,data\VCTK\wav48_silence_trimmed\p347\p347_340_mic1.flac,p347,1,1,0.5458971261978149,0.5458971261978149,0.3869358003139496,0.15896132588386536,2.67125
lca,1,p347_340_mic1,p347,data\VCTK\wav48_silence_trimmed\p347\p347_340_mic1.flac,p360,0,1,0.2797854244709015,0.21871253848075867,0.2797854244709015,-0.06107288599014282,2.67125
lca,2,p347_340_mic1,p347,data\VCTK\wav48_silence_trimmed\p347\p347_340_mic1.flac,p347,1,1,0.3568076193332672,0.3568076193332672,0.25909730792045593,0.09771031141281128,2.67125
lca,3,p347_340_mic1,p347,data\VCTK\wav48_silence_trimmed\p347\p347_340_mic1.flac,p347,1,1,0.40888285636901855,0.40888285636901855,0.3095702826976776,0.09931257367134094,2.67125
original,0,p351_090_mic1,p351,data\VCTK\wav48_silence_trimmed\p351\p351_090_mic1.flac,p351,1,1,0.8110648393630981,0.8110648393630981,0.45220693945884705,0.3588578999042511,2.645625
base,1,p351_090_mic1,p351,data\VCTK\wav48_silence_trimmed\p351\p351_090_mic1.flac,p257,0,1,0.30225974321365356,0.26977288722991943,0.30225974321365356,-0.03248685598373413,2.645625
base,2,p351_090_mic1,p351,data\VCTK\wav48_silence_trimmed\p351\p351_090_mic1.flac,p330,0,1,0.34937888383865356,0.34006333351135254,0.34937888383865356,-0.009315550327301025,2.645625
base,3,p351_090_mic1,p351,data\VCTK\wav48_silence_trimmed\p351\p351_090_mic1.flac,p330,0,1,0.3917400538921356,0.37441545724868774,0.3917400538921356,-0.017324596643447876,2.645625
lca,1,p351_090_mic1,p351,data\VCTK\wav48_silence_trimmed\p351\p351_090_mic1.flac,p230,0,1,0.3209184408187866,0.24345669150352478,0.3209184408187866,-0.07746174931526184,2.645625
lca,2,p351_090_mic1,p351,data\VCTK\wav48_silence_trimmed\p351\p351_090_mic1.flac,p330,0,1,0.3616136312484741,0.32149359583854675,0.3616136312484741,-0.04012003540992737,2.645625
lca,3,p351_090_mic1,p351,data\VCTK\wav48_silence_trimmed\p351\p351_090_mic1.flac,p340,0,1,0.37355536222457886,0.3471128046512604,0.37355536222457886,-0.02644255757331848,2.645625
original,0,p351_247_mic2,p351,data\VCTK\wav48_silence_trimmed\p351\p351_247_mic2.flac,p351,1,1,0.6229637265205383,0.6229637265205383,0.3824227452278137,0.2405409812927246,2.266375
base,1,p351_247_mic2,p351,data\VCTK\wav48_silence_trimmed\p351\p351_247_mic2.flac,p230,0,1,0.28870946168899536,0.24411527812480927,0.28870946168899536,-0.044594183564186096,2.266375
base,2,p351_247_mic2,p351,data\VCTK\wav48_silence_trimmed\p351\p351_247_mic2.flac,p257,0,1,0.3281850814819336,0.25546836853027344,0.3281850814819336,-0.07271671295166016,2.266375
base,3,p351_247_mic2,p351,data\VCTK\wav48_silence_trimmed\p351\p351_247_mic2.flac,p317,0,1,0.3352832794189453,0.21606232225894928,0.3352832794189453,-0.11922095715999603,2.266375
lca,1,p351_247_mic2,p351,data\VCTK\wav48_silence_trimmed\p351\p351_247_mic2.flac,p361,0,0,0.24674385786056519,0.16110973060131073,0.24674385786056519,-0.08563412725925446,2.266375
lca,2,p351_247_mic2,p351,data\VCTK\wav48_silence_trimmed\p351\p351_247_mic2.flac,p295,0,1,0.36319291591644287,0.2537383735179901,0.36319291591644287,-0.10945454239845276,2.266375
lca,3,p351_247_mic2,p351,data\VCTK\wav48_silence_trimmed\p351\p351_247_mic2.flac,p317,0,1,0.44796285033226013,0.2935790419578552,0.44796285033226013,-0.1543838083744049,2.266375
original,0,p351_334_mic2,p351,data\VCTK\wav48_silence_trimmed\p351\p351_334_mic2.flac,p351,1,1,0.6298052072525024,0.6298052072525024,0.4825143814086914,0.14729082584381104,2.2948125
base,1,p351_334_mic2,p351,data\VCTK\wav48_silence_trimmed\p351\p351_334_mic2.flac,p261,0,1,0.27117371559143066,0.1751575767993927,0.27117371559143066,-0.09601613879203796,2.2948125
base,2,p351_334_mic2,p351,data\VCTK\wav48_silence_trimmed\p351\p351_334_mic2.flac,p317,0,1,0.4586280286312103,0.32967692613601685,0.4586280286312103,-0.12895110249519348,2.2948125
base,3,p351_334_mic2,p351,data\VCTK\wav48_silence_trimmed\p351\p351_334_mic2.flac,p283,0,1,0.45518314838409424,0.3889394998550415,0.45518314838409424,-0.06624364852905273,2.2948125
lca,1,p351_334_mic2,p351,data\VCTK\wav48_silence_trimmed\p351\p351_334_mic2.flac,p295,0,1,0.37445712089538574,0.14086340367794037,0.37445712089538574,-0.23359371721744537,2.2948125
lca,2,p351_334_mic2,p351,data\VCTK\wav48_silence_trimmed\p351\p351_334_mic2.flac,p250,0,1,0.36289864778518677,0.15356171131134033,0.36289864778518677,-0.20933693647384644,2.2948125
lca,3,p351_334_mic2,p351,data\VCTK\wav48_silence_trimmed\p351\p351_334_mic2.flac,p300,0,1,0.41092169284820557,0.26562079787254333,0.41092169284820557,-0.14530089497566223,2.2948125
original,0,p351_344_mic1,p351,data\VCTK\wav48_silence_trimmed\p351\p351_344_mic1.flac,p351,1,1,0.8191587328910828,0.8191587328910828,0.37971431016921997,0.4394444227218628,4.2605
base,1,p351_344_mic1,p351,data\VCTK\wav48_silence_trimmed\p351\p351_344_mic1.flac,p257,0,1,0.36856091022491455,0.2914857864379883,0.36856091022491455,-0.07707512378692627,4.2605
base,2,p351_344_mic1,p351,data\VCTK\wav48_silence_trimmed\p351\p351_344_mic1.flac,p351,1,1,0.4442693889141083,0.4442693889141083,0.36910510063171387,0.07516428828239441,4.2605
base,3,p351_344_mic1,p351,data\VCTK\wav48_silence_trimmed\p351\p351_344_mic1.flac,p351,1,1,0.44883978366851807,0.44883978366851807,0.3882301449775696,0.060609638690948486,4.2605
lca,1,p351_344_mic1,p351,data\VCTK\wav48_silence_trimmed\p351\p351_344_mic1.flac,p264,0,1,0.38808348774909973,0.2777940630912781,0.38808348774909973,-0.11028942465782166,4.2605
lca,2,p351_344_mic1,p351,data\VCTK\wav48_silence_trimmed\p351\p351_344_mic1.flac,p340,0,1,0.43880242109298706,0.3928583562374115,0.43880242109298706,-0.04594406485557556,4.2605
lca,3,p351_344_mic1,p351,data\VCTK\wav48_silence_trimmed\p351\p351_344_mic1.flac,p340,0,1,0.4940946698188782,0.4253857731819153,0.4940946698188782,-0.06870889663696289,4.2605
original,0,p351_369_mic1,p351,data\VCTK\wav48_silence_trimmed\p351\p351_369_mic1.flac,p351,1,1,0.7274547219276428,0.7274547219276428,0.40356361865997314,0.3238911032676697,2.4518125
base,1,p351_369_mic1,p351,data\VCTK\wav48_silence_trimmed\p351\p351_369_mic1.flac,p330,0,1,0.3777729272842407,0.3031715154647827,0.3777729272842407,-0.07460141181945801,2.4518125
base,2,p351_369_mic1,p351,data\VCTK\wav48_silence_trimmed\p351\p351_369_mic1.flac,p351,1,1,0.4476699233055115,0.4476699233055115,0.43869632482528687,0.00897359848022461,2.4518125
base,3,p351_369_mic1,p351,data\VCTK\wav48_silence_trimmed\p351\p351_369_mic1.flac,p351,1,1,0.4397984445095062,0.4397984445095062,0.4138377010822296,0.02596074342727661,2.4518125
lca,1,p351_369_mic1,p351,data\VCTK\wav48_silence_trimmed\p351\p351_369_mic1.flac,p261,0,1,0.36035796999931335,0.23463308811187744,0.36035796999931335,-0.1257248818874359,2.4518125
lca,2,p351_369_mic1,p351,data\VCTK\wav48_silence_trimmed\p351\p351_369_mic1.flac,p262,0,1,0.41692906618118286,0.3682408332824707,0.41692906618118286,-0.04868823289871216,2.4518125
lca,3,p351_369_mic1,p351,data\VCTK\wav48_silence_trimmed\p351\p351_369_mic1.flac,p262,0,1,0.4191056489944458,0.4022749960422516,0.4191056489944458,-0.016830652952194214,2.4518125
original,0,p360_018_mic1,p360,data\VCTK\wav48_silence_trimmed\p360\p360_018_mic1.flac,p360,1,1,0.8090918064117432,0.8090918064117432,0.4087286591529846,0.40036314725875854,5.4921875
base,1,p360_018_mic1,p360,data\VCTK\wav48_silence_trimmed\p360\p360_018_mic1.flac,p360,1,1,0.31426775455474854,0.31426775455474854,0.2778114080429077,0.03645634651184082,5.4921875
base,2,p360_018_mic1,p360,data\VCTK\wav48_silence_trimmed\p360\p360_018_mic1.flac,p360,1,1,0.4059864282608032,0.4059864282608032,0.3239419162273407,0.08204451203346252,5.4921875
base,3,p360_018_mic1,p360,data\VCTK\wav48_silence_trimmed\p360\p360_018_mic1.flac,p360,1,1,0.4478130638599396,0.4478130638599396,0.34835660457611084,0.09945645928382874,5.4921875
lca,1,p360_018_mic1,p360,data\VCTK\wav48_silence_trimmed\p360\p360_018_mic1.flac,p360,1,1,0.32288479804992676,0.32288479804992676,0.24960574507713318,0.07327905297279358,5.4921875
lca,2,p360_018_mic1,p360,data\VCTK\wav48_silence_trimmed\p360\p360_018_mic1.flac,p360,1,1,0.38289177417755127,0.38289177417755127,0.27588775753974915,0.10700401663780212,5.4921875
lca,3,p360_018_mic1,p360,data\VCTK\wav48_silence_trimmed\p360\p360_018_mic1.flac,p360,1,1,0.3983554244041443,0.3983554244041443,0.29227715730667114,0.10607826709747314,5.4921875
original,0,p360_244_mic2,p360,data\VCTK\wav48_silence_trimmed\p360\p360_244_mic2.flac,p360,1,1,0.673152506351471,0.673152506351471,0.3966936767101288,0.27645882964134216,3.9788125
base,1,p360_244_mic2,p360,data\VCTK\wav48_silence_trimmed\p360\p360_244_mic2.flac,p360,1,1,0.261972576379776,0.261972576379776,0.21236838400363922,0.04960419237613678,3.9788125
base,2,p360_244_mic2,p360,data\VCTK\wav48_silence_trimmed\p360\p360_244_mic2.flac,p284,0,1,0.36898189783096313,0.3083116412162781,0.36898189783096313,-0.06067025661468506,3.9788125
base,3,p360_244_mic2,p360,data\VCTK\wav48_silence_trimmed\p360\p360_244_mic2.flac,p360,1,1,0.4303392767906189,0.4303392767906189,0.38118547201156616,0.049153804779052734,3.9788125
lca,1,p360_244_mic2,p360,data\VCTK\wav48_silence_trimmed\p360\p360_244_mic2.flac,p360,1,1,0.40323925018310547,0.40323925018310547,0.28611087799072266,0.11712837219238281,3.9788125
lca,2,p360_244_mic2,p360,data\VCTK\wav48_silence_trimmed\p360\p360_244_mic2.flac,p360,1,1,0.35329529643058777,0.35329529643058777,0.34326454997062683,0.010030746459960938,3.9788125
lca,3,p360_244_mic2,p360,data\VCTK\wav48_silence_trimmed\p360\p360_244_mic2.flac,p360,1,1,0.3338496685028076,0.3338496685028076,0.32004982233047485,0.013799846172332764,3.9788125
original,0,p360_253_mic1,p360,data\VCTK\wav48_silence_trimmed\p360\p360_253_mic1.flac,p360,1,1,0.7428920269012451,0.7428920269012451,0.43684113025665283,0.3060508966445923,2.345375
base,1,p360_253_mic1,p360,data\VCTK\wav48_silence_trimmed\p360\p360_253_mic1.flac,p360,1,1,0.4516720771789551,0.4516720771789551,0.4053598642349243,0.04631221294403076,2.345375
base,2,p360_253_mic1,p360,data\VCTK\wav48_silence_trimmed\p360\p360_253_mic1.flac,p360,1,1,0.4508119225502014,0.4508119225502014,0.4043528735637665,0.046459048986434937,2.345375
base,3,p360_253_mic1,p360,data\VCTK\wav48_silence_trimmed\p360\p360_253_mic1.flac,p360,1,1,0.471283882856369,0.471283882856369,0.36021578311920166,0.11106809973716736,2.345375
lca,1,p360_253_mic1,p360,data\VCTK\wav48_silence_trimmed\p360\p360_253_mic1.flac,p374,0,1,0.33498507738113403,0.313492089509964,0.33498507738113403,-0.021492987871170044,2.345375
lca,2,p360_253_mic1,p360,data\VCTK\wav48_silence_trimmed\p360\p360_253_mic1.flac,p360,1,1,0.3669867217540741,0.3669867217540741,0.2790708541870117,0.08791586756706238,2.345375
lca,3,p360_253_mic1,p360,data\VCTK\wav48_silence_trimmed\p360\p360_253_mic1.flac,p360,1,1,0.3983655571937561,0.3983655571937561,0.31796538829803467,0.08040016889572144,2.345375
original,0,p360_315_mic1,p360,data\VCTK\wav48_silence_trimmed\p360\p360_315_mic1.flac,p360,1,1,0.7784261107444763,0.7784261107444763,0.3857012391090393,0.392724871635437,3.285125
base,1,p360_315_mic1,p360,data\VCTK\wav48_silence_trimmed\p360\p360_315_mic1.flac,p360,1,1,0.4312679171562195,0.4312679171562195,0.2793164849281311,0.15195143222808838,3.285125
base,2,p360_315_mic1,p360,data\VCTK\wav48_silence_trimmed\p360\p360_315_mic1.flac,p360,1,1,0.43870019912719727,0.43870019912719727,0.3339373767375946,0.10476282238960266,3.285125
base,3,p360_315_mic1,p360,data\VCTK\wav48_silence_trimmed\p360\p360_315_mic1.flac,p360,1,1,0.4631289839744568,0.4631289839744568,0.36228179931640625,0.10084718465805054,3.285125
lca,1,p360_315_mic1,p360,data\VCTK\wav48_silence_trimmed\p360\p360_315_mic1.flac,p360,1,1,0.32899725437164307,0.32899725437164307,0.27315056324005127,0.0558466911315918,3.285125
lca,2,p360_315_mic1,p360,data\VCTK\wav48_silence_trimmed\p360\p360_315_mic1.flac,p360,1,1,0.36850684881210327,0.36850684881210327,0.3275275230407715,0.04097932577133179,3.285125
lca,3,p360_315_mic1,p360,data\VCTK\wav48_silence_trimmed\p360\p360_315_mic1.flac,p360,1,1,0.4147633910179138,0.4147633910179138,0.3039311170578003,0.11083227396011353,3.285125
original,0,p360_358_mic2,p360,data\VCTK\wav48_silence_trimmed\p360\p360_358_mic2.flac,p360,1,1,0.6034456491470337,0.6034456491470337,0.4934183359146118,0.11002731323242188,2.8776875
base,1,p360_358_mic2,p360,data\VCTK\wav48_silence_trimmed\p360\p360_358_mic2.flac,p246,0,1,0.2898898124694824,0.23585909605026245,0.2898898124694824,-0.05403071641921997,2.8776875
base,2,p360_358_mic2,p360,data\VCTK\wav48_silence_trimmed\p360\p360_358_mic2.flac,p246,0,1,0.37486398220062256,0.31466493010520935,0.37486398220062256,-0.06019905209541321,2.8776875
base,3,p360_358_mic2,p360,data\VCTK\wav48_silence_trimmed\p360\p360_358_mic2.flac,p246,0,1,0.43274199962615967,0.29713284969329834,0.43274199962615967,-0.13560914993286133,2.8776875
lca,1,p360_358_mic2,p360,data\VCTK\wav48_silence_trimmed\p360\p360_358_mic2.flac,p281,0,1,0.30270564556121826,0.2155066728591919,0.30270564556121826,-0.08719897270202637,2.8776875
lca,2,p360_358_mic2,p360,data\VCTK\wav48_silence_trimmed\p360\p360_358_mic2.flac,p311,0,1,0.39206764101982117,0.2816201448440552,0.39206764101982117,-0.11044749617576599,2.8776875
lca,3,p360_358_mic2,p360,data\VCTK\wav48_silence_trimmed\p360\p360_358_mic2.flac,p281,0,1,0.394856333732605,0.31676459312438965,0.394856333732605,-0.07809174060821533,2.8776875
original,0,p361_035_mic2,p361,data\VCTK\wav48_silence_trimmed\p361\p361_035_mic2.flac,p361,1,1,0.47705841064453125,0.47705841064453125,0.2538096010684967,0.22324880957603455,2.859625
base,1,p361_035_mic2,p361,data\VCTK\wav48_silence_trimmed\p361\p361_035_mic2.flac,p293,0,1,0.32130083441734314,0.2308569848537445,0.32130083441734314,-0.09044384956359863,2.859625
base,2,p361_035_mic2,p361,data\VCTK\wav48_silence_trimmed\p361\p361_035_mic2.flac,p361,1,1,0.3445209264755249,0.3445209264755249,0.3434008061885834,0.0011201202869415283,2.859625
base,3,p361_035_mic2,p361,data\VCTK\wav48_silence_trimmed\p361\p361_035_mic2.flac,p361,1,1,0.40197858214378357,0.40197858214378357,0.3443939685821533,0.05758461356163025,2.859625
lca,1,p361_035_mic2,p361,data\VCTK\wav48_silence_trimmed\p361\p361_035_mic2.flac,p280,0,1,0.34891900420188904,0.2700903117656708,0.34891900420188904,-0.07882869243621826,2.859625
lca,2,p361_035_mic2,p361,data\VCTK\wav48_silence_trimmed\p361\p361_035_mic2.flac,p361,1,1,0.41508620977401733,0.41508620977401733,0.35014039278030396,0.06494581699371338,2.859625
lca,3,p361_035_mic2,p361,data\VCTK\wav48_silence_trimmed\p361\p361_035_mic2.flac,p361,1,1,0.4360511004924774,0.4360511004924774,0.4068169593811035,0.0292341411113739,2.859625
original,0,p361_078_mic1,p361,data\VCTK\wav48_silence_trimmed\p361\p361_078_mic1.flac,p361,1,1,0.5457922220230103,0.5457922220230103,0.4112606346607208,0.13453158736228943,2.199125
base,1,p361_078_mic1,p361,data\VCTK\wav48_silence_trimmed\p361\p361_078_mic1.flac,p247,0,0,0.24215255677700043,0.12771037220954895,0.24215255677700043,-0.11444218456745148,2.199125
base,2,p361_078_mic1,p361,data\VCTK\wav48_silence_trimmed\p361\p361_078_mic1.flac,p361,1,1,0.40303105115890503,0.40303105115890503,0.2906900942325592,0.11234095692634583,2.199125
base,3,p361_078_mic1,p361,data\VCTK\wav48_silence_trimmed\p361\p361_078_mic1.flac,p361,1,1,0.518449068069458,0.518449068069458,0.34438955783843994,0.17405951023101807,2.199125
lca,1,p361_078_mic1,p361,data\VCTK\wav48_silence_trimmed\p361\p361_078_mic1.flac,p339,0,1,0.25737637281417847,0.09528455883264542,0.25737637281417847,-0.16209181398153305,2.199125
lca,2,p361_078_mic1,p361,data\VCTK\wav48_silence_trimmed\p361\p361_078_mic1.flac,p262,0,1,0.39212918281555176,0.27013006806373596,0.39212918281555176,-0.1219991147518158,2.199125
lca,3,p361_078_mic1,p361,data\VCTK\wav48_silence_trimmed\p361\p361_078_mic1.flac,p262,0,1,0.41270631551742554,0.367868572473526,0.41270631551742554,-0.044837743043899536,2.199125
original,0,p361_213_mic2,p361,data\VCTK\wav48_silence_trimmed\p361\p361_213_mic2.flac,p361,1,1,0.6559041738510132,0.6559041738510132,0.32682305574417114,0.32908111810684204,2.9875625
base,1,p361_213_mic2,p361,data\VCTK\wav48_silence_trimmed\p361\p361_213_mic2.flac,p238,0,1,0.3238610327243805,0.1590624302625656,0.3238610327243805,-0.16479860246181488,2.9875625
base,2,p361_213_mic2,p361,data\VCTK\wav48_silence_trimmed\p361\p361_213_mic2.flac,p361,1,1,0.4331470727920532,0.4331470727920532,0.4077739119529724,0.02537316083908081,2.9875625
base,3,p361_213_mic2,p361,data\VCTK\wav48_silence_trimmed\p361\p361_213_mic2.flac,p361,1,1,0.42627066373825073,0.42627066373825073,0.3583478331565857,0.06792283058166504,2.9875625
lca,1,p361_213_mic2,p361,data\VCTK\wav48_silence_trimmed\p361\p361_213_mic2.flac,p262,0,1,0.36145853996276855,0.3188748061656952,0.36145853996276855,-0.042583733797073364,2.9875625
lca,2,p361_213_mic2,p361,data\VCTK\wav48_silence_trimmed\p361\p361_213_mic2.flac,p361,1,1,0.41164958477020264,0.41164958477020264,0.3661648631095886,0.045484721660614014,2.9875625
lca,3,p361_213_mic2,p361,data\VCTK\wav48_silence_trimmed\p361\p361_213_mic2.flac,p361,1,1,0.47101861238479614,0.47101861238479614,0.39933812618255615,0.07168048620223999,2.9875625
original,0,p361_275_mic2,p361,data\VCTK\wav48_silence_trimmed\p361\p361_275_mic2.flac,p361,1,1,0.7200315594673157,0.7200315594673157,0.35103297233581543,0.36899858713150024,2.819
base,1,p361_275_mic2,p361,data\VCTK\wav48_silence_trimmed\p361\p361_275_mic2.flac,p238,0,1,0.29502877593040466,0.19942402839660645,0.29502877593040466,-0.09560474753379822,2.819
base,2,p361_275_mic2,p361,data\VCTK\wav48_silence_trimmed\p361\p361_275_mic2.flac,p295,0,1,0.30107903480529785,0.23213490843772888,0.30107903480529785,-0.06894412636756897,2.819
base,3,p361_275_mic2,p361,data\VCTK\wav48_silence_trimmed\p361\p361_275_mic2.flac,p361,1,1,0.33348530530929565,0.33348530530929565,0.3103187084197998,0.02316659688949585,2.819
lca,1,p361_275_mic2,p361,data\VCTK\wav48_silence_trimmed\p361\p361_275_mic2.flac,p262,0,1,0.28981834650039673,0.24502015113830566,0.28981834650039673,-0.044798195362091064,2.819
lca,2,p361_275_mic2,p361,data\VCTK\wav48_silence_trimmed\p361\p361_275_mic2.flac,p361,1,1,0.3696831166744232,0.3696831166744232,0.3013904094696045,0.06829270720481873,2.819
lca,3,p361_275_mic2,p361,data\VCTK\wav48_silence_trimmed\p361\p361_275_mic2.flac,p361,1,1,0.41679978370666504,0.41679978370666504,0.3158116340637207,0.10098814964294434,2.819
original,0,p361_343_mic2,p361,data\VCTK\wav48_silence_trimmed\p361\p361_343_mic2.flac,p361,1,1,0.4515894949436188,0.4515894949436188,0.2639067769050598,0.18768271803855896,1.883375
base,1,p361_343_mic2,p361,data\VCTK\wav48_silence_trimmed\p361\p361_343_mic2.flac,p293,0,1,0.34473466873168945,0.2512127161026001,0.34473466873168945,-0.09352195262908936,1.883375
base,2,p361_343_mic2,p361,data\VCTK\wav48_silence_trimmed\p361\p361_343_mic2.flac,p244,0,1,0.3664188086986542,0.31448936462402344,0.3664188086986542,-0.05192944407463074,1.883375
base,3,p361_343_mic2,p361,data\VCTK\wav48_silence_trimmed\p361\p361_343_mic2.flac,p262,0,1,0.35420042276382446,0.27064454555511475,0.35420042276382446,-0.08355587720870972,1.883375
lca,1,p361_343_mic2,p361,data\VCTK\wav48_silence_trimmed\p361\p361_343_mic2.flac,p238,0,1,0.3011628985404968,0.2674136757850647,0.3011628985404968,-0.03374922275543213,1.883375
lca,2,p361_343_mic2,p361,data\VCTK\wav48_silence_trimmed\p361\p361_343_mic2.flac,p361,1,1,0.3749290108680725,0.3749290108680725,0.3194451332092285,0.055483877658843994,1.883375
lca,3,p361_343_mic2,p361,data\VCTK\wav48_silence_trimmed\p361\p361_343_mic2.flac,p361,1,1,0.3810715079307556,0.3810715079307556,0.29850226640701294,0.08256924152374268,1.883375
original,0,p362_009_mic2,p362,data\VCTK\wav48_silence_trimmed\p362\p362_009_mic2.flac,p362,1,1,0.7577198147773743,0.7577198147773743,0.42418530583381653,0.33353450894355774,5.309375
base,1,p362_009_mic2,p362,data\VCTK\wav48_silence_trimmed\p362\p362_009_mic2.flac,p257,0,1,0.38104838132858276,0.3195342421531677,0.38104838132858276,-0.06151413917541504,5.309375
base,2,p362_009_mic2,p362,data\VCTK\wav48_silence_trimmed\p362\p362_009_mic2.flac,p257,0,1,0.4016902446746826,0.38977551460266113,0.4016902446746826,-0.011914730072021484,5.309375
base,3,p362_009_mic2,p362,data\VCTK\wav48_silence_trimmed\p362\p362_009_mic2.flac,p362,1,1,0.40130436420440674,0.40130436420440674,0.3906556963920593,0.010648667812347412,5.309375
lca,1,p362_009_mic2,p362,data\VCTK\wav48_silence_trimmed\p362\p362_009_mic2.flac,p339,0,1,0.3752596974372864,0.18049068748950958,0.3752596974372864,-0.1947690099477768,5.309375
lca,2,p362_009_mic2,p362,data\VCTK\wav48_silence_trimmed\p362\p362_009_mic2.flac,p230,0,1,0.329020619392395,0.2932453751564026,0.329020619392395,-0.03577524423599243,5.309375
lca,3,p362_009_mic2,p362,data\VCTK\wav48_silence_trimmed\p362\p362_009_mic2.flac,p362,1,1,0.3365020453929901,0.3365020453929901,0.3308039605617523,0.005698084831237793,5.309375
original,0,p362_097_mic2,p362,data\VCTK\wav48_silence_trimmed\p362\p362_097_mic2.flac,p318,0,1,0.4293801784515381,0.40542078018188477,0.4293801784515381,-0.02395939826965332,2.94625
base,1,p362_097_mic2,p362,data\VCTK\wav48_silence_trimmed\p362\p362_097_mic2.flac,p261,0,1,0.3352055549621582,0.1127183586359024,0.3352055549621582,-0.2224871963262558,2.94625
base,2,p362_097_mic2,p362,data\VCTK\wav48_silence_trimmed\p362\p362_097_mic2.flac,p301,0,1,0.40253138542175293,0.24560165405273438,0.40253138542175293,-0.15692973136901855,2.94625
base,3,p362_097_mic2,p362,data\VCTK\wav48_silence_trimmed\p362\p362_097_mic2.flac,p301,0,1,0.40505701303482056,0.2591143548488617,0.40505701303482056,-0.14594265818595886,2.94625
lca,1,p362_097_mic2,p362,data\VCTK\wav48_silence_trimmed\p362\p362_097_mic2.flac,p261,0,1,0.3647426664829254,0.023074816912412643,0.3647426664829254,-0.34166784957051277,2.94625
lca,2,p362_097_mic2,p362,data\VCTK\wav48_silence_trimmed\p362\p362_097_mic2.flac,p261,0,1,0.32546988129615784,0.1695684790611267,0.32546988129615784,-0.15590140223503113,2.94625
lca,3,p362_097_mic2,p362,data\VCTK\wav48_silence_trimmed\p362\p362_097_mic2.flac,p262,0,1,0.3912448287010193,0.2251274734735489,0.3912448287010193,-0.1661173552274704,2.94625
original,0,p362_098_mic2,p362,data\VCTK\wav48_silence_trimmed\p362\p362_098_mic2.flac,p362,1,1,0.6041121482849121,0.6041121482849121,0.34742194414138794,0.25669020414352417,3.9696875
base,1,p362_098_mic2,p362,data\VCTK\wav48_silence_trimmed\p362\p362_098_mic2.flac,p318,0,1,0.40053021907806396,0.27713197469711304,0.40053021907806396,-0.12339824438095093,3.9696875
base,2,p362_098_mic2,p362,data\VCTK\wav48_silence_trimmed\p362\p362_098_mic2.flac,p362,1,1,0.38942331075668335,0.38942331075668335,0.32762226462364197,0.06180104613304138,3.9696875
base,3,p362_098_mic2,p362,data\VCTK\wav48_silence_trimmed\p362\p362_098_mic2.flac,p362,1,1,0.4012967646121979,0.4012967646121979,0.34395909309387207,0.057337671518325806,3.9696875
lca,1,p362_098_mic2,p362,data\VCTK\wav48_silence_trimmed\p362\p362_098_mic2.flac,p314,0,1,0.34161800146102905,0.19787921011447906,0.34161800146102905,-0.14373879134655,3.9696875
lca,2,p362_098_mic2,p362,data\VCTK\wav48_silence_trimmed\p362\p362_098_mic2.flac,p280,0,1,0.353301465511322,0.3274047374725342,0.353301465511322,-0.025896728038787842,3.9696875
lca,3,p362_098_mic2,p362,data\VCTK\wav48_silence_trimmed\p362\p362_098_mic2.flac,p362,1,1,0.41560637950897217,0.41560637950897217,0.35636430978775024,0.059242069721221924,3.9696875
original,0,p362_125_mic1,p362,data\VCTK\wav48_silence_trimmed\p362\p362_125_mic1.flac,p362,1,1,0.6673653721809387,0.6673653721809387,0.3499934673309326,0.3173719048500061,2.433625
base,1,p362_125_mic1,p362,data\VCTK\wav48_silence_trimmed\p362\p362_125_mic1.flac,p318,0,1,0.34421807527542114,0.17709536850452423,0.34421807527542114,-0.1671227067708969,2.433625
base,2,p362_125_mic1,p362,data\VCTK\wav48_silence_trimmed\p362\p362_125_mic1.flac,p318,0,1,0.3056153655052185,0.2873799502849579,0.3056153655052185,-0.01823541522026062,2.433625
base,3,p362_125_mic1,p362,data\VCTK\wav48_silence_trimmed\p362\p362_125_mic1.flac,p301,0,1,0.36019182205200195,0.3083198070526123,0.36019182205200195,-0.05187201499938965,2.433625
lca,1,p362_125_mic1,p362,data\VCTK\wav48_silence_trimmed\p362\p362_125_mic1.flac,p293,0,1,0.34912171959877014,0.12606143951416016,0.34912171959877014,-0.22306028008460999,2.433625
lca,2,p362_125_mic1,p362,data\VCTK\wav48_silence_trimmed\p362\p362_125_mic1.flac,p308,0,1,0.3550563454627991,0.17795124650001526,0.3550563454627991,-0.1771050989627838,2.433625
lca,3,p362_125_mic1,p362,data\VCTK\wav48_silence_trimmed\p362\p362_125_mic1.flac,p308,0,1,0.3718971014022827,0.16857120394706726,0.3718971014022827,-0.20332589745521545,2.433625
original,0,p362_337_mic1,p362,data\VCTK\wav48_silence_trimmed\p362\p362_337_mic1.flac,p362,1,1,0.7316223978996277,0.7316223978996277,0.3897221088409424,0.3419002890586853,2.7321875
base,1,p362_337_mic1,p362,data\VCTK\wav48_silence_trimmed\p362\p362_337_mic1.flac,p301,0,1,0.3299686908721924,0.2968130111694336,0.3299686908721924,-0.03315567970275879,2.7321875
base,2,p362_337_mic1,p362,data\VCTK\wav48_silence_trimmed\p362\p362_337_mic1.flac,p318,0,1,0.4438179135322571,0.35766109824180603,0.4438179135322571,-0.08615681529045105,2.7321875
base,3,p362_337_mic1,p362,data\VCTK\wav48_silence_trimmed\p362\p362_337_mic1.flac,p318,0,1,0.3880065679550171,0.3664008378982544,0.3880065679550171,-0.021605730056762695,2.7321875
lca,1,p362_337_mic1,p362,data\VCTK\wav48_silence_trimmed\p362\p362_337_mic1.flac,p343,0,1,0.351689875125885,0.19453264772891998,0.351689875125885,-0.15715722739696503,2.7321875
lca,2,p362_337_mic1,p362,data\VCTK\wav48_silence_trimmed\p362\p362_337_mic1.flac,p295,0,1,0.3151896595954895,0.22844403982162476,0.3151896595954895,-0.08674561977386475,2.7321875
lca,3,p362_337_mic1,p362,data\VCTK\wav48_silence_trimmed\p362\p362_337_mic1.flac,p361,0,1,0.2953333854675293,0.25485384464263916,0.2953333854675293,-0.04047954082489014,2.7321875
original,0,p363_100_mic1,p363,data\VCTK\wav48_silence_trimmed\p363\p363_100_mic1.flac,p363,1,1,0.5630054473876953,0.5630054473876953,0.4052298367023468,0.1577756106853485,3.231125
base,1,p363_100_mic1,p363,data\VCTK\wav48_silence_trimmed\p363\p363_100_mic1.flac,p316,0,1,0.273661732673645,0.19116194546222687,0.273661732673645,-0.08249978721141815,3.231125
base,2,p363_100_mic1,p363,data\VCTK\wav48_silence_trimmed\p363\p363_100_mic1.flac,p284,0,1,0.30363279581069946,0.2900683581829071,0.30363279581069946,-0.013564437627792358,3.231125
base,3,p363_100_mic1,p363,data\VCTK\wav48_silence_trimmed\p363\p363_100_mic1.flac,p363,1,1,0.30772316455841064,0.30772316455841064,0.2996008098125458,0.008122354745864868,3.231125
lca,1,p363_100_mic1,p363,data\VCTK\wav48_silence_trimmed\p363\p363_100_mic1.flac,p262,0,1,0.35123276710510254,0.12432753294706345,0.35123276710510254,-0.2269052341580391,3.231125
lca,2,p363_100_mic1,p363,data\VCTK\wav48_silence_trimmed\p363\p363_100_mic1.flac,p311,0,1,0.34136760234832764,0.18303105235099792,0.34136760234832764,-0.1583365499973297,3.231125
lca,3,p363_100_mic1,p363,data\VCTK\wav48_silence_trimmed\p363\p363_100_mic1.flac,p281,0,1,0.30980801582336426,0.2008800059556961,0.30980801582336426,-0.10892800986766815,3.231125
original,0,p363_167_mic1,p363,data\VCTK\wav48_silence_trimmed\p363\p363_167_mic1.flac,p363,1,1,0.6554184556007385,0.6554184556007385,0.3109082579612732,0.34451019763946533,2.180625
base,1,p363_167_mic1,p363,data\VCTK\wav48_silence_trimmed\p363\p363_167_mic1.flac,p316,0,1,0.2749316692352295,0.1625644564628601,0.2749316692352295,-0.11236721277236938,2.180625
base,2,p363_167_mic1,p363,data\VCTK\wav48_silence_trimmed\p363\p363_167_mic1.flac,p316,0,1,0.34910809993743896,0.3150695562362671,0.34910809993743896,-0.034038543701171875,2.180625
base,3,p363_167_mic1,p363,data\VCTK\wav48_silence_trimmed\p363\p363_167_mic1.flac,p316,0,1,0.3235035240650177,0.292264461517334,0.3235035240650177,-0.031239062547683716,2.180625
lca,1,p363_167_mic1,p363,data\VCTK\wav48_silence_trimmed\p363\p363_167_mic1.flac,p248,0,1,0.26658397912979126,0.1634778380393982,0.26658397912979126,-0.10310614109039307,2.180625
lca,2,p363_167_mic1,p363,data\VCTK\wav48_silence_trimmed\p363\p363_167_mic1.flac,p316,0,1,0.2599923610687256,0.22399616241455078,0.2599923610687256,-0.035996198654174805,2.180625
lca,3,p363_167_mic1,p363,data\VCTK\wav48_silence_trimmed\p363\p363_167_mic1.flac,p281,0,1,0.26020583510398865,0.19018012285232544,0.26020583510398865,-0.07002571225166321,2.180625
original,0,p363_167_mic2,p363,data\VCTK\wav48_silence_trimmed\p363\p363_167_mic2.flac,p363,1,1,0.624016284942627,0.624016284942627,0.3396913409233093,0.2843249440193176,2.180625
base,1,p363_167_mic2,p363,data\VCTK\wav48_silence_trimmed\p363\p363_167_mic2.flac,p270,0,1,0.2807723879814148,0.14692716300487518,0.2807723879814148,-0.1338452249765396,2.180625
base,2,p363_167_mic2,p363,data\VCTK\wav48_silence_trimmed\p363\p363_167_mic2.flac,p262,0,1,0.26569971442222595,0.22349420189857483,0.26569971442222595,-0.04220551252365112,2.180625
base,3,p363_167_mic2,p363,data\VCTK\wav48_silence_trimmed\p363\p363_167_mic2.flac,p298,0,1,0.32942238450050354,0.24352425336837769,0.32942238450050354,-0.08589813113212585,2.180625
lca,1,p363_167_mic2,p363,data\VCTK\wav48_silence_trimmed\p363\p363_167_mic2.flac,p311,0,1,0.304608017206192,0.05147893726825714,0.304608017206192,-0.2531290799379349,2.180625
lca,2,p363_167_mic2,p363,data\VCTK\wav48_silence_trimmed\p363\p363_167_mic2.flac,p281,0,1,0.2651548981666565,0.2499503344297409,0.2651548981666565,-0.015204563736915588,2.180625
lca,3,p363_167_mic2,p363,data\VCTK\wav48_silence_trimmed\p363\p363_167_mic2.flac,p363,1,1,0.30115899443626404,0.30115899443626404,0.252494752407074,0.048664242029190063,2.180625
original,0,p363_294_mic1,p363,data\VCTK\wav48_silence_trimmed\p363\p363_294_mic1.flac,p363,1,1,0.5516225099563599,0.5516225099563599,0.3265018165111542,0.2251206934452057,2.7760625
base,1,p363_294_mic1,p363,data\VCTK\wav48_silence_trimmed\p363\p363_294_mic1.flac,p316,0,1,0.39032429456710815,0.26378607749938965,0.39032429456710815,-0.1265382170677185,2.7760625
base,2,p363_294_mic1,p363,data\VCTK\wav48_silence_trimmed\p363\p363_294_mic1.flac,p363,1,1,0.39335641264915466,0.39335641264915466,0.35370072722435,0.03965568542480469,2.7760625
base,3,p363_294_mic1,p363,data\VCTK\wav48_silence_trimmed\p363\p363_294_mic1.flac,p363,1,1,0.4366562068462372,0.4366562068462372,0.33056020736694336,0.10609599947929382,2.7760625
lca,1,p363_294_mic1,p363,data\VCTK\wav48_silence_trimmed\p363\p363_294_mic1.flac,p364,0,1,0.25826844573020935,0.15861862897872925,0.25826844573020935,-0.0996498167514801,2.7760625
lca,2,p363_294_mic1,p363,data\VCTK\wav48_silence_trimmed\p363\p363_294_mic1.flac,p281,0,1,0.2978529632091522,0.2395365983247757,0.2978529632091522,-0.058316364884376526,2.7760625
lca,3,p363_294_mic1,p363,data\VCTK\wav48_silence_trimmed\p363\p363_294_mic1.flac,p364,0,1,0.307232141494751,0.2763843834400177,0.307232141494751,-0.030847758054733276,2.7760625
original,0,p363_413_mic2,p363,data\VCTK\wav48_silence_trimmed\p363\p363_413_mic2.flac,p363,1,1,0.4898143410682678,0.4898143410682678,0.3266810178756714,0.16313332319259644,2.1370625
base,1,p363_413_mic2,p363,data\VCTK\wav48_silence_trimmed\p363\p363_413_mic2.flac,p311,0,1,0.26178237795829773,0.07934315502643585,0.26178237795829773,-0.18243922293186188,2.1370625
base,2,p363_413_mic2,p363,data\VCTK\wav48_silence_trimmed\p363\p363_413_mic2.flac,p364,0,1,0.31585806608200073,0.18143922090530396,0.31585806608200073,-0.13441884517669678,2.1370625
base,3,p363_413_mic2,p363,data\VCTK\wav48_silence_trimmed\p363\p363_413_mic2.flac,p364,0,1,0.30808186531066895,0.2771856486797333,0.30808186531066895,-0.03089621663093567,2.1370625
lca,1,p363_413_mic2,p363,data\VCTK\wav48_silence_trimmed\p363\p363_413_mic2.flac,p271,0,1,0.3570407032966614,0.020207922905683517,0.3570407032966614,-0.33683278039097786,2.1370625
lca,2,p363_413_mic2,p363,data\VCTK\wav48_silence_trimmed\p363\p363_413_mic2.flac,p364,0,1,0.3079913854598999,0.13573427498340607,0.3079913854598999,-0.17225711047649384,2.1370625
lca,3,p363_413_mic2,p363,data\VCTK\wav48_silence_trimmed\p363\p363_413_mic2.flac,p271,0,1,0.3000985383987427,0.19480368494987488,0.3000985383987427,-0.1052948534488678,2.1370625
original,0,p364_017_mic2,p364,data\VCTK\wav48_silence_trimmed\p364\p364_017_mic2.flac,p364,1,1,0.8513298034667969,0.8513298034667969,0.39962124824523926,0.4517085552215576,4.34375
base,1,p364_017_mic2,p364,data\VCTK\wav48_silence_trimmed\p364\p364_017_mic2.flac,p364,1,1,0.4233686327934265,0.4233686327934265,0.29867684841156006,0.12469178438186646,4.34375
base,2,p364_017_mic2,p364,data\VCTK\wav48_silence_trimmed\p364\p364_017_mic2.flac,p364,1,1,0.45810243487358093,0.45810243487358093,0.36398372054100037,0.09411871433258057,4.34375
base,3,p364_017_mic2,p364,data\VCTK\wav48_silence_trimmed\p364\p364_017_mic2.flac,p364,1,1,0.4555596709251404,0.4555596709251404,0.35129594802856445,0.10426372289657593,4.34375
lca,1,p364_017_mic2,p364,data\VCTK\wav48_silence_trimmed\p364\p364_017_mic2.flac,p281,0,1,0.3396911919116974,0.30418860912323,0.3396911919116974,-0.03550258278846741,4.34375
lca,2,p364_017_mic2,p364,data\VCTK\wav48_silence_trimmed\p364\p364_017_mic2.flac,p364,1,1,0.4192022681236267,0.4192022681236267,0.2894963324069977,0.12970593571662903,4.34375
lca,3,p364_017_mic2,p364,data\VCTK\wav48_silence_trimmed\p364\p364_017_mic2.flac,p364,1,1,0.4874553978443146,0.4874553978443146,0.33030828833580017,0.1571471095085144,4.34375
original,0,p364_018_mic2,p364,data\VCTK\wav48_silence_trimmed\p364\p364_018_mic2.flac,p364,1,1,0.8572248220443726,0.8572248220443726,0.371864914894104,0.48535990715026855,6.614875
base,1,p364_018_mic2,p364,data\VCTK\wav48_silence_trimmed\p364\p364_018_mic2.flac,p364,1,1,0.2893019914627075,0.2893019914627075,0.27651646733283997,0.012785524129867554,6.614875
base,2,p364_018_mic2,p364,data\VCTK\wav48_silence_trimmed\p364\p364_018_mic2.flac,p364,1,1,0.5020273923873901,0.5020273923873901,0.28183838725090027,0.22018900513648987,6.614875
base,3,p364_018_mic2,p364,data\VCTK\wav48_silence_trimmed\p364\p364_018_mic2.flac,p364,1,1,0.5174094438552856,0.5174094438552856,0.3254149258136749,0.19199451804161072,6.614875
lca,1,p364_018_mic2,p364,data\VCTK\wav48_silence_trimmed\p364\p364_018_mic2.flac,p281,0,1,0.2971758544445038,0.25434941053390503,0.2971758544445038,-0.042826443910598755,6.614875
lca,2,p364_018_mic2,p364,data\VCTK\wav48_silence_trimmed\p364\p364_018_mic2.flac,p364,1,1,0.4467824697494507,0.4467824697494507,0.3124014139175415,0.13438105583190918,6.614875
lca,3,p364_018_mic2,p364,data\VCTK\wav48_silence_trimmed\p364\p364_018_mic2.flac,p364,1,1,0.4830002188682556,0.4830002188682556,0.3437574505805969,0.1392427682876587,6.614875
original,0,p364_097_mic1,p364,data\VCTK\wav48_silence_trimmed\p364\p364_097_mic1.flac,p364,1,1,0.8045870661735535,0.8045870661735535,0.35903701186180115,0.4455500543117523,3.0365625
base,1,p364_097_mic1,p364,data\VCTK\wav48_silence_trimmed\p364\p364_097_mic1.flac,p311,0,1,0.3504847288131714,0.3053269386291504,0.3504847288131714,-0.045157790184020996,3.0365625
base,2,p364_097_mic1,p364,data\VCTK\wav48_silence_trimmed\p364\p364_097_mic1.flac,p364,1,1,0.5597844123840332,0.5597844123840332,0.37264353036880493,0.18714088201522827,3.0365625
base,3,p364_097_mic1,p364,data\VCTK\wav48_silence_trimmed\p364\p364_097_mic1.flac,p364,1,1,0.5249229669570923,0.5249229669570923,0.35895270109176636,0.16597026586532593,3.0365625
lca,1,p364_097_mic1,p364,data\VCTK\wav48_silence_trimmed\p364\p364_097_mic1.flac,p271,0,1,0.31905215978622437,0.29580962657928467,0.31905215978622437,-0.023242533206939697,3.0365625
lca,2,p364_097_mic1,p364,data\VCTK\wav48_silence_trimmed\p364\p364_097_mic1.flac,p364,1,1,0.4007100462913513,0.4007100462913513,0.3680499792098999,0.032660067081451416,3.0365625
lca,3,p364_097_mic1,p364,data\VCTK\wav48_silence_trimmed\p364\p364_097_mic1.flac,p364,1,1,0.4887188673019409,0.4887188673019409,0.3557531535625458,0.13296571373939514,3.0365625
original,0,p364_251_mic1,p364,data\VCTK\wav48_silence_trimmed\p364\p364_251_mic1.flac,p364,1,1,0.6756219267845154,0.6756219267845154,0.3538338541984558,0.32178807258605957,2.5448125
base,1,p364_251_mic1,p364,data\VCTK\wav48_silence_trimmed\p364\p364_251_mic1.flac,p311,0,1,0.36122941970825195,0.3331381678581238,0.36122941970825195,-0.028091251850128174,2.5448125
base,2,p364_251_mic1,p364,data\VCTK\wav48_silence_trimmed\p364\p364_251_mic1.flac,p364,1,1,0.4120367467403412,0.4120367467403412,0.3053628206253052,0.10667392611503601,2.5448125
base,3,p364_251_mic1,p364,data\VCTK\wav48_silence_trimmed\p364\p364_251_mic1.flac,p364,1,1,0.5341373682022095,0.5341373682022095,0.30735093355178833,0.22678643465042114,2.5448125
lca,1,p364_251_mic1,p364,data\VCTK\wav48_silence_trimmed\p364\p364_251_mic1.flac,p364,1,1,0.28967195749282837,0.28967195749282837,0.28169459104537964,0.00797736644744873,2.5448125
lca,2,p364_251_mic1,p364,data\VCTK\wav48_silence_trimmed\p364\p364_251_mic1.flac,p364,1,1,0.40100225806236267,0.40100225806236267,0.332236111164093,0.06876614689826965,2.5448125
lca,3,p364_251_mic1,p364,data\VCTK\wav48_silence_trimmed\p364\p364_251_mic1.flac,p364,1,1,0.47953328490257263,0.47953328490257263,0.3349243402481079,0.14460894465446472,2.5448125
original,0,p364_254_mic1,p364,data\VCTK\wav48_silence_trimmed\p364\p364_254_mic1.flac,p364,1,1,0.5503368377685547,0.5503368377685547,0.33857113122940063,0.21176570653915405,1.881875
base,1,p364_254_mic1,p364,data\VCTK\wav48_silence_trimmed\p364\p364_254_mic1.flac,p374,0,1,0.3662649989128113,0.24977968633174896,0.3662649989128113,-0.11648531258106232,1.881875
base,2,p364_254_mic1,p364,data\VCTK\wav48_silence_trimmed\p364\p364_254_mic1.flac,p374,0,1,0.35103702545166016,0.3120551109313965,0.35103702545166016,-0.03898191452026367,1.881875
base,3,p364_254_mic1,p364,data\VCTK\wav48_silence_trimmed\p364\p364_254_mic1.flac,p364,1,1,0.41567403078079224,0.41567403078079224,0.36896616220474243,0.046707868576049805,1.881875
lca,1,p364_254_mic1,p364,data\VCTK\wav48_silence_trimmed\p364\p364_254_mic1.flac,p374,0,1,0.35041654109954834,0.2979968190193176,0.35041654109954834,-0.05241972208023071,1.881875
lca,2,p364_254_mic1,p364,data\VCTK\wav48_silence_trimmed\p364\p364_254_mic1.flac,p364,1,1,0.32181182503700256,0.32181182503700256,0.32090213894844055,0.0009096860885620117,1.881875
lca,3,p364_254_mic1,p364,data\VCTK\wav48_silence_trimmed\p364\p364_254_mic1.flac,p364,1,1,0.4226040542125702,0.4226040542125702,0.3376893401145935,0.08491471409797668,1.881875
original,0,p374_046_mic1,p374,data\VCTK\wav48_silence_trimmed\p374\p374_046_mic1.flac,p374,1,1,0.6672097444534302,0.6672097444534302,0.43414926528930664,0.23306047916412354,2.980875
base,1,p374_046_mic1,p374,data\VCTK\wav48_silence_trimmed\p374\p374_046_mic1.flac,p374,1,1,0.35538250207901,0.35538250207901,0.30630403757095337,0.04907846450805664,2.980875
base,2,p374_046_mic1,p374,data\VCTK\wav48_silence_trimmed\p374\p374_046_mic1.flac,p374,1,1,0.3990997076034546,0.3990997076034546,0.38813257217407227,0.010967135429382324,2.980875
base,3,p374_046_mic1,p374,data\VCTK\wav48_silence_trimmed\p374\p374_046_mic1.flac,p374,1,1,0.4298759996891022,0.4298759996891022,0.3893166184425354,0.04055938124656677,2.980875
lca,1,p374_046_mic1,p374,data\VCTK\wav48_silence_trimmed\p374\p374_046_mic1.flac,p271,0,1,0.33451107144355774,0.3242636024951935,0.33451107144355774,-0.010247468948364258,2.980875
lca,2,p374_046_mic1,p374,data\VCTK\wav48_silence_trimmed\p374\p374_046_mic1.flac,p271,0,1,0.4340902864933014,0.39244893193244934,0.4340902864933014,-0.04164135456085205,2.980875
lca,3,p374_046_mic1,p374,data\VCTK\wav48_silence_trimmed\p374\p374_046_mic1.flac,p374,1,1,0.45820268988609314,0.45820268988609314,0.41339531540870667,0.044807374477386475,2.980875
original,0,p374_153_mic2,p374,data\VCTK\wav48_silence_trimmed\p374\p374_153_mic2.flac,p374,1,1,0.7340008020401001,0.7340008020401001,0.3297432065010071,0.404257595539093,2.6906875
base,1,p374_153_mic2,p374,data\VCTK\wav48_silence_trimmed\p374\p374_153_mic2.flac,p374,1,1,0.4673060476779938,0.4673060476779938,0.3120700418949127,0.15523600578308105,2.6906875
base,2,p374_153_mic2,p374,data\VCTK\wav48_silence_trimmed\p374\p374_153_mic2.flac,p374,1,1,0.49486425518989563,0.49486425518989563,0.3934445381164551,0.10141971707344055,2.6906875
base,3,p374_153_mic2,p374,data\VCTK\wav48_silence_trimmed\p374\p374_153_mic2.flac,p374,1,1,0.5433763861656189,0.5433763861656189,0.42524784803390503,0.11812853813171387,2.6906875
lca,1,p374_153_mic2,p374,data\VCTK\wav48_silence_trimmed\p374\p374_153_mic2.flac,p374,1,1,0.3150658905506134,0.3150658905506134,0.2801746726036072,0.034891217947006226,2.6906875
lca,2,p374_153_mic2,p374,data\VCTK\wav48_silence_trimmed\p374\p374_153_mic2.flac,p374,1,1,0.37520915269851685,0.37520915269851685,0.34209904074668884,0.033110111951828,2.6906875
lca,3,p374_153_mic2,p374,data\VCTK\wav48_silence_trimmed\p374\p374_153_mic2.flac,p374,1,1,0.357965350151062,0.357965350151062,0.33775925636291504,0.020206093788146973,2.6906875
original,0,p374_192_mic1,p374,data\VCTK\wav48_silence_trimmed\p374\p374_192_mic1.flac,p374,1,1,0.6462084054946899,0.6462084054946899,0.37607598304748535,0.2701324224472046,3.2440625
base,1,p374_192_mic1,p374,data\VCTK\wav48_silence_trimmed\p374\p374_192_mic1.flac,p374,1,1,0.3235982656478882,0.3235982656478882,0.2747066617012024,0.04889160394668579,3.2440625
base,2,p374_192_mic1,p374,data\VCTK\wav48_silence_trimmed\p374\p374_192_mic1.flac,p311,0,1,0.398926705121994,0.33807992935180664,0.398926705121994,-0.06084677577018738,3.2440625
base,3,p374_192_mic1,p374,data\VCTK\wav48_silence_trimmed\p374\p374_192_mic1.flac,p311,0,1,0.39315518736839294,0.3909538984298706,0.39315518736839294,-0.002201288938522339,3.2440625
lca,1,p374_192_mic1,p374,data\VCTK\wav48_silence_trimmed\p374\p374_192_mic1.flac,p374,1,1,0.29651516675949097,0.29651516675949097,0.24831756949424744,0.04819759726524353,3.2440625
lca,2,p374_192_mic1,p374,data\VCTK\wav48_silence_trimmed\p374\p374_192_mic1.flac,p311,0,1,0.3409925103187561,0.19803732633590698,0.3409925103187561,-0.14295518398284912,3.2440625
lca,3,p374_192_mic1,p374,data\VCTK\wav48_silence_trimmed\p374\p374_192_mic1.flac,p311,0,1,0.40732845664024353,0.22706866264343262,0.40732845664024353,-0.1802597939968109,3.2440625
original,0,p374_260_mic2,p374,data\VCTK\wav48_silence_trimmed\p374\p374_260_mic2.flac,p374,1,1,0.6055654883384705,0.6055654883384705,0.3424704968929291,0.2630949914455414,2.563625
base,1,p374_260_mic2,p374,data\VCTK\wav48_silence_trimmed\p374\p374_260_mic2.flac,p374,1,1,0.3905913531780243,0.3905913531780243,0.33178356289863586,0.05880779027938843,2.563625
base,2,p374_260_mic2,p374,data\VCTK\wav48_silence_trimmed\p374\p374_260_mic2.flac,p374,1,1,0.4173402786254883,0.4173402786254883,0.3160613179206848,0.10127896070480347,2.563625
base,3,p374_260_mic2,p374,data\VCTK\wav48_silence_trimmed\p374\p374_260_mic2.flac,p374,1,1,0.37242668867111206,0.37242668867111206,0.35048389434814453,0.02194279432296753,2.563625
lca,1,p374_260_mic2,p374,data\VCTK\wav48_silence_trimmed\p374\p374_260_mic2.flac,p364,0,1,0.25868284702301025,0.2311343550682068,0.25868284702301025,-0.027548491954803467,2.563625
lca,2,p374_260_mic2,p374,data\VCTK\wav48_silence_trimmed\p374\p374_260_mic2.flac,p374,1,1,0.3139348030090332,0.3139348030090332,0.3096792995929718,0.004255503416061401,2.563625
lca,3,p374_260_mic2,p374,data\VCTK\wav48_silence_trimmed\p374\p374_260_mic2.flac,p271,0,1,0.3284059762954712,0.3059011697769165,0.3284059762954712,-0.022504806518554688,2.563625
original,0,p374_299_mic2,p374,data\VCTK\wav48_silence_trimmed\p374\p374_299_mic2.flac,p374,1,1,0.6739470958709717,0.6739470958709717,0.3148275315761566,0.35911956429481506,2.9729375
base,1,p374_299_mic2,p374,data\VCTK\wav48_silence_trimmed\p374\p374_299_mic2.flac,p374,1,1,0.41178256273269653,0.41178256273269653,0.40999072790145874,0.001791834831237793,2.9729375
base,2,p374_299_mic2,p374,data\VCTK\wav48_silence_trimmed\p374\p374_299_mic2.flac,p374,1,1,0.4147860109806061,0.4147860109806061,0.35589951276779175,0.05888649821281433,2.9729375
base,3,p374_299_mic2,p374,data\VCTK\wav48_silence_trimmed\p374\p374_299_mic2.flac,p374,1,1,0.4534749984741211,0.4534749984741211,0.3578302264213562,0.09564477205276489,2.9729375
lca,1,p374_299_mic2,p374,data\VCTK\wav48_silence_trimmed\p374\p374_299_mic2.flac,p360,0,1,0.31234192848205566,0.2973789870738983,0.31234192848205566,-0.014962941408157349,2.9729375
lca,2,p374_299_mic2,p374,data\VCTK\wav48_silence_trimmed\p374\p374_299_mic2.flac,p374,1,1,0.3430904746055603,0.3430904746055603,0.307682603597641,0.03540787100791931,2.9729375
lca,3,p374_299_mic2,p374,data\VCTK\wav48_silence_trimmed\p374\p374_299_mic2.flac,p374,1,1,0.3439353108406067,0.3439353108406067,0.3184002935886383,0.025535017251968384,2.9729375
original,0,p376_140_mic1,p376,data\VCTK\wav48_silence_trimmed\p376\p376_140_mic1.flac,p376,1,1,0.784002423286438,0.784002423286438,0.41478538513183594,0.36921703815460205,2.4873125
base,1,p376_140_mic1,p376,data\VCTK\wav48_silence_trimmed\p376\p376_140_mic1.flac,p360,0,1,0.2939646244049072,0.1885087788105011,0.2939646244049072,-0.10545584559440613,2.4873125
base,2,p376_140_mic1,p376,data\VCTK\wav48_silence_trimmed\p376\p376_140_mic1.flac,p376,1,1,0.38799187541007996,0.38799187541007996,0.330343633890152,0.05764824151992798,2.4873125
base,3,p376_140_mic1,p376,data\VCTK\wav48_silence_trimmed\p376\p376_140_mic1.flac,p376,1,1,0.3768068552017212,0.3768068552017212,0.30110639333724976,0.07570046186447144,2.4873125
lca,1,p376_140_mic1,p376,data\VCTK\wav48_silence_trimmed\p376\p376_140_mic1.flac,p262,0,1,0.322123646736145,0.2750362753868103,0.322123646736145,-0.04708737134933472,2.4873125
lca,2,p376_140_mic1,p376,data\VCTK\wav48_silence_trimmed\p376\p376_140_mic1.flac,p360,0,1,0.3674009442329407,0.32542550563812256,0.3674009442329407,-0.041975438594818115,2.4873125
lca,3,p376_140_mic1,p376,data\VCTK\wav48_silence_trimmed\p376\p376_140_mic1.flac,p376,1,1,0.36694592237472534,0.36694592237472534,0.30411362648010254,0.0628322958946228,2.4873125
original,0,p376_174_mic1,p376,data\VCTK\wav48_silence_trimmed\p376\p376_174_mic1.flac,p376,1,1,0.7304922342300415,0.7304922342300415,0.41660115122795105,0.31389108300209045,2.183875
base,1,p376_174_mic1,p376,data\VCTK\wav48_silence_trimmed\p376\p376_174_mic1.flac,p311,0,1,0.2708430886268616,0.22685785591602325,0.2708430886268616,-0.04398523271083832,2.183875
base,2,p376_174_mic1,p376,data\VCTK\wav48_silence_trimmed\p376\p376_174_mic1.flac,p376,1,1,0.31283044815063477,0.31283044815063477,0.2929465174674988,0.019883930683135986,2.183875
base,3,p376_174_mic1,p376,data\VCTK\wav48_silence_trimmed\p376\p376_174_mic1.flac,p376,1,1,0.3183828294277191,0.3183828294277191,0.3146865665912628,0.003696262836456299,2.183875
lca,1,p376_174_mic1,p376,data\VCTK\wav48_silence_trimmed\p376\p376_174_mic1.flac,p364,0,1,0.25694045424461365,0.0503523126244545,0.25694045424461365,-0.20658814162015915,2.183875
lca,2,p376_174_mic1,p376,data\VCTK\wav48_silence_trimmed\p376\p376_174_mic1.flac,p311,0,1,0.3074635863304138,0.2586021423339844,0.3074635863304138,-0.04886144399642944,2.183875
lca,3,p376_174_mic1,p376,data\VCTK\wav48_silence_trimmed\p376\p376_174_mic1.flac,p376,1,1,0.3574278950691223,0.3574278950691223,0.3222150206565857,0.03521287441253662,2.183875
original,0,p376_190_mic2,p376,data\VCTK\wav48_silence_trimmed\p376\p376_190_mic2.flac,p376,1,1,0.6687140464782715,0.6687140464782715,0.4358566999435425,0.232857346534729,2.6323125
base,1,p376_190_mic2,p376,data\VCTK\wav48_silence_trimmed\p376\p376_190_mic2.flac,p374,0,1,0.3088190257549286,0.13647449016571045,0.3088190257549286,-0.17234453558921814,2.6323125
base,2,p376_190_mic2,p376,data\VCTK\wav48_silence_trimmed\p376\p376_190_mic2.flac,p376,1,1,0.2924545407295227,0.2924545407295227,0.28379762172698975,0.008656919002532959,2.6323125
base,3,p376_190_mic2,p376,data\VCTK\wav48_silence_trimmed\p376\p376_190_mic2.flac,p376,1,1,0.3356066346168518,0.3356066346168518,0.29275333881378174,0.04285329580307007,2.6323125
lca,1,p376_190_mic2,p376,data\VCTK\wav48_silence_trimmed\p376\p376_190_mic2.flac,p281,0,1,0.2661379873752594,0.12549860775470734,0.2661379873752594,-0.14063937962055206,2.6323125
lca,2,p376_190_mic2,p376,data\VCTK\wav48_silence_trimmed\p376\p376_190_mic2.flac,p311,0,1,0.37223944067955017,0.2201288342475891,0.37223944067955017,-0.15211060643196106,2.6323125
lca,3,p376_190_mic2,p376,data\VCTK\wav48_silence_trimmed\p376\p376_190_mic2.flac,p271,0,1,0.3061905801296234,0.2707592844963074,0.3061905801296234,-0.03543129563331604,2.6323125
original,0,p376_216_mic1,p376,data\VCTK\wav48_silence_trimmed\p376\p376_216_mic1.flac,p376,1,1,0.6630235910415649,0.6630235910415649,0.3698091506958008,0.29321444034576416,3.25175
base,1,p376_216_mic1,p376,data\VCTK\wav48_silence_trimmed\p376\p376_216_mic1.flac,p246,0,1,0.2926241159439087,0.22169795632362366,0.2926241159439087,-0.07092615962028503,3.25175
base,2,p376_216_mic1,p376,data\VCTK\wav48_silence_trimmed\p376\p376_216_mic1.flac,p376,1,1,0.445793479681015,0.445793479681015,0.3375800848007202,0.1082133948802948,3.25175
base,3,p376_216_mic1,p376,data\VCTK\wav48_silence_trimmed\p376\p376_216_mic1.flac,p376,1,1,0.5211871266365051,0.5211871266365051,0.36082494258880615,0.16036218404769897,3.25175
lca,1,p376_216_mic1,p376,data\VCTK\wav48_silence_trimmed\p376\p376_216_mic1.flac,p281,0,1,0.31544244289398193,0.2568823993206024,0.31544244289398193,-0.05856004357337952,3.25175
lca,2,p376_216_mic1,p376,data\VCTK\wav48_silence_trimmed\p376\p376_216_mic1.flac,p364,0,1,0.35917800664901733,0.3497942388057709,0.35917800664901733,-0.00938376784324646,3.25175
lca,3,p376_216_mic1,p376,data\VCTK\wav48_silence_trimmed\p376\p376_216_mic1.flac,p376,1,1,0.35098469257354736,0.35098469257354736,0.30496254563331604,0.04602214694023132,3.25175
original,0,p376_395_mic2,p376,data\VCTK\wav48_silence_trimmed\p376\p376_395_mic2.flac,p376,1,1,0.7210464477539062,0.7210464477539062,0.3742868900299072,0.346759557723999,2.6025
base,1,p376_395_mic2,p376,data\VCTK\wav48_silence_trimmed\p376\p376_395_mic2.flac,p270,0,1,0.28553035855293274,0.13273939490318298,0.28553035855293274,-0.15279096364974976,2.6025
base,2,p376_395_mic2,p376,data\VCTK\wav48_silence_trimmed\p376\p376_395_mic2.flac,p376,1,1,0.4120102524757385,0.4120102524757385,0.3261875808238983,0.08582267165184021,2.6025
base,3,p376_395_mic2,p376,data\VCTK\wav48_silence_trimmed\p376\p376_395_mic2.flac,p376,1,1,0.47694262862205505,0.47694262862205505,0.31468936800956726,0.1622532606124878,2.6025
lca,1,p376_395_mic2,p376,data\VCTK\wav48_silence_trimmed\p376\p376_395_mic2.flac,p281,0,1,0.3346138000488281,0.11665263772010803,0.3346138000488281,-0.2179611623287201,2.6025
lca,2,p376_395_mic2,p376,data\VCTK\wav48_silence_trimmed\p376\p376_395_mic2.flac,p311,0,1,0.32237476110458374,0.308172345161438,0.32237476110458374,-0.014202415943145752,2.6025
lca,3,p376_395_mic2,p376,data\VCTK\wav48_silence_trimmed\p376\p376_395_mic2.flac,p311,0,1,0.3485296666622162,0.31168025732040405,0.3485296666622162,-0.036849409341812134,2.6025
original,0,s5_053_mic1,s5,data\VCTK\wav48_silence_trimmed\s5\s5_053_mic1.flac,s5,1,1,0.7957280278205872,0.7957280278205872,0.395119845867157,0.4006081819534302,3.972625
base,1,s5_053_mic1,s5,data\VCTK\wav48_silence_trimmed\s5\s5_053_mic1.flac,p330,0,1,0.34242182970046997,0.1809820532798767,0.34242182970046997,-0.16143977642059326,3.972625
base,2,s5_053_mic1,s5,data\VCTK\wav48_silence_trimmed\s5\s5_053_mic1.flac,p277,0,1,0.36134958267211914,0.31460562348365784,0.36134958267211914,-0.046743959188461304,3.972625
base,3,s5_053_mic1,s5,data\VCTK\wav48_silence_trimmed\s5\s5_053_mic1.flac,p277,0,1,0.40807515382766724,0.37531185150146484,0.40807515382766724,-0.03276330232620239,3.972625
lca,1,s5_053_mic1,s5,data\VCTK\wav48_silence_trimmed\s5\s5_053_mic1.flac,p280,0,1,0.4774874746799469,0.28832563757896423,0.4774874746799469,-0.18916183710098267,3.972625
lca,2,s5_053_mic1,s5,data\VCTK\wav48_silence_trimmed\s5\s5_053_mic1.flac,p280,0,1,0.4991235136985779,0.3570537269115448,0.4991235136985779,-0.14206978678703308,3.972625
lca,3,s5_053_mic1,s5,data\VCTK\wav48_silence_trimmed\s5\s5_053_mic1.flac,p280,0,1,0.4926847219467163,0.4604509770870209,0.4926847219467163,-0.032233744859695435,3.972625
original,0,s5_291_mic1,s5,data\VCTK\wav48_silence_trimmed\s5\s5_291_mic1.flac,s5,1,1,0.8222464323043823,0.8222464323043823,0.4649087190628052,0.35733771324157715,4.482625
base,1,s5_291_mic1,s5,data\VCTK\wav48_silence_trimmed\s5\s5_291_mic1.flac,p280,0,1,0.4160722494125366,0.24658948183059692,0.4160722494125366,-0.1694827675819397,4.482625
base,2,s5_291_mic1,s5,data\VCTK\wav48_silence_trimmed\s5\s5_291_mic1.flac,p249,0,1,0.4111171364784241,0.33857589960098267,0.4111171364784241,-0.0725412368774414,4.482625
base,3,s5_291_mic1,s5,data\VCTK\wav48_silence_trimmed\s5\s5_291_mic1.flac,p266,0,1,0.4437079429626465,0.4098130166530609,0.4437079429626465,-0.03389492630958557,4.482625
lca,1,s5_291_mic1,s5,data\VCTK\wav48_silence_trimmed\s5\s5_291_mic1.flac,p280,0,1,0.42863887548446655,0.33752599358558655,0.42863887548446655,-0.09111288189888,4.482625
lca,2,s5_291_mic1,s5,data\VCTK\wav48_silence_trimmed\s5\s5_291_mic1.flac,p266,0,1,0.4444839656352997,0.34278130531311035,0.4444839656352997,-0.10170266032218933,4.482625
lca,3,s5_291_mic1,s5,data\VCTK\wav48_silence_trimmed\s5\s5_291_mic1.flac,p266,0,1,0.43469542264938354,0.4178292155265808,0.43469542264938354,-0.016866207122802734,4.482625
original,0,s5_313_mic1,s5,data\VCTK\wav48_silence_trimmed\s5\s5_313_mic1.flac,s5,1,1,0.7236533164978027,0.7236533164978027,0.53312087059021,0.19053244590759277,3.9864375
base,1,s5_313_mic1,s5,data\VCTK\wav48_silence_trimmed\s5\s5_313_mic1.flac,p330,0,1,0.32832100987434387,0.1180279403924942,0.32832100987434387,-0.21029306948184967,3.9864375
base,2,s5_313_mic1,s5,data\VCTK\wav48_silence_trimmed\s5\s5_313_mic1.flac,p264,0,1,0.3831748366355896,0.25661349296569824,0.3831748366355896,-0.12656134366989136,3.9864375
base,3,s5_313_mic1,s5,data\VCTK\wav48_silence_trimmed\s5\s5_313_mic1.flac,p230,0,1,0.4013437330722809,0.2850678861141205,0.4013437330722809,-0.1162758469581604,3.9864375
lca,1,s5_313_mic1,s5,data\VCTK\wav48_silence_trimmed\s5\s5_313_mic1.flac,p261,0,1,0.39986705780029297,0.23162010312080383,0.39986705780029297,-0.16824695467948914,3.9864375
lca,2,s5_313_mic1,s5,data\VCTK\wav48_silence_trimmed\s5\s5_313_mic1.flac,p230,0,1,0.3997998833656311,0.2705203592777252,0.3997998833656311,-0.12927952408790588,3.9864375
lca,3,s5_313_mic1,s5,data\VCTK\wav48_silence_trimmed\s5\s5_313_mic1.flac,p230,0,1,0.43010053038597107,0.2998256981372833,0.43010053038597107,-0.13027483224868774,3.9864375
original,0,s5_324_mic1,s5,data\VCTK\wav48_silence_trimmed\s5\s5_324_mic1.flac,s5,1,1,0.7802531719207764,0.7802531719207764,0.4591425061225891,0.32111066579818726,3.733
base,1,s5_324_mic1,s5,data\VCTK\wav48_silence_trimmed\s5\s5_324_mic1.flac,p306,0,1,0.33318424224853516,0.2112998515367508,0.33318424224853516,-0.12188439071178436,3.733
base,2,s5_324_mic1,s5,data\VCTK\wav48_silence_trimmed\s5\s5_324_mic1.flac,p264,0,1,0.4288378357887268,0.332120805978775,0.4288378357887268,-0.09671702980995178,3.733
base,3,s5_324_mic1,s5,data\VCTK\wav48_silence_trimmed\s5\s5_324_mic1.flac,p266,0,1,0.4224051833152771,0.40271610021591187,0.4224051833152771,-0.019689083099365234,3.733
lca,1,s5_324_mic1,s5,data\VCTK\wav48_silence_trimmed\s5\s5_324_mic1.flac,p262,0,1,0.3997820019721985,0.22326770424842834,0.3997820019721985,-0.17651429772377014,3.733
lca,2,s5_324_mic1,s5,data\VCTK\wav48_silence_trimmed\s5\s5_324_mic1.flac,p264,0,1,0.41979700326919556,0.2908160388469696,0.41979700326919556,-0.12898096442222595,3.733
lca,3,s5_324_mic1,s5,data\VCTK\wav48_silence_trimmed\s5\s5_324_mic1.flac,p280,0,1,0.4340348541736603,0.3643256425857544,0.4340348541736603,-0.06970921158790588,3.733
original,0,s5_396_mic1,s5,data\VCTK\wav48_silence_trimmed\s5\s5_396_mic1.flac,s5,1,1,0.7971888780593872,0.7971888780593872,0.43701034784317017,0.36017853021621704,4.056125
base,1,s5_396_mic1,s5,data\VCTK\wav48_silence_trimmed\s5\s5_396_mic1.flac,p230,0,1,0.318989098072052,0.26855117082595825,0.318989098072052,-0.05043792724609375,4.056125
base,2,s5_396_mic1,s5,data\VCTK\wav48_silence_trimmed\s5\s5_396_mic1.flac,p283,0,1,0.39079511165618896,0.3907517194747925,0.39079511165618896,-4.3392181396484375e-05,4.056125
base,3,s5_396_mic1,s5,data\VCTK\wav48_silence_trimmed\s5\s5_396_mic1.flac,s5,1,1,0.46165749430656433,0.46165749430656433,0.39984026551246643,0.0618172287940979,4.056125
lca,1,s5_396_mic1,s5,data\VCTK\wav48_silence_trimmed\s5\s5_396_mic1.flac,p280,0,1,0.3693765699863434,0.35147514939308167,0.3693765699863434,-0.01790142059326172,4.056125
lca,2,s5_396_mic1,s5,data\VCTK\wav48_silence_trimmed\s5\s5_396_mic1.flac,p250,0,1,0.43281108140945435,0.42322587966918945,0.43281108140945435,-0.009585201740264893,4.056125
lca,3,s5_396_mic1,s5,data\VCTK\wav48_silence_trimmed\s5\s5_396_mic1.flac,s5,1,1,0.49515125155448914,0.49515125155448914,0.44031646847724915,0.05483478307723999,4.056125
