model,sample_id,L,channel,p_drop,p_sub,ideal_bitrate_bps,duration_sec,wave_l1,rmse,mel_l1,si_snr_db,corr,stoi,pesq_wb,rms_ratio_db,recon_peak,clip_ratio,length_samples,actual_p_drop,actual_p_sub,channel_seed,original_path,recon_path
base,8838-298545-0037,1,clean,0.0,0.0,500,13.79,0.03287934884428978,0.05892985314130783,1.3445154428482056,-4.8458560943584255,0.4967808723449707,0.8069498716478557,1.3720451593399048,-4.101597396313743,0.3259144127368927,0.0,220640,0.0,0.0,57558,output\experiments\exp3_low_load_channel_aware_adaptation_20260530_seed42\samples\original\8838-298545-0037.wav,output\experiments\exp3_low_load_channel_aware_adaptation_20260530_seed42\samples\base\clean\L1\8838-298545-0037.wav
lca,8838-298545-0037,1,clean,0.0,0.0,500,13.79,0.033018942922353745,0.058815937489271164,1.284311294555664,-4.62925352779174,0.5061410665512085,0.8216196803884952,1.4067529439926147,-3.6598299227972486,0.34558093547821045,0.0,220640,0.0,0.0,57558,output\experiments\exp3_low_load_channel_aware_adaptation_20260530_seed42\samples\original\8838-298545-0037.wav,output\experiments\exp3_low_load_channel_aware_adaptation_20260530_seed42\samples\lca\clean\L1\8838-298545-0037.wav
base,8838-298545-0037,1,dropout-low,0.01,0.0,500,13.79,0.03304778411984444,0.059202540665864944,1.3491570949554443,-4.969963265500623,0.49144455790519714,0.8033462518624023,1.3532027006149292,-4.076497235818944,0.3259144127368927,0.0,220640,0.011594202898550725,0.0,57167,output\experiments\exp3_low_load_channel_aware_adaptation_20260530_seed42\samples\original\8838-298545-0037.wav,output\experiments\exp3_low_load_channel_aware_adaptation_20260530_seed42\samples\base\dropout-low\L1\8838-298545-0037.wav
lca,8838-298545-0037,1,dropout-low,0.01,0.0,500,13.79,0.033467214554548264,0.05973350629210472,1.2899850606918335,-5.00968793703526,0.48974084854125977,0.8168871788347621,1.3970134258270264,-3.560276678897148,0.36019158363342285,0.0,220640,0.011594202898550725,0.0,57167,output\experiments\exp3_low_load_channel_aware_adaptation_20260530_seed42\samples\original\8838-298545-0037.wav,output\experiments\exp3_low_load_channel_aware_adaptation_20260530_seed42\samples\lca\dropout-low\L1\8838-298545-0037.wav
base,8838-298545-0037,1,dropout-mid,0.03,0.0,500,13.79,0.033820390701293945,0.060879528522491455,1.3582721948623657,-5.76141339859972,0.4579518735408783,0.7985472353960585,1.3326977491378784,-3.9671820955775527,0.47527459263801575,0.0,220640,0.036231884057971016,0.0,57767,output\experiments\exp3_low_load_channel_aware_adaptation_20260530_seed42\samples\original\8838-298545-0037.wav,output\experiments\exp3_low_load_channel_aware_adaptation_20260530_seed42\samples\base\dropout-mid\L1\8838-298545-0037.wav
lca,8838-298545-0037,1,dropout-mid,0.03,0.0,500,13.79,0.03375618904829025,0.060520585626363754,1.3024442195892334,-5.420024335148805,0.47227680683135986,0.8138975864582885,1.3742132186889648,-3.6375194987422255,0.3722474277019501,0.0,220640,0.036231884057971016,0.0,57767,output\experiments\exp3_low_load_channel_aware_adaptation_20260530_seed42\samples\original\8838-298545-0037.wav,output\experiments\exp3_low_load_channel_aware_adaptation_20260530_seed42\samples\lca\dropout-mid\L1\8838-298545-0037.wav
base,8838-298545-0037,1,substitution-low,0.0,0.001,500,13.79,0.032902058213949203,0.058924734592437744,1.34842050075531,-4.834801658354079,0.4972571134567261,0.8057274096991541,1.3436222076416016,-4.076448723634382,0.3259144127368927,0.0,220640,0.0,0.0014492753623188406,57970,output\experiments\exp3_low_load_channel_aware_adaptation_20260530_seed42\samples\original\8838-298545-0037.wav,output\experiments\exp3_low_load_channel_aware_adaptation_20260530_seed42\samples\base\substitution-low\L1\8838-298545-0037.wav
lca,8838-298545-0037,1,substitution-low,0.0,0.001,500,13.79,0.03307250887155533,0.05883987620472908,1.295106291770935,-4.641570230585459,0.5056073665618896,0.8194940310688107,1.3765864372253418,-3.6632061055036202,0.34558093547821045,0.0,220640,0.0,0.0014492753623188406,57970,output\experiments\exp3_low_load_channel_aware_adaptation_20260530_seed42\samples\original\8838-298545-0037.wav,output\experiments\exp3_low_load_channel_aware_adaptation_20260530_seed42\samples\lca\substitution-low\L1\8838-298545-0037.wav
base,8838-298545-0037,1,substitution-mid,0.0,0.005,500,13.79,0.03290925920009613,0.058991894125938416,1.3596066236495972,-4.86910852701964,0.49577951431274414,0.8028962414668686,1.32987380027771,-4.08143842725301,0.3259144127368927,0.0,220640,0.0,0.008695652173913044,57077,output\experiments\exp3_low_load_channel_aware_adaptation_20260530_seed42\samples\original\8838-298545-0037.wav,output\experiments\exp3_low_load_channel_aware_adaptation_20260530_seed42\samples\base\substitution-mid\L1\8838-298545-0037.wav
lca,8838-298545-0037,1,substitution-mid,0.0,0.005,500,13.79,0.03307380899786949,0.05886374041438103,1.2996208667755127,-4.673261089181915,0.504234790802002,0.8184456971536112,1.3975294828414917,-3.715472389793767,0.3456822335720062,0.0,220640,0.0,0.008695652173913044,57077,output\experiments\exp3_low_load_channel_aware_adaptation_20260530_seed42\samples\original\8838-298545-0037.wav,output\experiments\exp3_low_load_channel_aware_adaptation_20260530_seed42\samples\lca\substitution-mid\L1\8838-298545-0037.wav
base,8838-298545-0037,2,clean,0.0,0.0,1000,13.79,0.025809811428189278,0.04730052128434181,1.0462017059326172,0.36484711569691824,0.7217962145805359,0.861271005276845,1.7829540967941284,-1.4044968377962506,0.4803844690322876,0.0,220640,0.0,0.0,58558,output\experiments\exp3_low_load_channel_aware_adaptation_20260530_seed42\samples\original\8838-298545-0037.wav,output\experiments\exp3_low_load_channel_aware_adaptation_20260530_seed42\samples\base\clean\L2\8838-298545-0037.wav
lca,8838-298545-0037,2,clean,0.0,0.0,1000,13.79,0.02515534497797489,0.045945264399051666,1.0040873289108276,0.7806610940088323,0.7381177544593811,0.8674671795990363,1.8204420804977417,-1.4146426058312576,0.3937506377696991,0.0,220640,0.0,0.0,58558,output\experiments\exp3_low_load_channel_aware_adaptation_20260530_seed42\samples\original\8838-298545-0037.wav,output\experiments\exp3_low_load_channel_aware_adaptation_20260530_seed42\samples\lca\clean\L2\8838-298545-0037.wav
base,8838-298545-0037,2,dropout-low,0.01,0.0,1000,13.79,0.026372207328677177,0.04845688119530678,1.060313105583191,0.019014039655480375,0.7078803181648254,0.851539414713241,1.7018325328826904,-1.3743786752955338,0.46028071641921997,0.0,220640,0.012318840579710146,0.0,58167,output\experiments\exp3_low_load_channel_aware_adaptation_20260530_seed42\samples\original\8838-298545-0037.wav,output\experiments\exp3_low_load_channel_aware_adaptation_20260530_seed42\samples\base\dropout-low\L2\8838-298545-0037.wav
lca,8838-298545-0037,2,dropout-low,0.01,0.0,1000,13.79,0.025788696482777596,0.04723675921559334,1.0172886848449707,0.3746649629896695,0.7221870422363281,0.8583163069934008,1.7236226797103882,-1.43134141311101,0.3939543068408966,0.0,220640,0.012318840579710146,0.0,58167,output\experiments\exp3_low_load_channel_aware_adaptation_20260530_seed42\samples\original\8838-298545-0037.wav,output\experiments\exp3_low_load_channel_aware_adaptation_20260530_seed42\samples\lca\dropout-low\L2\8838-298545-0037.wav
base,8838-298545-0037,2,dropout-mid,0.03,0.0,1000,13.79,0.027328116819262505,0.050632353872060776,1.073557734489441,-0.6731527665393804,0.6792111396789551,0.845493389773331,1.6045933961868286,-1.4096127072304812,0.4810151755809784,0.0,220640,0.031159420289855074,0.0,58767,output\experiments\exp3_low_load_channel_aware_adaptation_20260530_seed42\samples\original\8838-298545-0037.wav,output\experiments\exp3_low_load_channel_aware_adaptation_20260530_seed42\samples\base\dropout-mid\L2\8838-298545-0037.wav
lca,8838-298545-0037,2,dropout-mid,0.03,0.0,1000,13.79,0.026559950783848763,0.04888518527150154,1.0387380123138428,-0.14542276927885495,0.7011630535125732,0.8450486517217771,1.7005256414413452,-1.4509712088075255,0.393546462059021,0.0,220640,0.031159420289855074,0.0,58767,output\experiments\exp3_low_load_channel_aware_adaptation_20260530_seed42\samples\original\8838-298545-0037.wav,output\experiments\exp3_low_load_channel_aware_adaptation_20260530_seed42\samples\lca\dropout-mid\L2\8838-298545-0037.wav
base,8838-298545-0037,2,substitution-low,0.0,0.001,1000,13.79,0.025809811428189278,0.04730052128434181,1.0462017059326172,0.36484711569691824,0.7217962145805359,0.861271005276845,1.7829540967941284,-1.4044968377962506,0.4803844690322876,0.0,220640,0.0,0.0,58970,output\experiments\exp3_low_load_channel_aware_adaptation_20260530_seed42\samples\original\8838-298545-0037.wav,output\experiments\exp3_low_load_channel_aware_adaptation_20260530_seed42\samples\base\substitution-low\L2\8838-298545-0037.wav
lca,8838-298545-0037,2,substitution-low,0.0,0.001,1000,13.79,0.02515534497797489,0.045945264399051666,1.0040873289108276,0.7806610940088323,0.7381177544593811,0.8674671795990363,1.8204420804977417,-1.4146426058312576,0.3937506377696991,0.0,220640,0.0,0.0,58970,output\experiments\exp3_low_load_channel_aware_adaptation_20260530_seed42\samples\original\8838-298545-0037.wav,output\experiments\exp3_low_load_channel_aware_adaptation_20260530_seed42\samples\lca\substitution-low\L2\8838-298545-0037.wav
base,8838-298545-0037,2,substitution-mid,0.0,0.005,1000,13.79,0.025826722383499146,0.047325439751148224,1.0478036403656006,0.35348508809632906,0.7213439345359802,0.8607674425758464,1.7726850509643555,-1.4143093423257833,0.4803844690322876,0.0,220640,0.0,0.002173913043478261,58077,output\experiments\exp3_low_load_channel_aware_adaptation_20260530_seed42\samples\original\8838-298545-0037.wav,output\experiments\exp3_low_load_channel_aware_adaptation_20260530_seed42\samples\base\substitution-mid\L2\8838-298545-0037.wav
lca,8838-298545-0037,2,substitution-mid,0.0,0.005,1000,13.79,0.02523527666926384,0.04610202834010124,1.0057307481765747,0.7249607804828001,0.7359588146209717,0.8661921596922778,1.8169336318969727,-1.436089588233904,0.39399832487106323,0.0,220640,0.0,0.002173913043478261,58077,output\experiments\exp3_low_load_channel_aware_adaptation_20260530_seed42\samples\original\8838-298545-0037.wav,output\experiments\exp3_low_load_channel_aware_adaptation_20260530_seed42\samples\lca\substitution-mid\L2\8838-298545-0037.wav
base,8838-298545-0037,3,clean,0.0,0.0,1500,13.79,0.023706944659352303,0.043239694088697433,0.9816579818725586,1.8969347528380718,0.7794182896614075,0.8798481667597896,1.872251033782959,-0.6619138911764626,0.45209625363349915,0.0,220640,0.0,0.0,59558,output\experiments\exp3_low_load_channel_aware_adaptation_20260530_seed42\samples\original\8838-298545-0037.wav,output\experiments\exp3_low_load_channel_aware_adaptation_20260530_seed42\samples\base\clean\L3\8838-298545-0037.wav
lca,8838-298545-0037,3,clean,0.0,0.0,1500,13.79,0.0219828300178051,0.040074609220027924,0.9338724613189697,2.7913406445385496,0.8095494508743286,0.8929103655933479,2.0817177295684814,-0.7709151209811215,0.4393889605998993,0.0,220640,0.0,0.0,59558,output\experiments\exp3_low_load_channel_aware_adaptation_20260530_seed42\samples\original\8838-298545-0037.wav,output\experiments\exp3_low_load_channel_aware_adaptation_20260530_seed42\samples\lca\clean\L3\8838-298545-0037.wav
base,8838-298545-0037,3,dropout-low,0.01,0.0,1500,13.79,0.024196382611989975,0.04444026201963425,0.9916897416114807,1.540883544595999,0.766668975353241,0.8773372436577445,1.8131003379821777,-0.6709739652160622,0.4819622337818146,0.0,220640,0.00676328502415459,0.0,59167,output\experiments\exp3_low_load_channel_aware_adaptation_20260530_seed42\samples\original\8838-298545-0037.wav,output\experiments\exp3_low_load_channel_aware_adaptation_20260530_seed42\samples\base\dropout-low\L3\8838-298545-0037.wav
lca,8838-298545-0037,3,dropout-low,0.01,0.0,1500,13.79,0.022657610476017,0.04284030571579933,0.9435082077980042,1.9676456289569857,0.7819004058837891,0.8906308177896783,2.012289047241211,-0.76387609585561,0.4396132826805115,0.0,220640,0.00676328502415459,0.0,59167,output\experiments\exp3_low_load_channel_aware_adaptation_20260530_seed42\samples\original\8838-298545-0037.wav,output\experiments\exp3_low_load_channel_aware_adaptation_20260530_seed42\samples\lca\dropout-low\L3\8838-298545-0037.wav
base,8838-298545-0037,3,dropout-mid,0.03,0.0,1500,13.79,0.02499663643538952,0.04542447626590729,0.999725341796875,1.26719546433928,0.7565926909446716,0.866591531187866,1.8138835430145264,-0.6451846559849683,0.45341256260871887,0.0,220640,0.02608695652173913,0.0,59767,output\experiments\exp3_low_load_channel_aware_adaptation_20260530_seed42\samples\original\8838-298545-0037.wav,output\experiments\exp3_low_load_channel_aware_adaptation_20260530_seed42\samples\base\dropout-mid\L3\8838-298545-0037.wav
lca,8838-298545-0037,3,dropout-mid,0.03,0.0,1500,13.79,0.02312396839261055,0.04193413630127907,0.9461153149604797,2.2051961346944355,0.7901155352592468,0.8834550288850493,1.968682050704956,-0.8410436318091239,0.4386955499649048,0.0,220640,0.02608695652173913,0.0,59767,output\experiments\exp3_low_load_channel_aware_adaptation_20260530_seed42\samples\original\8838-298545-0037.wav,output\experiments\exp3_low_load_channel_aware_adaptation_20260530_seed42\samples\lca\dropout-mid\L3\8838-298545-0037.wav
base,8838-298545-0037,3,substitution-low,0.0,0.001,1500,13.79,0.02368701621890068,0.0432252362370491,0.9852931499481201,1.8929033873638803,0.7792761921882629,0.879525580633296,1.8654162883758545,-0.6792154329727378,0.45209625363349915,0.0,220640,0.0,0.0024154589371980675,59970,output\experiments\exp3_low_load_channel_aware_adaptation_20260530_seed42\samples\original\8838-298545-0037.wav,output\experiments\exp3_low_load_channel_aware_adaptation_20260530_seed42\samples\base\substitution-low\L3\8838-298545-0037.wav
lca,8838-298545-0037,3,substitution-low,0.0,0.001,1500,13.79,0.0220428928732872,0.04012538865208626,0.9374140501022339,2.777419455276067,0.809101939201355,0.8929779183748042,2.076251268386841,-0.7671991937449812,0.4393889605998993,0.0,220640,0.0,0.0024154589371980675,59970,output\experiments\exp3_low_load_channel_aware_adaptation_20260530_seed42\samples\original\8838-298545-0037.wav,output\experiments\exp3_low_load_channel_aware_adaptation_20260530_seed42\samples\lca\substitution-low\L3\8838-298545-0037.wav
base,8838-298545-0037,3,substitution-mid,0.0,0.005,1500,13.79,0.02375519834458828,0.04329097270965576,0.987777829170227,1.8854536846298546,0.7790136337280273,0.879109699773645,1.8534936904907227,-0.6545352237642241,0.45209625363349915,0.0,220640,0.0,0.003381642512077295,59077,output\experiments\exp3_low_load_channel_aware_adaptation_20260530_seed42\samples\original\8838-298545-0037.wav,output\experiments\exp3_low_load_channel_aware_adaptation_20260530_seed42\samples\base\substitution-mid\L3\8838-298545-0037.wav
lca,8838-298545-0037,3,substitution-mid,0.0,0.005,1500,13.79,0.021988894790410995,0.04003894329071045,0.9378128051757812,2.8077367736622167,0.8100754618644714,0.891974002904638,2.0804543495178223,-0.756117684168503,0.4393889605998993,0.0,220640,0.0,0.003381642512077295,59077,output\experiments\exp3_low_load_channel_aware_adaptation_20260530_seed42\samples\original\8838-298545-0037.wav,output\experiments\exp3_low_load_channel_aware_adaptation_20260530_seed42\samples\lca\substitution-mid\L3\8838-298545-0037.wav
base,5390-30102-0015,1,clean,0.0,0.0,500,15.26,0.03107987903058529,0.04837138205766678,1.3381139039993286,-3.892163225594187,0.5383598208427429,0.7740162147118261,1.2074334621429443,-3.613279533835172,0.32823967933654785,0.0,244160,0.0,0.0,49153,output\experiments\exp3_low_load_channel_aware_adaptation_20260530_seed42\samples\original\5390-30102-0015.wav,output\experiments\exp3_low_load_channel_aware_adaptation_20260530_seed42\samples\base\clean\L1\5390-30102-0015.wav
lca,5390-30102-0015,1,clean,0.0,0.0,500,15.26,0.03196457028388977,0.04993234947323799,1.2377490997314453,-4.652081799291627,0.5051519274711609,0.7916730014434401,1.199864149093628,-3.46195330513612,0.33129823207855225,0.0,244160,0.0,0.0,49153,output\experiments\exp3_low_load_channel_aware_adaptation_20260530_seed42\samples\original\5390-30102-0015.wav,output\experiments\exp3_low_load_channel_aware_adaptation_20260530_seed42\samples\lca\clean\L1\5390-30102-0015.wav
base,5390-30102-0015,1,dropout-low,0.01,0.0,500,15.26,0.031213613227009773,0.04877839982509613,1.3420825004577637,-4.098120589221416,0.5293092131614685,0.7708324631096197,1.1968326568603516,-3.5977496964413582,0.3279757797718048,0.0,244160,0.011795543905635648,0.0,48762,output\experiments\exp3_low_load_channel_aware_adaptation_20260530_seed42\samples\original\5390-30102-0015.wav,output\experiments\exp3_low_load_channel_aware_adaptation_20260530_seed42\samples\base\dropout-low\L1\5390-30102-0015.wav
lca,5390-30102-0015,1,dropout-low,0.01,0.0,500,15.26,0.032149434089660645,0.05039442330598831,1.2384605407714844,-4.911162263311615,0.4939703047275543,0.7909664056155157,1.192927598953247,-3.485816120700295,0.3318001925945282,0.0,244160,0.011795543905635648,0.0,48762,output\experiments\exp3_low_load_channel_aware_adaptation_20260530_seed42\samples\original\5390-30102-0015.wav,output\experiments\exp3_low_load_channel_aware_adaptation_20260530_seed42\samples\lca\dropout-low\L1\5390-30102-0015.wav
base,5390-30102-0015,1,dropout-mid,0.03,0.0,500,15.26,0.03162281960248947,0.04943540692329407,1.3572125434875488,-4.387093118422667,0.5166695713996887,0.7601633989701233,1.1831921339035034,-3.4547166027554557,0.38369476795196533,0.0,244160,0.035386631716906945,0.0,49362,output\experiments\exp3_low_load_channel_aware_adaptation_20260530_seed42\samples\original\5390-30102-0015.wav,output\experiments\exp3_low_load_channel_aware_adaptation_20260530_seed42\samples\base\dropout-mid\L1\5390-30102-0015.wav
lca,5390-30102-0015,1,dropout-mid,0.03,0.0,500,15.26,0.03252304717898369,0.05114721134305,1.2569750547409058,-5.294605349980937,0.47758758068084717,0.7801951478611701,1.1781398057937622,-3.427579088993488,0.3328741192817688,0.0,244160,0.035386631716906945,0.0,49362,output\experiments\exp3_low_load_channel_aware_adaptation_20260530_seed42\samples\original\5390-30102-0015.wav,output\experiments\exp3_low_load_channel_aware_adaptation_20260530_seed42\samples\lca\dropout-mid\L1\5390-30102-0015.wav
base,5390-30102-0015,1,substitution-low,0.0,0.001,500,15.26,0.031075727194547653,0.048363931477069855,1.3377364873886108,-3.887432658788452,0.5385679602622986,0.7739749357807156,1.2073934078216553,-3.610491365284669,0.32830125093460083,0.0,244160,0.0,0.001310615989515072,49565,output\experiments\exp3_low_load_channel_aware_adaptation_20260530_seed42\samples\original\5390-30102-0015.wav,output\experiments\exp3_low_load_channel_aware_adaptation_20260530_seed42\samples\base\substitution-low\L1\5390-30102-0015.wav
lca,5390-30102-0015,1,substitution-low,0.0,0.001,500,15.26,0.031966257840394974,0.049935128539800644,1.236396074295044,-4.6540293563888016,0.5050674676895142,0.791679890256445,1.2001183032989502,-3.463029190617488,0.33134689927101135,0.0,244160,0.0,0.001310615989515072,49565,output\experiments\exp3_low_load_channel_aware_adaptation_20260530_seed42\samples\original\5390-30102-0015.wav,output\experiments\exp3_low_load_channel_aware_adaptation_20260530_seed42\samples\lca\substitution-low\L1\5390-30102-0015.wav
base,5390-30102-0015,1,substitution-mid,0.0,0.005,500,15.26,0.03110841102898121,0.048447322100400925,1.3462711572647095,-3.9393022192127205,0.5362855792045593,0.7719212523839714,1.1983749866485596,-3.6379701037892325,0.32746410369873047,0.0,244160,0.0,0.003931847968545216,48672,output\experiments\exp3_low_load_channel_aware_adaptation_20260530_seed42\samples\original\5390-30102-0015.wav,output\experiments\exp3_low_load_channel_aware_adaptation_20260530_seed42\samples\base\substitution-mid\L1\5390-30102-0015.wav
lca,5390-30102-0015,1,substitution-mid,0.0,0.005,500,15.26,0.03205004334449768,0.05017553269863129,1.245027780532837,-4.7898208016586565,0.49919673800468445,0.7884184368677045,1.1921894550323486,-3.4790627686713584,0.3311772644519806,0.0,244160,0.0,0.003931847968545216,48672,output\experiments\exp3_low_load_channel_aware_adaptation_20260530_seed42\samples\original\5390-30102-0015.wav,output\experiments\exp3_low_load_channel_aware_adaptation_20260530_seed42\samples\lca\substitution-mid\L1\5390-30102-0015.wav
base,5390-30102-0015,2,clean,0.0,0.0,1000,15.26,0.025145763531327248,0.039008308202028275,1.0375239849090576,0.8339688533228512,0.7401756644248962,0.8267250979392888,1.426063060760498,-1.1201288961071705,0.4454289972782135,0.0,244160,0.0,0.0,50153,output\experiments\exp3_low_load_channel_aware_adaptation_20260530_seed42\samples\original\5390-30102-0015.wav,output\experiments\exp3_low_load_channel_aware_adaptation_20260530_seed42\samples\base\clean\L2\5390-30102-0015.wav
lca,5390-30102-0015,2,clean,0.0,0.0,1000,15.26,0.025161387398838997,0.0392039492726326,0.9994685649871826,0.6285242249729094,0.7322006225585938,0.8470321319209455,1.4143770933151245,-1.4842142971408596,0.3240475058555603,0.0,244160,0.0,0.0,50153,output\experiments\exp3_low_load_channel_aware_adaptation_20260530_seed42\samples\original\5390-30102-0015.wav,output\experiments\exp3_low_load_channel_aware_adaptation_20260530_seed42\samples\lca\clean\L2\5390-30102-0015.wav
base,5390-30102-0015,2,dropout-low,0.01,0.0,1000,15.26,0.025292934849858284,0.03926743566989899,1.047744631767273,0.751035176176838,0.7369706034660339,0.8219464521447496,1.4008930921554565,-1.0977419542794369,0.4444953203201294,0.0,244160,0.01310615989515072,0.0,49762,output\experiments\exp3_low_load_channel_aware_adaptation_20260530_seed42\samples\original\5390-30102-0015.wav,output\experiments\exp3_low_load_channel_aware_adaptation_20260530_seed42\samples\base\dropout-low\L2\5390-30102-0015.wav
lca,5390-30102-0015,2,dropout-low,0.01,0.0,1000,15.26,0.025370048359036446,0.03954740986227989,1.0042755603790283,0.49970229536572286,0.7271406650543213,0.8451554854880498,1.4008309841156006,-1.4909350572459794,0.32502299547195435,0.0,244160,0.01310615989515072,0.0,49762,output\experiments\exp3_low_load_channel_aware_adaptation_20260530_seed42\samples\original\5390-30102-0015.wav,output\experiments\exp3_low_load_channel_aware_adaptation_20260530_seed42\samples\lca\dropout-low\L2\5390-30102-0015.wav
base,5390-30102-0015,2,dropout-mid,0.03,0.0,1000,15.26,0.026352576911449432,0.041329462081193924,1.0587782859802246,0.06847105713626649,0.7098883390426636,0.8138110772508031,1.3547894954681396,-0.9936700855420213,0.5342769026756287,0.0,244160,0.028833551769331587,0.0,50362,output\experiments\exp3_low_load_channel_aware_adaptation_20260530_seed42\samples\original\5390-30102-0015.wav,output\experiments\exp3_low_load_channel_aware_adaptation_20260530_seed42\samples\base\dropout-mid\L2\5390-30102-0015.wav
lca,5390-30102-0015,2,dropout-mid,0.03,0.0,1000,15.26,0.026449842378497124,0.04164564609527588,1.0311777591705322,-0.2925820388189417,0.6951000094413757,0.8327063821488833,1.336497187614441,-1.5335019175075142,0.3778797686100006,0.0,244160,0.028833551769331587,0.0,50362,output\experiments\exp3_low_load_channel_aware_adaptation_20260530_seed42\samples\original\5390-30102-0015.wav,output\experiments\exp3_low_load_channel_aware_adaptation_20260530_seed42\samples\lca\dropout-mid\L2\5390-30102-0015.wav
base,5390-30102-0015,2,substitution-low,0.0,0.001,1000,15.26,0.025153599679470062,0.03901304677128792,1.0378966331481934,0.8345253588695568,0.7401972413063049,0.8266273299115302,1.4258462190628052,-1.1147229476486296,0.4454289972782135,0.0,244160,0.0,0.000655307994757536,50565,output\experiments\exp3_low_load_channel_aware_adaptation_20260530_seed42\samples\original\5390-30102-0015.wav,output\experiments\exp3_low_load_channel_aware_adaptation_20260530_seed42\samples\base\substitution-low\L2\5390-30102-0015.wav
lca,5390-30102-0015,2,substitution-low,0.0,0.001,1000,15.26,0.025187425315380096,0.03924686834216118,1.0001652240753174,0.614027579264307,0.7316336035728455,0.8466900815008391,1.4136141538619995,-1.4802105395452823,0.3240475058555603,0.0,244160,0.0,0.000655307994757536,50565,output\experiments\exp3_low_load_channel_aware_adaptation_20260530_seed42\samples\original\5390-30102-0015.wav,output\experiments\exp3_low_load_channel_aware_adaptation_20260530_seed42\samples\lca\substitution-low\L2\5390-30102-0015.wav
base,5390-30102-0015,2,substitution-mid,0.0,0.005,1000,15.26,0.025271806865930557,0.039174292236566544,1.04814612865448,0.740615969782301,0.7365666627883911,0.8201249253816518,1.374508261680603,-1.203536452443694,0.4453049898147583,0.0,244160,0.0,0.009174311926605505,49672,output\experiments\exp3_low_load_channel_aware_adaptation_20260530_seed42\samples\original\5390-30102-0015.wav,output\experiments\exp3_low_load_channel_aware_adaptation_20260530_seed42\samples\base\substitution-mid\L2\5390-30102-0015.wav
lca,5390-30102-0015,2,substitution-mid,0.0,0.005,1000,15.26,0.025346532464027405,0.03949946537613869,1.011707067489624,0.5126894988018222,0.7276527285575867,0.8420556970633682,1.3566672801971436,-1.5048581510935417,0.32395562529563904,0.0,244160,0.0,0.009174311926605505,49672,output\experiments\exp3_low_load_channel_aware_adaptation_20260530_seed42\samples\original\5390-30102-0015.wav,output\experiments\exp3_low_load_channel_aware_adaptation_20260530_seed42\samples\lca\substitution-mid\L2\5390-30102-0015.wav
base,5390-30102-0015,3,clean,0.0,0.0,1500,15.26,0.022906074300408363,0.03565795347094536,0.9692648649215698,2.3598215878413558,0.7953588962554932,0.8543122991515026,1.6271207332611084,-0.3712543290715171,0.43231818079948425,0.0,244160,0.0,0.0,51153,output\experiments\exp3_low_load_channel_aware_adaptation_20260530_seed42\samples\original\5390-30102-0015.wav,output\experiments\exp3_low_load_channel_aware_adaptation_20260530_seed42\samples\base\clean\L3\5390-30102-0015.wav
lca,5390-30102-0015,3,clean,0.0,0.0,1500,15.26,0.022274062037467957,0.03474215790629387,0.9295085668563843,2.436987561195922,0.7979446053504944,0.8748669701999033,1.6567367315292358,-0.9046848135989103,0.34419095516204834,0.0,244160,0.0,0.0,51153,output\experiments\exp3_low_load_channel_aware_adaptation_20260530_seed42\samples\original\5390-30102-0015.wav,output\experiments\exp3_low_load_channel_aware_adaptation_20260530_seed42\samples\lca\clean\L3\5390-30102-0015.wav
base,5390-30102-0015,3,dropout-low,0.01,0.0,1500,15.26,0.02305980585515499,0.035931188613176346,0.9756061434745789,2.253992497856355,0.7917791604995728,0.8524840208045308,1.6171945333480835,-0.39324732321484224,0.4324914515018463,0.0,244160,0.009611183923110528,0.0,50762,output\experiments\exp3_low_load_channel_aware_adaptation_20260530_seed42\samples\original\5390-30102-0015.wav,output\experiments\exp3_low_load_channel_aware_adaptation_20260530_seed42\samples\base\dropout-low\L3\5390-30102-0015.wav
lca,5390-30102-0015,3,dropout-low,0.01,0.0,1500,15.26,0.022382616996765137,0.034849878400564194,0.9337740540504456,2.3917845877809447,0.7964324951171875,0.8731475805352404,1.6487149000167847,-0.9234069208324827,0.34390777349472046,0.0,244160,0.009611183923110528,0.0,50762,output\experiments\exp3_low_load_channel_aware_adaptation_20260530_seed42\samples\original\5390-30102-0015.wav,output\experiments\exp3_low_load_channel_aware_adaptation_20260530_seed42\samples\lca\dropout-low\L3\5390-30102-0015.wav
base,5390-30102-0015,3,dropout-mid,0.03,0.0,1500,15.26,0.02386534959077835,0.037289757281541824,0.9929246306419373,1.8036774620102733,0.7761192321777344,0.8418882664490588,1.5284748077392578,-0.37105579893040774,0.4351939558982849,0.0,244160,0.025775447793796417,0.0,51362,output\experiments\exp3_low_load_channel_aware_adaptation_20260530_seed42\samples\original\5390-30102-0015.wav,output\experiments\exp3_low_load_channel_aware_adaptation_20260530_seed42\samples\base\dropout-mid\L3\5390-30102-0015.wav
lca,5390-30102-0015,3,dropout-mid,0.03,0.0,1500,15.26,0.022989435121417046,0.03591747581958771,0.9472829699516296,2.0131889717677827,0.7834901809692383,0.8683580092810359,1.5649243593215942,-0.9179542429498926,0.34349939227104187,0.0,244160,0.025775447793796417,0.0,51362,output\experiments\exp3_low_load_channel_aware_adaptation_20260530_seed42\samples\original\5390-30102-0015.wav,output\experiments\exp3_low_load_channel_aware_adaptation_20260530_seed42\samples\lca\dropout-mid\L3\5390-30102-0015.wav
base,5390-30102-0015,3,substitution-low,0.0,0.001,1500,15.26,0.022959405556321144,0.03570738062262535,0.972581684589386,2.3385558782018414,0.7946427464485168,0.8541198254839476,1.6260240077972412,-0.37902731842064596,0.4321877658367157,0.0,244160,0.0,0.0008737439930100481,51565,output\experiments\exp3_low_load_channel_aware_adaptation_20260530_seed42\samples\original\5390-30102-0015.wav,output\experiments\exp3_low_load_channel_aware_adaptation_20260530_seed42\samples\base\substitution-low\L3\5390-30102-0015.wav
lca,5390-30102-0015,3,substitution-low,0.0,0.001,1500,15.26,0.02236899547278881,0.03485027700662613,0.9332857728004456,2.3977299785465696,0.7966317534446716,0.8744026522886681,1.6516551971435547,-0.9062903876009325,0.34411191940307617,0.0,244160,0.0,0.0008737439930100481,51565,output\experiments\exp3_low_load_channel_aware_adaptation_20260530_seed42\samples\original\5390-30102-0015.wav,output\experiments\exp3_low_load_channel_aware_adaptation_20260530_seed42\samples\lca\substitution-low\L3\5390-30102-0015.wav
base,5390-30102-0015,3,substitution-mid,0.0,0.005,1500,15.26,0.023247286677360535,0.03625250980257988,0.9818469285964966,2.162679452498355,0.7886592745780945,0.8484609531051795,1.590822458267212,-0.3604333286929265,0.4318773150444031,0.0,244160,0.0,0.00655307994757536,50672,output\experiments\exp3_low_load_channel_aware_adaptation_20260530_seed42\samples\original\5390-30102-0015.wav,output\experiments\exp3_low_load_channel_aware_adaptation_20260530_seed42\samples\base\substitution-mid\L3\5390-30102-0015.wav
lca,5390-30102-0015,3,substitution-mid,0.0,0.005,1500,15.26,0.022574208676815033,0.03530110791325569,0.9419572949409485,2.226138577135401,0.7908305525779724,0.8691147468612596,1.5917699337005615,-0.935499744139362,0.3437691032886505,0.0,244160,0.0,0.00655307994757536,50672,output\experiments\exp3_low_load_channel_aware_adaptation_20260530_seed42\samples\original\5390-30102-0015.wav,output\experiments\exp3_low_load_channel_aware_adaptation_20260530_seed42\samples\lca\substitution-mid\L3\5390-30102-0015.wav
base,4018-103416-0033,1,clean,0.0,0.0,500,15.13,0.038625940680503845,0.06432586163282394,1.0098466873168945,-0.040351691677598014,0.7054624557495117,0.7832126253703698,1.4076124429702759,-3.802517576688724,0.3749902844429016,0.0,242080,0.0,0.0,51655,output\experiments\exp3_low_load_channel_aware_adaptation_20260530_seed42\samples\original\4018-103416-0033.wav,output\experiments\exp3_low_load_channel_aware_adaptation_20260530_seed42\samples\base\clean\L1\4018-103416-0033.wav
lca,4018-103416-0033,1,clean,0.0,0.0,500,15.13,0.039437856525182724,0.06579221785068512,0.947966992855072,-0.49457038785104945,0.6867029666900635,0.7915084159281014,1.4173052310943604,-3.630359441791149,0.42233532667160034,0.0,242080,0.0,0.0,51655,output\experiments\exp3_low_load_channel_aware_adaptation_20260530_seed42\samples\original\4018-103416-0033.wav,output\experiments\exp3_low_load_channel_aware_adaptation_20260530_seed42\samples\lca\clean\L1\4018-103416-0033.wav
base,4018-103416-0033,1,dropout-low,0.01,0.0,500,15.13,0.039492957293987274,0.06646237522363663,1.0150307416915894,-0.6790318035140365,0.6789633631706238,0.7802083532381234,1.3816441297531128,-3.793788163738342,0.3749663531780243,0.0,242080,0.017173051519154558,0.0,51264,output\experiments\exp3_low_load_channel_aware_adaptation_20260530_seed42\samples\original\4018-103416-0033.wav,output\experiments\exp3_low_load_channel_aware_adaptation_20260530_seed42\samples\base\dropout-low\L1\4018-103416-0033.wav
lca,4018-103416-0033,1,dropout-low,0.01,0.0,500,15.13,0.040141720324754715,0.06751812249422073,0.9531807899475098,-0.9998917183402855,0.6653528809547424,0.78932665738111,1.402509331703186,-3.6460185639539406,0.4226381778717041,0.0,242080,0.017173051519154558,0.0,51264,output\experiments\exp3_low_load_channel_aware_adaptation_20260530_seed42\samples\original\4018-103416-0033.wav,output\experiments\exp3_low_load_channel_aware_adaptation_20260530_seed42\samples\lca\dropout-low\L1\4018-103416-0033.wav
base,4018-103416-0033,1,dropout-mid,0.03,0.0,500,15.13,0.04022615775465965,0.06748320162296295,1.0222828388214111,-0.9893908258868276,0.6658011674880981,0.776608264846359,1.3692498207092285,-3.6628017495066514,0.4148380756378174,0.0,242080,0.035667107001321,0.0,51864,output\experiments\exp3_low_load_channel_aware_adaptation_20260530_seed42\samples\original\4018-103416-0033.wav,output\experiments\exp3_low_load_channel_aware_adaptation_20260530_seed42\samples\base\dropout-mid\L1\4018-103416-0033.wav
lca,4018-103416-0033,1,dropout-mid,0.03,0.0,500,15.13,0.040578290820121765,0.06821101158857346,0.9596896171569824,-1.2036758616006924,0.6566209197044373,0.7848106601145356,1.3659638166427612,-3.5931707832274706,0.5017229318618774,0.0,242080,0.035667107001321,0.0,51864,output\experiments\exp3_low_load_channel_aware_adaptation_20260530_seed42\samples\original\4018-103416-0033.wav,output\experiments\exp3_low_load_channel_aware_adaptation_20260530_seed42\samples\lca\dropout-mid\L1\4018-103416-0033.wav
base,4018-103416-0033,1,substitution-low,0.0,0.001,500,15.13,0.038852907717227936,0.06496931612491608,1.0146688222885132,-0.2236019464298358,0.6979479193687439,0.7803518106956716,1.3948283195495605,-3.8607754391590756,0.3749079406261444,0.0,242080,0.0,0.002642007926023778,52067,output\experiments\exp3_low_load_channel_aware_adaptation_20260530_seed42\samples\original\4018-103416-0033.wav,output\experiments\exp3_low_load_channel_aware_adaptation_20260530_seed42\samples\base\substitution-low\L1\4018-103416-0033.wav
lca,4018-103416-0033,1,substitution-low,0.0,0.001,500,15.13,0.03962130844593048,0.06644934415817261,0.9525983333587646,-0.6833513878958669,0.6787813901901245,0.7878088360263126,1.3988924026489258,-3.6872853173570297,0.4226919114589691,0.0,242080,0.0,0.002642007926023778,52067,output\experiments\exp3_low_load_channel_aware_adaptation_20260530_seed42\samples\original\4018-103416-0033.wav,output\experiments\exp3_low_load_channel_aware_adaptation_20260530_seed42\samples\lca\substitution-low\L1\4018-103416-0033.wav
base,4018-103416-0033,1,substitution-mid,0.0,0.005,500,15.13,0.03896617144346237,0.06490388512611389,1.0162705183029175,-0.20751427896470725,0.6986106634140015,0.7782760010593194,1.3861312866210938,-3.8381888899853926,0.37522780895233154,0.0,242080,0.0,0.011889035667107,51174,output\experiments\exp3_low_load_channel_aware_adaptation_20260530_seed42\samples\original\4018-103416-0033.wav,output\experiments\exp3_low_load_channel_aware_adaptation_20260530_seed42\samples\base\substitution-mid\L1\4018-103416-0033.wav
lca,4018-103416-0033,1,substitution-mid,0.0,0.005,500,15.13,0.03961629420518875,0.06608700752258301,0.9633345007896423,-0.5773776135000751,0.6832367181777954,0.783775890128732,1.422980546951294,-3.6771589460002256,0.3813791275024414,0.0,242080,0.0,0.011889035667107,51174,output\experiments\exp3_low_load_channel_aware_adaptation_20260530_seed42\samples\original\4018-103416-0033.wav,output\experiments\exp3_low_load_channel_aware_adaptation_20260530_seed42\samples\lca\substitution-mid\L1\4018-103416-0033.wav
base,4018-103416-0033,2,clean,0.0,0.0,1000,15.13,0.027028799057006836,0.04594457522034645,0.8454596996307373,4.595315035427048,0.8615851998329163,0.8641982601275472,2.0328855514526367,-1.088588939766955,0.4983604848384857,0.0,242080,0.0,0.0,52655,output\experiments\exp3_low_load_channel_aware_adaptation_20260530_seed42\samples\original\4018-103416-0033.wav,output\experiments\exp3_low_load_channel_aware_adaptation_20260530_seed42\samples\base\clean\L2\4018-103416-0033.wav
lca,4018-103416-0033,2,clean,0.0,0.0,1000,15.13,0.026416124776005745,0.0442347377538681,0.7903782725334167,5.026888208898734,0.8722816109657288,0.8769486441818645,2.0558865070343018,-1.0820561163899436,0.5988802909851074,0.0,242080,0.0,0.0,52655,output\experiments\exp3_low_load_channel_aware_adaptation_20260530_seed42\samples\original\4018-103416-0033.wav,output\experiments\exp3_low_load_channel_aware_adaptation_20260530_seed42\samples\lca\clean\L2\4018-103416-0033.wav
base,4018-103416-0033,2,dropout-low,0.01,0.0,1000,15.13,0.02862376905977726,0.05215480178594589,0.8559758067131042,3.084677860754865,0.818817138671875,0.8548819189143188,1.8994464874267578,-1.1697179625870118,0.4965563416481018,0.0,242080,0.01453104359313078,0.0,52264,output\experiments\exp3_low_load_channel_aware_adaptation_20260530_seed42\samples\original\4018-103416-0033.wav,output\experiments\exp3_low_load_channel_aware_adaptation_20260530_seed42\samples\base\dropout-low\L2\4018-103416-0033.wav
lca,4018-103416-0033,2,dropout-low,0.01,0.0,1000,15.13,0.02847054786980152,0.05290047824382782,0.8034122586250305,2.892092952676233,0.812767505645752,0.866329360876836,1.873349666595459,-1.2578070685212503,0.5062034130096436,0.0,242080,0.01453104359313078,0.0,52264,output\experiments\exp3_low_load_channel_aware_adaptation_20260530_seed42\samples\original\4018-103416-0033.wav,output\experiments\exp3_low_load_channel_aware_adaptation_20260530_seed42\samples\lca\dropout-low\L2\4018-103416-0033.wav
base,4018-103416-0033,2,dropout-mid,0.03,0.0,1000,15.13,0.028213970363140106,0.0487423799932003,0.8575225472450256,3.89507446530621,0.8427968621253967,0.8577890160979124,1.9175431728363037,-1.1999575766136965,0.49820971488952637,0.0,242080,0.023778071334214,0.0,52864,output\experiments\exp3_low_load_channel_aware_adaptation_20260530_seed42\samples\original\4018-103416-0033.wav,output\experiments\exp3_low_load_channel_aware_adaptation_20260530_seed42\samples\base\dropout-mid\L2\4018-103416-0033.wav
lca,4018-103416-0033,2,dropout-mid,0.03,0.0,1000,15.13,0.027903016656637192,0.047717317938804626,0.8052006959915161,4.148192127714733,0.8497948050498962,0.8707469520875291,1.935849905014038,-1.1788378089118374,0.5981829166412354,0.0,242080,0.023778071334214,0.0,52864,output\experiments\exp3_low_load_channel_aware_adaptation_20260530_seed42\samples\original\4018-103416-0033.wav,output\experiments\exp3_low_load_channel_aware_adaptation_20260530_seed42\samples\lca\dropout-mid\L2\4018-103416-0033.wav
base,4018-103416-0033,2,substitution-low,0.0,0.001,1000,15.13,0.027029147371649742,0.04594111815094948,0.8453484773635864,4.596419485563148,0.8616134524345398,0.8642147719602955,2.032177686691284,-1.0859920872317979,0.49830901622772217,0.0,242080,0.0,0.0006605019815059445,53067,output\experiments\exp3_low_load_channel_aware_adaptation_20260530_seed42\samples\original\4018-103416-0033.wav,output\experiments\exp3_low_load_channel_aware_adaptation_20260530_seed42\samples\base\substitution-low\L2\4018-103416-0033.wav
lca,4018-103416-0033,2,substitution-low,0.0,0.001,1000,15.13,0.026426495984196663,0.04424714297056198,0.7914295196533203,5.023853032278743,0.8722087740898132,0.8769688888013375,2.055058717727661,-1.0796184114886007,0.599327802658081,0.0,242080,0.0,0.0006605019815059445,53067,output\experiments\exp3_low_load_channel_aware_adaptation_20260530_seed42\samples\original\4018-103416-0033.wav,output\experiments\exp3_low_load_channel_aware_adaptation_20260530_seed42\samples\lca\substitution-low\L2\4018-103416-0033.wav
base,4018-103416-0033,2,substitution-mid,0.0,0.005,1000,15.13,0.02722507156431675,0.0464651994407177,0.8657222390174866,4.463438679640016,0.8581833243370056,0.8635833685805833,2.013129949569702,-1.1147222915592851,0.4981500804424286,0.0,242080,0.0,0.004623513870541612,52174,output\experiments\exp3_low_load_channel_aware_adaptation_20260530_seed42\samples\original\4018-103416-0033.wav,output\experiments\exp3_low_load_channel_aware_adaptation_20260530_seed42\samples\base\substitution-mid\L2\4018-103416-0033.wav
lca,4018-103416-0033,2,substitution-mid,0.0,0.005,1000,15.13,0.026587970554828644,0.04457567259669304,0.8216069340705872,4.938834395725481,0.8701533079147339,0.8752638999097587,1.9881707429885864,-1.106094548085196,0.597861111164093,0.0,242080,0.0,0.004623513870541612,52174,output\experiments\exp3_low_load_channel_aware_adaptation_20260530_seed42\samples\original\4018-103416-0033.wav,output\experiments\exp3_low_load_channel_aware_adaptation_20260530_seed42\samples\lca\substitution-mid\L2\4018-103416-0033.wav
base,4018-103416-0033,3,clean,0.0,0.0,1500,15.13,0.023180905729532242,0.03884157910943031,0.794690728187561,6.578545300079909,0.9054095149040222,0.889435816135229,2.403822422027588,-0.2606520107189813,0.553870677947998,0.0,242080,0.0,0.0,53655,output\experiments\exp3_low_load_channel_aware_adaptation_20260530_seed42\samples\original\4018-103416-0033.wav,output\experiments\exp3_low_load_channel_aware_adaptation_20260530_seed42\samples\base\clean\L3\4018-103416-0033.wav
lca,4018-103416-0033,3,clean,0.0,0.0,1500,15.13,0.02309771254658699,0.038632068783044815,0.7356790900230408,6.562910104296828,0.9051154255867004,0.900884428568056,2.380357027053833,-0.4779773186135592,0.6015836000442505,0.0,242080,0.0,0.0,53655,output\experiments\exp3_low_load_channel_aware_adaptation_20260530_seed42\samples\original\4018-103416-0033.wav,output\experiments\exp3_low_load_channel_aware_adaptation_20260530_seed42\samples\lca\clean\L3\4018-103416-0033.wav
base,4018-103416-0033,3,dropout-low,0.01,0.0,1500,15.13,0.023510748520493507,0.03950483724474907,0.8009203672409058,6.393403594223733,0.9018768072128296,0.8875859552254445,2.3830432891845703,-0.29448856959122965,0.5534242391586304,0.0,242080,0.011008366358432409,0.0,53264,output\experiments\exp3_low_load_channel_aware_adaptation_20260530_seed42\samples\original\4018-103416-0033.wav,output\experiments\exp3_low_load_channel_aware_adaptation_20260530_seed42\samples\base\dropout-low\L3\4018-103416-0033.wav
lca,4018-103416-0033,3,dropout-low,0.01,0.0,1500,15.13,0.02331177145242691,0.03908605873584747,0.7388478517532349,6.443086776329713,0.902835488319397,0.899261040751006,2.3568787574768066,-0.4781610448460855,0.6013622283935547,0.0,242080,0.011008366358432409,0.0,53264,output\experiments\exp3_low_load_channel_aware_adaptation_20260530_seed42\samples\original\4018-103416-0033.wav,output\experiments\exp3_low_load_channel_aware_adaptation_20260530_seed42\samples\lca\dropout-low\L3\4018-103416-0033.wav
base,4018-103416-0033,3,dropout-mid,0.03,0.0,1500,15.13,0.025463609024882317,0.044389188289642334,0.8152586817741394,5.1981935561205574,0.8763434886932373,0.8756597553056666,2.2189431190490723,-0.25867825653435517,0.5520820617675781,0.0,242080,0.02289740202553941,0.0,53864,output\experiments\exp3_low_load_channel_aware_adaptation_20260530_seed42\samples\original\4018-103416-0033.wav,output\experiments\exp3_low_load_channel_aware_adaptation_20260530_seed42\samples\base\dropout-mid\L3\4018-103416-0033.wav
lca,4018-103416-0033,3,dropout-mid,0.03,0.0,1500,15.13,0.02529834397137165,0.044015537947416306,0.756499707698822,5.170045584068817,0.8756832480430603,0.8872592242801571,2.234590530395508,-0.5699489100772617,0.6012232899665833,0.0,242080,0.02289740202553941,0.0,53864,output\experiments\exp3_low_load_channel_aware_adaptation_20260530_seed42\samples\original\4018-103416-0033.wav,output\experiments\exp3_low_load_channel_aware_adaptation_20260530_seed42\samples\lca\dropout-mid\L3\4018-103416-0033.wav
base,4018-103416-0033,3,substitution-low,0.0,0.001,1500,15.13,0.023316357284784317,0.039039596915245056,0.7954009771347046,6.52210417830172,0.9043440818786621,0.888569267751022,2.3664746284484863,-0.27312866541085906,0.5537736415863037,0.0,242080,0.0,0.0008806693086745927,54067,output\experiments\exp3_low_load_channel_aware_adaptation_20260530_seed42\samples\original\4018-103416-0033.wav,output\experiments\exp3_low_load_channel_aware_adaptation_20260530_seed42\samples\base\substitution-low\L3\4018-103416-0033.wav
lca,4018-103416-0033,3,substitution-low,0.0,0.001,1500,15.13,0.023285523056983948,0.038954269140958786,0.7367746233940125,6.474435391674582,0.9034364819526672,0.8998587756680726,2.3420894145965576,-0.4911814757312208,0.6015856862068176,0.0,242080,0.0,0.0008806693086745927,54067,output\experiments\exp3_low_load_channel_aware_adaptation_20260530_seed42\samples\original\4018-103416-0033.wav,output\experiments\exp3_low_load_channel_aware_adaptation_20260530_seed42\samples\lca\substitution-low\L3\4018-103416-0033.wav
base,4018-103416-0033,3,substitution-mid,0.0,0.005,1500,15.13,0.023670537397265434,0.0395742803812027,0.8241423964500427,6.372206781598106,0.9014654159545898,0.8850371136453238,2.3092408180236816,-0.3031020942306329,0.5536513924598694,0.0,242080,0.0,0.006164685160722149,53174,output\experiments\exp3_low_load_channel_aware_adaptation_20260530_seed42\samples\original\4018-103416-0033.wav,output\experiments\exp3_low_load_channel_aware_adaptation_20260530_seed42\samples\base\substitution-mid\L3\4018-103416-0033.wav
lca,4018-103416-0033,3,substitution-mid,0.0,0.005,1500,15.13,0.02358230948448181,0.039407555013895035,0.76642245054245,6.3476164255091,0.9009862542152405,0.8948286437311707,2.2080044746398926,-0.5225330216725492,0.6005716323852539,0.0,242080,0.0,0.006164685160722149,53174,output\experiments\exp3_low_load_channel_aware_adaptation_20260530_seed42\samples\original\4018-103416-0033.wav,output\experiments\exp3_low_load_channel_aware_adaptation_20260530_seed42\samples\lca\substitution-mid\L3\4018-103416-0033.wav
base,1737-148989-0006,1,clean,0.0,0.0,500,10.69,0.025542473420500755,0.0450371690094471,1.301960825920105,-17.977611088536094,0.12522394955158234,0.7597048731079195,1.195818305015564,-1.7843299773898516,0.3443892300128937,0.0,171040,0.0,0.0,57801,output\experiments\exp3_low_load_channel_aware_adaptation_20260530_seed42\samples\original\1737-148989-0006.wav,output\experiments\exp3_low_load_channel_aware_adaptation_20260530_seed42\samples\base\clean\L1\1737-148989-0006.wav
lca,1737-148989-0006,1,clean,0.0,0.0,500,10.69,0.023948421701788902,0.04260443150997162,1.1842336654663086,-17.227478248787808,0.1363179236650467,0.7759638513037423,1.1816434860229492,-3.0260126804343424,0.4135330021381378,0.0,171040,0.0,0.0,57801,output\experiments\exp3_low_load_channel_aware_adaptation_20260530_seed42\samples\original\1737-148989-0006.wav,output\experiments\exp3_low_load_channel_aware_adaptation_20260530_seed42\samples\lca\clean\L1\1737-148989-0006.wav
base,1737-148989-0006,1,dropout-low,0.01,0.0,500,10.69,0.025562694296240807,0.0450165681540966,1.3140926361083984,-17.915344074746578,0.12611056864261627,0.7538870970888785,1.19597589969635,-1.7834811233424455,0.3443892300128937,0.0,171040,0.014953271028037384,0.0,57410,output\experiments\exp3_low_load_channel_aware_adaptation_20260530_seed42\samples\original\1737-148989-0006.wav,output\experiments\exp3_low_load_channel_aware_adaptation_20260530_seed42\samples\base\dropout-low\L1\1737-148989-0006.wav
lca,1737-148989-0006,1,dropout-low,0.01,0.0,500,10.69,0.023938916623592377,0.042569003999233246,1.195786714553833,-17.302534623853553,0.13516657054424286,0.7717536324510061,1.1750859022140503,-3.0671603529795832,0.4135330021381378,0.0,171040,0.014953271028037384,0.0,57410,output\experiments\exp3_low_load_channel_aware_adaptation_20260530_seed42\samples\original\1737-148989-0006.wav,output\experiments\exp3_low_load_channel_aware_adaptation_20260530_seed42\samples\lca\dropout-low\L1\1737-148989-0006.wav
base,1737-148989-0006,1,dropout-mid,0.03,0.0,500,10.69,0.025658316910266876,0.04516836255788803,1.3076390027999878,-18.320006754177836,0.1204552948474884,0.7498838198404558,1.175069808959961,-1.7785968958024432,0.3443892300128937,0.0,171040,0.026168224299065422,0.0,58010,output\experiments\exp3_low_load_channel_aware_adaptation_20260530_seed42\samples\original\1737-148989-0006.wav,output\experiments\exp3_low_load_channel_aware_adaptation_20260530_seed42\samples\base\dropout-mid\L1\1737-148989-0006.wav
lca,1737-148989-0006,1,dropout-mid,0.03,0.0,500,10.69,0.024051593616604805,0.04273685812950134,1.1898341178894043,-17.600519885432306,0.13068726658821106,0.7680004412889319,1.1666834354400635,-3.0240750971775263,0.41401731967926025,0.0,171040,0.026168224299065422,0.0,58010,output\experiments\exp3_low_load_channel_aware_adaptation_20260530_seed42\samples\original\1737-148989-0006.wav,output\experiments\exp3_low_load_channel_aware_adaptation_20260530_seed42\samples\lca\dropout-mid\L1\1737-148989-0006.wav
base,1737-148989-0006,1,substitution-low,0.0,0.001,500,10.69,0.025542473420500755,0.0450371690094471,1.301960825920105,-17.977611088536094,0.12522394955158234,0.7597048731079195,1.195818305015564,-1.7843299773898516,0.3443892300128937,0.0,171040,0.0,0.0,58213,output\experiments\exp3_low_load_channel_aware_adaptation_20260530_seed42\samples\original\1737-148989-0006.wav,output\experiments\exp3_low_load_channel_aware_adaptation_20260530_seed42\samples\base\substitution-low\L1\1737-148989-0006.wav
lca,1737-148989-0006,1,substitution-low,0.0,0.001,500,10.69,0.023948421701788902,0.04260443150997162,1.1842336654663086,-17.227478248787808,0.1363179236650467,0.7759638513037423,1.1816434860229492,-3.0260126804343424,0.4135330021381378,0.0,171040,0.0,0.0,58213,output\experiments\exp3_low_load_channel_aware_adaptation_20260530_seed42\samples\original\1737-148989-0006.wav,output\experiments\exp3_low_load_channel_aware_adaptation_20260530_seed42\samples\lca\substitution-low\L1\1737-148989-0006.wav
base,1737-148989-0006,1,substitution-mid,0.0,0.005,500,10.69,0.025789324194192886,0.04527084156870842,1.3177496194839478,-18.131366611436178,0.12306033074855804,0.7567050345683946,1.188011884689331,-1.6954207359264335,0.3443892300128937,0.0,171040,0.0,0.005607476635514018,57320,output\experiments\exp3_low_load_channel_aware_adaptation_20260530_seed42\samples\original\1737-148989-0006.wav,output\experiments\exp3_low_load_channel_aware_adaptation_20260530_seed42\samples\base\substitution-mid\L1\1737-148989-0006.wav
lca,1737-148989-0006,1,substitution-mid,0.0,0.005,500,10.69,0.023992128670215607,0.04262150079011917,1.1951173543930054,-17.231578846406205,0.13625478744506836,0.7736570589130949,1.178532361984253,-3.0156787769274533,0.4135330021381378,0.0,171040,0.0,0.005607476635514018,57320,output\experiments\exp3_low_load_channel_aware_adaptation_20260530_seed42\samples\original\1737-148989-0006.wav,output\experiments\exp3_low_load_channel_aware_adaptation_20260530_seed42\samples\lca\substitution-mid\L1\1737-148989-0006.wav
base,1737-148989-0006,2,clean,0.0,0.0,1000,10.69,0.022374605759978294,0.043169111013412476,0.9510124325752258,-15.641469571623974,0.16296036541461945,0.8053675796496105,1.4676434993743896,-2.2826034379792817,0.3731744587421417,0.0,171040,0.0,0.0,58801,output\experiments\exp3_low_load_channel_aware_adaptation_20260530_seed42\samples\original\1737-148989-0006.wav,output\experiments\exp3_low_load_channel_aware_adaptation_20260530_seed42\samples\base\clean\L2\1737-148989-0006.wav
lca,1737-148989-0006,2,clean,0.0,0.0,1000,10.69,0.02143881656229496,0.04117248207330704,0.9070304036140442,-14.980736372193542,0.17545798420906067,0.82789667383824,1.405327558517456,-3.4048788131145753,0.34773534536361694,0.0,171040,0.0,0.0,58801,output\experiments\exp3_low_load_channel_aware_adaptation_20260530_seed42\samples\original\1737-148989-0006.wav,output\experiments\exp3_low_load_channel_aware_adaptation_20260530_seed42\samples\lca\clean\L2\1737-148989-0006.wav
base,1737-148989-0006,2,dropout-low,0.01,0.0,1000,10.69,0.022411944344639778,0.04319649934768677,0.9586300849914551,-15.723409913041163,0.16147030889987946,0.8004814574226192,1.431102991104126,-2.28809239265781,0.3731744587421417,0.0,171040,0.010280373831775701,0.0,58410,output\experiments\exp3_low_load_channel_aware_adaptation_20260530_seed42\samples\original\1737-148989-0006.wav,output\experiments\exp3_low_load_channel_aware_adaptation_20260530_seed42\samples\base\dropout-low\L2\1737-148989-0006.wav
lca,1737-148989-0006,2,dropout-low,0.01,0.0,1000,10.69,0.021445034071803093,0.04118037223815918,0.9118264317512512,-15.002397798750447,0.17503437399864197,0.8235236722749462,1.3889275789260864,-3.4062294510681963,0.34773534536361694,0.0,171040,0.010280373831775701,0.0,58410,output\experiments\exp3_low_load_channel_aware_adaptation_20260530_seed42\samples\original\1737-148989-0006.wav,output\experiments\exp3_low_load_channel_aware_adaptation_20260530_seed42\samples\lca\dropout-low\L2\1737-148989-0006.wav
base,1737-148989-0006,2,dropout-mid,0.03,0.0,1000,10.69,0.0226423479616642,0.04345153272151947,0.981327474117279,-15.725143797444968,0.1614389568567276,0.792548900296464,1.439359188079834,-2.143285934002944,0.38501185178756714,0.0,171040,0.03457943925233645,0.0,59010,output\experiments\exp3_low_load_channel_aware_adaptation_20260530_seed42\samples\original\1737-148989-0006.wav,output\experiments\exp3_low_load_channel_aware_adaptation_20260530_seed42\samples\base\dropout-mid\L2\1737-148989-0006.wav
lca,1737-148989-0006,2,dropout-mid,0.03,0.0,1000,10.69,0.021520044654607773,0.04119275510311127,0.9274620413780212,-14.94491830352558,0.1761605590581894,0.8212019578037641,1.378960132598877,-3.377300613485849,0.3457939922809601,0.0,171040,0.03457943925233645,0.0,59010,output\experiments\exp3_low_load_channel_aware_adaptation_20260530_seed42\samples\original\1737-148989-0006.wav,output\experiments\exp3_low_load_channel_aware_adaptation_20260530_seed42\samples\lca\dropout-mid\L2\1737-148989-0006.wav
base,1737-148989-0006,2,substitution-low,0.0,0.001,1000,10.69,0.022374605759978294,0.043169111013412476,0.9510124325752258,-15.641469571623974,0.16296036541461945,0.8053675796496105,1.4676434993743896,-2.2826034379792817,0.3731744587421417,0.0,171040,0.0,0.0,59213,output\experiments\exp3_low_load_channel_aware_adaptation_20260530_seed42\samples\original\1737-148989-0006.wav,output\experiments\exp3_low_load_channel_aware_adaptation_20260530_seed42\samples\base\substitution-low\L2\1737-148989-0006.wav
lca,1737-148989-0006,2,substitution-low,0.0,0.001,1000,10.69,0.02143881656229496,0.04117248207330704,0.9070304036140442,-14.980736372193542,0.17545798420906067,0.82789667383824,1.405327558517456,-3.4048788131145753,0.34773534536361694,0.0,171040,0.0,0.0,59213,output\experiments\exp3_low_load_channel_aware_adaptation_20260530_seed42\samples\original\1737-148989-0006.wav,output\experiments\exp3_low_load_channel_aware_adaptation_20260530_seed42\samples\lca\substitution-low\L2\1737-148989-0006.wav
base,1737-148989-0006,2,substitution-mid,0.0,0.005,1000,10.69,0.02240297757089138,0.04323465749621391,0.9521000981330872,-15.635568457998733,0.16306816041469574,0.8029817882543574,1.4632431268692017,-2.2432769398003547,0.3731744587421417,0.0,171040,0.0,0.001869158878504673,58320,output\experiments\exp3_low_load_channel_aware_adaptation_20260530_seed42\samples\original\1737-148989-0006.wav,output\experiments\exp3_low_load_channel_aware_adaptation_20260530_seed42\samples\base\substitution-mid\L2\1737-148989-0006.wav
lca,1737-148989-0006,2,substitution-mid,0.0,0.005,1000,10.69,0.021476903930306435,0.04125019162893295,0.9089445471763611,-15.096040000432463,0.1732141077518463,0.8267379148878579,1.3977010250091553,-3.3847731874545754,0.34773534536361694,0.0,171040,0.0,0.001869158878504673,58320,output\experiments\exp3_low_load_channel_aware_adaptation_20260530_seed42\samples\original\1737-148989-0006.wav,output\experiments\exp3_low_load_channel_aware_adaptation_20260530_seed42\samples\lca\substitution-mid\L2\1737-148989-0006.wav
base,1737-148989-0006,3,clean,0.0,0.0,1500,10.69,0.021462585777044296,0.042003706097602844,0.879284679889679,-13.565967914748523,0.20528273284435272,0.830696600367496,1.652954339981079,-2.346524931663062,0.35000649094581604,0.0,171040,0.0,0.0,59801,output\experiments\exp3_low_load_channel_aware_adaptation_20260530_seed42\samples\original\1737-148989-0006.wav,output\experiments\exp3_low_load_channel_aware_adaptation_20260530_seed42\samples\base\clean\L3\1737-148989-0006.wav
lca,1737-148989-0006,3,clean,0.0,0.0,1500,10.69,0.020456235855817795,0.04022859036922455,0.8220621943473816,-12.884874724728208,0.22123752534389496,0.8470905727122898,1.6605147123336792,-3.312749427035777,0.32594841718673706,0.0,171040,0.0,0.0,59801,output\experiments\exp3_low_load_channel_aware_adaptation_20260530_seed42\samples\original\1737-148989-0006.wav,output\experiments\exp3_low_load_channel_aware_adaptation_20260530_seed42\samples\lca\clean\L3\1737-148989-0006.wav
base,1737-148989-0006,3,dropout-low,0.01,0.0,1500,10.69,0.021479269489645958,0.04204273223876953,0.8857563734054565,-13.635295268698059,0.20371876657009125,0.8285366083815351,1.6087733507156372,-2.3468097664730942,0.35000649094581604,0.0,171040,0.008722741433021807,0.0,59410,output\experiments\exp3_low_load_channel_aware_adaptation_20260530_seed42\samples\original\1737-148989-0006.wav,output\experiments\exp3_low_load_channel_aware_adaptation_20260530_seed42\samples\base\dropout-low\L3\1737-148989-0006.wav
lca,1737-148989-0006,3,dropout-low,0.01,0.0,1500,10.69,0.020546287298202515,0.04033580422401428,0.8274511694908142,-13.0692495396606,0.21681147813796997,0.8466383650439281,1.6562483310699463,-3.3104520597720466,0.32594841718673706,0.0,171040,0.008722741433021807,0.0,59410,output\experiments\exp3_low_load_channel_aware_adaptation_20260530_seed42\samples\original\1737-148989-0006.wav,output\experiments\exp3_low_load_channel_aware_adaptation_20260530_seed42\samples\lca\dropout-low\L3\1737-148989-0006.wav
base,1737-148989-0006,3,dropout-mid,0.03,0.0,1500,10.69,0.02206476591527462,0.043246470391750336,0.9083952903747559,-15.218083117085882,0.17086836695671082,0.8175270261511767,1.5469672679901123,-2.1256141211303508,0.3608637750148773,0.0,171040,0.02554517133956386,0.0,60010,output\experiments\exp3_low_load_channel_aware_adaptation_20260530_seed42\samples\original\1737-148989-0006.wav,output\experiments\exp3_low_load_channel_aware_adaptation_20260530_seed42\samples\base\dropout-mid\L3\1737-148989-0006.wav
lca,1737-148989-0006,3,dropout-mid,0.03,0.0,1500,10.69,0.02097962237894535,0.04132968559861183,0.8451911807060242,-14.775832879489371,0.1795128732919693,0.8389364980393937,1.5402684211730957,-3.2177931091787073,0.35506004095077515,0.0,171040,0.02554517133956386,0.0,60010,output\experiments\exp3_low_load_channel_aware_adaptation_20260530_seed42\samples\original\1737-148989-0006.wav,output\experiments\exp3_low_load_channel_aware_adaptation_20260530_seed42\samples\lca\dropout-mid\L3\1737-148989-0006.wav
base,1737-148989-0006,3,substitution-low,0.0,0.001,1500,10.69,0.021459173411130905,0.041993774473667145,0.879051148891449,-13.571329371767343,0.20516139268875122,0.8306179204336529,1.6532588005065918,-2.354540258193426,0.35000649094581604,0.0,171040,0.0,0.0006230529595015577,60213,output\experiments\exp3_low_load_channel_aware_adaptation_20260530_seed42\samples\original\1737-148989-0006.wav,output\experiments\exp3_low_load_channel_aware_adaptation_20260530_seed42\samples\base\substitution-low\L3\1737-148989-0006.wav
lca,1737-148989-0006,3,substitution-low,0.0,0.001,1500,10.69,0.020468274131417274,0.040252164006233215,0.82275390625,-12.89975658348167,0.22087730467319489,0.8469184447663606,1.65887451171875,-3.3007565724900494,0.32594841718673706,0.0,171040,0.0,0.0006230529595015577,60213,output\experiments\exp3_low_load_channel_aware_adaptation_20260530_seed42\samples\original\1737-148989-0006.wav,output\experiments\exp3_low_load_channel_aware_adaptation_20260530_seed42\samples\lca\substitution-low\L3\1737-148989-0006.wav
base,1737-148989-0006,3,substitution-mid,0.0,0.005,1500,10.69,0.021450545638799667,0.04194661229848862,0.885995626449585,-13.6495561785419,0.20339836180210114,0.8289644910237604,1.618667483329773,-2.411369951667074,0.35000649094581604,0.0,171040,0.0,0.004984423676012461,59320,output\experiments\exp3_low_load_channel_aware_adaptation_20260530_seed42\samples\original\1737-148989-0006.wav,output\experiments\exp3_low_load_channel_aware_adaptation_20260530_seed42\samples\base\substitution-mid\L3\1737-148989-0006.wav
lca,1737-148989-0006,3,substitution-mid,0.0,0.005,1500,10.69,0.02045743726193905,0.04018304497003555,0.8271998167037964,-12.82837015542383,0.22261013090610504,0.8458782294911588,1.6391310691833496,-3.323265602530445,0.32594841718673706,0.0,171040,0.0,0.004984423676012461,59320,output\experiments\exp3_low_load_channel_aware_adaptation_20260530_seed42\samples\original\1737-148989-0006.wav,output\experiments\exp3_low_load_channel_aware_adaptation_20260530_seed42\samples\lca\substitution-mid\L3\1737-148989-0006.wav
base,1455-138263-0040,1,clean,0.0,0.0,500,14.83,0.028753384947776794,0.048505932092666626,1.178460955619812,-8.214814126793028,0.36203595995903015,0.7496623329479117,1.202965259552002,-2.9811201459363605,0.4631107449531555,0.0,237280,0.0,0.0,63562,output\experiments\exp3_low_load_channel_aware_adaptation_20260530_seed42\samples\original\1455-138263-0040.wav,output\experiments\exp3_low_load_channel_aware_adaptation_20260530_seed42\samples\base\clean\L1\1455-138263-0040.wav
lca,1455-138263-0040,1,clean,0.0,0.0,500,14.83,0.028893010690808296,0.048761337995529175,1.107131838798523,-8.798051525436222,0.34134718775749207,0.7703086836615467,1.231611728668213,-3.3139380846908684,0.43701815605163574,0.0,237280,0.0,0.0,63562,output\experiments\exp3_low_load_channel_aware_adaptation_20260530_seed42\samples\original\1455-138263-0040.wav,output\experiments\exp3_low_load_channel_aware_adaptation_20260530_seed42\samples\lca\clean\L1\1455-138263-0040.wav
base,1455-138263-0040,1,dropout-low,0.01,0.0,500,14.83,0.02901560626924038,0.04906829074025154,1.1821606159210205,-8.526765150649362,0.35086163878440857,0.7453463572181265,1.1914489269256592,-2.8603438014540394,0.46502962708473206,0.0,237280,0.013477088948787063,0.0,63171,output\experiments\exp3_low_load_channel_aware_adaptation_20260530_seed42\samples\original\1455-138263-0040.wav,output\experiments\exp3_low_load_channel_aware_adaptation_20260530_seed42\samples\base\dropout-low\L1\1455-138263-0040.wav
lca,1455-138263-0040,1,dropout-low,0.01,0.0,500,14.83,0.029061269015073776,0.04892364516854286,1.1132482290267944,-8.778825505682343,0.34201520681381226,0.7637438406004521,1.2188267707824707,-3.175788649730355,0.43635207414627075,0.0,237280,0.013477088948787063,0.0,63171,output\experiments\exp3_low_load_channel_aware_adaptation_20260530_seed42\samples\original\1455-138263-0040.wav,output\experiments\exp3_low_load_channel_aware_adaptation_20260530_seed42\samples\lca\dropout-low\L1\1455-138263-0040.wav
base,1455-138263-0040,1,dropout-mid,0.03,0.0,500,14.83,0.029376516118645668,0.04979149252176285,1.1964728832244873,-9.170158760351905,0.32860830426216125,0.7433603007780664,1.1880797147750854,-2.8905407160649026,0.433207243680954,0.0,237280,0.025606469002695417,0.0,63771,output\experiments\exp3_low_load_channel_aware_adaptation_20260530_seed42\samples\original\1455-138263-0040.wav,output\experiments\exp3_low_load_channel_aware_adaptation_20260530_seed42\samples\base\dropout-mid\L1\1455-138263-0040.wav
lca,1455-138263-0040,1,dropout-mid,0.03,0.0,500,14.83,0.029218150302767754,0.04944869503378868,1.1177912950515747,-9.468995993168294,0.31864088773727417,0.7667435262820217,1.2185945510864258,-3.3599711437508355,0.4242303669452667,0.0,237280,0.025606469002695417,0.0,63771,output\experiments\exp3_low_load_channel_aware_adaptation_20260530_seed42\samples\original\1455-138263-0040.wav,output\experiments\exp3_low_load_channel_aware_adaptation_20260530_seed42\samples\lca\dropout-mid\L1\1455-138263-0040.wav
base,1455-138263-0040,1,substitution-low,0.0,0.001,500,14.83,0.028753384947776794,0.048505932092666626,1.178460955619812,-8.214814126793028,0.36203595995903015,0.7496623329479117,1.202965259552002,-2.9811201459363605,0.4631107449531555,0.0,237280,0.0,0.0,63974,output\experiments\exp3_low_load_channel_aware_adaptation_20260530_seed42\samples\original\1455-138263-0040.wav,output\experiments\exp3_low_load_channel_aware_adaptation_20260530_seed42\samples\base\substitution-low\L1\1455-138263-0040.wav
lca,1455-138263-0040,1,substitution-low,0.0,0.001,500,14.83,0.028893010690808296,0.048761337995529175,1.107131838798523,-8.798051525436222,0.34134718775749207,0.7703086836615467,1.231611728668213,-3.3139380846908684,0.43701815605163574,0.0,237280,0.0,0.0,63974,output\experiments\exp3_low_load_channel_aware_adaptation_20260530_seed42\samples\original\1455-138263-0040.wav,output\experiments\exp3_low_load_channel_aware_adaptation_20260530_seed42\samples\lca\substitution-low\L1\1455-138263-0040.wav
base,1455-138263-0040,1,substitution-mid,0.0,0.005,500,14.83,0.028796197846531868,0.048585936427116394,1.1812933683395386,-8.326385029374363,0.358010858297348,0.7456687690655197,1.1973696947097778,-3.0239997410454182,0.4667581617832184,0.0,237280,0.0,0.004043126684636119,63081,output\experiments\exp3_low_load_channel_aware_adaptation_20260530_seed42\samples\original\1455-138263-0040.wav,output\experiments\exp3_low_load_channel_aware_adaptation_20260530_seed42\samples\base\substitution-mid\L1\1455-138263-0040.wav
lca,1455-138263-0040,1,substitution-mid,0.0,0.005,500,14.83,0.02897467277944088,0.04886116459965706,1.111186146736145,-8.981956301982999,0.33500608801841736,0.7654889174512463,1.229082465171814,-3.39855672691781,0.4373970329761505,0.0,237280,0.0,0.004043126684636119,63081,output\experiments\exp3_low_load_channel_aware_adaptation_20260530_seed42\samples\original\1455-138263-0040.wav,output\experiments\exp3_low_load_channel_aware_adaptation_20260530_seed42\samples\lca\substitution-mid\L1\1455-138263-0040.wav
base,1455-138263-0040,2,clean,0.0,0.0,1000,14.83,0.024190565571188927,0.04283297061920166,0.9434542655944824,-3.3865031211583267,0.5606862902641296,0.8166732337491991,1.5344619750976562,-1.3702916173227435,0.5201448202133179,0.0,237280,0.0,0.0,64562,output\experiments\exp3_low_load_channel_aware_adaptation_20260530_seed42\samples\original\1455-138263-0040.wav,output\experiments\exp3_low_load_channel_aware_adaptation_20260530_seed42\samples\base\clean\L2\1455-138263-0040.wav
lca,1455-138263-0040,2,clean,0.0,0.0,1000,14.83,0.02409815602004528,0.04246651753783226,0.8819964528083801,-3.4991755689701396,0.5557016134262085,0.8340956272548343,1.5216834545135498,-1.7746736086543975,0.4240802824497223,0.0,237280,0.0,0.0,64562,output\experiments\exp3_low_load_channel_aware_adaptation_20260530_seed42\samples\original\1455-138263-0040.wav,output\experiments\exp3_low_load_channel_aware_adaptation_20260530_seed42\samples\lca\clean\L2\1455-138263-0040.wav
base,1455-138263-0040,2,dropout-low,0.01,0.0,1000,14.83,0.024278907105326653,0.04281381145119667,0.9517417550086975,-3.422668919855832,0.5590859651565552,0.8097145394760844,1.4940943717956543,-1.4301271252893433,0.5220069885253906,0.0,237280,0.01078167115902965,0.0,64171,output\experiments\exp3_low_load_channel_aware_adaptation_20260530_seed42\samples\original\1455-138263-0040.wav,output\experiments\exp3_low_load_channel_aware_adaptation_20260530_seed42\samples\base\dropout-low\L2\1455-138263-0040.wav
lca,1455-138263-0040,2,dropout-low,0.01,0.0,1000,14.83,0.02421470545232296,0.042578041553497314,0.8912229537963867,-3.536534137147347,0.5540499091148376,0.8297343364259194,1.4821841716766357,-1.7483819053582308,0.42370763421058655,0.0,237280,0.01078167115902965,0.0,64171,output\experiments\exp3_low_load_channel_aware_adaptation_20260530_seed42\samples\original\1455-138263-0040.wav,output\experiments\exp3_low_load_channel_aware_adaptation_20260530_seed42\samples\lca\dropout-low\L2\1455-138263-0040.wav
base,1455-138263-0040,2,dropout-mid,0.03,0.0,1000,14.83,0.024746496230363846,0.04394786059856415,0.9783343076705933,-3.875662472669899,0.5390861630439758,0.8032249338836949,1.4440051317214966,-1.3097187721498118,0.518718421459198,0.0,237280,0.027628032345013476,0.0,64771,output\experiments\exp3_low_load_channel_aware_adaptation_20260530_seed42\samples\original\1455-138263-0040.wav,output\experiments\exp3_low_load_channel_aware_adaptation_20260530_seed42\samples\base\dropout-mid\L2\1455-138263-0040.wav
lca,1455-138263-0040,2,dropout-mid,0.03,0.0,1000,14.83,0.02468334697186947,0.04352220892906189,0.9084781408309937,-4.045839530860701,0.5316036343574524,0.8233581891108702,1.441333532333374,-1.7955352818468284,0.4220351576805115,0.0,237280,0.027628032345013476,0.0,64771,output\experiments\exp3_low_load_channel_aware_adaptation_20260530_seed42\samples\original\1455-138263-0040.wav,output\experiments\exp3_low_load_channel_aware_adaptation_20260530_seed42\samples\lca\dropout-mid\L2\1455-138263-0040.wav
base,1455-138263-0040,2,substitution-low,0.0,0.001,1000,14.83,0.024243636056780815,0.042899321764707565,0.9442898631095886,-3.373622652900767,0.561256468296051,0.8159276488255994,1.5278067588806152,-1.3125804393261207,0.5215226411819458,0.0,237280,0.0,0.0020215633423180594,64974,output\experiments\exp3_low_load_channel_aware_adaptation_20260530_seed42\samples\original\1455-138263-0040.wav,output\experiments\exp3_low_load_channel_aware_adaptation_20260530_seed42\samples\base\substitution-low\L2\1455-138263-0040.wav
lca,1455-138263-0040,2,substitution-low,0.0,0.001,1000,14.83,0.02416718378663063,0.0425841249525547,0.8824206590652466,-3.550423448354671,0.5534359812736511,0.8333722711326621,1.5181872844696045,-1.764288363310203,0.4240036606788635,0.0,237280,0.0,0.0020215633423180594,64974,output\experiments\exp3_low_load_channel_aware_adaptation_20260530_seed42\samples\original\1455-138263-0040.wav,output\experiments\exp3_low_load_channel_aware_adaptation_20260530_seed42\samples\lca\substitution-low\L2\1455-138263-0040.wav
base,1455-138263-0040,2,substitution-mid,0.0,0.005,1000,14.83,0.02429788187146187,0.04293586313724518,0.951316237449646,-3.436391216334942,0.558478832244873,0.8122732070318527,1.5241795778274536,-1.3713041434248954,0.5218883752822876,0.0,237280,0.0,0.0047169811320754715,64081,output\experiments\exp3_low_load_channel_aware_adaptation_20260530_seed42\samples\original\1455-138263-0040.wav,output\experiments\exp3_low_load_channel_aware_adaptation_20260530_seed42\samples\base\substitution-mid\L2\1455-138263-0040.wav
lca,1455-138263-0040,2,substitution-mid,0.0,0.005,1000,14.83,0.02422790788114071,0.04259243980050087,0.8913328647613525,-3.5562047972796784,0.553180456161499,0.8277086338633332,1.5130724906921387,-1.766653951787609,0.42349860072135925,0.0,237280,0.0,0.0047169811320754715,64081,output\experiments\exp3_low_load_channel_aware_adaptation_20260530_seed42\samples\original\1455-138263-0040.wav,output\experiments\exp3_low_load_channel_aware_adaptation_20260530_seed42\samples\lca\substitution-mid\L2\1455-138263-0040.wav
base,1455-138263-0040,3,clean,0.0,0.0,1500,14.83,0.02260851301252842,0.041276030242443085,0.8692589998245239,-2.259561336551009,0.6105621457099915,0.8459121495854109,1.715861201286316,-0.8233898780311772,0.5675107836723328,0.0,237280,0.0,0.0,65562,output\experiments\exp3_low_load_channel_aware_adaptation_20260530_seed42\samples\original\1455-138263-0040.wav,output\experiments\exp3_low_load_channel_aware_adaptation_20260530_seed42\samples\base\clean\L3\1455-138263-0040.wav
lca,1455-138263-0040,3,clean,0.0,0.0,1500,14.83,0.02217981219291687,0.03994840756058693,0.8055081367492676,-1.8399832249366117,0.6289980411529541,0.8590280123035959,1.7613084316253662,-1.035318505166354,0.4683535695075989,0.0,237280,0.0,0.0,65562,output\experiments\exp3_low_load_channel_aware_adaptation_20260530_seed42\samples\original\1455-138263-0040.wav,output\experiments\exp3_low_load_channel_aware_adaptation_20260530_seed42\samples\lca\clean\L3\1455-138263-0040.wav
base,1455-138263-0040,3,dropout-low,0.01,0.0,1500,14.83,0.022839544340968132,0.041494693607091904,0.8806356191635132,-2.398202694694682,0.6044440269470215,0.8418783986176831,1.663812518119812,-0.8791333585538713,0.5627366900444031,0.0,237280,0.009433962264150943,0.0,65171,output\experiments\exp3_low_load_channel_aware_adaptation_20260530_seed42\samples\original\1455-138263-0040.wav,output\experiments\exp3_low_load_channel_aware_adaptation_20260530_seed42\samples\base\dropout-low\L3\1455-138263-0040.wav
lca,1455-138263-0040,3,dropout-low,0.01,0.0,1500,14.83,0.022495124489068985,0.04042124003171921,0.8133031725883484,-2.0114433471558875,0.6214807033538818,0.8554515869880668,1.6992864608764648,-0.9873723659779481,0.47090449929237366,0.0,237280,0.009433962264150943,0.0,65171,output\experiments\exp3_low_load_channel_aware_adaptation_20260530_seed42\samples\original\1455-138263-0040.wav,output\experiments\exp3_low_load_channel_aware_adaptation_20260530_seed42\samples\lca\dropout-low\L3\1455-138263-0040.wav
base,1455-138263-0040,3,dropout-mid,0.03,0.0,1500,14.83,0.023036176338791847,0.04210348799824715,0.8879767656326294,-2.722347206167983,0.590107262134552,0.8360215010501079,1.6217758655548096,-0.949305336183916,0.5532251596450806,0.0,237280,0.02605570530098832,0.0,65771,output\experiments\exp3_low_load_channel_aware_adaptation_20260530_seed42\samples\original\1455-138263-0040.wav,output\experiments\exp3_low_load_channel_aware_adaptation_20260530_seed42\samples\base\dropout-mid\L3\1455-138263-0040.wav
lca,1455-138263-0040,3,dropout-mid,0.03,0.0,1500,14.83,0.022574519738554955,0.0408719964325428,0.8216351270675659,-2.349951306894445,0.606574535369873,0.8508664591973836,1.6826226711273193,-1.187266757671299,0.44315680861473083,0.0,237280,0.02605570530098832,0.0,65771,output\experiments\exp3_low_load_channel_aware_adaptation_20260530_seed42\samples\original\1455-138263-0040.wav,output\experiments\exp3_low_load_channel_aware_adaptation_20260530_seed42\samples\lca\dropout-mid\L3\1455-138263-0040.wav
base,1455-138263-0040,3,substitution-low,0.0,0.001,1500,14.83,0.022699201479554176,0.04145696014165878,0.8712929487228394,-2.3481652210626227,0.6066533923149109,0.843807607562791,1.7061923742294312,-0.8362595322850888,0.5675107836723328,0.0,237280,0.0,0.0022461814914645105,65974,output\experiments\exp3_low_load_channel_aware_adaptation_20260530_seed42\samples\original\1455-138263-0040.wav,output\experiments\exp3_low_load_channel_aware_adaptation_20260530_seed42\samples\base\substitution-low\L3\1455-138263-0040.wav
lca,1455-138263-0040,3,substitution-low,0.0,0.001,1500,14.83,0.02230007015168667,0.04012589529156685,0.8105996251106262,-1.9262519531713829,0.6252189874649048,0.8557527220899892,1.7213401794433594,-1.0489780086580685,0.4683535695075989,0.0,237280,0.0,0.0022461814914645105,65974,output\experiments\exp3_low_load_channel_aware_adaptation_20260530_seed42\samples\original\1455-138263-0040.wav,output\experiments\exp3_low_load_channel_aware_adaptation_20260530_seed42\samples\lca\substitution-low\L3\1455-138263-0040.wav
base,1455-138263-0040,3,substitution-mid,0.0,0.005,1500,14.83,0.02274678833782673,0.041415706276893616,0.8823732733726501,-2.3374167965763757,0.6071277260780334,0.8429651474858096,1.6951357126235962,-0.8454338410369332,0.5675107836723328,0.0,237280,0.0,0.008086253369272238,65081,output\experiments\exp3_low_load_channel_aware_adaptation_20260530_seed42\samples\original\1455-138263-0040.wav,output\experiments\exp3_low_load_channel_aware_adaptation_20260530_seed42\samples\base\substitution-mid\L3\1455-138263-0040.wav
lca,1455-138263-0040,3,substitution-mid,0.0,0.005,1500,14.83,0.022426016628742218,0.040208518505096436,0.8240050673484802,-1.9777042431456815,0.6229619383811951,0.8515955455760283,1.6880418062210083,-1.0716095053165517,0.4683535695075989,0.0,237280,0.0,0.008086253369272238,65081,output\experiments\exp3_low_load_channel_aware_adaptation_20260530_seed42\samples\original\1455-138263-0040.wav,output\experiments\exp3_low_load_channel_aware_adaptation_20260530_seed42\samples\lca\substitution-mid\L3\1455-138263-0040.wav
base,311-124404-0119,1,clean,0.0,0.0,500,6.175,0.019457921385765076,0.03414755314588547,1.1597135066986084,-10.413005475214387,0.28870323300361633,0.7504839009442246,1.1993967294692993,-3.2740188829483063,0.27581915259361267,0.0,98800,0.0,0.0,61784,output\experiments\exp3_low_load_channel_aware_adaptation_20260530_seed42\samples\original\311-124404-0119.wav,output\experiments\exp3_low_load_channel_aware_adaptation_20260530_seed42\samples\base\clean\L1\311-124404-0119.wav
lca,311-124404-0119,1,clean,0.0,0.0,500,6.175,0.018872790038585663,0.03362235426902771,1.0524908304214478,-11.761263632093524,0.2499905377626419,0.7793639979867701,1.2385926246643066,-4.840927075449068,0.21156446635723114,0.0,98800,0.0,0.0,61784,output\experiments\exp3_low_load_channel_aware_adaptation_20260530_seed42\samples\original\311-124404-0119.wav,output\experiments\exp3_low_load_channel_aware_adaptation_20260530_seed42\samples\lca\clean\L1\311-124404-0119.wav
base,311-124404-0119,1,dropout-low,0.01,0.0,500,6.175,0.019465291872620583,0.0341615155339241,1.1635946035385132,-10.455936196524549,0.2873976230621338,0.7491391230140346,1.1953516006469727,-3.288542501044221,0.27590736746788025,0.0,98800,0.003236245954692557,0.0,61393,output\experiments\exp3_low_load_channel_aware_adaptation_20260530_seed42\samples\original\311-124404-0119.wav,output\experiments\exp3_low_load_channel_aware_adaptation_20260530_seed42\samples\base\dropout-low\L1\311-124404-0119.wav
lca,311-124404-0119,1,dropout-low,0.01,0.0,500,6.175,0.018842462450265884,0.03359618037939072,1.0526447296142578,-11.722273813970103,0.25104448199272156,0.7796302641195226,1.238714575767517,-4.850699287312789,0.2111867070198059,0.0,98800,0.003236245954692557,0.0,61393,output\experiments\exp3_low_load_channel_aware_adaptation_20260530_seed42\samples\original\311-124404-0119.wav,output\experiments\exp3_low_load_channel_aware_adaptation_20260530_seed42\samples\lca\dropout-low\L1\311-124404-0119.wav
base,311-124404-0119,1,dropout-mid,0.03,0.0,500,6.175,0.019462788477540016,0.03414100781083107,1.1638903617858887,-10.400898734674968,0.2890722453594208,0.7504455579548431,1.2019309997558594,-3.272511950154028,0.2758272886276245,0.0,98800,0.022653721682847898,0.0,61993,output\experiments\exp3_low_load_channel_aware_adaptation_20260530_seed42\samples\original\311-124404-0119.wav,output\experiments\exp3_low_load_channel_aware_adaptation_20260530_seed42\samples\base\dropout-mid\L1\311-124404-0119.wav
lca,311-124404-0119,1,dropout-mid,0.03,0.0,500,6.175,0.018913939595222473,0.03364713490009308,1.057464599609375,-11.79419103032445,0.24910344183444977,0.7776706200846143,1.237148404121399,-4.828767068253168,0.2116233855485916,0.0,98800,0.022653721682847898,0.0,61993,output\experiments\exp3_low_load_channel_aware_adaptation_20260530_seed42\samples\original\311-124404-0119.wav,output\experiments\exp3_low_load_channel_aware_adaptation_20260530_seed42\samples\lca\dropout-mid\L1\311-124404-0119.wav
base,311-124404-0119,1,substitution-low,0.0,0.001,500,6.175,0.019516916945576668,0.03418164700269699,1.1769957542419434,-10.434918866019718,0.28803619742393494,0.7504839009442246,1.1822319030761719,-3.2544841219830554,0.27581915259361267,0.0,98800,0.0,0.003236245954692557,62196,output\experiments\exp3_low_load_channel_aware_adaptation_20260530_seed42\samples\original\311-124404-0119.wav,output\experiments\exp3_low_load_channel_aware_adaptation_20260530_seed42\samples\base\substitution-low\L1\311-124404-0119.wav
lca,311-124404-0119,1,substitution-low,0.0,0.001,500,6.175,0.018914254382252693,0.0336347334086895,1.0661489963531494,-11.772481141133657,0.2496880292892456,0.7793639979867701,1.2325191497802734,-4.831067346546406,0.21156446635723114,0.0,98800,0.0,0.003236245954692557,62196,output\experiments\exp3_low_load_channel_aware_adaptation_20260530_seed42\samples\original\311-124404-0119.wav,output\experiments\exp3_low_load_channel_aware_adaptation_20260530_seed42\samples\lca\substitution-low\L1\311-124404-0119.wav
base,311-124404-0119,1,substitution-mid,0.0,0.005,500,6.175,0.019380586221814156,0.0338229164481163,1.1561425924301147,-10.139271600203955,0.297141969203949,0.7528249656679455,1.1996002197265625,-3.419922739799124,0.22422876954078674,0.0,98800,0.0,0.003236245954692557,61303,output\experiments\exp3_low_load_channel_aware_adaptation_20260530_seed42\samples\original\311-124404-0119.wav,output\experiments\exp3_low_load_channel_aware_adaptation_20260530_seed42\samples\base\substitution-mid\L1\311-124404-0119.wav
lca,311-124404-0119,1,substitution-mid,0.0,0.005,500,6.175,0.01890808902680874,0.03374353051185608,1.053263783454895,-12.013481418761787,0.2432650476694107,0.7749924336297657,1.2366852760314941,-4.845108305028824,0.17655758559703827,0.0,98800,0.0,0.003236245954692557,61303,output\experiments\exp3_low_load_channel_aware_adaptation_20260530_seed42\samples\original\311-124404-0119.wav,output\experiments\exp3_low_load_channel_aware_adaptation_20260530_seed42\samples\lca\substitution-mid\L1\311-124404-0119.wav
base,311-124404-0119,2,clean,0.0,0.0,1000,6.175,0.014951261691749096,0.026818985119462013,0.9290744662284851,-1.9707342160401475,0.6232678890228271,0.8234446580032374,1.2910315990447998,-1.4159976790001179,0.4202136695384979,0.0,98800,0.0,0.0,62784,output\experiments\exp3_low_load_channel_aware_adaptation_20260530_seed42\samples\original\311-124404-0119.wav,output\experiments\exp3_low_load_channel_aware_adaptation_20260530_seed42\samples\base\clean\L2\311-124404-0119.wav
lca,311-124404-0119,2,clean,0.0,0.0,1000,6.175,0.014999854378402233,0.025943951681256294,0.8525947332382202,-1.723596577413928,0.6340851187705994,0.8446609760820348,1.3717597723007202,-2.1210834412539574,0.38542795181274414,0.0,98800,0.0,0.0,62784,output\experiments\exp3_low_load_channel_aware_adaptation_20260530_seed42\samples\original\311-124404-0119.wav,output\experiments\exp3_low_load_channel_aware_adaptation_20260530_seed42\samples\lca\clean\L2\311-124404-0119.wav
base,311-124404-0119,2,dropout-low,0.01,0.0,1000,6.175,0.015078447759151459,0.026931192725896835,0.9350742697715759,-2.0432628181386487,0.6200830340385437,0.8219357162827197,1.290010929107666,-1.4127299012991412,0.4211101233959198,0.0,98800,0.009708737864077669,0.0,62393,output\experiments\exp3_low_load_channel_aware_adaptation_20260530_seed42\samples\original\311-124404-0119.wav,output\experiments\exp3_low_load_channel_aware_adaptation_20260530_seed42\samples\base\dropout-low\L2\311-124404-0119.wav
lca,311-124404-0119,2,dropout-low,0.01,0.0,1000,6.175,0.015060821548104286,0.025999363511800766,0.8662284016609192,-1.7689125017761176,0.6321060061454773,0.8418580996547426,1.3583285808563232,-2.137653215384176,0.38542795181274414,0.0,98800,0.009708737864077669,0.0,62393,output\experiments\exp3_low_load_channel_aware_adaptation_20260530_seed42\samples\original\311-124404-0119.wav,output\experiments\exp3_low_load_channel_aware_adaptation_20260530_seed42\samples\lca\dropout-low\L2\311-124404-0119.wav
base,311-124404-0119,2,dropout-mid,0.03,0.0,1000,6.175,0.015267039649188519,0.02745881676673889,0.9491481184959412,-2.5971277076468278,0.5956500768661499,0.8122983591708454,1.2667417526245117,-1.7423102186125459,0.418589323759079,0.0,98800,0.03559870550161812,0.0,62993,output\experiments\exp3_low_load_channel_aware_adaptation_20260530_seed42\samples\original\311-124404-0119.wav,output\experiments\exp3_low_load_channel_aware_adaptation_20260530_seed42\samples\base\dropout-mid\L2\311-124404-0119.wav
lca,311-124404-0119,2,dropout-mid,0.03,0.0,1000,6.175,0.015447253361344337,0.026678569614887238,0.8665038347244263,-2.319772064149612,0.6079063415527344,0.828164335744925,1.3234409093856812,-2.3014816079743854,0.3855869472026825,0.0,98800,0.03559870550161812,0.0,62993,output\experiments\exp3_low_load_channel_aware_adaptation_20260530_seed42\samples\original\311-124404-0119.wav,output\experiments\exp3_low_load_channel_aware_adaptation_20260530_seed42\samples\lca\dropout-mid\L2\311-124404-0119.wav
base,311-124404-0119,2,substitution-low,0.0,0.001,1000,6.175,0.014951261691749096,0.026818985119462013,0.9290744662284851,-1.9707342160401475,0.6232678890228271,0.8234446580032374,1.2910315990447998,-1.4159976790001179,0.4202136695384979,0.0,98800,0.0,0.0,63196,output\experiments\exp3_low_load_channel_aware_adaptation_20260530_seed42\samples\original\311-124404-0119.wav,output\experiments\exp3_low_load_channel_aware_adaptation_20260530_seed42\samples\base\substitution-low\L2\311-124404-0119.wav
lca,311-124404-0119,2,substitution-low,0.0,0.001,1000,6.175,0.014999854378402233,0.025943951681256294,0.8525947332382202,-1.723596577413928,0.6340851187705994,0.8446609760820348,1.3717597723007202,-2.1210834412539574,0.38542795181274414,0.0,98800,0.0,0.0,63196,output\experiments\exp3_low_load_channel_aware_adaptation_20260530_seed42\samples\original\311-124404-0119.wav,output\experiments\exp3_low_load_channel_aware_adaptation_20260530_seed42\samples\lca\substitution-low\L2\311-124404-0119.wav
base,311-124404-0119,2,substitution-mid,0.0,0.005,1000,6.175,0.015188499353826046,0.027269212529063225,0.9361969232559204,-2.3106831225943996,0.6083073616027832,0.8221175535138747,1.2994451522827148,-1.4802988313475154,0.41832274198532104,0.0,98800,0.0,0.006472491909385114,62303,output\experiments\exp3_low_load_channel_aware_adaptation_20260530_seed42\samples\original\311-124404-0119.wav,output\experiments\exp3_low_load_channel_aware_adaptation_20260530_seed42\samples\base\substitution-mid\L2\311-124404-0119.wav
lca,311-124404-0119,2,substitution-mid,0.0,0.005,1000,6.175,0.01525204349309206,0.02660170942544937,0.8558787703514099,-2.1712025521414478,0.6144552826881409,0.8398857061809962,1.3763402700424194,-2.0855966997074535,0.3861359655857086,0.0,98800,0.0,0.006472491909385114,62303,output\experiments\exp3_low_load_channel_aware_adaptation_20260530_seed42\samples\original\311-124404-0119.wav,output\experiments\exp3_low_load_channel_aware_adaptation_20260530_seed42\samples\lca\substitution-mid\L2\311-124404-0119.wav
base,311-124404-0119,3,clean,0.0,0.0,1500,6.175,0.013260569423437119,0.02375612035393715,0.8641102910041809,0.4303695015885817,0.7243989706039429,0.8520600080450604,1.3955070972442627,-0.5750963633683678,0.3621494472026825,0.0,98800,0.0,0.0,63784,output\experiments\exp3_low_load_channel_aware_adaptation_20260530_seed42\samples\original\311-124404-0119.wav,output\experiments\exp3_low_load_channel_aware_adaptation_20260530_seed42\samples\base\clean\L3\311-124404-0119.wav
lca,311-124404-0119,3,clean,0.0,0.0,1500,6.175,0.013211933895945549,0.023034805431962013,0.7772595882415771,0.8097047574892504,0.7392399907112122,0.8741497575879645,1.4878158569335938,-0.6555315293758122,0.43696948885917664,0.0,98800,0.0,0.0,63784,output\experiments\exp3_low_load_channel_aware_adaptation_20260530_seed42\samples\original\311-124404-0119.wav,output\experiments\exp3_low_load_channel_aware_adaptation_20260530_seed42\samples\lca\clean\L3\311-124404-0119.wav
base,311-124404-0119,3,dropout-low,0.01,0.0,1500,6.175,0.013351142406463623,0.023880185559391975,0.8696647882461548,0.3356278730172662,0.7206321358680725,0.8508131867621488,1.389117956161499,-0.6100267375544256,0.36182069778442383,0.0,98800,0.007551240560949299,0.0,63393,output\experiments\exp3_low_load_channel_aware_adaptation_20260530_seed42\samples\original\311-124404-0119.wav,output\experiments\exp3_low_load_channel_aware_adaptation_20260530_seed42\samples\base\dropout-low\L3\311-124404-0119.wav
lca,311-124404-0119,3,dropout-low,0.01,0.0,1500,6.175,0.013262414373457432,0.023112712427973747,0.7839750051498413,0.755881529143613,0.7371584177017212,0.8729737828359617,1.4870051145553589,-0.6690406952437764,0.4367295801639557,0.0,98800,0.007551240560949299,0.0,63393,output\experiments\exp3_low_load_channel_aware_adaptation_20260530_seed42\samples\original\311-124404-0119.wav,output\experiments\exp3_low_load_channel_aware_adaptation_20260530_seed42\samples\lca\dropout-low\L3\311-124404-0119.wav
base,311-124404-0119,3,dropout-mid,0.03,0.0,1500,6.175,0.013773825019598007,0.024825453758239746,0.8870629668235779,-0.3979458807170333,0.6907303929328918,0.8364246416025285,1.3291630744934082,-0.8881077214126692,0.3631879687309265,0.0,98800,0.025889967637540454,0.0,63993,output\experiments\exp3_low_load_channel_aware_adaptation_20260530_seed42\samples\original\311-124404-0119.wav,output\experiments\exp3_low_load_channel_aware_adaptation_20260530_seed42\samples\base\dropout-mid\L3\311-124404-0119.wav
lca,311-124404-0119,3,dropout-mid,0.03,0.0,1500,6.175,0.013647387735545635,0.02364591881632805,0.7974652051925659,0.399550014001096,0.723176121711731,0.8686382485077782,1.4039404392242432,-0.7374103050235482,0.41845452785491943,0.0,98800,0.025889967637540454,0.0,63993,output\experiments\exp3_low_load_channel_aware_adaptation_20260530_seed42\samples\original\311-124404-0119.wav,output\experiments\exp3_low_load_channel_aware_adaptation_20260530_seed42\samples\lca\dropout-mid\L3\311-124404-0119.wav
base,311-124404-0119,3,substitution-low,0.0,0.001,1500,6.175,0.013260569423437119,0.02375612035393715,0.8641102910041809,0.4303695015885817,0.7243989706039429,0.8520600080450604,1.3955070972442627,-0.5750963633683678,0.3621494472026825,0.0,98800,0.0,0.0,64196,output\experiments\exp3_low_load_channel_aware_adaptation_20260530_seed42\samples\original\311-124404-0119.wav,output\experiments\exp3_low_load_channel_aware_adaptation_20260530_seed42\samples\base\substitution-low\L3\311-124404-0119.wav
lca,311-124404-0119,3,substitution-low,0.0,0.001,1500,6.175,0.013211933895945549,0.023034805431962013,0.7772595882415771,0.8097047574892504,0.7392399907112122,0.8741497575879645,1.4878158569335938,-0.6555315293758122,0.43696948885917664,0.0,98800,0.0,0.0,64196,output\experiments\exp3_low_load_channel_aware_adaptation_20260530_seed42\samples\original\311-124404-0119.wav,output\experiments\exp3_low_load_channel_aware_adaptation_20260530_seed42\samples\lca\substitution-low\L3\311-124404-0119.wav
base,311-124404-0119,3,substitution-mid,0.0,0.005,1500,6.175,0.013341892510652542,0.023908231407403946,0.8636244535446167,0.3325691268476807,0.7205101251602173,0.8474853628343842,1.3811984062194824,-0.5879869199828153,0.3713885545730591,0.0,98800,0.0,0.004314994606256742,63303,output\experiments\exp3_low_load_channel_aware_adaptation_20260530_seed42\samples\original\311-124404-0119.wav,output\experiments\exp3_low_load_channel_aware_adaptation_20260530_seed42\samples\base\substitution-mid\L3\311-124404-0119.wav
lca,311-124404-0119,3,substitution-mid,0.0,0.005,1500,6.175,0.01321999728679657,0.02316286601126194,0.7799679636955261,0.7139378186496028,0.7355306148529053,0.8706824176662299,1.483720064163208,-0.6907933864088847,0.43680131435394287,0.0,98800,0.0,0.004314994606256742,63303,output\experiments\exp3_low_load_channel_aware_adaptation_20260530_seed42\samples\original\311-124404-0119.wav,output\experiments\exp3_low_load_channel_aware_adaptation_20260530_seed42\samples\lca\substitution-mid\L3\311-124404-0119.wav
base,4680-16026-0019,1,clean,0.0,0.0,500,2.34,0.028103182092308998,0.05238576605916023,1.1014035940170288,-0.23030083768950135,0.6976718306541443,0.8730079649642002,1.8172810077667236,-3.592846338372918,0.3433854579925537,0.0,37440,0.0,0.0,55550,output\experiments\exp3_low_load_channel_aware_adaptation_20260530_seed42\samples\original\4680-16026-0019.wav,output\experiments\exp3_low_load_channel_aware_adaptation_20260530_seed42\samples\base\clean\L1\4680-16026-0019.wav
lca,4680-16026-0019,1,clean,0.0,0.0,500,2.34,0.026120416820049286,0.04901625216007233,1.0538960695266724,1.0771990711342658,0.7494615316390991,0.8833529238943454,1.7288569211959839,-3.8903519221997924,0.36922430992126465,0.0,37440,0.0,0.0,55550,output\experiments\exp3_low_load_channel_aware_adaptation_20260530_seed42\samples\original\4680-16026-0019.wav,output\experiments\exp3_low_load_channel_aware_adaptation_20260530_seed42\samples\lca\clean\L1\4680-16026-0019.wav
base,4680-16026-0019,1,dropout-low,0.01,0.0,500,2.34,0.028103182092308998,0.05238576605916023,1.1014035940170288,-0.23030083768950135,0.6976718306541443,0.8730079649642002,1.8172810077667236,-3.592846338372918,0.3433854579925537,0.0,37440,0.0,0.0,55159,output\experiments\exp3_low_load_channel_aware_adaptation_20260530_seed42\samples\original\4680-16026-0019.wav,output\experiments\exp3_low_load_channel_aware_adaptation_20260530_seed42\samples\base\dropout-low\L1\4680-16026-0019.wav
lca,4680-16026-0019,1,dropout-low,0.01,0.0,500,2.34,0.026120416820049286,0.04901625216007233,1.0538960695266724,1.0771990711342658,0.7494615316390991,0.8833529238943454,1.7288569211959839,-3.8903519221997924,0.36922430992126465,0.0,37440,0.0,0.0,55159,output\experiments\exp3_low_load_channel_aware_adaptation_20260530_seed42\samples\original\4680-16026-0019.wav,output\experiments\exp3_low_load_channel_aware_adaptation_20260530_seed42\samples\lca\dropout-low\L1\4680-16026-0019.wav
base,4680-16026-0019,1,dropout-mid,0.03,0.0,500,2.34,0.028303615748882294,0.05261845886707306,1.117579460144043,-0.31799678383473096,0.6940481066703796,0.8712722010625338,1.6281657218933105,-3.5485301264637403,0.3443492650985718,0.0,37440,0.03418803418803419,0.0,55759,output\experiments\exp3_low_load_channel_aware_adaptation_20260530_seed42\samples\original\4680-16026-0019.wav,output\experiments\exp3_low_load_channel_aware_adaptation_20260530_seed42\samples\base\dropout-mid\L1\4680-16026-0019.wav
lca,4680-16026-0019,1,dropout-mid,0.03,0.0,500,2.34,0.026390517130494118,0.04934347793459892,1.0634350776672363,0.9756538720310316,0.7456058859825134,0.8703830912016716,1.6190829277038574,-3.959594974639165,0.36922430992126465,0.0,37440,0.03418803418803419,0.0,55759,output\experiments\exp3_low_load_channel_aware_adaptation_20260530_seed42\samples\original\4680-16026-0019.wav,output\experiments\exp3_low_load_channel_aware_adaptation_20260530_seed42\samples\lca\dropout-mid\L1\4680-16026-0019.wav
base,4680-16026-0019,1,substitution-low,0.0,0.001,500,2.34,0.028103182092308998,0.05238576605916023,1.1014035940170288,-0.23030083768950135,0.6976718306541443,0.8730079649642002,1.8172810077667236,-3.592846338372918,0.3433854579925537,0.0,37440,0.0,0.0,55962,output\experiments\exp3_low_load_channel_aware_adaptation_20260530_seed42\samples\original\4680-16026-0019.wav,output\experiments\exp3_low_load_channel_aware_adaptation_20260530_seed42\samples\base\substitution-low\L1\4680-16026-0019.wav
lca,4680-16026-0019,1,substitution-low,0.0,0.001,500,2.34,0.026120416820049286,0.04901625216007233,1.0538960695266724,1.0771990711342658,0.7494615316390991,0.8833529238943454,1.7288569211959839,-3.8903519221997924,0.36922430992126465,0.0,37440,0.0,0.0,55962,output\experiments\exp3_low_load_channel_aware_adaptation_20260530_seed42\samples\original\4680-16026-0019.wav,output\experiments\exp3_low_load_channel_aware_adaptation_20260530_seed42\samples\lca\substitution-low\L1\4680-16026-0019.wav
base,4680-16026-0019,1,substitution-mid,0.0,0.005,500,2.34,0.02845873311161995,0.05308368057012558,1.108298897743225,-0.467067321641227,0.6878511905670166,0.8611922775046325,1.7884786128997803,-3.7575495534635523,0.345255047082901,0.0,37440,0.0,0.008547008547008548,55069,output\experiments\exp3_low_load_channel_aware_adaptation_20260530_seed42\samples\original\4680-16026-0019.wav,output\experiments\exp3_low_load_channel_aware_adaptation_20260530_seed42\samples\base\substitution-mid\L1\4680-16026-0019.wav
lca,4680-16026-0019,1,substitution-mid,0.0,0.005,500,2.34,0.02684013359248638,0.050274576991796494,1.0637716054916382,0.6306611016570812,0.7322841286659241,0.8712379822582964,1.6010046005249023,-3.9942772309054417,0.38053348660469055,0.0,37440,0.0,0.008547008547008548,55069,output\experiments\exp3_low_load_channel_aware_adaptation_20260530_seed42\samples\original\4680-16026-0019.wav,output\experiments\exp3_low_load_channel_aware_adaptation_20260530_seed42\samples\lca\substitution-mid\L1\4680-16026-0019.wav
base,4680-16026-0019,2,clean,0.0,0.0,1000,2.34,0.02168429084122181,0.039674852043390274,0.9112644195556641,3.780676840363946,0.8395574688911438,0.9018983199207821,2.552177667617798,-1.4762696349899258,0.45510491728782654,0.0,37440,0.0,0.0,56550,output\experiments\exp3_low_load_channel_aware_adaptation_20260530_seed42\samples\original\4680-16026-0019.wav,output\experiments\exp3_low_load_channel_aware_adaptation_20260530_seed42\samples\base\clean\L2\4680-16026-0019.wav
lca,4680-16026-0019,2,clean,0.0,0.0,1000,2.34,0.02019672468304634,0.037076860666275024,0.8723759651184082,4.625635718791067,0.8623586297035217,0.9280114280048902,2.5310823917388916,-1.676103647094842,0.4185812175273895,0.0,37440,0.0,0.0,56550,output\experiments\exp3_low_load_channel_aware_adaptation_20260530_seed42\samples\original\4680-16026-0019.wav,output\experiments\exp3_low_load_channel_aware_adaptation_20260530_seed42\samples\lca\clean\L2\4680-16026-0019.wav
base,4680-16026-0019,2,dropout-low,0.01,0.0,1000,2.34,0.022446472197771072,0.041981831192970276,0.9210997819900513,3.0792776302596714,0.8186493515968323,0.8942803573533011,2.287343740463257,-1.4674559273077676,0.454830139875412,0.0,37440,0.01282051282051282,0.0,56159,output\experiments\exp3_low_load_channel_aware_adaptation_20260530_seed42\samples\original\4680-16026-0019.wav,output\experiments\exp3_low_load_channel_aware_adaptation_20260530_seed42\samples\base\dropout-low\L2\4680-16026-0019.wav
lca,4680-16026-0019,2,dropout-low,0.01,0.0,1000,2.34,0.02136012353003025,0.03972439095377922,0.8863791227340698,3.7663795433774965,0.8391491174697876,0.9202211742598734,2.1190435886383057,-1.6096254418720837,0.4194534420967102,0.0,37440,0.01282051282051282,0.0,56159,output\experiments\exp3_low_load_channel_aware_adaptation_20260530_seed42\samples\original\4680-16026-0019.wav,output\experiments\exp3_low_load_channel_aware_adaptation_20260530_seed42\samples\lca\dropout-low\L2\4680-16026-0019.wav
base,4680-16026-0019,2,dropout-mid,0.03,0.0,1000,2.34,0.022260265424847603,0.040318019688129425,0.927977442741394,3.5814682863001717,0.833801805973053,0.896309809515654,2.2883799076080322,-1.5189189668879675,0.45750078558921814,0.0,37440,0.01282051282051282,0.0,56759,output\experiments\exp3_low_load_channel_aware_adaptation_20260530_seed42\samples\original\4680-16026-0019.wav,output\experiments\exp3_low_load_channel_aware_adaptation_20260530_seed42\samples\base\dropout-mid\L2\4680-16026-0019.wav
lca,4680-16026-0019,2,dropout-mid,0.03,0.0,1000,2.34,0.021014807745814323,0.03816558048129082,0.8840271234512329,4.276366562001223,0.8532488942146301,0.9253768133547862,2.3552050590515137,-1.7330577550505826,0.41675278544425964,0.0,37440,0.01282051282051282,0.0,56759,output\experiments\exp3_low_load_channel_aware_adaptation_20260530_seed42\samples\original\4680-16026-0019.wav,output\experiments\exp3_low_load_channel_aware_adaptation_20260530_seed42\samples\lca\dropout-mid\L2\4680-16026-0019.wav
base,4680-16026-0019,2,substitution-low,0.0,0.001,1000,2.34,0.02168429084122181,0.039674852043390274,0.9112644195556641,3.780676840363946,0.8395574688911438,0.9018983199207821,2.552177667617798,-1.4762696349899258,0.45510491728782654,0.0,37440,0.0,0.0,56962,output\experiments\exp3_low_load_channel_aware_adaptation_20260530_seed42\samples\original\4680-16026-0019.wav,output\experiments\exp3_low_load_channel_aware_adaptation_20260530_seed42\samples\base\substitution-low\L2\4680-16026-0019.wav
lca,4680-16026-0019,2,substitution-low,0.0,0.001,1000,2.34,0.02019672468304634,0.037076860666275024,0.8723759651184082,4.625635718791067,0.8623586297035217,0.9280114280048902,2.5310823917388916,-1.676103647094842,0.4185812175273895,0.0,37440,0.0,0.0,56962,output\experiments\exp3_low_load_channel_aware_adaptation_20260530_seed42\samples\original\4680-16026-0019.wav,output\experiments\exp3_low_load_channel_aware_adaptation_20260530_seed42\samples\lca\substitution-low\L2\4680-16026-0019.wav
base,4680-16026-0019,2,substitution-mid,0.0,0.005,1000,2.34,0.023369716480374336,0.04562532156705856,0.9234558343887329,1.956613273952159,0.7815142869949341,0.894142309069386,2.3079967498779297,-1.7799671538202333,0.5105119943618774,0.0,37440,0.0,0.008547008547008548,56069,output\experiments\exp3_low_load_channel_aware_adaptation_20260530_seed42\samples\original\4680-16026-0019.wav,output\experiments\exp3_low_load_channel_aware_adaptation_20260530_seed42\samples\base\substitution-mid\L2\4680-16026-0019.wav
lca,4680-16026-0019,2,substitution-mid,0.0,0.005,1000,2.34,0.02122960239648819,0.041377004235982895,0.896091103553772,3.26172539276869,0.8242605328559875,0.9132901597168325,2.1027588844299316,-1.901333832406734,0.41813474893569946,0.0,37440,0.0,0.008547008547008548,56069,output\experiments\exp3_low_load_channel_aware_adaptation_20260530_seed42\samples\original\4680-16026-0019.wav,output\experiments\exp3_low_load_channel_aware_adaptation_20260530_seed42\samples\lca\substitution-mid\L2\4680-16026-0019.wav
base,4680-16026-0019,3,clean,0.0,0.0,1500,2.34,0.017694570124149323,0.031992264091968536,0.8658151626586914,6.25208338972943,0.8991062045097351,0.9253200860320054,2.8424816131591797,-0.755141948984632,0.5153460502624512,0.0,37440,0.0,0.0,57550,output\experiments\exp3_low_load_channel_aware_adaptation_20260530_seed42\samples\original\4680-16026-0019.wav,output\experiments\exp3_low_load_channel_aware_adaptation_20260530_seed42\samples\base\clean\L3\4680-16026-0019.wav
lca,4680-16026-0019,3,clean,0.0,0.0,1500,2.34,0.018284838646650314,0.033681754022836685,0.807608425617218,5.738015762422459,0.8884738683700562,0.9355472057910894,2.770206928253174,-0.5892432978634133,0.4888363182544708,0.0,37440,0.0,0.0,57550,output\experiments\exp3_low_load_channel_aware_adaptation_20260530_seed42\samples\original\4680-16026-0019.wav,output\experiments\exp3_low_load_channel_aware_adaptation_20260530_seed42\samples\lca\clean\L3\4680-16026-0019.wav
base,4680-16026-0019,3,dropout-low,0.01,0.0,1500,2.34,0.017805224284529686,0.032079629600048065,0.879589855670929,6.224562099163567,0.898559033870697,0.922342509483233,2.754884958267212,-0.7434126240944183,0.502414882183075,0.0,37440,0.022792022792022793,0.0,57159,output\experiments\exp3_low_load_channel_aware_adaptation_20260530_seed42\samples\original\4680-16026-0019.wav,output\experiments\exp3_low_load_channel_aware_adaptation_20260530_seed42\samples\base\dropout-low\L3\4680-16026-0019.wav
lca,4680-16026-0019,3,dropout-low,0.01,0.0,1500,2.34,0.018718967214226723,0.03455124422907829,0.8132273554801941,5.526096851134353,0.8838316798210144,0.9286515281523866,2.6785364151000977,-0.40359648658709313,0.4948298931121826,0.0,37440,0.022792022792022793,0.0,57159,output\experiments\exp3_low_load_channel_aware_adaptation_20260530_seed42\samples\original\4680-16026-0019.wav,output\experiments\exp3_low_load_channel_aware_adaptation_20260530_seed42\samples\lca\dropout-low\L3\4680-16026-0019.wav
base,4680-16026-0019,3,dropout-mid,0.03,0.0,1500,2.34,0.018716804683208466,0.03350419923663139,0.8743599057197571,5.755257665692392,0.8888447284698486,0.9229774245019982,2.675218343734741,-0.8008635357887119,0.5102412104606628,0.0,37440,0.02564102564102564,0.0,57759,output\experiments\exp3_low_load_channel_aware_adaptation_20260530_seed42\samples\original\4680-16026-0019.wav,output\experiments\exp3_low_load_channel_aware_adaptation_20260530_seed42\samples\base\dropout-mid\L3\4680-16026-0019.wav
lca,4680-16026-0019,3,dropout-mid,0.03,0.0,1500,2.34,0.01929103396832943,0.034853022545576096,0.827132523059845,5.3438595804659625,0.8797162771224976,0.9307173076022495,2.746793508529663,-0.7179057046226862,0.48665860295295715,0.0,37440,0.02564102564102564,0.0,57759,output\experiments\exp3_low_load_channel_aware_adaptation_20260530_seed42\samples\original\4680-16026-0019.wav,output\experiments\exp3_low_load_channel_aware_adaptation_20260530_seed42\samples\lca\dropout-mid\L3\4680-16026-0019.wav
base,4680-16026-0019,3,substitution-low,0.0,0.001,1500,2.34,0.017807984724640846,0.03209516033530235,0.8852176070213318,6.2176412385863244,0.8984211087226868,0.9211606238549745,2.4935662746429443,-0.7602561461740802,0.5153460502624512,0.0,37440,0.0,0.005698005698005698,57962,output\experiments\exp3_low_load_channel_aware_adaptation_20260530_seed42\samples\original\4680-16026-0019.wav,output\experiments\exp3_low_load_channel_aware_adaptation_20260530_seed42\samples\base\substitution-low\L3\4680-16026-0019.wav
lca,4680-16026-0019,3,substitution-low,0.0,0.001,1500,2.34,0.01845116727054119,0.03378509357571602,0.8280180096626282,5.704063748590044,0.887740433216095,0.9277642951770639,2.5456416606903076,-0.5955883617956541,0.4888363182544708,0.0,37440,0.0,0.005698005698005698,57962,output\experiments\exp3_low_load_channel_aware_adaptation_20260530_seed42\samples\original\4680-16026-0019.wav,output\experiments\exp3_low_load_channel_aware_adaptation_20260530_seed42\samples\lca\substitution-low\L3\4680-16026-0019.wav
base,4680-16026-0019,3,substitution-mid,0.0,0.005,1500,2.34,0.01770089380443096,0.032003141939640045,0.8732714056968689,6.248847144431304,0.899042010307312,0.9253461150935364,2.80125093460083,-0.7517476843325949,0.5156438946723938,0.0,37440,0.0,0.002849002849002849,57069,output\experiments\exp3_low_load_channel_aware_adaptation_20260530_seed42\samples\original\4680-16026-0019.wav,output\experiments\exp3_low_load_channel_aware_adaptation_20260530_seed42\samples\base\substitution-mid\L3\4680-16026-0019.wav
lca,4680-16026-0019,3,substitution-mid,0.0,0.005,1500,2.34,0.018311865627765656,0.03375772014260292,0.815193235874176,5.711388113643069,0.8878989815711975,0.9354669559233357,2.6631455421447754,-0.6007490406354797,0.4895159602165222,0.0,37440,0.0,0.002849002849002849,57069,output\experiments\exp3_low_load_channel_aware_adaptation_20260530_seed42\samples\original\4680-16026-0019.wav,output\experiments\exp3_low_load_channel_aware_adaptation_20260530_seed42\samples\lca\substitution-mid\L3\4680-16026-0019.wav
base,8098-278278-0035,1,clean,0.0,0.0,500,15.1,0.052503980696201324,0.0867239385843277,1.1833266019821167,-11.84664119981331,0.24769601225852966,0.7960956489968182,1.2618144750595093,-3.8770611282896965,0.35362571477890015,0.0,241600,0.0,0.0,31611,output\experiments\exp3_low_load_channel_aware_adaptation_20260530_seed42\samples\original\8098-278278-0035.wav,output\experiments\exp3_low_load_channel_aware_adaptation_20260530_seed42\samples\base\clean\L1\8098-278278-0035.wav
lca,8098-278278-0035,1,clean,0.0,0.0,500,15.1,0.05141235515475273,0.08467084169387817,1.1657196283340454,-10.968882542761396,0.27217182517051697,0.8097659679736533,1.3023135662078857,-4.265269525457616,0.4389803111553192,0.0,241600,0.0,0.0,31611,output\experiments\exp3_low_load_channel_aware_adaptation_20260530_seed42\samples\original\8098-278278-0035.wav,output\experiments\exp3_low_load_channel_aware_adaptation_20260530_seed42\samples\lca\clean\L1\8098-278278-0035.wav
base,8098-278278-0035,1,dropout-low,0.01,0.0,500,15.1,0.052454933524131775,0.08660964667797089,1.192813515663147,-11.900738296759776,0.2462516576051712,0.7866474475886227,1.2428926229476929,-3.959549778978721,0.3517131805419922,0.0,241600,0.011920529801324504,0.0,31220,output\experiments\exp3_low_load_channel_aware_adaptation_20260530_seed42\samples\original\8098-278278-0035.wav,output\experiments\exp3_low_load_channel_aware_adaptation_20260530_seed42\samples\base\dropout-low\L1\8098-278278-0035.wav
lca,8098-278278-0035,1,dropout-low,0.01,0.0,500,15.1,0.05155651643872261,0.08497867733240128,1.186280608177185,-11.232316873060842,0.26461854577064514,0.8012935022236102,1.272999882698059,-4.299350321251676,0.4335956871509552,0.0,241600,0.011920529801324504,0.0,31220,output\experiments\exp3_low_load_channel_aware_adaptation_20260530_seed42\samples\original\8098-278278-0035.wav,output\experiments\exp3_low_load_channel_aware_adaptation_20260530_seed42\samples\lca\dropout-low\L1\8098-278278-0035.wav
base,8098-278278-0035,1,dropout-mid,0.03,0.0,500,15.1,0.052851296961307526,0.08728886395692825,1.2047719955444336,-12.28010919133489,0.23632782697677612,0.7819420274605924,1.2366245985031128,-3.8816090426090892,0.3535149097442627,0.0,241600,0.03576158940397351,0.0,31820,output\experiments\exp3_low_load_channel_aware_adaptation_20260530_seed42\samples\original\8098-278278-0035.wav,output\experiments\exp3_low_load_channel_aware_adaptation_20260530_seed42\samples\base\dropout-mid\L1\8098-278278-0035.wav
lca,8098-278278-0035,1,dropout-mid,0.03,0.0,500,15.1,0.051729731261730194,0.08534301072359085,1.2040843963623047,-11.559618822290341,0.25548282265663147,0.7960829815553057,1.2676215171813965,-4.342362038193152,0.4396834969520569,0.0,241600,0.03576158940397351,0.0,31820,output\experiments\exp3_low_load_channel_aware_adaptation_20260530_seed42\samples\original\8098-278278-0035.wav,output\experiments\exp3_low_load_channel_aware_adaptation_20260530_seed42\samples\lca\dropout-mid\L1\8098-278278-0035.wav
base,8098-278278-0035,1,substitution-low,0.0,0.001,500,15.1,0.05250874534249306,0.08674035966396332,1.1826276779174805,-11.861819710651512,0.24729003012180328,0.7961602382307548,1.2621824741363525,-3.8788858597289115,0.35360953211784363,0.0,241600,0.0,0.0013245033112582781,32023,output\experiments\exp3_low_load_channel_aware_adaptation_20260530_seed42\samples\original\8098-278278-0035.wav,output\experiments\exp3_low_load_channel_aware_adaptation_20260530_seed42\samples\base\substitution-low\L1\8098-278278-0035.wav
lca,8098-278278-0035,1,substitution-low,0.0,0.001,500,15.1,0.05140729248523712,0.08467080444097519,1.1675471067428589,-10.97475112286564,0.27200159430503845,0.8096499487884395,1.3001257181167603,-4.269637719208708,0.43885353207588196,0.0,241600,0.0,0.0013245033112582781,32023,output\experiments\exp3_low_load_channel_aware_adaptation_20260530_seed42\samples\original\8098-278278-0035.wav,output\experiments\exp3_low_load_channel_aware_adaptation_20260530_seed42\samples\lca\substitution-low\L1\8098-278278-0035.wav
base,8098-278278-0035,1,substitution-mid,0.0,0.005,500,15.1,0.05242670699954033,0.08653628826141357,1.2040443420410156,-11.845066825995191,0.24773818254470825,0.7897601369102519,1.2531540393829346,-3.9588404665851415,0.3525426387786865,0.0,241600,0.0,0.010596026490066225,31130,output\experiments\exp3_low_load_channel_aware_adaptation_20260530_seed42\samples\original\8098-278278-0035.wav,output\experiments\exp3_low_load_channel_aware_adaptation_20260530_seed42\samples\base\substitution-mid\L1\8098-278278-0035.wav
lca,8098-278278-0035,1,substitution-mid,0.0,0.005,500,15.1,0.051368582993745804,0.0845254585146904,1.1895533800125122,-10.940701498357438,0.27299049496650696,0.8028111640334782,1.2994835376739502,-4.31957934893848,0.4337315261363983,0.0,241600,0.0,0.010596026490066225,31130,output\experiments\exp3_low_load_channel_aware_adaptation_20260530_seed42\samples\original\8098-278278-0035.wav,output\experiments\exp3_low_load_channel_aware_adaptation_20260530_seed42\samples\lca\substitution-mid\L1\8098-278278-0035.wav
base,8098-278278-0035,2,clean,0.0,0.0,1000,15.1,0.03552448749542236,0.0622188076376915,0.9752181768417358,-0.14822224890626057,0.7010481357574463,0.8538021976436269,1.5707311630249023,-0.6025181499059572,0.6154283285140991,0.0,241600,0.0,0.0,32611,output\experiments\exp3_low_load_channel_aware_adaptation_20260530_seed42\samples\original\8098-278278-0035.wav,output\experiments\exp3_low_load_channel_aware_adaptation_20260530_seed42\samples\base\clean\L2\8098-278278-0035.wav
lca,8098-278278-0035,2,clean,0.0,0.0,1000,15.1,0.03438214212656021,0.06033843010663986,0.9614153504371643,-0.12311901395076764,0.7020776867866516,0.8642868590626709,1.6000137329101562,-1.4156200775109682,0.5772228240966797,0.0,241600,0.0,0.0,32611,output\experiments\exp3_low_load_channel_aware_adaptation_20260530_seed42\samples\original\8098-278278-0035.wav,output\experiments\exp3_low_load_channel_aware_adaptation_20260530_seed42\samples\lca\clean\L2\8098-278278-0035.wav
base,8098-278278-0035,2,dropout-low,0.01,0.0,1000,15.1,0.03643815964460373,0.0649910718202591,0.9814893007278442,-0.8052569577509245,0.6736304759979248,0.8510859467055962,1.5441194772720337,-0.6013127267983748,0.624850332736969,0.0,241600,0.009271523178807948,0.0,32220,output\experiments\exp3_low_load_channel_aware_adaptation_20260530_seed42\samples\original\8098-278278-0035.wav,output\experiments\exp3_low_load_channel_aware_adaptation_20260530_seed42\samples\base\dropout-low\L2\8098-278278-0035.wav
lca,8098-278278-0035,2,dropout-low,0.01,0.0,1000,15.1,0.03534873574972153,0.06307011842727661,0.9672380089759827,-0.8136713944138243,0.6732739210128784,0.8603655308206719,1.5593997240066528,-1.414874664655775,0.6125845313072205,0.0,241600,0.009271523178807948,0.0,32220,output\experiments\exp3_low_load_channel_aware_adaptation_20260530_seed42\samples\original\8098-278278-0035.wav,output\experiments\exp3_low_load_channel_aware_adaptation_20260530_seed42\samples\lca\dropout-low\L2\8098-278278-0035.wav
base,8098-278278-0035,2,dropout-mid,0.03,0.0,1000,15.1,0.03780397027730942,0.06744487583637238,1.0061664581298828,-1.4374982423286,0.6465278267860413,0.8352705637824224,1.4775069952011108,-0.6568536229906854,0.5806728005409241,0.0,241600,0.03642384105960265,0.0,32820,output\experiments\exp3_low_load_channel_aware_adaptation_20260530_seed42\samples\original\8098-278278-0035.wav,output\experiments\exp3_low_load_channel_aware_adaptation_20260530_seed42\samples\base\dropout-mid\L2\8098-278278-0035.wav
lca,8098-278278-0035,2,dropout-mid,0.03,0.0,1000,15.1,0.03604980558156967,0.0641111359000206,0.9850648045539856,-1.1405259752269588,0.6593335866928101,0.8491249780483578,1.5069228410720825,-1.539364494906148,0.5994400382041931,0.0,241600,0.03642384105960265,0.0,32820,output\experiments\exp3_low_load_channel_aware_adaptation_20260530_seed42\samples\original\8098-278278-0035.wav,output\experiments\exp3_low_load_channel_aware_adaptation_20260530_seed42\samples\lca\dropout-mid\L2\8098-278278-0035.wav
base,8098-278278-0035,2,substitution-low,0.0,0.001,1000,15.1,0.035586878657341,0.0622827373445034,0.9781730771064758,-0.1676354858071513,0.7002509236335754,0.8521379980733628,1.5490593910217285,-0.6091584986494244,0.6153727173805237,0.0,241600,0.0,0.0006622516556291391,33023,output\experiments\exp3_low_load_channel_aware_adaptation_20260530_seed42\samples\original\8098-278278-0035.wav,output\experiments\exp3_low_load_channel_aware_adaptation_20260530_seed42\samples\base\substitution-low\L2\8098-278278-0035.wav
lca,8098-278278-0035,2,substitution-low,0.0,0.001,1000,15.1,0.03442617878317833,0.060405682772397995,0.9659212827682495,-0.1380283984965611,0.7014665007591248,0.8631544340818543,1.5753960609436035,-1.4107751195081155,0.5772796869277954,0.0,241600,0.0,0.0006622516556291391,33023,output\experiments\exp3_low_load_channel_aware_adaptation_20260530_seed42\samples\original\8098-278278-0035.wav,output\experiments\exp3_low_load_channel_aware_adaptation_20260530_seed42\samples\lca\substitution-low\L2\8098-278278-0035.wav
base,8098-278278-0035,2,substitution-mid,0.0,0.005,1000,15.1,0.03572104498744011,0.06248711794614792,0.9809682369232178,-0.21846992925740394,0.698159396648407,0.8514795720579583,1.5644171237945557,-0.613052237297445,0.6158588528633118,0.0,241600,0.0,0.005960264900662252,32130,output\experiments\exp3_low_load_channel_aware_adaptation_20260530_seed42\samples\original\8098-278278-0035.wav,output\experiments\exp3_low_load_channel_aware_adaptation_20260530_seed42\samples\base\substitution-mid\L2\8098-278278-0035.wav
lca,8098-278278-0035,2,substitution-mid,0.0,0.005,1000,15.1,0.034554414451122284,0.0605740062892437,0.9669519662857056,-0.1839877882662479,0.6995787620544434,0.8616979110896731,1.5930228233337402,-1.4193297330726804,0.5785924792289734,0.0,241600,0.0,0.005960264900662252,32130,output\experiments\exp3_low_load_channel_aware_adaptation_20260530_seed42\samples\original\8098-278278-0035.wav,output\experiments\exp3_low_load_channel_aware_adaptation_20260530_seed42\samples\lca\substitution-mid\L2\8098-278278-0035.wav
base,8098-278278-0035,3,clean,0.0,0.0,1500,15.1,0.03301293030381203,0.058744706213474274,0.9089661836624146,1.1380244323505901,0.7517563700675964,0.8802651744007236,1.7887592315673828,0.0819359259253093,0.5535326600074768,0.0,241600,0.0,0.0,33611,output\experiments\exp3_low_load_channel_aware_adaptation_20260530_seed42\samples\original\8098-278278-0035.wav,output\experiments\exp3_low_load_channel_aware_adaptation_20260530_seed42\samples\base\clean\L3\8098-278278-0035.wav
lca,8098-278278-0035,3,clean,0.0,0.0,1500,15.1,0.030487297102808952,0.05407846346497536,0.8672148585319519,1.7619756048117077,0.774634599685669,0.8902455183362306,1.6734455823898315,-0.608685812326696,0.5943583250045776,0.0,241600,0.0,0.0,33611,output\experiments\exp3_low_load_channel_aware_adaptation_20260530_seed42\samples\original\8098-278278-0035.wav,output\experiments\exp3_low_load_channel_aware_adaptation_20260530_seed42\samples\lca\clean\L3\8098-278278-0035.wav
base,8098-278278-0035,3,dropout-low,0.01,0.0,1500,15.1,0.03357192873954773,0.059712596237659454,0.9171079397201538,0.9112524987036912,0.7431448101997375,0.8765646824579055,1.7387077808380127,0.07008082750877255,0.552201509475708,0.0,241600,0.007947019867549669,0.0,33220,output\experiments\exp3_low_load_channel_aware_adaptation_20260530_seed42\samples\original\8098-278278-0035.wav,output\experiments\exp3_low_load_channel_aware_adaptation_20260530_seed42\samples\base\dropout-low\L3\8098-278278-0035.wav
lca,8098-278278-0035,3,dropout-low,0.01,0.0,1500,15.1,0.031010303646326065,0.055353038012981415,0.872675895690918,1.4680689985215831,0.7640112042427063,0.8876758974434554,1.6418981552124023,-0.5962186942193216,0.594181478023529,0.0,241600,0.007947019867549669,0.0,33220,output\experiments\exp3_low_load_channel_aware_adaptation_20260530_seed42\samples\original\8098-278278-0035.wav,output\experiments\exp3_low_load_channel_aware_adaptation_20260530_seed42\samples\lca\dropout-low\L3\8098-278278-0035.wav
base,8098-278278-0035,3,dropout-mid,0.03,0.0,1500,15.1,0.035061854869127274,0.06330308318138123,0.9237907528877258,0.12360230967077579,0.7121198177337646,0.8691062860719896,1.718221664428711,0.09332269895622045,0.552000105381012,0.0,241600,0.02781456953642384,0.0,33820,output\experiments\exp3_low_load_channel_aware_adaptation_20260530_seed42\samples\original\8098-278278-0035.wav,output\experiments\exp3_low_load_channel_aware_adaptation_20260530_seed42\samples\base\dropout-mid\L3\8098-278278-0035.wav
lca,8098-278278-0035,3,dropout-mid,0.03,0.0,1500,15.1,0.032870154827833176,0.05931194871664047,0.884448230266571,0.5596950814088577,0.7295026779174805,0.8787117646848798,1.618985891342163,-0.56236290393318,0.5943458080291748,0.0,241600,0.02781456953642384,0.0,33820,output\experiments\exp3_low_load_channel_aware_adaptation_20260530_seed42\samples\original\8098-278278-0035.wav,output\experiments\exp3_low_load_channel_aware_adaptation_20260530_seed42\samples\lca\dropout-mid\L3\8098-278278-0035.wav
base,8098-278278-0035,3,substitution-low,0.0,0.001,1500,15.1,0.03301405906677246,0.05874396115541458,0.9202340245246887,1.1376620036959662,0.7517427802085876,0.8802676700525156,1.7837066650390625,0.08126292344589726,0.5533750653266907,0.0,241600,0.0,0.0013245033112582781,34023,output\experiments\exp3_low_load_channel_aware_adaptation_20260530_seed42\samples\original\8098-278278-0035.wav,output\experiments\exp3_low_load_channel_aware_adaptation_20260530_seed42\samples\base\substitution-low\L3\8098-278278-0035.wav
lca,8098-278278-0035,3,substitution-low,0.0,0.001,1500,15.1,0.030492139980196953,0.05407985299825668,0.8749791383743286,1.761948875474022,0.7746337056159973,0.8902300797280563,1.6725257635116577,-0.6080918535955214,0.5939530730247498,0.0,241600,0.0,0.0013245033112582781,34023,output\experiments\exp3_low_load_channel_aware_adaptation_20260530_seed42\samples\original\8098-278278-0035.wav,output\experiments\exp3_low_load_channel_aware_adaptation_20260530_seed42\samples\lca\substitution-low\L3\8098-278278-0035.wav
base,8098-278278-0035,3,substitution-mid,0.0,0.005,1500,15.1,0.033401187509298325,0.05958211049437523,0.9145600199699402,0.9206252312769805,0.7435039281845093,0.875469454126127,1.7821974754333496,0.04487029277880035,0.629447340965271,0.0,241600,0.0,0.006181015452538631,33130,output\experiments\exp3_low_load_channel_aware_adaptation_20260530_seed42\samples\original\8098-278278-0035.wav,output\experiments\exp3_low_load_channel_aware_adaptation_20260530_seed42\samples\base\substitution-mid\L3\8098-278278-0035.wav
lca,8098-278278-0035,3,substitution-mid,0.0,0.005,1500,15.1,0.03073015622794628,0.054694823920726776,0.8722400069236755,1.584730706202452,0.7682613134384155,0.8844834399047307,1.6689711809158325,-0.6710965922378888,0.6538850665092468,0.0,241600,0.0,0.006181015452538631,33130,output\experiments\exp3_low_load_channel_aware_adaptation_20260530_seed42\samples\original\8098-278278-0035.wav,output\experiments\exp3_low_load_channel_aware_adaptation_20260530_seed42\samples\lca\substitution-mid\L3\8098-278278-0035.wav
