model,sample_id,L,channel,p_drop,p_sub,ideal_bitrate_bps,duration_sec,wave_l1,rmse,mel_l1,si_snr_db,corr,stoi,pesq_wb,rms_ratio_db,recon_peak,clip_ratio,length_samples,actual_p_drop,actual_p_sub,channel_seed,original_path,recon_path
base,8838-298545-0037,1,clean,0.0,0.0,500,13.79,0.03287934884428978,0.05892985314130783,1.3445154428482056,-4.8458560943584255,0.4967808723449707,0.8069498716478557,1.3720451593399048,-4.101597396313743,0.3259144127368927,0.0,220640,0.0,0.0,12773,output\experiments\exp3_low_load_channel_aware_adaptation_20260530_seed42\samples\original\8838-298545-0037.wav,output\experiments\exp3_low_load_channel_aware_adaptation_20260530_seed42\samples\base\clean\L1\8838-298545-0037.wav
lca,8838-298545-0037,1,clean,0.0,0.0,500,13.79,0.034156303852796555,0.06152662634849548,1.357269525527954,-5.809459940443373,0.4559520483016968,0.8164326782819972,1.371572732925415,-3.45853621975652,0.3632686734199524,0.0,220640,0.0,0.0,12773,output\experiments\exp3_low_load_channel_aware_adaptation_20260530_seed42\samples\original\8838-298545-0037.wav,output\experiments\exp3_low_load_channel_aware_adaptation_20260530_seed42\samples\lca\clean\L1\8838-298545-0037.wav
base,8838-298545-0037,1,dropout-low,0.01,0.0,500,13.79,0.03319945186376572,0.05966731533408165,1.3597688674926758,-5.230186330055887,0.48032495379447937,0.7965406131731334,1.3133599758148193,-4.158462772905607,0.3259144127368927,0.0,220640,0.014492753623188406,0.0,12563,output\experiments\exp3_low_load_channel_aware_adaptation_20260530_seed42\samples\original\8838-298545-0037.wav,output\experiments\exp3_low_load_channel_aware_adaptation_20260530_seed42\samples\base\dropout-low\L1\8838-298545-0037.wav
lca,8838-298545-0037,1,dropout-low,0.01,0.0,500,13.79,0.03443256393074989,0.062134020030498505,1.3626713752746582,-6.154028938765338,0.4417346715927124,0.8108079484804139,1.3587331771850586,-3.528758490838118,0.37294405698776245,0.0,220640,0.014492753623188406,0.0,12563,output\experiments\exp3_low_load_channel_aware_adaptation_20260530_seed42\samples\original\8838-298545-0037.wav,output\experiments\exp3_low_load_channel_aware_adaptation_20260530_seed42\samples\lca\dropout-low\L1\8838-298545-0037.wav
base,8838-298545-0037,1,dropout-mid,0.03,0.0,500,13.79,0.03370673954486847,0.06061443313956261,1.353912591934204,-5.6715177434400275,0.46170464158058167,0.7950427161980247,1.3284287452697754,-4.0648628444210235,0.3274037837982178,0.0,220640,0.02608695652173913,0.0,12294,output\experiments\exp3_low_load_channel_aware_adaptation_20260530_seed42\samples\original\8838-298545-0037.wav,output\experiments\exp3_low_load_channel_aware_adaptation_20260530_seed42\samples\base\dropout-mid\L1\8838-298545-0037.wav
lca,8838-298545-0037,1,dropout-mid,0.03,0.0,500,13.79,0.03464292362332344,0.0625053346157074,1.3738895654678345,-6.2518817633115065,0.4377387464046478,0.8074363111886511,1.3561415672302246,-3.3923381918686895,0.37362873554229736,0.0,220640,0.02608695652173913,0.0,12294,output\experiments\exp3_low_load_channel_aware_adaptation_20260530_seed42\samples\original\8838-298545-0037.wav,output\experiments\exp3_low_load_channel_aware_adaptation_20260530_seed42\samples\lca\dropout-mid\L1\8838-298545-0037.wav
base,8838-298545-0037,1,substitution-low,0.0,0.001,500,13.79,0.03289385139942169,0.05898626893758774,1.3462867736816406,-4.8810377294529985,0.4952661097049713,0.8056613562700333,1.3622099161148071,-4.124324752903792,0.32976508140563965,0.0,220640,0.0,0.0014492753623188406,11992,output\experiments\exp3_low_load_channel_aware_adaptation_20260530_seed42\samples\original\8838-298545-0037.wav,output\experiments\exp3_low_load_channel_aware_adaptation_20260530_seed42\samples\base\substitution-low\L1\8838-298545-0037.wav
lca,8838-298545-0037,1,substitution-low,0.0,0.001,500,13.79,0.03421706706285477,0.06172041967511177,1.3582792282104492,-5.908672482971896,0.4518356919288635,0.8146274343962921,1.365241289138794,-3.465537763222028,0.39155876636505127,0.0,220640,0.0,0.0014492753623188406,11992,output\experiments\exp3_low_load_channel_aware_adaptation_20260530_seed42\samples\original\8838-298545-0037.wav,output\experiments\exp3_low_load_channel_aware_adaptation_20260530_seed42\samples\lca\substitution-low\L1\8838-298545-0037.wav
base,8838-298545-0037,1,substitution-mid,0.0,0.005,500,13.79,0.03300144523382187,0.05905156955122948,1.348030924797058,-4.9065690865246205,0.49416786432266235,0.8054294089535271,1.3703501224517822,-4.105801080960724,0.3259144127368927,0.0,220640,0.0,0.005797101449275362,12123,output\experiments\exp3_low_load_channel_aware_adaptation_20260530_seed42\samples\original\8838-298545-0037.wav,output\experiments\exp3_low_load_channel_aware_adaptation_20260530_seed42\samples\base\substitution-mid\L1\8838-298545-0037.wav
lca,8838-298545-0037,1,substitution-mid,0.0,0.005,500,13.79,0.03425926715135574,0.06167963147163391,1.3643769025802612,-5.887083152090381,0.45272988080978394,0.8155591929205218,1.367162823677063,-3.463011706884923,0.3628934919834137,0.0,220640,0.0,0.005797101449275362,12123,output\experiments\exp3_low_load_channel_aware_adaptation_20260530_seed42\samples\original\8838-298545-0037.wav,output\experiments\exp3_low_load_channel_aware_adaptation_20260530_seed42\samples\lca\substitution-mid\L1\8838-298545-0037.wav
base,8838-298545-0037,2,clean,0.0,0.0,1000,13.79,0.025809811428189278,0.04730052128434181,1.0462017059326172,0.36484711569691824,0.7217962145805359,0.861271005276845,1.7829540967941284,-1.4044968377962506,0.4803844690322876,0.0,220640,0.0,0.0,13773,output\experiments\exp3_low_load_channel_aware_adaptation_20260530_seed42\samples\original\8838-298545-0037.wav,output\experiments\exp3_low_load_channel_aware_adaptation_20260530_seed42\samples\base\clean\L2\8838-298545-0037.wav
lca,8838-298545-0037,2,clean,0.0,0.0,1000,13.79,0.02485545352101326,0.04510479420423508,1.0517772436141968,0.963776592499706,0.7451529502868652,0.8786300846351941,1.7622100114822388,-1.7006074679192726,0.40603935718536377,0.0,220640,0.0,0.0,13773,output\experiments\exp3_low_load_channel_aware_adaptation_20260530_seed42\samples\original\8838-298545-0037.wav,output\experiments\exp3_low_load_channel_aware_adaptation_20260530_seed42\samples\lca\clean\L2\8838-298545-0037.wav
base,8838-298545-0037,2,dropout-low,0.01,0.0,1000,13.79,0.025962332263588905,0.04765840992331505,1.0491647720336914,0.2181783292247276,0.7159305810928345,0.8591170651958777,1.7574087381362915,-1.5012641754828753,0.4710351228713989,0.0,220640,0.008695652173913044,0.0,13563,output\experiments\exp3_low_load_channel_aware_adaptation_20260530_seed42\samples\original\8838-298545-0037.wav,output\experiments\exp3_low_load_channel_aware_adaptation_20260530_seed42\samples\base\dropout-low\L2\8838-298545-0037.wav
lca,8838-298545-0037,2,dropout-low,0.01,0.0,1000,13.79,0.024966802448034286,0.04524064064025879,1.05462646484375,0.9166501906277704,0.7433515787124634,0.8773291638842844,1.7347244024276733,-1.7170781418040444,0.4012329876422882,0.0,220640,0.008695652173913044,0.0,13563,output\experiments\exp3_low_load_channel_aware_adaptation_20260530_seed42\samples\original\8838-298545-0037.wav,output\experiments\exp3_low_load_channel_aware_adaptation_20260530_seed42\samples\lca\dropout-low\L2\8838-298545-0037.wav
base,8838-298545-0037,2,dropout-mid,0.03,0.0,1000,13.79,0.026623835787177086,0.04889921098947525,1.0645160675048828,-0.12033713060605036,0.7021917104721069,0.84775555067774,1.710897445678711,-1.3801779627615873,0.44921019673347473,0.0,220640,0.021014492753623187,0.0,13294,output\experiments\exp3_low_load_channel_aware_adaptation_20260530_seed42\samples\original\8838-298545-0037.wav,output\experiments\exp3_low_load_channel_aware_adaptation_20260530_seed42\samples\base\dropout-mid\L2\8838-298545-0037.wav
lca,8838-298545-0037,2,dropout-mid,0.03,0.0,1000,13.79,0.025823267176747322,0.04762265086174011,1.0687849521636963,0.16804843926960022,0.7139133810997009,0.8658316003000831,1.681795358657837,-1.6836002921581286,0.4017364978790283,0.0,220640,0.021014492753623187,0.0,13294,output\experiments\exp3_low_load_channel_aware_adaptation_20260530_seed42\samples\original\8838-298545-0037.wav,output\experiments\exp3_low_load_channel_aware_adaptation_20260530_seed42\samples\lca\dropout-mid\L2\8838-298545-0037.wav
base,8838-298545-0037,2,substitution-low,0.0,0.001,1000,13.79,0.025857768952846527,0.04737070947885513,1.0474603176116943,0.34356202448755785,0.7209484577178955,0.8605478615458139,1.779754638671875,-1.4033408897532755,0.4803844690322876,0.0,220640,0.0,0.0007246376811594203,12992,output\experiments\exp3_low_load_channel_aware_adaptation_20260530_seed42\samples\original\8838-298545-0037.wav,output\experiments\exp3_low_load_channel_aware_adaptation_20260530_seed42\samples\base\substitution-low\L2\8838-298545-0037.wav
lca,8838-298545-0037,2,substitution-low,0.0,0.001,1000,13.79,0.024863505735993385,0.045113056898117065,1.0514836311340332,0.9624447328575088,0.745102047920227,0.87849878150257,1.7614694833755493,-1.6950351982484642,0.40603935718536377,0.0,220640,0.0,0.0007246376811594203,12992,output\experiments\exp3_low_load_channel_aware_adaptation_20260530_seed42\samples\original\8838-298545-0037.wav,output\experiments\exp3_low_load_channel_aware_adaptation_20260530_seed42\samples\lca\substitution-low\L2\8838-298545-0037.wav
base,8838-298545-0037,2,substitution-mid,0.0,0.005,1000,13.79,0.026072034612298012,0.04761846736073494,1.0543429851531982,0.27747669780553436,0.7183088064193726,0.8531709992740731,1.6737381219863892,-1.3758298269781546,0.4803844690322876,0.0,220640,0.0,0.004347826086956522,13123,output\experiments\exp3_low_load_channel_aware_adaptation_20260530_seed42\samples\original\8838-298545-0037.wav,output\experiments\exp3_low_load_channel_aware_adaptation_20260530_seed42\samples\base\substitution-mid\L2\8838-298545-0037.wav
lca,8838-298545-0037,2,substitution-mid,0.0,0.005,1000,13.79,0.024996891617774963,0.04533827304840088,1.0626777410507202,0.8932800261868885,0.7424558997154236,0.8751612912498781,1.7488690614700317,-1.6846737034508106,0.40603935718536377,0.0,220640,0.0,0.004347826086956522,13123,output\experiments\exp3_low_load_channel_aware_adaptation_20260530_seed42\samples\original\8838-298545-0037.wav,output\experiments\exp3_low_load_channel_aware_adaptation_20260530_seed42\samples\lca\substitution-mid\L2\8838-298545-0037.wav
base,8838-298545-0037,3,clean,0.0,0.0,1500,13.79,0.023706944659352303,0.043239694088697433,0.9816579818725586,1.8969347528380718,0.7794182896614075,0.8798481667597896,1.872251033782959,-0.6619138911764626,0.45209625363349915,0.0,220640,0.0,0.0,14773,output\experiments\exp3_low_load_channel_aware_adaptation_20260530_seed42\samples\original\8838-298545-0037.wav,output\experiments\exp3_low_load_channel_aware_adaptation_20260530_seed42\samples\base\clean\L3\8838-298545-0037.wav
lca,8838-298545-0037,3,clean,0.0,0.0,1500,13.79,0.022650765255093575,0.041499000042676926,0.9752021431922913,2.317902126851656,0.7939455509185791,0.8953693557670142,1.961317777633667,-0.8880028082782878,0.4596846401691437,0.0,220640,0.0,0.0,14773,output\experiments\exp3_low_load_channel_aware_adaptation_20260530_seed42\samples\original\8838-298545-0037.wav,output\experiments\exp3_low_load_channel_aware_adaptation_20260530_seed42\samples\lca\clean\L3\8838-298545-0037.wav
base,8838-298545-0037,3,dropout-low,0.01,0.0,1500,13.79,0.023767054080963135,0.043281327933073044,0.986983597278595,1.8776049487942135,0.7787367701530457,0.8759539355563899,1.880258321762085,-0.6767332688076698,0.45209625363349915,0.0,220640,0.00966183574879227,0.0,14563,output\experiments\exp3_low_load_channel_aware_adaptation_20260530_seed42\samples\original\8838-298545-0037.wav,output\experiments\exp3_low_load_channel_aware_adaptation_20260530_seed42\samples\base\dropout-low\L3\8838-298545-0037.wav
lca,8838-298545-0037,3,dropout-low,0.01,0.0,1500,13.79,0.022702611982822418,0.041520439088344574,0.9827434420585632,2.3009341626840984,0.7933716177940369,0.8920809454948907,1.9518980979919434,-0.9166408296701127,0.4593355059623718,0.0,220640,0.00966183574879227,0.0,14563,output\experiments\exp3_low_load_channel_aware_adaptation_20260530_seed42\samples\original\8838-298545-0037.wav,output\experiments\exp3_low_load_channel_aware_adaptation_20260530_seed42\samples\lca\dropout-low\L3\8838-298545-0037.wav
base,8838-298545-0037,3,dropout-mid,0.03,0.0,1500,13.79,0.025622297078371048,0.047552697360515594,1.0131679773330688,0.5409047275677044,0.7287639379501343,0.8608284213388405,1.723313808441162,-0.8410765269179037,0.4530881345272064,0.0,220640,0.036231884057971016,0.0,14294,output\experiments\exp3_low_load_channel_aware_adaptation_20260530_seed42\samples\original\8838-298545-0037.wav,output\experiments\exp3_low_load_channel_aware_adaptation_20260530_seed42\samples\base\dropout-mid\L3\8838-298545-0037.wav
lca,8838-298545-0037,3,dropout-mid,0.03,0.0,1500,13.79,0.02466222271323204,0.04669095203280449,1.0096789598464966,0.6325038672344956,0.7323561906814575,0.8706523742535904,1.6905394792556763,-1.1975262157974682,0.4774915277957916,0.0,220640,0.036231884057971016,0.0,14294,output\experiments\exp3_low_load_channel_aware_adaptation_20260530_seed42\samples\original\8838-298545-0037.wav,output\experiments\exp3_low_load_channel_aware_adaptation_20260530_seed42\samples\lca\dropout-mid\L3\8838-298545-0037.wav
base,8838-298545-0037,3,substitution-low,0.0,0.001,1500,13.79,0.02374439314007759,0.043272800743579865,0.9831253886222839,1.8838290314721653,0.7789563536643982,0.8792934980891862,1.873465895652771,-0.6689628039256789,0.45209625363349915,0.0,220640,0.0,0.000966183574879227,13992,output\experiments\exp3_low_load_channel_aware_adaptation_20260530_seed42\samples\original\8838-298545-0037.wav,output\experiments\exp3_low_load_channel_aware_adaptation_20260530_seed42\samples\base\substitution-low\L3\8838-298545-0037.wav
lca,8838-298545-0037,3,substitution-low,0.0,0.001,1500,13.79,0.022723739966750145,0.041590366512537,0.977252721786499,2.288801352779627,0.7929608225822449,0.8941724437646307,1.9528346061706543,-0.8922382991626493,0.4596981704235077,0.0,220640,0.0,0.000966183574879227,13992,output\experiments\exp3_low_load_channel_aware_adaptation_20260530_seed42\samples\original\8838-298545-0037.wav,output\experiments\exp3_low_load_channel_aware_adaptation_20260530_seed42\samples\lca\substitution-low\L3\8838-298545-0037.wav
base,8838-298545-0037,3,substitution-mid,0.0,0.005,1500,13.79,0.023826755583286285,0.043624795973300934,0.9925702214241028,1.770818242422934,0.774949848651886,0.8777519485842545,1.8390226364135742,-0.6891089583054028,0.45209625363349915,0.0,220640,0.0,0.002898550724637681,14123,output\experiments\exp3_low_load_channel_aware_adaptation_20260530_seed42\samples\original\8838-298545-0037.wav,output\experiments\exp3_low_load_channel_aware_adaptation_20260530_seed42\samples\base\substitution-mid\L3\8838-298545-0037.wav
lca,8838-298545-0037,3,substitution-mid,0.0,0.005,1500,13.79,0.02269919216632843,0.04164415970444679,0.9810016751289368,2.2599575983581848,0.7919818758964539,0.8940627822890553,1.9487855434417725,-0.9266361456541967,0.45956483483314514,0.0,220640,0.0,0.002898550724637681,14123,output\experiments\exp3_low_load_channel_aware_adaptation_20260530_seed42\samples\original\8838-298545-0037.wav,output\experiments\exp3_low_load_channel_aware_adaptation_20260530_seed42\samples\lca\substitution-mid\L3\8838-298545-0037.wav
base,5390-30102-0015,1,clean,0.0,0.0,500,15.26,0.03107987903058529,0.04837138205766678,1.3381139039993286,-3.892163225594187,0.5383598208427429,0.7740162147118261,1.2074334621429443,-3.613279533835172,0.32823967933654785,0.0,244160,0.0,0.0,62426,output\experiments\exp3_low_load_channel_aware_adaptation_20260530_seed42\samples\original\5390-30102-0015.wav,output\experiments\exp3_low_load_channel_aware_adaptation_20260530_seed42\samples\base\clean\L1\5390-30102-0015.wav
lca,5390-30102-0015,1,clean,0.0,0.0,500,15.26,0.03152373805642128,0.04906940832734108,1.2319248914718628,-4.062973780001728,0.5308514833450317,0.7863868311796325,1.2116084098815918,-3.130285814995146,0.32217156887054443,0.0,244160,0.0,0.0,62426,output\experiments\exp3_low_load_channel_aware_adaptation_20260530_seed42\samples\original\5390-30102-0015.wav,output\experiments\exp3_low_load_channel_aware_adaptation_20260530_seed42\samples\lca\clean\L1\5390-30102-0015.wav
base,5390-30102-0015,1,dropout-low,0.01,0.0,500,15.26,0.0312734916806221,0.0487203486263752,1.342781901359558,-4.063950445535803,0.5308085680007935,0.7729766727158716,1.2025593519210815,-3.5862564972785367,0.3277628719806671,0.0,244160,0.007863695937090432,0.0,62216,output\experiments\exp3_low_load_channel_aware_adaptation_20260530_seed42\samples\original\5390-30102-0015.wav,output\experiments\exp3_low_load_channel_aware_adaptation_20260530_seed42\samples\base\dropout-low\L1\5390-30102-0015.wav
lca,5390-30102-0015,1,dropout-low,0.01,0.0,500,15.26,0.031709566712379456,0.04945647716522217,1.2341389656066895,-4.218684026348603,0.5240266919136047,0.785484584632014,1.2072259187698364,-3.04971098218799,0.32009387016296387,0.0,244160,0.007863695937090432,0.0,62216,output\experiments\exp3_low_load_channel_aware_adaptation_20260530_seed42\samples\original\5390-30102-0015.wav,output\experiments\exp3_low_load_channel_aware_adaptation_20260530_seed42\samples\lca\dropout-low\L1\5390-30102-0015.wav
base,5390-30102-0015,1,dropout-mid,0.03,0.0,500,15.26,0.03181278333067894,0.04982792213559151,1.3502393960952759,-4.633479762808672,0.5059579014778137,0.7653960858175753,1.1902234554290771,-3.547699124557453,0.329382061958313,0.0,244160,0.04325032765399738,0.0,61947,output\experiments\exp3_low_load_channel_aware_adaptation_20260530_seed42\samples\original\5390-30102-0015.wav,output\experiments\exp3_low_load_channel_aware_adaptation_20260530_seed42\samples\base\dropout-mid\L1\5390-30102-0015.wav
lca,5390-30102-0015,1,dropout-mid,0.03,0.0,500,15.26,0.03233417868614197,0.05072532966732979,1.252989411354065,-4.924956952479246,0.49337732791900635,0.7746957748181447,1.181377649307251,-3.163226570164764,0.32012268900871277,0.0,244160,0.04325032765399738,0.0,61947,output\experiments\exp3_low_load_channel_aware_adaptation_20260530_seed42\samples\original\5390-30102-0015.wav,output\experiments\exp3_low_load_channel_aware_adaptation_20260530_seed42\samples\lca\dropout-mid\L1\5390-30102-0015.wav
base,5390-30102-0015,1,substitution-low,0.0,0.001,500,15.26,0.03107319213449955,0.048364587128162384,1.3374767303466797,-3.889480392872635,0.5384778380393982,0.7735948455489207,1.2066913843154907,-3.6158863745198837,0.3279818296432495,0.0,244160,0.0,0.001310615989515072,61645,output\experiments\exp3_low_load_channel_aware_adaptation_20260530_seed42\samples\original\5390-30102-0015.wav,output\experiments\exp3_low_load_channel_aware_adaptation_20260530_seed42\samples\base\substitution-low\L1\5390-30102-0015.wav
lca,5390-30102-0015,1,substitution-low,0.0,0.001,500,15.26,0.0315077118575573,0.04905351996421814,1.2322052717208862,-4.055030093737742,0.531200110912323,0.7858201368024024,1.2113003730773926,-3.130164134841782,0.32213094830513,0.0,244160,0.0,0.001310615989515072,61645,output\experiments\exp3_low_load_channel_aware_adaptation_20260530_seed42\samples\original\5390-30102-0015.wav,output\experiments\exp3_low_load_channel_aware_adaptation_20260530_seed42\samples\lca\substitution-low\L1\5390-30102-0015.wav
base,5390-30102-0015,1,substitution-mid,0.0,0.005,500,15.26,0.03125825151801109,0.04862334951758385,1.3434104919433594,-4.027523111542746,0.5324079990386963,0.7692998482445952,1.1906627416610718,-3.62789277183926,0.3283023238182068,0.0,244160,0.0,0.007863695937090432,61776,output\experiments\exp3_low_load_channel_aware_adaptation_20260530_seed42\samples\original\5390-30102-0015.wav,output\experiments\exp3_low_load_channel_aware_adaptation_20260530_seed42\samples\base\substitution-mid\L1\5390-30102-0015.wav
lca,5390-30102-0015,1,substitution-mid,0.0,0.005,500,15.26,0.031771112233400345,0.04947032034397125,1.2443292140960693,-4.281097316654803,0.521297037601471,0.7811570206985776,1.2003002166748047,-3.169120961688641,0.3235616087913513,0.0,244160,0.0,0.007863695937090432,61776,output\experiments\exp3_low_load_channel_aware_adaptation_20260530_seed42\samples\original\5390-30102-0015.wav,output\experiments\exp3_low_load_channel_aware_adaptation_20260530_seed42\samples\lca\substitution-mid\L1\5390-30102-0015.wav
base,5390-30102-0015,2,clean,0.0,0.0,1000,15.26,0.025145763531327248,0.039008308202028275,1.0375239849090576,0.8339688533228512,0.7401756644248962,0.8267250979392888,1.426063060760498,-1.1201288961071705,0.4454289972782135,0.0,244160,0.0,0.0,63426,output\experiments\exp3_low_load_channel_aware_adaptation_20260530_seed42\samples\original\5390-30102-0015.wav,output\experiments\exp3_low_load_channel_aware_adaptation_20260530_seed42\samples\base\clean\L2\5390-30102-0015.wav
lca,5390-30102-0015,2,clean,0.0,0.0,1000,15.26,0.025213118642568588,0.039664480835199356,0.9935786724090576,0.4894073820296907,0.7267342805862427,0.8509703267706327,1.4511176347732544,-1.3977317961435842,0.35234183073043823,0.0,244160,0.0,0.0,63426,output\experiments\exp3_low_load_channel_aware_adaptation_20260530_seed42\samples\original\5390-30102-0015.wav,output\experiments\exp3_low_load_channel_aware_adaptation_20260530_seed42\samples\lca\clean\L2\5390-30102-0015.wav
base,5390-30102-0015,2,dropout-low,0.01,0.0,1000,15.26,0.025691960006952286,0.0405597947537899,1.0409296751022339,0.29680029409567477,0.719081699848175,0.8251953244378881,1.420011043548584,-1.0846772368748496,0.4446527361869812,0.0,244160,0.007208387942332897,0.0,63216,output\experiments\exp3_low_load_channel_aware_adaptation_20260530_seed42\samples\original\5390-30102-0015.wav,output\experiments\exp3_low_load_channel_aware_adaptation_20260530_seed42\samples\base\dropout-low\L2\5390-30102-0015.wav
lca,5390-30102-0015,2,dropout-low,0.01,0.0,1000,15.26,0.02550063282251358,0.04032345116138458,0.9969195127487183,0.23701490791792315,0.7166869640350342,0.8476061097980004,1.4444477558135986,-1.4275743938956302,0.3519478738307953,0.0,244160,0.007208387942332897,0.0,63216,output\experiments\exp3_low_load_channel_aware_adaptation_20260530_seed42\samples\original\5390-30102-0015.wav,output\experiments\exp3_low_load_channel_aware_adaptation_20260530_seed42\samples\lca\dropout-low\L2\5390-30102-0015.wav
base,5390-30102-0015,2,dropout-mid,0.03,0.0,1000,15.26,0.026363704353570938,0.04146350547671318,1.0564864873886108,-0.09908259061895883,0.7030623555183411,0.815063587158606,1.359184741973877,-1.2382197214751935,0.44590529799461365,0.0,244160,0.02817824377457405,0.0,62947,output\experiments\exp3_low_load_channel_aware_adaptation_20260530_seed42\samples\original\5390-30102-0015.wav,output\experiments\exp3_low_load_channel_aware_adaptation_20260530_seed42\samples\base\dropout-mid\L2\5390-30102-0015.wav
lca,5390-30102-0015,2,dropout-mid,0.03,0.0,1000,15.26,0.026247290894389153,0.04184804856777191,1.0127012729644775,-0.37453872319294285,0.6917030811309814,0.8401821517671395,1.3798235654830933,-1.5500365896226118,0.35236212611198425,0.0,244160,0.02817824377457405,0.0,62947,output\experiments\exp3_low_load_channel_aware_adaptation_20260530_seed42\samples\original\5390-30102-0015.wav,output\experiments\exp3_low_load_channel_aware_adaptation_20260530_seed42\samples\lca\dropout-mid\L2\5390-30102-0015.wav
base,5390-30102-0015,2,substitution-low,0.0,0.001,1000,15.26,0.02520717866718769,0.03909711167216301,1.0392026901245117,0.7990682702745472,0.7388293147087097,0.8249447886123643,1.4225865602493286,-1.127842697772396,0.4454289972782135,0.0,244160,0.0,0.001310615989515072,62645,output\experiments\exp3_low_load_channel_aware_adaptation_20260530_seed42\samples\original\5390-30102-0015.wav,output\experiments\exp3_low_load_channel_aware_adaptation_20260530_seed42\samples\base\substitution-low\L2\5390-30102-0015.wav
lca,5390-30102-0015,2,substitution-low,0.0,0.001,1000,15.26,0.02528224140405655,0.03976495936512947,0.9955491423606873,0.44983961003540635,0.7251701951026917,0.8494979811614487,1.448258399963379,-1.405463216250991,0.35234183073043823,0.0,244160,0.0,0.001310615989515072,62645,output\experiments\exp3_low_load_channel_aware_adaptation_20260530_seed42\samples\original\5390-30102-0015.wav,output\experiments\exp3_low_load_channel_aware_adaptation_20260530_seed42\samples\lca\substitution-low\L2\5390-30102-0015.wav
base,5390-30102-0015,2,substitution-mid,0.0,0.005,1000,15.26,0.02521880529820919,0.039161909371614456,1.0383877754211426,0.752732112261091,0.7370363473892212,0.8271874602676095,1.421506404876709,-1.1844246126877582,0.4442547559738159,0.0,244160,0.0,0.00327653997378768,62776,output\experiments\exp3_low_load_channel_aware_adaptation_20260530_seed42\samples\original\5390-30102-0015.wav,output\experiments\exp3_low_load_channel_aware_adaptation_20260530_seed42\samples\base\substitution-mid\L2\5390-30102-0015.wav
lca,5390-30102-0015,2,substitution-mid,0.0,0.005,1000,15.26,0.02537328377366066,0.040142424404621124,0.9957387447357178,0.3072500380031818,0.719499409198761,0.8506445961307452,1.4454666376113892,-1.417332738887237,0.35136961936950684,0.0,244160,0.0,0.00327653997378768,62776,output\experiments\exp3_low_load_channel_aware_adaptation_20260530_seed42\samples\original\5390-30102-0015.wav,output\experiments\exp3_low_load_channel_aware_adaptation_20260530_seed42\samples\lca\substitution-mid\L2\5390-30102-0015.wav
base,5390-30102-0015,3,clean,0.0,0.0,1500,15.26,0.022906074300408363,0.03565795347094536,0.9692648649215698,2.3598215878413558,0.7953588962554932,0.8543122991515026,1.6271207332611084,-0.3712543290715171,0.43231818079948425,0.0,244160,0.0,0.0,64426,output\experiments\exp3_low_load_channel_aware_adaptation_20260530_seed42\samples\original\5390-30102-0015.wav,output\experiments\exp3_low_load_channel_aware_adaptation_20260530_seed42\samples\base\clean\L3\5390-30102-0015.wav
lca,5390-30102-0015,3,clean,0.0,0.0,1500,15.26,0.02242334932088852,0.035607583820819855,0.9213444590568542,2.25249002392592,0.7917280793190002,0.874921001584794,1.6723697185516357,-0.6136783657803572,0.3975657820701599,0.0,244160,0.0,0.0,64426,output\experiments\exp3_low_load_channel_aware_adaptation_20260530_seed42\samples\original\5390-30102-0015.wav,output\experiments\exp3_low_load_channel_aware_adaptation_20260530_seed42\samples\lca\clean\L3\5390-30102-0015.wav
base,5390-30102-0015,3,dropout-low,0.01,0.0,1500,15.26,0.023302210494875908,0.03659988194704056,0.9756312966346741,2.0464057838515775,0.7846453189849854,0.8504769309795436,1.6117372512817383,-0.3568144867223333,0.43101054430007935,0.0,244160,0.010484927916120577,0.0,64216,output\experiments\exp3_low_load_channel_aware_adaptation_20260530_seed42\samples\original\5390-30102-0015.wav,output\experiments\exp3_low_load_channel_aware_adaptation_20260530_seed42\samples\base\dropout-low\L3\5390-30102-0015.wav
lca,5390-30102-0015,3,dropout-low,0.01,0.0,1500,15.26,0.022807419300079346,0.0363115593791008,0.9267907738685608,2.021431473440619,0.7837772369384766,0.8735699165718475,1.6499595642089844,-0.586625232009082,0.3958856761455536,0.0,244160,0.010484927916120577,0.0,64216,output\experiments\exp3_low_load_channel_aware_adaptation_20260530_seed42\samples\original\5390-30102-0015.wav,output\experiments\exp3_low_load_channel_aware_adaptation_20260530_seed42\samples\lca\dropout-low\L3\5390-30102-0015.wav
base,5390-30102-0015,3,dropout-mid,0.03,0.0,1500,15.26,0.02420663833618164,0.039040662348270416,0.9918685555458069,1.21660537627063,0.7547045946121216,0.8427202905564465,1.5158133506774902,-0.3628979956704742,0.4541964828968048,0.0,244160,0.02708606378331149,0.0,63947,output\experiments\exp3_low_load_channel_aware_adaptation_20260530_seed42\samples\original\5390-30102-0015.wav,output\experiments\exp3_low_load_channel_aware_adaptation_20260530_seed42\samples\base\dropout-mid\L3\5390-30102-0015.wav
lca,5390-30102-0015,3,dropout-mid,0.03,0.0,1500,15.26,0.023472648113965988,0.0378551259636879,0.9400259852409363,1.4626576094577906,0.7638129591941833,0.8637943980070808,1.6030311584472656,-0.6378973309158832,0.4018481373786926,0.0,244160,0.02708606378331149,0.0,63947,output\experiments\exp3_low_load_channel_aware_adaptation_20260530_seed42\samples\original\5390-30102-0015.wav,output\experiments\exp3_low_load_channel_aware_adaptation_20260530_seed42\samples\lca\dropout-mid\L3\5390-30102-0015.wav
base,5390-30102-0015,3,substitution-low,0.0,0.001,1500,15.26,0.022910160943865776,0.0356619693338871,0.9691733717918396,2.3621559095839566,0.7954373955726624,0.8543662849250275,1.6262032985687256,-0.36461078995962465,0.43231818079948425,0.0,244160,0.0,0.00043687199650502403,63645,output\experiments\exp3_low_load_channel_aware_adaptation_20260530_seed42\samples\original\5390-30102-0015.wav,output\experiments\exp3_low_load_channel_aware_adaptation_20260530_seed42\samples\base\substitution-low\L3\5390-30102-0015.wav
lca,5390-30102-0015,3,substitution-low,0.0,0.001,1500,15.26,0.02242681384086609,0.035619452595710754,0.9211821556091309,2.2459855767607304,0.7915067076683044,0.8749120965286221,1.67268705368042,-0.6186906924274601,0.3975657820701599,0.0,244160,0.0,0.00043687199650502403,63645,output\experiments\exp3_low_load_channel_aware_adaptation_20260530_seed42\samples\original\5390-30102-0015.wav,output\experiments\exp3_low_load_channel_aware_adaptation_20260530_seed42\samples\lca\substitution-low\L3\5390-30102-0015.wav
base,5390-30102-0015,3,substitution-mid,0.0,0.005,1500,15.26,0.023089652881026268,0.035954199731349945,0.98029625415802,2.271256858551923,0.7923657298088074,0.8481966287425898,1.5827358961105347,-0.3486036410915638,0.4321567416191101,0.0,244160,0.0,0.004805591961555264,63776,output\experiments\exp3_low_load_channel_aware_adaptation_20260530_seed42\samples\original\5390-30102-0015.wav,output\experiments\exp3_low_load_channel_aware_adaptation_20260530_seed42\samples\base\substitution-mid\L3\5390-30102-0015.wav
lca,5390-30102-0015,3,substitution-mid,0.0,0.005,1500,15.26,0.022630659863352776,0.035895682871341705,0.9328030347824097,2.1666891323473503,0.7887969613075256,0.8664852752986711,1.6413850784301758,-0.5842467282731187,0.3963121771812439,0.0,244160,0.0,0.004805591961555264,63776,output\experiments\exp3_low_load_channel_aware_adaptation_20260530_seed42\samples\original\5390-30102-0015.wav,output\experiments\exp3_low_load_channel_aware_adaptation_20260530_seed42\samples\lca\substitution-mid\L3\5390-30102-0015.wav
base,4018-103416-0033,1,clean,0.0,0.0,500,15.13,0.038625940680503845,0.06432586163282394,1.0098466873168945,-0.040351691677598014,0.7054624557495117,0.7832126253703698,1.4076124429702759,-3.802517576688724,0.3749902844429016,0.0,242080,0.0,0.0,31544,output\experiments\exp3_low_load_channel_aware_adaptation_20260530_seed42\samples\original\4018-103416-0033.wav,output\experiments\exp3_low_load_channel_aware_adaptation_20260530_seed42\samples\base\clean\L1\4018-103416-0033.wav
lca,4018-103416-0033,1,clean,0.0,0.0,500,15.13,0.0396256260573864,0.06669092923402786,0.9535096287727356,-0.7505160698063431,0.6759467124938965,0.7909122749128298,1.432606816291809,-3.7478250530164496,0.5276696085929871,0.0,242080,0.0,0.0,31544,output\experiments\exp3_low_load_channel_aware_adaptation_20260530_seed42\samples\original\4018-103416-0033.wav,output\experiments\exp3_low_load_channel_aware_adaptation_20260530_seed42\samples\lca\clean\L1\4018-103416-0033.wav
base,4018-103416-0033,1,dropout-low,0.01,0.0,500,15.13,0.03871622309088707,0.06453461199998856,1.0102312564849854,-0.10262594526998753,0.7029172778129578,0.7840079614359629,1.4046263694763184,-3.8028978457060476,0.37505143880844116,0.0,242080,0.005284015852047556,0.0,31334,output\experiments\exp3_low_load_channel_aware_adaptation_20260530_seed42\samples\original\4018-103416-0033.wav,output\experiments\exp3_low_load_channel_aware_adaptation_20260530_seed42\samples\base\dropout-low\L1\4018-103416-0033.wav
lca,4018-103416-0033,1,dropout-low,0.01,0.0,500,15.13,0.03974573314189911,0.06693046540021896,0.9565833210945129,-0.8218460430839224,0.6729274988174438,0.7912249747640654,1.4104373455047607,-3.7453769299007216,0.523152768611908,0.0,242080,0.005284015852047556,0.0,31334,output\experiments\exp3_low_load_channel_aware_adaptation_20260530_seed42\samples\original\4018-103416-0033.wav,output\experiments\exp3_low_load_channel_aware_adaptation_20260530_seed42\samples\lca\dropout-low\L1\4018-103416-0033.wav
base,4018-103416-0033,1,dropout-mid,0.03,0.0,500,15.13,0.03991972655057907,0.06715908646583557,1.0146242380142212,-0.8898976621486683,0.6700387001037598,0.7755471655231762,1.3643240928649902,-3.7485852406226994,0.37527716159820557,0.0,242080,0.02509907529722589,0.0,31065,output\experiments\exp3_low_load_channel_aware_adaptation_20260530_seed42\samples\original\4018-103416-0033.wav,output\experiments\exp3_low_load_channel_aware_adaptation_20260530_seed42\samples\base\dropout-mid\L1\4018-103416-0033.wav
lca,4018-103416-0033,1,dropout-mid,0.03,0.0,500,15.13,0.0412340871989727,0.06991911679506302,0.9651508331298828,-1.7180027449656208,0.6343293190002441,0.7845661064961936,1.3762097358703613,-3.825629457005352,0.5339401364326477,0.0,242080,0.02509907529722589,0.0,31065,output\experiments\exp3_low_load_channel_aware_adaptation_20260530_seed42\samples\original\4018-103416-0033.wav,output\experiments\exp3_low_load_channel_aware_adaptation_20260530_seed42\samples\lca\dropout-mid\L1\4018-103416-0033.wav
base,4018-103416-0033,1,substitution-low,0.0,0.001,500,15.13,0.038625940680503845,0.06432586163282394,1.0098466873168945,-0.040351691677598014,0.7054624557495117,0.7832126253703698,1.4076124429702759,-3.802517576688724,0.3749902844429016,0.0,242080,0.0,0.0,30763,output\experiments\exp3_low_load_channel_aware_adaptation_20260530_seed42\samples\original\4018-103416-0033.wav,output\experiments\exp3_low_load_channel_aware_adaptation_20260530_seed42\samples\base\substitution-low\L1\4018-103416-0033.wav
lca,4018-103416-0033,1,substitution-low,0.0,0.001,500,15.13,0.0396256260573864,0.06669092923402786,0.9535096287727356,-0.7505160698063431,0.6759467124938965,0.7909122749128298,1.432606816291809,-3.7478250530164496,0.5276696085929871,0.0,242080,0.0,0.0,30763,output\experiments\exp3_low_load_channel_aware_adaptation_20260530_seed42\samples\original\4018-103416-0033.wav,output\experiments\exp3_low_load_channel_aware_adaptation_20260530_seed42\samples\lca\substitution-low\L1\4018-103416-0033.wav
base,4018-103416-0033,1,substitution-mid,0.0,0.005,500,15.13,0.038675278425216675,0.06441253423690796,1.013843297958374,-0.0619477086548571,0.7045807838439941,0.7780342912933326,1.4103670120239258,-3.827904058933105,0.4082476496696472,0.0,242080,0.0,0.007926023778071334,30894,output\experiments\exp3_low_load_channel_aware_adaptation_20260530_seed42\samples\original\4018-103416-0033.wav,output\experiments\exp3_low_load_channel_aware_adaptation_20260530_seed42\samples\base\substitution-mid\L1\4018-103416-0033.wav
lca,4018-103416-0033,1,substitution-mid,0.0,0.005,500,15.13,0.03974262624979019,0.06690353155136108,0.9612782597541809,-0.8124470412499774,0.6733258366584778,0.7868742465723388,1.4253320693969727,-3.7665599127772733,0.5214480757713318,0.0,242080,0.0,0.007926023778071334,30894,output\experiments\exp3_low_load_channel_aware_adaptation_20260530_seed42\samples\original\4018-103416-0033.wav,output\experiments\exp3_low_load_channel_aware_adaptation_20260530_seed42\samples\lca\substitution-mid\L1\4018-103416-0033.wav
base,4018-103416-0033,2,clean,0.0,0.0,1000,15.13,0.027028799057006836,0.04594457522034645,0.8454596996307373,4.595315035427048,0.8615851998329163,0.8641982601275472,2.0328855514526367,-1.088588939766955,0.4983604848384857,0.0,242080,0.0,0.0,32544,output\experiments\exp3_low_load_channel_aware_adaptation_20260530_seed42\samples\original\4018-103416-0033.wav,output\experiments\exp3_low_load_channel_aware_adaptation_20260530_seed42\samples\base\clean\L2\4018-103416-0033.wav
lca,4018-103416-0033,2,clean,0.0,0.0,1000,15.13,0.027154752984642982,0.046240389347076416,0.7859322428703308,4.512947164861102,0.8594678044319153,0.8757165716024977,2.084486961364746,-1.2122927644776111,0.4611132740974426,0.0,242080,0.0,0.0,32544,output\experiments\exp3_low_load_channel_aware_adaptation_20260530_seed42\samples\original\4018-103416-0033.wav,output\experiments\exp3_low_load_channel_aware_adaptation_20260530_seed42\samples\lca\clean\L2\4018-103416-0033.wav
base,4018-103416-0033,2,dropout-low,0.01,0.0,1000,15.13,0.02769576944410801,0.04795663058757782,0.8467071056365967,4.10251311157784,0.8485491275787354,0.863227549418396,2.01265811920166,-1.074376584229402,0.4984563887119293,0.0,242080,0.005284015852047556,0.0,32334,output\experiments\exp3_low_load_channel_aware_adaptation_20260530_seed42\samples\original\4018-103416-0033.wav,output\experiments\exp3_low_load_channel_aware_adaptation_20260530_seed42\samples\base\dropout-low\L2\4018-103416-0033.wav
lca,4018-103416-0033,2,dropout-low,0.01,0.0,1000,15.13,0.027685070410370827,0.047830499708652496,0.7900571227073669,4.116696049968917,0.8489367365837097,0.8729840305519391,2.0486719608306885,-1.2193491987026472,0.45952725410461426,0.0,242080,0.005284015852047556,0.0,32334,output\experiments\exp3_low_load_channel_aware_adaptation_20260530_seed42\samples\original\4018-103416-0033.wav,output\experiments\exp3_low_load_channel_aware_adaptation_20260530_seed42\samples\lca\dropout-low\L2\4018-103416-0033.wav
base,4018-103416-0033,2,dropout-mid,0.03,0.0,1000,15.13,0.028832513839006424,0.04939600080251694,0.8668684959411621,3.758879595093277,0.8389347195625305,0.8521101205977517,1.8625600337982178,-1.0591073798603687,0.5153214931488037,0.0,242080,0.031043593130779392,0.0,32065,output\experiments\exp3_low_load_channel_aware_adaptation_20260530_seed42\samples\original\4018-103416-0033.wav,output\experiments\exp3_low_load_channel_aware_adaptation_20260530_seed42\samples\base\dropout-mid\L2\4018-103416-0033.wav
lca,4018-103416-0033,2,dropout-mid,0.03,0.0,1000,15.13,0.028871459886431694,0.050077956169843674,0.8071833252906799,3.5695422510981367,0.8334525227546692,0.865051730659616,1.939781904220581,-1.220470788483889,0.48034536838531494,0.0,242080,0.031043593130779392,0.0,32065,output\experiments\exp3_low_load_channel_aware_adaptation_20260530_seed42\samples\original\4018-103416-0033.wav,output\experiments\exp3_low_load_channel_aware_adaptation_20260530_seed42\samples\lca\dropout-mid\L2\4018-103416-0033.wav
base,4018-103416-0033,2,substitution-low,0.0,0.001,1000,15.13,0.0270773246884346,0.04597402364015579,0.8460478782653809,4.587994178749185,0.8613981604576111,0.8641076013397718,2.032740592956543,-1.0884502375104086,0.4983604848384857,0.0,242080,0.0,0.001321003963011889,31763,output\experiments\exp3_low_load_channel_aware_adaptation_20260530_seed42\samples\original\4018-103416-0033.wav,output\experiments\exp3_low_load_channel_aware_adaptation_20260530_seed42\samples\base\substitution-low\L2\4018-103416-0033.wav
lca,4018-103416-0033,2,substitution-low,0.0,0.001,1000,15.13,0.027166247367858887,0.04624385014176369,0.787213921546936,4.5121615533195385,0.8594474196434021,0.8753388283474179,2.075160264968872,-1.2104137713184566,0.4611132740974426,0.0,242080,0.0,0.001321003963011889,31763,output\experiments\exp3_low_load_channel_aware_adaptation_20260530_seed42\samples\original\4018-103416-0033.wav,output\experiments\exp3_low_load_channel_aware_adaptation_20260530_seed42\samples\lca\substitution-low\L2\4018-103416-0033.wav
base,4018-103416-0033,2,substitution-mid,0.0,0.005,1000,15.13,0.02747497148811817,0.04689197987318039,0.8674712181091309,4.3541665306839334,0.8553164005279541,0.8594762726526712,1.9359748363494873,-1.152712145693096,0.49758943915367126,0.0,242080,0.0,0.0066050198150594455,31894,output\experiments\exp3_low_load_channel_aware_adaptation_20260530_seed42\samples\original\4018-103416-0033.wav,output\experiments\exp3_low_load_channel_aware_adaptation_20260530_seed42\samples\base\substitution-mid\L2\4018-103416-0033.wav
lca,4018-103416-0033,2,substitution-mid,0.0,0.005,1000,15.13,0.027657579630613327,0.04708430543541908,0.8120282888412476,4.298687035496739,0.8538442850112915,0.8708985639087796,1.9822626113891602,-1.271351266134098,0.4608137905597687,0.0,242080,0.0,0.0066050198150594455,31894,output\experiments\exp3_low_load_channel_aware_adaptation_20260530_seed42\samples\original\4018-103416-0033.wav,output\experiments\exp3_low_load_channel_aware_adaptation_20260530_seed42\samples\lca\substitution-mid\L2\4018-103416-0033.wav
base,4018-103416-0033,3,clean,0.0,0.0,1500,15.13,0.023180905729532242,0.03884157910943031,0.794690728187561,6.578545300079909,0.9054095149040222,0.889435816135229,2.403822422027588,-0.2606520107189813,0.553870677947998,0.0,242080,0.0,0.0,33544,output\experiments\exp3_low_load_channel_aware_adaptation_20260530_seed42\samples\original\4018-103416-0033.wav,output\experiments\exp3_low_load_channel_aware_adaptation_20260530_seed42\samples\base\clean\L3\4018-103416-0033.wav
lca,4018-103416-0033,3,clean,0.0,0.0,1500,15.13,0.023051923140883446,0.038652677088975906,0.7441021800041199,6.563862909823703,0.9051334261894226,0.9011953410404546,2.334238290786743,-0.453862045031444,0.5676673054695129,0.0,242080,0.0,0.0,33544,output\experiments\exp3_low_load_channel_aware_adaptation_20260530_seed42\samples\original\4018-103416-0033.wav,output\experiments\exp3_low_load_channel_aware_adaptation_20260530_seed42\samples\lca\clean\L3\4018-103416-0033.wav
base,4018-103416-0033,3,dropout-low,0.01,0.0,1500,15.13,0.023872897028923035,0.040551815181970596,0.8031664490699768,6.13909876242177,0.8968443274497986,0.8858714241035053,2.345437526702881,-0.26198825431355505,0.5513595938682556,0.0,242080,0.009687362395420519,0.0,33334,output\experiments\exp3_low_load_channel_aware_adaptation_20260530_seed42\samples\original\4018-103416-0033.wav,output\experiments\exp3_low_load_channel_aware_adaptation_20260530_seed42\samples\base\dropout-low\L3\4018-103416-0033.wav
lca,4018-103416-0033,3,dropout-low,0.01,0.0,1500,15.13,0.023883026093244553,0.041026197373867035,0.753237247467041,5.954961806148674,0.893068253993988,0.8970194253267935,2.1946680545806885,-0.43609481140976647,0.5413485169410706,0.0,242080,0.009687362395420519,0.0,33334,output\experiments\exp3_low_load_channel_aware_adaptation_20260530_seed42\samples\original\4018-103416-0033.wav,output\experiments\exp3_low_load_channel_aware_adaptation_20260530_seed42\samples\lca\dropout-low\L3\4018-103416-0033.wav
base,4018-103416-0033,3,dropout-mid,0.03,0.0,1500,15.13,0.024604178965091705,0.042677611112594604,0.8094102740287781,5.596711051995317,0.8853955268859863,0.883789486639071,2.2121522426605225,-0.29352184030847145,0.5620254278182983,0.0,242080,0.025979744605900485,0.0,33065,output\experiments\exp3_low_load_channel_aware_adaptation_20260530_seed42\samples\original\4018-103416-0033.wav,output\experiments\exp3_low_load_channel_aware_adaptation_20260530_seed42\samples\base\dropout-mid\L3\4018-103416-0033.wav
lca,4018-103416-0033,3,dropout-mid,0.03,0.0,1500,15.13,0.02417794242501259,0.04113011434674263,0.7612798810005188,5.904910578000642,0.8920223712921143,0.8941926130790225,2.186605930328369,-0.5153688379292772,0.5620320439338684,0.0,242080,0.025979744605900485,0.0,33065,output\experiments\exp3_low_load_channel_aware_adaptation_20260530_seed42\samples\original\4018-103416-0033.wav,output\experiments\exp3_low_load_channel_aware_adaptation_20260530_seed42\samples\lca\dropout-mid\L3\4018-103416-0033.wav
base,4018-103416-0033,3,substitution-low,0.0,0.001,1500,15.13,0.023181531578302383,0.03884291648864746,0.7952740788459778,6.576484369387808,0.905370831489563,0.8890478734030695,2.400916576385498,-0.2649675196402884,0.5538802146911621,0.0,242080,0.0,0.001321003963011889,32763,output\experiments\exp3_low_load_channel_aware_adaptation_20260530_seed42\samples\original\4018-103416-0033.wav,output\experiments\exp3_low_load_channel_aware_adaptation_20260530_seed42\samples\base\substitution-low\L3\4018-103416-0033.wav
lca,4018-103416-0033,3,substitution-low,0.0,0.001,1500,15.13,0.023099606856703758,0.03871437907218933,0.7448211312294006,6.5475555478913865,0.9048258662223816,0.9010229293601627,2.334380865097046,-0.45387260062935914,0.567619264125824,0.0,242080,0.0,0.001321003963011889,32763,output\experiments\exp3_low_load_channel_aware_adaptation_20260530_seed42\samples\original\4018-103416-0033.wav,output\experiments\exp3_low_load_channel_aware_adaptation_20260530_seed42\samples\lca\substitution-low\L3\4018-103416-0033.wav
base,4018-103416-0033,3,substitution-mid,0.0,0.005,1500,15.13,0.02341870591044426,0.03929132595658302,0.7978969216346741,6.450292579419306,0.902974009513855,0.887554787613407,2.374286413192749,-0.2899822791745033,0.5536708831787109,0.0,242080,0.0,0.005284015852047556,32894,output\experiments\exp3_low_load_channel_aware_adaptation_20260530_seed42\samples\original\4018-103416-0033.wav,output\experiments\exp3_low_load_channel_aware_adaptation_20260530_seed42\samples\base\substitution-mid\L3\4018-103416-0033.wav
lca,4018-103416-0033,3,substitution-mid,0.0,0.005,1500,15.13,0.02344837412238121,0.0394308902323246,0.7492201328277588,6.356778529985966,0.9011650085449219,0.8993625455277318,2.3171839714050293,-0.4638201660431379,0.567631185054779,0.0,242080,0.0,0.005284015852047556,32894,output\experiments\exp3_low_load_channel_aware_adaptation_20260530_seed42\samples\original\4018-103416-0033.wav,output\experiments\exp3_low_load_channel_aware_adaptation_20260530_seed42\samples\lca\substitution-mid\L3\4018-103416-0033.wav
base,1737-148989-0006,1,clean,0.0,0.0,500,10.69,0.025542473420500755,0.0450371690094471,1.301960825920105,-17.977611088536094,0.12522394955158234,0.7597048731079195,1.195818305015564,-1.7843299773898516,0.3443892300128937,0.0,171040,0.0,0.0,19158,output\experiments\exp3_low_load_channel_aware_adaptation_20260530_seed42\samples\original\1737-148989-0006.wav,output\experiments\exp3_low_load_channel_aware_adaptation_20260530_seed42\samples\base\clean\L1\1737-148989-0006.wav
lca,1737-148989-0006,1,clean,0.0,0.0,500,10.69,0.02400718815624714,0.04305211827158928,1.2152594327926636,-17.074964697133517,0.13868658244609833,0.7725922101727313,1.1743899583816528,-2.7041836265762798,0.4098278880119324,0.0,171040,0.0,0.0,19158,output\experiments\exp3_low_load_channel_aware_adaptation_20260530_seed42\samples\original\1737-148989-0006.wav,output\experiments\exp3_low_load_channel_aware_adaptation_20260530_seed42\samples\lca\clean\L1\1737-148989-0006.wav
base,1737-148989-0006,1,dropout-low,0.01,0.0,500,10.69,0.025718141347169876,0.045325420796871185,1.3216769695281982,-19.216201917759214,0.10879386961460114,0.7496586051782511,1.1692910194396973,-1.8454217974934959,0.3325406312942505,0.0,171040,0.018691588785046728,0.0,18948,output\experiments\exp3_low_load_channel_aware_adaptation_20260530_seed42\samples\original\1737-148989-0006.wav,output\experiments\exp3_low_load_channel_aware_adaptation_20260530_seed42\samples\base\dropout-low\L1\1737-148989-0006.wav
lca,1737-148989-0006,1,dropout-low,0.01,0.0,500,10.69,0.024111689999699593,0.04336647689342499,1.2337720394134521,-18.19773307707168,0.12213767319917679,0.7659679894689013,1.149198293685913,-2.7501103054855798,0.42263662815093994,0.0,171040,0.018691588785046728,0.0,18948,output\experiments\exp3_low_load_channel_aware_adaptation_20260530_seed42\samples\original\1737-148989-0006.wav,output\experiments\exp3_low_load_channel_aware_adaptation_20260530_seed42\samples\lca\dropout-low\L1\1737-148989-0006.wav
base,1737-148989-0006,1,dropout-mid,0.03,0.0,500,10.69,0.025841550901532173,0.045341942459344864,1.3306975364685059,-18.09820135956206,0.12352394312620163,0.7488489432442896,1.1726458072662354,-1.654837651069633,0.3443892300128937,0.0,171040,0.03551401869158879,0.0,18679,output\experiments\exp3_low_load_channel_aware_adaptation_20260530_seed42\samples\original\1737-148989-0006.wav,output\experiments\exp3_low_load_channel_aware_adaptation_20260530_seed42\samples\base\dropout-mid\L1\1737-148989-0006.wav
lca,1737-148989-0006,1,dropout-mid,0.03,0.0,500,10.69,0.02424152009189129,0.04342373088002205,1.2346025705337524,-17.921652145498143,0.12602047622203827,0.7609742452604852,1.153850793838501,-2.6598451957939675,0.4098278880119324,0.0,171040,0.03551401869158879,0.0,18679,output\experiments\exp3_low_load_channel_aware_adaptation_20260530_seed42\samples\original\1737-148989-0006.wav,output\experiments\exp3_low_load_channel_aware_adaptation_20260530_seed42\samples\lca\dropout-mid\L1\1737-148989-0006.wav
base,1737-148989-0006,1,substitution-low,0.0,0.001,500,10.69,0.025528011843562126,0.04502449929714203,1.3043138980865479,-18.041556094616887,0.12431968003511429,0.759223698922373,1.1956467628479004,-1.8020987424677366,0.3443892300128937,0.0,171040,0.0,0.001869158878504673,18377,output\experiments\exp3_low_load_channel_aware_adaptation_20260530_seed42\samples\original\1737-148989-0006.wav,output\experiments\exp3_low_load_channel_aware_adaptation_20260530_seed42\samples\base\substitution-low\L1\1737-148989-0006.wav
lca,1737-148989-0006,1,substitution-low,0.0,0.001,500,10.69,0.024016380310058594,0.04308433458209038,1.2178932428359985,-17.143304737894404,0.13762037456035614,0.7714115739340788,1.1761457920074463,-2.699859430374438,0.4098278880119324,0.0,171040,0.0,0.001869158878504673,18377,output\experiments\exp3_low_load_channel_aware_adaptation_20260530_seed42\samples\original\1737-148989-0006.wav,output\experiments\exp3_low_load_channel_aware_adaptation_20260530_seed42\samples\lca\substitution-low\L1\1737-148989-0006.wav
base,1737-148989-0006,1,substitution-mid,0.0,0.005,500,10.69,0.025501487776637077,0.04500919207930565,1.306488275527954,-18.162276263828275,0.12262976914644241,0.7577686004205808,1.1903505325317383,-1.8311542753428833,0.3443892300128937,0.0,171040,0.0,0.005607476635514018,18508,output\experiments\exp3_low_load_channel_aware_adaptation_20260530_seed42\samples\original\1737-148989-0006.wav,output\experiments\exp3_low_load_channel_aware_adaptation_20260530_seed42\samples\base\substitution-mid\L1\1737-148989-0006.wav
lca,1737-148989-0006,1,substitution-mid,0.0,0.005,500,10.69,0.024024927988648415,0.04307546094059944,1.2206350564956665,-17.209258305237558,0.1365988403558731,0.7702956999381291,1.1661227941513062,-2.720262020269863,0.4098278880119324,0.0,171040,0.0,0.005607476635514018,18508,output\experiments\exp3_low_load_channel_aware_adaptation_20260530_seed42\samples\original\1737-148989-0006.wav,output\experiments\exp3_low_load_channel_aware_adaptation_20260530_seed42\samples\lca\substitution-mid\L1\1737-148989-0006.wav
base,1737-148989-0006,2,clean,0.0,0.0,1000,10.69,0.022374605759978294,0.043169111013412476,0.9510124325752258,-15.641469571623974,0.16296036541461945,0.8053675796496105,1.4676434993743896,-2.2826034379792817,0.3731744587421417,0.0,171040,0.0,0.0,20158,output\experiments\exp3_low_load_channel_aware_adaptation_20260530_seed42\samples\original\1737-148989-0006.wav,output\experiments\exp3_low_load_channel_aware_adaptation_20260530_seed42\samples\base\clean\L2\1737-148989-0006.wav
lca,1737-148989-0006,2,clean,0.0,0.0,1000,10.69,0.021450744941830635,0.04110344126820564,0.9078707695007324,-14.57222332692902,0.1836286336183548,0.8257779225572934,1.4480865001678467,-3.3150607494173583,0.34253260493278503,0.0,171040,0.0,0.0,20158,output\experiments\exp3_low_load_channel_aware_adaptation_20260530_seed42\samples\original\1737-148989-0006.wav,output\experiments\exp3_low_load_channel_aware_adaptation_20260530_seed42\samples\lca\clean\L2\1737-148989-0006.wav
base,1737-148989-0006,2,dropout-low,0.01,0.0,1000,10.69,0.022370539605617523,0.04308952018618584,0.9567025303840637,-15.44330341714886,0.166617751121521,0.8032588633323643,1.4387705326080322,-2.2761800711019466,0.3731744587421417,0.0,171040,0.014018691588785047,0.0,19948,output\experiments\exp3_low_load_channel_aware_adaptation_20260530_seed42\samples\original\1737-148989-0006.wav,output\experiments\exp3_low_load_channel_aware_adaptation_20260530_seed42\samples\base\dropout-low\L2\1737-148989-0006.wav
lca,1737-148989-0006,2,dropout-low,0.01,0.0,1000,10.69,0.021546510979533195,0.04114023968577385,0.9123020768165588,-14.70946260631581,0.18084494769573212,0.8254114616721768,1.4352881908416748,-3.335701154090052,0.3433681130409241,0.0,171040,0.014018691588785047,0.0,19948,output\experiments\exp3_low_load_channel_aware_adaptation_20260530_seed42\samples\original\1737-148989-0006.wav,output\experiments\exp3_low_load_channel_aware_adaptation_20260530_seed42\samples\lca\dropout-low\L2\1737-148989-0006.wav
base,1737-148989-0006,2,dropout-mid,0.03,0.0,1000,10.69,0.022618336603045464,0.04328120872378349,0.9708420634269714,-15.613193314988292,0.16347754001617432,0.7971382997591363,1.4116517305374146,-2.2108242839432504,0.38555583357810974,0.0,171040,0.027102803738317756,0.0,19679,output\experiments\exp3_low_load_channel_aware_adaptation_20260530_seed42\samples\original\1737-148989-0006.wav,output\experiments\exp3_low_load_channel_aware_adaptation_20260530_seed42\samples\base\dropout-mid\L2\1737-148989-0006.wav
lca,1737-148989-0006,2,dropout-mid,0.03,0.0,1000,10.69,0.02160244807600975,0.041401155292987823,0.9204791784286499,-15.31114266851767,0.169099822640419,0.8197211984264372,1.3983718156814575,-3.342013277096135,0.343675434589386,0.0,171040,0.027102803738317756,0.0,19679,output\experiments\exp3_low_load_channel_aware_adaptation_20260530_seed42\samples\original\1737-148989-0006.wav,output\experiments\exp3_low_load_channel_aware_adaptation_20260530_seed42\samples\lca\dropout-mid\L2\1737-148989-0006.wav
base,1737-148989-0006,2,substitution-low,0.0,0.001,1000,10.69,0.022374605759978294,0.043169111013412476,0.9510124325752258,-15.641469571623974,0.16296036541461945,0.8053675796496105,1.4676434993743896,-2.2826034379792817,0.3731744587421417,0.0,171040,0.0,0.0,19377,output\experiments\exp3_low_load_channel_aware_adaptation_20260530_seed42\samples\original\1737-148989-0006.wav,output\experiments\exp3_low_load_channel_aware_adaptation_20260530_seed42\samples\base\substitution-low\L2\1737-148989-0006.wav
lca,1737-148989-0006,2,substitution-low,0.0,0.001,1000,10.69,0.021450744941830635,0.04110344126820564,0.9078707695007324,-14.57222332692902,0.1836286336183548,0.8257779225572934,1.4480865001678467,-3.3150607494173583,0.34253260493278503,0.0,171040,0.0,0.0,19377,output\experiments\exp3_low_load_channel_aware_adaptation_20260530_seed42\samples\original\1737-148989-0006.wav,output\experiments\exp3_low_load_channel_aware_adaptation_20260530_seed42\samples\lca\substitution-low\L2\1737-148989-0006.wav
base,1737-148989-0006,2,substitution-mid,0.0,0.005,1000,10.69,0.022375281900167465,0.04317646473646164,0.9514024257659912,-15.651997407134626,0.1627681851387024,0.8053701758461864,1.467228889465332,-2.28109956291473,0.3731744587421417,0.0,171040,0.0,0.003738317757009346,19508,output\experiments\exp3_low_load_channel_aware_adaptation_20260530_seed42\samples\original\1737-148989-0006.wav,output\experiments\exp3_low_load_channel_aware_adaptation_20260530_seed42\samples\base\substitution-mid\L2\1737-148989-0006.wav
lca,1737-148989-0006,2,substitution-mid,0.0,0.005,1000,10.69,0.0214582197368145,0.041110504418611526,0.9095054268836975,-14.588837057673476,0.1832895576953888,0.824976439736406,1.4478682279586792,-3.315632160928467,0.34253260493278503,0.0,171040,0.0,0.003738317757009346,19508,output\experiments\exp3_low_load_channel_aware_adaptation_20260530_seed42\samples\original\1737-148989-0006.wav,output\experiments\exp3_low_load_channel_aware_adaptation_20260530_seed42\samples\lca\substitution-mid\L2\1737-148989-0006.wav
base,1737-148989-0006,3,clean,0.0,0.0,1500,10.69,0.021462585777044296,0.042003706097602844,0.879284679889679,-13.565967914748523,0.20528273284435272,0.830696600367496,1.652954339981079,-2.346524931663062,0.35000649094581604,0.0,171040,0.0,0.0,21158,output\experiments\exp3_low_load_channel_aware_adaptation_20260530_seed42\samples\original\1737-148989-0006.wav,output\experiments\exp3_low_load_channel_aware_adaptation_20260530_seed42\samples\base\clean\L3\1737-148989-0006.wav
lca,1737-148989-0006,3,clean,0.0,0.0,1500,10.69,0.020654495805501938,0.040547359734773636,0.828938364982605,-13.037224036391839,0.21757455170154572,0.8536512772140054,1.6804354190826416,-3.1326832963588256,0.3292946219444275,0.0,171040,0.0,0.0,21158,output\experiments\exp3_low_load_channel_aware_adaptation_20260530_seed42\samples\original\1737-148989-0006.wav,output\experiments\exp3_low_load_channel_aware_adaptation_20260530_seed42\samples\lca\clean\L3\1737-148989-0006.wav
base,1737-148989-0006,3,dropout-low,0.01,0.0,1500,10.69,0.02167215757071972,0.042388543486595154,0.8995974659919739,-14.245581432092129,0.19041508436203003,0.8200806026165427,1.5542707443237305,-2.3399035918713604,0.35212379693984985,0.0,171040,0.014330218068535825,0.0,20948,output\experiments\exp3_low_load_channel_aware_adaptation_20260530_seed42\samples\original\1737-148989-0006.wav,output\experiments\exp3_low_load_channel_aware_adaptation_20260530_seed42\samples\base\dropout-low\L3\1737-148989-0006.wav
lca,1737-148989-0006,3,dropout-low,0.01,0.0,1500,10.69,0.020840095356106758,0.04072166979312897,0.8484217524528503,-13.269230841055348,0.21210122108459473,0.8451075792361491,1.589354157447815,-3.0999716465939264,0.32793644070625305,0.0,171040,0.014330218068535825,0.0,20948,output\experiments\exp3_low_load_channel_aware_adaptation_20260530_seed42\samples\original\1737-148989-0006.wav,output\experiments\exp3_low_load_channel_aware_adaptation_20260530_seed42\samples\lca\dropout-low\L3\1737-148989-0006.wav
base,1737-148989-0006,3,dropout-mid,0.03,0.0,1500,10.69,0.021753814071416855,0.042546022683382034,0.9001363515853882,-14.106818005363483,0.19336773455142975,0.8239666816871527,1.5656297206878662,-2.2016476478593376,0.3510071635246277,0.0,171040,0.029283489096573207,0.0,20679,output\experiments\exp3_low_load_channel_aware_adaptation_20260530_seed42\samples\original\1737-148989-0006.wav,output\experiments\exp3_low_load_channel_aware_adaptation_20260530_seed42\samples\base\dropout-mid\L3\1737-148989-0006.wav
lca,1737-148989-0006,3,dropout-mid,0.03,0.0,1500,10.69,0.02107377164065838,0.04124744236469269,0.8524829149246216,-13.881896578751093,0.19824351370334625,0.8413589401645846,1.6024870872497559,-2.9591455275653864,0.31546908617019653,0.0,171040,0.029283489096573207,0.0,20679,output\experiments\exp3_low_load_channel_aware_adaptation_20260530_seed42\samples\original\1737-148989-0006.wav,output\experiments\exp3_low_load_channel_aware_adaptation_20260530_seed42\samples\lca\dropout-mid\L3\1737-148989-0006.wav
base,1737-148989-0006,3,substitution-low,0.0,0.001,1500,10.69,0.02146044373512268,0.042003024369478226,0.8797664046287537,-13.565226526357186,0.2052995264530182,0.8303403115867323,1.6523438692092896,-2.346683551093439,0.35000649094581604,0.0,171040,0.0,0.0006230529595015577,20377,output\experiments\exp3_low_load_channel_aware_adaptation_20260530_seed42\samples\original\1737-148989-0006.wav,output\experiments\exp3_low_load_channel_aware_adaptation_20260530_seed42\samples\base\substitution-low\L3\1737-148989-0006.wav
lca,1737-148989-0006,3,substitution-low,0.0,0.001,1500,10.69,0.020657699555158615,0.04054984822869301,0.8301317095756531,-13.03913599529624,0.21752889454364777,0.853459888377932,1.678729772567749,-3.1316215797308704,0.3292946219444275,0.0,171040,0.0,0.0006230529595015577,20377,output\experiments\exp3_low_load_channel_aware_adaptation_20260530_seed42\samples\original\1737-148989-0006.wav,output\experiments\exp3_low_load_channel_aware_adaptation_20260530_seed42\samples\lca\substitution-low\L3\1737-148989-0006.wav
base,1737-148989-0006,3,substitution-mid,0.0,0.005,1500,10.69,0.021461034193634987,0.04199961945414543,0.8844204545021057,-13.580411851880303,0.20495596528053284,0.8296738952895264,1.6511417627334595,-2.354134536368487,0.35000649094581604,0.0,171040,0.0,0.003115264797507788,20508,output\experiments\exp3_low_load_channel_aware_adaptation_20260530_seed42\samples\original\1737-148989-0006.wav,output\experiments\exp3_low_load_channel_aware_adaptation_20260530_seed42\samples\base\substitution-mid\L3\1737-148989-0006.wav
lca,1737-148989-0006,3,substitution-mid,0.0,0.005,1500,10.69,0.0206697229295969,0.04055067524313927,0.8341236114501953,-13.045037316232122,0.21738813817501068,0.8534274985471022,1.676912784576416,-3.1335453364410206,0.3292946219444275,0.0,171040,0.0,0.003115264797507788,20508,output\experiments\exp3_low_load_channel_aware_adaptation_20260530_seed42\samples\original\1737-148989-0006.wav,output\experiments\exp3_low_load_channel_aware_adaptation_20260530_seed42\samples\lca\substitution-mid\L3\1737-148989-0006.wav
base,1455-138263-0040,1,clean,0.0,0.0,500,14.83,0.028753384947776794,0.048505932092666626,1.178460955619812,-8.214814126793028,0.36203595995903015,0.7496623329479117,1.202965259552002,-2.9811201459363605,0.4631107449531555,0.0,237280,0.0,0.0,46741,output\experiments\exp3_low_load_channel_aware_adaptation_20260530_seed42\samples\original\1455-138263-0040.wav,output\experiments\exp3_low_load_channel_aware_adaptation_20260530_seed42\samples\base\clean\L1\1455-138263-0040.wav
lca,1455-138263-0040,1,clean,0.0,0.0,500,14.83,0.029181284829974174,0.04932156950235367,1.0846349000930786,-9.133333575134193,0.329852819442749,0.772891101454537,1.2304149866104126,-3.1834033192888573,0.48270538449287415,0.0,237280,0.0,0.0,46741,output\experiments\exp3_low_load_channel_aware_adaptation_20260530_seed42\samples\original\1455-138263-0040.wav,output\experiments\exp3_low_load_channel_aware_adaptation_20260530_seed42\samples\lca\clean\L1\1455-138263-0040.wav
base,1455-138263-0040,1,dropout-low,0.01,0.0,500,14.83,0.028820006176829338,0.048577915877103806,1.18276846408844,-8.280692724578822,0.359655499458313,0.7482385996174445,1.1999742984771729,-2.9887962795634633,0.4631107449531555,0.0,237280,0.0026954177897574125,0.0,46531,output\experiments\exp3_low_load_channel_aware_adaptation_20260530_seed42\samples\original\1455-138263-0040.wav,output\experiments\exp3_low_load_channel_aware_adaptation_20260530_seed42\samples\base\dropout-low\L1\1455-138263-0040.wav
lca,1455-138263-0040,1,dropout-low,0.01,0.0,500,14.83,0.02922377549111843,0.04936516657471657,1.0889537334442139,-9.159224499323654,0.32897743582725525,0.7719351266468355,1.229798674583435,-3.173167119643197,0.48270538449287415,0.0,237280,0.0026954177897574125,0.0,46531,output\experiments\exp3_low_load_channel_aware_adaptation_20260530_seed42\samples\original\1455-138263-0040.wav,output\experiments\exp3_low_load_channel_aware_adaptation_20260530_seed42\samples\lca\dropout-low\L1\1455-138263-0040.wav
base,1455-138263-0040,1,dropout-mid,0.03,0.0,500,14.83,0.02902674488723278,0.04888654127717018,1.209570288658142,-8.545289180668785,0.3502058684825897,0.742731252201489,1.1802841424942017,-3.001541488130744,0.46082603931427,0.0,237280,0.03638814016172507,0.0,46262,output\experiments\exp3_low_load_channel_aware_adaptation_20260530_seed42\samples\original\1455-138263-0040.wav,output\experiments\exp3_low_load_channel_aware_adaptation_20260530_seed42\samples\base\dropout-mid\L1\1455-138263-0040.wav
lca,1455-138263-0040,1,dropout-mid,0.03,0.0,500,14.83,0.029606467112898827,0.05006469786167145,1.116948127746582,-9.751898528431948,0.3094220459461212,0.7663887797025587,1.2030836343765259,-3.1389180468206996,0.4891209602355957,0.0,237280,0.03638814016172507,0.0,46262,output\experiments\exp3_low_load_channel_aware_adaptation_20260530_seed42\samples\original\1455-138263-0040.wav,output\experiments\exp3_low_load_channel_aware_adaptation_20260530_seed42\samples\lca\dropout-mid\L1\1455-138263-0040.wav
base,1455-138263-0040,1,substitution-low,0.0,0.001,500,14.83,0.028753384947776794,0.048505932092666626,1.178460955619812,-8.214814126793028,0.36203595995903015,0.7496623329479117,1.202965259552002,-2.9811201459363605,0.4631107449531555,0.0,237280,0.0,0.0,45960,output\experiments\exp3_low_load_channel_aware_adaptation_20260530_seed42\samples\original\1455-138263-0040.wav,output\experiments\exp3_low_load_channel_aware_adaptation_20260530_seed42\samples\base\substitution-low\L1\1455-138263-0040.wav
lca,1455-138263-0040,1,substitution-low,0.0,0.001,500,14.83,0.029181284829974174,0.04932156950235367,1.0846349000930786,-9.133333575134193,0.329852819442749,0.772891101454537,1.2304149866104126,-3.1834033192888573,0.48270538449287415,0.0,237280,0.0,0.0,45960,output\experiments\exp3_low_load_channel_aware_adaptation_20260530_seed42\samples\original\1455-138263-0040.wav,output\experiments\exp3_low_load_channel_aware_adaptation_20260530_seed42\samples\lca\substitution-low\L1\1455-138263-0040.wav
base,1455-138263-0040,1,substitution-mid,0.0,0.005,500,14.83,0.028728816658258438,0.048451147973537445,1.1848300695419312,-8.206177177687033,0.36234885454177856,0.7466882384252014,1.1993151903152466,-3.0128548868208673,0.4631107449531555,0.0,237280,0.0,0.0026954177897574125,46091,output\experiments\exp3_low_load_channel_aware_adaptation_20260530_seed42\samples\original\1455-138263-0040.wav,output\experiments\exp3_low_load_channel_aware_adaptation_20260530_seed42\samples\base\substitution-mid\L1\1455-138263-0040.wav
lca,1455-138263-0040,1,substitution-mid,0.0,0.005,500,14.83,0.029209818691015244,0.04935115948319435,1.087589979171753,-9.195129230638239,0.32776641845703125,0.7707119146741956,1.2210086584091187,-3.2120623582868535,0.48270538449287415,0.0,237280,0.0,0.0026954177897574125,46091,output\experiments\exp3_low_load_channel_aware_adaptation_20260530_seed42\samples\original\1455-138263-0040.wav,output\experiments\exp3_low_load_channel_aware_adaptation_20260530_seed42\samples\lca\substitution-mid\L1\1455-138263-0040.wav
base,1455-138263-0040,2,clean,0.0,0.0,1000,14.83,0.024190565571188927,0.04283297061920166,0.9434542655944824,-3.3865031211583267,0.5606862902641296,0.8166732337491991,1.5344619750976562,-1.3702916173227435,0.5201448202133179,0.0,237280,0.0,0.0,47741,output\experiments\exp3_low_load_channel_aware_adaptation_20260530_seed42\samples\original\1455-138263-0040.wav,output\experiments\exp3_low_load_channel_aware_adaptation_20260530_seed42\samples\base\clean\L2\1455-138263-0040.wav
lca,1455-138263-0040,2,clean,0.0,0.0,1000,14.83,0.0242963545024395,0.042402297258377075,0.8785043358802795,-3.2652118544282906,0.5660564303398132,0.8361056984553686,1.5025930404663086,-1.4848267323622601,0.48456862568855286,0.0,237280,0.0,0.0,47741,output\experiments\exp3_low_load_channel_aware_adaptation_20260530_seed42\samples\original\1455-138263-0040.wav,output\experiments\exp3_low_load_channel_aware_adaptation_20260530_seed42\samples\lca\clean\L2\1455-138263-0040.wav
base,1455-138263-0040,2,dropout-low,0.01,0.0,1000,14.83,0.024332094937562943,0.04305016249418259,0.9511008858680725,-3.4772615335479475,0.5566707849502563,0.8140414380454711,1.5136948823928833,-1.353481359938096,0.5198712348937988,0.0,237280,0.008086253369272238,0.0,47531,output\experiments\exp3_low_load_channel_aware_adaptation_20260530_seed42\samples\original\1455-138263-0040.wav,output\experiments\exp3_low_load_channel_aware_adaptation_20260530_seed42\samples\base\dropout-low\L2\1455-138263-0040.wav
lca,1455-138263-0040,2,dropout-low,0.01,0.0,1000,14.83,0.024472946301102638,0.04269162937998772,0.8826557397842407,-3.398252010987247,0.5601663589477539,0.835430878469184,1.4957822561264038,-1.4770740901145478,0.4845640957355499,0.0,237280,0.008086253369272238,0.0,47531,output\experiments\exp3_low_load_channel_aware_adaptation_20260530_seed42\samples\original\1455-138263-0040.wav,output\experiments\exp3_low_load_channel_aware_adaptation_20260530_seed42\samples\lca\dropout-low\L2\1455-138263-0040.wav
base,1455-138263-0040,2,dropout-mid,0.03,0.0,1000,14.83,0.02458198182284832,0.04324151948094368,0.9607638120651245,-3.6023578794114246,0.551141083240509,0.8078873320716762,1.4471948146820068,-1.3958210460802873,0.5188298225402832,0.0,237280,0.027628032345013476,0.0,47262,output\experiments\exp3_low_load_channel_aware_adaptation_20260530_seed42\samples\original\1455-138263-0040.wav,output\experiments\exp3_low_load_channel_aware_adaptation_20260530_seed42\samples\base\dropout-mid\L2\1455-138263-0040.wav
lca,1455-138263-0040,2,dropout-mid,0.03,0.0,1000,14.83,0.024761749431490898,0.04301728680729866,0.8967915177345276,-3.6515987171758804,0.5489662289619446,0.827319656302684,1.461612343788147,-1.6057451400954716,0.4775131046772003,0.0,237280,0.027628032345013476,0.0,47262,output\experiments\exp3_low_load_channel_aware_adaptation_20260530_seed42\samples\original\1455-138263-0040.wav,output\experiments\exp3_low_load_channel_aware_adaptation_20260530_seed42\samples\lca\dropout-mid\L2\1455-138263-0040.wav
base,1455-138263-0040,2,substitution-low,0.0,0.001,1000,14.83,0.024180958047509193,0.04282546043395996,0.9437988996505737,-3.379947324622115,0.560976505279541,0.8172143332474132,1.5348930358886719,-1.3663910372077255,0.519853413105011,0.0,237280,0.0,0.0013477088948787063,46960,output\experiments\exp3_low_load_channel_aware_adaptation_20260530_seed42\samples\original\1455-138263-0040.wav,output\experiments\exp3_low_load_channel_aware_adaptation_20260530_seed42\samples\base\substitution-low\L2\1455-138263-0040.wav
lca,1455-138263-0040,2,substitution-low,0.0,0.001,1000,14.83,0.024325773119926453,0.042423900216817856,0.8801705241203308,-3.273237888813152,0.5657010078430176,0.8351839658126772,1.5015954971313477,-1.481662982312589,0.4849483072757721,0.0,237280,0.0,0.0013477088948787063,46960,output\experiments\exp3_low_load_channel_aware_adaptation_20260530_seed42\samples\original\1455-138263-0040.wav,output\experiments\exp3_low_load_channel_aware_adaptation_20260530_seed42\samples\lca\substitution-low\L2\1455-138263-0040.wav
base,1455-138263-0040,2,substitution-mid,0.0,0.005,1000,14.83,0.024311531335115433,0.04303182289004326,0.950742781162262,-3.467873414876572,0.5570861101150513,0.8140057027542766,1.517284870147705,-1.3526888092119707,0.5202175974845886,0.0,237280,0.0,0.004043126684636119,47091,output\experiments\exp3_low_load_channel_aware_adaptation_20260530_seed42\samples\original\1455-138263-0040.wav,output\experiments\exp3_low_load_channel_aware_adaptation_20260530_seed42\samples\base\substitution-mid\L2\1455-138263-0040.wav
lca,1455-138263-0040,2,substitution-mid,0.0,0.005,1000,14.83,0.02436726912856102,0.0425008125603199,0.8837530612945557,-3.323600292562659,0.5634709000587463,0.8348815684298618,1.5027010440826416,-1.5004419360355499,0.483490914106369,0.0,237280,0.0,0.004043126684636119,47091,output\experiments\exp3_low_load_channel_aware_adaptation_20260530_seed42\samples\original\1455-138263-0040.wav,output\experiments\exp3_low_load_channel_aware_adaptation_20260530_seed42\samples\lca\substitution-mid\L2\1455-138263-0040.wav
base,1455-138263-0040,3,clean,0.0,0.0,1500,14.83,0.02260851301252842,0.041276030242443085,0.8692589998245239,-2.259561336551009,0.6105621457099915,0.8459121495854109,1.715861201286316,-0.8233898780311772,0.5675107836723328,0.0,237280,0.0,0.0,48741,output\experiments\exp3_low_load_channel_aware_adaptation_20260530_seed42\samples\original\1455-138263-0040.wav,output\experiments\exp3_low_load_channel_aware_adaptation_20260530_seed42\samples\base\clean\L3\1455-138263-0040.wav
lca,1455-138263-0040,3,clean,0.0,0.0,1500,14.83,0.02206200547516346,0.039664752781391144,0.8080223798751831,-1.5917335385352844,0.6398316025733948,0.8598100718433989,1.7339253425598145,-0.8525553780678946,0.5614056587219238,0.0,237280,0.0,0.0,48741,output\experiments\exp3_low_load_channel_aware_adaptation_20260530_seed42\samples\original\1455-138263-0040.wav,output\experiments\exp3_low_load_channel_aware_adaptation_20260530_seed42\samples\lca\clean\L3\1455-138263-0040.wav
base,1455-138263-0040,3,dropout-low,0.01,0.0,1500,14.83,0.02308373525738716,0.04259419068694115,0.8836377859115601,-2.8248678690161055,0.5855665802955627,0.8414283564168521,1.6262916326522827,-0.8082308517409016,0.5901206135749817,0.0,237280,0.011230907457322551,0.0,48531,output\experiments\exp3_low_load_channel_aware_adaptation_20260530_seed42\samples\original\1455-138263-0040.wav,output\experiments\exp3_low_load_channel_aware_adaptation_20260530_seed42\samples\base\dropout-low\L3\1455-138263-0040.wav
lca,1455-138263-0040,3,dropout-low,0.01,0.0,1500,14.83,0.022517727687954903,0.040748801082372665,0.819560170173645,-2.1204480984432568,0.6166892647743225,0.8549326714236117,1.6602904796600342,-0.9418259592521461,0.5617207884788513,0.0,237280,0.011230907457322551,0.0,48531,output\experiments\exp3_low_load_channel_aware_adaptation_20260530_seed42\samples\original\1455-138263-0040.wav,output\experiments\exp3_low_load_channel_aware_adaptation_20260530_seed42\samples\lca\dropout-low\L3\1455-138263-0040.wav
base,1455-138263-0040,3,dropout-mid,0.03,0.0,1500,14.83,0.02345610223710537,0.04255655035376549,0.8941503167152405,-2.822851817254965,0.585655927658081,0.8321500278409715,1.6054716110229492,-0.825657075479872,0.5494943261146545,0.0,237280,0.029200359389038633,0.0,48262,output\experiments\exp3_low_load_channel_aware_adaptation_20260530_seed42\samples\original\1455-138263-0040.wav,output\experiments\exp3_low_load_channel_aware_adaptation_20260530_seed42\samples\base\dropout-mid\L3\1455-138263-0040.wav
lca,1455-138263-0040,3,dropout-mid,0.03,0.0,1500,14.83,0.023103632032871246,0.041173554956912994,0.8352698683738708,-2.2768732440779744,0.6097986698150635,0.8487889814105192,1.610031008720398,-0.9039561138244645,0.5469969511032104,0.0,237280,0.029200359389038633,0.0,48262,output\experiments\exp3_low_load_channel_aware_adaptation_20260530_seed42\samples\original\1455-138263-0040.wav,output\experiments\exp3_low_load_channel_aware_adaptation_20260530_seed42\samples\lca\dropout-mid\L3\1455-138263-0040.wav
base,1455-138263-0040,3,substitution-low,0.0,0.001,1500,14.83,0.022622380405664444,0.04127781465649605,0.8696385025978088,-2.259276585141065,0.6105745434761047,0.8468486492509187,1.7148979902267456,-0.8220336369490369,0.5674684047698975,0.0,237280,0.0,0.0008984725965858042,47960,output\experiments\exp3_low_load_channel_aware_adaptation_20260530_seed42\samples\original\1455-138263-0040.wav,output\experiments\exp3_low_load_channel_aware_adaptation_20260530_seed42\samples\base\substitution-low\L3\1455-138263-0040.wav
lca,1455-138263-0040,3,substitution-low,0.0,0.001,1500,14.83,0.022064190357923508,0.03965771570801735,0.8089679479598999,-1.591993634295505,0.6398202776908875,0.8597032820126977,1.7345138788223267,-0.857147371759769,0.5613120794296265,0.0,237280,0.0,0.0008984725965858042,47960,output\experiments\exp3_low_load_channel_aware_adaptation_20260530_seed42\samples\original\1455-138263-0040.wav,output\experiments\exp3_low_load_channel_aware_adaptation_20260530_seed42\samples\lca\substitution-low\L3\1455-138263-0040.wav
base,1455-138263-0040,3,substitution-mid,0.0,0.005,1500,14.83,0.022695884108543396,0.04145612567663193,0.8736765384674072,-2.367538820852893,0.6057981252670288,0.8442351224115325,1.7129673957824707,-0.8614230149638138,0.5675485730171204,0.0,237280,0.0,0.0071877807726864335,48091,output\experiments\exp3_low_load_channel_aware_adaptation_20260530_seed42\samples\original\1455-138263-0040.wav,output\experiments\exp3_low_load_channel_aware_adaptation_20260530_seed42\samples\base\substitution-mid\L3\1455-138263-0040.wav
lca,1455-138263-0040,3,substitution-mid,0.0,0.005,1500,14.83,0.0221304502338171,0.03974316641688347,0.8144083023071289,-1.653403867081615,0.6371464729309082,0.8564189523206966,1.7056498527526855,-0.8929052129889047,0.5611671209335327,0.0,237280,0.0,0.0071877807726864335,48091,output\experiments\exp3_low_load_channel_aware_adaptation_20260530_seed42\samples\original\1455-138263-0040.wav,output\experiments\exp3_low_load_channel_aware_adaptation_20260530_seed42\samples\lca\substitution-mid\L3\1455-138263-0040.wav
base,311-124404-0119,1,clean,0.0,0.0,500,6.175,0.019457921385765076,0.03414755314588547,1.1597135066986084,-10.413005475214387,0.28870323300361633,0.7504839009442246,1.1993967294692993,-3.2740188829483063,0.27581915259361267,0.0,98800,0.0,0.0,40784,output\experiments\exp3_low_load_channel_aware_adaptation_20260530_seed42\samples\original\311-124404-0119.wav,output\experiments\exp3_low_load_channel_aware_adaptation_20260530_seed42\samples\base\clean\L1\311-124404-0119.wav
lca,311-124404-0119,1,clean,0.0,0.0,500,6.175,0.018478961661458015,0.03221411630511284,1.0545591115951538,-7.351514690372491,0.39422670006752014,0.7741112113654924,1.1968053579330444,-2.753092197901979,0.376956045627594,0.0,98800,0.0,0.0,40784,output\experiments\exp3_low_load_channel_aware_adaptation_20260530_seed42\samples\original\311-124404-0119.wav,output\experiments\exp3_low_load_channel_aware_adaptation_20260530_seed42\samples\lca\clean\L1\311-124404-0119.wav
base,311-124404-0119,1,dropout-low,0.01,0.0,500,6.175,0.019520217552781105,0.03419598564505577,1.1636546850204468,-10.566441519085002,0.2840592563152313,0.7440761832446967,1.1928253173828125,-3.326770610101988,0.27615275979042053,0.0,98800,0.009708737864077669,0.0,40574,output\experiments\exp3_low_load_channel_aware_adaptation_20260530_seed42\samples\original\311-124404-0119.wav,output\experiments\exp3_low_load_channel_aware_adaptation_20260530_seed42\samples\base\dropout-low\L1\311-124404-0119.wav
lca,311-124404-0119,1,dropout-low,0.01,0.0,500,6.175,0.018529070541262627,0.03226080164313316,1.0577644109725952,-7.457815732108709,0.39016520977020264,0.7669142055292865,1.1906821727752686,-2.809058427338062,0.3768174946308136,0.0,98800,0.009708737864077669,0.0,40574,output\experiments\exp3_low_load_channel_aware_adaptation_20260530_seed42\samples\original\311-124404-0119.wav,output\experiments\exp3_low_load_channel_aware_adaptation_20260530_seed42\samples\lca\dropout-low\L1\311-124404-0119.wav
base,311-124404-0119,1,dropout-mid,0.03,0.0,500,6.175,0.01948436163365841,0.034369178116321564,1.1814897060394287,-10.768700364977521,0.2780320346355438,0.7409082778395307,1.192286729812622,-3.284095919803576,0.27381446957588196,0.0,98800,0.022653721682847898,0.0,40305,output\experiments\exp3_low_load_channel_aware_adaptation_20260530_seed42\samples\original\311-124404-0119.wav,output\experiments\exp3_low_load_channel_aware_adaptation_20260530_seed42\samples\base\dropout-mid\L1\311-124404-0119.wav
lca,311-124404-0119,1,dropout-mid,0.03,0.0,500,6.175,0.018451958894729614,0.032290972769260406,1.0675413608551025,-7.464828818130814,0.38989827036857605,0.7697410523556828,1.1938107013702393,-2.7838927306186156,0.37639546394348145,0.0,98800,0.022653721682847898,0.0,40305,output\experiments\exp3_low_load_channel_aware_adaptation_20260530_seed42\samples\original\311-124404-0119.wav,output\experiments\exp3_low_load_channel_aware_adaptation_20260530_seed42\samples\lca\dropout-mid\L1\311-124404-0119.wav
base,311-124404-0119,1,substitution-low,0.0,0.001,500,6.175,0.019457921385765076,0.03414755314588547,1.1597135066986084,-10.413005475214387,0.28870323300361633,0.7504839009442246,1.1993967294692993,-3.2740188829483063,0.27581915259361267,0.0,98800,0.0,0.0,40003,output\experiments\exp3_low_load_channel_aware_adaptation_20260530_seed42\samples\original\311-124404-0119.wav,output\experiments\exp3_low_load_channel_aware_adaptation_20260530_seed42\samples\base\substitution-low\L1\311-124404-0119.wav
lca,311-124404-0119,1,substitution-low,0.0,0.001,500,6.175,0.018478961661458015,0.03221411630511284,1.0545591115951538,-7.351514690372491,0.39422670006752014,0.7741112113654924,1.1968053579330444,-2.753092197901979,0.376956045627594,0.0,98800,0.0,0.0,40003,output\experiments\exp3_low_load_channel_aware_adaptation_20260530_seed42\samples\original\311-124404-0119.wav,output\experiments\exp3_low_load_channel_aware_adaptation_20260530_seed42\samples\lca\substitution-low\L1\311-124404-0119.wav
base,311-124404-0119,1,substitution-mid,0.0,0.005,500,6.175,0.01943601667881012,0.034124016761779785,1.1612764596939087,-10.387338000053,0.2894861400127411,0.7483868692690122,1.1923470497131348,-3.2805163625736187,0.27565810084342957,0.0,98800,0.0,0.003236245954692557,40134,output\experiments\exp3_low_load_channel_aware_adaptation_20260530_seed42\samples\original\311-124404-0119.wav,output\experiments\exp3_low_load_channel_aware_adaptation_20260530_seed42\samples\base\substitution-mid\L1\311-124404-0119.wav
lca,311-124404-0119,1,substitution-mid,0.0,0.005,500,6.175,0.018457168713212013,0.03217368945479393,1.0560675859451294,-7.32450439622216,0.3952629268169403,0.7721202709191104,1.186346173286438,-2.769054664243818,0.376956045627594,0.0,98800,0.0,0.003236245954692557,40134,output\experiments\exp3_low_load_channel_aware_adaptation_20260530_seed42\samples\original\311-124404-0119.wav,output\experiments\exp3_low_load_channel_aware_adaptation_20260530_seed42\samples\lca\substitution-mid\L1\311-124404-0119.wav
base,311-124404-0119,2,clean,0.0,0.0,1000,6.175,0.014951261691749096,0.026818985119462013,0.9290744662284851,-1.9707342160401475,0.6232678890228271,0.8234446580032374,1.2910315990447998,-1.4159976790001179,0.4202136695384979,0.0,98800,0.0,0.0,41784,output\experiments\exp3_low_load_channel_aware_adaptation_20260530_seed42\samples\original\311-124404-0119.wav,output\experiments\exp3_low_load_channel_aware_adaptation_20260530_seed42\samples\base\clean\L2\311-124404-0119.wav
lca,311-124404-0119,2,clean,0.0,0.0,1000,6.175,0.014975535683333874,0.025781095027923584,0.8408094048500061,-1.0432715645867272,0.6634995341300964,0.8392479067828664,1.356234073638916,-0.9844657851663605,0.37502655386924744,0.0,98800,0.0,0.0,41784,output\experiments\exp3_low_load_channel_aware_adaptation_20260530_seed42\samples\original\311-124404-0119.wav,output\experiments\exp3_low_load_channel_aware_adaptation_20260530_seed42\samples\lca\clean\L2\311-124404-0119.wav
base,311-124404-0119,2,dropout-low,0.01,0.0,1000,6.175,0.014914493076503277,0.026774857193231583,0.9389707446098328,-1.9580753427594964,0.6238232254981995,0.8222816217016299,1.2819592952728271,-1.4441656993299419,0.41892093420028687,0.0,98800,0.008090614886731391,0.0,41574,output\experiments\exp3_low_load_channel_aware_adaptation_20260530_seed42\samples\original\311-124404-0119.wav,output\experiments\exp3_low_load_channel_aware_adaptation_20260530_seed42\samples\base\dropout-low\L2\311-124404-0119.wav
lca,311-124404-0119,2,dropout-low,0.01,0.0,1000,6.175,0.015029036439955235,0.025825969874858856,0.846005916595459,-1.0722799140168633,0.6622583866119385,0.839750835773115,1.3511886596679688,-0.9863284526047102,0.37499141693115234,0.0,98800,0.008090614886731391,0.0,41574,output\experiments\exp3_low_load_channel_aware_adaptation_20260530_seed42\samples\original\311-124404-0119.wav,output\experiments\exp3_low_load_channel_aware_adaptation_20260530_seed42\samples\lca\dropout-low\L2\311-124404-0119.wav
base,311-124404-0119,2,dropout-mid,0.03,0.0,1000,6.175,0.015132240019738674,0.027102511376142502,0.9543378353118896,-2.181290753014867,0.6140109896659851,0.8174032390139553,1.2621537446975708,-1.4520002287346567,0.4218504726886749,0.0,98800,0.021035598705501618,0.0,41305,output\experiments\exp3_low_load_channel_aware_adaptation_20260530_seed42\samples\original\311-124404-0119.wav,output\experiments\exp3_low_load_channel_aware_adaptation_20260530_seed42\samples\base\dropout-mid\L2\311-124404-0119.wav
lca,311-124404-0119,2,dropout-mid,0.03,0.0,1000,6.175,0.01534577552229166,0.02644352801144123,0.8632224798202515,-1.4177362618545606,0.6473836898803711,0.8325950188946643,1.3280953168869019,-0.9246453471127263,0.37782785296440125,0.0,98800,0.021035598705501618,0.0,41305,output\experiments\exp3_low_load_channel_aware_adaptation_20260530_seed42\samples\original\311-124404-0119.wav,output\experiments\exp3_low_load_channel_aware_adaptation_20260530_seed42\samples\lca\dropout-mid\L2\311-124404-0119.wav
base,311-124404-0119,2,substitution-low,0.0,0.001,1000,6.175,0.014951261691749096,0.026818985119462013,0.9290744662284851,-1.9707342160401475,0.6232678890228271,0.8234446580032374,1.2910315990447998,-1.4159976790001179,0.4202136695384979,0.0,98800,0.0,0.0,41003,output\experiments\exp3_low_load_channel_aware_adaptation_20260530_seed42\samples\original\311-124404-0119.wav,output\experiments\exp3_low_load_channel_aware_adaptation_20260530_seed42\samples\base\substitution-low\L2\311-124404-0119.wav
lca,311-124404-0119,2,substitution-low,0.0,0.001,1000,6.175,0.014975535683333874,0.025781095027923584,0.8408094048500061,-1.0432715645867272,0.6634995341300964,0.8392479067828664,1.356234073638916,-0.9844657851663605,0.37502655386924744,0.0,98800,0.0,0.0,41003,output\experiments\exp3_low_load_channel_aware_adaptation_20260530_seed42\samples\original\311-124404-0119.wav,output\experiments\exp3_low_load_channel_aware_adaptation_20260530_seed42\samples\lca\substitution-low\L2\311-124404-0119.wav
base,311-124404-0119,2,substitution-mid,0.0,0.005,1000,6.175,0.014961060136556625,0.02683791145682335,0.9299094080924988,-1.9867520012812268,0.6225648522377014,0.8242489536682356,1.2907146215438843,-1.4218167189430355,0.4204447865486145,0.0,98800,0.0,0.0016181229773462784,41134,output\experiments\exp3_low_load_channel_aware_adaptation_20260530_seed42\samples\original\311-124404-0119.wav,output\experiments\exp3_low_load_channel_aware_adaptation_20260530_seed42\samples\base\substitution-mid\L2\311-124404-0119.wav
lca,311-124404-0119,2,substitution-mid,0.0,0.005,1000,6.175,0.015007568523287773,0.025830179452896118,0.841421902179718,-1.0681518632436617,0.6624351143836975,0.8397908997663902,1.3502733707427979,-0.9753925082380764,0.37502655386924744,0.0,98800,0.0,0.0016181229773462784,41134,output\experiments\exp3_low_load_channel_aware_adaptation_20260530_seed42\samples\original\311-124404-0119.wav,output\experiments\exp3_low_load_channel_aware_adaptation_20260530_seed42\samples\lca\substitution-mid\L2\311-124404-0119.wav
base,311-124404-0119,3,clean,0.0,0.0,1500,6.175,0.013260569423437119,0.02375612035393715,0.8641102910041809,0.4303695015885817,0.7243989706039429,0.8520600080450604,1.3955070972442627,-0.5750963633683678,0.3621494472026825,0.0,98800,0.0,0.0,42784,output\experiments\exp3_low_load_channel_aware_adaptation_20260530_seed42\samples\original\311-124404-0119.wav,output\experiments\exp3_low_load_channel_aware_adaptation_20260530_seed42\samples\base\clean\L3\311-124404-0119.wav
lca,311-124404-0119,3,clean,0.0,0.0,1500,6.175,0.013467495329678059,0.023471573367714882,0.7862817049026489,0.786838643698752,0.7383565306663513,0.8671423906751253,1.5292141437530518,-0.2832934584963457,0.3839174211025238,0.0,98800,0.0,0.0,42784,output\experiments\exp3_low_load_channel_aware_adaptation_20260530_seed42\samples\original\311-124404-0119.wav,output\experiments\exp3_low_load_channel_aware_adaptation_20260530_seed42\samples\lca\clean\L3\311-124404-0119.wav
base,311-124404-0119,3,dropout-low,0.01,0.0,1500,6.175,0.013292206451296806,0.023820718750357628,0.8746875524520874,0.38769723398456624,0.7227052450180054,0.8505074352790327,1.3899356126785278,-0.5824855614182869,0.3622753620147705,0.0,98800,0.003236245954692557,0.0,42574,output\experiments\exp3_low_load_channel_aware_adaptation_20260530_seed42\samples\original\311-124404-0119.wav,output\experiments\exp3_low_load_channel_aware_adaptation_20260530_seed42\samples\base\dropout-low\L3\311-124404-0119.wav
lca,311-124404-0119,3,dropout-low,0.01,0.0,1500,6.175,0.013554142788052559,0.023644505068659782,0.7966868877410889,0.6906234026596482,0.7346236705780029,0.8661829996249056,1.5251648426055908,-0.27793198540971076,0.38394695520401,0.0,98800,0.003236245954692557,0.0,42574,output\experiments\exp3_low_load_channel_aware_adaptation_20260530_seed42\samples\original\311-124404-0119.wav,output\experiments\exp3_low_load_channel_aware_adaptation_20260530_seed42\samples\lca\dropout-low\L3\311-124404-0119.wav
base,311-124404-0119,3,dropout-mid,0.03,0.0,1500,6.175,0.013711120001971722,0.025010036304593086,0.8897143006324768,-0.4338152030203288,0.6892374753952026,0.8418253421940007,1.3686922788619995,-0.7628711285986525,0.3826419413089752,0.0,98800,0.02912621359223301,0.0,42305,output\experiments\exp3_low_load_channel_aware_adaptation_20260530_seed42\samples\original\311-124404-0119.wav,output\experiments\exp3_low_load_channel_aware_adaptation_20260530_seed42\samples\base\dropout-mid\L3\311-124404-0119.wav
lca,311-124404-0119,3,dropout-mid,0.03,0.0,1500,6.175,0.013825871050357819,0.024248141795396805,0.8151503801345825,0.2868708111048008,0.7186846137046814,0.8528106745272366,1.443347454071045,-0.3559822498049978,0.3835687041282654,0.0,98800,0.02912621359223301,0.0,42305,output\experiments\exp3_low_load_channel_aware_adaptation_20260530_seed42\samples\original\311-124404-0119.wav,output\experiments\exp3_low_load_channel_aware_adaptation_20260530_seed42\samples\lca\dropout-mid\L3\311-124404-0119.wav
base,311-124404-0119,3,substitution-low,0.0,0.001,1500,6.175,0.013260569423437119,0.02375612035393715,0.8641102910041809,0.4303695015885817,0.7243989706039429,0.8520600080450604,1.3955070972442627,-0.5750963633683678,0.3621494472026825,0.0,98800,0.0,0.0,42003,output\experiments\exp3_low_load_channel_aware_adaptation_20260530_seed42\samples\original\311-124404-0119.wav,output\experiments\exp3_low_load_channel_aware_adaptation_20260530_seed42\samples\base\substitution-low\L3\311-124404-0119.wav
lca,311-124404-0119,3,substitution-low,0.0,0.001,1500,6.175,0.013467495329678059,0.023471573367714882,0.7862817049026489,0.786838643698752,0.7383565306663513,0.8671423906751253,1.5292141437530518,-0.2832934584963457,0.3839174211025238,0.0,98800,0.0,0.0,42003,output\experiments\exp3_low_load_channel_aware_adaptation_20260530_seed42\samples\original\311-124404-0119.wav,output\experiments\exp3_low_load_channel_aware_adaptation_20260530_seed42\samples\lca\substitution-low\L3\311-124404-0119.wav
base,311-124404-0119,3,substitution-mid,0.0,0.005,1500,6.175,0.013322991319000721,0.023826461285352707,0.8733571767807007,0.38372842078534647,0.7225474119186401,0.8515619494770436,1.394938588142395,-0.5833836545071541,0.36242035031318665,0.0,98800,0.0,0.006472491909385114,42134,output\experiments\exp3_low_load_channel_aware_adaptation_20260530_seed42\samples\original\311-124404-0119.wav,output\experiments\exp3_low_load_channel_aware_adaptation_20260530_seed42\samples\base\substitution-mid\L3\311-124404-0119.wav
lca,311-124404-0119,3,substitution-mid,0.0,0.005,1500,6.175,0.013750064186751842,0.023882390931248665,0.8010393381118774,0.5992031422976386,0.7310528755187988,0.8659902874377763,1.5157420635223389,-0.21368401320124641,0.3840702176094055,0.0,98800,0.0,0.006472491909385114,42134,output\experiments\exp3_low_load_channel_aware_adaptation_20260530_seed42\samples\original\311-124404-0119.wav,output\experiments\exp3_low_load_channel_aware_adaptation_20260530_seed42\samples\lca\substitution-mid\L3\311-124404-0119.wav
base,4680-16026-0019,1,clean,0.0,0.0,500,2.34,0.028103182092308998,0.05238576605916023,1.1014035940170288,-0.23030083768950135,0.6976718306541443,0.8730079649642002,1.8172810077667236,-3.592846338372918,0.3433854579925537,0.0,37440,0.0,0.0,18259,output\experiments\exp3_low_load_channel_aware_adaptation_20260530_seed42\samples\original\4680-16026-0019.wav,output\experiments\exp3_low_load_channel_aware_adaptation_20260530_seed42\samples\base\clean\L1\4680-16026-0019.wav
lca,4680-16026-0019,1,clean,0.0,0.0,500,2.34,0.026202963665127754,0.04921836033463478,1.0943535566329956,0.8890759744205228,0.7422946095466614,0.8842365180162979,1.9195421934127808,-3.479623767777805,0.2679971158504486,0.0,37440,0.0,0.0,18259,output\experiments\exp3_low_load_channel_aware_adaptation_20260530_seed42\samples\original\4680-16026-0019.wav,output\experiments\exp3_low_load_channel_aware_adaptation_20260530_seed42\samples\lca\clean\L1\4680-16026-0019.wav
base,4680-16026-0019,1,dropout-low,0.01,0.0,500,2.34,0.028847062960267067,0.05505073070526123,1.1057430505752563,-1.1857628495752128,0.6573910117149353,0.8701053864980149,1.836486577987671,-3.373197639593078,0.40095189213752747,0.0,37440,0.008547008547008548,0.0,18049,output\experiments\exp3_low_load_channel_aware_adaptation_20260530_seed42\samples\original\4680-16026-0019.wav,output\experiments\exp3_low_load_channel_aware_adaptation_20260530_seed42\samples\base\dropout-low\L1\4680-16026-0019.wav
lca,4680-16026-0019,1,dropout-low,0.01,0.0,500,2.34,0.026773404330015182,0.051467761397361755,1.0880283117294312,0.07725581226203435,0.7102444171905518,0.8836877683497559,1.9004851579666138,-3.3974139735593227,0.30353838205337524,0.0,37440,0.008547008547008548,0.0,18049,output\experiments\exp3_low_load_channel_aware_adaptation_20260530_seed42\samples\original\4680-16026-0019.wav,output\experiments\exp3_low_load_channel_aware_adaptation_20260530_seed42\samples\lca\dropout-low\L1\4680-16026-0019.wav
base,4680-16026-0019,1,dropout-mid,0.03,0.0,500,2.34,0.02823476307094097,0.05253896862268448,1.1058577299118042,-0.2650014420203839,0.6962398886680603,0.8739737805383077,1.833458662033081,-3.771086587522225,0.3470720052719116,0.0,37440,0.03418803418803419,0.0,17780,output\experiments\exp3_low_load_channel_aware_adaptation_20260530_seed42\samples\original\4680-16026-0019.wav,output\experiments\exp3_low_load_channel_aware_adaptation_20260530_seed42\samples\base\dropout-mid\L1\4680-16026-0019.wav
lca,4680-16026-0019,1,dropout-mid,0.03,0.0,500,2.34,0.02654372900724411,0.049772027879953384,1.0701061487197876,0.7244503108865902,0.735939085483551,0.885979753162944,1.9286034107208252,-3.6394416375405143,0.2849103510379791,0.0,37440,0.03418803418803419,0.0,17780,output\experiments\exp3_low_load_channel_aware_adaptation_20260530_seed42\samples\original\4680-16026-0019.wav,output\experiments\exp3_low_load_channel_aware_adaptation_20260530_seed42\samples\lca\dropout-mid\L1\4680-16026-0019.wav
base,4680-16026-0019,1,substitution-low,0.0,0.001,500,2.34,0.028684254735708237,0.053114987909793854,1.1258450746536255,-0.49993966101577914,0.6864786744117737,0.8589999691965987,1.6377904415130615,-3.474071029636683,0.3433854579925537,0.0,37440,0.0,0.008547008547008548,17478,output\experiments\exp3_low_load_channel_aware_adaptation_20260530_seed42\samples\original\4680-16026-0019.wav,output\experiments\exp3_low_load_channel_aware_adaptation_20260530_seed42\samples\base\substitution-low\L1\4680-16026-0019.wav
lca,4680-16026-0019,1,substitution-low,0.0,0.001,500,2.34,0.0266659427434206,0.04985843971371651,1.1132513284683228,0.6437662658935541,0.7327963709831238,0.8731045862539888,1.7567979097366333,-3.3889342073532487,0.33053481578826904,0.0,37440,0.0,0.008547008547008548,17478,output\experiments\exp3_low_load_channel_aware_adaptation_20260530_seed42\samples\original\4680-16026-0019.wav,output\experiments\exp3_low_load_channel_aware_adaptation_20260530_seed42\samples\lca\substitution-low\L1\4680-16026-0019.wav
base,4680-16026-0019,1,substitution-mid,0.0,0.005,500,2.34,0.028124697506427765,0.05240024998784065,1.1126899719238281,-0.2354479031289276,0.6974595785140991,0.8694406149184307,1.7241015434265137,-3.59358078491856,0.3433854579925537,0.0,37440,0.0,0.008547008547008548,17609,output\experiments\exp3_low_load_channel_aware_adaptation_20260530_seed42\samples\original\4680-16026-0019.wav,output\experiments\exp3_low_load_channel_aware_adaptation_20260530_seed42\samples\base\substitution-mid\L1\4680-16026-0019.wav
lca,4680-16026-0019,1,substitution-mid,0.0,0.005,500,2.34,0.02621215209364891,0.04921320825815201,1.1067739725112915,0.8917271167130634,0.742396354675293,0.8796063828488363,1.8212659358978271,-3.4832907322164735,0.2679971158504486,0.0,37440,0.0,0.008547008547008548,17609,output\experiments\exp3_low_load_channel_aware_adaptation_20260530_seed42\samples\original\4680-16026-0019.wav,output\experiments\exp3_low_load_channel_aware_adaptation_20260530_seed42\samples\lca\substitution-mid\L1\4680-16026-0019.wav
base,4680-16026-0019,2,clean,0.0,0.0,1000,2.34,0.02168429084122181,0.039674852043390274,0.9112644195556641,3.780676840363946,0.8395574688911438,0.9018983199207821,2.552177667617798,-1.4762696349899258,0.45510491728782654,0.0,37440,0.0,0.0,19259,output\experiments\exp3_low_load_channel_aware_adaptation_20260530_seed42\samples\original\4680-16026-0019.wav,output\experiments\exp3_low_load_channel_aware_adaptation_20260530_seed42\samples\base\clean\L2\4680-16026-0019.wav
lca,4680-16026-0019,2,clean,0.0,0.0,1000,2.34,0.020900936797261238,0.03869648650288582,0.9025837182998657,4.162284253323827,0.8501774072647095,0.9255326070097752,2.5651144981384277,-2.044162230608047,0.407067209482193,0.0,37440,0.0,0.0,19259,output\experiments\exp3_low_load_channel_aware_adaptation_20260530_seed42\samples\original\4680-16026-0019.wav,output\experiments\exp3_low_load_channel_aware_adaptation_20260530_seed42\samples\lca\clean\L2\4680-16026-0019.wav
base,4680-16026-0019,2,dropout-low,0.01,0.0,1000,2.34,0.022139402106404305,0.04045642912387848,0.9274957180023193,3.5396115556308985,0.8325739502906799,0.9015552557173128,2.1421029567718506,-1.4967145070977517,0.45750078558921814,0.0,37440,0.017094017094017096,0.0,19049,output\experiments\exp3_low_load_channel_aware_adaptation_20260530_seed42\samples\original\4680-16026-0019.wav,output\experiments\exp3_low_load_channel_aware_adaptation_20260530_seed42\samples\base\dropout-low\L2\4680-16026-0019.wav
lca,4680-16026-0019,2,dropout-low,0.01,0.0,1000,2.34,0.02191217616200447,0.04012959450483322,0.9263437986373901,3.6801202901669274,0.8366701602935791,0.9117599487611591,2.074131965637207,-2.024015425788633,0.4072299897670746,0.0,37440,0.017094017094017096,0.0,19049,output\experiments\exp3_low_load_channel_aware_adaptation_20260530_seed42\samples\original\4680-16026-0019.wav,output\experiments\exp3_low_load_channel_aware_adaptation_20260530_seed42\samples\lca\dropout-low\L2\4680-16026-0019.wav
base,4680-16026-0019,2,dropout-mid,0.03,0.0,1000,2.34,0.02225443534553051,0.040313754230737686,0.9162558913230896,3.5833142918040988,0.8338557481765747,0.9010964328480802,2.5155136585235596,-1.4986508613726188,0.4555419683456421,0.0,37440,0.017094017094017096,0.0,18780,output\experiments\exp3_low_load_channel_aware_adaptation_20260530_seed42\samples\original\4680-16026-0019.wav,output\experiments\exp3_low_load_channel_aware_adaptation_20260530_seed42\samples\base\dropout-mid\L2\4680-16026-0019.wav
lca,4680-16026-0019,2,dropout-mid,0.03,0.0,1000,2.34,0.02132255770266056,0.03921114280819893,0.9086706042289734,3.994287410156909,0.8455677032470703,0.9245058721290773,2.531006097793579,-2.0668738278923855,0.40691685676574707,0.0,37440,0.017094017094017096,0.0,18780,output\experiments\exp3_low_load_channel_aware_adaptation_20260530_seed42\samples\original\4680-16026-0019.wav,output\experiments\exp3_low_load_channel_aware_adaptation_20260530_seed42\samples\lca\dropout-mid\L2\4680-16026-0019.wav
base,4680-16026-0019,2,substitution-low,0.0,0.001,1000,2.34,0.02168429084122181,0.039674852043390274,0.9112644195556641,3.780676840363946,0.8395574688911438,0.9018983199207821,2.552177667617798,-1.4762696349899258,0.45510491728782654,0.0,37440,0.0,0.0,18478,output\experiments\exp3_low_load_channel_aware_adaptation_20260530_seed42\samples\original\4680-16026-0019.wav,output\experiments\exp3_low_load_channel_aware_adaptation_20260530_seed42\samples\base\substitution-low\L2\4680-16026-0019.wav
lca,4680-16026-0019,2,substitution-low,0.0,0.001,1000,2.34,0.020900936797261238,0.03869648650288582,0.9025837182998657,4.162284253323827,0.8501774072647095,0.9255326070097752,2.5651144981384277,-2.044162230608047,0.407067209482193,0.0,37440,0.0,0.0,18478,output\experiments\exp3_low_load_channel_aware_adaptation_20260530_seed42\samples\original\4680-16026-0019.wav,output\experiments\exp3_low_load_channel_aware_adaptation_20260530_seed42\samples\lca\substitution-low\L2\4680-16026-0019.wav
base,4680-16026-0019,2,substitution-mid,0.0,0.005,1000,2.34,0.023315489292144775,0.047632113099098206,0.9315338730812073,1.3835887433482013,0.7609066963195801,0.8988828094314983,2.0254571437835693,-1.6466848958398026,0.433702290058136,0.0,37440,0.0,0.008547008547008548,18609,output\experiments\exp3_low_load_channel_aware_adaptation_20260530_seed42\samples\original\4680-16026-0019.wav,output\experiments\exp3_low_load_channel_aware_adaptation_20260530_seed42\samples\base\substitution-mid\L2\4680-16026-0019.wav
lca,4680-16026-0019,2,substitution-mid,0.0,0.005,1000,2.34,0.022139789536595345,0.04579957574605942,0.9159225225448608,1.8838497577916349,0.7789570093154907,0.922484163668225,2.3308265209198,-2.059195788733557,0.39588791131973267,0.0,37440,0.0,0.008547008547008548,18609,output\experiments\exp3_low_load_channel_aware_adaptation_20260530_seed42\samples\original\4680-16026-0019.wav,output\experiments\exp3_low_load_channel_aware_adaptation_20260530_seed42\samples\lca\substitution-mid\L2\4680-16026-0019.wav
base,4680-16026-0019,3,clean,0.0,0.0,1500,2.34,0.017694570124149323,0.031992264091968536,0.8658151626586914,6.25208338972943,0.8991062045097351,0.9253200860320054,2.8424816131591797,-0.755141948984632,0.5153460502624512,0.0,37440,0.0,0.0,20259,output\experiments\exp3_low_load_channel_aware_adaptation_20260530_seed42\samples\original\4680-16026-0019.wav,output\experiments\exp3_low_load_channel_aware_adaptation_20260530_seed42\samples\base\clean\L3\4680-16026-0019.wav
lca,4680-16026-0019,3,clean,0.0,0.0,1500,2.34,0.017915869131684303,0.03311983868479729,0.8243815302848816,5.87133889094093,0.8913159966468811,0.9286716934190801,2.8875579833984375,-1.1113429545072393,0.4298759996891022,0.0,37440,0.0,0.0,20259,output\experiments\exp3_low_load_channel_aware_adaptation_20260530_seed42\samples\original\4680-16026-0019.wav,output\experiments\exp3_low_load_channel_aware_adaptation_20260530_seed42\samples\lca\clean\L3\4680-16026-0019.wav
base,4680-16026-0019,3,dropout-low,0.01,0.0,1500,2.34,0.01832451857626438,0.034948959946632385,0.8645808100700378,5.3426106104009055,0.8796876072883606,0.9244647474551455,2.825147867202759,-0.5988708669988018,0.5382118225097656,0.0,37440,0.014245014245014245,0.0,20049,output\experiments\exp3_low_load_channel_aware_adaptation_20260530_seed42\samples\original\4680-16026-0019.wav,output\experiments\exp3_low_load_channel_aware_adaptation_20260530_seed42\samples\base\dropout-low\L3\4680-16026-0019.wav
lca,4680-16026-0019,3,dropout-low,0.01,0.0,1500,2.34,0.01821710728108883,0.03395187854766846,0.8234313726425171,5.595215099922114,0.8853627443313599,0.9296047343080468,2.8747427463531494,-1.098818239594041,0.4336335062980652,0.0,37440,0.014245014245014245,0.0,20049,output\experiments\exp3_low_load_channel_aware_adaptation_20260530_seed42\samples\original\4680-16026-0019.wav,output\experiments\exp3_low_load_channel_aware_adaptation_20260530_seed42\samples\lca\dropout-low\L3\4680-16026-0019.wav
base,4680-16026-0019,3,dropout-mid,0.03,0.0,1500,2.34,0.01991148851811886,0.03717953339219093,0.9126847386360168,4.606565426371237,0.8618727326393127,0.9014204615393799,1.9303359985351562,-0.8490938272278388,0.515613317489624,0.0,37440,0.03418803418803419,0.0,19780,output\experiments\exp3_low_load_channel_aware_adaptation_20260530_seed42\samples\original\4680-16026-0019.wav,output\experiments\exp3_low_load_channel_aware_adaptation_20260530_seed42\samples\base\dropout-mid\L3\4680-16026-0019.wav
lca,4680-16026-0019,3,dropout-mid,0.03,0.0,1500,2.34,0.019580768421292305,0.03591305390000343,0.8530133962631226,4.962400830727104,0.8707256317138672,0.9062382288794526,2.153560161590576,-1.178058103780884,0.4300013780593872,0.0,37440,0.03418803418803419,0.0,19780,output\experiments\exp3_low_load_channel_aware_adaptation_20260530_seed42\samples\original\4680-16026-0019.wav,output\experiments\exp3_low_load_channel_aware_adaptation_20260530_seed42\samples\lca\dropout-mid\L3\4680-16026-0019.wav
base,4680-16026-0019,3,substitution-low,0.0,0.001,1500,2.34,0.017698103561997414,0.031992603093385696,0.8794316053390503,6.251970806010597,0.8991039395332336,0.9253196859982775,2.8196794986724854,-0.7551342156670207,0.5153460502624512,0.0,37440,0.0,0.002849002849002849,19478,output\experiments\exp3_low_load_channel_aware_adaptation_20260530_seed42\samples\original\4680-16026-0019.wav,output\experiments\exp3_low_load_channel_aware_adaptation_20260530_seed42\samples\base\substitution-low\L3\4680-16026-0019.wav
lca,4680-16026-0019,3,substitution-low,0.0,0.001,1500,2.34,0.01792018860578537,0.03312048316001892,0.8288645148277283,5.871122846903143,0.8913114070892334,0.9286702271099997,2.8815927505493164,-1.111326840420998,0.4298759996891022,0.0,37440,0.0,0.002849002849002849,19478,output\experiments\exp3_low_load_channel_aware_adaptation_20260530_seed42\samples\original\4680-16026-0019.wav,output\experiments\exp3_low_load_channel_aware_adaptation_20260530_seed42\samples\lca\substitution-low\L3\4680-16026-0019.wav
base,4680-16026-0019,3,substitution-mid,0.0,0.005,1500,2.34,0.017850499600172043,0.032132066786289215,0.8694021701812744,6.205906815956256,0.8981868028640747,0.9243736941584175,2.8257734775543213,-0.7563087921705968,0.5153460502624512,0.0,37440,0.0,0.002849002849002849,19609,output\experiments\exp3_low_load_channel_aware_adaptation_20260530_seed42\samples\original\4680-16026-0019.wav,output\experiments\exp3_low_load_channel_aware_adaptation_20260530_seed42\samples\base\substitution-mid\L3\4680-16026-0019.wav
lca,4680-16026-0019,3,substitution-mid,0.0,0.005,1500,2.34,0.018030233681201935,0.03330906480550766,0.8274770379066467,5.809630228695937,0.8900080323219299,0.92725091416133,2.846430778503418,-1.1354195389750419,0.4298759996891022,0.0,37440,0.0,0.002849002849002849,19609,output\experiments\exp3_low_load_channel_aware_adaptation_20260530_seed42\samples\original\4680-16026-0019.wav,output\experiments\exp3_low_load_channel_aware_adaptation_20260530_seed42\samples\lca\substitution-mid\L3\4680-16026-0019.wav
base,8098-278278-0035,1,clean,0.0,0.0,500,15.1,0.052503980696201324,0.0867239385843277,1.1833266019821167,-11.84664119981331,0.24769601225852966,0.7960956489968182,1.2618144750595093,-3.8770611282896965,0.35362571477890015,0.0,241600,0.0,0.0,51735,output\experiments\exp3_low_load_channel_aware_adaptation_20260530_seed42\samples\original\8098-278278-0035.wav,output\experiments\exp3_low_load_channel_aware_adaptation_20260530_seed42\samples\base\clean\L1\8098-278278-0035.wav
lca,8098-278278-0035,1,clean,0.0,0.0,500,15.1,0.0514010451734066,0.08478884398937225,1.1987360715866089,-10.840959908908534,0.2759046256542206,0.8105034634819438,1.2875170707702637,-4.111499453749853,0.42700836062431335,0.0,241600,0.0,0.0,51735,output\experiments\exp3_low_load_channel_aware_adaptation_20260530_seed42\samples\original\8098-278278-0035.wav,output\experiments\exp3_low_load_channel_aware_adaptation_20260530_seed42\samples\lca\clean\L1\8098-278278-0035.wav
base,8098-278278-0035,1,dropout-low,0.01,0.0,500,15.1,0.05253072455525398,0.08686501532793045,1.1851506233215332,-11.887408605300678,0.24660685658454895,0.7947068357197213,1.2579158544540405,-3.8399464946120694,0.3527017831802368,0.0,241600,0.003973509933774834,0.0,51525,output\experiments\exp3_low_load_channel_aware_adaptation_20260530_seed42\samples\original\8098-278278-0035.wav,output\experiments\exp3_low_load_channel_aware_adaptation_20260530_seed42\samples\base\dropout-low\L1\8098-278278-0035.wav
lca,8098-278278-0035,1,dropout-low,0.01,0.0,500,15.1,0.05139049142599106,0.08477167785167694,1.1983717679977417,-10.83001825752201,0.27622589468955994,0.8102766756178227,1.2876980304718018,-4.111952114742376,0.42723745107650757,0.0,241600,0.003973509933774834,0.0,51525,output\experiments\exp3_low_load_channel_aware_adaptation_20260530_seed42\samples\original\8098-278278-0035.wav,output\experiments\exp3_low_load_channel_aware_adaptation_20260530_seed42\samples\lca\dropout-low\L1\8098-278278-0035.wav
base,8098-278278-0035,1,dropout-mid,0.03,0.0,500,15.1,0.053132008761167526,0.08777912706136703,1.1921751499176025,-12.442166769707622,0.23219704627990723,0.789666729093591,1.237658143043518,-3.763962541037378,0.38856178522109985,0.0,241600,0.030463576158940398,0.0,51256,output\experiments\exp3_low_load_channel_aware_adaptation_20260530_seed42\samples\original\8098-278278-0035.wav,output\experiments\exp3_low_load_channel_aware_adaptation_20260530_seed42\samples\base\dropout-mid\L1\8098-278278-0035.wav
lca,8098-278278-0035,1,dropout-mid,0.03,0.0,500,15.1,0.05149022862315178,0.08503063768148422,1.2149425745010376,-10.954012665045873,0.2726035416126251,0.8009298918397888,1.2435286045074463,-4.0748459510185615,0.4511418342590332,0.0,241600,0.030463576158940398,0.0,51256,output\experiments\exp3_low_load_channel_aware_adaptation_20260530_seed42\samples\original\8098-278278-0035.wav,output\experiments\exp3_low_load_channel_aware_adaptation_20260530_seed42\samples\lca\dropout-mid\L1\8098-278278-0035.wav
base,8098-278278-0035,1,substitution-low,0.0,0.001,500,15.1,0.05269818380475044,0.087104931473732,1.18781578540802,-12.163247267673388,0.2393466830253601,0.7920439357795603,1.2501999139785767,-3.895152894798567,0.35250499844551086,0.0,241600,0.0,0.0013245033112582781,50954,output\experiments\exp3_low_load_channel_aware_adaptation_20260530_seed42\samples\original\8098-278278-0035.wav,output\experiments\exp3_low_load_channel_aware_adaptation_20260530_seed42\samples\base\substitution-low\L1\8098-278278-0035.wav
lca,8098-278278-0035,1,substitution-low,0.0,0.001,500,15.1,0.05150216445326805,0.08497608453035355,1.2052136659622192,-11.011362534395914,0.27094167470932007,0.8065732807551588,1.2787269353866577,-4.142530297073706,0.4266868233680725,0.0,241600,0.0,0.0013245033112582781,50954,output\experiments\exp3_low_load_channel_aware_adaptation_20260530_seed42\samples\original\8098-278278-0035.wav,output\experiments\exp3_low_load_channel_aware_adaptation_20260530_seed42\samples\lca\substitution-low\L1\8098-278278-0035.wav
base,8098-278278-0035,1,substitution-mid,0.0,0.005,500,15.1,0.05270111933350563,0.08716657757759094,1.1943250894546509,-12.165912507977954,0.2392774522304535,0.7918612699109566,1.254333257675171,-3.8701910471209207,0.3532218635082245,0.0,241600,0.0,0.006622516556291391,51085,output\experiments\exp3_low_load_channel_aware_adaptation_20260530_seed42\samples\original\8098-278278-0035.wav,output\experiments\exp3_low_load_channel_aware_adaptation_20260530_seed42\samples\base\substitution-mid\L1\8098-278278-0035.wav
lca,8098-278278-0035,1,substitution-mid,0.0,0.005,500,15.1,0.051584504544734955,0.085292287170887,1.2095941305160522,-11.181011177014351,0.2660755217075348,0.805941569206509,1.279977560043335,-4.107725692732012,0.4271710216999054,0.0,241600,0.0,0.006622516556291391,51085,output\experiments\exp3_low_load_channel_aware_adaptation_20260530_seed42\samples\original\8098-278278-0035.wav,output\experiments\exp3_low_load_channel_aware_adaptation_20260530_seed42\samples\lca\substitution-mid\L1\8098-278278-0035.wav
base,8098-278278-0035,2,clean,0.0,0.0,1000,15.1,0.03552448749542236,0.0622188076376915,0.9752181768417358,-0.14822224890626057,0.7010481357574463,0.8538021976436269,1.5707311630249023,-0.6025181499059572,0.6154283285140991,0.0,241600,0.0,0.0,52735,output\experiments\exp3_low_load_channel_aware_adaptation_20260530_seed42\samples\original\8098-278278-0035.wav,output\experiments\exp3_low_load_channel_aware_adaptation_20260530_seed42\samples\base\clean\L2\8098-278278-0035.wav
lca,8098-278278-0035,2,clean,0.0,0.0,1000,15.1,0.034587740898132324,0.059871260076761246,0.9792978763580322,-0.01805155833558336,0.7063716650009155,0.8618355486993582,1.5738129615783691,-1.4467006290741162,0.5714799761772156,0.0,241600,0.0,0.0,52735,output\experiments\exp3_low_load_channel_aware_adaptation_20260530_seed42\samples\original\8098-278278-0035.wav,output\experiments\exp3_low_load_channel_aware_adaptation_20260530_seed42\samples\lca\clean\L2\8098-278278-0035.wav
base,8098-278278-0035,2,dropout-low,0.01,0.0,1000,15.1,0.03574679046869278,0.0626114010810852,0.9756729006767273,-0.24231242786143523,0.6971765160560608,0.8528359351813779,1.562473177909851,-0.6045983579346264,0.6156340837478638,0.0,241600,0.005298013245033113,0.0,52525,output\experiments\exp3_low_load_channel_aware_adaptation_20260530_seed42\samples\original\8098-278278-0035.wav,output\experiments\exp3_low_load_channel_aware_adaptation_20260530_seed42\samples\base\dropout-low\L2\8098-278278-0035.wav
lca,8098-278278-0035,2,dropout-low,0.01,0.0,1000,15.1,0.03467739745974541,0.06008331477642059,0.9794917106628418,-0.06771835681321428,0.7043450474739075,0.8614828774120137,1.5789237022399902,-1.437224430262388,0.5714231133460999,0.0,241600,0.005298013245033113,0.0,52525,output\experiments\exp3_low_load_channel_aware_adaptation_20260530_seed42\samples\original\8098-278278-0035.wav,output\experiments\exp3_low_load_channel_aware_adaptation_20260530_seed42\samples\lca\dropout-low\L2\8098-278278-0035.wav
base,8098-278278-0035,2,dropout-mid,0.03,0.0,1000,15.1,0.03685198724269867,0.06501626968383789,0.9894735813140869,-0.8099244231356826,0.6734327077865601,0.8460081381088601,1.5150492191314697,-0.5993962645919175,0.5814509391784668,0.0,241600,0.026490066225165563,0.0,52256,output\experiments\exp3_low_load_channel_aware_adaptation_20260530_seed42\samples\original\8098-278278-0035.wav,output\experiments\exp3_low_load_channel_aware_adaptation_20260530_seed42\samples\base\dropout-mid\L2\8098-278278-0035.wav
lca,8098-278278-0035,2,dropout-mid,0.03,0.0,1000,15.1,0.03580762818455696,0.06280945986509323,0.9940854907035828,-0.7920592594189136,0.6741893291473389,0.854776308999481,1.5163692235946655,-1.5114647297284516,0.5447840690612793,0.0,241600,0.026490066225165563,0.0,52256,output\experiments\exp3_low_load_channel_aware_adaptation_20260530_seed42\samples\original\8098-278278-0035.wav,output\experiments\exp3_low_load_channel_aware_adaptation_20260530_seed42\samples\lca\dropout-mid\L2\8098-278278-0035.wav
base,8098-278278-0035,2,substitution-low,0.0,0.001,1000,15.1,0.03556341677904129,0.06230413168668747,0.9762513041496277,-0.18305384571365382,0.6996170282363892,0.8536002062682537,1.5686039924621582,-0.6251378711208002,0.6155264377593994,0.0,241600,0.0,0.0006622516556291391,51954,output\experiments\exp3_low_load_channel_aware_adaptation_20260530_seed42\samples\original\8098-278278-0035.wav,output\experiments\exp3_low_load_channel_aware_adaptation_20260530_seed42\samples\base\substitution-low\L2\8098-278278-0035.wav
lca,8098-278278-0035,2,substitution-low,0.0,0.001,1000,15.1,0.03466280922293663,0.059995293617248535,0.980326771736145,-0.05981586033231696,0.7046679258346558,0.8617352007746175,1.5687026977539062,-1.4731941162844122,0.5714036226272583,0.0,241600,0.0,0.0006622516556291391,51954,output\experiments\exp3_low_load_channel_aware_adaptation_20260530_seed42\samples\original\8098-278278-0035.wav,output\experiments\exp3_low_load_channel_aware_adaptation_20260530_seed42\samples\lca\substitution-low\L2\8098-278278-0035.wav
base,8098-278278-0035,2,substitution-mid,0.0,0.005,1000,15.1,0.03550180047750473,0.06209670007228851,0.9801326394081116,-0.1593046544299615,0.700593113899231,0.852861039983664,1.560263991355896,-0.6648036359775171,0.6154550313949585,0.0,241600,0.0,0.005298013245033113,52085,output\experiments\exp3_low_load_channel_aware_adaptation_20260530_seed42\samples\original\8098-278278-0035.wav,output\experiments\exp3_low_load_channel_aware_adaptation_20260530_seed42\samples\base\substitution-mid\L2\8098-278278-0035.wav
lca,8098-278278-0035,2,substitution-mid,0.0,0.005,1000,15.1,0.03479414060711861,0.06017961725592613,0.9818187952041626,-0.09481490596065552,0.703236997127533,0.860144740885159,1.5609300136566162,-1.4442005090941494,0.5715040564537048,0.0,241600,0.0,0.005298013245033113,52085,output\experiments\exp3_low_load_channel_aware_adaptation_20260530_seed42\samples\original\8098-278278-0035.wav,output\experiments\exp3_low_load_channel_aware_adaptation_20260530_seed42\samples\lca\substitution-mid\L2\8098-278278-0035.wav
base,8098-278278-0035,3,clean,0.0,0.0,1500,15.1,0.03301293030381203,0.058744706213474274,0.9089661836624146,1.1380244323505901,0.7517563700675964,0.8802651744007236,1.7887592315673828,0.0819359259253093,0.5535326600074768,0.0,241600,0.0,0.0,53735,output\experiments\exp3_low_load_channel_aware_adaptation_20260530_seed42\samples\original\8098-278278-0035.wav,output\experiments\exp3_low_load_channel_aware_adaptation_20260530_seed42\samples\base\clean\L3\8098-278278-0035.wav
lca,8098-278278-0035,3,clean,0.0,0.0,1500,15.1,0.030379291623830795,0.053589798510074615,0.9089234471321106,1.878811639797916,0.7787793278694153,0.8872747665927888,1.7496638298034668,-0.6059229943536316,0.5969454050064087,0.0,241600,0.0,0.0,53735,output\experiments\exp3_low_load_channel_aware_adaptation_20260530_seed42\samples\original\8098-278278-0035.wav,output\experiments\exp3_low_load_channel_aware_adaptation_20260530_seed42\samples\lca\clean\L3\8098-278278-0035.wav
base,8098-278278-0035,3,dropout-low,0.01,0.0,1500,15.1,0.033440474420785904,0.05967807024717331,0.9128389954566956,0.9214682415376928,0.7435359954833984,0.8777258220811692,1.7466516494750977,0.07316658171277747,0.5530810356140137,0.0,241600,0.00706401766004415,0.0,53525,output\experiments\exp3_low_load_channel_aware_adaptation_20260530_seed42\samples\original\8098-278278-0035.wav,output\experiments\exp3_low_load_channel_aware_adaptation_20260530_seed42\samples\base\dropout-low\L3\8098-278278-0035.wav
lca,8098-278278-0035,3,dropout-low,0.01,0.0,1500,15.1,0.030815228819847107,0.05446210131049156,0.9132648706436157,1.66992782083272,0.771337628364563,0.8844522304902548,1.7288429737091064,-0.611409340364142,0.5977209806442261,0.0,241600,0.00706401766004415,0.0,53525,output\experiments\exp3_low_load_channel_aware_adaptation_20260530_seed42\samples\original\8098-278278-0035.wav,output\experiments\exp3_low_load_channel_aware_adaptation_20260530_seed42\samples\lca\dropout-low\L3\8098-278278-0035.wav
base,8098-278278-0035,3,dropout-mid,0.03,0.0,1500,15.1,0.034476540982723236,0.06178518384695053,0.9280424118041992,0.4633829449015947,0.7257060408592224,0.8724980806038507,1.698521375656128,0.09159483464248044,0.598470151424408,0.0,241600,0.03090507726269316,0.0,53256,output\experiments\exp3_low_load_channel_aware_adaptation_20260530_seed42\samples\original\8098-278278-0035.wav,output\experiments\exp3_low_load_channel_aware_adaptation_20260530_seed42\samples\base\dropout-mid\L3\8098-278278-0035.wav
lca,8098-278278-0035,3,dropout-mid,0.03,0.0,1500,15.1,0.031829360872507095,0.05673952028155327,0.9333383440971375,1.109909479442804,0.7506969571113586,0.877650022740014,1.6265654563903809,-0.6554513850778896,0.6693538427352905,0.0,241600,0.03090507726269316,0.0,53256,output\experiments\exp3_low_load_channel_aware_adaptation_20260530_seed42\samples\original\8098-278278-0035.wav,output\experiments\exp3_low_load_channel_aware_adaptation_20260530_seed42\samples\lca\dropout-mid\L3\8098-278278-0035.wav
base,8098-278278-0035,3,substitution-low,0.0,0.001,1500,15.1,0.033048756420612335,0.058758072555065155,0.9101242423057556,1.1381079410113961,0.7517594695091248,0.880067603333802,1.787369966506958,0.08584541749174195,0.5534172058105469,0.0,241600,0.0,0.0013245033112582781,52954,output\experiments\exp3_low_load_channel_aware_adaptation_20260530_seed42\samples\original\8098-278278-0035.wav,output\experiments\exp3_low_load_channel_aware_adaptation_20260530_seed42\samples\base\substitution-low\L3\8098-278278-0035.wav
lca,8098-278278-0035,3,substitution-low,0.0,0.001,1500,15.1,0.03041713498532772,0.05361827090382576,0.9104555249214172,1.8729951500701505,0.7785741686820984,0.887194910303062,1.7468254566192627,-0.6040916375746636,0.5969364047050476,0.0,241600,0.0,0.0013245033112582781,52954,output\experiments\exp3_low_load_channel_aware_adaptation_20260530_seed42\samples\original\8098-278278-0035.wav,output\experiments\exp3_low_load_channel_aware_adaptation_20260530_seed42\samples\lca\substitution-low\L3\8098-278278-0035.wav
base,8098-278278-0035,3,substitution-mid,0.0,0.005,1500,15.1,0.03318360447883606,0.0589059442281723,0.9141823649406433,1.096052967550272,0.7501740455627441,0.8786043884587602,1.7895188331604004,0.07463674479805305,0.5535380840301514,0.0,241600,0.0,0.004856512141280353,53085,output\experiments\exp3_low_load_channel_aware_adaptation_20260530_seed42\samples\original\8098-278278-0035.wav,output\experiments\exp3_low_load_channel_aware_adaptation_20260530_seed42\samples\base\substitution-mid\L3\8098-278278-0035.wav
lca,8098-278278-0035,3,substitution-mid,0.0,0.005,1500,15.1,0.030566565692424774,0.05382659286260605,0.9167516827583313,1.8296095460628978,0.7770394682884216,0.8852740690020814,1.7276767492294312,-0.5925487647622596,0.5968072414398193,0.0,241600,0.0,0.004856512141280353,53085,output\experiments\exp3_low_load_channel_aware_adaptation_20260530_seed42\samples\original\8098-278278-0035.wav,output\experiments\exp3_low_load_channel_aware_adaptation_20260530_seed42\samples\lca\substitution-mid\L3\8098-278278-0035.wav
