model,L,sample_id,speaker_id,audio_path,predicted_speaker,top1_correct,verified,score,correct_score,max_impostor_score,margin,duration_sec
original,0,p225_003_mic1,p225,data\VCTK\wav48_silence_trimmed\p225\p225_003_mic1.flac,p225,1,1,0.7566752433776855,0.7566752433776855,0.43171003460884094,0.3249652087688446,7.5881875
base,1,p225_003_mic1,p225,data\VCTK\wav48_silence_trimmed\p225\p225_003_mic1.flac,p225,1,1,0.4285585284233093,0.4285585284233093,0.34062597155570984,0.08793255686759949,7.5881875
base,2,p225_003_mic1,p225,data\VCTK\wav48_silence_trimmed\p225\p225_003_mic1.flac,p225,1,1,0.4670794606208801,0.4670794606208801,0.34417885541915894,0.12290060520172119,7.5881875
base,3,p225_003_mic1,p225,data\VCTK\wav48_silence_trimmed\p225\p225_003_mic1.flac,p225,1,1,0.49549615383148193,0.49549615383148193,0.39162561297416687,0.10387054085731506,7.5881875
lca,1,p225_003_mic1,p225,data\VCTK\wav48_silence_trimmed\p225\p225_003_mic1.flac,p314,0,1,0.33913713693618774,0.26094406843185425,0.33913713693618774,-0.0781930685043335,7.5881875
lca,2,p225_003_mic1,p225,data\VCTK\wav48_silence_trimmed\p225\p225_003_mic1.flac,p280,0,1,0.4543837904930115,0.3593985438346863,0.4543837904930115,-0.0949852466583252,7.5881875
lca,3,p225_003_mic1,p225,data\VCTK\wav48_silence_trimmed\p225\p225_003_mic1.flac,p280,0,1,0.46773040294647217,0.41862553358078003,0.46773040294647217,-0.04910486936569214,7.5881875
original,0,p225_017_mic1,p225,data\VCTK\wav48_silence_trimmed\p225\p225_017_mic1.flac,p225,1,1,0.8238179683685303,0.8238179683685303,0.38672909140586853,0.43708887696266174,4.2419375
base,1,p225_017_mic1,p225,data\VCTK\wav48_silence_trimmed\p225\p225_017_mic1.flac,p225,1,1,0.4773308038711548,0.4773308038711548,0.33198004961013794,0.14535075426101685,4.2419375
base,2,p225_017_mic1,p225,data\VCTK\wav48_silence_trimmed\p225\p225_017_mic1.flac,p225,1,1,0.5116543173789978,0.5116543173789978,0.4230514466762543,0.08860287070274353,4.2419375
base,3,p225_017_mic1,p225,data\VCTK\wav48_silence_trimmed\p225\p225_017_mic1.flac,p225,1,1,0.5936492085456848,0.5936492085456848,0.4371594190597534,0.1564897894859314,4.2419375
lca,1,p225_017_mic1,p225,data\VCTK\wav48_silence_trimmed\p225\p225_017_mic1.flac,p262,0,1,0.38337403535842896,0.3387036621570587,0.38337403535842896,-0.04467037320137024,4.2419375
lca,2,p225_017_mic1,p225,data\VCTK\wav48_silence_trimmed\p225\p225_017_mic1.flac,p280,0,1,0.5103034377098083,0.4564400911331177,0.5103034377098083,-0.053863346576690674,4.2419375
lca,3,p225_017_mic1,p225,data\VCTK\wav48_silence_trimmed\p225\p225_017_mic1.flac,p280,0,1,0.539959192276001,0.453341543674469,0.539959192276001,-0.08661764860153198,4.2419375
original,0,p225_111_mic2,p225,data\VCTK\wav48_silence_trimmed\p225\p225_111_mic2.flac,p225,1,1,0.744288980960846,0.744288980960846,0.34545469284057617,0.3988342881202698,2.3075625
base,1,p225_111_mic2,p225,data\VCTK\wav48_silence_trimmed\p225\p225_111_mic2.flac,p225,1,1,0.33043164014816284,0.33043164014816284,0.3010129928588867,0.029418647289276123,2.3075625
base,2,p225_111_mic2,p225,data\VCTK\wav48_silence_trimmed\p225\p225_111_mic2.flac,p225,1,1,0.4283549189567566,0.4283549189567566,0.29054901003837585,0.13780590891838074,2.3075625
base,3,p225_111_mic2,p225,data\VCTK\wav48_silence_trimmed\p225\p225_111_mic2.flac,p225,1,1,0.4320982098579407,0.4320982098579407,0.33175182342529297,0.1003463864326477,2.3075625
lca,1,p225_111_mic2,p225,data\VCTK\wav48_silence_trimmed\p225\p225_111_mic2.flac,p225,1,1,0.3783080577850342,0.3783080577850342,0.3351646065711975,0.04314345121383667,2.3075625
lca,2,p225_111_mic2,p225,data\VCTK\wav48_silence_trimmed\p225\p225_111_mic2.flac,p225,1,1,0.3654993176460266,0.3654993176460266,0.3439711928367615,0.021528124809265137,2.3075625
lca,3,p225_111_mic2,p225,data\VCTK\wav48_silence_trimmed\p225\p225_111_mic2.flac,p280,0,1,0.3542885184288025,0.35247349739074707,0.3542885184288025,-0.00181502103805542,2.3075625
original,0,p225_157_mic1,p225,data\VCTK\wav48_silence_trimmed\p225\p225_157_mic1.flac,p225,1,1,0.7056514024734497,0.7056514024734497,0.41306155920028687,0.29258984327316284,3.9008125
base,1,p225_157_mic1,p225,data\VCTK\wav48_silence_trimmed\p225\p225_157_mic1.flac,p225,1,1,0.35168808698654175,0.35168808698654175,0.3436179757118225,0.008070111274719238,3.9008125
base,2,p225_157_mic1,p225,data\VCTK\wav48_silence_trimmed\p225\p225_157_mic1.flac,p225,1,1,0.3863433599472046,0.3863433599472046,0.3647623062133789,0.021581053733825684,3.9008125
base,3,p225_157_mic1,p225,data\VCTK\wav48_silence_trimmed\p225\p225_157_mic1.flac,p225,1,1,0.426557719707489,0.426557719707489,0.3797123432159424,0.04684537649154663,3.9008125
lca,1,p225_157_mic1,p225,data\VCTK\wav48_silence_trimmed\p225\p225_157_mic1.flac,p301,0,1,0.357952356338501,0.2285466492176056,0.357952356338501,-0.12940570712089539,3.9008125
lca,2,p225_157_mic1,p225,data\VCTK\wav48_silence_trimmed\p225\p225_157_mic1.flac,p225,1,1,0.44040045142173767,0.44040045142173767,0.36563342809677124,0.07476702332496643,3.9008125
lca,3,p225_157_mic1,p225,data\VCTK\wav48_silence_trimmed\p225\p225_157_mic1.flac,p225,1,1,0.4907388687133789,0.4907388687133789,0.41708236932754517,0.07365649938583374,3.9008125
original,0,p225_320_mic2,p225,data\VCTK\wav48_silence_trimmed\p225\p225_320_mic2.flac,p225,1,1,0.716753363609314,0.716753363609314,0.45192813873291016,0.2648252248764038,3.02975
base,1,p225_320_mic2,p225,data\VCTK\wav48_silence_trimmed\p225\p225_320_mic2.flac,p225,1,1,0.34383729100227356,0.34383729100227356,0.30334630608558655,0.04049098491668701,3.02975
base,2,p225_320_mic2,p225,data\VCTK\wav48_silence_trimmed\p225\p225_320_mic2.flac,p262,0,1,0.305461585521698,0.29797986149787903,0.305461585521698,-0.00748172402381897,3.02975
base,3,p225_320_mic2,p225,data\VCTK\wav48_silence_trimmed\p225\p225_320_mic2.flac,p262,0,1,0.37180113792419434,0.3600882887840271,0.37180113792419434,-0.011712849140167236,3.02975
lca,1,p225_320_mic2,p225,data\VCTK\wav48_silence_trimmed\p225\p225_320_mic2.flac,p262,0,1,0.3641824722290039,0.2575417757034302,0.3641824722290039,-0.10664069652557373,3.02975
lca,2,p225_320_mic2,p225,data\VCTK\wav48_silence_trimmed\p225\p225_320_mic2.flac,p314,0,1,0.3981059193611145,0.2932857871055603,0.3981059193611145,-0.1048201322555542,3.02975
lca,3,p225_320_mic2,p225,data\VCTK\wav48_silence_trimmed\p225\p225_320_mic2.flac,p262,0,1,0.43910008668899536,0.31590330600738525,0.43910008668899536,-0.12319678068161011,3.02975
original,0,p226_072_mic2,p226,data\VCTK\wav48_silence_trimmed\p226\p226_072_mic2.flac,p226,1,1,0.7848957777023315,0.7848957777023315,0.40679824352264404,0.3780975341796875,5.400625
base,1,p226_072_mic2,p226,data\VCTK\wav48_silence_trimmed\p226\p226_072_mic2.flac,p281,0,1,0.30799952149391174,0.22576503455638885,0.30799952149391174,-0.08223448693752289,5.400625
base,2,p226_072_mic2,p226,data\VCTK\wav48_silence_trimmed\p226\p226_072_mic2.flac,p226,1,1,0.549821138381958,0.549821138381958,0.4008541703224182,0.1489669680595398,5.400625
base,3,p226_072_mic2,p226,data\VCTK\wav48_silence_trimmed\p226\p226_072_mic2.flac,p226,1,1,0.5821585655212402,0.5821585655212402,0.45302480459213257,0.12913376092910767,5.400625
lca,1,p226_072_mic2,p226,data\VCTK\wav48_silence_trimmed\p226\p226_072_mic2.flac,p281,0,1,0.3647306561470032,0.24726617336273193,0.3647306561470032,-0.11746448278427124,5.400625
lca,2,p226_072_mic2,p226,data\VCTK\wav48_silence_trimmed\p226\p226_072_mic2.flac,p226,1,1,0.4445732533931732,0.4445732533931732,0.40826573967933655,0.03630751371383667,5.400625
lca,3,p226_072_mic2,p226,data\VCTK\wav48_silence_trimmed\p226\p226_072_mic2.flac,p226,1,1,0.4858395755290985,0.4858395755290985,0.4278419613838196,0.05799761414527893,5.400625
original,0,p226_105_mic2,p226,data\VCTK\wav48_silence_trimmed\p226\p226_105_mic2.flac,p226,1,1,0.7526894211769104,0.7526894211769104,0.39566534757614136,0.35702407360076904,2.6861875
base,1,p226_105_mic2,p226,data\VCTK\wav48_silence_trimmed\p226\p226_105_mic2.flac,p360,0,1,0.2801963686943054,0.0918111801147461,0.2801963686943054,-0.18838518857955933,2.6861875
base,2,p226_105_mic2,p226,data\VCTK\wav48_silence_trimmed\p226\p226_105_mic2.flac,p226,1,1,0.44119682908058167,0.44119682908058167,0.3174227178096771,0.12377411127090454,2.6861875
base,3,p226_105_mic2,p226,data\VCTK\wav48_silence_trimmed\p226\p226_105_mic2.flac,p226,1,1,0.5590572953224182,0.5590572953224182,0.36175206303596497,0.19730523228645325,2.6861875
lca,1,p226_105_mic2,p226,data\VCTK\wav48_silence_trimmed\p226\p226_105_mic2.flac,p364,0,1,0.33078137040138245,0.24718143045902252,0.33078137040138245,-0.08359993994235992,2.6861875
lca,2,p226_105_mic2,p226,data\VCTK\wav48_silence_trimmed\p226\p226_105_mic2.flac,p226,1,1,0.39640700817108154,0.39640700817108154,0.33999842405319214,0.056408584117889404,2.6861875
lca,3,p226_105_mic2,p226,data\VCTK\wav48_silence_trimmed\p226\p226_105_mic2.flac,p226,1,1,0.4962884783744812,0.4962884783744812,0.3735158443450928,0.12277263402938843,2.6861875
original,0,p226_190_mic1,p226,data\VCTK\wav48_silence_trimmed\p226\p226_190_mic1.flac,p226,1,1,0.7316926717758179,0.7316926717758179,0.385357141494751,0.3463355302810669,3.4733125
base,1,p226_190_mic1,p226,data\VCTK\wav48_silence_trimmed\p226\p226_190_mic1.flac,p364,0,1,0.29111793637275696,0.24839259684085846,0.29111793637275696,-0.0427253395318985,3.4733125
base,2,p226_190_mic1,p226,data\VCTK\wav48_silence_trimmed\p226\p226_190_mic1.flac,p226,1,1,0.4882078170776367,0.4882078170776367,0.35144373774528503,0.13676407933235168,3.4733125
base,3,p226_190_mic1,p226,data\VCTK\wav48_silence_trimmed\p226\p226_190_mic1.flac,p226,1,1,0.5284253358840942,0.5284253358840942,0.34536901116371155,0.1830563247203827,3.4733125
lca,1,p226_190_mic1,p226,data\VCTK\wav48_silence_trimmed\p226\p226_190_mic1.flac,p281,0,1,0.2874886393547058,0.2327071726322174,0.2874886393547058,-0.0547814667224884,3.4733125
lca,2,p226_190_mic1,p226,data\VCTK\wav48_silence_trimmed\p226\p226_190_mic1.flac,p226,1,1,0.3377309739589691,0.3377309739589691,0.32834896445274353,0.009382009506225586,3.4733125
lca,3,p226_190_mic1,p226,data\VCTK\wav48_silence_trimmed\p226\p226_190_mic1.flac,p347,0,1,0.3907807171344757,0.37061601877212524,0.3907807171344757,-0.020164698362350464,3.4733125
original,0,p226_253_mic2,p226,data\VCTK\wav48_silence_trimmed\p226\p226_253_mic2.flac,p226,1,1,0.7535499334335327,0.7535499334335327,0.3634392023086548,0.39011073112487793,3.660875
base,1,p226_253_mic2,p226,data\VCTK\wav48_silence_trimmed\p226\p226_253_mic2.flac,p364,0,1,0.2895057499408722,0.21648535132408142,0.2895057499408722,-0.07302039861679077,3.660875
base,2,p226_253_mic2,p226,data\VCTK\wav48_silence_trimmed\p226\p226_253_mic2.flac,p226,1,1,0.47150087356567383,0.47150087356567383,0.38679590821266174,0.08470496535301208,3.660875
base,3,p226_253_mic2,p226,data\VCTK\wav48_silence_trimmed\p226\p226_253_mic2.flac,p226,1,1,0.47941190004348755,0.47941190004348755,0.39252594113349915,0.0868859589099884,3.660875
lca,1,p226_253_mic2,p226,data\VCTK\wav48_silence_trimmed\p226\p226_253_mic2.flac,p364,0,1,0.3465760350227356,0.2532069683074951,0.3465760350227356,-0.09336906671524048,3.660875
lca,2,p226_253_mic2,p226,data\VCTK\wav48_silence_trimmed\p226\p226_253_mic2.flac,p226,1,1,0.4176432490348816,0.4176432490348816,0.36362120509147644,0.05402204394340515,3.660875
lca,3,p226_253_mic2,p226,data\VCTK\wav48_silence_trimmed\p226\p226_253_mic2.flac,p226,1,1,0.4569159150123596,0.4569159150123596,0.37988045811653137,0.07703545689582825,3.660875
original,0,p226_285_mic2,p226,data\VCTK\wav48_silence_trimmed\p226\p226_285_mic2.flac,p226,1,1,0.5573902726173401,0.5573902726173401,0.42202267050743103,0.13536760210990906,2.165625
base,1,p226_285_mic2,p226,data\VCTK\wav48_silence_trimmed\p226\p226_285_mic2.flac,p292,0,1,0.31634044647216797,0.09892207384109497,0.31634044647216797,-0.217418372631073,2.165625
base,2,p226_285_mic2,p226,data\VCTK\wav48_silence_trimmed\p226\p226_285_mic2.flac,p226,1,1,0.4010511636734009,0.4010511636734009,0.34046298265457153,0.060588181018829346,2.165625
base,3,p226_285_mic2,p226,data\VCTK\wav48_silence_trimmed\p226\p226_285_mic2.flac,p226,1,1,0.3791322708129883,0.3791322708129883,0.35801956057548523,0.021112710237503052,2.165625
lca,1,p226_285_mic2,p226,data\VCTK\wav48_silence_trimmed\p226\p226_285_mic2.flac,p281,0,1,0.3842046856880188,0.13238710165023804,0.3842046856880188,-0.25181758403778076,2.165625
lca,2,p226_285_mic2,p226,data\VCTK\wav48_silence_trimmed\p226\p226_285_mic2.flac,p281,0,1,0.5327280759811401,0.22415776550769806,0.5327280759811401,-0.3085703104734421,2.165625
lca,3,p226_285_mic2,p226,data\VCTK\wav48_silence_trimmed\p226\p226_285_mic2.flac,p281,0,1,0.43076491355895996,0.33514612913131714,0.43076491355895996,-0.09561878442764282,2.165625
original,0,p227_033_mic2,p227,data\VCTK\wav48_silence_trimmed\p227\p227_033_mic2.flac,p227,1,1,0.6743820905685425,0.6743820905685425,0.3267521560192108,0.34762993454933167,2.3445625
base,1,p227_033_mic2,p227,data\VCTK\wav48_silence_trimmed\p227\p227_033_mic2.flac,p280,0,1,0.2800944745540619,0.19809451699256897,0.2800944745540619,-0.08199995756149292,2.3445625
base,2,p227_033_mic2,p227,data\VCTK\wav48_silence_trimmed\p227\p227_033_mic2.flac,p347,0,1,0.4060134291648865,0.3065033555030823,0.4060134291648865,-0.0995100736618042,2.3445625
base,3,p227_033_mic2,p227,data\VCTK\wav48_silence_trimmed\p227\p227_033_mic2.flac,p347,0,1,0.35853880643844604,0.30984947085380554,0.35853880643844604,-0.0486893355846405,2.3445625
lca,1,p227_033_mic2,p227,data\VCTK\wav48_silence_trimmed\p227\p227_033_mic2.flac,p313,0,1,0.3019610643386841,0.09016136825084686,0.3019610643386841,-0.21179969608783722,2.3445625
lca,2,p227_033_mic2,p227,data\VCTK\wav48_silence_trimmed\p227\p227_033_mic2.flac,p259,0,1,0.37301477789878845,0.2746606171131134,0.37301477789878845,-0.09835416078567505,2.3445625
lca,3,p227_033_mic2,p227,data\VCTK\wav48_silence_trimmed\p227\p227_033_mic2.flac,p259,0,1,0.34607362747192383,0.250570148229599,0.34607362747192383,-0.09550347924232483,2.3445625
original,0,p227_134_mic2,p227,data\VCTK\wav48_silence_trimmed\p227\p227_134_mic2.flac,p227,1,1,0.6459516286849976,0.6459516286849976,0.4126216173171997,0.23333001136779785,2.526375
base,1,p227_134_mic2,p227,data\VCTK\wav48_silence_trimmed\p227\p227_134_mic2.flac,p292,0,1,0.26590287685394287,0.10632646083831787,0.26590287685394287,-0.159576416015625,2.526375
base,2,p227_134_mic2,p227,data\VCTK\wav48_silence_trimmed\p227\p227_134_mic2.flac,p374,0,1,0.4004477858543396,0.20489346981048584,0.4004477858543396,-0.19555431604385376,2.526375
base,3,p227_134_mic2,p227,data\VCTK\wav48_silence_trimmed\p227\p227_134_mic2.flac,p374,0,1,0.34808775782585144,0.32170456647872925,0.34808775782585144,-0.026383191347122192,2.526375
lca,1,p227_134_mic2,p227,data\VCTK\wav48_silence_trimmed\p227\p227_134_mic2.flac,p281,0,1,0.3580634593963623,0.03981222212314606,0.3580634593963623,-0.31825123727321625,2.526375
lca,2,p227_134_mic2,p227,data\VCTK\wav48_silence_trimmed\p227\p227_134_mic2.flac,p281,0,1,0.39373695850372314,0.17970818281173706,0.39373695850372314,-0.21402877569198608,2.526375
lca,3,p227_134_mic2,p227,data\VCTK\wav48_silence_trimmed\p227\p227_134_mic2.flac,p281,0,1,0.4061640202999115,0.23246891796588898,0.4061640202999115,-0.17369510233402252,2.526375
original,0,p227_156_mic1,p227,data\VCTK\wav48_silence_trimmed\p227\p227_156_mic1.flac,p227,1,1,0.658684253692627,0.658684253692627,0.3671594560146332,0.2915247976779938,2.601125
base,1,p227_156_mic1,p227,data\VCTK\wav48_silence_trimmed\p227\p227_156_mic1.flac,p374,0,1,0.29346591234207153,0.08247222006320953,0.29346591234207153,-0.210993692278862,2.601125
base,2,p227_156_mic1,p227,data\VCTK\wav48_silence_trimmed\p227\p227_156_mic1.flac,p281,0,1,0.33222565054893494,0.2879967987537384,0.33222565054893494,-0.04422885179519653,2.601125
base,3,p227_156_mic1,p227,data\VCTK\wav48_silence_trimmed\p227\p227_156_mic1.flac,p259,0,1,0.4215995967388153,0.301169753074646,0.4215995967388153,-0.12042984366416931,2.601125
lca,1,p227_156_mic1,p227,data\VCTK\wav48_silence_trimmed\p227\p227_156_mic1.flac,p281,0,1,0.40748393535614014,0.10833665728569031,0.40748393535614014,-0.29914727807044983,2.601125
lca,2,p227_156_mic1,p227,data\VCTK\wav48_silence_trimmed\p227\p227_156_mic1.flac,p281,0,1,0.4362844228744507,0.2793414890766144,0.4362844228744507,-0.1569429337978363,2.601125
lca,3,p227_156_mic1,p227,data\VCTK\wav48_silence_trimmed\p227\p227_156_mic1.flac,p281,0,1,0.4306887090206146,0.3094116449356079,0.4306887090206146,-0.12127706408500671,2.601125
original,0,p227_243_mic2,p227,data\VCTK\wav48_silence_trimmed\p227\p227_243_mic2.flac,p227,1,1,0.7643234133720398,0.7643234133720398,0.35863569378852844,0.40568771958351135,3.634125
base,1,p227_243_mic2,p227,data\VCTK\wav48_silence_trimmed\p227\p227_243_mic2.flac,p364,0,1,0.2898789048194885,0.18972882628440857,0.2898789048194885,-0.10015007853507996,3.634125
base,2,p227_243_mic2,p227,data\VCTK\wav48_silence_trimmed\p227\p227_243_mic2.flac,p227,1,1,0.4540412724018097,0.4540412724018097,0.43015390634536743,0.02388736605644226,3.634125
base,3,p227_243_mic2,p227,data\VCTK\wav48_silence_trimmed\p227\p227_243_mic2.flac,p227,1,1,0.4979775846004486,0.4979775846004486,0.43904009461402893,0.05893748998641968,3.634125
lca,1,p227_243_mic2,p227,data\VCTK\wav48_silence_trimmed\p227\p227_243_mic2.flac,p364,0,1,0.3443807363510132,0.11148688197135925,0.3443807363510132,-0.23289385437965393,3.634125
lca,2,p227_243_mic2,p227,data\VCTK\wav48_silence_trimmed\p227\p227_243_mic2.flac,p281,0,1,0.3613138794898987,0.2270149439573288,0.3613138794898987,-0.13429893553256989,3.634125
lca,3,p227_243_mic2,p227,data\VCTK\wav48_silence_trimmed\p227\p227_243_mic2.flac,p364,0,1,0.39148640632629395,0.2820723056793213,0.39148640632629395,-0.10941410064697266,3.634125
original,0,p227_348_mic1,p227,data\VCTK\wav48_silence_trimmed\p227\p227_348_mic1.flac,p227,1,1,0.6248352527618408,0.6248352527618408,0.43451523780822754,0.19032001495361328,2.7229375
base,1,p227_348_mic1,p227,data\VCTK\wav48_silence_trimmed\p227\p227_348_mic1.flac,p360,0,0,0.23724423348903656,0.16660577058792114,0.23724423348903656,-0.07063846290111542,2.7229375
base,2,p227_348_mic1,p227,data\VCTK\wav48_silence_trimmed\p227\p227_348_mic1.flac,p227,1,1,0.3951295018196106,0.3951295018196106,0.31610536575317383,0.07902413606643677,2.7229375
base,3,p227_348_mic1,p227,data\VCTK\wav48_silence_trimmed\p227\p227_348_mic1.flac,p227,1,1,0.3618581295013428,0.3618581295013428,0.34489208459854126,0.016966044902801514,2.7229375
lca,1,p227_348_mic1,p227,data\VCTK\wav48_silence_trimmed\p227\p227_348_mic1.flac,p226,0,1,0.2858596742153168,0.0915549248456955,0.2858596742153168,-0.19430474936962128,2.7229375
lca,2,p227_348_mic1,p227,data\VCTK\wav48_silence_trimmed\p227\p227_348_mic1.flac,p226,0,1,0.33024585247039795,0.12211112678050995,0.33024585247039795,-0.208134725689888,2.7229375
lca,3,p227_348_mic1,p227,data\VCTK\wav48_silence_trimmed\p227\p227_348_mic1.flac,p311,0,1,0.3505416810512543,0.14999820291996002,0.3505416810512543,-0.20054347813129425,2.7229375
original,0,p228_052_mic2,p228,data\VCTK\wav48_silence_trimmed\p228\p228_052_mic2.flac,p228,1,1,0.7627890706062317,0.7627890706062317,0.5204805135726929,0.24230855703353882,2.4329375
base,1,p228_052_mic2,p228,data\VCTK\wav48_silence_trimmed\p228\p228_052_mic2.flac,p250,0,1,0.4019523859024048,0.31573671102523804,0.4019523859024048,-0.08621567487716675,2.4329375
base,2,p228_052_mic2,p228,data\VCTK\wav48_silence_trimmed\p228\p228_052_mic2.flac,p228,1,1,0.47878241539001465,0.47878241539001465,0.4466056823730469,0.03217673301696777,2.4329375
base,3,p228_052_mic2,p228,data\VCTK\wav48_silence_trimmed\p228\p228_052_mic2.flac,p228,1,1,0.4899413585662842,0.4899413585662842,0.4608079195022583,0.02913343906402588,2.4329375
lca,1,p228_052_mic2,p228,data\VCTK\wav48_silence_trimmed\p228\p228_052_mic2.flac,p280,0,1,0.3584064543247223,0.2553148865699768,0.3584064543247223,-0.10309156775474548,2.4329375
lca,2,p228_052_mic2,p228,data\VCTK\wav48_silence_trimmed\p228\p228_052_mic2.flac,p280,0,1,0.4644784927368164,0.3971482217311859,0.4644784927368164,-0.0673302710056305,2.4329375
lca,3,p228_052_mic2,p228,data\VCTK\wav48_silence_trimmed\p228\p228_052_mic2.flac,p280,0,1,0.4084476828575134,0.3712412714958191,0.4084476828575134,-0.037206411361694336,2.4329375
original,0,p228_146_mic1,p228,data\VCTK\wav48_silence_trimmed\p228\p228_146_mic1.flac,p228,1,1,0.7943298816680908,0.7943298816680908,0.5008898377418518,0.293440043926239,3.8216875
base,1,p228_146_mic1,p228,data\VCTK\wav48_silence_trimmed\p228\p228_146_mic1.flac,p225,0,1,0.3257479667663574,0.19781431555747986,0.3257479667663574,-0.12793365120887756,3.8216875
base,2,p228_146_mic1,p228,data\VCTK\wav48_silence_trimmed\p228\p228_146_mic1.flac,p262,0,1,0.4295204281806946,0.3503969609737396,0.4295204281806946,-0.07912346720695496,3.8216875
base,3,p228_146_mic1,p228,data\VCTK\wav48_silence_trimmed\p228\p228_146_mic1.flac,p262,0,1,0.46820926666259766,0.4594433307647705,0.46820926666259766,-0.008765935897827148,3.8216875
lca,1,p228_146_mic1,p228,data\VCTK\wav48_silence_trimmed\p228\p228_146_mic1.flac,p280,0,1,0.38751834630966187,0.24773208796977997,0.38751834630966187,-0.1397862583398819,3.8216875
lca,2,p228_146_mic1,p228,data\VCTK\wav48_silence_trimmed\p228\p228_146_mic1.flac,p262,0,1,0.44398999214172363,0.39530426263809204,0.44398999214172363,-0.04868572950363159,3.8216875
lca,3,p228_146_mic1,p228,data\VCTK\wav48_silence_trimmed\p228\p228_146_mic1.flac,p280,0,1,0.480558305978775,0.4069696068763733,0.480558305978775,-0.07358869910240173,3.8216875
original,0,p228_223_mic1,p228,data\VCTK\wav48_silence_trimmed\p228\p228_223_mic1.flac,p228,1,1,0.8006918430328369,0.8006918430328369,0.6720058917999268,0.12868595123291016,5.1665625
base,1,p228_223_mic1,p228,data\VCTK\wav48_silence_trimmed\p228\p228_223_mic1.flac,p280,0,1,0.43157264590263367,0.3604363203048706,0.43157264590263367,-0.07113632559776306,5.1665625
base,2,p228_223_mic1,p228,data\VCTK\wav48_silence_trimmed\p228\p228_223_mic1.flac,p280,0,1,0.5319662094116211,0.4844247102737427,0.5319662094116211,-0.04754149913787842,5.1665625
base,3,p228_223_mic1,p228,data\VCTK\wav48_silence_trimmed\p228\p228_223_mic1.flac,p267,0,1,0.5168294906616211,0.4525894522666931,0.5168294906616211,-0.06424003839492798,5.1665625
lca,1,p228_223_mic1,p228,data\VCTK\wav48_silence_trimmed\p228\p228_223_mic1.flac,p280,0,1,0.42911142110824585,0.2318817675113678,0.42911142110824585,-0.19722965359687805,5.1665625
lca,2,p228_223_mic1,p228,data\VCTK\wav48_silence_trimmed\p228\p228_223_mic1.flac,p280,0,1,0.5615072250366211,0.335469126701355,0.5615072250366211,-0.2260380983352661,5.1665625
lca,3,p228_223_mic1,p228,data\VCTK\wav48_silence_trimmed\p228\p228_223_mic1.flac,p340,0,1,0.6008602976799011,0.3627846837043762,0.6008602976799011,-0.2380756139755249,5.1665625
original,0,p228_225_mic2,p228,data\VCTK\wav48_silence_trimmed\p228\p228_225_mic2.flac,p228,1,1,0.7137700319290161,0.7137700319290161,0.545988917350769,0.16778111457824707,4.56825
base,1,p228_225_mic2,p228,data\VCTK\wav48_silence_trimmed\p228\p228_225_mic2.flac,p330,0,1,0.3619860112667084,0.20939908921718597,0.3619860112667084,-0.1525869220495224,4.56825
base,2,p228_225_mic2,p228,data\VCTK\wav48_silence_trimmed\p228\p228_225_mic2.flac,p228,1,1,0.4771267771720886,0.4771267771720886,0.46328067779541016,0.013846099376678467,4.56825
base,3,p228_225_mic2,p228,data\VCTK\wav48_silence_trimmed\p228\p228_225_mic2.flac,p228,1,1,0.519292414188385,0.519292414188385,0.4905100464820862,0.028782367706298828,4.56825
lca,1,p228_225_mic2,p228,data\VCTK\wav48_silence_trimmed\p228\p228_225_mic2.flac,p314,0,1,0.39183011651039124,0.21447962522506714,0.39183011651039124,-0.1773504912853241,4.56825
lca,2,p228_225_mic2,p228,data\VCTK\wav48_silence_trimmed\p228\p228_225_mic2.flac,p314,0,1,0.4843268394470215,0.31796711683273315,0.4843268394470215,-0.16635972261428833,4.56825
lca,3,p228_225_mic2,p228,data\VCTK\wav48_silence_trimmed\p228\p228_225_mic2.flac,p340,0,1,0.5139833688735962,0.37571167945861816,0.5139833688735962,-0.13827168941497803,4.56825
original,0,p228_350_mic2,p228,data\VCTK\wav48_silence_trimmed\p228\p228_350_mic2.flac,p228,1,1,0.7671423554420471,0.7671423554420471,0.48981374502182007,0.27732861042022705,3.2800625
base,1,p228_350_mic2,p228,data\VCTK\wav48_silence_trimmed\p228\p228_350_mic2.flac,p306,0,1,0.2663285732269287,0.21799308061599731,0.2663285732269287,-0.048335492610931396,3.2800625
base,2,p228_350_mic2,p228,data\VCTK\wav48_silence_trimmed\p228\p228_350_mic2.flac,p262,0,1,0.3994460701942444,0.3491615951061249,0.3994460701942444,-0.05028447508811951,3.2800625
base,3,p228_350_mic2,p228,data\VCTK\wav48_silence_trimmed\p228\p228_350_mic2.flac,p267,0,1,0.4449186325073242,0.3867979943752289,0.4449186325073242,-0.05812063813209534,3.2800625
lca,1,p228_350_mic2,p228,data\VCTK\wav48_silence_trimmed\p228\p228_350_mic2.flac,p280,0,1,0.3886120319366455,0.21147887408733368,0.3886120319366455,-0.17713315784931183,3.2800625
lca,2,p228_350_mic2,p228,data\VCTK\wav48_silence_trimmed\p228\p228_350_mic2.flac,p280,0,1,0.4485490322113037,0.31554803252220154,0.4485490322113037,-0.13300099968910217,3.2800625
lca,3,p228_350_mic2,p228,data\VCTK\wav48_silence_trimmed\p228\p228_350_mic2.flac,p280,0,1,0.48837316036224365,0.39130809903144836,0.48837316036224365,-0.09706506133079529,3.2800625
original,0,p229_016_mic1,p229,data\VCTK\wav48_silence_trimmed\p229\p229_016_mic1.flac,p229,1,1,0.7771487236022949,0.7771487236022949,0.3601922392845154,0.41695648431777954,5.9468125
base,1,p229_016_mic1,p229,data\VCTK\wav48_silence_trimmed\p229\p229_016_mic1.flac,p262,0,1,0.3675016164779663,0.11207215487957001,0.3675016164779663,-0.2554294615983963,5.9468125
base,2,p229_016_mic1,p229,data\VCTK\wav48_silence_trimmed\p229\p229_016_mic1.flac,p313,0,1,0.3713477849960327,0.2799304127693176,0.3713477849960327,-0.09141737222671509,5.9468125
base,3,p229_016_mic1,p229,data\VCTK\wav48_silence_trimmed\p229\p229_016_mic1.flac,p229,1,1,0.3663191795349121,0.3663191795349121,0.34891653060913086,0.01740264892578125,5.9468125
lca,1,p229_016_mic1,p229,data\VCTK\wav48_silence_trimmed\p229\p229_016_mic1.flac,p314,0,1,0.39127445220947266,-0.025188956409692764,0.39127445220947266,-0.4164634086191654,5.9468125
lca,2,p229_016_mic1,p229,data\VCTK\wav48_silence_trimmed\p229\p229_016_mic1.flac,p313,0,1,0.40860751271247864,0.036492813378572464,0.40860751271247864,-0.3721146993339062,5.9468125
lca,3,p229_016_mic1,p229,data\VCTK\wav48_silence_trimmed\p229\p229_016_mic1.flac,p313,0,1,0.4223165512084961,0.13546575605869293,0.4223165512084961,-0.28685079514980316,5.9468125
original,0,p229_067_mic1,p229,data\VCTK\wav48_silence_trimmed\p229\p229_067_mic1.flac,p229,1,1,0.7591373324394226,0.7591373324394226,0.3634960651397705,0.3956412672996521,2.7386875
base,1,p229_067_mic1,p229,data\VCTK\wav48_silence_trimmed\p229\p229_067_mic1.flac,p301,0,1,0.2993737459182739,-0.007748570293188095,0.2993737459182739,-0.307122316211462,2.7386875
base,2,p229_067_mic1,p229,data\VCTK\wav48_silence_trimmed\p229\p229_067_mic1.flac,p301,0,1,0.41780003905296326,0.25972113013267517,0.41780003905296326,-0.15807890892028809,2.7386875
base,3,p229_067_mic1,p229,data\VCTK\wav48_silence_trimmed\p229\p229_067_mic1.flac,p301,0,1,0.3980250358581543,0.3365461528301239,0.3980250358581543,-0.061478883028030396,2.7386875
lca,1,p229_067_mic1,p229,data\VCTK\wav48_silence_trimmed\p229\p229_067_mic1.flac,p280,0,1,0.37509942054748535,0.01695585995912552,0.37509942054748535,-0.35814356058835983,2.7386875
lca,2,p229_067_mic1,p229,data\VCTK\wav48_silence_trimmed\p229\p229_067_mic1.flac,p314,0,1,0.38068729639053345,0.12426678836345673,0.38068729639053345,-0.2564205080270767,2.7386875
lca,3,p229_067_mic1,p229,data\VCTK\wav48_silence_trimmed\p229\p229_067_mic1.flac,p280,0,1,0.37723466753959656,0.17295677959918976,0.37723466753959656,-0.2042778879404068,2.7386875
original,0,p229_108_mic2,p229,data\VCTK\wav48_silence_trimmed\p229\p229_108_mic2.flac,p229,1,1,0.6943798065185547,0.6943798065185547,0.38812190294265747,0.3062579035758972,2.56275
base,1,p229_108_mic2,p229,data\VCTK\wav48_silence_trimmed\p229\p229_108_mic2.flac,p280,0,1,0.3115682005882263,0.053635045886039734,0.3115682005882263,-0.2579331547021866,2.56275
base,2,p229_108_mic2,p229,data\VCTK\wav48_silence_trimmed\p229\p229_108_mic2.flac,p308,0,1,0.3866158723831177,0.2897202968597412,0.3866158723831177,-0.09689557552337646,2.56275
base,3,p229_108_mic2,p229,data\VCTK\wav48_silence_trimmed\p229\p229_108_mic2.flac,p264,0,1,0.4358826279640198,0.37960970401763916,0.4358826279640198,-0.056272923946380615,2.56275
lca,1,p229_108_mic2,p229,data\VCTK\wav48_silence_trimmed\p229\p229_108_mic2.flac,p280,0,1,0.39299193024635315,0.017609035596251488,0.39299193024635315,-0.37538289465010166,2.56275
lca,2,p229_108_mic2,p229,data\VCTK\wav48_silence_trimmed\p229\p229_108_mic2.flac,p280,0,1,0.4192885160446167,0.04143735021352768,0.4192885160446167,-0.377851165831089,2.56275
lca,3,p229_108_mic2,p229,data\VCTK\wav48_silence_trimmed\p229\p229_108_mic2.flac,p313,0,1,0.4003318250179291,0.17781755328178406,0.4003318250179291,-0.22251427173614502,2.56275
original,0,p229_156_mic1,p229,data\VCTK\wav48_silence_trimmed\p229\p229_156_mic1.flac,p229,1,1,0.8239166140556335,0.8239166140556335,0.3977215886116028,0.42619502544403076,4.533125
base,1,p229_156_mic1,p229,data\VCTK\wav48_silence_trimmed\p229\p229_156_mic1.flac,p283,0,1,0.3915451169013977,0.20222702622413635,0.3915451169013977,-0.18931809067726135,4.533125
base,2,p229_156_mic1,p229,data\VCTK\wav48_silence_trimmed\p229\p229_156_mic1.flac,p283,0,1,0.429992139339447,0.35628679394721985,0.429992139339447,-0.07370534539222717,4.533125
base,3,p229_156_mic1,p229,data\VCTK\wav48_silence_trimmed\p229\p229_156_mic1.flac,p229,1,1,0.48330676555633545,0.48330676555633545,0.42936253547668457,0.05394423007965088,4.533125
lca,1,p229_156_mic1,p229,data\VCTK\wav48_silence_trimmed\p229\p229_156_mic1.flac,p314,0,1,0.36563539505004883,0.018391646444797516,0.36563539505004883,-0.3472437486052513,4.533125
lca,2,p229_156_mic1,p229,data\VCTK\wav48_silence_trimmed\p229\p229_156_mic1.flac,p299,0,1,0.3825474977493286,0.11037225276231766,0.3825474977493286,-0.27217524498701096,4.533125
lca,3,p229_156_mic1,p229,data\VCTK\wav48_silence_trimmed\p229\p229_156_mic1.flac,p308,0,1,0.39378678798675537,0.20015257596969604,0.39378678798675537,-0.19363421201705933,4.533125
original,0,p229_160_mic1,p229,data\VCTK\wav48_silence_trimmed\p229\p229_160_mic1.flac,p229,1,1,0.7460557222366333,0.7460557222366333,0.43529975414276123,0.31075596809387207,4.5529375
base,1,p229_160_mic1,p229,data\VCTK\wav48_silence_trimmed\p229\p229_160_mic1.flac,p280,0,1,0.30556410551071167,0.14794078469276428,0.30556410551071167,-0.1576233208179474,4.5529375
base,2,p229_160_mic1,p229,data\VCTK\wav48_silence_trimmed\p229\p229_160_mic1.flac,p230,0,1,0.4215238094329834,0.3554617762565613,0.4215238094329834,-0.06606203317642212,4.5529375
base,3,p229_160_mic1,p229,data\VCTK\wav48_silence_trimmed\p229\p229_160_mic1.flac,p229,1,1,0.4548562169075012,0.4548562169075012,0.4428926110267639,0.011963605880737305,4.5529375
lca,1,p229_160_mic1,p229,data\VCTK\wav48_silence_trimmed\p229\p229_160_mic1.flac,p313,0,1,0.42262551188468933,0.0101771280169487,0.42262551188468933,-0.41244838386774063,4.5529375
lca,2,p229_160_mic1,p229,data\VCTK\wav48_silence_trimmed\p229\p229_160_mic1.flac,p233,0,1,0.40601882338523865,0.16960462927818298,0.40601882338523865,-0.23641419410705566,4.5529375
lca,3,p229_160_mic1,p229,data\VCTK\wav48_silence_trimmed\p229\p229_160_mic1.flac,p313,0,1,0.396720826625824,0.2886718213558197,0.396720826625824,-0.10804900527000427,4.5529375
original,0,p230_158_mic1,p230,data\VCTK\wav48_silence_trimmed\p230\p230_158_mic1.flac,p230,1,1,0.49802350997924805,0.49802350997924805,0.42987632751464844,0.06814718246459961,2.859875
base,1,p230_158_mic1,p230,data\VCTK\wav48_silence_trimmed\p230\p230_158_mic1.flac,p313,0,1,0.31195610761642456,0.18946996331214905,0.31195610761642456,-0.12248614430427551,2.859875
base,2,p230_158_mic1,p230,data\VCTK\wav48_silence_trimmed\p230\p230_158_mic1.flac,p301,0,1,0.39232879877090454,0.25715234875679016,0.39232879877090454,-0.13517645001411438,2.859875
base,3,p230_158_mic1,p230,data\VCTK\wav48_silence_trimmed\p230\p230_158_mic1.flac,p249,0,1,0.34706276655197144,0.3320271372795105,0.34706276655197144,-0.015035629272460938,2.859875
lca,1,p230_158_mic1,p230,data\VCTK\wav48_silence_trimmed\p230\p230_158_mic1.flac,p280,0,1,0.41373634338378906,0.2996049225330353,0.41373634338378906,-0.11413142085075378,2.859875
lca,2,p230_158_mic1,p230,data\VCTK\wav48_silence_trimmed\p230\p230_158_mic1.flac,p314,0,1,0.47511884570121765,0.3298338055610657,0.47511884570121765,-0.14528504014015198,2.859875
lca,3,p230_158_mic1,p230,data\VCTK\wav48_silence_trimmed\p230\p230_158_mic1.flac,p314,0,1,0.46068844199180603,0.3286277949810028,0.46068844199180603,-0.13206064701080322,2.859875
original,0,p230_280_mic1,p230,data\VCTK\wav48_silence_trimmed\p230\p230_280_mic1.flac,p230,1,1,0.7353016138076782,0.7353016138076782,0.5323915481567383,0.20291006565093994,3.50775
base,1,p230_280_mic1,p230,data\VCTK\wav48_silence_trimmed\p230\p230_280_mic1.flac,p230,1,1,0.4702174663543701,0.4702174663543701,0.42093032598495483,0.04928714036941528,3.50775
base,2,p230_280_mic1,p230,data\VCTK\wav48_silence_trimmed\p230\p230_280_mic1.flac,p230,1,1,0.49613842368125916,0.49613842368125916,0.41074004769325256,0.08539837598800659,3.50775
base,3,p230_280_mic1,p230,data\VCTK\wav48_silence_trimmed\p230\p230_280_mic1.flac,p230,1,1,0.5479573607444763,0.5479573607444763,0.3805428743362427,0.16741448640823364,3.50775
lca,1,p230_280_mic1,p230,data\VCTK\wav48_silence_trimmed\p230\p230_280_mic1.flac,p250,0,1,0.3723134398460388,0.3359861969947815,0.3723134398460388,-0.036327242851257324,3.50775
lca,2,p230_280_mic1,p230,data\VCTK\wav48_silence_trimmed\p230\p230_280_mic1.flac,p340,0,1,0.4569062888622284,0.393282949924469,0.4569062888622284,-0.0636233389377594,3.50775
lca,3,p230_280_mic1,p230,data\VCTK\wav48_silence_trimmed\p230\p230_280_mic1.flac,p340,0,1,0.47416484355926514,0.46275827288627625,0.47416484355926514,-0.011406570672988892,3.50775
original,0,p230_282_mic1,p230,data\VCTK\wav48_silence_trimmed\p230\p230_282_mic1.flac,p230,1,1,0.6782187223434448,0.6782187223434448,0.5101569890975952,0.1680617332458496,2.536875
base,1,p230_282_mic1,p230,data\VCTK\wav48_silence_trimmed\p230\p230_282_mic1.flac,p230,1,1,0.38538023829460144,0.38538023829460144,0.2861635088920593,0.09921672940254211,2.536875
base,2,p230_282_mic1,p230,data\VCTK\wav48_silence_trimmed\p230\p230_282_mic1.flac,p230,1,1,0.5027417540550232,0.5027417540550232,0.3713034987449646,0.1314382553100586,2.536875
base,3,p230_282_mic1,p230,data\VCTK\wav48_silence_trimmed\p230\p230_282_mic1.flac,p230,1,1,0.4859285056591034,0.4859285056591034,0.340483158826828,0.1454453468322754,2.536875
lca,1,p230_282_mic1,p230,data\VCTK\wav48_silence_trimmed\p230\p230_282_mic1.flac,p250,0,1,0.4038679003715515,0.372644305229187,0.4038679003715515,-0.031223595142364502,2.536875
lca,2,p230_282_mic1,p230,data\VCTK\wav48_silence_trimmed\p230\p230_282_mic1.flac,p340,0,1,0.41222262382507324,0.40512990951538086,0.41222262382507324,-0.007092714309692383,2.536875
lca,3,p230_282_mic1,p230,data\VCTK\wav48_silence_trimmed\p230\p230_282_mic1.flac,p340,0,1,0.4613342881202698,0.39873355627059937,0.4613342881202698,-0.06260073184967041,2.536875
original,0,p230_291_mic2,p230,data\VCTK\wav48_silence_trimmed\p230\p230_291_mic2.flac,p230,1,1,0.6256029605865479,0.6256029605865479,0.4318586587905884,0.19374430179595947,2.6710625
base,1,p230_291_mic2,p230,data\VCTK\wav48_silence_trimmed\p230\p230_291_mic2.flac,p339,0,1,0.34828951954841614,0.25465601682662964,0.34828951954841614,-0.0936335027217865,2.6710625
base,2,p230_291_mic2,p230,data\VCTK\wav48_silence_trimmed\p230\p230_291_mic2.flac,p230,1,1,0.4162970781326294,0.4162970781326294,0.3311038017272949,0.08519327640533447,2.6710625
base,3,p230_291_mic2,p230,data\VCTK\wav48_silence_trimmed\p230\p230_291_mic2.flac,p230,1,1,0.3846490979194641,0.3846490979194641,0.3213907778263092,0.06325832009315491,2.6710625
lca,1,p230_291_mic2,p230,data\VCTK\wav48_silence_trimmed\p230\p230_291_mic2.flac,p262,0,1,0.41459107398986816,0.3880137801170349,0.41459107398986816,-0.026577293872833252,2.6710625
lca,2,p230_291_mic2,p230,data\VCTK\wav48_silence_trimmed\p230\p230_291_mic2.flac,p340,0,1,0.37812379002571106,0.3504241704940796,0.37812379002571106,-0.02769961953163147,2.6710625
lca,3,p230_291_mic2,p230,data\VCTK\wav48_silence_trimmed\p230\p230_291_mic2.flac,p308,0,1,0.3834518790245056,0.3501656949520111,0.3834518790245056,-0.03328618407249451,2.6710625
original,0,p230_312_mic2,p230,data\VCTK\wav48_silence_trimmed\p230\p230_312_mic2.flac,p230,1,1,0.6732718348503113,0.6732718348503113,0.4632081389427185,0.21006369590759277,2.6474375
base,1,p230_312_mic2,p230,data\VCTK\wav48_silence_trimmed\p230\p230_312_mic2.flac,p238,0,1,0.2781541347503662,0.17241692543029785,0.2781541347503662,-0.10573720932006836,2.6474375
base,2,p230_312_mic2,p230,data\VCTK\wav48_silence_trimmed\p230\p230_312_mic2.flac,p233,0,1,0.33703315258026123,0.318065881729126,0.33703315258026123,-0.018967270851135254,2.6474375
base,3,p230_312_mic2,p230,data\VCTK\wav48_silence_trimmed\p230\p230_312_mic2.flac,p230,1,1,0.44154155254364014,0.44154155254364014,0.40308570861816406,0.038455843925476074,2.6474375
lca,1,p230_312_mic2,p230,data\VCTK\wav48_silence_trimmed\p230\p230_312_mic2.flac,p233,0,1,0.36870402097702026,0.27428704500198364,0.36870402097702026,-0.09441697597503662,2.6474375
lca,2,p230_312_mic2,p230,data\VCTK\wav48_silence_trimmed\p230\p230_312_mic2.flac,p233,0,1,0.44408661127090454,0.32258325815200806,0.44408661127090454,-0.12150335311889648,2.6474375
lca,3,p230_312_mic2,p230,data\VCTK\wav48_silence_trimmed\p230\p230_312_mic2.flac,p233,0,1,0.4438802897930145,0.33241432905197144,0.4438802897930145,-0.11146596074104309,2.6474375
original,0,p231_100_mic1,p231,data\VCTK\wav48_silence_trimmed\p231\p231_100_mic1.flac,p231,1,1,0.7023972272872925,0.7023972272872925,0.4786340892314911,0.2237631380558014,2.496875
base,1,p231_100_mic1,p231,data\VCTK\wav48_silence_trimmed\p231\p231_100_mic1.flac,p339,0,1,0.2845463752746582,0.1670924574136734,0.2845463752746582,-0.1174539178609848,2.496875
base,2,p231_100_mic1,p231,data\VCTK\wav48_silence_trimmed\p231\p231_100_mic1.flac,p257,0,1,0.35177546739578247,0.3267871141433716,0.35177546739578247,-0.02498835325241089,2.496875
base,3,p231_100_mic1,p231,data\VCTK\wav48_silence_trimmed\p231\p231_100_mic1.flac,p231,1,1,0.4355706572532654,0.4355706572532654,0.4297642707824707,0.005806386470794678,2.496875
lca,1,p231_100_mic1,p231,data\VCTK\wav48_silence_trimmed\p231\p231_100_mic1.flac,p280,0,1,0.30151546001434326,0.18817958235740662,0.30151546001434326,-0.11333587765693665,2.496875
lca,2,p231_100_mic1,p231,data\VCTK\wav48_silence_trimmed\p231\p231_100_mic1.flac,p314,0,1,0.3823881447315216,0.31914910674095154,0.3823881447315216,-0.06323903799057007,2.496875
lca,3,p231_100_mic1,p231,data\VCTK\wav48_silence_trimmed\p231\p231_100_mic1.flac,p280,0,1,0.4409334659576416,0.4074391722679138,0.4409334659576416,-0.03349429368972778,2.496875
original,0,p231_107_mic1,p231,data\VCTK\wav48_silence_trimmed\p231\p231_107_mic1.flac,p231,1,1,0.5588549375534058,0.5588549375534058,0.428320050239563,0.13053488731384277,1.7539375
base,1,p231_107_mic1,p231,data\VCTK\wav48_silence_trimmed\p231\p231_107_mic1.flac,p281,0,1,0.2688288688659668,0.10196444392204285,0.2688288688659668,-0.16686442494392395,1.7539375
base,2,p231_107_mic1,p231,data\VCTK\wav48_silence_trimmed\p231\p231_107_mic1.flac,p252,0,1,0.301832377910614,0.1718042492866516,0.301832377910614,-0.1300281286239624,1.7539375
base,3,p231_107_mic1,p231,data\VCTK\wav48_silence_trimmed\p231\p231_107_mic1.flac,p241,0,1,0.30978795886039734,0.16722983121871948,0.30978795886039734,-0.14255812764167786,1.7539375
lca,1,p231_107_mic1,p231,data\VCTK\wav48_silence_trimmed\p231\p231_107_mic1.flac,p270,0,1,0.282601922750473,-0.0035694167017936707,0.282601922750473,-0.2861713394522667,1.7539375
lca,2,p231_107_mic1,p231,data\VCTK\wav48_silence_trimmed\p231\p231_107_mic1.flac,p298,0,1,0.29505735635757446,0.1812456250190735,0.29505735635757446,-0.11381173133850098,1.7539375
lca,3,p231_107_mic1,p231,data\VCTK\wav48_silence_trimmed\p231\p231_107_mic1.flac,p252,0,1,0.35034075379371643,0.22237461805343628,0.35034075379371643,-0.12796613574028015,1.7539375
original,0,p231_164_mic2,p231,data\VCTK\wav48_silence_trimmed\p231\p231_164_mic2.flac,p231,1,1,0.5608696937561035,0.5608696937561035,0.35717344284057617,0.20369625091552734,2.214875
base,1,p231_164_mic2,p231,data\VCTK\wav48_silence_trimmed\p231\p231_164_mic2.flac,s5,0,1,0.3161385655403137,0.1892908811569214,0.3161385655403137,-0.12684768438339233,2.214875
base,2,p231_164_mic2,p231,data\VCTK\wav48_silence_trimmed\p231\p231_164_mic2.flac,p313,0,1,0.43361207842826843,0.39008423686027527,0.43361207842826843,-0.043527841567993164,2.214875
base,3,p231_164_mic2,p231,data\VCTK\wav48_silence_trimmed\p231\p231_164_mic2.flac,p308,0,1,0.4267316460609436,0.39948052167892456,0.4267316460609436,-0.027251124382019043,2.214875
lca,1,p231_164_mic2,p231,data\VCTK\wav48_silence_trimmed\p231\p231_164_mic2.flac,p301,0,1,0.3837229907512665,0.1722814291715622,0.3837229907512665,-0.21144156157970428,2.214875
lca,2,p231_164_mic2,p231,data\VCTK\wav48_silence_trimmed\p231\p231_164_mic2.flac,p262,0,1,0.4057224988937378,0.31536486744880676,0.4057224988937378,-0.09035763144493103,2.214875
lca,3,p231_164_mic2,p231,data\VCTK\wav48_silence_trimmed\p231\p231_164_mic2.flac,p299,0,1,0.4538295269012451,0.3798745274543762,0.4538295269012451,-0.0739549994468689,2.214875
original,0,p231_228_mic2,p231,data\VCTK\wav48_silence_trimmed\p231\p231_228_mic2.flac,p231,1,1,0.6647751331329346,0.6647751331329346,0.44180911779403687,0.2229660153388977,2.4755625
base,1,p231_228_mic2,p231,data\VCTK\wav48_silence_trimmed\p231\p231_228_mic2.flac,p343,0,1,0.2884565591812134,0.19545966386795044,0.2884565591812134,-0.09299689531326294,2.4755625
base,2,p231_228_mic2,p231,data\VCTK\wav48_silence_trimmed\p231\p231_228_mic2.flac,p250,0,1,0.4439171850681305,0.4388630986213684,0.4439171850681305,-0.005054086446762085,2.4755625
base,3,p231_228_mic2,p231,data\VCTK\wav48_silence_trimmed\p231\p231_228_mic2.flac,p231,1,1,0.49052199721336365,0.49052199721336365,0.4662379026412964,0.02428409457206726,2.4755625
lca,1,p231_228_mic2,p231,data\VCTK\wav48_silence_trimmed\p231\p231_228_mic2.flac,p262,0,1,0.3544882535934448,0.1847119778394699,0.3544882535934448,-0.16977627575397491,2.4755625
lca,2,p231_228_mic2,p231,data\VCTK\wav48_silence_trimmed\p231\p231_228_mic2.flac,p314,0,1,0.3584205210208893,0.3389396071434021,0.3584205210208893,-0.019480913877487183,2.4755625
lca,3,p231_228_mic2,p231,data\VCTK\wav48_silence_trimmed\p231\p231_228_mic2.flac,p267,0,1,0.42379432916641235,0.4047466516494751,0.42379432916641235,-0.019047677516937256,2.4755625
original,0,p231_284_mic2,p231,data\VCTK\wav48_silence_trimmed\p231\p231_284_mic2.flac,p231,1,1,0.7542822360992432,0.7542822360992432,0.46042099595069885,0.2938612401485443,2.455625
base,1,p231_284_mic2,p231,data\VCTK\wav48_silence_trimmed\p231\p231_284_mic2.flac,p253,0,1,0.39980441331863403,0.3026036024093628,0.39980441331863403,-0.09720081090927124,2.455625
base,2,p231_284_mic2,p231,data\VCTK\wav48_silence_trimmed\p231\p231_284_mic2.flac,p231,1,1,0.44708675146102905,0.44708675146102905,0.4048108756542206,0.04227587580680847,2.455625
base,3,p231_284_mic2,p231,data\VCTK\wav48_silence_trimmed\p231\p231_284_mic2.flac,p231,1,1,0.5244320631027222,0.5244320631027222,0.45352280139923096,0.07090926170349121,2.455625
lca,1,p231_284_mic2,p231,data\VCTK\wav48_silence_trimmed\p231\p231_284_mic2.flac,p225,0,1,0.3730901777744293,0.21752020716667175,0.3730901777744293,-0.15556997060775757,2.455625
lca,2,p231_284_mic2,p231,data\VCTK\wav48_silence_trimmed\p231\p231_284_mic2.flac,p280,0,1,0.4298279583454132,0.37836140394210815,0.4298279583454132,-0.051466554403305054,2.455625
lca,3,p231_284_mic2,p231,data\VCTK\wav48_silence_trimmed\p231\p231_284_mic2.flac,p340,0,1,0.45106151700019836,0.4244406223297119,0.45106151700019836,-0.02662089467048645,2.455625
original,0,p232_083_mic1,p232,data\VCTK\wav48_silence_trimmed\p232\p232_083_mic1.flac,p232,1,1,0.7235376238822937,0.7235376238822937,0.32984182238578796,0.39369580149650574,2.043375
base,1,p232_083_mic1,p232,data\VCTK\wav48_silence_trimmed\p232\p232_083_mic1.flac,p292,0,0,0.23488545417785645,0.08829828351736069,0.23488545417785645,-0.14658717066049576,2.043375
base,2,p232_083_mic1,p232,data\VCTK\wav48_silence_trimmed\p232\p232_083_mic1.flac,p232,1,1,0.3435777425765991,0.3435777425765991,0.3244396448135376,0.019138097763061523,2.043375
base,3,p232_083_mic1,p232,data\VCTK\wav48_silence_trimmed\p232\p232_083_mic1.flac,p285,0,1,0.31549835205078125,0.3147754669189453,0.31549835205078125,-0.0007228851318359375,2.043375
lca,1,p232_083_mic1,p232,data\VCTK\wav48_silence_trimmed\p232\p232_083_mic1.flac,p245,0,1,0.26485300064086914,0.14699828624725342,0.26485300064086914,-0.11785471439361572,2.043375
lca,2,p232_083_mic1,p232,data\VCTK\wav48_silence_trimmed\p232\p232_083_mic1.flac,p281,0,1,0.29765021800994873,0.25032663345336914,0.29765021800994873,-0.04732358455657959,2.043375
lca,3,p232_083_mic1,p232,data\VCTK\wav48_silence_trimmed\p232\p232_083_mic1.flac,p281,0,1,0.36930620670318604,0.26612427830696106,0.36930620670318604,-0.10318192839622498,2.043375
original,0,p232_283_mic2,p232,data\VCTK\wav48_silence_trimmed\p232\p232_283_mic2.flac,p232,1,1,0.7625128030776978,0.7625128030776978,0.2688305675983429,0.49368223547935486,2.16525
base,1,p232_283_mic2,p232,data\VCTK\wav48_silence_trimmed\p232\p232_283_mic2.flac,p258,0,1,0.2735794186592102,0.12119922786951065,0.2735794186592102,-0.15238019078969955,2.16525
base,2,p232_283_mic2,p232,data\VCTK\wav48_silence_trimmed\p232\p232_283_mic2.flac,p232,1,1,0.3429350256919861,0.3429350256919861,0.31664973497390747,0.026285290718078613,2.16525
base,3,p232_283_mic2,p232,data\VCTK\wav48_silence_trimmed\p232\p232_283_mic2.flac,p232,1,1,0.40461868047714233,0.40461868047714233,0.33330661058425903,0.0713120698928833,2.16525
lca,1,p232_283_mic2,p232,data\VCTK\wav48_silence_trimmed\p232\p232_283_mic2.flac,p313,0,1,0.28635841608047485,0.10261867940425873,0.28635841608047485,-0.18373973667621613,2.16525
lca,2,p232_283_mic2,p232,data\VCTK\wav48_silence_trimmed\p232\p232_283_mic2.flac,p233,0,1,0.3196600377559662,0.21646562218666077,0.3196600377559662,-0.10319441556930542,2.16525
lca,3,p232_283_mic2,p232,data\VCTK\wav48_silence_trimmed\p232\p232_283_mic2.flac,p281,0,1,0.29067444801330566,0.26219508051872253,0.29067444801330566,-0.02847936749458313,2.16525
original,0,p232_284_mic2,p232,data\VCTK\wav48_silence_trimmed\p232\p232_284_mic2.flac,p232,1,1,0.6669148206710815,0.6669148206710815,0.3323393166065216,0.33457550406455994,2.99725
base,1,p232_284_mic2,p232,data\VCTK\wav48_silence_trimmed\p232\p232_284_mic2.flac,p364,0,1,0.3208826780319214,0.18898874521255493,0.3208826780319214,-0.13189393281936646,2.99725
base,2,p232_284_mic2,p232,data\VCTK\wav48_silence_trimmed\p232\p232_284_mic2.flac,p232,1,1,0.33826640248298645,0.33826640248298645,0.2730400264263153,0.06522637605667114,2.99725
base,3,p232_284_mic2,p232,data\VCTK\wav48_silence_trimmed\p232\p232_284_mic2.flac,p232,1,1,0.36568108201026917,0.36568108201026917,0.28114455938339233,0.08453652262687683,2.99725
lca,1,p232_284_mic2,p232,data\VCTK\wav48_silence_trimmed\p232\p232_284_mic2.flac,p364,0,1,0.2948281168937683,0.07168922573328018,0.2948281168937683,-0.22313889116048813,2.99725
lca,2,p232_284_mic2,p232,data\VCTK\wav48_silence_trimmed\p232\p232_284_mic2.flac,p313,0,1,0.2565220594406128,0.18791867792606354,0.2565220594406128,-0.06860338151454926,2.99725
lca,3,p232_284_mic2,p232,data\VCTK\wav48_silence_trimmed\p232\p232_284_mic2.flac,p313,0,1,0.27498799562454224,0.18148809671401978,0.27498799562454224,-0.09349989891052246,2.99725
original,0,p232_332_mic1,p232,data\VCTK\wav48_silence_trimmed\p232\p232_332_mic1.flac,p232,1,1,0.6892439126968384,0.6892439126968384,0.32119932770729065,0.36804458498954773,2.5283125
base,1,p232_332_mic1,p232,data\VCTK\wav48_silence_trimmed\p232\p232_332_mic1.flac,p360,0,1,0.37952542304992676,0.32201534509658813,0.37952542304992676,-0.05751007795333862,2.5283125
base,2,p232_332_mic1,p232,data\VCTK\wav48_silence_trimmed\p232\p232_332_mic1.flac,p232,1,1,0.3679325580596924,0.3679325580596924,0.3252699077129364,0.04266265034675598,2.5283125
base,3,p232_332_mic1,p232,data\VCTK\wav48_silence_trimmed\p232\p232_332_mic1.flac,p232,1,1,0.4501456916332245,0.4501456916332245,0.3559112548828125,0.09423443675041199,2.5283125
lca,1,p232_332_mic1,p232,data\VCTK\wav48_silence_trimmed\p232\p232_332_mic1.flac,p281,0,1,0.2977561354637146,0.10092926770448685,0.2977561354637146,-0.19682686775922775,2.5283125
lca,2,p232_332_mic1,p232,data\VCTK\wav48_silence_trimmed\p232\p232_332_mic1.flac,p281,0,1,0.3507697582244873,0.19432079792022705,0.3507697582244873,-0.15644896030426025,2.5283125
lca,3,p232_332_mic1,p232,data\VCTK\wav48_silence_trimmed\p232\p232_332_mic1.flac,p266,0,1,0.3276031017303467,0.26385587453842163,0.3276031017303467,-0.06374722719192505,2.5283125
original,0,p232_390_mic1,p232,data\VCTK\wav48_silence_trimmed\p232\p232_390_mic1.flac,p232,1,1,0.638100266456604,0.638100266456604,0.434401273727417,0.203698992729187,2.2246875
base,1,p232_390_mic1,p232,data\VCTK\wav48_silence_trimmed\p232\p232_390_mic1.flac,p285,0,1,0.3111587166786194,0.1725030392408371,0.3111587166786194,-0.1386556774377823,2.2246875
base,2,p232_390_mic1,p232,data\VCTK\wav48_silence_trimmed\p232\p232_390_mic1.flac,p232,1,1,0.32655900716781616,0.32655900716781616,0.2741249203681946,0.05243408679962158,2.2246875
base,3,p232_390_mic1,p232,data\VCTK\wav48_silence_trimmed\p232\p232_390_mic1.flac,p232,1,1,0.40663355588912964,0.40663355588912964,0.2840844988822937,0.12254905700683594,2.2246875
lca,1,p232_390_mic1,p232,data\VCTK\wav48_silence_trimmed\p232\p232_390_mic1.flac,p313,0,1,0.27836012840270996,0.11455477029085159,0.27836012840270996,-0.16380535811185837,2.2246875
lca,2,p232_390_mic1,p232,data\VCTK\wav48_silence_trimmed\p232\p232_390_mic1.flac,p275,0,1,0.38207507133483887,0.16740895807743073,0.38207507133483887,-0.21466611325740814,2.2246875
lca,3,p232_390_mic1,p232,data\VCTK\wav48_silence_trimmed\p232\p232_390_mic1.flac,p275,0,1,0.3228077292442322,0.2613639831542969,0.3228077292442322,-0.0614437460899353,2.2246875
original,0,p233_013_mic2,p233,data\VCTK\wav48_silence_trimmed\p233\p233_013_mic2.flac,p233,1,1,0.7355508804321289,0.7355508804321289,0.43436676263809204,0.30118411779403687,4.6959375
base,1,p233_013_mic2,p233,data\VCTK\wav48_silence_trimmed\p233\p233_013_mic2.flac,p233,1,1,0.3922058343887329,0.3922058343887329,0.35955867171287537,0.032647162675857544,4.6959375
base,2,p233_013_mic2,p233,data\VCTK\wav48_silence_trimmed\p233\p233_013_mic2.flac,p233,1,1,0.44915521144866943,0.44915521144866943,0.41561073064804077,0.03354448080062866,4.6959375
base,3,p233_013_mic2,p233,data\VCTK\wav48_silence_trimmed\p233\p233_013_mic2.flac,p233,1,1,0.5161067843437195,0.5161067843437195,0.4018784761428833,0.11422830820083618,4.6959375
lca,1,p233_013_mic2,p233,data\VCTK\wav48_silence_trimmed\p233\p233_013_mic2.flac,p250,0,1,0.41484424471855164,0.4116114675998688,0.41484424471855164,-0.0032327771186828613,4.6959375
lca,2,p233_013_mic2,p233,data\VCTK\wav48_silence_trimmed\p233\p233_013_mic2.flac,p233,1,1,0.504867672920227,0.504867672920227,0.4157954454421997,0.08907222747802734,4.6959375
lca,3,p233_013_mic2,p233,data\VCTK\wav48_silence_trimmed\p233\p233_013_mic2.flac,p233,1,1,0.5649493336677551,0.5649493336677551,0.3836132884025574,0.18133604526519775,4.6959375
original,0,p233_063_mic1,p233,data\VCTK\wav48_silence_trimmed\p233\p233_063_mic1.flac,p233,1,1,0.6791441440582275,0.6791441440582275,0.528779923915863,0.1503642201423645,2.5203125
base,1,p233_063_mic1,p233,data\VCTK\wav48_silence_trimmed\p233\p233_063_mic1.flac,p230,0,1,0.4967159628868103,0.35189491510391235,0.4967159628868103,-0.14482104778289795,2.5203125
base,2,p233_063_mic1,p233,data\VCTK\wav48_silence_trimmed\p233\p233_063_mic1.flac,p230,0,1,0.493831992149353,0.4058504104614258,0.493831992149353,-0.08798158168792725,2.5203125
base,3,p233_063_mic1,p233,data\VCTK\wav48_silence_trimmed\p233\p233_063_mic1.flac,p233,1,1,0.490344762802124,0.490344762802124,0.468149870634079,0.022194892168045044,2.5203125
lca,1,p233_063_mic1,p233,data\VCTK\wav48_silence_trimmed\p233\p233_063_mic1.flac,p230,0,1,0.4479479193687439,0.35849130153656006,0.4479479193687439,-0.08945661783218384,2.5203125
lca,2,p233_063_mic1,p233,data\VCTK\wav48_silence_trimmed\p233\p233_063_mic1.flac,p250,0,1,0.5083298683166504,0.44398725032806396,0.5083298683166504,-0.06434261798858643,2.5203125
lca,3,p233_063_mic1,p233,data\VCTK\wav48_silence_trimmed\p233\p233_063_mic1.flac,p250,0,1,0.5267735719680786,0.4463975727558136,0.5267735719680786,-0.08037599921226501,2.5203125
original,0,p233_070_mic2,p233,data\VCTK\wav48_silence_trimmed\p233\p233_070_mic2.flac,p233,1,1,0.6617737412452698,0.6617737412452698,0.3708263337612152,0.29094740748405457,3.942
base,1,p233_070_mic2,p233,data\VCTK\wav48_silence_trimmed\p233\p233_070_mic2.flac,p233,1,1,0.2783430814743042,0.2783430814743042,0.2706996202468872,0.007643461227416992,3.942
base,2,p233_070_mic2,p233,data\VCTK\wav48_silence_trimmed\p233\p233_070_mic2.flac,p230,0,1,0.4336889684200287,0.3931819796562195,0.4336889684200287,-0.040506988763809204,3.942
base,3,p233_070_mic2,p233,data\VCTK\wav48_silence_trimmed\p233\p233_070_mic2.flac,p230,0,1,0.4294496774673462,0.4151277244091034,0.4294496774673462,-0.014321953058242798,3.942
lca,1,p233_070_mic2,p233,data\VCTK\wav48_silence_trimmed\p233\p233_070_mic2.flac,p280,0,1,0.3836810886859894,0.3556919991970062,0.3836810886859894,-0.027989089488983154,3.942
lca,2,p233_070_mic2,p233,data\VCTK\wav48_silence_trimmed\p233\p233_070_mic2.flac,p280,0,1,0.4471858739852905,0.412306547164917,0.4471858739852905,-0.034879326820373535,3.942
lca,3,p233_070_mic2,p233,data\VCTK\wav48_silence_trimmed\p233\p233_070_mic2.flac,p280,0,1,0.4959957003593445,0.460721492767334,0.4959957003593445,-0.0352742075920105,3.942
original,0,p233_238_mic2,p233,data\VCTK\wav48_silence_trimmed\p233\p233_238_mic2.flac,p233,1,1,0.7801194190979004,0.7801194190979004,0.47479885816574097,0.3053205609321594,5.059125
base,1,p233_238_mic2,p233,data\VCTK\wav48_silence_trimmed\p233\p233_238_mic2.flac,p230,0,1,0.451276570558548,0.393013596534729,0.451276570558548,-0.05826297402381897,5.059125
base,2,p233_238_mic2,p233,data\VCTK\wav48_silence_trimmed\p233\p233_238_mic2.flac,p233,1,1,0.5178463459014893,0.5178463459014893,0.4180668890476227,0.09977945685386658,5.059125
base,3,p233_238_mic2,p233,data\VCTK\wav48_silence_trimmed\p233\p233_238_mic2.flac,p233,1,1,0.5585674047470093,0.5585674047470093,0.41718122363090515,0.14138618111610413,5.059125
lca,1,p233_238_mic2,p233,data\VCTK\wav48_silence_trimmed\p233\p233_238_mic2.flac,p250,0,1,0.43999671936035156,0.3696126937866211,0.43999671936035156,-0.07038402557373047,5.059125
lca,2,p233_238_mic2,p233,data\VCTK\wav48_silence_trimmed\p233\p233_238_mic2.flac,p280,0,1,0.5367177724838257,0.47989779710769653,0.5367177724838257,-0.05681997537612915,5.059125
lca,3,p233_238_mic2,p233,data\VCTK\wav48_silence_trimmed\p233\p233_238_mic2.flac,p280,0,1,0.5247677564620972,0.51760333776474,0.5247677564620972,-0.007164418697357178,5.059125
original,0,p233_282_mic1,p233,data\VCTK\wav48_silence_trimmed\p233\p233_282_mic1.flac,p233,1,1,0.7906081676483154,0.7906081676483154,0.41941720247268677,0.37119096517562866,4.1770625
base,1,p233_282_mic1,p233,data\VCTK\wav48_silence_trimmed\p233\p233_282_mic1.flac,p230,0,1,0.40862542390823364,0.38169676065444946,0.40862542390823364,-0.02692866325378418,4.1770625
base,2,p233_282_mic1,p233,data\VCTK\wav48_silence_trimmed\p233\p233_282_mic1.flac,p283,0,1,0.4762035012245178,0.4488108158111572,0.4762035012245178,-0.027392685413360596,4.1770625
base,3,p233_282_mic1,p233,data\VCTK\wav48_silence_trimmed\p233\p233_282_mic1.flac,p233,1,1,0.5364426374435425,0.5364426374435425,0.4864368438720703,0.05000579357147217,4.1770625
lca,1,p233_282_mic1,p233,data\VCTK\wav48_silence_trimmed\p233\p233_282_mic1.flac,p233,1,1,0.40222203731536865,0.40222203731536865,0.39863890409469604,0.0035831332206726074,4.1770625
lca,2,p233_282_mic1,p233,data\VCTK\wav48_silence_trimmed\p233\p233_282_mic1.flac,p233,1,1,0.47664010524749756,0.47664010524749756,0.4222894608974457,0.05435064435005188,4.1770625
lca,3,p233_282_mic1,p233,data\VCTK\wav48_silence_trimmed\p233\p233_282_mic1.flac,p233,1,1,0.5292203426361084,0.5292203426361084,0.44282397627830505,0.08639636635780334,4.1770625
original,0,p234_027_mic1,p234,data\VCTK\wav48_silence_trimmed\p234\p234_027_mic1.flac,p234,1,1,0.7506527304649353,0.7506527304649353,0.42814093828201294,0.32251179218292236,3.67425
base,1,p234_027_mic1,p234,data\VCTK\wav48_silence_trimmed\p234\p234_027_mic1.flac,p233,0,1,0.3859919607639313,0.2452341765165329,0.3859919607639313,-0.14075778424739838,3.67425
base,2,p234_027_mic1,p234,data\VCTK\wav48_silence_trimmed\p234\p234_027_mic1.flac,p301,0,1,0.40908387303352356,0.2901626527309418,0.40908387303352356,-0.11892122030258179,3.67425
base,3,p234_027_mic1,p234,data\VCTK\wav48_silence_trimmed\p234\p234_027_mic1.flac,p293,0,1,0.40085288882255554,0.354110449552536,0.40085288882255554,-0.04674243927001953,3.67425
lca,1,p234_027_mic1,p234,data\VCTK\wav48_silence_trimmed\p234\p234_027_mic1.flac,p233,0,1,0.38254106044769287,0.18910685181617737,0.38254106044769287,-0.1934342086315155,3.67425
lca,2,p234_027_mic1,p234,data\VCTK\wav48_silence_trimmed\p234\p234_027_mic1.flac,p361,0,1,0.35843080282211304,0.26707762479782104,0.35843080282211304,-0.09135317802429199,3.67425
lca,3,p234_027_mic1,p234,data\VCTK\wav48_silence_trimmed\p234\p234_027_mic1.flac,p361,0,1,0.3818131685256958,0.31920868158340454,0.3818131685256958,-0.06260448694229126,3.67425
original,0,p234_035_mic1,p234,data\VCTK\wav48_silence_trimmed\p234\p234_035_mic1.flac,p234,1,1,0.8007333874702454,0.8007333874702454,0.4766859710216522,0.32404741644859314,3.07525
base,1,p234_035_mic1,p234,data\VCTK\wav48_silence_trimmed\p234\p234_035_mic1.flac,p301,0,1,0.38548731803894043,0.20573456585407257,0.38548731803894043,-0.17975275218486786,3.07525
base,2,p234_035_mic1,p234,data\VCTK\wav48_silence_trimmed\p234\p234_035_mic1.flac,p264,0,1,0.44273459911346436,0.25984832644462585,0.44273459911346436,-0.1828862726688385,3.07525
base,3,p234_035_mic1,p234,data\VCTK\wav48_silence_trimmed\p234\p234_035_mic1.flac,p253,0,1,0.41433632373809814,0.3058851957321167,0.41433632373809814,-0.10845112800598145,3.07525
lca,1,p234_035_mic1,p234,data\VCTK\wav48_silence_trimmed\p234\p234_035_mic1.flac,p343,0,1,0.30403628945350647,0.21130876243114471,0.30403628945350647,-0.09272752702236176,3.07525
lca,2,p234_035_mic1,p234,data\VCTK\wav48_silence_trimmed\p234\p234_035_mic1.flac,p314,0,1,0.38222214579582214,0.3748794198036194,0.38222214579582214,-0.007342725992202759,3.07525
lca,3,p234_035_mic1,p234,data\VCTK\wav48_silence_trimmed\p234\p234_035_mic1.flac,p234,1,1,0.4156600832939148,0.4156600832939148,0.3828522562980652,0.03280782699584961,3.07525
original,0,p234_228_mic2,p234,data\VCTK\wav48_silence_trimmed\p234\p234_228_mic2.flac,p234,1,1,0.7306308746337891,0.7306308746337891,0.4568035304546356,0.27382734417915344,2.390625
base,1,p234_228_mic2,p234,data\VCTK\wav48_silence_trimmed\p234\p234_228_mic2.flac,p301,0,1,0.3749428391456604,0.08742344379425049,0.3749428391456604,-0.2875193953514099,2.390625
base,2,p234_228_mic2,p234,data\VCTK\wav48_silence_trimmed\p234\p234_228_mic2.flac,p301,0,1,0.5044175386428833,0.1700996309518814,0.5044175386428833,-0.3343179076910019,2.390625
base,3,p234_228_mic2,p234,data\VCTK\wav48_silence_trimmed\p234\p234_228_mic2.flac,p301,0,1,0.546727180480957,0.25303351879119873,0.546727180480957,-0.2936936616897583,2.390625
lca,1,p234_228_mic2,p234,data\VCTK\wav48_silence_trimmed\p234\p234_228_mic2.flac,p301,0,1,0.367637574672699,0.1265789270401001,0.367637574672699,-0.24105864763259888,2.390625
lca,2,p234_228_mic2,p234,data\VCTK\wav48_silence_trimmed\p234\p234_228_mic2.flac,p262,0,1,0.4098857045173645,0.18886561691761017,0.4098857045173645,-0.22102008759975433,2.390625
lca,3,p234_228_mic2,p234,data\VCTK\wav48_silence_trimmed\p234\p234_228_mic2.flac,p262,0,1,0.41333556175231934,0.21815110743045807,0.41333556175231934,-0.19518445432186127,2.390625
original,0,p234_340_mic2,p234,data\VCTK\wav48_silence_trimmed\p234\p234_340_mic2.flac,p234,1,1,0.5271742343902588,0.5271742343902588,0.40208005905151367,0.12509417533874512,3.2848125
base,1,p234_340_mic2,p234,data\VCTK\wav48_silence_trimmed\p234\p234_340_mic2.flac,p255,0,1,0.34243983030319214,0.2536449432373047,0.34243983030319214,-0.08879488706588745,3.2848125
base,2,p234_340_mic2,p234,data\VCTK\wav48_silence_trimmed\p234\p234_340_mic2.flac,p301,0,1,0.4511326849460602,0.38252681493759155,0.4511326849460602,-0.06860587000846863,3.2848125
base,3,p234_340_mic2,p234,data\VCTK\wav48_silence_trimmed\p234\p234_340_mic2.flac,p301,0,1,0.4761464595794678,0.35985326766967773,0.4761464595794678,-0.11629319190979004,3.2848125
lca,1,p234_340_mic2,p234,data\VCTK\wav48_silence_trimmed\p234\p234_340_mic2.flac,p280,0,1,0.3263317048549652,0.20251020789146423,0.3263317048549652,-0.12382149696350098,3.2848125
lca,2,p234_340_mic2,p234,data\VCTK\wav48_silence_trimmed\p234\p234_340_mic2.flac,p280,0,1,0.37649810314178467,0.334467351436615,0.37649810314178467,-0.04203075170516968,3.2848125
lca,3,p234_340_mic2,p234,data\VCTK\wav48_silence_trimmed\p234\p234_340_mic2.flac,p340,0,1,0.3735622763633728,0.32876887917518616,0.3735622763633728,-0.044793397188186646,3.2848125
original,0,p234_355_mic1,p234,data\VCTK\wav48_silence_trimmed\p234\p234_355_mic1.flac,p234,1,1,0.746697723865509,0.746697723865509,0.4535841941833496,0.2931135296821594,2.7743125
base,1,p234_355_mic1,p234,data\VCTK\wav48_silence_trimmed\p234\p234_355_mic1.flac,p301,0,1,0.41417238116264343,0.16842558979988098,0.41417238116264343,-0.24574679136276245,2.7743125
base,2,p234_355_mic1,p234,data\VCTK\wav48_silence_trimmed\p234\p234_355_mic1.flac,p301,0,1,0.4123559594154358,0.26537078619003296,0.4123559594154358,-0.14698517322540283,2.7743125
base,3,p234_355_mic1,p234,data\VCTK\wav48_silence_trimmed\p234\p234_355_mic1.flac,p301,0,1,0.4881890118122101,0.2915723919868469,0.4881890118122101,-0.19661661982536316,2.7743125
lca,1,p234_355_mic1,p234,data\VCTK\wav48_silence_trimmed\p234\p234_355_mic1.flac,p233,0,1,0.3284260630607605,0.21592757105827332,0.3284260630607605,-0.11249849200248718,2.7743125
lca,2,p234_355_mic1,p234,data\VCTK\wav48_silence_trimmed\p234\p234_355_mic1.flac,p340,0,1,0.4351096451282501,0.2715403437614441,0.4351096451282501,-0.16356930136680603,2.7743125
lca,3,p234_355_mic1,p234,data\VCTK\wav48_silence_trimmed\p234\p234_355_mic1.flac,p340,0,1,0.43391579389572144,0.31556612253189087,0.43391579389572144,-0.11834967136383057,2.7743125
original,0,p236_045_mic2,p236,data\VCTK\wav48_silence_trimmed\p236\p236_045_mic2.flac,p236,1,1,0.6615000367164612,0.6615000367164612,0.4199676513671875,0.24153238534927368,2.093125
base,1,p236_045_mic2,p236,data\VCTK\wav48_silence_trimmed\p236\p236_045_mic2.flac,p230,0,1,0.392802894115448,0.11885713785886765,0.392802894115448,-0.27394575625658035,2.093125
base,2,p236_045_mic2,p236,data\VCTK\wav48_silence_trimmed\p236\p236_045_mic2.flac,p230,0,1,0.4373106360435486,0.3066253662109375,0.4373106360435486,-0.13068526983261108,2.093125
base,3,p236_045_mic2,p236,data\VCTK\wav48_silence_trimmed\p236\p236_045_mic2.flac,p340,0,1,0.41414499282836914,0.3616396188735962,0.41414499282836914,-0.05250537395477295,2.093125
lca,1,p236_045_mic2,p236,data\VCTK\wav48_silence_trimmed\p236\p236_045_mic2.flac,p250,0,1,0.35149651765823364,0.2200363278388977,0.35149651765823364,-0.13146018981933594,2.093125
lca,2,p236_045_mic2,p236,data\VCTK\wav48_silence_trimmed\p236\p236_045_mic2.flac,p340,0,1,0.5302354097366333,0.25939297676086426,0.5302354097366333,-0.27084243297576904,2.093125
lca,3,p236_045_mic2,p236,data\VCTK\wav48_silence_trimmed\p236\p236_045_mic2.flac,p340,0,1,0.5482608079910278,0.28716951608657837,0.5482608079910278,-0.26109129190444946,2.093125
original,0,p236_091_mic2,p236,data\VCTK\wav48_silence_trimmed\p236\p236_091_mic2.flac,p236,1,1,0.7585245966911316,0.7585245966911316,0.4402410387992859,0.3182835578918457,2.8626875
base,1,p236_091_mic2,p236,data\VCTK\wav48_silence_trimmed\p236\p236_091_mic2.flac,p257,0,1,0.34563225507736206,0.03878290578722954,0.34563225507736206,-0.3068493492901325,2.8626875
base,2,p236_091_mic2,p236,data\VCTK\wav48_silence_trimmed\p236\p236_091_mic2.flac,p250,0,1,0.379050612449646,0.3363783061504364,0.379050612449646,-0.042672306299209595,2.8626875
base,3,p236_091_mic2,p236,data\VCTK\wav48_silence_trimmed\p236\p236_091_mic2.flac,p236,1,1,0.4726354479789734,0.4726354479789734,0.4112204611301422,0.06141498684883118,2.8626875
lca,1,p236_091_mic2,p236,data\VCTK\wav48_silence_trimmed\p236\p236_091_mic2.flac,p280,0,1,0.40665167570114136,0.10797937214374542,0.40665167570114136,-0.29867230355739594,2.8626875
lca,2,p236_091_mic2,p236,data\VCTK\wav48_silence_trimmed\p236\p236_091_mic2.flac,p340,0,1,0.4644869267940521,0.37839072942733765,0.4644869267940521,-0.08609619736671448,2.8626875
lca,3,p236_091_mic2,p236,data\VCTK\wav48_silence_trimmed\p236\p236_091_mic2.flac,p340,0,1,0.5211701989173889,0.42839157581329346,0.5211701989173889,-0.09277862310409546,2.8626875
original,0,p236_142_mic2,p236,data\VCTK\wav48_silence_trimmed\p236\p236_142_mic2.flac,p236,1,1,0.6011221408843994,0.6011221408843994,0.40891796350479126,0.19220417737960815,2.3915625
base,1,p236_142_mic2,p236,data\VCTK\wav48_silence_trimmed\p236\p236_142_mic2.flac,p283,0,1,0.3440762162208557,0.07897886633872986,0.3440762162208557,-0.26509734988212585,2.3915625
base,2,p236_142_mic2,p236,data\VCTK\wav48_silence_trimmed\p236\p236_142_mic2.flac,p283,0,1,0.4547039866447449,0.15720170736312866,0.4547039866447449,-0.2975022792816162,2.3915625
base,3,p236_142_mic2,p236,data\VCTK\wav48_silence_trimmed\p236\p236_142_mic2.flac,p317,0,1,0.3611418604850769,0.3207598626613617,0.3611418604850769,-0.04038199782371521,2.3915625
lca,1,p236_142_mic2,p236,data\VCTK\wav48_silence_trimmed\p236\p236_142_mic2.flac,p230,0,1,0.3685225248336792,0.10123971104621887,0.3685225248336792,-0.2672828137874603,2.3915625
lca,2,p236_142_mic2,p236,data\VCTK\wav48_silence_trimmed\p236\p236_142_mic2.flac,p283,0,1,0.3693322539329529,0.15209239721298218,0.3693322539329529,-0.2172398567199707,2.3915625
lca,3,p236_142_mic2,p236,data\VCTK\wav48_silence_trimmed\p236\p236_142_mic2.flac,p340,0,1,0.38318759202957153,0.1820353865623474,0.38318759202957153,-0.20115220546722412,2.3915625
original,0,p236_387_mic1,p236,data\VCTK\wav48_silence_trimmed\p236\p236_387_mic1.flac,p236,1,1,0.7732292413711548,0.7732292413711548,0.4169387221336365,0.3562905192375183,2.8634375
base,1,p236_387_mic1,p236,data\VCTK\wav48_silence_trimmed\p236\p236_387_mic1.flac,p330,0,1,0.44055071473121643,0.13987328112125397,0.44055071473121643,-0.30067743360996246,2.8634375
base,2,p236_387_mic1,p236,data\VCTK\wav48_silence_trimmed\p236\p236_387_mic1.flac,p339,0,1,0.48370373249053955,0.1911817491054535,0.48370373249053955,-0.29252198338508606,2.8634375
base,3,p236_387_mic1,p236,data\VCTK\wav48_silence_trimmed\p236\p236_387_mic1.flac,p250,0,1,0.41030940413475037,0.2545691132545471,0.41030940413475037,-0.15574029088020325,2.8634375
lca,1,p236_387_mic1,p236,data\VCTK\wav48_silence_trimmed\p236\p236_387_mic1.flac,p248,0,1,0.3348831236362457,0.15082688629627228,0.3348831236362457,-0.18405623733997345,2.8634375
lca,2,p236_387_mic1,p236,data\VCTK\wav48_silence_trimmed\p236\p236_387_mic1.flac,p340,0,1,0.44982093572616577,0.225702166557312,0.44982093572616577,-0.22411876916885376,2.8634375
lca,3,p236_387_mic1,p236,data\VCTK\wav48_silence_trimmed\p236\p236_387_mic1.flac,p340,0,1,0.5004565715789795,0.22704382240772247,0.5004565715789795,-0.273412749171257,2.8634375
original,0,p236_498_mic2,p236,data\VCTK\wav48_silence_trimmed\p236\p236_498_mic2.flac,p236,1,1,0.6463242769241333,0.6463242769241333,0.40361011028289795,0.24271416664123535,1.753875
base,1,p236_498_mic2,p236,data\VCTK\wav48_silence_trimmed\p236\p236_498_mic2.flac,p314,0,1,0.4464971423149109,0.14552314579486847,0.4464971423149109,-0.3009739965200424,1.753875
base,2,p236_498_mic2,p236,data\VCTK\wav48_silence_trimmed\p236\p236_498_mic2.flac,p300,0,1,0.43709421157836914,0.18321354687213898,0.43709421157836914,-0.25388066470623016,1.753875
base,3,p236_498_mic2,p236,data\VCTK\wav48_silence_trimmed\p236\p236_498_mic2.flac,p317,0,1,0.48092764616012573,0.31740865111351013,0.48092764616012573,-0.1635189950466156,1.753875
lca,1,p236_498_mic2,p236,data\VCTK\wav48_silence_trimmed\p236\p236_498_mic2.flac,p233,0,1,0.4112381339073181,0.11420213431119919,0.4112381339073181,-0.2970359995961189,1.753875
lca,2,p236_498_mic2,p236,data\VCTK\wav48_silence_trimmed\p236\p236_498_mic2.flac,p340,0,1,0.4963386058807373,0.20659948885440826,0.4963386058807373,-0.28973911702632904,1.753875
lca,3,p236_498_mic2,p236,data\VCTK\wav48_silence_trimmed\p236\p236_498_mic2.flac,p340,0,1,0.5364444851875305,0.2686803638935089,0.5364444851875305,-0.2677641212940216,1.753875
original,0,p237_090_mic1,p237,data\VCTK\wav48_silence_trimmed\p237\p237_090_mic1.flac,p237,1,1,0.6973686218261719,0.6973686218261719,0.39846134185791016,0.2989072799682617,4.690375
base,1,p237_090_mic1,p237,data\VCTK\wav48_silence_trimmed\p237\p237_090_mic1.flac,p364,0,1,0.2790900468826294,0.16212138533592224,0.2790900468826294,-0.11696866154670715,4.690375
base,2,p237_090_mic1,p237,data\VCTK\wav48_silence_trimmed\p237\p237_090_mic1.flac,p237,1,1,0.29935088753700256,0.29935088753700256,0.29488852620124817,0.0044623613357543945,4.690375
base,3,p237_090_mic1,p237,data\VCTK\wav48_silence_trimmed\p237\p237_090_mic1.flac,p237,1,1,0.34748679399490356,0.34748679399490356,0.3436208963394165,0.0038658976554870605,4.690375
lca,1,p237_090_mic1,p237,data\VCTK\wav48_silence_trimmed\p237\p237_090_mic1.flac,p281,0,1,0.3065119981765747,0.11420628428459167,0.3065119981765747,-0.19230571389198303,4.690375
lca,2,p237_090_mic1,p237,data\VCTK\wav48_silence_trimmed\p237\p237_090_mic1.flac,p281,0,1,0.349129319190979,0.22246798872947693,0.349129319190979,-0.12666133046150208,4.690375
lca,3,p237_090_mic1,p237,data\VCTK\wav48_silence_trimmed\p237\p237_090_mic1.flac,p281,0,1,0.44265222549438477,0.31523025035858154,0.44265222549438477,-0.12742197513580322,4.690375
original,0,p237_164_mic1,p237,data\VCTK\wav48_silence_trimmed\p237\p237_164_mic1.flac,p237,1,1,0.7192717790603638,0.7192717790603638,0.36455386877059937,0.3547179102897644,2.7354375
base,1,p237_164_mic1,p237,data\VCTK\wav48_silence_trimmed\p237\p237_164_mic1.flac,p259,0,0,0.22999757528305054,0.200593039393425,0.22999757528305054,-0.02940453588962555,2.7354375
base,2,p237_164_mic1,p237,data\VCTK\wav48_silence_trimmed\p237\p237_164_mic1.flac,p237,1,1,0.4208393692970276,0.4208393692970276,0.3503544330596924,0.0704849362373352,2.7354375
base,3,p237_164_mic1,p237,data\VCTK\wav48_silence_trimmed\p237\p237_164_mic1.flac,p237,1,1,0.44652462005615234,0.44652462005615234,0.41959550976753235,0.026929110288619995,2.7354375
lca,1,p237_164_mic1,p237,data\VCTK\wav48_silence_trimmed\p237\p237_164_mic1.flac,p313,0,1,0.341259241104126,0.14630356431007385,0.341259241104126,-0.19495567679405212,2.7354375
lca,2,p237_164_mic1,p237,data\VCTK\wav48_silence_trimmed\p237\p237_164_mic1.flac,p281,0,1,0.376181960105896,0.2208842933177948,0.376181960105896,-0.1552976667881012,2.7354375
lca,3,p237_164_mic1,p237,data\VCTK\wav48_silence_trimmed\p237\p237_164_mic1.flac,p281,0,1,0.40863463282585144,0.3122529983520508,0.40863463282585144,-0.09638163447380066,2.7354375
original,0,p237_289_mic2,p237,data\VCTK\wav48_silence_trimmed\p237\p237_289_mic2.flac,p237,1,1,0.7016158103942871,0.7016158103942871,0.3262947201728821,0.37532109022140503,2.3784375
base,1,p237_289_mic2,p237,data\VCTK\wav48_silence_trimmed\p237\p237_289_mic2.flac,p237,1,1,0.31019341945648193,0.31019341945648193,0.30206432938575745,0.008129090070724487,2.3784375
base,2,p237_289_mic2,p237,data\VCTK\wav48_silence_trimmed\p237\p237_289_mic2.flac,p281,0,1,0.28205543756484985,0.255526602268219,0.28205543756484985,-0.02652883529663086,2.3784375
base,3,p237_289_mic2,p237,data\VCTK\wav48_silence_trimmed\p237\p237_289_mic2.flac,p281,0,1,0.3542724847793579,0.3313359022140503,0.3542724847793579,-0.022936582565307617,2.3784375
lca,1,p237_289_mic2,p237,data\VCTK\wav48_silence_trimmed\p237\p237_289_mic2.flac,p281,0,1,0.33587634563446045,0.17023813724517822,0.33587634563446045,-0.16563820838928223,2.3784375
lca,2,p237_289_mic2,p237,data\VCTK\wav48_silence_trimmed\p237\p237_289_mic2.flac,p281,0,1,0.44197195768356323,0.2152239978313446,0.44197195768356323,-0.22674795985221863,2.3784375
lca,3,p237_289_mic2,p237,data\VCTK\wav48_silence_trimmed\p237\p237_289_mic2.flac,p281,0,1,0.553962230682373,0.29345279932022095,0.553962230682373,-0.2605094313621521,2.3784375
original,0,p237_298_mic1,p237,data\VCTK\wav48_silence_trimmed\p237\p237_298_mic1.flac,p237,1,1,0.7826706767082214,0.7826706767082214,0.4053041636943817,0.3773665130138397,3.6148125
base,1,p237_298_mic1,p237,data\VCTK\wav48_silence_trimmed\p237\p237_298_mic1.flac,p281,0,1,0.30422157049179077,0.1789887398481369,0.30422157049179077,-0.12523283064365387,3.6148125
base,2,p237_298_mic1,p237,data\VCTK\wav48_silence_trimmed\p237\p237_298_mic1.flac,p237,1,1,0.3731204867362976,0.3731204867362976,0.34854966402053833,0.024570822715759277,3.6148125
base,3,p237_298_mic1,p237,data\VCTK\wav48_silence_trimmed\p237\p237_298_mic1.flac,p237,1,1,0.40362998843193054,0.40362998843193054,0.2971203327178955,0.10650965571403503,3.6148125
lca,1,p237_298_mic1,p237,data\VCTK\wav48_silence_trimmed\p237\p237_298_mic1.flac,p281,0,1,0.35874876379966736,0.24201135337352753,0.35874876379966736,-0.11673741042613983,3.6148125
lca,2,p237_298_mic1,p237,data\VCTK\wav48_silence_trimmed\p237\p237_298_mic1.flac,p237,1,1,0.38060814142227173,0.38060814142227173,0.3669202923774719,0.013687849044799805,3.6148125
lca,3,p237_298_mic1,p237,data\VCTK\wav48_silence_trimmed\p237\p237_298_mic1.flac,p237,1,1,0.4312627613544464,0.4312627613544464,0.38708028197288513,0.04418247938156128,3.6148125
original,0,p237_349_mic1,p237,data\VCTK\wav48_silence_trimmed\p237\p237_349_mic1.flac,p237,1,1,0.769460916519165,0.769460916519165,0.3966352045536041,0.3728257119655609,2.436375
base,1,p237_349_mic1,p237,data\VCTK\wav48_silence_trimmed\p237\p237_349_mic1.flac,p281,0,1,0.30105799436569214,0.23550868034362793,0.30105799436569214,-0.06554931402206421,2.436375
base,2,p237_349_mic1,p237,data\VCTK\wav48_silence_trimmed\p237\p237_349_mic1.flac,p237,1,1,0.4118812084197998,0.4118812084197998,0.35213685035705566,0.05974435806274414,2.436375
base,3,p237_349_mic1,p237,data\VCTK\wav48_silence_trimmed\p237\p237_349_mic1.flac,p237,1,1,0.46802589297294617,0.46802589297294617,0.26699817180633545,0.20102772116661072,2.436375
lca,1,p237_349_mic1,p237,data\VCTK\wav48_silence_trimmed\p237\p237_349_mic1.flac,p364,0,1,0.3009748160839081,0.1871025562286377,0.3009748160839081,-0.11387225985527039,2.436375
lca,2,p237_349_mic1,p237,data\VCTK\wav48_silence_trimmed\p237\p237_349_mic1.flac,p364,0,1,0.3288344740867615,0.20609116554260254,0.3288344740867615,-0.12274330854415894,2.436375
lca,3,p237_349_mic1,p237,data\VCTK\wav48_silence_trimmed\p237\p237_349_mic1.flac,p364,0,1,0.32760053873062134,0.2943832576274872,0.32760053873062134,-0.033217281103134155,2.436375
original,0,p238_123_mic1,p238,data\VCTK\wav48_silence_trimmed\p238\p238_123_mic1.flac,p238,1,1,0.8521430492401123,0.8521430492401123,0.4743773937225342,0.3777656555175781,3.8026875
base,1,p238_123_mic1,p238,data\VCTK\wav48_silence_trimmed\p238\p238_123_mic1.flac,p230,0,1,0.3414919078350067,0.2862495481967926,0.3414919078350067,-0.05524235963821411,3.8026875
base,2,p238_123_mic1,p238,data\VCTK\wav48_silence_trimmed\p238\p238_123_mic1.flac,p230,0,1,0.42604002356529236,0.40328139066696167,0.42604002356529236,-0.02275863289833069,3.8026875
base,3,p238_123_mic1,p238,data\VCTK\wav48_silence_trimmed\p238\p238_123_mic1.flac,p238,1,1,0.5444431900978088,0.5444431900978088,0.43663302063941956,0.10781016945838928,3.8026875
lca,1,p238_123_mic1,p238,data\VCTK\wav48_silence_trimmed\p238\p238_123_mic1.flac,p250,0,1,0.4225787818431854,0.30893731117248535,0.4225787818431854,-0.11364147067070007,3.8026875
lca,2,p238_123_mic1,p238,data\VCTK\wav48_silence_trimmed\p238\p238_123_mic1.flac,p238,1,1,0.46661004424095154,0.46661004424095154,0.4350934624671936,0.031516581773757935,3.8026875
lca,3,p238_123_mic1,p238,data\VCTK\wav48_silence_trimmed\p238\p238_123_mic1.flac,p238,1,1,0.5142855644226074,0.5142855644226074,0.4885915219783783,0.025694042444229126,3.8026875
original,0,p238_156_mic1,p238,data\VCTK\wav48_silence_trimmed\p238\p238_156_mic1.flac,p238,1,1,0.8411283493041992,0.8411283493041992,0.35876768827438354,0.4823606610298157,3.4603125
base,1,p238_156_mic1,p238,data\VCTK\wav48_silence_trimmed\p238\p238_156_mic1.flac,p238,1,1,0.35960453748703003,0.35960453748703003,0.3481977581977844,0.011406779289245605,3.4603125
base,2,p238_156_mic1,p238,data\VCTK\wav48_silence_trimmed\p238\p238_156_mic1.flac,p238,1,1,0.436195969581604,0.436195969581604,0.4260290265083313,0.010166943073272705,3.4603125
base,3,p238_156_mic1,p238,data\VCTK\wav48_silence_trimmed\p238\p238_156_mic1.flac,p238,1,1,0.5537046194076538,0.5537046194076538,0.4721985459327698,0.08150607347488403,3.4603125
lca,1,p238_156_mic1,p238,data\VCTK\wav48_silence_trimmed\p238\p238_156_mic1.flac,p280,0,1,0.3938376307487488,0.2593459188938141,0.3938376307487488,-0.1344917118549347,3.4603125
lca,2,p238_156_mic1,p238,data\VCTK\wav48_silence_trimmed\p238\p238_156_mic1.flac,p313,0,1,0.44451141357421875,0.368404358625412,0.44451141357421875,-0.07610705494880676,3.4603125
lca,3,p238_156_mic1,p238,data\VCTK\wav48_silence_trimmed\p238\p238_156_mic1.flac,p238,1,1,0.5007363557815552,0.5007363557815552,0.4112231135368347,0.08951324224472046,3.4603125
original,0,p238_173_mic2,p238,data\VCTK\wav48_silence_trimmed\p238\p238_173_mic2.flac,p238,1,1,0.7871931791305542,0.7871931791305542,0.37577295303344727,0.41142022609710693,3.3755625
base,1,p238_173_mic2,p238,data\VCTK\wav48_silence_trimmed\p238\p238_173_mic2.flac,p238,1,1,0.37239694595336914,0.37239694595336914,0.35253262519836426,0.019864320755004883,3.3755625
base,2,p238_173_mic2,p238,data\VCTK\wav48_silence_trimmed\p238\p238_173_mic2.flac,p238,1,1,0.5735651850700378,0.5735651850700378,0.4094516932964325,0.16411349177360535,3.3755625
base,3,p238_173_mic2,p238,data\VCTK\wav48_silence_trimmed\p238\p238_173_mic2.flac,p238,1,1,0.604503870010376,0.604503870010376,0.49109694361686707,0.11340692639350891,3.3755625
lca,1,p238_173_mic2,p238,data\VCTK\wav48_silence_trimmed\p238\p238_173_mic2.flac,p339,0,1,0.4211534857749939,0.25819647312164307,0.4211534857749939,-0.16295701265335083,3.3755625
lca,2,p238_173_mic2,p238,data\VCTK\wav48_silence_trimmed\p238\p238_173_mic2.flac,p314,0,1,0.4677884578704834,0.42613592743873596,0.4677884578704834,-0.041652530431747437,3.3755625
lca,3,p238_173_mic2,p238,data\VCTK\wav48_silence_trimmed\p238\p238_173_mic2.flac,p314,0,1,0.4822919964790344,0.4630383253097534,0.4822919964790344,-0.019253671169281006,3.3755625
original,0,p238_189_mic2,p238,data\VCTK\wav48_silence_trimmed\p238\p238_189_mic2.flac,p238,1,1,0.7218706607818604,0.7218706607818604,0.416059672832489,0.30581098794937134,3.119625
base,1,p238_189_mic2,p238,data\VCTK\wav48_silence_trimmed\p238\p238_189_mic2.flac,p313,0,1,0.35050398111343384,0.2609432339668274,0.35050398111343384,-0.08956074714660645,3.119625
base,2,p238_189_mic2,p238,data\VCTK\wav48_silence_trimmed\p238\p238_189_mic2.flac,p238,1,1,0.40273821353912354,0.40273821353912354,0.39903929829597473,0.0036989152431488037,3.119625
base,3,p238_189_mic2,p238,data\VCTK\wav48_silence_trimmed\p238\p238_189_mic2.flac,p238,1,1,0.4488354027271271,0.4488354027271271,0.40118488669395447,0.04765051603317261,3.119625
lca,1,p238_189_mic2,p238,data\VCTK\wav48_silence_trimmed\p238\p238_189_mic2.flac,p306,0,1,0.36187681555747986,0.24443484842777252,0.36187681555747986,-0.11744196712970734,3.119625
lca,2,p238_189_mic2,p238,data\VCTK\wav48_silence_trimmed\p238\p238_189_mic2.flac,p280,0,1,0.4412604570388794,0.34818235039711,0.4412604570388794,-0.09307810664176941,3.119625
lca,3,p238_189_mic2,p238,data\VCTK\wav48_silence_trimmed\p238\p238_189_mic2.flac,p280,0,1,0.4052028954029083,0.33937910199165344,0.4052028954029083,-0.06582379341125488,3.119625
original,0,p238_429_mic2,p238,data\VCTK\wav48_silence_trimmed\p238\p238_429_mic2.flac,p238,1,1,0.7058272957801819,0.7058272957801819,0.36259546875953674,0.34323182702064514,3.205375
base,1,p238_429_mic2,p238,data\VCTK\wav48_silence_trimmed\p238\p238_429_mic2.flac,p262,0,1,0.3325069546699524,0.3293558955192566,0.3325069546699524,-0.0031510591506958008,3.205375
base,2,p238_429_mic2,p238,data\VCTK\wav48_silence_trimmed\p238\p238_429_mic2.flac,p238,1,1,0.3975750803947449,0.3975750803947449,0.3480607867240906,0.0495142936706543,3.205375
base,3,p238_429_mic2,p238,data\VCTK\wav48_silence_trimmed\p238\p238_429_mic2.flac,p238,1,1,0.4261414408683777,0.4261414408683777,0.3900812566280365,0.036060184240341187,3.205375
lca,1,p238_429_mic2,p238,data\VCTK\wav48_silence_trimmed\p238\p238_429_mic2.flac,p280,0,1,0.3796253800392151,0.25217145681381226,0.3796253800392151,-0.12745392322540283,3.205375
lca,2,p238_429_mic2,p238,data\VCTK\wav48_silence_trimmed\p238\p238_429_mic2.flac,p314,0,1,0.4416190981864929,0.40477848052978516,0.4416190981864929,-0.036840617656707764,3.205375
lca,3,p238_429_mic2,p238,data\VCTK\wav48_silence_trimmed\p238\p238_429_mic2.flac,p238,1,1,0.4517083764076233,0.4517083764076233,0.412165105342865,0.0395432710647583,3.205375
original,0,p239_125_mic1,p239,data\VCTK\wav48_silence_trimmed\p239\p239_125_mic1.flac,p239,1,1,0.7338084578514099,0.7338084578514099,0.41097670793533325,0.32283174991607666,2.5610625
base,1,p239_125_mic1,p239,data\VCTK\wav48_silence_trimmed\p239\p239_125_mic1.flac,p230,0,1,0.28386470675468445,0.22300176322460175,0.28386470675468445,-0.0608629435300827,2.5610625
base,2,p239_125_mic1,p239,data\VCTK\wav48_silence_trimmed\p239\p239_125_mic1.flac,p283,0,1,0.37783753871917725,0.29445239901542664,0.37783753871917725,-0.08338513970375061,2.5610625
base,3,p239_125_mic1,p239,data\VCTK\wav48_silence_trimmed\p239\p239_125_mic1.flac,p283,0,1,0.362817645072937,0.3570307791233063,0.362817645072937,-0.005786865949630737,2.5610625
lca,1,p239_125_mic1,p239,data\VCTK\wav48_silence_trimmed\p239\p239_125_mic1.flac,p233,0,1,0.37056195735931396,0.21688932180404663,0.37056195735931396,-0.15367263555526733,2.5610625
lca,2,p239_125_mic1,p239,data\VCTK\wav48_silence_trimmed\p239\p239_125_mic1.flac,p314,0,1,0.3709358274936676,0.3046807646751404,0.3709358274936676,-0.06625506281852722,2.5610625
lca,3,p239_125_mic1,p239,data\VCTK\wav48_silence_trimmed\p239\p239_125_mic1.flac,p233,0,1,0.38086187839508057,0.3504018783569336,0.38086187839508057,-0.030460000038146973,2.5610625
original,0,p239_204_mic2,p239,data\VCTK\wav48_silence_trimmed\p239\p239_204_mic2.flac,p239,1,1,0.8181759119033813,0.8181759119033813,0.354052871465683,0.46412304043769836,2.6901875
base,1,p239_204_mic2,p239,data\VCTK\wav48_silence_trimmed\p239\p239_204_mic2.flac,p249,0,1,0.36755695939064026,0.13526169955730438,0.36755695939064026,-0.23229525983333588,2.6901875
base,2,p239_204_mic2,p239,data\VCTK\wav48_silence_trimmed\p239\p239_204_mic2.flac,p300,0,1,0.2983604371547699,0.24543869495391846,0.2983604371547699,-0.05292174220085144,2.6901875
base,3,p239_204_mic2,p239,data\VCTK\wav48_silence_trimmed\p239\p239_204_mic2.flac,p239,1,1,0.38103729486465454,0.38103729486465454,0.34460514783859253,0.03643214702606201,2.6901875
lca,1,p239_204_mic2,p239,data\VCTK\wav48_silence_trimmed\p239\p239_204_mic2.flac,p280,0,1,0.3300589919090271,0.08817920833826065,0.3300589919090271,-0.24187978357076645,2.6901875
lca,2,p239_204_mic2,p239,data\VCTK\wav48_silence_trimmed\p239\p239_204_mic2.flac,p280,0,1,0.3772108256816864,0.2610531449317932,0.3772108256816864,-0.11615768074989319,2.6901875
lca,3,p239_204_mic2,p239,data\VCTK\wav48_silence_trimmed\p239\p239_204_mic2.flac,p280,0,1,0.34954532980918884,0.27550938725471497,0.34954532980918884,-0.07403594255447388,2.6901875
original,0,p239_263_mic2,p239,data\VCTK\wav48_silence_trimmed\p239\p239_263_mic2.flac,p239,1,1,0.6575254201889038,0.6575254201889038,0.367950975894928,0.28957444429397583,2.4749375
base,1,p239_263_mic2,p239,data\VCTK\wav48_silence_trimmed\p239\p239_263_mic2.flac,p301,0,1,0.38119181990623474,0.1996915638446808,0.38119181990623474,-0.18150025606155396,2.4749375
base,2,p239_263_mic2,p239,data\VCTK\wav48_silence_trimmed\p239\p239_263_mic2.flac,p233,0,1,0.349466472864151,0.27709144353866577,0.349466472864151,-0.07237502932548523,2.4749375
base,3,p239_263_mic2,p239,data\VCTK\wav48_silence_trimmed\p239\p239_263_mic2.flac,p329,0,1,0.364292711019516,0.3414260149002075,0.364292711019516,-0.02286669611930847,2.4749375
lca,1,p239_263_mic2,p239,data\VCTK\wav48_silence_trimmed\p239\p239_263_mic2.flac,p233,0,1,0.3368188440799713,0.15193933248519897,0.3368188440799713,-0.18487951159477234,2.4749375
lca,2,p239_263_mic2,p239,data\VCTK\wav48_silence_trimmed\p239\p239_263_mic2.flac,p262,0,1,0.38178208470344543,0.2823178470134735,0.38178208470344543,-0.09946423768997192,2.4749375
lca,3,p239_263_mic2,p239,data\VCTK\wav48_silence_trimmed\p239\p239_263_mic2.flac,p299,0,1,0.357888400554657,0.29503530263900757,0.357888400554657,-0.06285309791564941,2.4749375
original,0,p239_318_mic1,p239,data\VCTK\wav48_silence_trimmed\p239\p239_318_mic1.flac,p239,1,1,0.7442682981491089,0.7442682981491089,0.31052738428115845,0.43374091386795044,2.605875
base,1,p239_318_mic1,p239,data\VCTK\wav48_silence_trimmed\p239\p239_318_mic1.flac,p262,0,1,0.38118094205856323,0.2137870490550995,0.38118094205856323,-0.16739389300346375,2.605875
base,2,p239_318_mic1,p239,data\VCTK\wav48_silence_trimmed\p239\p239_318_mic1.flac,p239,1,1,0.38380080461502075,0.38380080461502075,0.38061127066612244,0.0031895339488983154,2.605875
base,3,p239_318_mic1,p239,data\VCTK\wav48_silence_trimmed\p239\p239_318_mic1.flac,p239,1,1,0.5129594802856445,0.5129594802856445,0.38380593061447144,0.1291535496711731,2.605875
lca,1,p239_318_mic1,p239,data\VCTK\wav48_silence_trimmed\p239\p239_318_mic1.flac,p361,0,1,0.3750503957271576,0.1884608417749405,0.3750503957271576,-0.1865895539522171,2.605875
lca,2,p239_318_mic1,p239,data\VCTK\wav48_silence_trimmed\p239\p239_318_mic1.flac,p250,0,1,0.38931673765182495,0.24820059537887573,0.38931673765182495,-0.14111614227294922,2.605875
lca,3,p239_318_mic1,p239,data\VCTK\wav48_silence_trimmed\p239\p239_318_mic1.flac,p299,0,1,0.4134180545806885,0.3752340078353882,0.4134180545806885,-0.03818404674530029,2.605875
original,0,p239_347_mic2,p239,data\VCTK\wav48_silence_trimmed\p239\p239_347_mic2.flac,p239,1,1,0.7252309918403625,0.7252309918403625,0.3884866237640381,0.33674436807632446,2.693125
base,1,p239_347_mic2,p239,data\VCTK\wav48_silence_trimmed\p239\p239_347_mic2.flac,p230,0,1,0.3203197121620178,0.20464864373207092,0.3203197121620178,-0.1156710684299469,2.693125
base,2,p239_347_mic2,p239,data\VCTK\wav48_silence_trimmed\p239\p239_347_mic2.flac,p283,0,1,0.36812523007392883,0.3456212282180786,0.36812523007392883,-0.02250400185585022,2.693125
base,3,p239_347_mic2,p239,data\VCTK\wav48_silence_trimmed\p239\p239_347_mic2.flac,p277,0,1,0.44328397512435913,0.3751591742038727,0.44328397512435913,-0.06812480092048645,2.693125
lca,1,p239_347_mic2,p239,data\VCTK\wav48_silence_trimmed\p239\p239_347_mic2.flac,p250,0,1,0.40837979316711426,0.17824196815490723,0.40837979316711426,-0.23013782501220703,2.693125
lca,2,p239_347_mic2,p239,data\VCTK\wav48_silence_trimmed\p239\p239_347_mic2.flac,p267,0,1,0.4063240885734558,0.21876198053359985,0.4063240885734558,-0.18756210803985596,2.693125
lca,3,p239_347_mic2,p239,data\VCTK\wav48_silence_trimmed\p239\p239_347_mic2.flac,p233,0,1,0.4030267596244812,0.259944885969162,0.4030267596244812,-0.1430818736553192,2.693125
original,0,p240_069_mic1,p240,data\VCTK\wav48_silence_trimmed\p240\p240_069_mic1.flac,p240,1,1,0.6061136722564697,0.6061136722564697,0.4734431505203247,0.13267052173614502,3.02975
base,1,p240_069_mic1,p240,data\VCTK\wav48_silence_trimmed\p240\p240_069_mic1.flac,p253,0,1,0.3611016869544983,0.24620361626148224,0.3611016869544983,-0.11489807069301605,3.02975
base,2,p240_069_mic1,p240,data\VCTK\wav48_silence_trimmed\p240\p240_069_mic1.flac,p253,0,1,0.4575779438018799,0.36301320791244507,0.4575779438018799,-0.09456473588943481,3.02975
base,3,p240_069_mic1,p240,data\VCTK\wav48_silence_trimmed\p240\p240_069_mic1.flac,p240,1,1,0.4002609848976135,0.4002609848976135,0.39787280559539795,0.002388179302215576,3.02975
lca,1,p240_069_mic1,p240,data\VCTK\wav48_silence_trimmed\p240\p240_069_mic1.flac,p280,0,1,0.36347076296806335,0.18494006991386414,0.36347076296806335,-0.17853069305419922,3.02975
lca,2,p240_069_mic1,p240,data\VCTK\wav48_silence_trimmed\p240\p240_069_mic1.flac,p340,0,1,0.43662333488464355,0.27119266986846924,0.43662333488464355,-0.16543066501617432,3.02975
lca,3,p240_069_mic1,p240,data\VCTK\wav48_silence_trimmed\p240\p240_069_mic1.flac,p340,0,1,0.4748898446559906,0.3111950159072876,0.4748898446559906,-0.163694828748703,3.02975
original,0,p240_112_mic2,p240,data\VCTK\wav48_silence_trimmed\p240\p240_112_mic2.flac,p240,1,1,0.72257000207901,0.72257000207901,0.4874078333377838,0.2351621687412262,3.3248125
base,1,p240_112_mic2,p240,data\VCTK\wav48_silence_trimmed\p240\p240_112_mic2.flac,p330,0,1,0.32933130860328674,0.12660202383995056,0.32933130860328674,-0.20272928476333618,3.3248125
base,2,p240_112_mic2,p240,data\VCTK\wav48_silence_trimmed\p240\p240_112_mic2.flac,p329,0,1,0.33185330033302307,0.2889787256717682,0.33185330033302307,-0.04287457466125488,3.3248125
base,3,p240_112_mic2,p240,data\VCTK\wav48_silence_trimmed\p240\p240_112_mic2.flac,p310,0,1,0.42553919553756714,0.34604108333587646,0.42553919553756714,-0.07949811220169067,3.3248125
lca,1,p240_112_mic2,p240,data\VCTK\wav48_silence_trimmed\p240\p240_112_mic2.flac,p250,0,1,0.41726168990135193,0.2110571712255478,0.41726168990135193,-0.20620451867580414,3.3248125
lca,2,p240_112_mic2,p240,data\VCTK\wav48_silence_trimmed\p240\p240_112_mic2.flac,p339,0,1,0.3811943531036377,0.26826491951942444,0.3811943531036377,-0.11292943358421326,3.3248125
lca,3,p240_112_mic2,p240,data\VCTK\wav48_silence_trimmed\p240\p240_112_mic2.flac,p233,0,1,0.419084370136261,0.294089138507843,0.419084370136261,-0.12499523162841797,3.3248125
original,0,p240_149_mic1,p240,data\VCTK\wav48_silence_trimmed\p240\p240_149_mic1.flac,p240,1,1,0.7786799669265747,0.7786799669265747,0.5215319991111755,0.25714796781539917,3.077
base,1,p240_149_mic1,p240,data\VCTK\wav48_silence_trimmed\p240\p240_149_mic1.flac,p253,0,1,0.3825165033340454,0.19108831882476807,0.3825165033340454,-0.19142818450927734,3.077
base,2,p240_149_mic1,p240,data\VCTK\wav48_silence_trimmed\p240\p240_149_mic1.flac,p230,0,1,0.4075503945350647,0.30320441722869873,0.4075503945350647,-0.10434597730636597,3.077
base,3,p240_149_mic1,p240,data\VCTK\wav48_silence_trimmed\p240\p240_149_mic1.flac,p230,0,1,0.44770365953445435,0.3926127552986145,0.44770365953445435,-0.055090904235839844,3.077
lca,1,p240_149_mic1,p240,data\VCTK\wav48_silence_trimmed\p240\p240_149_mic1.flac,p230,0,1,0.39048337936401367,0.1959175169467926,0.39048337936401367,-0.19456586241722107,3.077
lca,2,p240_149_mic1,p240,data\VCTK\wav48_silence_trimmed\p240\p240_149_mic1.flac,p280,0,1,0.4297933280467987,0.2943376898765564,0.4297933280467987,-0.1354556381702423,3.077
lca,3,p240_149_mic1,p240,data\VCTK\wav48_silence_trimmed\p240\p240_149_mic1.flac,p340,0,1,0.46120330691337585,0.30170297622680664,0.46120330691337585,-0.1595003306865692,3.077
original,0,p240_226_mic2,p240,data\VCTK\wav48_silence_trimmed\p240\p240_226_mic2.flac,p240,1,1,0.7352481484413147,0.7352481484413147,0.4820960760116577,0.253152072429657,2.262875
base,1,p240_226_mic2,p240,data\VCTK\wav48_silence_trimmed\p240\p240_226_mic2.flac,p253,0,1,0.3503182828426361,0.28996264934539795,0.3503182828426361,-0.06035563349723816,2.262875
base,2,p240_226_mic2,p240,data\VCTK\wav48_silence_trimmed\p240\p240_226_mic2.flac,p283,0,1,0.37399977445602417,0.3422822654247284,0.37399977445602417,-0.031717509031295776,2.262875
base,3,p240_226_mic2,p240,data\VCTK\wav48_silence_trimmed\p240\p240_226_mic2.flac,p240,1,1,0.4094024896621704,0.4094024896621704,0.38929226994514465,0.020110219717025757,2.262875
lca,1,p240_226_mic2,p240,data\VCTK\wav48_silence_trimmed\p240\p240_226_mic2.flac,p280,0,1,0.3484691381454468,0.18432989716529846,0.3484691381454468,-0.16413924098014832,2.262875
lca,2,p240_226_mic2,p240,data\VCTK\wav48_silence_trimmed\p240\p240_226_mic2.flac,p280,0,1,0.4405670762062073,0.316882848739624,0.4405670762062073,-0.12368422746658325,2.262875
lca,3,p240_226_mic2,p240,data\VCTK\wav48_silence_trimmed\p240\p240_226_mic2.flac,p280,0,1,0.4508160948753357,0.30432504415512085,0.4508160948753357,-0.14649105072021484,2.262875
original,0,p240_378_mic1,p240,data\VCTK\wav48_silence_trimmed\p240\p240_378_mic1.flac,p240,1,1,0.6764537692070007,0.6764537692070007,0.4961760640144348,0.18027770519256592,1.964125
base,1,p240_378_mic1,p240,data\VCTK\wav48_silence_trimmed\p240\p240_378_mic1.flac,p228,0,1,0.4030969738960266,0.2805445194244385,0.4030969738960266,-0.12255245447158813,1.964125
base,2,p240_378_mic1,p240,data\VCTK\wav48_silence_trimmed\p240\p240_378_mic1.flac,p253,0,1,0.48005223274230957,0.33732783794403076,0.48005223274230957,-0.1427243947982788,1.964125
base,3,p240_378_mic1,p240,data\VCTK\wav48_silence_trimmed\p240\p240_378_mic1.flac,p230,0,1,0.47398969531059265,0.38845258951187134,0.47398969531059265,-0.08553710579872131,1.964125
lca,1,p240_378_mic1,p240,data\VCTK\wav48_silence_trimmed\p240\p240_378_mic1.flac,p230,0,1,0.3358103036880493,0.24172699451446533,0.3358103036880493,-0.09408330917358398,1.964125
lca,2,p240_378_mic1,p240,data\VCTK\wav48_silence_trimmed\p240\p240_378_mic1.flac,p230,0,1,0.36624982953071594,0.3244840204715729,0.36624982953071594,-0.041765809059143066,1.964125
lca,3,p240_378_mic1,p240,data\VCTK\wav48_silence_trimmed\p240\p240_378_mic1.flac,p230,0,1,0.41144534945487976,0.3900128901004791,0.41144534945487976,-0.021432459354400635,1.964125
original,0,p241_035_mic1,p241,data\VCTK\wav48_silence_trimmed\p241\p241_035_mic1.flac,p241,1,1,0.6724922060966492,0.6724922060966492,0.440964013338089,0.23152819275856018,2.772
base,1,p241_035_mic1,p241,data\VCTK\wav48_silence_trimmed\p241\p241_035_mic1.flac,p259,0,1,0.2554151117801666,0.0846550315618515,0.2554151117801666,-0.17076008021831512,2.772
base,2,p241_035_mic1,p241,data\VCTK\wav48_silence_trimmed\p241\p241_035_mic1.flac,p281,0,1,0.35104453563690186,0.24290615320205688,0.35104453563690186,-0.10813838243484497,2.772
base,3,p241_035_mic1,p241,data\VCTK\wav48_silence_trimmed\p241\p241_035_mic1.flac,p252,0,1,0.4092012941837311,0.3338891267776489,0.4092012941837311,-0.07531216740608215,2.772
lca,1,p241_035_mic1,p241,data\VCTK\wav48_silence_trimmed\p241\p241_035_mic1.flac,p281,0,1,0.34649938344955444,0.11238721013069153,0.34649938344955444,-0.23411217331886292,2.772
lca,2,p241_035_mic1,p241,data\VCTK\wav48_silence_trimmed\p241\p241_035_mic1.flac,p281,0,1,0.37021034955978394,0.21037474274635315,0.37021034955978394,-0.1598356068134308,2.772
lca,3,p241_035_mic1,p241,data\VCTK\wav48_silence_trimmed\p241\p241_035_mic1.flac,p281,0,1,0.4260704219341278,0.24275752902030945,0.4260704219341278,-0.18331289291381836,2.772
original,0,p241_074_mic1,p241,data\VCTK\wav48_silence_trimmed\p241\p241_074_mic1.flac,p241,1,1,0.6480152606964111,0.6480152606964111,0.5538946986198425,0.0941205620765686,3.042125
base,1,p241_074_mic1,p241,data\VCTK\wav48_silence_trimmed\p241\p241_074_mic1.flac,p258,0,1,0.27180588245391846,0.11616377532482147,0.27180588245391846,-0.15564210712909698,3.042125
base,2,p241_074_mic1,p241,data\VCTK\wav48_silence_trimmed\p241\p241_074_mic1.flac,p281,0,1,0.35426896810531616,0.2819927930831909,0.35426896810531616,-0.07227617502212524,3.042125
base,3,p241_074_mic1,p241,data\VCTK\wav48_silence_trimmed\p241\p241_074_mic1.flac,p281,0,1,0.3727138638496399,0.3544014096260071,0.3727138638496399,-0.018312454223632812,3.042125
lca,1,p241_074_mic1,p241,data\VCTK\wav48_silence_trimmed\p241\p241_074_mic1.flac,p281,0,1,0.40441012382507324,0.16740168631076813,0.40441012382507324,-0.23700843751430511,3.042125
lca,2,p241_074_mic1,p241,data\VCTK\wav48_silence_trimmed\p241\p241_074_mic1.flac,p281,0,1,0.4384773373603821,0.24558810889720917,0.4384773373603821,-0.1928892284631729,3.042125
lca,3,p241_074_mic1,p241,data\VCTK\wav48_silence_trimmed\p241\p241_074_mic1.flac,p281,0,1,0.4499727487564087,0.3110583424568176,0.4499727487564087,-0.13891440629959106,3.042125
original,0,p241_148_mic2,p241,data\VCTK\wav48_silence_trimmed\p241\p241_148_mic2.flac,p241,1,1,0.823214054107666,0.823214054107666,0.4193161725997925,0.40389788150787354,3.7695625
base,1,p241_148_mic2,p241,data\VCTK\wav48_silence_trimmed\p241\p241_148_mic2.flac,p360,0,1,0.356042742729187,0.2477283775806427,0.356042742729187,-0.10831436514854431,3.7695625
base,2,p241_148_mic2,p241,data\VCTK\wav48_silence_trimmed\p241\p241_148_mic2.flac,p241,1,1,0.47118085622787476,0.47118085622787476,0.3626100420951843,0.10857081413269043,3.7695625
base,3,p241_148_mic2,p241,data\VCTK\wav48_silence_trimmed\p241\p241_148_mic2.flac,p241,1,1,0.5870426893234253,0.5870426893234253,0.40868547558784485,0.17835721373558044,3.7695625
lca,1,p241_148_mic2,p241,data\VCTK\wav48_silence_trimmed\p241\p241_148_mic2.flac,p259,0,1,0.36349058151245117,0.23211747407913208,0.36349058151245117,-0.1313731074333191,3.7695625
lca,2,p241_148_mic2,p241,data\VCTK\wav48_silence_trimmed\p241\p241_148_mic2.flac,p252,0,1,0.39358410239219666,0.3183520436286926,0.39358410239219666,-0.07523205876350403,3.7695625
lca,3,p241_148_mic2,p241,data\VCTK\wav48_silence_trimmed\p241\p241_148_mic2.flac,p252,0,1,0.42082399129867554,0.39830493927001953,0.42082399129867554,-0.022519052028656006,3.7695625
original,0,p241_310_mic1,p241,data\VCTK\wav48_silence_trimmed\p241\p241_310_mic1.flac,p241,1,1,0.7129443883895874,0.7129443883895874,0.3814103901386261,0.3315339982509613,2.7700625
base,1,p241_310_mic1,p241,data\VCTK\wav48_silence_trimmed\p241\p241_310_mic1.flac,p302,0,1,0.3634380102157593,0.3087882399559021,0.3634380102157593,-0.05464977025985718,2.7700625
base,2,p241_310_mic1,p241,data\VCTK\wav48_silence_trimmed\p241\p241_310_mic1.flac,p241,1,1,0.41338592767715454,0.41338592767715454,0.3890053927898407,0.024380534887313843,2.7700625
base,3,p241_310_mic1,p241,data\VCTK\wav48_silence_trimmed\p241\p241_310_mic1.flac,p241,1,1,0.4169847369194031,0.4169847369194031,0.4046405553817749,0.012344181537628174,2.7700625
lca,1,p241_310_mic1,p241,data\VCTK\wav48_silence_trimmed\p241\p241_310_mic1.flac,p364,0,1,0.27024227380752563,0.17330127954483032,0.27024227380752563,-0.09694099426269531,2.7700625
lca,2,p241_310_mic1,p241,data\VCTK\wav48_silence_trimmed\p241\p241_310_mic1.flac,p241,1,1,0.3308842182159424,0.3308842182159424,0.32554370164871216,0.005340516567230225,2.7700625
lca,3,p241_310_mic1,p241,data\VCTK\wav48_silence_trimmed\p241\p241_310_mic1.flac,p241,1,1,0.3717823028564453,0.3717823028564453,0.35371434688568115,0.01806795597076416,2.7700625
original,0,p241_327_mic1,p241,data\VCTK\wav48_silence_trimmed\p241\p241_327_mic1.flac,p241,1,1,0.718327522277832,0.718327522277832,0.42316824197769165,0.2951592803001404,2.5790625
base,1,p241_327_mic1,p241,data\VCTK\wav48_silence_trimmed\p241\p241_327_mic1.flac,p374,0,1,0.3698102533817291,0.21813184022903442,0.3698102533817291,-0.1516784131526947,2.5790625
base,2,p241_327_mic1,p241,data\VCTK\wav48_silence_trimmed\p241\p241_327_mic1.flac,p241,1,1,0.470107764005661,0.470107764005661,0.3825048804283142,0.0876028835773468,2.5790625
base,3,p241_327_mic1,p241,data\VCTK\wav48_silence_trimmed\p241\p241_327_mic1.flac,p241,1,1,0.5623736381530762,0.5623736381530762,0.4398379921913147,0.12253564596176147,2.5790625
lca,1,p241_327_mic1,p241,data\VCTK\wav48_silence_trimmed\p241\p241_327_mic1.flac,p313,0,1,0.28730636835098267,0.10101472586393356,0.28730636835098267,-0.1862916424870491,2.5790625
lca,2,p241_327_mic1,p241,data\VCTK\wav48_silence_trimmed\p241\p241_327_mic1.flac,p252,0,1,0.3131903111934662,0.21623578667640686,0.3131903111934662,-0.09695452451705933,2.5790625
lca,3,p241_327_mic1,p241,data\VCTK\wav48_silence_trimmed\p241\p241_327_mic1.flac,p252,0,1,0.3957940340042114,0.3282017111778259,0.3957940340042114,-0.0675923228263855,2.5790625
original,0,p243_010_mic1,p243,data\VCTK\wav48_silence_trimmed\p243\p243_010_mic1.flac,p243,1,1,0.8058229684829712,0.8058229684829712,0.31024694442749023,0.49557602405548096,4.1923125
base,1,p243_010_mic1,p243,data\VCTK\wav48_silence_trimmed\p243\p243_010_mic1.flac,p258,0,1,0.31372708082199097,0.2201799601316452,0.31372708082199097,-0.09354712069034576,4.1923125
base,2,p243_010_mic1,p243,data\VCTK\wav48_silence_trimmed\p243\p243_010_mic1.flac,p243,1,1,0.4379749894142151,0.4379749894142151,0.37104159593582153,0.06693339347839355,4.1923125
base,3,p243_010_mic1,p243,data\VCTK\wav48_silence_trimmed\p243\p243_010_mic1.flac,p226,0,1,0.4080711007118225,0.381259560585022,0.4080711007118225,-0.026811540126800537,4.1923125
lca,1,p243_010_mic1,p243,data\VCTK\wav48_silence_trimmed\p243\p243_010_mic1.flac,p259,0,1,0.30387401580810547,0.12766987085342407,0.30387401580810547,-0.1762041449546814,4.1923125
lca,2,p243_010_mic1,p243,data\VCTK\wav48_silence_trimmed\p243\p243_010_mic1.flac,p259,0,1,0.3620304465293884,0.24134297668933868,0.3620304465293884,-0.12068746984004974,4.1923125
lca,3,p243_010_mic1,p243,data\VCTK\wav48_silence_trimmed\p243\p243_010_mic1.flac,p259,0,1,0.3916759490966797,0.27862435579299927,0.3916759490966797,-0.11305159330368042,4.1923125
original,0,p243_091_mic1,p243,data\VCTK\wav48_silence_trimmed\p243\p243_091_mic1.flac,p243,1,1,0.8489775657653809,0.8489775657653809,0.3044261932373047,0.5445513725280762,3.7995
base,1,p243_091_mic1,p243,data\VCTK\wav48_silence_trimmed\p243\p243_091_mic1.flac,p364,0,1,0.349942147731781,0.06224264204502106,0.349942147731781,-0.28769950568675995,3.7995
base,2,p243_091_mic1,p243,data\VCTK\wav48_silence_trimmed\p243\p243_091_mic1.flac,p243,1,1,0.4517678916454315,0.4517678916454315,0.42336076498031616,0.028407126665115356,3.7995
base,3,p243_091_mic1,p243,data\VCTK\wav48_silence_trimmed\p243\p243_091_mic1.flac,p243,1,1,0.5427515506744385,0.5427515506744385,0.379364550113678,0.1633870005607605,3.7995
lca,1,p243_091_mic1,p243,data\VCTK\wav48_silence_trimmed\p243\p243_091_mic1.flac,p281,0,1,0.3582657277584076,0.07267393916845322,0.3582657277584076,-0.2855917885899544,3.7995
lca,2,p243_091_mic1,p243,data\VCTK\wav48_silence_trimmed\p243\p243_091_mic1.flac,p226,0,1,0.3701125681400299,0.19422316551208496,0.3701125681400299,-0.17588940262794495,3.7995
lca,3,p243_091_mic1,p243,data\VCTK\wav48_silence_trimmed\p243\p243_091_mic1.flac,p259,0,1,0.347317099571228,0.270805299282074,0.347317099571228,-0.07651180028915405,3.7995
original,0,p243_093_mic2,p243,data\VCTK\wav48_silence_trimmed\p243\p243_093_mic2.flac,p243,1,1,0.6759474277496338,0.6759474277496338,0.30445608496665955,0.37149134278297424,3.756
base,1,p243_093_mic2,p243,data\VCTK\wav48_silence_trimmed\p243\p243_093_mic2.flac,p247,0,1,0.28076690435409546,0.13041596114635468,0.28076690435409546,-0.15035094320774078,3.756
base,2,p243_093_mic2,p243,data\VCTK\wav48_silence_trimmed\p243\p243_093_mic2.flac,p243,1,1,0.3731396794319153,0.3731396794319153,0.35230863094329834,0.020831048488616943,3.756
base,3,p243_093_mic2,p243,data\VCTK\wav48_silence_trimmed\p243\p243_093_mic2.flac,p226,0,1,0.401435911655426,0.3926231861114502,0.401435911655426,-0.00881272554397583,3.756
lca,1,p243_093_mic2,p243,data\VCTK\wav48_silence_trimmed\p243\p243_093_mic2.flac,p281,0,1,0.2792898416519165,0.07378837466239929,0.2792898416519165,-0.2055014669895172,3.756
lca,2,p243_093_mic2,p243,data\VCTK\wav48_silence_trimmed\p243\p243_093_mic2.flac,p281,0,1,0.3520849943161011,0.13261398673057556,0.3520849943161011,-0.2194710075855255,3.756
lca,3,p243_093_mic2,p243,data\VCTK\wav48_silence_trimmed\p243\p243_093_mic2.flac,p281,0,1,0.36035051941871643,0.1885955035686493,0.36035051941871643,-0.17175501585006714,3.756
original,0,p243_272_mic2,p243,data\VCTK\wav48_silence_trimmed\p243\p243_272_mic2.flac,p243,1,1,0.8546267151832581,0.8546267151832581,0.24985316395759583,0.6047735512256622,4.10925
base,1,p243_272_mic2,p243,data\VCTK\wav48_silence_trimmed\p243\p243_272_mic2.flac,p360,0,1,0.32381391525268555,0.15641158819198608,0.32381391525268555,-0.16740232706069946,4.10925
base,2,p243_272_mic2,p243,data\VCTK\wav48_silence_trimmed\p243\p243_272_mic2.flac,p243,1,1,0.3983810544013977,0.3983810544013977,0.3386422395706177,0.05973881483078003,4.10925
base,3,p243_272_mic2,p243,data\VCTK\wav48_silence_trimmed\p243\p243_272_mic2.flac,p243,1,1,0.5193580985069275,0.5193580985069275,0.28019729256629944,0.23916080594062805,4.10925
lca,1,p243_272_mic2,p243,data\VCTK\wav48_silence_trimmed\p243\p243_272_mic2.flac,p281,0,1,0.33901238441467285,0.12297829985618591,0.33901238441467285,-0.21603408455848694,4.10925
lca,2,p243_272_mic2,p243,data\VCTK\wav48_silence_trimmed\p243\p243_272_mic2.flac,p259,0,1,0.31329861283302307,0.24008336663246155,0.31329861283302307,-0.07321524620056152,4.10925
lca,3,p243_272_mic2,p243,data\VCTK\wav48_silence_trimmed\p243\p243_272_mic2.flac,p259,0,1,0.32496505975723267,0.22399912774562836,0.32496505975723267,-0.10096593201160431,4.10925
original,0,p243_321_mic2,p243,data\VCTK\wav48_silence_trimmed\p243\p243_321_mic2.flac,p243,1,1,0.8570886254310608,0.8570886254310608,0.28131285309791565,0.5757757723331451,4.582125
base,1,p243_321_mic2,p243,data\VCTK\wav48_silence_trimmed\p243\p243_321_mic2.flac,p302,0,1,0.30957576632499695,0.19359976053237915,0.30957576632499695,-0.1159760057926178,4.582125
base,2,p243_321_mic2,p243,data\VCTK\wav48_silence_trimmed\p243\p243_321_mic2.flac,p243,1,1,0.42799535393714905,0.42799535393714905,0.3607134521007538,0.06728190183639526,4.582125
base,3,p243_321_mic2,p243,data\VCTK\wav48_silence_trimmed\p243\p243_321_mic2.flac,p243,1,1,0.4435102343559265,0.4435102343559265,0.39348891377449036,0.05002132058143616,4.582125
lca,1,p243_321_mic2,p243,data\VCTK\wav48_silence_trimmed\p243\p243_321_mic2.flac,p281,0,1,0.3534631133079529,0.06984005868434906,0.3534631133079529,-0.2836230546236038,4.582125
lca,2,p243_321_mic2,p243,data\VCTK\wav48_silence_trimmed\p243\p243_321_mic2.flac,p281,0,1,0.3582402467727661,0.22865182161331177,0.3582402467727661,-0.12958842515945435,4.582125
lca,3,p243_321_mic2,p243,data\VCTK\wav48_silence_trimmed\p243\p243_321_mic2.flac,p281,0,1,0.3041136562824249,0.26348379254341125,0.3041136562824249,-0.04062986373901367,4.582125
original,0,p244_082_mic2,p244,data\VCTK\wav48_silence_trimmed\p244\p244_082_mic2.flac,p244,1,1,0.6818897128105164,0.6818897128105164,0.4777264893054962,0.20416322350502014,1.9874375
base,1,p244_082_mic2,p244,data\VCTK\wav48_silence_trimmed\p244\p244_082_mic2.flac,p233,0,1,0.3472403883934021,0.2519676089286804,0.3472403883934021,-0.09527277946472168,1.9874375
base,2,p244_082_mic2,p244,data\VCTK\wav48_silence_trimmed\p244\p244_082_mic2.flac,p233,0,1,0.2852972745895386,0.23763534426689148,0.2852972745895386,-0.047661930322647095,1.9874375
base,3,p244_082_mic2,p244,data\VCTK\wav48_silence_trimmed\p244\p244_082_mic2.flac,p280,0,1,0.39888468384742737,0.2947995960712433,0.39888468384742737,-0.10408508777618408,1.9874375
lca,1,p244_082_mic2,p244,data\VCTK\wav48_silence_trimmed\p244\p244_082_mic2.flac,p313,0,1,0.3551560640335083,0.1730785071849823,0.3551560640335083,-0.182077556848526,1.9874375
lca,2,p244_082_mic2,p244,data\VCTK\wav48_silence_trimmed\p244\p244_082_mic2.flac,p233,0,1,0.4228813648223877,0.33621373772621155,0.4228813648223877,-0.08666762709617615,1.9874375
lca,3,p244_082_mic2,p244,data\VCTK\wav48_silence_trimmed\p244\p244_082_mic2.flac,p280,0,1,0.47902342677116394,0.38108059763908386,0.47902342677116394,-0.09794282913208008,1.9874375
original,0,p244_102_mic1,p244,data\VCTK\wav48_silence_trimmed\p244\p244_102_mic1.flac,p244,1,1,0.7721681594848633,0.7721681594848633,0.503900408744812,0.26826775074005127,3.3425
base,1,p244_102_mic1,p244,data\VCTK\wav48_silence_trimmed\p244\p244_102_mic1.flac,p268,0,1,0.3031429052352905,0.2840346395969391,0.3031429052352905,-0.01910826563835144,3.3425
base,2,p244_102_mic1,p244,data\VCTK\wav48_silence_trimmed\p244\p244_102_mic1.flac,p269,0,1,0.3835855722427368,0.3825680613517761,0.3835855722427368,-0.0010175108909606934,3.3425
base,3,p244_102_mic1,p244,data\VCTK\wav48_silence_trimmed\p244\p244_102_mic1.flac,p244,1,1,0.43970316648483276,0.43970316648483276,0.4223584532737732,0.01734471321105957,3.3425
lca,1,p244_102_mic1,p244,data\VCTK\wav48_silence_trimmed\p244\p244_102_mic1.flac,p264,0,1,0.3763619065284729,0.24584797024726868,0.3763619065284729,-0.13051393628120422,3.3425
lca,2,p244_102_mic1,p244,data\VCTK\wav48_silence_trimmed\p244\p244_102_mic1.flac,p340,0,1,0.3946671187877655,0.34015220403671265,0.3946671187877655,-0.054514914751052856,3.3425
lca,3,p244_102_mic1,p244,data\VCTK\wav48_silence_trimmed\p244\p244_102_mic1.flac,p340,0,1,0.4559677541255951,0.350238561630249,0.4559677541255951,-0.10572919249534607,3.3425
original,0,p244_221_mic2,p244,data\VCTK\wav48_silence_trimmed\p244\p244_221_mic2.flac,p244,1,1,0.7727450132369995,0.7727450132369995,0.5107734203338623,0.2619715929031372,2.633875
base,1,p244_221_mic2,p244,data\VCTK\wav48_silence_trimmed\p244\p244_221_mic2.flac,p244,1,1,0.34732478857040405,0.34732478857040405,0.33993592858314514,0.007388859987258911,2.633875
base,2,p244_221_mic2,p244,data\VCTK\wav48_silence_trimmed\p244\p244_221_mic2.flac,p244,1,1,0.42034775018692017,0.42034775018692017,0.40328449010849,0.017063260078430176,2.633875
base,3,p244_221_mic2,p244,data\VCTK\wav48_silence_trimmed\p244\p244_221_mic2.flac,p244,1,1,0.38831451535224915,0.38831451535224915,0.36084964871406555,0.027464866638183594,2.633875
lca,1,p244_221_mic2,p244,data\VCTK\wav48_silence_trimmed\p244\p244_221_mic2.flac,p280,0,1,0.3601059317588806,0.31953325867652893,0.3601059317588806,-0.040572673082351685,2.633875
lca,2,p244_221_mic2,p244,data\VCTK\wav48_silence_trimmed\p244\p244_221_mic2.flac,p233,0,1,0.39073246717453003,0.36115962266921997,0.39073246717453003,-0.02957284450531006,2.633875
lca,3,p244_221_mic2,p244,data\VCTK\wav48_silence_trimmed\p244\p244_221_mic2.flac,p280,0,1,0.4200422763824463,0.40921545028686523,0.4200422763824463,-0.010826826095581055,2.633875
original,0,p244_254_mic1,p244,data\VCTK\wav48_silence_trimmed\p244\p244_254_mic1.flac,p244,1,1,0.7487270832061768,0.7487270832061768,0.4458780884742737,0.3028489947319031,2.117625
base,1,p244_254_mic1,p244,data\VCTK\wav48_silence_trimmed\p244\p244_254_mic1.flac,p257,0,1,0.3637608289718628,0.24505013227462769,0.3637608289718628,-0.11871069669723511,2.117625
base,2,p244_254_mic1,p244,data\VCTK\wav48_silence_trimmed\p244\p244_254_mic1.flac,p244,1,1,0.3410918414592743,0.3410918414592743,0.3342543840408325,0.0068374574184417725,2.117625
base,3,p244_254_mic1,p244,data\VCTK\wav48_silence_trimmed\p244\p244_254_mic1.flac,p244,1,1,0.41682112216949463,0.41682112216949463,0.32615387439727783,0.0906672477722168,2.117625
lca,1,p244_254_mic1,p244,data\VCTK\wav48_silence_trimmed\p244\p244_254_mic1.flac,p313,0,1,0.3738882839679718,0.19682928919792175,0.3738882839679718,-0.17705899477005005,2.117625
lca,2,p244_254_mic1,p244,data\VCTK\wav48_silence_trimmed\p244\p244_254_mic1.flac,p313,0,1,0.37030866742134094,0.3445340692996979,0.37030866742134094,-0.025774598121643066,2.117625
lca,3,p244_254_mic1,p244,data\VCTK\wav48_silence_trimmed\p244\p244_254_mic1.flac,p244,1,1,0.4531891942024231,0.4531891942024231,0.36472389101982117,0.08846530318260193,2.117625
original,0,p244_348_mic1,p244,data\VCTK\wav48_silence_trimmed\p244\p244_348_mic1.flac,p244,1,1,0.7266988158226013,0.7266988158226013,0.5030990242958069,0.22359979152679443,2.4953125
base,1,p244_348_mic1,p244,data\VCTK\wav48_silence_trimmed\p244\p244_348_mic1.flac,p264,0,1,0.31753814220428467,0.3093780279159546,0.31753814220428467,-0.008160114288330078,2.4953125
base,2,p244_348_mic1,p244,data\VCTK\wav48_silence_trimmed\p244\p244_348_mic1.flac,p244,1,1,0.3696950376033783,0.3696950376033783,0.36297672986984253,0.006718307733535767,2.4953125
base,3,p244_348_mic1,p244,data\VCTK\wav48_silence_trimmed\p244\p244_348_mic1.flac,p244,1,1,0.4382215142250061,0.4382215142250061,0.36000341176986694,0.07821810245513916,2.4953125
lca,1,p244_348_mic1,p244,data\VCTK\wav48_silence_trimmed\p244\p244_348_mic1.flac,p295,0,1,0.3668915629386902,0.2880523204803467,0.3668915629386902,-0.0788392424583435,2.4953125
lca,2,p244_348_mic1,p244,data\VCTK\wav48_silence_trimmed\p244\p244_348_mic1.flac,p299,0,1,0.36231565475463867,0.3031823933124542,0.36231565475463867,-0.05913326144218445,2.4953125
lca,3,p244_348_mic1,p244,data\VCTK\wav48_silence_trimmed\p244\p244_348_mic1.flac,p299,0,1,0.35980021953582764,0.3300621509552002,0.35980021953582764,-0.02973806858062744,2.4953125
original,0,p245_061_mic1,p245,data\VCTK\wav48_silence_trimmed\p245\p245_061_mic1.flac,p245,1,1,0.7492535710334778,0.7492535710334778,0.35068386793136597,0.3985697031021118,3.6998125
base,1,p245_061_mic1,p245,data\VCTK\wav48_silence_trimmed\p245\p245_061_mic1.flac,p300,0,1,0.298949658870697,0.15190154314041138,0.298949658870697,-0.14704811573028564,3.6998125
base,2,p245_061_mic1,p245,data\VCTK\wav48_silence_trimmed\p245\p245_061_mic1.flac,p245,1,1,0.38280248641967773,0.38280248641967773,0.37892359495162964,0.0038788914680480957,3.6998125
base,3,p245_061_mic1,p245,data\VCTK\wav48_silence_trimmed\p245\p245_061_mic1.flac,p245,1,1,0.44264358282089233,0.44264358282089233,0.4362829625606537,0.0063606202602386475,3.6998125
lca,1,p245_061_mic1,p245,data\VCTK\wav48_silence_trimmed\p245\p245_061_mic1.flac,p314,0,1,0.29097020626068115,0.19925889372825623,0.29097020626068115,-0.09171131253242493,3.6998125
lca,2,p245_061_mic1,p245,data\VCTK\wav48_silence_trimmed\p245\p245_061_mic1.flac,p245,1,1,0.43935123085975647,0.43935123085975647,0.3477693200111389,0.09158191084861755,3.6998125
lca,3,p245_061_mic1,p245,data\VCTK\wav48_silence_trimmed\p245\p245_061_mic1.flac,p245,1,1,0.4904785752296448,0.4904785752296448,0.39136672019958496,0.09911185503005981,3.6998125
original,0,p245_180_mic1,p245,data\VCTK\wav48_silence_trimmed\p245\p245_180_mic1.flac,p245,1,1,0.6458255052566528,0.6458255052566528,0.42421257495880127,0.22161293029785156,2.186875
base,1,p245_180_mic1,p245,data\VCTK\wav48_silence_trimmed\p245\p245_180_mic1.flac,p374,0,1,0.3247685134410858,0.15890467166900635,0.3247685134410858,-0.16586384177207947,2.186875
base,2,p245_180_mic1,p245,data\VCTK\wav48_silence_trimmed\p245\p245_180_mic1.flac,p374,0,1,0.3856763243675232,0.24138209223747253,0.3856763243675232,-0.14429423213005066,2.186875
base,3,p245_180_mic1,p245,data\VCTK\wav48_silence_trimmed\p245\p245_180_mic1.flac,p376,0,1,0.3450080156326294,0.3089434504508972,0.3450080156326294,-0.03606456518173218,2.186875
lca,1,p245_180_mic1,p245,data\VCTK\wav48_silence_trimmed\p245\p245_180_mic1.flac,p281,0,1,0.358345627784729,0.16549688577651978,0.358345627784729,-0.19284874200820923,2.186875
lca,2,p245_180_mic1,p245,data\VCTK\wav48_silence_trimmed\p245\p245_180_mic1.flac,p281,0,1,0.3462516665458679,0.26547232270240784,0.3462516665458679,-0.08077934384346008,2.186875
lca,3,p245_180_mic1,p245,data\VCTK\wav48_silence_trimmed\p245\p245_180_mic1.flac,p364,0,1,0.35928279161453247,0.341737300157547,0.35928279161453247,-0.017545491456985474,2.186875
original,0,p245_337_mic2,p245,data\VCTK\wav48_silence_trimmed\p245\p245_337_mic2.flac,p245,1,1,0.7830618619918823,0.7830618619918823,0.3785077631473541,0.4045540988445282,5.0563125
base,1,p245_337_mic2,p245,data\VCTK\wav48_silence_trimmed\p245\p245_337_mic2.flac,p364,0,1,0.35233157873153687,0.18733680248260498,0.35233157873153687,-0.16499477624893188,5.0563125
base,2,p245_337_mic2,p245,data\VCTK\wav48_silence_trimmed\p245\p245_337_mic2.flac,p347,0,1,0.3957047760486603,0.34581971168518066,0.3957047760486603,-0.049885064363479614,5.0563125
base,3,p245_337_mic2,p245,data\VCTK\wav48_silence_trimmed\p245\p245_337_mic2.flac,p245,1,1,0.4396761357784271,0.4396761357784271,0.42950838804244995,0.010167747735977173,5.0563125
lca,1,p245_337_mic2,p245,data\VCTK\wav48_silence_trimmed\p245\p245_337_mic2.flac,p364,0,1,0.37679046392440796,0.20238232612609863,0.37679046392440796,-0.17440813779830933,5.0563125
lca,2,p245_337_mic2,p245,data\VCTK\wav48_silence_trimmed\p245\p245_337_mic2.flac,p364,0,1,0.38238537311553955,0.3287825584411621,0.38238537311553955,-0.05360281467437744,5.0563125
lca,3,p245_337_mic2,p245,data\VCTK\wav48_silence_trimmed\p245\p245_337_mic2.flac,p245,1,1,0.4538204073905945,0.4538204073905945,0.43959712982177734,0.014223277568817139,5.0563125
original,0,p245_338_mic2,p245,data\VCTK\wav48_silence_trimmed\p245\p245_338_mic2.flac,p245,1,1,0.7561079263687134,0.7561079263687134,0.39903533458709717,0.3570725917816162,3.0451875
base,1,p245_338_mic2,p245,data\VCTK\wav48_silence_trimmed\p245\p245_338_mic2.flac,p233,0,1,0.2866138219833374,0.13907776772975922,0.2866138219833374,-0.14753605425357819,3.0451875
base,2,p245_338_mic2,p245,data\VCTK\wav48_silence_trimmed\p245\p245_338_mic2.flac,p374,0,1,0.39676016569137573,0.29708415269851685,0.39676016569137573,-0.09967601299285889,3.0451875
base,3,p245_338_mic2,p245,data\VCTK\wav48_silence_trimmed\p245\p245_338_mic2.flac,p347,0,1,0.5215775966644287,0.4389834702014923,0.5215775966644287,-0.0825941264629364,3.0451875
lca,1,p245_338_mic2,p245,data\VCTK\wav48_silence_trimmed\p245\p245_338_mic2.flac,p233,0,1,0.29086196422576904,0.09176002442836761,0.29086196422576904,-0.19910193979740143,3.0451875
lca,2,p245_338_mic2,p245,data\VCTK\wav48_silence_trimmed\p245\p245_338_mic2.flac,p347,0,1,0.4415912926197052,0.37014245986938477,0.4415912926197052,-0.07144883275032043,3.0451875
lca,3,p245_338_mic2,p245,data\VCTK\wav48_silence_trimmed\p245\p245_338_mic2.flac,p347,0,1,0.5292521715164185,0.4103853404521942,0.5292521715164185,-0.11886683106422424,3.0451875
original,0,p245_348_mic1,p245,data\VCTK\wav48_silence_trimmed\p245\p245_348_mic1.flac,p245,1,1,0.8284565806388855,0.8284565806388855,0.40166062116622925,0.42679595947265625,2.9725
base,1,p245_348_mic1,p245,data\VCTK\wav48_silence_trimmed\p245\p245_348_mic1.flac,p360,0,1,0.32903730869293213,0.22933797538280487,0.32903730869293213,-0.09969933331012726,2.9725
base,2,p245_348_mic1,p245,data\VCTK\wav48_silence_trimmed\p245\p245_348_mic1.flac,p245,1,1,0.4573129415512085,0.4573129415512085,0.3671966791152954,0.09011626243591309,2.9725
base,3,p245_348_mic1,p245,data\VCTK\wav48_silence_trimmed\p245\p245_348_mic1.flac,p245,1,1,0.555519163608551,0.555519163608551,0.3903214633464813,0.1651977002620697,2.9725
lca,1,p245_348_mic1,p245,data\VCTK\wav48_silence_trimmed\p245\p245_348_mic1.flac,p281,0,1,0.29328882694244385,0.17788732051849365,0.29328882694244385,-0.1154015064239502,2.9725
lca,2,p245_348_mic1,p245,data\VCTK\wav48_silence_trimmed\p245\p245_348_mic1.flac,p284,0,1,0.3523724675178528,0.3235408067703247,0.3523724675178528,-0.028831660747528076,2.9725
lca,3,p245_348_mic1,p245,data\VCTK\wav48_silence_trimmed\p245\p245_348_mic1.flac,p245,1,1,0.4675295054912567,0.4675295054912567,0.36349380016326904,0.10403570532798767,2.9725
original,0,p246_054_mic1,p246,data\VCTK\wav48_silence_trimmed\p246\p246_054_mic1.flac,p246,1,1,0.8059240579605103,0.8059240579605103,0.3676275610923767,0.43829649686813354,3.728625
base,1,p246_054_mic1,p246,data\VCTK\wav48_silence_trimmed\p246\p246_054_mic1.flac,p316,0,1,0.33678263425827026,0.03527769818902016,0.33678263425827026,-0.3015049360692501,3.728625
base,2,p246_054_mic1,p246,data\VCTK\wav48_silence_trimmed\p246\p246_054_mic1.flac,p374,0,1,0.38764461874961853,0.32986146211624146,0.38764461874961853,-0.057783156633377075,3.728625
base,3,p246_054_mic1,p246,data\VCTK\wav48_silence_trimmed\p246\p246_054_mic1.flac,p246,1,1,0.4402174949645996,0.4402174949645996,0.4151995778083801,0.025017917156219482,3.728625
lca,1,p246_054_mic1,p246,data\VCTK\wav48_silence_trimmed\p246\p246_054_mic1.flac,p364,0,1,0.3812776207923889,0.12220347672700882,0.3812776207923889,-0.2590741440653801,3.728625
lca,2,p246_054_mic1,p246,data\VCTK\wav48_silence_trimmed\p246\p246_054_mic1.flac,p364,0,1,0.3932270407676697,0.27207502722740173,0.3932270407676697,-0.12115201354026794,3.728625
lca,3,p246_054_mic1,p246,data\VCTK\wav48_silence_trimmed\p246\p246_054_mic1.flac,p364,0,1,0.3805356025695801,0.37175965309143066,0.3805356025695801,-0.008775949478149414,3.728625
original,0,p246_304_mic1,p246,data\VCTK\wav48_silence_trimmed\p246\p246_304_mic1.flac,p246,1,1,0.7560867071151733,0.7560867071151733,0.36682984232902527,0.38925686478614807,5.0705625
base,1,p246_304_mic1,p246,data\VCTK\wav48_silence_trimmed\p246\p246_304_mic1.flac,p364,0,1,0.32422709465026855,0.0695255771279335,0.32422709465026855,-0.25470151752233505,5.0705625
base,2,p246_304_mic1,p246,data\VCTK\wav48_silence_trimmed\p246\p246_304_mic1.flac,p364,0,1,0.3812371492385864,0.3330068290233612,0.3812371492385864,-0.04823032021522522,5.0705625
base,3,p246_304_mic1,p246,data\VCTK\wav48_silence_trimmed\p246\p246_304_mic1.flac,p246,1,1,0.4466494917869568,0.4466494917869568,0.36011892557144165,0.08653056621551514,5.0705625
lca,1,p246_304_mic1,p246,data\VCTK\wav48_silence_trimmed\p246\p246_304_mic1.flac,p364,0,1,0.29548215866088867,0.04680584743618965,0.29548215866088867,-0.24867631122469902,5.0705625
lca,2,p246_304_mic1,p246,data\VCTK\wav48_silence_trimmed\p246\p246_304_mic1.flac,p281,0,1,0.34012293815612793,0.20451059937477112,0.34012293815612793,-0.1356123387813568,5.0705625
lca,3,p246_304_mic1,p246,data\VCTK\wav48_silence_trimmed\p246\p246_304_mic1.flac,p364,0,1,0.39424222707748413,0.2746918201446533,0.39424222707748413,-0.11955040693283081,5.0705625
original,0,p246_336_mic1,p246,data\VCTK\wav48_silence_trimmed\p246\p246_336_mic1.flac,p246,1,1,0.6783482432365417,0.6783482432365417,0.2879158854484558,0.39043235778808594,1.92525
base,1,p246_336_mic1,p246,data\VCTK\wav48_silence_trimmed\p246\p246_336_mic1.flac,p226,0,1,0.29495400190353394,0.25889143347740173,0.29495400190353394,-0.0360625684261322,1.92525
base,2,p246_336_mic1,p246,data\VCTK\wav48_silence_trimmed\p246\p246_336_mic1.flac,p246,1,1,0.4091174602508545,0.4091174602508545,0.31382590532302856,0.09529155492782593,1.92525
base,3,p246_336_mic1,p246,data\VCTK\wav48_silence_trimmed\p246\p246_336_mic1.flac,p246,1,1,0.5561025142669678,0.5561025142669678,0.333467036485672,0.22263547778129578,1.92525
lca,1,p246_336_mic1,p246,data\VCTK\wav48_silence_trimmed\p246\p246_336_mic1.flac,p364,0,1,0.35448527336120605,0.13574233651161194,0.35448527336120605,-0.21874293684959412,1.92525
lca,2,p246_336_mic1,p246,data\VCTK\wav48_silence_trimmed\p246\p246_336_mic1.flac,p281,0,1,0.342635840177536,0.2157561182975769,0.342635840177536,-0.1268797218799591,1.92525
lca,3,p246_336_mic1,p246,data\VCTK\wav48_silence_trimmed\p246\p246_336_mic1.flac,p281,0,1,0.4100085496902466,0.3341667056083679,0.4100085496902466,-0.07584184408187866,1.92525
original,0,p246_338_mic2,p246,data\VCTK\wav48_silence_trimmed\p246\p246_338_mic2.flac,p246,1,1,0.7434206604957581,0.7434206604957581,0.3479897677898407,0.39543089270591736,4.7534375
base,1,p246_338_mic2,p246,data\VCTK\wav48_silence_trimmed\p246\p246_338_mic2.flac,p364,0,1,0.2872666120529175,0.2744176685810089,0.2872666120529175,-0.01284894347190857,4.7534375
base,2,p246_338_mic2,p246,data\VCTK\wav48_silence_trimmed\p246\p246_338_mic2.flac,p246,1,1,0.4041721224784851,0.4041721224784851,0.35599127411842346,0.048180848360061646,4.7534375
base,3,p246_338_mic2,p246,data\VCTK\wav48_silence_trimmed\p246\p246_338_mic2.flac,p246,1,1,0.5461528897285461,0.5461528897285461,0.3602313995361328,0.18592149019241333,4.7534375
lca,1,p246_338_mic2,p246,data\VCTK\wav48_silence_trimmed\p246\p246_338_mic2.flac,p262,0,1,0.3129262328147888,0.15763917565345764,0.3129262328147888,-0.15528705716133118,4.7534375
lca,2,p246_338_mic2,p246,data\VCTK\wav48_silence_trimmed\p246\p246_338_mic2.flac,p360,0,1,0.31194043159484863,0.22790665924549103,0.31194043159484863,-0.0840337723493576,4.7534375
lca,3,p246_338_mic2,p246,data\VCTK\wav48_silence_trimmed\p246\p246_338_mic2.flac,p246,1,1,0.41373980045318604,0.41373980045318604,0.35667628049850464,0.057063519954681396,4.7534375
original,0,p246_351_mic2,p246,data\VCTK\wav48_silence_trimmed\p246\p246_351_mic2.flac,p246,1,1,0.7126685380935669,0.7126685380935669,0.29639413952827454,0.41627439856529236,3.16275
base,1,p246_351_mic2,p246,data\VCTK\wav48_silence_trimmed\p246\p246_351_mic2.flac,p316,0,1,0.29555878043174744,0.11981943994760513,0.29555878043174744,-0.1757393404841423,3.16275
base,2,p246_351_mic2,p246,data\VCTK\wav48_silence_trimmed\p246\p246_351_mic2.flac,p246,1,1,0.41664814949035645,0.41664814949035645,0.35012173652648926,0.06652641296386719,3.16275
base,3,p246_351_mic2,p246,data\VCTK\wav48_silence_trimmed\p246\p246_351_mic2.flac,p246,1,1,0.5828030705451965,0.5828030705451965,0.3626885414123535,0.22011452913284302,3.16275
lca,1,p246_351_mic2,p246,data\VCTK\wav48_silence_trimmed\p246\p246_351_mic2.flac,p313,0,1,0.3065721094608307,0.10963454097509384,0.3065721094608307,-0.19693756848573685,3.16275
lca,2,p246_351_mic2,p246,data\VCTK\wav48_silence_trimmed\p246\p246_351_mic2.flac,p364,0,1,0.3580184578895569,0.3156065344810486,0.3580184578895569,-0.0424119234085083,3.16275
lca,3,p246_351_mic2,p246,data\VCTK\wav48_silence_trimmed\p246\p246_351_mic2.flac,p246,1,1,0.4258776605129242,0.4258776605129242,0.3822029232978821,0.043674737215042114,3.16275
original,0,p247_023_mic2,p247,data\VCTK\wav48_silence_trimmed\p247\p247_023_mic2.flac,p247,1,1,0.829367995262146,0.829367995262146,0.4195043444633484,0.4098636507987976,10.545
base,1,p247_023_mic2,p247,data\VCTK\wav48_silence_trimmed\p247\p247_023_mic2.flac,p247,1,1,0.37175023555755615,0.37175023555755615,0.3172791600227356,0.05447107553482056,10.545
base,2,p247_023_mic2,p247,data\VCTK\wav48_silence_trimmed\p247\p247_023_mic2.flac,p247,1,1,0.538812518119812,0.538812518119812,0.3240436613559723,0.21476885676383972,10.545
base,3,p247_023_mic2,p247,data\VCTK\wav48_silence_trimmed\p247\p247_023_mic2.flac,p247,1,1,0.5735149383544922,0.5735149383544922,0.36586588621139526,0.20764905214309692,10.545
lca,1,p247_023_mic2,p247,data\VCTK\wav48_silence_trimmed\p247\p247_023_mic2.flac,p364,0,1,0.30445703864097595,0.263894259929657,0.30445703864097595,-0.04056277871131897,10.545
lca,2,p247_023_mic2,p247,data\VCTK\wav48_silence_trimmed\p247\p247_023_mic2.flac,p247,1,1,0.33749669790267944,0.33749669790267944,0.33162379264831543,0.005872905254364014,10.545
lca,3,p247_023_mic2,p247,data\VCTK\wav48_silence_trimmed\p247\p247_023_mic2.flac,p247,1,1,0.36963140964508057,0.36963140964508057,0.34352895617485046,0.026102453470230103,10.545
original,0,p247_032_mic1,p247,data\VCTK\wav48_silence_trimmed\p247\p247_032_mic1.flac,p247,1,1,0.7633547186851501,0.7633547186851501,0.3493119776248932,0.41404274106025696,3.113875
base,1,p247_032_mic1,p247,data\VCTK\wav48_silence_trimmed\p247\p247_032_mic1.flac,p247,1,1,0.2587541341781616,0.2587541341781616,0.2146558314561844,0.044098302721977234,3.113875
base,2,p247_032_mic1,p247,data\VCTK\wav48_silence_trimmed\p247\p247_032_mic1.flac,p247,1,1,0.48705729842185974,0.48705729842185974,0.3976171016693115,0.08944019675254822,3.113875
base,3,p247_032_mic1,p247,data\VCTK\wav48_silence_trimmed\p247\p247_032_mic1.flac,p247,1,1,0.5253469944000244,0.5253469944000244,0.3172042965888977,0.2081426978111267,3.113875
lca,1,p247_032_mic1,p247,data\VCTK\wav48_silence_trimmed\p247\p247_032_mic1.flac,p259,0,1,0.33354461193084717,0.18430259823799133,0.33354461193084717,-0.14924201369285583,3.113875
lca,2,p247_032_mic1,p247,data\VCTK\wav48_silence_trimmed\p247\p247_032_mic1.flac,p247,1,1,0.3371128439903259,0.3371128439903259,0.2838210463523865,0.05329179763793945,3.113875
lca,3,p247_032_mic1,p247,data\VCTK\wav48_silence_trimmed\p247\p247_032_mic1.flac,p247,1,1,0.39468443393707275,0.39468443393707275,0.3021892309188843,0.09249520301818848,3.113875
original,0,p247_373_mic1,p247,data\VCTK\wav48_silence_trimmed\p247\p247_373_mic1.flac,p247,1,1,0.6693533658981323,0.6693533658981323,0.35381412506103516,0.31553924083709717,2.501625
base,1,p247_373_mic1,p247,data\VCTK\wav48_silence_trimmed\p247\p247_373_mic1.flac,p360,0,1,0.3253217935562134,0.30224353075027466,0.3253217935562134,-0.02307826280593872,2.501625
base,2,p247_373_mic1,p247,data\VCTK\wav48_silence_trimmed\p247\p247_373_mic1.flac,p247,1,1,0.41870933771133423,0.41870933771133423,0.3193310797214508,0.09937825798988342,2.501625
base,3,p247_373_mic1,p247,data\VCTK\wav48_silence_trimmed\p247\p247_373_mic1.flac,p247,1,1,0.4197421371936798,0.4197421371936798,0.29876071214675903,0.12098142504692078,2.501625
lca,1,p247_373_mic1,p247,data\VCTK\wav48_silence_trimmed\p247\p247_373_mic1.flac,p251,0,1,0.27451545000076294,0.18299001455307007,0.27451545000076294,-0.09152543544769287,2.501625
lca,2,p247_373_mic1,p247,data\VCTK\wav48_silence_trimmed\p247\p247_373_mic1.flac,p347,0,1,0.28356459736824036,0.1905795931816101,0.28356459736824036,-0.09298500418663025,2.501625
lca,3,p247_373_mic1,p247,data\VCTK\wav48_silence_trimmed\p247\p247_373_mic1.flac,p347,0,1,0.29577165842056274,0.2734279930591583,0.29577165842056274,-0.02234366536140442,2.501625
original,0,p247_462_mic1,p247,data\VCTK\wav48_silence_trimmed\p247\p247_462_mic1.flac,p247,1,1,0.7253985404968262,0.7253985404968262,0.3319547772407532,0.393443763256073,3.1076875
base,1,p247_462_mic1,p247,data\VCTK\wav48_silence_trimmed\p247\p247_462_mic1.flac,p302,0,1,0.36844247579574585,0.2685372829437256,0.36844247579574585,-0.09990519285202026,3.1076875
base,2,p247_462_mic1,p247,data\VCTK\wav48_silence_trimmed\p247\p247_462_mic1.flac,p247,1,1,0.4598660469055176,0.4598660469055176,0.31450676918029785,0.14535927772521973,3.1076875
base,3,p247_462_mic1,p247,data\VCTK\wav48_silence_trimmed\p247\p247_462_mic1.flac,p247,1,1,0.5086809396743774,0.5086809396743774,0.3188403248786926,0.18984061479568481,3.1076875
lca,1,p247_462_mic1,p247,data\VCTK\wav48_silence_trimmed\p247\p247_462_mic1.flac,p314,0,1,0.2864243984222412,0.17128071188926697,0.2864243984222412,-0.11514368653297424,3.1076875
lca,2,p247_462_mic1,p247,data\VCTK\wav48_silence_trimmed\p247\p247_462_mic1.flac,p364,0,1,0.3552413582801819,0.21748663485050201,0.3552413582801819,-0.13775472342967987,3.1076875
lca,3,p247_462_mic1,p247,data\VCTK\wav48_silence_trimmed\p247\p247_462_mic1.flac,p364,0,1,0.37954849004745483,0.2875789403915405,0.37954849004745483,-0.0919695496559143,3.1076875
original,0,p247_465_mic2,p247,data\VCTK\wav48_silence_trimmed\p247\p247_465_mic2.flac,p247,1,1,0.7408218383789062,0.7408218383789062,0.28797656297683716,0.4528452754020691,3.194875
base,1,p247_465_mic2,p247,data\VCTK\wav48_silence_trimmed\p247\p247_465_mic2.flac,p247,1,1,0.3538341820240021,0.3538341820240021,0.34809666872024536,0.005737513303756714,3.194875
base,2,p247_465_mic2,p247,data\VCTK\wav48_silence_trimmed\p247\p247_465_mic2.flac,p247,1,1,0.4157135486602783,0.4157135486602783,0.3444218039512634,0.07129174470901489,3.194875
base,3,p247_465_mic2,p247,data\VCTK\wav48_silence_trimmed\p247\p247_465_mic2.flac,p247,1,1,0.4600900411605835,0.4600900411605835,0.3022341728210449,0.15785586833953857,3.194875
lca,1,p247_465_mic2,p247,data\VCTK\wav48_silence_trimmed\p247\p247_465_mic2.flac,p270,0,1,0.31815195083618164,0.25358274579048157,0.31815195083618164,-0.06456920504570007,3.194875
lca,2,p247_465_mic2,p247,data\VCTK\wav48_silence_trimmed\p247\p247_465_mic2.flac,p247,1,1,0.32371801137924194,0.32371801137924194,0.3137977123260498,0.009920299053192139,3.194875
lca,3,p247_465_mic2,p247,data\VCTK\wav48_silence_trimmed\p247\p247_465_mic2.flac,p247,1,1,0.35204291343688965,0.35204291343688965,0.3203718066215515,0.031671106815338135,3.194875
original,0,p248_064_mic1,p248,data\VCTK\wav48_silence_trimmed\p248\p248_064_mic1.flac,p248,1,1,0.7863730192184448,0.7863730192184448,0.4210115671157837,0.36536145210266113,5.0443125
base,1,p248_064_mic1,p248,data\VCTK\wav48_silence_trimmed\p248\p248_064_mic1.flac,p330,0,1,0.3944653570652008,0.27611905336380005,0.3944653570652008,-0.11834630370140076,5.0443125
base,2,p248_064_mic1,p248,data\VCTK\wav48_silence_trimmed\p248\p248_064_mic1.flac,p248,1,1,0.5322569012641907,0.5322569012641907,0.3344497084617615,0.1978071928024292,5.0443125
base,3,p248_064_mic1,p248,data\VCTK\wav48_silence_trimmed\p248\p248_064_mic1.flac,p248,1,1,0.5603857636451721,0.5603857636451721,0.31434082984924316,0.24604493379592896,5.0443125
lca,1,p248_064_mic1,p248,data\VCTK\wav48_silence_trimmed\p248\p248_064_mic1.flac,p313,0,1,0.344745397567749,0.31687697768211365,0.344745397567749,-0.027868419885635376,5.0443125
lca,2,p248_064_mic1,p248,data\VCTK\wav48_silence_trimmed\p248\p248_064_mic1.flac,p248,1,1,0.4855285584926605,0.4855285584926605,0.33215436339378357,0.15337419509887695,5.0443125
lca,3,p248_064_mic1,p248,data\VCTK\wav48_silence_trimmed\p248\p248_064_mic1.flac,p248,1,1,0.5229006409645081,0.5229006409645081,0.32925087213516235,0.1936497688293457,5.0443125
original,0,p248_179_mic1,p248,data\VCTK\wav48_silence_trimmed\p248\p248_179_mic1.flac,p248,1,1,0.6658756136894226,0.6658756136894226,0.38353556394577026,0.28234004974365234,2.57775
base,1,p248_179_mic1,p248,data\VCTK\wav48_silence_trimmed\p248\p248_179_mic1.flac,p283,0,1,0.364091157913208,0.22946643829345703,0.364091157913208,-0.13462471961975098,2.57775
base,2,p248_179_mic1,p248,data\VCTK\wav48_silence_trimmed\p248\p248_179_mic1.flac,p253,0,1,0.40749508142471313,0.33581024408340454,0.40749508142471313,-0.0716848373413086,2.57775
base,3,p248_179_mic1,p248,data\VCTK\wav48_silence_trimmed\p248\p248_179_mic1.flac,p248,1,1,0.4236198961734772,0.4236198961734772,0.3715972602367401,0.05202263593673706,2.57775
lca,1,p248_179_mic1,p248,data\VCTK\wav48_silence_trimmed\p248\p248_179_mic1.flac,p314,0,1,0.30556023120880127,0.19675661623477936,0.30556023120880127,-0.10880361497402191,2.57775
lca,2,p248_179_mic1,p248,data\VCTK\wav48_silence_trimmed\p248\p248_179_mic1.flac,p248,1,1,0.3537904620170593,0.3537904620170593,0.3521406054496765,0.0016498565673828125,2.57775
lca,3,p248_179_mic1,p248,data\VCTK\wav48_silence_trimmed\p248\p248_179_mic1.flac,p248,1,1,0.39432114362716675,0.39432114362716675,0.3468237519264221,0.04749739170074463,2.57775
original,0,p248_231_mic1,p248,data\VCTK\wav48_silence_trimmed\p248\p248_231_mic1.flac,p248,1,1,0.7665244340896606,0.7665244340896606,0.28921687602996826,0.4773075580596924,4.449375
base,1,p248_231_mic1,p248,data\VCTK\wav48_silence_trimmed\p248\p248_231_mic1.flac,p248,1,1,0.41280239820480347,0.41280239820480347,0.28968197107315063,0.12312042713165283,4.449375
base,2,p248_231_mic1,p248,data\VCTK\wav48_silence_trimmed\p248\p248_231_mic1.flac,p248,1,1,0.5789387226104736,0.5789387226104736,0.33101120591163635,0.24792751669883728,4.449375
base,3,p248_231_mic1,p248,data\VCTK\wav48_silence_trimmed\p248\p248_231_mic1.flac,p248,1,1,0.6194207668304443,0.6194207668304443,0.30651360750198364,0.3129071593284607,4.449375
lca,1,p248_231_mic1,p248,data\VCTK\wav48_silence_trimmed\p248\p248_231_mic1.flac,p248,1,1,0.3997495472431183,0.3997495472431183,0.29866254329681396,0.10108700394630432,4.449375
lca,2,p248_231_mic1,p248,data\VCTK\wav48_silence_trimmed\p248\p248_231_mic1.flac,p248,1,1,0.5180897116661072,0.5180897116661072,0.3369072675704956,0.18118244409561157,4.449375
lca,3,p248_231_mic1,p248,data\VCTK\wav48_silence_trimmed\p248\p248_231_mic1.flac,p248,1,1,0.5450819134712219,0.5450819134712219,0.3508544862270355,0.1942274272441864,4.449375
original,0,p248_280_mic1,p248,data\VCTK\wav48_silence_trimmed\p248\p248_280_mic1.flac,p248,1,1,0.7304155230522156,0.7304155230522156,0.30673450231552124,0.42368102073669434,3.6158125
base,1,p248_280_mic1,p248,data\VCTK\wav48_silence_trimmed\p248\p248_280_mic1.flac,p248,1,1,0.30621790885925293,0.30621790885925293,0.2727538049221039,0.03346410393714905,3.6158125
base,2,p248_280_mic1,p248,data\VCTK\wav48_silence_trimmed\p248\p248_280_mic1.flac,p248,1,1,0.5671086311340332,0.5671086311340332,0.27958399057388306,0.28752464056015015,3.6158125
base,3,p248_280_mic1,p248,data\VCTK\wav48_silence_trimmed\p248\p248_280_mic1.flac,p248,1,1,0.5795780420303345,0.5795780420303345,0.2962813377380371,0.28329670429229736,3.6158125
lca,1,p248_280_mic1,p248,data\VCTK\wav48_silence_trimmed\p248\p248_280_mic1.flac,p248,1,1,0.3632528483867645,0.3632528483867645,0.32644742727279663,0.036805421113967896,3.6158125
lca,2,p248_280_mic1,p248,data\VCTK\wav48_silence_trimmed\p248\p248_280_mic1.flac,p248,1,1,0.5085176825523376,0.5085176825523376,0.38659045100212097,0.12192723155021667,3.6158125
lca,3,p248_280_mic1,p248,data\VCTK\wav48_silence_trimmed\p248\p248_280_mic1.flac,p248,1,1,0.5661584138870239,0.5661584138870239,0.36168238520622253,0.2044760286808014,3.6158125
original,0,p248_285_mic2,p248,data\VCTK\wav48_silence_trimmed\p248\p248_285_mic2.flac,p248,1,1,0.6861519813537598,0.6861519813537598,0.27785414457321167,0.4082978367805481,3.886
base,1,p248_285_mic2,p248,data\VCTK\wav48_silence_trimmed\p248\p248_285_mic2.flac,p248,1,1,0.33387330174446106,0.33387330174446106,0.27966028451919556,0.0542130172252655,3.886
base,2,p248_285_mic2,p248,data\VCTK\wav48_silence_trimmed\p248\p248_285_mic2.flac,p248,1,1,0.48796379566192627,0.48796379566192627,0.3196464776992798,0.16831731796264648,3.886
base,3,p248_285_mic2,p248,data\VCTK\wav48_silence_trimmed\p248\p248_285_mic2.flac,p248,1,1,0.48698657751083374,0.48698657751083374,0.3070167899131775,0.17996978759765625,3.886
lca,1,p248_285_mic2,p248,data\VCTK\wav48_silence_trimmed\p248\p248_285_mic2.flac,p248,1,1,0.37426477670669556,0.37426477670669556,0.29331743717193604,0.08094733953475952,3.886
lca,2,p248_285_mic2,p248,data\VCTK\wav48_silence_trimmed\p248\p248_285_mic2.flac,p248,1,1,0.46778514981269836,0.46778514981269836,0.34231990575790405,0.1254652440547943,3.886
lca,3,p248_285_mic2,p248,data\VCTK\wav48_silence_trimmed\p248\p248_285_mic2.flac,p248,1,1,0.5046932697296143,0.5046932697296143,0.3241919279098511,0.18050134181976318,3.886
original,0,p249_076_mic2,p249,data\VCTK\wav48_silence_trimmed\p249\p249_076_mic2.flac,p249,1,1,0.6860568523406982,0.6860568523406982,0.41553959250450134,0.2705172598361969,3.3154375
base,1,p249_076_mic2,p249,data\VCTK\wav48_silence_trimmed\p249\p249_076_mic2.flac,p262,0,1,0.32044392824172974,0.23152706027030945,0.32044392824172974,-0.08891686797142029,3.3154375
base,2,p249_076_mic2,p249,data\VCTK\wav48_silence_trimmed\p249\p249_076_mic2.flac,p262,0,1,0.3865112066268921,0.37479516863822937,0.3865112066268921,-0.01171603798866272,3.3154375
base,3,p249_076_mic2,p249,data\VCTK\wav48_silence_trimmed\p249\p249_076_mic2.flac,p262,0,1,0.41981080174446106,0.36072733998298645,0.41981080174446106,-0.05908346176147461,3.3154375
lca,1,p249_076_mic2,p249,data\VCTK\wav48_silence_trimmed\p249\p249_076_mic2.flac,p280,0,1,0.4229522943496704,0.2979559600353241,0.4229522943496704,-0.12499633431434631,3.3154375
lca,2,p249_076_mic2,p249,data\VCTK\wav48_silence_trimmed\p249\p249_076_mic2.flac,p280,0,1,0.44208115339279175,0.26395994424819946,0.44208115339279175,-0.17812120914459229,3.3154375
lca,3,p249_076_mic2,p249,data\VCTK\wav48_silence_trimmed\p249\p249_076_mic2.flac,p280,0,1,0.47037631273269653,0.3492242395877838,0.47037631273269653,-0.12115207314491272,3.3154375
original,0,p249_169_mic2,p249,data\VCTK\wav48_silence_trimmed\p249\p249_169_mic2.flac,p249,1,1,0.7234327793121338,0.7234327793121338,0.4889339506626129,0.23449882864952087,4.3114375
base,1,p249_169_mic2,p249,data\VCTK\wav48_silence_trimmed\p249\p249_169_mic2.flac,p262,0,1,0.4113222360610962,0.30842363834381104,0.4113222360610962,-0.10289859771728516,4.3114375
base,2,p249_169_mic2,p249,data\VCTK\wav48_silence_trimmed\p249\p249_169_mic2.flac,p280,0,1,0.40344762802124023,0.3958887457847595,0.40344762802124023,-0.007558882236480713,4.3114375
base,3,p249_169_mic2,p249,data\VCTK\wav48_silence_trimmed\p249\p249_169_mic2.flac,p249,1,1,0.43285614252090454,0.43285614252090454,0.39574235677719116,0.03711378574371338,4.3114375
lca,1,p249_169_mic2,p249,data\VCTK\wav48_silence_trimmed\p249\p249_169_mic2.flac,p262,0,1,0.42214176058769226,0.30175065994262695,0.42214176058769226,-0.12039110064506531,4.3114375
lca,2,p249_169_mic2,p249,data\VCTK\wav48_silence_trimmed\p249\p249_169_mic2.flac,p262,0,1,0.4916344881057739,0.3058757185935974,0.4916344881057739,-0.1857587695121765,4.3114375
lca,3,p249_169_mic2,p249,data\VCTK\wav48_silence_trimmed\p249\p249_169_mic2.flac,p280,0,1,0.4800539016723633,0.35180383920669556,0.4800539016723633,-0.12825006246566772,4.3114375
original,0,p249_183_mic2,p249,data\VCTK\wav48_silence_trimmed\p249\p249_183_mic2.flac,p249,1,1,0.7971910834312439,0.7971910834312439,0.5784525871276855,0.21873849630355835,4.5050625
base,1,p249_183_mic2,p249,data\VCTK\wav48_silence_trimmed\p249\p249_183_mic2.flac,p262,0,1,0.3521556854248047,0.28215888142585754,0.3521556854248047,-0.06999680399894714,4.5050625
base,2,p249_183_mic2,p249,data\VCTK\wav48_silence_trimmed\p249\p249_183_mic2.flac,p257,0,1,0.3946007192134857,0.3925566077232361,0.3946007192134857,-0.002044111490249634,4.5050625
base,3,p249_183_mic2,p249,data\VCTK\wav48_silence_trimmed\p249\p249_183_mic2.flac,p280,0,1,0.50303053855896,0.3904045820236206,0.50303053855896,-0.11262595653533936,4.5050625
lca,1,p249_183_mic2,p249,data\VCTK\wav48_silence_trimmed\p249\p249_183_mic2.flac,p280,0,1,0.4143353998661041,0.3198270797729492,0.4143353998661041,-0.09450832009315491,4.5050625
lca,2,p249_183_mic2,p249,data\VCTK\wav48_silence_trimmed\p249\p249_183_mic2.flac,p280,0,1,0.5401493310928345,0.33082589507102966,0.5401493310928345,-0.2093234360218048,4.5050625
lca,3,p249_183_mic2,p249,data\VCTK\wav48_silence_trimmed\p249\p249_183_mic2.flac,p280,0,1,0.555121123790741,0.3810303211212158,0.555121123790741,-0.17409080266952515,4.5050625
original,0,p249_275_mic1,p249,data\VCTK\wav48_silence_trimmed\p249\p249_275_mic1.flac,p249,1,1,0.6565661430358887,0.6565661430358887,0.4427773952484131,0.21378874778747559,2.3080625
base,1,p249_275_mic1,p249,data\VCTK\wav48_silence_trimmed\p249\p249_275_mic1.flac,p262,0,1,0.3461124897003174,0.28061556816101074,0.3461124897003174,-0.06549692153930664,2.3080625
base,2,p249_275_mic1,p249,data\VCTK\wav48_silence_trimmed\p249\p249_275_mic1.flac,p231,0,1,0.37054431438446045,0.34032344818115234,0.37054431438446045,-0.030220866203308105,2.3080625
base,3,p249_275_mic1,p249,data\VCTK\wav48_silence_trimmed\p249\p249_275_mic1.flac,p293,0,1,0.3979537785053253,0.3677119314670563,0.3979537785053253,-0.030241847038269043,2.3080625
lca,1,p249_275_mic1,p249,data\VCTK\wav48_silence_trimmed\p249\p249_275_mic1.flac,p262,0,1,0.42141979932785034,0.29790985584259033,0.42141979932785034,-0.12350994348526001,2.3080625
lca,2,p249_275_mic1,p249,data\VCTK\wav48_silence_trimmed\p249\p249_275_mic1.flac,p262,0,1,0.4512038826942444,0.29517504572868347,0.4512038826942444,-0.1560288369655609,2.3080625
lca,3,p249_275_mic1,p249,data\VCTK\wav48_silence_trimmed\p249\p249_275_mic1.flac,p340,0,1,0.44887423515319824,0.31162768602371216,0.44887423515319824,-0.13724654912948608,2.3080625
original,0,p249_298_mic2,p249,data\VCTK\wav48_silence_trimmed\p249\p249_298_mic2.flac,p249,1,1,0.6972821950912476,0.6972821950912476,0.5199455618858337,0.17733663320541382,3.0635625
base,1,p249_298_mic2,p249,data\VCTK\wav48_silence_trimmed\p249\p249_298_mic2.flac,p283,0,1,0.38168197870254517,0.13310223817825317,0.38168197870254517,-0.248579740524292,3.0635625
base,2,p249_298_mic2,p249,data\VCTK\wav48_silence_trimmed\p249\p249_298_mic2.flac,p283,0,1,0.4052242934703827,0.35549402236938477,0.4052242934703827,-0.049730271100997925,3.0635625
base,3,p249_298_mic2,p249,data\VCTK\wav48_silence_trimmed\p249\p249_298_mic2.flac,p230,0,1,0.47081223130226135,0.403394877910614,0.47081223130226135,-0.06741735339164734,3.0635625
lca,1,p249_298_mic2,p249,data\VCTK\wav48_silence_trimmed\p249\p249_298_mic2.flac,p313,0,1,0.29500627517700195,0.22686584293842316,0.29500627517700195,-0.0681404322385788,3.0635625
lca,2,p249_298_mic2,p249,data\VCTK\wav48_silence_trimmed\p249\p249_298_mic2.flac,p280,0,1,0.40522149205207825,0.2990848124027252,0.40522149205207825,-0.10613667964935303,3.0635625
lca,3,p249_298_mic2,p249,data\VCTK\wav48_silence_trimmed\p249\p249_298_mic2.flac,p280,0,1,0.4410106837749481,0.30982667207717896,0.4410106837749481,-0.13118401169776917,3.0635625
original,0,p250_034_mic1,p250,data\VCTK\wav48_silence_trimmed\p250\p250_034_mic1.flac,p250,1,1,0.7502697706222534,0.7502697706222534,0.49945712089538574,0.2508126497268677,2.2660625
base,1,p250_034_mic1,p250,data\VCTK\wav48_silence_trimmed\p250\p250_034_mic1.flac,p329,0,1,0.36923009157180786,0.24938571453094482,0.36923009157180786,-0.11984437704086304,2.2660625
base,2,p250_034_mic1,p250,data\VCTK\wav48_silence_trimmed\p250\p250_034_mic1.flac,p233,0,1,0.42289304733276367,0.4036363363265991,0.42289304733276367,-0.01925671100616455,2.2660625
base,3,p250_034_mic1,p250,data\VCTK\wav48_silence_trimmed\p250\p250_034_mic1.flac,p250,1,1,0.48057040572166443,0.48057040572166443,0.46548616886138916,0.015084236860275269,2.2660625
lca,1,p250_034_mic1,p250,data\VCTK\wav48_silence_trimmed\p250\p250_034_mic1.flac,p295,0,1,0.3756062984466553,0.3123433589935303,0.3756062984466553,-0.063262939453125,2.2660625
lca,2,p250_034_mic1,p250,data\VCTK\wav48_silence_trimmed\p250\p250_034_mic1.flac,p280,0,1,0.49861738085746765,0.47988736629486084,0.49861738085746765,-0.01873001456260681,2.2660625
lca,3,p250_034_mic1,p250,data\VCTK\wav48_silence_trimmed\p250\p250_034_mic1.flac,p250,1,1,0.5611480474472046,0.5611480474472046,0.521641194820404,0.03950685262680054,2.2660625
original,0,p250_060_mic1,p250,data\VCTK\wav48_silence_trimmed\p250\p250_060_mic1.flac,p250,1,1,0.7335822582244873,0.7335822582244873,0.5142303705215454,0.2193518877029419,2.1385
base,1,p250_060_mic1,p250,data\VCTK\wav48_silence_trimmed\p250\p250_060_mic1.flac,p253,0,1,0.3533642292022705,0.2970467805862427,0.3533642292022705,-0.05631744861602783,2.1385
base,2,p250_060_mic1,p250,data\VCTK\wav48_silence_trimmed\p250\p250_060_mic1.flac,p250,1,1,0.4798610508441925,0.4798610508441925,0.4550861418247223,0.024774909019470215,2.1385
base,3,p250_060_mic1,p250,data\VCTK\wav48_silence_trimmed\p250\p250_060_mic1.flac,p250,1,1,0.474081814289093,0.474081814289093,0.43996483087539673,0.03411698341369629,2.1385
lca,1,p250_060_mic1,p250,data\VCTK\wav48_silence_trimmed\p250\p250_060_mic1.flac,p314,0,1,0.3929373025894165,0.2635294497013092,0.3929373025894165,-0.1294078528881073,2.1385
lca,2,p250_060_mic1,p250,data\VCTK\wav48_silence_trimmed\p250\p250_060_mic1.flac,p340,0,1,0.47948330640792847,0.34504085779190063,0.47948330640792847,-0.13444244861602783,2.1385
lca,3,p250_060_mic1,p250,data\VCTK\wav48_silence_trimmed\p250\p250_060_mic1.flac,p340,0,1,0.5174012184143066,0.3774029612541199,0.5174012184143066,-0.13999825716018677,2.1385
original,0,p250_182_mic1,p250,data\VCTK\wav48_silence_trimmed\p250\p250_182_mic1.flac,p250,1,1,0.8016213178634644,0.8016213178634644,0.4974501132965088,0.30417120456695557,2.859375
base,1,p250_182_mic1,p250,data\VCTK\wav48_silence_trimmed\p250\p250_182_mic1.flac,p238,0,1,0.29324859380722046,0.2681962847709656,0.29324859380722046,-0.025052309036254883,2.859375
base,2,p250_182_mic1,p250,data\VCTK\wav48_silence_trimmed\p250\p250_182_mic1.flac,p250,1,1,0.47468069195747375,0.47468069195747375,0.4721193313598633,0.0025613605976104736,2.859375
base,3,p250_182_mic1,p250,data\VCTK\wav48_silence_trimmed\p250\p250_182_mic1.flac,p250,1,1,0.5765966773033142,0.5765966773033142,0.5075109601020813,0.06908571720123291,2.859375
lca,1,p250_182_mic1,p250,data\VCTK\wav48_silence_trimmed\p250\p250_182_mic1.flac,p250,1,1,0.3985423147678375,0.3985423147678375,0.39201492071151733,0.00652739405632019,2.859375
lca,2,p250_182_mic1,p250,data\VCTK\wav48_silence_trimmed\p250\p250_182_mic1.flac,p250,1,1,0.49068987369537354,0.49068987369537354,0.45926177501678467,0.03142809867858887,2.859375
lca,3,p250_182_mic1,p250,data\VCTK\wav48_silence_trimmed\p250\p250_182_mic1.flac,p250,1,1,0.5297435522079468,0.5297435522079468,0.5242562294006348,0.005487322807312012,2.859375
original,0,p250_196_mic2,p250,data\VCTK\wav48_silence_trimmed\p250\p250_196_mic2.flac,p250,1,1,0.7099491357803345,0.7099491357803345,0.4805372953414917,0.22941184043884277,2.3331875
base,1,p250_196_mic2,p250,data\VCTK\wav48_silence_trimmed\p250\p250_196_mic2.flac,p283,0,1,0.4817427396774292,0.4416114091873169,0.4817427396774292,-0.040131330490112305,2.3331875
base,2,p250_196_mic2,p250,data\VCTK\wav48_silence_trimmed\p250\p250_196_mic2.flac,p250,1,1,0.5490899682044983,0.5490899682044983,0.4573364853858948,0.09175348281860352,2.3331875
base,3,p250_196_mic2,p250,data\VCTK\wav48_silence_trimmed\p250\p250_196_mic2.flac,p250,1,1,0.538530170917511,0.538530170917511,0.47064343094825745,0.06788673996925354,2.3331875
lca,1,p250_196_mic2,p250,data\VCTK\wav48_silence_trimmed\p250\p250_196_mic2.flac,p250,1,1,0.40436679124832153,0.40436679124832153,0.3938872814178467,0.010479509830474854,2.3331875
lca,2,p250_196_mic2,p250,data\VCTK\wav48_silence_trimmed\p250\p250_196_mic2.flac,p280,0,1,0.5378189086914062,0.5270760655403137,0.5378189086914062,-0.01074284315109253,2.3331875
lca,3,p250_196_mic2,p250,data\VCTK\wav48_silence_trimmed\p250\p250_196_mic2.flac,p250,1,1,0.5095911026000977,0.5095911026000977,0.4948936700820923,0.014697432518005371,2.3331875
original,0,p250_288_mic2,p250,data\VCTK\wav48_silence_trimmed\p250\p250_288_mic2.flac,p250,1,1,0.7121356725692749,0.7121356725692749,0.535887598991394,0.17624807357788086,2.134875
base,1,p250_288_mic2,p250,data\VCTK\wav48_silence_trimmed\p250\p250_288_mic2.flac,p268,0,1,0.32307949662208557,0.3030378222465515,0.32307949662208557,-0.020041674375534058,2.134875
base,2,p250_288_mic2,p250,data\VCTK\wav48_silence_trimmed\p250\p250_288_mic2.flac,p250,1,1,0.3951856195926666,0.3951856195926666,0.389692485332489,0.005493134260177612,2.134875
base,3,p250_288_mic2,p250,data\VCTK\wav48_silence_trimmed\p250\p250_288_mic2.flac,p250,1,1,0.4515131413936615,0.4515131413936615,0.4502737522125244,0.001239389181137085,2.134875
lca,1,p250_288_mic2,p250,data\VCTK\wav48_silence_trimmed\p250\p250_288_mic2.flac,p280,0,1,0.30650949478149414,0.29848140478134155,0.30650949478149414,-0.008028090000152588,2.134875
lca,2,p250_288_mic2,p250,data\VCTK\wav48_silence_trimmed\p250\p250_288_mic2.flac,p280,0,1,0.4669364094734192,0.43475955724716187,0.4669364094734192,-0.032176852226257324,2.134875
lca,3,p250_288_mic2,p250,data\VCTK\wav48_silence_trimmed\p250\p250_288_mic2.flac,p340,0,1,0.4935501217842102,0.477714478969574,0.4935501217842102,-0.01583564281463623,2.134875
original,0,p251_055_mic1,p251,data\VCTK\wav48_silence_trimmed\p251\p251_055_mic1.flac,p251,1,1,0.4701443314552307,0.4701443314552307,0.31649285554885864,0.15365147590637207,2.51525
base,1,p251_055_mic1,p251,data\VCTK\wav48_silence_trimmed\p251\p251_055_mic1.flac,p302,0,1,0.38813841342926025,0.14128267765045166,0.38813841342926025,-0.2468557357788086,2.51525
base,2,p251_055_mic1,p251,data\VCTK\wav48_silence_trimmed\p251\p251_055_mic1.flac,p302,0,1,0.3465864360332489,0.26893317699432373,0.3465864360332489,-0.07765325903892517,2.51525
base,3,p251_055_mic1,p251,data\VCTK\wav48_silence_trimmed\p251\p251_055_mic1.flac,p251,1,1,0.4063599109649658,0.4063599109649658,0.31044161319732666,0.09591829776763916,2.51525
lca,1,p251_055_mic1,p251,data\VCTK\wav48_silence_trimmed\p251\p251_055_mic1.flac,p340,0,1,0.2799360752105713,0.27830034494400024,0.2799360752105713,-0.001635730266571045,2.51525
lca,2,p251_055_mic1,p251,data\VCTK\wav48_silence_trimmed\p251\p251_055_mic1.flac,p251,1,1,0.39615049958229065,0.39615049958229065,0.29899024963378906,0.09716024994850159,2.51525
lca,3,p251_055_mic1,p251,data\VCTK\wav48_silence_trimmed\p251\p251_055_mic1.flac,p251,1,1,0.38292962312698364,0.38292962312698364,0.35542938113212585,0.027500241994857788,2.51525
original,0,p251_081_mic1,p251,data\VCTK\wav48_silence_trimmed\p251\p251_081_mic1.flac,p251,1,1,0.6515471935272217,0.6515471935272217,0.2119453102350235,0.4396018832921982,2.5683125
base,1,p251_081_mic1,p251,data\VCTK\wav48_silence_trimmed\p251\p251_081_mic1.flac,p316,0,1,0.3235833942890167,0.1458376944065094,0.3235833942890167,-0.17774569988250732,2.5683125
base,2,p251_081_mic1,p251,data\VCTK\wav48_silence_trimmed\p251\p251_081_mic1.flac,p298,0,1,0.332696795463562,0.2547835111618042,0.332696795463562,-0.07791328430175781,2.5683125
base,3,p251_081_mic1,p251,data\VCTK\wav48_silence_trimmed\p251\p251_081_mic1.flac,p364,0,1,0.3184046447277069,0.28761327266693115,0.3184046447277069,-0.030791372060775757,2.5683125
lca,1,p251_081_mic1,p251,data\VCTK\wav48_silence_trimmed\p251\p251_081_mic1.flac,p364,0,1,0.32898640632629395,0.20725417137145996,0.32898640632629395,-0.12173223495483398,2.5683125
lca,2,p251_081_mic1,p251,data\VCTK\wav48_silence_trimmed\p251\p251_081_mic1.flac,p364,0,1,0.37354332208633423,0.3267629146575928,0.37354332208633423,-0.046780407428741455,2.5683125
lca,3,p251_081_mic1,p251,data\VCTK\wav48_silence_trimmed\p251\p251_081_mic1.flac,p364,0,1,0.36782413721084595,0.3262404203414917,0.36782413721084595,-0.04158371686935425,2.5683125
original,0,p251_121_mic1,p251,data\VCTK\wav48_silence_trimmed\p251\p251_121_mic1.flac,p251,1,1,0.7728424072265625,0.7728424072265625,0.2991354465484619,0.4737069606781006,4.5981875
base,1,p251_121_mic1,p251,data\VCTK\wav48_silence_trimmed\p251\p251_121_mic1.flac,p364,0,1,0.3243751525878906,0.1869497001171112,0.3243751525878906,-0.13742545247077942,4.5981875
base,2,p251_121_mic1,p251,data\VCTK\wav48_silence_trimmed\p251\p251_121_mic1.flac,p251,1,1,0.4241586923599243,0.4241586923599243,0.2700345814228058,0.15412411093711853,4.5981875
base,3,p251_121_mic1,p251,data\VCTK\wav48_silence_trimmed\p251\p251_121_mic1.flac,p251,1,1,0.4603637456893921,0.4603637456893921,0.2929553687572479,0.16740837693214417,4.5981875
lca,1,p251_121_mic1,p251,data\VCTK\wav48_silence_trimmed\p251\p251_121_mic1.flac,p364,0,1,0.32793232798576355,0.2774074673652649,0.32793232798576355,-0.05052486062049866,4.5981875
lca,2,p251_121_mic1,p251,data\VCTK\wav48_silence_trimmed\p251\p251_121_mic1.flac,p251,1,1,0.38076430559158325,0.38076430559158325,0.3157504200935364,0.06501388549804688,4.5981875
lca,3,p251_121_mic1,p251,data\VCTK\wav48_silence_trimmed\p251\p251_121_mic1.flac,p251,1,1,0.414317786693573,0.414317786693573,0.2926734685897827,0.12164431810379028,4.5981875
original,0,p251_287_mic2,p251,data\VCTK\wav48_silence_trimmed\p251\p251_287_mic2.flac,p251,1,1,0.7988132238388062,0.7988132238388062,0.257854163646698,0.5409590601921082,4.73375
base,1,p251_287_mic2,p251,data\VCTK\wav48_silence_trimmed\p251\p251_287_mic2.flac,p302,0,1,0.3377373218536377,0.1589849293231964,0.3377373218536377,-0.17875239253044128,4.73375
base,2,p251_287_mic2,p251,data\VCTK\wav48_silence_trimmed\p251\p251_287_mic2.flac,p251,1,1,0.38110238313674927,0.38110238313674927,0.3171080946922302,0.06399428844451904,4.73375
base,3,p251_287_mic2,p251,data\VCTK\wav48_silence_trimmed\p251\p251_287_mic2.flac,p251,1,1,0.5182470083236694,0.5182470083236694,0.3567642569541931,0.16148275136947632,4.73375
lca,1,p251_287_mic2,p251,data\VCTK\wav48_silence_trimmed\p251\p251_287_mic2.flac,p281,0,1,0.2907179892063141,0.23251351714134216,0.2907179892063141,-0.058204472064971924,4.73375
lca,2,p251_287_mic2,p251,data\VCTK\wav48_silence_trimmed\p251\p251_287_mic2.flac,p251,1,1,0.3590628504753113,0.3590628504753113,0.2892571687698364,0.06980568170547485,4.73375
lca,3,p251_287_mic2,p251,data\VCTK\wav48_silence_trimmed\p251\p251_287_mic2.flac,p251,1,1,0.4461734890937805,0.4461734890937805,0.27668407559394836,0.16948941349983215,4.73375
original,0,p251_348_mic1,p251,data\VCTK\wav48_silence_trimmed\p251\p251_348_mic1.flac,p251,1,1,0.7272292971611023,0.7272292971611023,0.1956334412097931,0.5315958559513092,3.079
base,1,p251_348_mic1,p251,data\VCTK\wav48_silence_trimmed\p251\p251_348_mic1.flac,p230,0,0,0.2403932511806488,0.1745748370885849,0.2403932511806488,-0.0658184140920639,3.079
base,2,p251_348_mic1,p251,data\VCTK\wav48_silence_trimmed\p251\p251_348_mic1.flac,p251,1,1,0.3922192454338074,0.3922192454338074,0.2611519992351532,0.13106724619865417,3.079
base,3,p251_348_mic1,p251,data\VCTK\wav48_silence_trimmed\p251\p251_348_mic1.flac,p251,1,1,0.5197718143463135,0.5197718143463135,0.29780375957489014,0.22196805477142334,3.079
lca,1,p251_348_mic1,p251,data\VCTK\wav48_silence_trimmed\p251\p251_348_mic1.flac,p233,0,1,0.2953473627567291,0.2869681715965271,0.2953473627567291,-0.008379191160202026,3.079
lca,2,p251_348_mic1,p251,data\VCTK\wav48_silence_trimmed\p251\p251_348_mic1.flac,p251,1,1,0.3760668635368347,0.3760668635368347,0.27196329832077026,0.10410356521606445,3.079
lca,3,p251_348_mic1,p251,data\VCTK\wav48_silence_trimmed\p251\p251_348_mic1.flac,p251,1,1,0.42427292466163635,0.42427292466163635,0.26411575078964233,0.16015717387199402,3.079
original,0,p252_068_mic1,p252,data\VCTK\wav48_silence_trimmed\p252\p252_068_mic1.flac,p252,1,1,0.6281951665878296,0.6281951665878296,0.4015040993690491,0.22669106721878052,2.8448125
base,1,p252_068_mic1,p252,data\VCTK\wav48_silence_trimmed\p252\p252_068_mic1.flac,p316,0,1,0.2846137285232544,0.09552671015262604,0.2846137285232544,-0.18908701837062836,2.8448125
base,2,p252_068_mic1,p252,data\VCTK\wav48_silence_trimmed\p252\p252_068_mic1.flac,p292,0,1,0.3186919689178467,0.24080127477645874,0.3186919689178467,-0.07789069414138794,2.8448125
base,3,p252_068_mic1,p252,data\VCTK\wav48_silence_trimmed\p252\p252_068_mic1.flac,p252,1,1,0.35722777247428894,0.35722777247428894,0.3326963484287262,0.024531424045562744,2.8448125
lca,1,p252_068_mic1,p252,data\VCTK\wav48_silence_trimmed\p252\p252_068_mic1.flac,p364,0,1,0.35104531049728394,0.285020649433136,0.35104531049728394,-0.06602466106414795,2.8448125
lca,2,p252_068_mic1,p252,data\VCTK\wav48_silence_trimmed\p252\p252_068_mic1.flac,p252,1,1,0.3673868179321289,0.3673868179321289,0.31927067041397095,0.04811614751815796,2.8448125
lca,3,p252_068_mic1,p252,data\VCTK\wav48_silence_trimmed\p252\p252_068_mic1.flac,p252,1,1,0.3895397186279297,0.3895397186279297,0.31943845748901367,0.07010126113891602,2.8448125
original,0,p252_081_mic1,p252,data\VCTK\wav48_silence_trimmed\p252\p252_081_mic1.flac,p252,1,1,0.6639200448989868,0.6639200448989868,0.40283846855163574,0.2610815763473511,2.70925
base,1,p252_081_mic1,p252,data\VCTK\wav48_silence_trimmed\p252\p252_081_mic1.flac,p360,0,1,0.2930409014225006,0.14708060026168823,0.2930409014225006,-0.14596030116081238,2.70925
base,2,p252_081_mic1,p252,data\VCTK\wav48_silence_trimmed\p252\p252_081_mic1.flac,p347,0,1,0.36116427183151245,0.24792182445526123,0.36116427183151245,-0.11324244737625122,2.70925
base,3,p252_081_mic1,p252,data\VCTK\wav48_silence_trimmed\p252\p252_081_mic1.flac,p271,0,1,0.3973233699798584,0.3260461688041687,0.3973233699798584,-0.0712772011756897,2.70925
lca,1,p252_081_mic1,p252,data\VCTK\wav48_silence_trimmed\p252\p252_081_mic1.flac,p281,0,1,0.36299705505371094,0.2126293033361435,0.36299705505371094,-0.15036775171756744,2.70925
lca,2,p252_081_mic1,p252,data\VCTK\wav48_silence_trimmed\p252\p252_081_mic1.flac,p364,0,1,0.4016486406326294,0.3515453338623047,0.4016486406326294,-0.05010330677032471,2.70925
lca,3,p252_081_mic1,p252,data\VCTK\wav48_silence_trimmed\p252\p252_081_mic1.flac,p252,1,1,0.39777055382728577,0.39777055382728577,0.3809906840324402,0.01677986979484558,2.70925
original,0,p252_232_mic1,p252,data\VCTK\wav48_silence_trimmed\p252\p252_232_mic1.flac,p252,1,1,0.6589885950088501,0.6589885950088501,0.43909209966659546,0.21989649534225464,3.096
base,1,p252_232_mic1,p252,data\VCTK\wav48_silence_trimmed\p252\p252_232_mic1.flac,p252,1,1,0.32663723826408386,0.32663723826408386,0.2896122932434082,0.03702494502067566,3.096
base,2,p252_232_mic1,p252,data\VCTK\wav48_silence_trimmed\p252\p252_232_mic1.flac,p252,1,1,0.332078218460083,0.332078218460083,0.27666744589805603,0.05541077256202698,3.096
base,3,p252_232_mic1,p252,data\VCTK\wav48_silence_trimmed\p252\p252_232_mic1.flac,p252,1,1,0.3459412455558777,0.3459412455558777,0.28103625774383545,0.06490498781204224,3.096
lca,1,p252_232_mic1,p252,data\VCTK\wav48_silence_trimmed\p252\p252_232_mic1.flac,p281,0,1,0.3093852996826172,0.19010934233665466,0.3093852996826172,-0.11927595734596252,3.096
lca,2,p252_232_mic1,p252,data\VCTK\wav48_silence_trimmed\p252\p252_232_mic1.flac,p281,0,1,0.36528053879737854,0.3048078715801239,0.36528053879737854,-0.06047266721725464,3.096
lca,3,p252_232_mic1,p252,data\VCTK\wav48_silence_trimmed\p252\p252_232_mic1.flac,p281,0,1,0.33374011516571045,0.324288934469223,0.33374011516571045,-0.009451180696487427,3.096
original,0,p252_252_mic2,p252,data\VCTK\wav48_silence_trimmed\p252\p252_252_mic2.flac,p252,1,1,0.6828718185424805,0.6828718185424805,0.45109793543815613,0.23177388310432434,4.3375625
base,1,p252_252_mic2,p252,data\VCTK\wav48_silence_trimmed\p252\p252_252_mic2.flac,p251,0,1,0.2856683135032654,0.09196007251739502,0.2856683135032654,-0.19370824098587036,4.3375625
base,2,p252_252_mic2,p252,data\VCTK\wav48_silence_trimmed\p252\p252_252_mic2.flac,p271,0,1,0.33663684129714966,0.2941117286682129,0.33663684129714966,-0.04252511262893677,4.3375625
base,3,p252_252_mic2,p252,data\VCTK\wav48_silence_trimmed\p252\p252_252_mic2.flac,p252,1,1,0.36418652534484863,0.36418652534484863,0.3595045804977417,0.004681944847106934,4.3375625
lca,1,p252_252_mic2,p252,data\VCTK\wav48_silence_trimmed\p252\p252_252_mic2.flac,p281,0,1,0.3370187282562256,0.18411803245544434,0.3370187282562256,-0.15290069580078125,4.3375625
lca,2,p252_252_mic2,p252,data\VCTK\wav48_silence_trimmed\p252\p252_252_mic2.flac,p281,0,1,0.34675806760787964,0.3242626190185547,0.34675806760787964,-0.02249544858932495,4.3375625
lca,3,p252_252_mic2,p252,data\VCTK\wav48_silence_trimmed\p252\p252_252_mic2.flac,p281,0,1,0.3542642295360565,0.3393327295780182,0.3542642295360565,-0.01493149995803833,4.3375625
original,0,p252_317_mic2,p252,data\VCTK\wav48_silence_trimmed\p252\p252_317_mic2.flac,p252,1,1,0.6732500791549683,0.6732500791549683,0.41852718591690063,0.2547228932380676,3.963125
base,1,p252_317_mic2,p252,data\VCTK\wav48_silence_trimmed\p252\p252_317_mic2.flac,p281,0,1,0.284862756729126,0.17326495051383972,0.284862756729126,-0.11159780621528625,3.963125
base,2,p252_317_mic2,p252,data\VCTK\wav48_silence_trimmed\p252\p252_317_mic2.flac,p252,1,1,0.32112741470336914,0.32112741470336914,0.3172910213470459,0.003836393356323242,3.963125
base,3,p252_317_mic2,p252,data\VCTK\wav48_silence_trimmed\p252\p252_317_mic2.flac,p252,1,1,0.35706543922424316,0.35706543922424316,0.35271936655044556,0.004346072673797607,3.963125
lca,1,p252_317_mic2,p252,data\VCTK\wav48_silence_trimmed\p252\p252_317_mic2.flac,p281,0,1,0.34494927525520325,0.23803101480007172,0.34494927525520325,-0.10691826045513153,3.963125
lca,2,p252_317_mic2,p252,data\VCTK\wav48_silence_trimmed\p252\p252_317_mic2.flac,p281,0,1,0.3722243905067444,0.3196513056755066,0.3722243905067444,-0.05257308483123779,3.963125
lca,3,p252_317_mic2,p252,data\VCTK\wav48_silence_trimmed\p252\p252_317_mic2.flac,p259,0,1,0.3632683753967285,0.35334503650665283,0.3632683753967285,-0.009923338890075684,3.963125
original,0,p253_104_mic1,p253,data\VCTK\wav48_silence_trimmed\p253\p253_104_mic1.flac,p253,1,1,0.6491152048110962,0.6491152048110962,0.49908721446990967,0.15002799034118652,2.1455625
base,1,p253_104_mic1,p253,data\VCTK\wav48_silence_trimmed\p253\p253_104_mic1.flac,p249,0,1,0.33882156014442444,0.21185168623924255,0.33882156014442444,-0.12696987390518188,2.1455625
base,2,p253_104_mic1,p253,data\VCTK\wav48_silence_trimmed\p253\p253_104_mic1.flac,p253,1,1,0.43349528312683105,0.43349528312683105,0.40062958002090454,0.032865703105926514,2.1455625
base,3,p253_104_mic1,p253,data\VCTK\wav48_silence_trimmed\p253\p253_104_mic1.flac,p253,1,1,0.4344298243522644,0.4344298243522644,0.3678731322288513,0.06655669212341309,2.1455625
lca,1,p253_104_mic1,p253,data\VCTK\wav48_silence_trimmed\p253\p253_104_mic1.flac,p250,0,1,0.41610202193260193,0.28951823711395264,0.41610202193260193,-0.1265837848186493,2.1455625
lca,2,p253_104_mic1,p253,data\VCTK\wav48_silence_trimmed\p253\p253_104_mic1.flac,p250,0,1,0.46932876110076904,0.3751983344554901,0.46932876110076904,-0.09413042664527893,2.1455625
lca,3,p253_104_mic1,p253,data\VCTK\wav48_silence_trimmed\p253\p253_104_mic1.flac,p250,0,1,0.5203222036361694,0.440322607755661,0.5203222036361694,-0.07999959588050842,2.1455625
original,0,p253_107_mic1,p253,data\VCTK\wav48_silence_trimmed\p253\p253_107_mic1.flac,p253,1,1,0.7451103925704956,0.7451103925704956,0.5194669961929321,0.22564339637756348,2.3489375
base,1,p253_107_mic1,p253,data\VCTK\wav48_silence_trimmed\p253\p253_107_mic1.flac,p228,0,1,0.30853307247161865,0.30150526762008667,0.30853307247161865,-0.007027804851531982,2.3489375
base,2,p253_107_mic1,p253,data\VCTK\wav48_silence_trimmed\p253\p253_107_mic1.flac,p253,1,1,0.4613555669784546,0.4613555669784546,0.39947229623794556,0.06188327074050903,2.3489375
base,3,p253_107_mic1,p253,data\VCTK\wav48_silence_trimmed\p253\p253_107_mic1.flac,p253,1,1,0.4682886600494385,0.4682886600494385,0.4419625997543335,0.02632606029510498,2.3489375
lca,1,p253_107_mic1,p253,data\VCTK\wav48_silence_trimmed\p253\p253_107_mic1.flac,p339,0,1,0.3216870427131653,0.29452696442604065,0.3216870427131653,-0.027160078287124634,2.3489375
lca,2,p253_107_mic1,p253,data\VCTK\wav48_silence_trimmed\p253\p253_107_mic1.flac,p262,0,1,0.3877721428871155,0.37008875608444214,0.3877721428871155,-0.01768338680267334,2.3489375
lca,3,p253_107_mic1,p253,data\VCTK\wav48_silence_trimmed\p253\p253_107_mic1.flac,p253,1,1,0.4721832573413849,0.4721832573413849,0.4391430616378784,0.03304019570350647,2.3489375
original,0,p253_234_mic2,p253,data\VCTK\wav48_silence_trimmed\p253\p253_234_mic2.flac,p253,1,1,0.6050341129302979,0.6050341129302979,0.4243259131908417,0.18070819973945618,1.9725625
base,1,p253_234_mic2,p253,data\VCTK\wav48_silence_trimmed\p253\p253_234_mic2.flac,p262,0,1,0.35119521617889404,0.26879164576530457,0.35119521617889404,-0.08240357041358948,1.9725625
base,2,p253_234_mic2,p253,data\VCTK\wav48_silence_trimmed\p253\p253_234_mic2.flac,p257,0,1,0.33971914649009705,0.3374978303909302,0.33971914649009705,-0.00222131609916687,1.9725625
base,3,p253_234_mic2,p253,data\VCTK\wav48_silence_trimmed\p253\p253_234_mic2.flac,p250,0,1,0.3485623598098755,0.32520055770874023,0.3485623598098755,-0.023361802101135254,1.9725625
lca,1,p253_234_mic2,p253,data\VCTK\wav48_silence_trimmed\p253\p253_234_mic2.flac,p253,1,1,0.41703176498413086,0.41703176498413086,0.38377878069877625,0.033252984285354614,1.9725625
lca,2,p253_234_mic2,p253,data\VCTK\wav48_silence_trimmed\p253\p253_234_mic2.flac,p280,0,1,0.44297173619270325,0.4232056736946106,0.44297173619270325,-0.01976606249809265,1.9725625
lca,3,p253_234_mic2,p253,data\VCTK\wav48_silence_trimmed\p253\p253_234_mic2.flac,p250,0,1,0.475273996591568,0.4647177755832672,0.475273996591568,-0.010556221008300781,1.9725625
original,0,p253_241_mic2,p253,data\VCTK\wav48_silence_trimmed\p253\p253_241_mic2.flac,p253,1,1,0.7193423509597778,0.7193423509597778,0.42642146348953247,0.29292088747024536,2.2340625
base,1,p253_241_mic2,p253,data\VCTK\wav48_silence_trimmed\p253\p253_241_mic2.flac,p253,1,1,0.3638347387313843,0.3638347387313843,0.34931206703186035,0.014522671699523926,2.2340625
base,2,p253_241_mic2,p253,data\VCTK\wav48_silence_trimmed\p253\p253_241_mic2.flac,p253,1,1,0.4053691327571869,0.4053691327571869,0.3611801862716675,0.04418894648551941,2.2340625
base,3,p253_241_mic2,p253,data\VCTK\wav48_silence_trimmed\p253\p253_241_mic2.flac,p253,1,1,0.3789050281047821,0.3789050281047821,0.2877977192401886,0.0911073088645935,2.2340625
lca,1,p253_241_mic2,p253,data\VCTK\wav48_silence_trimmed\p253\p253_241_mic2.flac,p233,0,1,0.25852495431900024,0.21995361149311066,0.25852495431900024,-0.03857134282588959,2.2340625
lca,2,p253_241_mic2,p253,data\VCTK\wav48_silence_trimmed\p253\p253_241_mic2.flac,p253,1,1,0.3528045415878296,0.3528045415878296,0.3324297070503235,0.020374834537506104,2.2340625
lca,3,p253_241_mic2,p253,data\VCTK\wav48_silence_trimmed\p253\p253_241_mic2.flac,p253,1,1,0.4443965554237366,0.4443965554237366,0.3785657286643982,0.06583082675933838,2.2340625
original,0,p253_311_mic2,p253,data\VCTK\wav48_silence_trimmed\p253\p253_311_mic2.flac,p253,1,1,0.7040427327156067,0.7040427327156067,0.4397190511226654,0.2643236815929413,2.3465
base,1,p253_311_mic2,p253,data\VCTK\wav48_silence_trimmed\p253\p253_311_mic2.flac,p257,0,1,0.2932908236980438,0.2696570158004761,0.2932908236980438,-0.02363380789756775,2.3465
base,2,p253_311_mic2,p253,data\VCTK\wav48_silence_trimmed\p253\p253_311_mic2.flac,p257,0,1,0.42523348331451416,0.3619188368320465,0.42523348331451416,-0.06331464648246765,2.3465
base,3,p253_311_mic2,p253,data\VCTK\wav48_silence_trimmed\p253\p253_311_mic2.flac,p253,1,1,0.45001140236854553,0.45001140236854553,0.43636399507522583,0.013647407293319702,2.3465
lca,1,p253_311_mic2,p253,data\VCTK\wav48_silence_trimmed\p253\p253_311_mic2.flac,p250,0,1,0.45970025658607483,0.31603676080703735,0.45970025658607483,-0.14366349577903748,2.3465
lca,2,p253_311_mic2,p253,data\VCTK\wav48_silence_trimmed\p253\p253_311_mic2.flac,p250,0,1,0.5328235626220703,0.41104286909103394,0.5328235626220703,-0.12178069353103638,2.3465
lca,3,p253_311_mic2,p253,data\VCTK\wav48_silence_trimmed\p253\p253_311_mic2.flac,p257,0,1,0.5072133541107178,0.49370047450065613,0.5072133541107178,-0.013512879610061646,2.3465
original,0,p254_048_mic2,p254,data\VCTK\wav48_silence_trimmed\p254\p254_048_mic2.flac,p254,1,1,0.8112102746963501,0.8112102746963501,0.43105828762054443,0.38015198707580566,2.7786875
base,1,p254_048_mic2,p254,data\VCTK\wav48_silence_trimmed\p254\p254_048_mic2.flac,p233,0,0,0.2307814657688141,0.1447005718946457,0.2307814657688141,-0.0860808938741684,2.7786875
base,2,p254_048_mic2,p254,data\VCTK\wav48_silence_trimmed\p254\p254_048_mic2.flac,p251,0,1,0.3103039264678955,0.2832496464252472,0.3103039264678955,-0.027054280042648315,2.7786875
base,3,p254_048_mic2,p254,data\VCTK\wav48_silence_trimmed\p254\p254_048_mic2.flac,p254,1,1,0.40106141567230225,0.40106141567230225,0.3555436134338379,0.045517802238464355,2.7786875
lca,1,p254_048_mic2,p254,data\VCTK\wav48_silence_trimmed\p254\p254_048_mic2.flac,p233,0,1,0.29664483666419983,0.05520826578140259,0.29664483666419983,-0.24143657088279724,2.7786875
lca,2,p254_048_mic2,p254,data\VCTK\wav48_silence_trimmed\p254\p254_048_mic2.flac,p364,0,1,0.35027825832366943,0.20055538415908813,0.35027825832366943,-0.1497228741645813,2.7786875
lca,3,p254_048_mic2,p254,data\VCTK\wav48_silence_trimmed\p254\p254_048_mic2.flac,p251,0,1,0.3588116765022278,0.2966681718826294,0.3588116765022278,-0.06214350461959839,2.7786875
original,0,p254_093_mic1,p254,data\VCTK\wav48_silence_trimmed\p254\p254_093_mic1.flac,p254,1,1,0.8189908862113953,0.8189908862113953,0.296461284160614,0.5225296020507812,3.077375
base,1,p254_093_mic1,p254,data\VCTK\wav48_silence_trimmed\p254\p254_093_mic1.flac,p364,0,1,0.2675325572490692,0.09359009563922882,0.2675325572490692,-0.1739424616098404,3.077375
base,2,p254_093_mic1,p254,data\VCTK\wav48_silence_trimmed\p254\p254_093_mic1.flac,p345,0,1,0.3204500675201416,0.26840704679489136,0.3204500675201416,-0.052043020725250244,3.077375
base,3,p254_093_mic1,p254,data\VCTK\wav48_silence_trimmed\p254\p254_093_mic1.flac,p254,1,1,0.44422000646591187,0.44422000646591187,0.29728567600250244,0.14693433046340942,3.077375
lca,1,p254_093_mic1,p254,data\VCTK\wav48_silence_trimmed\p254\p254_093_mic1.flac,p281,0,1,0.31269150972366333,0.03966901823878288,0.31269150972366333,-0.27302249148488045,3.077375
lca,2,p254_093_mic1,p254,data\VCTK\wav48_silence_trimmed\p254\p254_093_mic1.flac,p284,0,1,0.31042325496673584,0.2644104063510895,0.31042325496673584,-0.04601284861564636,3.077375
lca,3,p254_093_mic1,p254,data\VCTK\wav48_silence_trimmed\p254\p254_093_mic1.flac,p284,0,1,0.35379084944725037,0.3362582325935364,0.35379084944725037,-0.01753261685371399,3.077375
original,0,p254_114_mic1,p254,data\VCTK\wav48_silence_trimmed\p254\p254_114_mic1.flac,p254,1,1,0.7746980786323547,0.7746980786323547,0.3639202117919922,0.41077786684036255,2.6060625
base,1,p254_114_mic1,p254,data\VCTK\wav48_silence_trimmed\p254\p254_114_mic1.flac,p251,0,0,0.2470044195652008,0.09344899654388428,0.2470044195652008,-0.15355542302131653,2.6060625
base,2,p254_114_mic1,p254,data\VCTK\wav48_silence_trimmed\p254\p254_114_mic1.flac,p254,1,1,0.26135703921318054,0.26135703921318054,0.2419632226228714,0.019393816590309143,2.6060625
base,3,p254_114_mic1,p254,data\VCTK\wav48_silence_trimmed\p254\p254_114_mic1.flac,p254,1,1,0.33017852902412415,0.33017852902412415,0.29669928550720215,0.033479243516922,2.6060625
lca,1,p254_114_mic1,p254,data\VCTK\wav48_silence_trimmed\p254\p254_114_mic1.flac,p281,0,0,0.2308046668767929,0.038402386009693146,0.2308046668767929,-0.19240228086709976,2.6060625
lca,2,p254_114_mic1,p254,data\VCTK\wav48_silence_trimmed\p254\p254_114_mic1.flac,p245,0,1,0.3218395709991455,0.20128583908081055,0.3218395709991455,-0.12055373191833496,2.6060625
lca,3,p254_114_mic1,p254,data\VCTK\wav48_silence_trimmed\p254\p254_114_mic1.flac,p254,1,1,0.3328784704208374,0.3328784704208374,0.29145151376724243,0.04142695665359497,2.6060625
original,0,p254_166_mic2,p254,data\VCTK\wav48_silence_trimmed\p254\p254_166_mic2.flac,p254,1,1,0.6810300350189209,0.6810300350189209,0.39809489250183105,0.28293514251708984,2.0938125
base,1,p254_166_mic2,p254,data\VCTK\wav48_silence_trimmed\p254\p254_166_mic2.flac,p237,0,0,0.24243459105491638,0.15418125689029694,0.24243459105491638,-0.08825333416461945,2.0938125
base,2,p254_166_mic2,p254,data\VCTK\wav48_silence_trimmed\p254\p254_166_mic2.flac,p364,0,1,0.2814011573791504,0.21870319545269012,0.2814011573791504,-0.06269796192646027,2.0938125
base,3,p254_166_mic2,p254,data\VCTK\wav48_silence_trimmed\p254\p254_166_mic2.flac,p254,1,1,0.2666725218296051,0.2666725218296051,0.24409055709838867,0.02258196473121643,2.0938125
lca,1,p254_166_mic2,p254,data\VCTK\wav48_silence_trimmed\p254\p254_166_mic2.flac,p364,0,1,0.3494201898574829,0.027695104479789734,0.3494201898574829,-0.3217250853776932,2.0938125
lca,2,p254_166_mic2,p254,data\VCTK\wav48_silence_trimmed\p254\p254_166_mic2.flac,p281,0,1,0.3004682958126068,0.2145758867263794,0.3004682958126068,-0.08589240908622742,2.0938125
lca,3,p254_166_mic2,p254,data\VCTK\wav48_silence_trimmed\p254\p254_166_mic2.flac,p254,1,1,0.3434697389602661,0.3434697389602661,0.29258111119270325,0.050888627767562866,2.0938125
original,0,p254_383_mic1,p254,data\VCTK\wav48_silence_trimmed\p254\p254_383_mic1.flac,p254,1,1,0.7435073852539062,0.7435073852539062,0.3125685453414917,0.43093883991241455,2.4941875
base,1,p254_383_mic1,p254,data\VCTK\wav48_silence_trimmed\p254\p254_383_mic1.flac,p233,0,1,0.2932787239551544,0.036988139152526855,0.2932787239551544,-0.25629058480262756,2.4941875
base,2,p254_383_mic1,p254,data\VCTK\wav48_silence_trimmed\p254\p254_383_mic1.flac,p251,0,1,0.28425246477127075,0.15014603734016418,0.28425246477127075,-0.13410642743110657,2.4941875
base,3,p254_383_mic1,p254,data\VCTK\wav48_silence_trimmed\p254\p254_383_mic1.flac,p254,1,1,0.294828325510025,0.294828325510025,0.2889746427536011,0.00585368275642395,2.4941875
lca,1,p254_383_mic1,p254,data\VCTK\wav48_silence_trimmed\p254\p254_383_mic1.flac,p233,0,1,0.30653101205825806,0.007923945784568787,0.30653101205825806,-0.29860706627368927,2.4941875
lca,2,p254_383_mic1,p254,data\VCTK\wav48_silence_trimmed\p254\p254_383_mic1.flac,p281,0,1,0.32708996534347534,0.1247166246175766,0.32708996534347534,-0.20237334072589874,2.4941875
lca,3,p254_383_mic1,p254,data\VCTK\wav48_silence_trimmed\p254\p254_383_mic1.flac,p299,0,1,0.2905725836753845,0.22455917298793793,0.2905725836753845,-0.0660134106874466,2.4941875
original,0,p255_082_mic2,p255,data\VCTK\wav48_silence_trimmed\p255\p255_082_mic2.flac,p255,1,1,0.6260136365890503,0.6260136365890503,0.37764057517051697,0.24837306141853333,2.667875
base,1,p255_082_mic2,p255,data\VCTK\wav48_silence_trimmed\p255\p255_082_mic2.flac,p347,0,1,0.27456414699554443,0.1767737716436386,0.27456414699554443,-0.09779037535190582,2.667875
base,2,p255_082_mic2,p255,data\VCTK\wav48_silence_trimmed\p255\p255_082_mic2.flac,p247,0,1,0.3359873294830322,0.28171807527542114,0.3359873294830322,-0.054269254207611084,2.667875
base,3,p255_082_mic2,p255,data\VCTK\wav48_silence_trimmed\p255\p255_082_mic2.flac,p255,1,1,0.3849923014640808,0.3849923014640808,0.32857298851013184,0.056419312953948975,2.667875
lca,1,p255_082_mic2,p255,data\VCTK\wav48_silence_trimmed\p255\p255_082_mic2.flac,p364,0,1,0.3366875648498535,0.1843205690383911,0.3366875648498535,-0.1523669958114624,2.667875
lca,2,p255_082_mic2,p255,data\VCTK\wav48_silence_trimmed\p255\p255_082_mic2.flac,p281,0,1,0.29950058460235596,0.20466424524784088,0.29950058460235596,-0.09483633935451508,2.667875
lca,3,p255_082_mic2,p255,data\VCTK\wav48_silence_trimmed\p255\p255_082_mic2.flac,p259,0,1,0.3237876892089844,0.29163262248039246,0.3237876892089844,-0.03215506672859192,2.667875
original,0,p255_115_mic1,p255,data\VCTK\wav48_silence_trimmed\p255\p255_115_mic1.flac,p255,1,1,0.5864152908325195,0.5864152908325195,0.36764729022979736,0.21876800060272217,2.19175
base,1,p255_115_mic1,p255,data\VCTK\wav48_silence_trimmed\p255\p255_115_mic1.flac,p298,0,1,0.29753994941711426,0.2323085069656372,0.29753994941711426,-0.06523144245147705,2.19175
base,2,p255_115_mic1,p255,data\VCTK\wav48_silence_trimmed\p255\p255_115_mic1.flac,p255,1,1,0.3161494731903076,0.3161494731903076,0.31017476320266724,0.005974709987640381,2.19175
base,3,p255_115_mic1,p255,data\VCTK\wav48_silence_trimmed\p255\p255_115_mic1.flac,p255,1,1,0.32696080207824707,0.32696080207824707,0.3049461245536804,0.02201467752456665,2.19175
lca,1,p255_115_mic1,p255,data\VCTK\wav48_silence_trimmed\p255\p255_115_mic1.flac,p259,0,1,0.2972848117351532,0.19215236604213715,0.2972848117351532,-0.10513244569301605,2.19175
lca,2,p255_115_mic1,p255,data\VCTK\wav48_silence_trimmed\p255\p255_115_mic1.flac,p255,1,1,0.2991397976875305,0.2991397976875305,0.2616156339645386,0.03752416372299194,2.19175
lca,3,p255_115_mic1,p255,data\VCTK\wav48_silence_trimmed\p255\p255_115_mic1.flac,p255,1,1,0.3546084463596344,0.3546084463596344,0.2783266305923462,0.07628181576728821,2.19175
original,0,p255_338_mic1,p255,data\VCTK\wav48_silence_trimmed\p255\p255_338_mic1.flac,p255,1,1,0.719963550567627,0.719963550567627,0.5098952054977417,0.21006834506988525,5.171875
base,1,p255_338_mic1,p255,data\VCTK\wav48_silence_trimmed\p255\p255_338_mic1.flac,p374,0,1,0.3140800893306732,0.2481643557548523,0.3140800893306732,-0.06591573357582092,5.171875
base,2,p255_338_mic1,p255,data\VCTK\wav48_silence_trimmed\p255\p255_338_mic1.flac,p247,0,1,0.46198129653930664,0.3448610305786133,0.46198129653930664,-0.11712026596069336,5.171875
base,3,p255_338_mic1,p255,data\VCTK\wav48_silence_trimmed\p255\p255_338_mic1.flac,p255,1,1,0.48990705609321594,0.48990705609321594,0.48091572523117065,0.008991330862045288,5.171875
lca,1,p255_338_mic1,p255,data\VCTK\wav48_silence_trimmed\p255\p255_338_mic1.flac,p313,0,1,0.2878414988517761,0.23564693331718445,0.2878414988517761,-0.052194565534591675,5.171875
lca,2,p255_338_mic1,p255,data\VCTK\wav48_silence_trimmed\p255\p255_338_mic1.flac,p255,1,1,0.3395440876483917,0.3395440876483917,0.3134588599205017,0.026085227727890015,5.171875
lca,3,p255_338_mic1,p255,data\VCTK\wav48_silence_trimmed\p255\p255_338_mic1.flac,p255,1,1,0.38621416687965393,0.38621416687965393,0.348067045211792,0.03814712166786194,5.171875
original,0,p255_341_mic2,p255,data\VCTK\wav48_silence_trimmed\p255\p255_341_mic2.flac,p255,1,1,0.6456811428070068,0.6456811428070068,0.3895285129547119,0.2561526298522949,2.39025
base,1,p255_341_mic2,p255,data\VCTK\wav48_silence_trimmed\p255\p255_341_mic2.flac,p298,0,1,0.26558810472488403,0.16179251670837402,0.26558810472488403,-0.10379558801651001,2.39025
base,2,p255_341_mic2,p255,data\VCTK\wav48_silence_trimmed\p255\p255_341_mic2.flac,p247,0,1,0.3779260516166687,0.2740921974182129,0.3779260516166687,-0.10383385419845581,2.39025
base,3,p255_341_mic2,p255,data\VCTK\wav48_silence_trimmed\p255\p255_341_mic2.flac,p247,0,1,0.39372870326042175,0.33814460039138794,0.39372870326042175,-0.055584102869033813,2.39025
lca,1,p255_341_mic2,p255,data\VCTK\wav48_silence_trimmed\p255\p255_341_mic2.flac,p364,0,0,0.24323557317256927,0.19499267637729645,0.24323557317256927,-0.04824289679527283,2.39025
lca,2,p255_341_mic2,p255,data\VCTK\wav48_silence_trimmed\p255\p255_341_mic2.flac,p255,1,1,0.29558247327804565,0.29558247327804565,0.26264840364456177,0.03293406963348389,2.39025
lca,3,p255_341_mic2,p255,data\VCTK\wav48_silence_trimmed\p255\p255_341_mic2.flac,p255,1,1,0.34069788455963135,0.34069788455963135,0.33501434326171875,0.005683541297912598,2.39025
original,0,p255_373_mic2,p255,data\VCTK\wav48_silence_trimmed\p255\p255_373_mic2.flac,p255,1,1,0.6678346991539001,0.6678346991539001,0.3358554244041443,0.33197927474975586,2.6506875
base,1,p255_373_mic2,p255,data\VCTK\wav48_silence_trimmed\p255\p255_373_mic2.flac,p360,0,1,0.2955736219882965,0.23091742396354675,0.2955736219882965,-0.06465619802474976,2.6506875
base,2,p255_373_mic2,p255,data\VCTK\wav48_silence_trimmed\p255\p255_373_mic2.flac,p255,1,1,0.3890072703361511,0.3890072703361511,0.28376638889312744,0.10524088144302368,2.6506875
base,3,p255_373_mic2,p255,data\VCTK\wav48_silence_trimmed\p255\p255_373_mic2.flac,p255,1,1,0.40897050499916077,0.40897050499916077,0.27552783489227295,0.13344267010688782,2.6506875
lca,1,p255_373_mic2,p255,data\VCTK\wav48_silence_trimmed\p255\p255_373_mic2.flac,p302,0,1,0.29616910219192505,0.2158900648355484,0.29616910219192505,-0.08027903735637665,2.6506875
lca,2,p255_373_mic2,p255,data\VCTK\wav48_silence_trimmed\p255\p255_373_mic2.flac,p255,1,1,0.3733784556388855,0.3733784556388855,0.27741795778274536,0.09596049785614014,2.6506875
lca,3,p255_373_mic2,p255,data\VCTK\wav48_silence_trimmed\p255\p255_373_mic2.flac,p255,1,1,0.37356215715408325,0.37356215715408325,0.3067856431007385,0.06677651405334473,2.6506875
original,0,p256_032_mic2,p256,data\VCTK\wav48_silence_trimmed\p256\p256_032_mic2.flac,p256,1,1,0.6919912099838257,0.6919912099838257,0.32729682326316833,0.36469438672065735,5.093625
base,1,p256_032_mic2,p256,data\VCTK\wav48_silence_trimmed\p256\p256_032_mic2.flac,p374,0,1,0.3574751615524292,0.07242358475923538,0.3574751615524292,-0.2850515767931938,5.093625
base,2,p256_032_mic2,p256,data\VCTK\wav48_silence_trimmed\p256\p256_032_mic2.flac,p364,0,1,0.36736607551574707,0.21870902180671692,0.36736607551574707,-0.14865705370903015,5.093625
base,3,p256_032_mic2,p256,data\VCTK\wav48_silence_trimmed\p256\p256_032_mic2.flac,p374,0,1,0.3758814334869385,0.29168784618377686,0.3758814334869385,-0.08419358730316162,5.093625
lca,1,p256_032_mic2,p256,data\VCTK\wav48_silence_trimmed\p256\p256_032_mic2.flac,p364,0,1,0.31520915031433105,0.027679121121764183,0.31520915031433105,-0.28753002919256687,5.093625
lca,2,p256_032_mic2,p256,data\VCTK\wav48_silence_trimmed\p256\p256_032_mic2.flac,p281,0,1,0.3475029170513153,0.2375691533088684,0.3475029170513153,-0.1099337637424469,5.093625
lca,3,p256_032_mic2,p256,data\VCTK\wav48_silence_trimmed\p256\p256_032_mic2.flac,p281,0,1,0.34116607904434204,0.26426932215690613,0.34116607904434204,-0.07689675688743591,5.093625
original,0,p256_039_mic1,p256,data\VCTK\wav48_silence_trimmed\p256\p256_039_mic1.flac,p256,1,1,0.6283079981803894,0.6283079981803894,0.2847020626068115,0.3436059355735779,3.308
base,1,p256_039_mic1,p256,data\VCTK\wav48_silence_trimmed\p256\p256_039_mic1.flac,p262,0,1,0.2836495637893677,0.10200220346450806,0.2836495637893677,-0.18164736032485962,3.308
base,2,p256_039_mic1,p256,data\VCTK\wav48_silence_trimmed\p256\p256_039_mic1.flac,p284,0,1,0.31314224004745483,0.23618951439857483,0.31314224004745483,-0.07695272564888,3.308
base,3,p256_039_mic1,p256,data\VCTK\wav48_silence_trimmed\p256\p256_039_mic1.flac,p284,0,1,0.36443930864334106,0.18378761410713196,0.36443930864334106,-0.1806516945362091,3.308
lca,1,p256_039_mic1,p256,data\VCTK\wav48_silence_trimmed\p256\p256_039_mic1.flac,p343,0,1,0.32377663254737854,0.0011008847504854202,0.32377663254737854,-0.3226757477968931,3.308
lca,2,p256_039_mic1,p256,data\VCTK\wav48_silence_trimmed\p256\p256_039_mic1.flac,p281,0,1,0.3381373882293701,0.11625301837921143,0.3381373882293701,-0.2218843698501587,3.308
lca,3,p256_039_mic1,p256,data\VCTK\wav48_silence_trimmed\p256\p256_039_mic1.flac,p281,0,1,0.3583419919013977,0.11517731845378876,0.3583419919013977,-0.24316467344760895,3.308
original,0,p256_047_mic1,p256,data\VCTK\wav48_silence_trimmed\p256\p256_047_mic1.flac,p256,1,1,0.7267112731933594,0.7267112731933594,0.26677829027175903,0.45993298292160034,2.50675
base,1,p256_047_mic1,p256,data\VCTK\wav48_silence_trimmed\p256\p256_047_mic1.flac,p233,0,1,0.25922471284866333,0.08242730051279068,0.25922471284866333,-0.17679741233587265,2.50675
base,2,p256_047_mic1,p256,data\VCTK\wav48_silence_trimmed\p256\p256_047_mic1.flac,p251,0,1,0.32673490047454834,0.138776957988739,0.32673490047454834,-0.18795794248580933,2.50675
base,3,p256_047_mic1,p256,data\VCTK\wav48_silence_trimmed\p256\p256_047_mic1.flac,p251,0,1,0.3542322516441345,0.23663544654846191,0.3542322516441345,-0.11759680509567261,2.50675
lca,1,p256_047_mic1,p256,data\VCTK\wav48_silence_trimmed\p256\p256_047_mic1.flac,p248,0,1,0.28119128942489624,0.05976954475045204,0.28119128942489624,-0.2214217446744442,2.50675
lca,2,p256_047_mic1,p256,data\VCTK\wav48_silence_trimmed\p256\p256_047_mic1.flac,p347,0,1,0.3016756474971771,0.16099676489830017,0.3016756474971771,-0.14067888259887695,2.50675
lca,3,p256_047_mic1,p256,data\VCTK\wav48_silence_trimmed\p256\p256_047_mic1.flac,p347,0,1,0.3455837368965149,0.21363621950149536,0.3455837368965149,-0.13194751739501953,2.50675
original,0,p256_069_mic1,p256,data\VCTK\wav48_silence_trimmed\p256\p256_069_mic1.flac,p256,1,1,0.6439843773841858,0.6439843773841858,0.27143117785453796,0.3725531995296478,3.25325
base,1,p256_069_mic1,p256,data\VCTK\wav48_silence_trimmed\p256\p256_069_mic1.flac,p225,0,1,0.34607818722724915,0.11154679208993912,0.34607818722724915,-0.23453139513731003,3.25325
base,2,p256_069_mic1,p256,data\VCTK\wav48_silence_trimmed\p256\p256_069_mic1.flac,p347,0,1,0.3196399211883545,0.14413511753082275,0.3196399211883545,-0.17550480365753174,3.25325
base,3,p256_069_mic1,p256,data\VCTK\wav48_silence_trimmed\p256\p256_069_mic1.flac,p281,0,1,0.34379422664642334,0.18253827095031738,0.34379422664642334,-0.16125595569610596,3.25325
lca,1,p256_069_mic1,p256,data\VCTK\wav48_silence_trimmed\p256\p256_069_mic1.flac,p314,0,1,0.2756025493144989,0.014338785782456398,0.2756025493144989,-0.2612637635320425,3.25325
lca,2,p256_069_mic1,p256,data\VCTK\wav48_silence_trimmed\p256\p256_069_mic1.flac,p281,0,1,0.3695051968097687,0.0785459578037262,0.3695051968097687,-0.2909592390060425,3.25325
lca,3,p256_069_mic1,p256,data\VCTK\wav48_silence_trimmed\p256\p256_069_mic1.flac,p347,0,1,0.355082631111145,0.09468034654855728,0.355082631111145,-0.26040228456258774,3.25325
original,0,p256_118_mic2,p256,data\VCTK\wav48_silence_trimmed\p256\p256_118_mic2.flac,p256,1,1,0.7801834344863892,0.7801834344863892,0.33101022243499756,0.4491732120513916,5.0739375
base,1,p256_118_mic2,p256,data\VCTK\wav48_silence_trimmed\p256\p256_118_mic2.flac,p360,0,1,0.3041096329689026,0.07916633039712906,0.3041096329689026,-0.22494330257177353,5.0739375
base,2,p256_118_mic2,p256,data\VCTK\wav48_silence_trimmed\p256\p256_118_mic2.flac,p345,0,1,0.3054388761520386,0.15259572863578796,0.3054388761520386,-0.1528431475162506,5.0739375
base,3,p256_118_mic2,p256,data\VCTK\wav48_silence_trimmed\p256\p256_118_mic2.flac,p245,0,1,0.31412363052368164,0.24893340468406677,0.31412363052368164,-0.06519022583961487,5.0739375
lca,1,p256_118_mic2,p256,data\VCTK\wav48_silence_trimmed\p256\p256_118_mic2.flac,p281,0,1,0.3659648299217224,0.009732808917760849,0.3659648299217224,-0.35623202100396156,5.0739375
lca,2,p256_118_mic2,p256,data\VCTK\wav48_silence_trimmed\p256\p256_118_mic2.flac,p281,0,1,0.417507529258728,0.13850294053554535,0.417507529258728,-0.2790045887231827,5.0739375
lca,3,p256_118_mic2,p256,data\VCTK\wav48_silence_trimmed\p256\p256_118_mic2.flac,p281,0,1,0.4036557972431183,0.19502770900726318,0.4036557972431183,-0.2086280882358551,5.0739375
original,0,p257_128_mic2,p257,data\VCTK\wav48_silence_trimmed\p257\p257_128_mic2.flac,p257,1,1,0.7913093566894531,0.7913093566894531,0.4777088463306427,0.3136005103588104,2.818625
base,1,p257_128_mic2,p257,data\VCTK\wav48_silence_trimmed\p257\p257_128_mic2.flac,p230,0,1,0.3758092522621155,0.34615558385849,0.3758092522621155,-0.02965366840362549,2.818625
base,2,p257_128_mic2,p257,data\VCTK\wav48_silence_trimmed\p257\p257_128_mic2.flac,p268,0,1,0.41399189829826355,0.4124774932861328,0.41399189829826355,-0.0015144050121307373,2.818625
base,3,p257_128_mic2,p257,data\VCTK\wav48_silence_trimmed\p257\p257_128_mic2.flac,p257,1,1,0.4975987672805786,0.4975987672805786,0.48955199122428894,0.008046776056289673,2.818625
lca,1,p257_128_mic2,p257,data\VCTK\wav48_silence_trimmed\p257\p257_128_mic2.flac,p262,0,1,0.3953903317451477,0.24580805003643036,0.3953903317451477,-0.14958228170871735,2.818625
lca,2,p257_128_mic2,p257,data\VCTK\wav48_silence_trimmed\p257\p257_128_mic2.flac,p233,0,1,0.437092125415802,0.41514506936073303,0.437092125415802,-0.02194705605506897,2.818625
lca,3,p257_128_mic2,p257,data\VCTK\wav48_silence_trimmed\p257\p257_128_mic2.flac,p257,1,1,0.4919552803039551,0.4919552803039551,0.47790080308914185,0.014054477214813232,2.818625
original,0,p257_243_mic1,p257,data\VCTK\wav48_silence_trimmed\p257\p257_243_mic1.flac,p257,1,1,0.7844296097755432,0.7844296097755432,0.4962807595729828,0.2881488502025604,2.352
base,1,p257_243_mic1,p257,data\VCTK\wav48_silence_trimmed\p257\p257_243_mic1.flac,p230,0,1,0.32023581862449646,0.24896854162216187,0.32023581862449646,-0.0712672770023346,2.352
base,2,p257_243_mic1,p257,data\VCTK\wav48_silence_trimmed\p257\p257_243_mic1.flac,p257,1,1,0.4601776897907257,0.4601776897907257,0.4272642135620117,0.03291347622871399,2.352
base,3,p257_243_mic1,p257,data\VCTK\wav48_silence_trimmed\p257\p257_243_mic1.flac,p257,1,1,0.6055286526679993,0.6055286526679993,0.5133448839187622,0.09218376874923706,2.352
lca,1,p257_243_mic1,p257,data\VCTK\wav48_silence_trimmed\p257\p257_243_mic1.flac,p230,0,1,0.3695487380027771,0.341318815946579,0.3695487380027771,-0.02822992205619812,2.352
lca,2,p257_243_mic1,p257,data\VCTK\wav48_silence_trimmed\p257\p257_243_mic1.flac,p280,0,1,0.4852624237537384,0.4261952042579651,0.4852624237537384,-0.059067219495773315,2.352
lca,3,p257_243_mic1,p257,data\VCTK\wav48_silence_trimmed\p257\p257_243_mic1.flac,p340,0,1,0.5010590553283691,0.4889189302921295,0.5010590553283691,-0.012140125036239624,2.352
original,0,p257_346_mic2,p257,data\VCTK\wav48_silence_trimmed\p257\p257_346_mic2.flac,p257,1,1,0.7132065296173096,0.7132065296173096,0.5342981219291687,0.17890840768814087,2.6030625
base,1,p257_346_mic2,p257,data\VCTK\wav48_silence_trimmed\p257\p257_346_mic2.flac,p257,1,1,0.3805605173110962,0.3805605173110962,0.3610661029815674,0.01949441432952881,2.6030625
base,2,p257_346_mic2,p257,data\VCTK\wav48_silence_trimmed\p257\p257_346_mic2.flac,p268,0,1,0.44742801785469055,0.4110492169857025,0.44742801785469055,-0.03637880086898804,2.6030625
base,3,p257_346_mic2,p257,data\VCTK\wav48_silence_trimmed\p257\p257_346_mic2.flac,p257,1,1,0.5036298632621765,0.5036298632621765,0.4839301109313965,0.01969975233078003,2.6030625
lca,1,p257_346_mic2,p257,data\VCTK\wav48_silence_trimmed\p257\p257_346_mic2.flac,p281,0,1,0.2973548173904419,0.22327449917793274,0.2973548173904419,-0.07408031821250916,2.6030625
lca,2,p257_346_mic2,p257,data\VCTK\wav48_silence_trimmed\p257\p257_346_mic2.flac,p262,0,1,0.3926711678504944,0.2790509760379791,0.3926711678504944,-0.11362019181251526,2.6030625
lca,3,p257_346_mic2,p257,data\VCTK\wav48_silence_trimmed\p257\p257_346_mic2.flac,p262,0,1,0.4108221232891083,0.32311511039733887,0.4108221232891083,-0.08770701289176941,2.6030625
original,0,p257_397_mic2,p257,data\VCTK\wav48_silence_trimmed\p257\p257_397_mic2.flac,p257,1,1,0.5464015603065491,0.5464015603065491,0.4139796197414398,0.13242194056510925,1.87975
base,1,p257_397_mic2,p257,data\VCTK\wav48_silence_trimmed\p257\p257_397_mic2.flac,p295,0,1,0.3303063213825226,0.2109634429216385,0.3303063213825226,-0.1193428784608841,1.87975
base,2,p257_397_mic2,p257,data\VCTK\wav48_silence_trimmed\p257\p257_397_mic2.flac,p238,0,1,0.3245382308959961,0.24191729724407196,0.3245382308959961,-0.08262093365192413,1.87975
base,3,p257_397_mic2,p257,data\VCTK\wav48_silence_trimmed\p257\p257_397_mic2.flac,p230,0,1,0.3793814778327942,0.345459520816803,0.3793814778327942,-0.03392195701599121,1.87975
lca,1,p257_397_mic2,p257,data\VCTK\wav48_silence_trimmed\p257\p257_397_mic2.flac,p262,0,1,0.3093613386154175,0.21393844485282898,0.3093613386154175,-0.0954228937625885,1.87975
lca,2,p257_397_mic2,p257,data\VCTK\wav48_silence_trimmed\p257\p257_397_mic2.flac,p249,0,1,0.34341633319854736,0.27555593848228455,0.34341633319854736,-0.06786039471626282,1.87975
lca,3,p257_397_mic2,p257,data\VCTK\wav48_silence_trimmed\p257\p257_397_mic2.flac,p238,0,1,0.34116330742836,0.2927505671977997,0.34116330742836,-0.0484127402305603,1.87975
original,0,p257_432_mic1,p257,data\VCTK\wav48_silence_trimmed\p257\p257_432_mic1.flac,p257,1,1,0.6299238204956055,0.6299238204956055,0.5786985158920288,0.05122530460357666,2.5179375
base,1,p257_432_mic1,p257,data\VCTK\wav48_silence_trimmed\p257\p257_432_mic1.flac,p262,0,1,0.3249601125717163,0.2883864939212799,0.3249601125717163,-0.0365736186504364,2.5179375
base,2,p257_432_mic1,p257,data\VCTK\wav48_silence_trimmed\p257\p257_432_mic1.flac,p244,0,1,0.46043604612350464,0.40822917222976685,0.46043604612350464,-0.05220687389373779,2.5179375
base,3,p257_432_mic1,p257,data\VCTK\wav48_silence_trimmed\p257\p257_432_mic1.flac,p244,0,1,0.43919438123703003,0.422598659992218,0.43919438123703003,-0.01659572124481201,2.5179375
lca,1,p257_432_mic1,p257,data\VCTK\wav48_silence_trimmed\p257\p257_432_mic1.flac,p280,0,1,0.42887794971466064,0.2528780698776245,0.42887794971466064,-0.17599987983703613,2.5179375
lca,2,p257_432_mic1,p257,data\VCTK\wav48_silence_trimmed\p257\p257_432_mic1.flac,p280,0,1,0.4312610924243927,0.3527836203575134,0.4312610924243927,-0.07847747206687927,2.5179375
lca,3,p257_432_mic1,p257,data\VCTK\wav48_silence_trimmed\p257\p257_432_mic1.flac,p280,0,1,0.4528094530105591,0.4131856858730316,0.4528094530105591,-0.039623767137527466,2.5179375
original,0,p258_001_mic1,p258,data\VCTK\wav48_silence_trimmed\p258\p258_001_mic1.flac,p258,1,1,0.6352401971817017,0.6352401971817017,0.2837383449077606,0.35150185227394104,1.84
base,1,p258_001_mic1,p258,data\VCTK\wav48_silence_trimmed\p258\p258_001_mic1.flac,p302,0,0,0.2471584975719452,0.24068719148635864,0.2471584975719452,-0.006471306085586548,1.84
base,2,p258_001_mic1,p258,data\VCTK\wav48_silence_trimmed\p258\p258_001_mic1.flac,p258,1,1,0.45341062545776367,0.45341062545776367,0.3647550940513611,0.08865553140640259,1.84
base,3,p258_001_mic1,p258,data\VCTK\wav48_silence_trimmed\p258\p258_001_mic1.flac,p258,1,1,0.46196141839027405,0.46196141839027405,0.42783915996551514,0.03412225842475891,1.84
lca,1,p258_001_mic1,p258,data\VCTK\wav48_silence_trimmed\p258\p258_001_mic1.flac,p313,0,1,0.26494961977005005,0.19027122855186462,0.26494961977005005,-0.07467839121818542,1.84
lca,2,p258_001_mic1,p258,data\VCTK\wav48_silence_trimmed\p258\p258_001_mic1.flac,p281,0,1,0.2990139126777649,0.15370945632457733,0.2990139126777649,-0.14530445635318756,1.84
lca,3,p258_001_mic1,p258,data\VCTK\wav48_silence_trimmed\p258\p258_001_mic1.flac,p281,0,1,0.30642133951187134,0.2429490089416504,0.30642133951187134,-0.06347233057022095,1.84
original,0,p258_099_mic1,p258,data\VCTK\wav48_silence_trimmed\p258\p258_099_mic1.flac,p258,1,1,0.831558883190155,0.831558883190155,0.408832311630249,0.422726571559906,4.32475
base,1,p258_099_mic1,p258,data\VCTK\wav48_silence_trimmed\p258\p258_099_mic1.flac,p258,1,1,0.32534274458885193,0.32534274458885193,0.2659594416618347,0.05938330292701721,4.32475
base,2,p258_099_mic1,p258,data\VCTK\wav48_silence_trimmed\p258\p258_099_mic1.flac,p258,1,1,0.5067675709724426,0.5067675709724426,0.342117577791214,0.16464999318122864,4.32475
base,3,p258_099_mic1,p258,data\VCTK\wav48_silence_trimmed\p258\p258_099_mic1.flac,p258,1,1,0.5455255508422852,0.5455255508422852,0.3851333260536194,0.16039222478866577,4.32475
lca,1,p258_099_mic1,p258,data\VCTK\wav48_silence_trimmed\p258\p258_099_mic1.flac,p364,0,1,0.2857590317726135,0.17490237951278687,0.2857590317726135,-0.11085665225982666,4.32475
lca,2,p258_099_mic1,p258,data\VCTK\wav48_silence_trimmed\p258\p258_099_mic1.flac,p258,1,1,0.36280933022499084,0.36280933022499084,0.3530127704143524,0.009796559810638428,4.32475
lca,3,p258_099_mic1,p258,data\VCTK\wav48_silence_trimmed\p258\p258_099_mic1.flac,p258,1,1,0.4203001856803894,0.4203001856803894,0.37485313415527344,0.04544705152511597,4.32475
original,0,p258_161_mic2,p258,data\VCTK\wav48_silence_trimmed\p258\p258_161_mic2.flac,p258,1,1,0.6905679702758789,0.6905679702758789,0.39618754386901855,0.29438042640686035,2.1359375
base,1,p258_161_mic2,p258,data\VCTK\wav48_silence_trimmed\p258\p258_161_mic2.flac,p302,0,1,0.3261578679084778,0.10428748279809952,0.3261578679084778,-0.22187038511037827,2.1359375
base,2,p258_161_mic2,p258,data\VCTK\wav48_silence_trimmed\p258\p258_161_mic2.flac,p259,0,1,0.3464149832725525,0.3006610870361328,0.3464149832725525,-0.04575389623641968,2.1359375
base,3,p258_161_mic2,p258,data\VCTK\wav48_silence_trimmed\p258\p258_161_mic2.flac,p258,1,1,0.41524988412857056,0.41524988412857056,0.37107110023498535,0.044178783893585205,2.1359375
lca,1,p258_161_mic2,p258,data\VCTK\wav48_silence_trimmed\p258\p258_161_mic2.flac,p281,0,1,0.36348938941955566,0.2008117437362671,0.36348938941955566,-0.16267764568328857,2.1359375
lca,2,p258_161_mic2,p258,data\VCTK\wav48_silence_trimmed\p258\p258_161_mic2.flac,p281,0,1,0.378105103969574,0.3128965198993683,0.378105103969574,-0.06520858407020569,2.1359375
lca,3,p258_161_mic2,p258,data\VCTK\wav48_silence_trimmed\p258\p258_161_mic2.flac,p258,1,1,0.4081040322780609,0.4081040322780609,0.3791773319244385,0.028926700353622437,2.1359375
original,0,p258_178_mic1,p258,data\VCTK\wav48_silence_trimmed\p258\p258_178_mic1.flac,p258,1,1,0.5971238017082214,0.5971238017082214,0.30086350440979004,0.2962602972984314,1.7949375
base,1,p258_178_mic1,p258,data\VCTK\wav48_silence_trimmed\p258\p258_178_mic1.flac,p270,0,1,0.3129078447818756,0.22298727929592133,0.3129078447818756,-0.08992056548595428,1.7949375
base,2,p258_178_mic1,p258,data\VCTK\wav48_silence_trimmed\p258\p258_178_mic1.flac,p281,0,1,0.39316096901893616,0.22012433409690857,0.39316096901893616,-0.1730366349220276,1.7949375
base,3,p258_178_mic1,p258,data\VCTK\wav48_silence_trimmed\p258\p258_178_mic1.flac,p281,0,1,0.42411306500434875,0.31266745924949646,0.42411306500434875,-0.1114456057548523,1.7949375
lca,1,p258_178_mic1,p258,data\VCTK\wav48_silence_trimmed\p258\p258_178_mic1.flac,p281,0,1,0.3362511694431305,0.24435415863990784,0.3362511694431305,-0.09189701080322266,1.7949375
lca,2,p258_178_mic1,p258,data\VCTK\wav48_silence_trimmed\p258\p258_178_mic1.flac,p281,0,1,0.37698429822921753,0.3463602364063263,0.37698429822921753,-0.030624061822891235,1.7949375
lca,3,p258_178_mic1,p258,data\VCTK\wav48_silence_trimmed\p258\p258_178_mic1.flac,p258,1,1,0.3786877691745758,0.3786877691745758,0.35499313473701477,0.023694634437561035,1.7949375
original,0,p258_374_mic2,p258,data\VCTK\wav48_silence_trimmed\p258\p258_374_mic2.flac,p258,1,1,0.8073951601982117,0.8073951601982117,0.40954309701919556,0.3978520631790161,4.096875
base,1,p258_374_mic2,p258,data\VCTK\wav48_silence_trimmed\p258\p258_374_mic2.flac,p270,0,1,0.3114408254623413,0.2317313849925995,0.3114408254623413,-0.07970944046974182,4.096875
base,2,p258_374_mic2,p258,data\VCTK\wav48_silence_trimmed\p258\p258_374_mic2.flac,p258,1,1,0.4140625596046448,0.4140625596046448,0.35954636335372925,0.05451619625091553,4.096875
base,3,p258_374_mic2,p258,data\VCTK\wav48_silence_trimmed\p258\p258_374_mic2.flac,p258,1,1,0.494700163602829,0.494700163602829,0.37626272439956665,0.11843743920326233,4.096875
lca,1,p258_374_mic2,p258,data\VCTK\wav48_silence_trimmed\p258\p258_374_mic2.flac,p281,0,1,0.336061030626297,0.2295381873846054,0.336061030626297,-0.10652284324169159,4.096875
lca,2,p258_374_mic2,p258,data\VCTK\wav48_silence_trimmed\p258\p258_374_mic2.flac,p281,0,1,0.35026127099990845,0.2753483057022095,0.35026127099990845,-0.07491296529769897,4.096875
lca,3,p258_374_mic2,p258,data\VCTK\wav48_silence_trimmed\p258\p258_374_mic2.flac,p281,0,1,0.36719441413879395,0.3132792115211487,0.36719441413879395,-0.053915202617645264,4.096875
original,0,p259_030_mic1,p259,data\VCTK\wav48_silence_trimmed\p259\p259_030_mic1.flac,p259,1,1,0.7229715585708618,0.7229715585708618,0.39976227283477783,0.323209285736084,2.6046875
base,1,p259_030_mic1,p259,data\VCTK\wav48_silence_trimmed\p259\p259_030_mic1.flac,p364,0,1,0.3561403751373291,0.22816695272922516,0.3561403751373291,-0.12797342240810394,2.6046875
base,2,p259_030_mic1,p259,data\VCTK\wav48_silence_trimmed\p259\p259_030_mic1.flac,p259,1,1,0.4131767153739929,0.4131767153739929,0.38110285997390747,0.03207385540008545,2.6046875
base,3,p259_030_mic1,p259,data\VCTK\wav48_silence_trimmed\p259\p259_030_mic1.flac,p259,1,1,0.39635998010635376,0.39635998010635376,0.3902251720428467,0.00613480806350708,2.6046875
lca,1,p259_030_mic1,p259,data\VCTK\wav48_silence_trimmed\p259\p259_030_mic1.flac,p281,0,1,0.3628716468811035,0.20564505457878113,0.3628716468811035,-0.1572265923023224,2.6046875
lca,2,p259_030_mic1,p259,data\VCTK\wav48_silence_trimmed\p259\p259_030_mic1.flac,p364,0,1,0.4036586284637451,0.3505156338214874,0.4036586284637451,-0.05314299464225769,2.6046875
lca,3,p259_030_mic1,p259,data\VCTK\wav48_silence_trimmed\p259\p259_030_mic1.flac,p259,1,1,0.3992103934288025,0.3992103934288025,0.39119839668273926,0.008011996746063232,2.6046875
original,0,p259_070_mic1,p259,data\VCTK\wav48_silence_trimmed\p259\p259_070_mic1.flac,p259,1,1,0.7022562026977539,0.7022562026977539,0.35202735662460327,0.35022884607315063,2.4465
base,1,p259_070_mic1,p259,data\VCTK\wav48_silence_trimmed\p259\p259_070_mic1.flac,p281,0,0,0.22979728877544403,0.1572233885526657,0.22979728877544403,-0.07257390022277832,2.4465
base,2,p259_070_mic1,p259,data\VCTK\wav48_silence_trimmed\p259\p259_070_mic1.flac,p298,0,1,0.3473249077796936,0.33114901185035706,0.3473249077796936,-0.016175895929336548,2.4465
base,3,p259_070_mic1,p259,data\VCTK\wav48_silence_trimmed\p259\p259_070_mic1.flac,p259,1,1,0.3706936836242676,0.3706936836242676,0.3628600537776947,0.007833629846572876,2.4465
lca,1,p259_070_mic1,p259,data\VCTK\wav48_silence_trimmed\p259\p259_070_mic1.flac,p364,0,1,0.3179354667663574,0.29999107122421265,0.3179354667663574,-0.017944395542144775,2.4465
lca,2,p259_070_mic1,p259,data\VCTK\wav48_silence_trimmed\p259\p259_070_mic1.flac,p364,0,1,0.3864763081073761,0.27257081866264343,0.3864763081073761,-0.11390548944473267,2.4465
lca,3,p259_070_mic1,p259,data\VCTK\wav48_silence_trimmed\p259\p259_070_mic1.flac,p364,0,1,0.3482605218887329,0.3308001160621643,0.3482605218887329,-0.017460405826568604,2.4465
original,0,p259_086_mic1,p259,data\VCTK\wav48_silence_trimmed\p259\p259_086_mic1.flac,p259,1,1,0.7258361577987671,0.7258361577987671,0.36086082458496094,0.36497533321380615,2.010125
base,1,p259_086_mic1,p259,data\VCTK\wav48_silence_trimmed\p259\p259_086_mic1.flac,p374,0,0,0.23369064927101135,0.19125333428382874,0.23369064927101135,-0.04243731498718262,2.010125
base,2,p259_086_mic1,p259,data\VCTK\wav48_silence_trimmed\p259\p259_086_mic1.flac,p259,1,1,0.3453071117401123,0.3453071117401123,0.29493898153305054,0.05036813020706177,2.010125
base,3,p259_086_mic1,p259,data\VCTK\wav48_silence_trimmed\p259\p259_086_mic1.flac,p259,1,1,0.4752730131149292,0.4752730131149292,0.3606879711151123,0.1145850419998169,2.010125
lca,1,p259_086_mic1,p259,data\VCTK\wav48_silence_trimmed\p259\p259_086_mic1.flac,p364,0,1,0.30893293023109436,0.2663925290107727,0.30893293023109436,-0.042540401220321655,2.010125
lca,2,p259_086_mic1,p259,data\VCTK\wav48_silence_trimmed\p259\p259_086_mic1.flac,p259,1,1,0.35755956172943115,0.35755956172943115,0.30069249868392944,0.05686706304550171,2.010125
lca,3,p259_086_mic1,p259,data\VCTK\wav48_silence_trimmed\p259\p259_086_mic1.flac,p259,1,1,0.44603994488716125,0.44603994488716125,0.3411429524421692,0.10489699244499207,2.010125
original,0,p259_288_mic1,p259,data\VCTK\wav48_silence_trimmed\p259\p259_288_mic1.flac,p259,1,1,0.6949886679649353,0.6949886679649353,0.42974767088890076,0.26524099707603455,2.905375
base,1,p259_288_mic1,p259,data\VCTK\wav48_silence_trimmed\p259\p259_288_mic1.flac,p281,0,1,0.3111730217933655,0.22321371734142303,0.3111730217933655,-0.08795930445194244,2.905375
base,2,p259_288_mic1,p259,data\VCTK\wav48_silence_trimmed\p259\p259_288_mic1.flac,p258,0,1,0.4631465673446655,0.3721160888671875,0.4631465673446655,-0.09103047847747803,2.905375
base,3,p259_288_mic1,p259,data\VCTK\wav48_silence_trimmed\p259\p259_288_mic1.flac,p259,1,1,0.4689987897872925,0.4689987897872925,0.3937342166900635,0.075264573097229,2.905375
lca,1,p259_288_mic1,p259,data\VCTK\wav48_silence_trimmed\p259\p259_288_mic1.flac,p281,0,1,0.2919212281703949,0.21603718400001526,0.2919212281703949,-0.07588404417037964,2.905375
lca,2,p259_288_mic1,p259,data\VCTK\wav48_silence_trimmed\p259\p259_288_mic1.flac,p259,1,1,0.3828522861003876,0.3828522861003876,0.35321998596191406,0.02963230013847351,2.905375
lca,3,p259_288_mic1,p259,data\VCTK\wav48_silence_trimmed\p259\p259_288_mic1.flac,p259,1,1,0.402187705039978,0.402187705039978,0.366879940032959,0.03530776500701904,2.905375
original,0,p259_336_mic1,p259,data\VCTK\wav48_silence_trimmed\p259\p259_336_mic1.flac,p259,1,1,0.7693923115730286,0.7693923115730286,0.490422785282135,0.27896952629089355,2.5151875
base,1,p259_336_mic1,p259,data\VCTK\wav48_silence_trimmed\p259\p259_336_mic1.flac,p298,0,1,0.37232333421707153,0.3000890612602234,0.37232333421707153,-0.07223427295684814,2.5151875
base,2,p259_336_mic1,p259,data\VCTK\wav48_silence_trimmed\p259\p259_336_mic1.flac,p259,1,1,0.4865345060825348,0.4865345060825348,0.40373146533966064,0.08280304074287415,2.5151875
base,3,p259_336_mic1,p259,data\VCTK\wav48_silence_trimmed\p259\p259_336_mic1.flac,p259,1,1,0.500152587890625,0.500152587890625,0.36105629801750183,0.13909628987312317,2.5151875
lca,1,p259_336_mic1,p259,data\VCTK\wav48_silence_trimmed\p259\p259_336_mic1.flac,p259,1,1,0.29533588886260986,0.29533588886260986,0.27773940563201904,0.01759648323059082,2.5151875
lca,2,p259_336_mic1,p259,data\VCTK\wav48_silence_trimmed\p259\p259_336_mic1.flac,p259,1,1,0.4447115361690521,0.4447115361690521,0.36658570170402527,0.07812583446502686,2.5151875
lca,3,p259_336_mic1,p259,data\VCTK\wav48_silence_trimmed\p259\p259_336_mic1.flac,p259,1,1,0.512569785118103,0.512569785118103,0.37880024313926697,0.13376954197883606,2.5151875
original,0,p260_176_mic1,p260,data\VCTK\wav48_silence_trimmed\p260\p260_176_mic1.flac,p260,1,1,0.6973530054092407,0.6973530054092407,0.4728432297706604,0.22450977563858032,4.0759375
base,1,p260_176_mic1,p260,data\VCTK\wav48_silence_trimmed\p260\p260_176_mic1.flac,p364,0,1,0.3658826947212219,0.07618209719657898,0.3658826947212219,-0.28970059752464294,4.0759375
base,2,p260_176_mic1,p260,data\VCTK\wav48_silence_trimmed\p260\p260_176_mic1.flac,p364,0,1,0.32292211055755615,0.27874529361724854,0.32292211055755615,-0.04417681694030762,4.0759375
base,3,p260_176_mic1,p260,data\VCTK\wav48_silence_trimmed\p260\p260_176_mic1.flac,p347,0,1,0.385550320148468,0.3519115746021271,0.385550320148468,-0.03363874554634094,4.0759375
lca,1,p260_176_mic1,p260,data\VCTK\wav48_silence_trimmed\p260\p260_176_mic1.flac,p364,0,1,0.38453465700149536,0.07356274873018265,0.38453465700149536,-0.3109719082713127,4.0759375
lca,2,p260_176_mic1,p260,data\VCTK\wav48_silence_trimmed\p260\p260_176_mic1.flac,p364,0,1,0.44085073471069336,0.0996503159403801,0.44085073471069336,-0.34120041877031326,4.0759375
lca,3,p260_176_mic1,p260,data\VCTK\wav48_silence_trimmed\p260\p260_176_mic1.flac,p364,0,1,0.4612302780151367,0.17646341025829315,0.4612302780151367,-0.28476686775684357,4.0759375
original,0,p260_255_mic1,p260,data\VCTK\wav48_silence_trimmed\p260\p260_255_mic1.flac,p260,1,1,0.6695922613143921,0.6695922613143921,0.3959006667137146,0.2736915946006775,2.146125
base,1,p260_255_mic1,p260,data\VCTK\wav48_silence_trimmed\p260\p260_255_mic1.flac,p299,0,0,0.21510350704193115,0.037376902997493744,0.21510350704193115,-0.1777266040444374,2.146125
base,2,p260_255_mic1,p260,data\VCTK\wav48_silence_trimmed\p260\p260_255_mic1.flac,p260,1,1,0.3695603609085083,0.3695603609085083,0.30001842975616455,0.06954193115234375,2.146125
base,3,p260_255_mic1,p260,data\VCTK\wav48_silence_trimmed\p260\p260_255_mic1.flac,p260,1,1,0.4722418189048767,0.4722418189048767,0.29199132323265076,0.18025049567222595,2.146125
lca,1,p260_255_mic1,p260,data\VCTK\wav48_silence_trimmed\p260\p260_255_mic1.flac,p262,0,1,0.27760717272758484,-0.016584813594818115,0.27760717272758484,-0.29419198632240295,2.146125
lca,2,p260_255_mic1,p260,data\VCTK\wav48_silence_trimmed\p260\p260_255_mic1.flac,p270,0,1,0.29578033089637756,0.15628346800804138,0.29578033089637756,-0.13949686288833618,2.146125
lca,3,p260_255_mic1,p260,data\VCTK\wav48_silence_trimmed\p260\p260_255_mic1.flac,p226,0,1,0.2740285098552704,0.24468830227851868,0.2740285098552704,-0.02934020757675171,2.146125
original,0,p260_266_mic2,p260,data\VCTK\wav48_silence_trimmed\p260\p260_266_mic2.flac,p260,1,1,0.597907543182373,0.597907543182373,0.34290611743927,0.255001425743103,1.9205
base,1,p260_266_mic2,p260,data\VCTK\wav48_silence_trimmed\p260\p260_266_mic2.flac,p237,0,1,0.34451332688331604,0.08517276495695114,0.34451332688331604,-0.2593405619263649,1.9205
base,2,p260_266_mic2,p260,data\VCTK\wav48_silence_trimmed\p260\p260_266_mic2.flac,p258,0,1,0.2926766872406006,0.28551650047302246,0.2926766872406006,-0.007160186767578125,1.9205
base,3,p260_266_mic2,p260,data\VCTK\wav48_silence_trimmed\p260\p260_266_mic2.flac,p260,1,1,0.35488665103912354,0.35488665103912354,0.34241434931755066,0.012472301721572876,1.9205
lca,1,p260_266_mic2,p260,data\VCTK\wav48_silence_trimmed\p260\p260_266_mic2.flac,p262,0,1,0.2984625995159149,0.08323116600513458,0.2984625995159149,-0.21523143351078033,1.9205
lca,2,p260_266_mic2,p260,data\VCTK\wav48_silence_trimmed\p260\p260_266_mic2.flac,p347,0,1,0.3418461084365845,0.18793988227844238,0.3418461084365845,-0.1539062261581421,1.9205
lca,3,p260_266_mic2,p260,data\VCTK\wav48_silence_trimmed\p260\p260_266_mic2.flac,p347,0,1,0.3499663174152374,0.14783617854118347,0.3499663174152374,-0.20213013887405396,1.9205
original,0,p260_311_mic2,p260,data\VCTK\wav48_silence_trimmed\p260\p260_311_mic2.flac,p260,1,1,0.7299516797065735,0.7299516797065735,0.511691689491272,0.2182599902153015,2.594375
base,1,p260_311_mic2,p260,data\VCTK\wav48_silence_trimmed\p260\p260_311_mic2.flac,p313,0,1,0.28923627734184265,0.04249512404203415,0.28923627734184265,-0.2467411532998085,2.594375
base,2,p260_311_mic2,p260,data\VCTK\wav48_silence_trimmed\p260\p260_311_mic2.flac,p245,0,1,0.25105535984039307,0.20311303436756134,0.25105535984039307,-0.047942325472831726,2.594375
base,3,p260_311_mic2,p260,data\VCTK\wav48_silence_trimmed\p260\p260_311_mic2.flac,p376,0,1,0.31697922945022583,0.29720818996429443,0.31697922945022583,-0.019771039485931396,2.594375
lca,1,p260_311_mic2,p260,data\VCTK\wav48_silence_trimmed\p260\p260_311_mic2.flac,p339,0,0,0.24692878127098083,0.051825761795043945,0.24692878127098083,-0.1951030194759369,2.594375
lca,2,p260_311_mic2,p260,data\VCTK\wav48_silence_trimmed\p260\p260_311_mic2.flac,p302,0,1,0.26725900173187256,0.06739930063486099,0.26725900173187256,-0.19985970109701157,2.594375
lca,3,p260_311_mic2,p260,data\VCTK\wav48_silence_trimmed\p260\p260_311_mic2.flac,p364,0,1,0.3411911725997925,0.18762381374835968,0.3411911725997925,-0.1535673588514328,2.594375
original,0,p260_357_mic1,p260,data\VCTK\wav48_silence_trimmed\p260\p260_357_mic1.flac,p260,1,1,0.6542274951934814,0.6542274951934814,0.3924565017223358,0.26177099347114563,2.269375
base,1,p260_357_mic1,p260,data\VCTK\wav48_silence_trimmed\p260\p260_357_mic1.flac,p364,0,0,0.2472909688949585,0.08422192931175232,0.2472909688949585,-0.16306903958320618,2.269375
base,2,p260_357_mic1,p260,data\VCTK\wav48_silence_trimmed\p260\p260_357_mic1.flac,p270,0,1,0.2724685072898865,0.2572500705718994,0.2724685072898865,-0.01521843671798706,2.269375
base,3,p260_357_mic1,p260,data\VCTK\wav48_silence_trimmed\p260\p260_357_mic1.flac,p260,1,1,0.37940582633018494,0.37940582633018494,0.25548672676086426,0.12391909956932068,2.269375
lca,1,p260_357_mic1,p260,data\VCTK\wav48_silence_trimmed\p260\p260_357_mic1.flac,p364,0,1,0.34462976455688477,0.02439379319548607,0.34462976455688477,-0.3202359713613987,2.269375
lca,2,p260_357_mic1,p260,data\VCTK\wav48_silence_trimmed\p260\p260_357_mic1.flac,p347,0,1,0.3394901156425476,0.18581199645996094,0.3394901156425476,-0.15367811918258667,2.269375
lca,3,p260_357_mic1,p260,data\VCTK\wav48_silence_trimmed\p260\p260_357_mic1.flac,p364,0,1,0.3367323875427246,0.26765209436416626,0.3367323875427246,-0.06908029317855835,2.269375
original,0,p261_363_mic2,p261,data\VCTK\wav48_silence_trimmed\p261\p261_363_mic2.flac,p261,1,1,0.7560098767280579,0.7560098767280579,0.38146084547042847,0.3745490312576294,2.434625
base,1,p261_363_mic2,p261,data\VCTK\wav48_silence_trimmed\p261\p261_363_mic2.flac,p248,0,1,0.3266964256763458,0.24561536312103271,0.3266964256763458,-0.08108106255531311,2.434625
base,2,p261_363_mic2,p261,data\VCTK\wav48_silence_trimmed\p261\p261_363_mic2.flac,p248,0,1,0.3848155736923218,0.3197782039642334,0.3848155736923218,-0.06503736972808838,2.434625
base,3,p261_363_mic2,p261,data\VCTK\wav48_silence_trimmed\p261\p261_363_mic2.flac,p238,0,1,0.39729824662208557,0.3935772180557251,0.39729824662208557,-0.0037210285663604736,2.434625
lca,1,p261_363_mic2,p261,data\VCTK\wav48_silence_trimmed\p261\p261_363_mic2.flac,p248,0,1,0.38409462571144104,0.22281020879745483,0.38409462571144104,-0.1612844169139862,2.434625
lca,2,p261_363_mic2,p261,data\VCTK\wav48_silence_trimmed\p261\p261_363_mic2.flac,p280,0,1,0.40613242983818054,0.31098616123199463,0.40613242983818054,-0.09514626860618591,2.434625
lca,3,p261_363_mic2,p261,data\VCTK\wav48_silence_trimmed\p261\p261_363_mic2.flac,p314,0,1,0.4298611879348755,0.40073162317276,0.4298611879348755,-0.02912956476211548,2.434625
original,0,p261_368_mic1,p261,data\VCTK\wav48_silence_trimmed\p261\p261_368_mic1.flac,p261,1,1,0.7153786420822144,0.7153786420822144,0.35590028762817383,0.3594783544540405,2.5639375
base,1,p261_368_mic1,p261,data\VCTK\wav48_silence_trimmed\p261\p261_368_mic1.flac,p249,0,1,0.2960788607597351,0.1592710018157959,0.2960788607597351,-0.1368078589439392,2.5639375
base,2,p261_368_mic1,p261,data\VCTK\wav48_silence_trimmed\p261\p261_368_mic1.flac,p280,0,1,0.365947961807251,0.2553272843360901,0.365947961807251,-0.11062067747116089,2.5639375
base,3,p261_368_mic1,p261,data\VCTK\wav48_silence_trimmed\p261\p261_368_mic1.flac,p280,0,1,0.39986246824264526,0.2697356641292572,0.39986246824264526,-0.13012680411338806,2.5639375
lca,1,p261_368_mic1,p261,data\VCTK\wav48_silence_trimmed\p261\p261_368_mic1.flac,p314,0,1,0.39428359270095825,0.20512816309928894,0.39428359270095825,-0.1891554296016693,2.5639375
lca,2,p261_368_mic1,p261,data\VCTK\wav48_silence_trimmed\p261\p261_368_mic1.flac,p314,0,1,0.4386475682258606,0.27300772070884705,0.4386475682258606,-0.16563984751701355,2.5639375
lca,3,p261_368_mic1,p261,data\VCTK\wav48_silence_trimmed\p261\p261_368_mic1.flac,p314,0,1,0.43570780754089355,0.24147924780845642,0.43570780754089355,-0.19422855973243713,2.5639375
original,0,p261_387_mic2,p261,data\VCTK\wav48_silence_trimmed\p261\p261_387_mic2.flac,p261,1,1,0.7298648357391357,0.7298648357391357,0.38824546337127686,0.3416193723678589,3.9298125
base,1,p261_387_mic2,p261,data\VCTK\wav48_silence_trimmed\p261\p261_387_mic2.flac,p250,0,1,0.2909589409828186,0.2231193482875824,0.2909589409828186,-0.0678395926952362,3.9298125
base,2,p261_387_mic2,p261,data\VCTK\wav48_silence_trimmed\p261\p261_387_mic2.flac,p339,0,1,0.3825737237930298,0.3301551342010498,0.3825737237930298,-0.05241858959197998,3.9298125
base,3,p261_387_mic2,p261,data\VCTK\wav48_silence_trimmed\p261\p261_387_mic2.flac,p238,0,1,0.4619024395942688,0.3448156714439392,0.4619024395942688,-0.11708676815032959,3.9298125
lca,1,p261_387_mic2,p261,data\VCTK\wav48_silence_trimmed\p261\p261_387_mic2.flac,p313,0,1,0.32149040699005127,0.13748417794704437,0.32149040699005127,-0.1840062290430069,3.9298125
lca,2,p261_387_mic2,p261,data\VCTK\wav48_silence_trimmed\p261\p261_387_mic2.flac,p333,0,1,0.39521417021751404,0.266008198261261,0.39521417021751404,-0.12920597195625305,3.9298125
lca,3,p261_387_mic2,p261,data\VCTK\wav48_silence_trimmed\p261\p261_387_mic2.flac,p333,0,1,0.4207034111022949,0.281815767288208,0.4207034111022949,-0.13888764381408691,3.9298125
original,0,p261_414_mic2,p261,data\VCTK\wav48_silence_trimmed\p261\p261_414_mic2.flac,p261,1,1,0.657667875289917,0.657667875289917,0.4614761471748352,0.1961917281150818,2.053375
base,1,p261_414_mic2,p261,data\VCTK\wav48_silence_trimmed\p261\p261_414_mic2.flac,p261,1,1,0.3638193905353546,0.3638193905353546,0.34834516048431396,0.01547423005104065,2.053375
base,2,p261_414_mic2,p261,data\VCTK\wav48_silence_trimmed\p261\p261_414_mic2.flac,p238,0,1,0.3645002245903015,0.30423757433891296,0.3645002245903015,-0.06026265025138855,2.053375
base,3,p261_414_mic2,p261,data\VCTK\wav48_silence_trimmed\p261\p261_414_mic2.flac,p238,0,1,0.4139496088027954,0.3010188043117523,0.4139496088027954,-0.11293080449104309,2.053375
lca,1,p261_414_mic2,p261,data\VCTK\wav48_silence_trimmed\p261\p261_414_mic2.flac,p262,0,1,0.42882925271987915,0.2398967444896698,0.42882925271987915,-0.18893250823020935,2.053375
lca,2,p261_414_mic2,p261,data\VCTK\wav48_silence_trimmed\p261\p261_414_mic2.flac,p330,0,1,0.4387563467025757,0.2659873962402344,0.4387563467025757,-0.1727689504623413,2.053375
lca,3,p261_414_mic2,p261,data\VCTK\wav48_silence_trimmed\p261\p261_414_mic2.flac,p299,0,1,0.4465263783931732,0.30809247493743896,0.4465263783931732,-0.13843390345573425,2.053375
original,0,p261_457_mic2,p261,data\VCTK\wav48_silence_trimmed\p261\p261_457_mic2.flac,p261,1,1,0.6494848728179932,0.6494848728179932,0.32773253321647644,0.3217523396015167,2.77575
base,1,p261_457_mic2,p261,data\VCTK\wav48_silence_trimmed\p261\p261_457_mic2.flac,p330,0,1,0.39544880390167236,0.23219454288482666,0.39544880390167236,-0.1632542610168457,2.77575
base,2,p261_457_mic2,p261,data\VCTK\wav48_silence_trimmed\p261\p261_457_mic2.flac,p313,0,1,0.3779938817024231,0.2998577356338501,0.3779938817024231,-0.078136146068573,2.77575
base,3,p261_457_mic2,p261,data\VCTK\wav48_silence_trimmed\p261\p261_457_mic2.flac,p330,0,1,0.4318265914916992,0.355365514755249,0.4318265914916992,-0.0764610767364502,2.77575
lca,1,p261_457_mic2,p261,data\VCTK\wav48_silence_trimmed\p261\p261_457_mic2.flac,p280,0,1,0.4399232566356659,0.1818711757659912,0.4399232566356659,-0.2580520808696747,2.77575
lca,2,p261_457_mic2,p261,data\VCTK\wav48_silence_trimmed\p261\p261_457_mic2.flac,p280,0,1,0.48372089862823486,0.27484309673309326,0.48372089862823486,-0.2088778018951416,2.77575
lca,3,p261_457_mic2,p261,data\VCTK\wav48_silence_trimmed\p261\p261_457_mic2.flac,p339,0,1,0.41304370760917664,0.3052380681037903,0.41304370760917664,-0.10780563950538635,2.77575
original,0,p262_019_mic1,p262,data\VCTK\wav48_silence_trimmed\p262\p262_019_mic1.flac,p262,1,1,0.6119386553764343,0.6119386553764343,0.43650615215301514,0.1754325032234192,8.147375
base,1,p262_019_mic1,p262,data\VCTK\wav48_silence_trimmed\p262\p262_019_mic1.flac,p262,1,1,0.3283206820487976,0.3283206820487976,0.2874374985694885,0.04088318347930908,8.147375
base,2,p262_019_mic1,p262,data\VCTK\wav48_silence_trimmed\p262\p262_019_mic1.flac,p262,1,1,0.4108729958534241,0.4108729958534241,0.37728351354599,0.03358948230743408,8.147375
base,3,p262_019_mic1,p262,data\VCTK\wav48_silence_trimmed\p262\p262_019_mic1.flac,p262,1,1,0.4983212351799011,0.4983212351799011,0.44679543375968933,0.05152580142021179,8.147375
lca,1,p262_019_mic1,p262,data\VCTK\wav48_silence_trimmed\p262\p262_019_mic1.flac,p262,1,1,0.4172325134277344,0.4172325134277344,0.3914952576160431,0.025737255811691284,8.147375
lca,2,p262_019_mic1,p262,data\VCTK\wav48_silence_trimmed\p262\p262_019_mic1.flac,p280,0,1,0.46867597103118896,0.43829771876335144,0.46867597103118896,-0.030378252267837524,8.147375
lca,3,p262_019_mic1,p262,data\VCTK\wav48_silence_trimmed\p262\p262_019_mic1.flac,p280,0,1,0.4955480098724365,0.4466932415962219,0.4955480098724365,-0.0488547682762146,8.147375
original,0,p262_033_mic1,p262,data\VCTK\wav48_silence_trimmed\p262\p262_033_mic1.flac,p262,1,1,0.5993155241012573,0.5993155241012573,0.3982689678668976,0.20104655623435974,2.980625
base,1,p262_033_mic1,p262,data\VCTK\wav48_silence_trimmed\p262\p262_033_mic1.flac,p262,1,1,0.43028149008750916,0.43028149008750916,0.3463367223739624,0.08394476771354675,2.980625
base,2,p262_033_mic1,p262,data\VCTK\wav48_silence_trimmed\p262\p262_033_mic1.flac,p262,1,1,0.4212983250617981,0.4212983250617981,0.281039297580719,0.1402590274810791,2.980625
base,3,p262_033_mic1,p262,data\VCTK\wav48_silence_trimmed\p262\p262_033_mic1.flac,p262,1,1,0.4599565863609314,0.4599565863609314,0.32562118768692017,0.13433539867401123,2.980625
lca,1,p262_033_mic1,p262,data\VCTK\wav48_silence_trimmed\p262\p262_033_mic1.flac,p281,0,1,0.29571181535720825,0.25423526763916016,0.29571181535720825,-0.041476547718048096,2.980625
lca,2,p262_033_mic1,p262,data\VCTK\wav48_silence_trimmed\p262\p262_033_mic1.flac,p262,1,1,0.3731617331504822,0.3731617331504822,0.33443590998649597,0.038725823163986206,2.980625
lca,3,p262_033_mic1,p262,data\VCTK\wav48_silence_trimmed\p262\p262_033_mic1.flac,p262,1,1,0.48327091336250305,0.48327091336250305,0.4058774709701538,0.07739344239234924,2.980625
original,0,p262_149_mic1,p262,data\VCTK\wav48_silence_trimmed\p262\p262_149_mic1.flac,p262,1,1,0.5821712613105774,0.5821712613105774,0.4101574122905731,0.17201384902000427,2.4163125
base,1,p262_149_mic1,p262,data\VCTK\wav48_silence_trimmed\p262\p262_149_mic1.flac,p262,1,1,0.3620442748069763,0.3620442748069763,0.29038363695144653,0.07166063785552979,2.4163125
base,2,p262_149_mic1,p262,data\VCTK\wav48_silence_trimmed\p262\p262_149_mic1.flac,p262,1,1,0.38235247135162354,0.38235247135162354,0.27682632207870483,0.1055261492729187,2.4163125
base,3,p262_149_mic1,p262,data\VCTK\wav48_silence_trimmed\p262\p262_149_mic1.flac,p306,0,1,0.41406309604644775,0.38936394453048706,0.41406309604644775,-0.024699151515960693,2.4163125
lca,1,p262_149_mic1,p262,data\VCTK\wav48_silence_trimmed\p262\p262_149_mic1.flac,p262,1,1,0.4289349317550659,0.4289349317550659,0.41052114963531494,0.018413782119750977,2.4163125
lca,2,p262_149_mic1,p262,data\VCTK\wav48_silence_trimmed\p262\p262_149_mic1.flac,p280,0,1,0.5104628801345825,0.43748900294303894,0.5104628801345825,-0.07297387719154358,2.4163125
lca,3,p262_149_mic1,p262,data\VCTK\wav48_silence_trimmed\p262\p262_149_mic1.flac,p280,0,1,0.5078623294830322,0.474899023771286,0.5078623294830322,-0.032963305711746216,2.4163125
original,0,p262_155_mic2,p262,data\VCTK\wav48_silence_trimmed\p262\p262_155_mic2.flac,p262,1,1,0.7509561777114868,0.7509561777114868,0.4972480237483978,0.253708153963089,4.270375
base,1,p262_155_mic2,p262,data\VCTK\wav48_silence_trimmed\p262\p262_155_mic2.flac,p262,1,1,0.5045206546783447,0.5045206546783447,0.37197521328926086,0.13254544138908386,4.270375
base,2,p262_155_mic2,p262,data\VCTK\wav48_silence_trimmed\p262\p262_155_mic2.flac,p262,1,1,0.5346313714981079,0.5346313714981079,0.38669553399086,0.14793583750724792,4.270375
base,3,p262_155_mic2,p262,data\VCTK\wav48_silence_trimmed\p262\p262_155_mic2.flac,p262,1,1,0.5651694536209106,0.5651694536209106,0.4026443660259247,0.16252508759498596,4.270375
lca,1,p262_155_mic2,p262,data\VCTK\wav48_silence_trimmed\p262\p262_155_mic2.flac,p262,1,1,0.37709325551986694,0.37709325551986694,0.3440450429916382,0.03304821252822876,4.270375
lca,2,p262_155_mic2,p262,data\VCTK\wav48_silence_trimmed\p262\p262_155_mic2.flac,p262,1,1,0.5173110365867615,0.5173110365867615,0.4408092200756073,0.07650181651115417,4.270375
lca,3,p262_155_mic2,p262,data\VCTK\wav48_silence_trimmed\p262\p262_155_mic2.flac,p262,1,1,0.5544593930244446,0.5544593930244446,0.4995901882648468,0.05486920475959778,4.270375
original,0,p262_322_mic2,p262,data\VCTK\wav48_silence_trimmed\p262\p262_322_mic2.flac,p262,1,1,0.467568576335907,0.467568576335907,0.38798987865448,0.079578697681427,1.9914375
base,1,p262_322_mic2,p262,data\VCTK\wav48_silence_trimmed\p262\p262_322_mic2.flac,p233,0,1,0.285038560628891,0.12301445752382278,0.285038560628891,-0.1620241031050682,1.9914375
base,2,p262_322_mic2,p262,data\VCTK\wav48_silence_trimmed\p262\p262_322_mic2.flac,p301,0,1,0.43153616786003113,0.32717421650886536,0.43153616786003113,-0.10436195135116577,1.9914375
base,3,p262_322_mic2,p262,data\VCTK\wav48_silence_trimmed\p262\p262_322_mic2.flac,p301,0,1,0.45815718173980713,0.42269396781921387,0.45815718173980713,-0.03546321392059326,1.9914375
lca,1,p262_322_mic2,p262,data\VCTK\wav48_silence_trimmed\p262\p262_322_mic2.flac,p347,0,1,0.31141066551208496,0.1655884087085724,0.31141066551208496,-0.14582225680351257,1.9914375
lca,2,p262_322_mic2,p262,data\VCTK\wav48_silence_trimmed\p262\p262_322_mic2.flac,p340,0,1,0.40547120571136475,0.36145058274269104,0.40547120571136475,-0.044020622968673706,1.9914375
lca,3,p262_322_mic2,p262,data\VCTK\wav48_silence_trimmed\p262\p262_322_mic2.flac,p340,0,1,0.448309987783432,0.4019143581390381,0.448309987783432,-0.04639562964439392,1.9914375
original,0,p263_017_mic2,p263,data\VCTK\wav48_silence_trimmed\p263\p263_017_mic2.flac,p263,1,1,0.6924150586128235,0.6924150586128235,0.2937287390232086,0.39868631958961487,3.674
base,1,p263_017_mic2,p263,data\VCTK\wav48_silence_trimmed\p263\p263_017_mic2.flac,p360,0,1,0.2627648115158081,0.1070786863565445,0.2627648115158081,-0.1556861251592636,3.674
base,2,p263_017_mic2,p263,data\VCTK\wav48_silence_trimmed\p263\p263_017_mic2.flac,p263,1,1,0.33888810873031616,0.33888810873031616,0.29228606820106506,0.0466020405292511,3.674
base,3,p263_017_mic2,p263,data\VCTK\wav48_silence_trimmed\p263\p263_017_mic2.flac,p263,1,1,0.4165692925453186,0.4165692925453186,0.31383347511291504,0.10273581743240356,3.674
lca,1,p263_017_mic2,p263,data\VCTK\wav48_silence_trimmed\p263\p263_017_mic2.flac,p364,0,1,0.3521883487701416,0.13951843976974487,0.3521883487701416,-0.21266990900039673,3.674
lca,2,p263_017_mic2,p263,data\VCTK\wav48_silence_trimmed\p263\p263_017_mic2.flac,p364,0,1,0.35415586829185486,0.276608943939209,0.35415586829185486,-0.07754692435264587,3.674
lca,3,p263_017_mic2,p263,data\VCTK\wav48_silence_trimmed\p263\p263_017_mic2.flac,p263,1,1,0.3150223195552826,0.3150223195552826,0.3075791895389557,0.007443130016326904,3.674
original,0,p263_331_mic1,p263,data\VCTK\wav48_silence_trimmed\p263\p263_331_mic1.flac,p263,1,1,0.6743115782737732,0.6743115782737732,0.31691884994506836,0.35739272832870483,4.1975625
base,1,p263_331_mic1,p263,data\VCTK\wav48_silence_trimmed\p263\p263_331_mic1.flac,p374,0,1,0.2917081117630005,0.05284392088651657,0.2917081117630005,-0.23886419087648392,4.1975625
base,2,p263_331_mic1,p263,data\VCTK\wav48_silence_trimmed\p263\p263_331_mic1.flac,p347,0,1,0.32428133487701416,0.26492840051651,0.32428133487701416,-0.05935293436050415,4.1975625
base,3,p263_331_mic1,p263,data\VCTK\wav48_silence_trimmed\p263\p263_331_mic1.flac,p347,0,1,0.3515966832637787,0.3388381004333496,0.3515966832637787,-0.012758582830429077,4.1975625
lca,1,p263_331_mic1,p263,data\VCTK\wav48_silence_trimmed\p263\p263_331_mic1.flac,p364,0,1,0.2739684581756592,0.08470413833856583,0.2739684581756592,-0.18926431983709335,4.1975625
lca,2,p263_331_mic1,p263,data\VCTK\wav48_silence_trimmed\p263\p263_331_mic1.flac,p259,0,1,0.3144879639148712,0.24211041629314423,0.3144879639148712,-0.07237754762172699,4.1975625
lca,3,p263_331_mic1,p263,data\VCTK\wav48_silence_trimmed\p263\p263_331_mic1.flac,p347,0,1,0.32771116495132446,0.23348663747310638,0.32771116495132446,-0.09422452747821808,4.1975625
original,0,p263_340_mic1,p263,data\VCTK\wav48_silence_trimmed\p263\p263_340_mic1.flac,p263,1,1,0.6918692588806152,0.6918692588806152,0.41384512186050415,0.2780241370201111,2.736
base,1,p263_340_mic1,p263,data\VCTK\wav48_silence_trimmed\p263\p263_340_mic1.flac,p364,0,0,0.23999527096748352,0.12713398039340973,0.23999527096748352,-0.11286129057407379,2.736
base,2,p263_340_mic1,p263,data\VCTK\wav48_silence_trimmed\p263\p263_340_mic1.flac,p364,0,1,0.2583935260772705,0.24150815606117249,0.2583935260772705,-0.016885370016098022,2.736
base,3,p263_340_mic1,p263,data\VCTK\wav48_silence_trimmed\p263\p263_340_mic1.flac,p364,0,1,0.38704508543014526,0.37404027581214905,0.38704508543014526,-0.013004809617996216,2.736
lca,1,p263_340_mic1,p263,data\VCTK\wav48_silence_trimmed\p263\p263_340_mic1.flac,p364,0,1,0.28070998191833496,0.13632795214653015,0.28070998191833496,-0.1443820297718048,2.736
lca,2,p263_340_mic1,p263,data\VCTK\wav48_silence_trimmed\p263\p263_340_mic1.flac,p364,0,1,0.3765868544578552,0.3027714192867279,0.3765868544578552,-0.07381543517112732,2.736
lca,3,p263_340_mic1,p263,data\VCTK\wav48_silence_trimmed\p263\p263_340_mic1.flac,p364,0,1,0.4192546010017395,0.3801715672016144,0.4192546010017395,-0.03908303380012512,2.736
original,0,p263_420_mic1,p263,data\VCTK\wav48_silence_trimmed\p263\p263_420_mic1.flac,p263,1,1,0.5890958309173584,0.5890958309173584,0.3671024739742279,0.2219933569431305,2.3200625
base,1,p263_420_mic1,p263,data\VCTK\wav48_silence_trimmed\p263\p263_420_mic1.flac,p316,0,1,0.32554832100868225,0.13388893008232117,0.32554832100868225,-0.19165939092636108,2.3200625
base,2,p263_420_mic1,p263,data\VCTK\wav48_silence_trimmed\p263\p263_420_mic1.flac,p292,0,1,0.36754176020622253,0.32218870520591736,0.36754176020622253,-0.045353055000305176,2.3200625
base,3,p263_420_mic1,p263,data\VCTK\wav48_silence_trimmed\p263\p263_420_mic1.flac,p263,1,1,0.4430674612522125,0.4430674612522125,0.3385525643825531,0.10451489686965942,2.3200625
lca,1,p263_420_mic1,p263,data\VCTK\wav48_silence_trimmed\p263\p263_420_mic1.flac,p364,0,1,0.3481121063232422,0.22638416290283203,0.3481121063232422,-0.12172794342041016,2.3200625
lca,2,p263_420_mic1,p263,data\VCTK\wav48_silence_trimmed\p263\p263_420_mic1.flac,p347,0,1,0.38384923338890076,0.3265581429004669,0.38384923338890076,-0.05729109048843384,2.3200625
lca,3,p263_420_mic1,p263,data\VCTK\wav48_silence_trimmed\p263\p263_420_mic1.flac,p347,0,1,0.43804821372032166,0.2893502712249756,0.43804821372032166,-0.14869794249534607,2.3200625
original,0,p263_459_mic2,p263,data\VCTK\wav48_silence_trimmed\p263\p263_459_mic2.flac,p263,1,1,0.6450105905532837,0.6450105905532837,0.3260517716407776,0.3189588189125061,2.180125
base,1,p263_459_mic2,p263,data\VCTK\wav48_silence_trimmed\p263\p263_459_mic2.flac,p305,0,1,0.2623385787010193,0.06234109774231911,0.2623385787010193,-0.19999748095870018,2.180125
base,2,p263_459_mic2,p263,data\VCTK\wav48_silence_trimmed\p263\p263_459_mic2.flac,p347,0,1,0.48873069882392883,0.18985557556152344,0.48873069882392883,-0.2988751232624054,2.180125
base,3,p263_459_mic2,p263,data\VCTK\wav48_silence_trimmed\p263\p263_459_mic2.flac,p347,0,1,0.4610503911972046,0.27995145320892334,0.4610503911972046,-0.18109893798828125,2.180125
lca,1,p263_459_mic2,p263,data\VCTK\wav48_silence_trimmed\p263\p263_459_mic2.flac,p281,0,1,0.31207650899887085,0.1419268250465393,0.31207650899887085,-0.17014968395233154,2.180125
lca,2,p263_459_mic2,p263,data\VCTK\wav48_silence_trimmed\p263\p263_459_mic2.flac,p347,0,1,0.33647727966308594,0.08772194385528564,0.33647727966308594,-0.2487553358078003,2.180125
lca,3,p263_459_mic2,p263,data\VCTK\wav48_silence_trimmed\p263\p263_459_mic2.flac,p347,0,1,0.4804617464542389,0.1816706657409668,0.4804617464542389,-0.2987910807132721,2.180125
original,0,p264_103_mic2,p264,data\VCTK\wav48_silence_trimmed\p264\p264_103_mic2.flac,p264,1,1,0.6792746782302856,0.6792746782302856,0.3524147570133209,0.3268599212169647,3.418625
base,1,p264_103_mic2,p264,data\VCTK\wav48_silence_trimmed\p264\p264_103_mic2.flac,p257,0,1,0.3479596972465515,0.18888753652572632,0.3479596972465515,-0.1590721607208252,3.418625
base,2,p264_103_mic2,p264,data\VCTK\wav48_silence_trimmed\p264\p264_103_mic2.flac,p293,0,1,0.357114315032959,0.3312634825706482,0.357114315032959,-0.02585083246231079,3.418625
base,3,p264_103_mic2,p264,data\VCTK\wav48_silence_trimmed\p264\p264_103_mic2.flac,p264,1,1,0.39858290553092957,0.39858290553092957,0.3614741861820221,0.03710871934890747,3.418625
lca,1,p264_103_mic2,p264,data\VCTK\wav48_silence_trimmed\p264\p264_103_mic2.flac,p340,0,1,0.2989586591720581,0.22452649474143982,0.2989586591720581,-0.07443216443061829,3.418625
lca,2,p264_103_mic2,p264,data\VCTK\wav48_silence_trimmed\p264\p264_103_mic2.flac,p264,1,1,0.3395845890045166,0.3395845890045166,0.30429109930992126,0.03529348969459534,3.418625
lca,3,p264_103_mic2,p264,data\VCTK\wav48_silence_trimmed\p264\p264_103_mic2.flac,p264,1,1,0.4514731764793396,0.4514731764793396,0.35058918595314026,0.10088399052619934,3.418625
original,0,p264_146_mic1,p264,data\VCTK\wav48_silence_trimmed\p264\p264_146_mic1.flac,p264,1,1,0.655275285243988,0.655275285243988,0.2953275144100189,0.3599477708339691,3.157875
base,1,p264_146_mic1,p264,data\VCTK\wav48_silence_trimmed\p264\p264_146_mic1.flac,p257,0,1,0.3090779781341553,0.24871303141117096,0.3090779781341553,-0.060364946722984314,3.157875
base,2,p264_146_mic1,p264,data\VCTK\wav48_silence_trimmed\p264\p264_146_mic1.flac,p264,1,1,0.3762325048446655,0.3762325048446655,0.29884740710258484,0.07738509774208069,3.157875
base,3,p264_146_mic1,p264,data\VCTK\wav48_silence_trimmed\p264\p264_146_mic1.flac,p264,1,1,0.43241947889328003,0.43241947889328003,0.2991982102394104,0.13322126865386963,3.157875
lca,1,p264_146_mic1,p264,data\VCTK\wav48_silence_trimmed\p264\p264_146_mic1.flac,p233,0,1,0.344778835773468,0.24383774399757385,0.344778835773468,-0.10094109177589417,3.157875
lca,2,p264_146_mic1,p264,data\VCTK\wav48_silence_trimmed\p264\p264_146_mic1.flac,p233,0,1,0.3890669345855713,0.32451725006103516,0.3890669345855713,-0.06454968452453613,3.157875
lca,3,p264_146_mic1,p264,data\VCTK\wav48_silence_trimmed\p264\p264_146_mic1.flac,p233,0,1,0.3891052007675171,0.3697792589664459,0.3891052007675171,-0.019325941801071167,3.157875
original,0,p264_154_mic1,p264,data\VCTK\wav48_silence_trimmed\p264\p264_154_mic1.flac,p264,1,1,0.718934953212738,0.718934953212738,0.33904677629470825,0.3798881769180298,4.228625
base,1,p264_154_mic1,p264,data\VCTK\wav48_silence_trimmed\p264\p264_154_mic1.flac,p262,0,1,0.38598987460136414,0.330282598733902,0.38598987460136414,-0.05570727586746216,4.228625
base,2,p264_154_mic1,p264,data\VCTK\wav48_silence_trimmed\p264\p264_154_mic1.flac,p262,0,1,0.3776106834411621,0.37561264634132385,0.3776106834411621,-0.001998037099838257,4.228625
base,3,p264_154_mic1,p264,data\VCTK\wav48_silence_trimmed\p264\p264_154_mic1.flac,p264,1,1,0.46967747807502747,0.46967747807502747,0.4263186454772949,0.043358832597732544,4.228625
lca,1,p264_154_mic1,p264,data\VCTK\wav48_silence_trimmed\p264\p264_154_mic1.flac,p280,0,1,0.38588374853134155,0.3195728361606598,0.38588374853134155,-0.06631091237068176,4.228625
lca,2,p264_154_mic1,p264,data\VCTK\wav48_silence_trimmed\p264\p264_154_mic1.flac,p233,0,1,0.4560900330543518,0.4158613383769989,0.4560900330543518,-0.040228694677352905,4.228625
lca,3,p264_154_mic1,p264,data\VCTK\wav48_silence_trimmed\p264\p264_154_mic1.flac,p264,1,1,0.45100802183151245,0.45100802183151245,0.41951942443847656,0.03148859739303589,4.228625
original,0,p264_357_mic2,p264,data\VCTK\wav48_silence_trimmed\p264\p264_357_mic2.flac,p264,1,1,0.49683183431625366,0.49683183431625366,0.3214375376701355,0.17539429664611816,2.309375
base,1,p264_357_mic2,p264,data\VCTK\wav48_silence_trimmed\p264\p264_357_mic2.flac,p262,0,1,0.3035287857055664,0.19513636827468872,0.3035287857055664,-0.10839241743087769,2.309375
base,2,p264_357_mic2,p264,data\VCTK\wav48_silence_trimmed\p264\p264_357_mic2.flac,p264,1,1,0.29920274019241333,0.29920274019241333,0.292087584733963,0.007115155458450317,2.309375
base,3,p264_357_mic2,p264,data\VCTK\wav48_silence_trimmed\p264\p264_357_mic2.flac,p264,1,1,0.2785952091217041,0.2785952091217041,0.26084837317466736,0.017746835947036743,2.309375
lca,1,p264_357_mic2,p264,data\VCTK\wav48_silence_trimmed\p264\p264_357_mic2.flac,p262,0,1,0.3139584958553314,0.3017672598361969,0.3139584958553314,-0.012191236019134521,2.309375
lca,2,p264_357_mic2,p264,data\VCTK\wav48_silence_trimmed\p264\p264_357_mic2.flac,p264,1,1,0.28698796033859253,0.28698796033859253,0.28414884209632874,0.002839118242263794,2.309375
lca,3,p264_357_mic2,p264,data\VCTK\wav48_silence_trimmed\p264\p264_357_mic2.flac,p264,1,1,0.315667986869812,0.315667986869812,0.284170538187027,0.031497448682785034,2.309375
original,0,p264_365_mic2,p264,data\VCTK\wav48_silence_trimmed\p264\p264_365_mic2.flac,p264,1,1,0.6700229644775391,0.6700229644775391,0.3549647927284241,0.315058171749115,5.593375
base,1,p264_365_mic2,p264,data\VCTK\wav48_silence_trimmed\p264\p264_365_mic2.flac,p264,1,1,0.37433844804763794,0.37433844804763794,0.35414811968803406,0.020190328359603882,5.593375
base,2,p264_365_mic2,p264,data\VCTK\wav48_silence_trimmed\p264\p264_365_mic2.flac,p264,1,1,0.40371930599212646,0.40371930599212646,0.34852880239486694,0.05519050359725952,5.593375
base,3,p264_365_mic2,p264,data\VCTK\wav48_silence_trimmed\p264\p264_365_mic2.flac,p264,1,1,0.4809598922729492,0.4809598922729492,0.3484693765640259,0.13249051570892334,5.593375
lca,1,p264_365_mic2,p264,data\VCTK\wav48_silence_trimmed\p264\p264_365_mic2.flac,p295,0,1,0.3369557857513428,0.33566099405288696,0.3369557857513428,-0.0012947916984558105,5.593375
lca,2,p264_365_mic2,p264,data\VCTK\wav48_silence_trimmed\p264\p264_365_mic2.flac,p264,1,1,0.44063061475753784,0.44063061475753784,0.39045295119285583,0.05017766356468201,5.593375
lca,3,p264_365_mic2,p264,data\VCTK\wav48_silence_trimmed\p264\p264_365_mic2.flac,p264,1,1,0.4840429425239563,0.4840429425239563,0.39586859941482544,0.08817434310913086,5.593375
original,0,p265_108_mic1,p265,data\VCTK\wav48_silence_trimmed\p265\p265_108_mic1.flac,p265,1,1,0.5744351148605347,0.5744351148605347,0.4268707036972046,0.14756441116333008,1.9329375
base,1,p265_108_mic1,p265,data\VCTK\wav48_silence_trimmed\p265\p265_108_mic1.flac,p233,0,1,0.3639427423477173,0.17513322830200195,0.3639427423477173,-0.18880951404571533,1.9329375
base,2,p265_108_mic1,p265,data\VCTK\wav48_silence_trimmed\p265\p265_108_mic1.flac,p262,0,1,0.3841565251350403,0.21834126114845276,0.3841565251350403,-0.16581526398658752,1.9329375
base,3,p265_108_mic1,p265,data\VCTK\wav48_silence_trimmed\p265\p265_108_mic1.flac,p293,0,1,0.3961004912853241,0.3052084445953369,0.3961004912853241,-0.09089204668998718,1.9329375
lca,1,p265_108_mic1,p265,data\VCTK\wav48_silence_trimmed\p265\p265_108_mic1.flac,p233,0,1,0.377834290266037,0.1924934834241867,0.377834290266037,-0.18534080684185028,1.9329375
lca,2,p265_108_mic1,p265,data\VCTK\wav48_silence_trimmed\p265\p265_108_mic1.flac,p262,0,1,0.4571284353733063,0.23410889506340027,0.4571284353733063,-0.223019540309906,1.9329375
lca,3,p265_108_mic1,p265,data\VCTK\wav48_silence_trimmed\p265\p265_108_mic1.flac,p262,0,1,0.436248242855072,0.24649696052074432,0.436248242855072,-0.1897512823343277,1.9329375
original,0,p265_230_mic2,p265,data\VCTK\wav48_silence_trimmed\p265\p265_230_mic2.flac,p265,1,1,0.800296425819397,0.800296425819397,0.4659571349620819,0.33433929085731506,5.0969375
base,1,p265_230_mic2,p265,data\VCTK\wav48_silence_trimmed\p265\p265_230_mic2.flac,p339,0,1,0.3404342532157898,0.27968984842300415,0.3404342532157898,-0.060744404792785645,5.0969375
base,2,p265_230_mic2,p265,data\VCTK\wav48_silence_trimmed\p265\p265_230_mic2.flac,p265,1,1,0.45181894302368164,0.45181894302368164,0.40370503067970276,0.04811391234397888,5.0969375
base,3,p265_230_mic2,p265,data\VCTK\wav48_silence_trimmed\p265\p265_230_mic2.flac,p265,1,1,0.5493670105934143,0.5493670105934143,0.4211077094078064,0.1282593011856079,5.0969375
lca,1,p265_230_mic2,p265,data\VCTK\wav48_silence_trimmed\p265\p265_230_mic2.flac,p280,0,1,0.38367971777915955,0.31469008326530457,0.38367971777915955,-0.06898963451385498,5.0969375
lca,2,p265_230_mic2,p265,data\VCTK\wav48_silence_trimmed\p265\p265_230_mic2.flac,p265,1,1,0.47002485394477844,0.47002485394477844,0.4545432925224304,0.015481561422348022,5.0969375
lca,3,p265_230_mic2,p265,data\VCTK\wav48_silence_trimmed\p265\p265_230_mic2.flac,p265,1,1,0.4953792095184326,0.4953792095184326,0.45670151710510254,0.03867769241333008,5.0969375
original,0,p265_236_mic2,p265,data\VCTK\wav48_silence_trimmed\p265\p265_236_mic2.flac,p265,1,1,0.713126540184021,0.713126540184021,0.39588603377342224,0.31724050641059875,4.151625
base,1,p265_236_mic2,p265,data\VCTK\wav48_silence_trimmed\p265\p265_236_mic2.flac,p280,0,1,0.3641155958175659,0.3332335948944092,0.3641155958175659,-0.03088200092315674,4.151625
base,2,p265_236_mic2,p265,data\VCTK\wav48_silence_trimmed\p265\p265_236_mic2.flac,p265,1,1,0.37841564416885376,0.37841564416885376,0.34194499254226685,0.036470651626586914,4.151625
base,3,p265_236_mic2,p265,data\VCTK\wav48_silence_trimmed\p265\p265_236_mic2.flac,p265,1,1,0.45092833042144775,0.45092833042144775,0.3829357624053955,0.06799256801605225,4.151625
lca,1,p265_236_mic2,p265,data\VCTK\wav48_silence_trimmed\p265\p265_236_mic2.flac,p280,0,1,0.4005957543849945,0.34429410099983215,0.4005957543849945,-0.056301653385162354,4.151625
lca,2,p265_236_mic2,p265,data\VCTK\wav48_silence_trimmed\p265\p265_236_mic2.flac,p280,0,1,0.45427095890045166,0.35365062952041626,0.45427095890045166,-0.1006203293800354,4.151625
lca,3,p265_236_mic2,p265,data\VCTK\wav48_silence_trimmed\p265\p265_236_mic2.flac,p280,0,1,0.45096302032470703,0.39385759830474854,0.45096302032470703,-0.057105422019958496,4.151625
original,0,p265_278_mic1,p265,data\VCTK\wav48_silence_trimmed\p265\p265_278_mic1.flac,p265,1,1,0.6045272350311279,0.6045272350311279,0.37249889969825745,0.23202833533287048,2.407125
base,1,p265_278_mic1,p265,data\VCTK\wav48_silence_trimmed\p265\p265_278_mic1.flac,p301,0,1,0.3440845310688019,0.17565441131591797,0.3440845310688019,-0.1684301197528839,2.407125
base,2,p265_278_mic1,p265,data\VCTK\wav48_silence_trimmed\p265\p265_278_mic1.flac,p233,0,1,0.40775126218795776,0.33052873611450195,0.40775126218795776,-0.07722252607345581,2.407125
base,3,p265_278_mic1,p265,data\VCTK\wav48_silence_trimmed\p265\p265_278_mic1.flac,p233,0,1,0.4694952964782715,0.4394402801990509,0.4694952964782715,-0.03005501627922058,2.407125
lca,1,p265_278_mic1,p265,data\VCTK\wav48_silence_trimmed\p265\p265_278_mic1.flac,p308,0,1,0.33947086334228516,0.20361444354057312,0.33947086334228516,-0.13585641980171204,2.407125
lca,2,p265_278_mic1,p265,data\VCTK\wav48_silence_trimmed\p265\p265_278_mic1.flac,p280,0,1,0.4473896324634552,0.27666372060775757,0.4473896324634552,-0.17072591185569763,2.407125
lca,3,p265_278_mic1,p265,data\VCTK\wav48_silence_trimmed\p265\p265_278_mic1.flac,p340,0,1,0.44141581654548645,0.2819098234176636,0.44141581654548645,-0.15950599312782288,2.407125
original,0,p265_289_mic2,p265,data\VCTK\wav48_silence_trimmed\p265\p265_289_mic2.flac,p265,1,1,0.8846037983894348,0.8846037983894348,0.5077924132347107,0.3768113851547241,5.134875
base,1,p265_289_mic2,p265,data\VCTK\wav48_silence_trimmed\p265\p265_289_mic2.flac,p293,0,1,0.42931467294692993,0.27611044049263,0.42931467294692993,-0.15320423245429993,5.134875
base,2,p265_289_mic2,p265,data\VCTK\wav48_silence_trimmed\p265\p265_289_mic2.flac,p253,0,1,0.47513842582702637,0.4597855806350708,0.47513842582702637,-0.015352845191955566,5.134875
base,3,p265_289_mic2,p265,data\VCTK\wav48_silence_trimmed\p265\p265_289_mic2.flac,p265,1,1,0.5506948232650757,0.5506948232650757,0.47089552879333496,0.07979929447174072,5.134875
lca,1,p265_289_mic2,p265,data\VCTK\wav48_silence_trimmed\p265\p265_289_mic2.flac,p280,0,1,0.4161251187324524,0.3254869878292084,0.4161251187324524,-0.09063813090324402,5.134875
lca,2,p265_289_mic2,p265,data\VCTK\wav48_silence_trimmed\p265\p265_289_mic2.flac,p280,0,1,0.4654484689235687,0.43466222286224365,0.4654484689235687,-0.030786246061325073,5.134875
lca,3,p265_289_mic2,p265,data\VCTK\wav48_silence_trimmed\p265\p265_289_mic2.flac,p265,1,1,0.5310242176055908,0.5310242176055908,0.5197492837905884,0.011274933815002441,5.134875
original,0,p266_013_mic2,p266,data\VCTK\wav48_silence_trimmed\p266\p266_013_mic2.flac,p266,1,1,0.6679666638374329,0.6679666638374329,0.4269370436668396,0.24102962017059326,4.39975
base,1,p266_013_mic2,p266,data\VCTK\wav48_silence_trimmed\p266\p266_013_mic2.flac,p330,0,1,0.3370090126991272,0.2248779833316803,0.3370090126991272,-0.1121310293674469,4.39975
base,2,p266_013_mic2,p266,data\VCTK\wav48_silence_trimmed\p266\p266_013_mic2.flac,p280,0,1,0.3735637068748474,0.34345126152038574,0.3735637068748474,-0.03011244535446167,4.39975
base,3,p266_013_mic2,p266,data\VCTK\wav48_silence_trimmed\p266\p266_013_mic2.flac,p266,1,1,0.4122750163078308,0.4122750163078308,0.35921093821525574,0.05306407809257507,4.39975
lca,1,p266_013_mic2,p266,data\VCTK\wav48_silence_trimmed\p266\p266_013_mic2.flac,p339,0,1,0.3691541850566864,0.27778834104537964,0.3691541850566864,-0.09136584401130676,4.39975
lca,2,p266_013_mic2,p266,data\VCTK\wav48_silence_trimmed\p266\p266_013_mic2.flac,p339,0,1,0.4054138660430908,0.3743617832660675,0.4054138660430908,-0.031052082777023315,4.39975
lca,3,p266_013_mic2,p266,data\VCTK\wav48_silence_trimmed\p266\p266_013_mic2.flac,p299,0,1,0.416828453540802,0.37948957085609436,0.416828453540802,-0.03733888268470764,4.39975
original,0,p266_061_mic1,p266,data\VCTK\wav48_silence_trimmed\p266\p266_061_mic1.flac,p266,1,1,0.7102357149124146,0.7102357149124146,0.4324879050254822,0.2777478098869324,2.826
base,1,p266_061_mic1,p266,data\VCTK\wav48_silence_trimmed\p266\p266_061_mic1.flac,p293,0,1,0.4110252261161804,0.25302278995513916,0.4110252261161804,-0.15800243616104126,2.826
base,2,p266_061_mic1,p266,data\VCTK\wav48_silence_trimmed\p266\p266_061_mic1.flac,p312,0,1,0.3540955185890198,0.3277074694633484,0.3540955185890198,-0.026388049125671387,2.826
base,3,p266_061_mic1,p266,data\VCTK\wav48_silence_trimmed\p266\p266_061_mic1.flac,p293,0,1,0.3560354709625244,0.31555306911468506,0.3560354709625244,-0.040482401847839355,2.826
lca,1,p266_061_mic1,p266,data\VCTK\wav48_silence_trimmed\p266\p266_061_mic1.flac,p339,0,1,0.3543662428855896,0.2877224087715149,0.3543662428855896,-0.06664383411407471,2.826
lca,2,p266_061_mic1,p266,data\VCTK\wav48_silence_trimmed\p266\p266_061_mic1.flac,p299,0,1,0.46516042947769165,0.33448946475982666,0.46516042947769165,-0.130670964717865,2.826
lca,3,p266_061_mic1,p266,data\VCTK\wav48_silence_trimmed\p266\p266_061_mic1.flac,p299,0,1,0.4577491879463196,0.3562687337398529,0.4577491879463196,-0.10148045420646667,2.826
original,0,p266_240_mic2,p266,data\VCTK\wav48_silence_trimmed\p266\p266_240_mic2.flac,p266,1,1,0.619940996170044,0.619940996170044,0.3883276581764221,0.23161333799362183,1.88125
base,1,p266_240_mic2,p266,data\VCTK\wav48_silence_trimmed\p266\p266_240_mic2.flac,p280,0,1,0.30776622891426086,0.1989457756280899,0.30776622891426086,-0.10882045328617096,1.88125
base,2,p266_240_mic2,p266,data\VCTK\wav48_silence_trimmed\p266\p266_240_mic2.flac,p339,0,1,0.31484824419021606,0.23523767292499542,0.31484824419021606,-0.07961057126522064,1.88125
base,3,p266_240_mic2,p266,data\VCTK\wav48_silence_trimmed\p266\p266_240_mic2.flac,p339,0,1,0.32309529185295105,0.3107061982154846,0.32309529185295105,-0.01238909363746643,1.88125
lca,1,p266_240_mic2,p266,data\VCTK\wav48_silence_trimmed\p266\p266_240_mic2.flac,p264,0,1,0.31272345781326294,0.25816741585731506,0.31272345781326294,-0.054556041955947876,1.88125
lca,2,p266_240_mic2,p266,data\VCTK\wav48_silence_trimmed\p266\p266_240_mic2.flac,p340,0,1,0.3626611828804016,0.24346202611923218,0.3626611828804016,-0.11919915676116943,1.88125
lca,3,p266_240_mic2,p266,data\VCTK\wav48_silence_trimmed\p266\p266_240_mic2.flac,p340,0,1,0.4076569676399231,0.2898472547531128,0.4076569676399231,-0.1178097128868103,1.88125
original,0,p266_381_mic2,p266,data\VCTK\wav48_silence_trimmed\p266\p266_381_mic2.flac,p266,1,1,0.6735885143280029,0.6735885143280029,0.43086111545562744,0.2427273988723755,2.693375
base,1,p266_381_mic2,p266,data\VCTK\wav48_silence_trimmed\p266\p266_381_mic2.flac,p301,0,1,0.389268159866333,0.23035919666290283,0.389268159866333,-0.15890896320343018,2.693375
base,2,p266_381_mic2,p266,data\VCTK\wav48_silence_trimmed\p266\p266_381_mic2.flac,p233,0,1,0.40991541743278503,0.31242117285728455,0.40991541743278503,-0.09749424457550049,2.693375
base,3,p266_381_mic2,p266,data\VCTK\wav48_silence_trimmed\p266\p266_381_mic2.flac,p280,0,1,0.4514966905117035,0.32548221945762634,0.4514966905117035,-0.12601447105407715,2.693375
lca,1,p266_381_mic2,p266,data\VCTK\wav48_silence_trimmed\p266\p266_381_mic2.flac,p280,0,1,0.3857397437095642,0.18907301127910614,0.3857397437095642,-0.19666673243045807,2.693375
lca,2,p266_381_mic2,p266,data\VCTK\wav48_silence_trimmed\p266\p266_381_mic2.flac,p280,0,1,0.41418400406837463,0.31996703147888184,0.41418400406837463,-0.0942169725894928,2.693375
lca,3,p266_381_mic2,p266,data\VCTK\wav48_silence_trimmed\p266\p266_381_mic2.flac,p280,0,1,0.45700952410697937,0.3520480692386627,0.45700952410697937,-0.10496145486831665,2.693375
original,0,p266_420_mic1,p266,data\VCTK\wav48_silence_trimmed\p266\p266_420_mic1.flac,p266,1,1,0.6702806949615479,0.6702806949615479,0.486542671918869,0.18373802304267883,2.2395
base,1,p266_420_mic1,p266,data\VCTK\wav48_silence_trimmed\p266\p266_420_mic1.flac,p250,0,1,0.3258635103702545,0.12726864218711853,0.3258635103702545,-0.198594868183136,2.2395
base,2,p266_420_mic1,p266,data\VCTK\wav48_silence_trimmed\p266\p266_420_mic1.flac,p280,0,1,0.27440714836120605,0.13682818412780762,0.27440714836120605,-0.13757896423339844,2.2395
base,3,p266_420_mic1,p266,data\VCTK\wav48_silence_trimmed\p266\p266_420_mic1.flac,p280,0,1,0.40335503220558167,0.32429468631744385,0.40335503220558167,-0.07906034588813782,2.2395
lca,1,p266_420_mic1,p266,data\VCTK\wav48_silence_trimmed\p266\p266_420_mic1.flac,p293,0,1,0.31748753786087036,0.15082937479019165,0.31748753786087036,-0.1666581630706787,2.2395
lca,2,p266_420_mic1,p266,data\VCTK\wav48_silence_trimmed\p266\p266_420_mic1.flac,p280,0,1,0.3975933790206909,0.23280000686645508,0.3975933790206909,-0.16479337215423584,2.2395
lca,3,p266_420_mic1,p266,data\VCTK\wav48_silence_trimmed\p266\p266_420_mic1.flac,p340,0,1,0.4024704694747925,0.37478601932525635,0.4024704694747925,-0.027684450149536133,2.2395
original,0,p267_016_mic2,p267,data\VCTK\wav48_silence_trimmed\p267\p267_016_mic2.flac,p267,1,1,0.803648829460144,0.803648829460144,0.45179006457328796,0.3518587648868561,6.403875
base,1,p267_016_mic2,p267,data\VCTK\wav48_silence_trimmed\p267\p267_016_mic2.flac,p262,0,1,0.32690396904945374,0.26535463333129883,0.32690396904945374,-0.06154933571815491,6.403875
base,2,p267_016_mic2,p267,data\VCTK\wav48_silence_trimmed\p267\p267_016_mic2.flac,p267,1,1,0.49125730991363525,0.49125730991363525,0.4575786590576172,0.033678650856018066,6.403875
base,3,p267_016_mic2,p267,data\VCTK\wav48_silence_trimmed\p267\p267_016_mic2.flac,p267,1,1,0.569985032081604,0.569985032081604,0.47454583644866943,0.09543919563293457,6.403875
lca,1,p267_016_mic2,p267,data\VCTK\wav48_silence_trimmed\p267\p267_016_mic2.flac,p280,0,1,0.3697769045829773,0.29949432611465454,0.3697769045829773,-0.07028257846832275,6.403875
lca,2,p267_016_mic2,p267,data\VCTK\wav48_silence_trimmed\p267\p267_016_mic2.flac,p280,0,1,0.4521186947822571,0.43097221851348877,0.4521186947822571,-0.02114647626876831,6.403875
lca,3,p267_016_mic2,p267,data\VCTK\wav48_silence_trimmed\p267\p267_016_mic2.flac,p280,0,1,0.5142155885696411,0.5110167264938354,0.5142155885696411,-0.003198862075805664,6.403875
original,0,p267_037_mic1,p267,data\VCTK\wav48_silence_trimmed\p267\p267_037_mic1.flac,p267,1,1,0.7488822340965271,0.7488822340965271,0.46658098697662354,0.28230124711990356,3.329875
base,1,p267_037_mic1,p267,data\VCTK\wav48_silence_trimmed\p267\p267_037_mic1.flac,p264,0,1,0.2922213673591614,0.20833534002304077,0.2922213673591614,-0.0838860273361206,3.329875
base,2,p267_037_mic1,p267,data\VCTK\wav48_silence_trimmed\p267\p267_037_mic1.flac,p262,0,1,0.489475816488266,0.4238707423210144,0.489475816488266,-0.06560507416725159,3.329875
base,3,p267_037_mic1,p267,data\VCTK\wav48_silence_trimmed\p267\p267_037_mic1.flac,p267,1,1,0.5067367553710938,0.5067367553710938,0.4678358733654022,0.03890088200569153,3.329875
lca,1,p267_037_mic1,p267,data\VCTK\wav48_silence_trimmed\p267\p267_037_mic1.flac,p280,0,1,0.3494560122489929,0.2938106060028076,0.3494560122489929,-0.0556454062461853,3.329875
lca,2,p267_037_mic1,p267,data\VCTK\wav48_silence_trimmed\p267\p267_037_mic1.flac,p267,1,1,0.4904693067073822,0.4904693067073822,0.4713262915611267,0.019143015146255493,3.329875
lca,3,p267_037_mic1,p267,data\VCTK\wav48_silence_trimmed\p267\p267_037_mic1.flac,p267,1,1,0.4937674403190613,0.4937674403190613,0.467912495136261,0.025854945182800293,3.329875
original,0,p267_154_mic1,p267,data\VCTK\wav48_silence_trimmed\p267\p267_154_mic1.flac,p267,1,1,0.6380623579025269,0.6380623579025269,0.43133044242858887,0.206731915473938,2.1770625
base,1,p267_154_mic1,p267,data\VCTK\wav48_silence_trimmed\p267\p267_154_mic1.flac,p301,0,1,0.3137461543083191,0.21584083139896393,0.3137461543083191,-0.09790532290935516,2.1770625
base,2,p267_154_mic1,p267,data\VCTK\wav48_silence_trimmed\p267\p267_154_mic1.flac,p301,0,1,0.4510866403579712,0.3677136301994324,0.4510866403579712,-0.08337301015853882,2.1770625
base,3,p267_154_mic1,p267,data\VCTK\wav48_silence_trimmed\p267\p267_154_mic1.flac,p267,1,1,0.46431416273117065,0.46431416273117065,0.43586230278015137,0.028451859951019287,2.1770625
lca,1,p267_154_mic1,p267,data\VCTK\wav48_silence_trimmed\p267\p267_154_mic1.flac,p262,0,1,0.3793417811393738,0.332034170627594,0.3793417811393738,-0.047307610511779785,2.1770625
lca,2,p267_154_mic1,p267,data\VCTK\wav48_silence_trimmed\p267\p267_154_mic1.flac,p340,0,1,0.4321994185447693,0.3766849637031555,0.4321994185447693,-0.05551445484161377,2.1770625
lca,3,p267_154_mic1,p267,data\VCTK\wav48_silence_trimmed\p267\p267_154_mic1.flac,p340,0,1,0.5006697177886963,0.4500924050807953,0.5006697177886963,-0.050577312707901,2.1770625
original,0,p267_247_mic1,p267,data\VCTK\wav48_silence_trimmed\p267\p267_247_mic1.flac,p267,1,1,0.7768781185150146,0.7768781185150146,0.44931840896606445,0.3275597095489502,2.886375
base,1,p267_247_mic1,p267,data\VCTK\wav48_silence_trimmed\p267\p267_247_mic1.flac,p330,0,1,0.30673372745513916,0.2144170105457306,0.30673372745513916,-0.09231671690940857,2.886375
base,2,p267_247_mic1,p267,data\VCTK\wav48_silence_trimmed\p267\p267_247_mic1.flac,p267,1,1,0.3300706148147583,0.3300706148147583,0.3186030387878418,0.011467576026916504,2.886375
base,3,p267_247_mic1,p267,data\VCTK\wav48_silence_trimmed\p267\p267_247_mic1.flac,p267,1,1,0.5049718618392944,0.5049718618392944,0.4127512574195862,0.09222060441970825,2.886375
lca,1,p267_247_mic1,p267,data\VCTK\wav48_silence_trimmed\p267\p267_247_mic1.flac,p264,0,1,0.3195907771587372,0.2869778573513031,0.3195907771587372,-0.03261291980743408,2.886375
lca,2,p267_247_mic1,p267,data\VCTK\wav48_silence_trimmed\p267\p267_247_mic1.flac,p313,0,1,0.40192675590515137,0.3648574650287628,0.40192675590515137,-0.03706929087638855,2.886375
lca,3,p267_247_mic1,p267,data\VCTK\wav48_silence_trimmed\p267\p267_247_mic1.flac,p267,1,1,0.43111181259155273,0.43111181259155273,0.4008985757827759,0.030213236808776855,2.886375
original,0,p267_340_mic1,p267,data\VCTK\wav48_silence_trimmed\p267\p267_340_mic1.flac,p267,1,1,0.7580698132514954,0.7580698132514954,0.5006019473075867,0.2574678659439087,2.64975
base,1,p267_340_mic1,p267,data\VCTK\wav48_silence_trimmed\p267\p267_340_mic1.flac,p262,0,1,0.39597105979919434,0.21257293224334717,0.39597105979919434,-0.18339812755584717,2.64975
base,2,p267_340_mic1,p267,data\VCTK\wav48_silence_trimmed\p267\p267_340_mic1.flac,p262,0,1,0.45169347524642944,0.3831329941749573,0.45169347524642944,-0.06856048107147217,2.64975
base,3,p267_340_mic1,p267,data\VCTK\wav48_silence_trimmed\p267\p267_340_mic1.flac,p262,0,1,0.47140219807624817,0.442025363445282,0.47140219807624817,-0.029376834630966187,2.64975
lca,1,p267_340_mic1,p267,data\VCTK\wav48_silence_trimmed\p267\p267_340_mic1.flac,p280,0,1,0.4742943048477173,0.3378413915634155,0.4742943048477173,-0.13645291328430176,2.64975
lca,2,p267_340_mic1,p267,data\VCTK\wav48_silence_trimmed\p267\p267_340_mic1.flac,p280,0,1,0.5135821104049683,0.36832302808761597,0.5135821104049683,-0.1452590823173523,2.64975
lca,3,p267_340_mic1,p267,data\VCTK\wav48_silence_trimmed\p267\p267_340_mic1.flac,p280,0,1,0.5194884538650513,0.38037675619125366,0.5194884538650513,-0.1391116976737976,2.64975
original,0,p268_004_mic2,p268,data\VCTK\wav48_silence_trimmed\p268\p268_004_mic2.flac,p268,1,1,0.7780570983886719,0.7780570983886719,0.4459921717643738,0.3320649266242981,5.3388125
base,1,p268_004_mic2,p268,data\VCTK\wav48_silence_trimmed\p268\p268_004_mic2.flac,p301,0,1,0.3732880651950836,0.3133746087551117,0.3732880651950836,-0.059913456439971924,5.3388125
base,2,p268_004_mic2,p268,data\VCTK\wav48_silence_trimmed\p268\p268_004_mic2.flac,p230,0,1,0.4325988292694092,0.35081568360328674,0.4325988292694092,-0.08178314566612244,5.3388125
base,3,p268_004_mic2,p268,data\VCTK\wav48_silence_trimmed\p268\p268_004_mic2.flac,p230,0,1,0.48915383219718933,0.4154031574726105,0.48915383219718933,-0.07375067472457886,5.3388125
lca,1,p268_004_mic2,p268,data\VCTK\wav48_silence_trimmed\p268\p268_004_mic2.flac,p250,0,1,0.37078577280044556,0.2589375376701355,0.37078577280044556,-0.11184823513031006,5.3388125
lca,2,p268_004_mic2,p268,data\VCTK\wav48_silence_trimmed\p268\p268_004_mic2.flac,p340,0,1,0.4690655469894409,0.30442577600479126,0.4690655469894409,-0.16463977098464966,5.3388125
lca,3,p268_004_mic2,p268,data\VCTK\wav48_silence_trimmed\p268\p268_004_mic2.flac,p340,0,1,0.5006285309791565,0.31823235750198364,0.5006285309791565,-0.18239617347717285,5.3388125
original,0,p268_149_mic1,p268,data\VCTK\wav48_silence_trimmed\p268\p268_149_mic1.flac,p268,1,1,0.8147423267364502,0.8147423267364502,0.4441276490688324,0.3706146776676178,5.454875
base,1,p268_149_mic1,p268,data\VCTK\wav48_silence_trimmed\p268\p268_149_mic1.flac,p262,0,1,0.3373643159866333,0.28992974758148193,0.3373643159866333,-0.04743456840515137,5.454875
base,2,p268_149_mic1,p268,data\VCTK\wav48_silence_trimmed\p268\p268_149_mic1.flac,p268,1,1,0.3997982144355774,0.3997982144355774,0.3533393442630768,0.04645887017250061,5.454875
base,3,p268_149_mic1,p268,data\VCTK\wav48_silence_trimmed\p268\p268_149_mic1.flac,p268,1,1,0.46963146328926086,0.46963146328926086,0.39240729808807373,0.07722416520118713,5.454875
lca,1,p268_149_mic1,p268,data\VCTK\wav48_silence_trimmed\p268\p268_149_mic1.flac,p280,0,1,0.40973061323165894,0.2419518083333969,0.40973061323165894,-0.16777880489826202,5.454875
lca,2,p268_149_mic1,p268,data\VCTK\wav48_silence_trimmed\p268\p268_149_mic1.flac,p280,0,1,0.49150168895721436,0.3638952076435089,0.49150168895721436,-0.12760648131370544,5.454875
lca,3,p268_149_mic1,p268,data\VCTK\wav48_silence_trimmed\p268\p268_149_mic1.flac,p280,0,1,0.5140808820724487,0.3798014223575592,0.5140808820724487,-0.13427945971488953,5.454875
original,0,p268_192_mic1,p268,data\VCTK\wav48_silence_trimmed\p268\p268_192_mic1.flac,p268,1,1,0.7894433736801147,0.7894433736801147,0.3914484977722168,0.39799487590789795,3.535625
base,1,p268_192_mic1,p268,data\VCTK\wav48_silence_trimmed\p268\p268_192_mic1.flac,p262,0,1,0.32619181275367737,0.27938082814216614,0.32619181275367737,-0.04681098461151123,3.535625
base,2,p268_192_mic1,p268,data\VCTK\wav48_silence_trimmed\p268\p268_192_mic1.flac,p268,1,1,0.555473804473877,0.555473804473877,0.3390413522720337,0.21643245220184326,3.535625
base,3,p268_192_mic1,p268,data\VCTK\wav48_silence_trimmed\p268\p268_192_mic1.flac,p268,1,1,0.5642356872558594,0.5642356872558594,0.3715633749961853,0.19267231225967407,3.535625
lca,1,p268_192_mic1,p268,data\VCTK\wav48_silence_trimmed\p268\p268_192_mic1.flac,p314,0,1,0.3863619863986969,0.24156896770000458,0.3863619863986969,-0.14479301869869232,3.535625
lca,2,p268_192_mic1,p268,data\VCTK\wav48_silence_trimmed\p268\p268_192_mic1.flac,p314,0,1,0.4513617753982544,0.3479424715042114,0.4513617753982544,-0.10341930389404297,3.535625
lca,3,p268_192_mic1,p268,data\VCTK\wav48_silence_trimmed\p268\p268_192_mic1.flac,p314,0,1,0.48267266154289246,0.40741032361984253,0.48267266154289246,-0.07526233792304993,3.535625
original,0,p268_221_mic1,p268,data\VCTK\wav48_silence_trimmed\p268\p268_221_mic1.flac,p268,1,1,0.7388138771057129,0.7388138771057129,0.39213475584983826,0.34667912125587463,3.94275
base,1,p268_221_mic1,p268,data\VCTK\wav48_silence_trimmed\p268\p268_221_mic1.flac,p301,0,1,0.2961118221282959,0.2897738218307495,0.2961118221282959,-0.006338000297546387,3.94275
base,2,p268_221_mic1,p268,data\VCTK\wav48_silence_trimmed\p268\p268_221_mic1.flac,p268,1,1,0.5090423822402954,0.5090423822402954,0.4432018995285034,0.06584048271179199,3.94275
base,3,p268_221_mic1,p268,data\VCTK\wav48_silence_trimmed\p268\p268_221_mic1.flac,p268,1,1,0.5104979872703552,0.5104979872703552,0.45737987756729126,0.053118109703063965,3.94275
lca,1,p268_221_mic1,p268,data\VCTK\wav48_silence_trimmed\p268\p268_221_mic1.flac,p262,0,1,0.3204349875450134,0.21069218218326569,0.3204349875450134,-0.10974280536174774,3.94275
lca,2,p268_221_mic1,p268,data\VCTK\wav48_silence_trimmed\p268\p268_221_mic1.flac,p340,0,1,0.4812762439250946,0.3808809220790863,0.4812762439250946,-0.1003953218460083,3.94275
lca,3,p268_221_mic1,p268,data\VCTK\wav48_silence_trimmed\p268\p268_221_mic1.flac,p340,0,1,0.5306599140167236,0.37935322523117065,0.5306599140167236,-0.15130668878555298,3.94275
original,0,p268_362_mic1,p268,data\VCTK\wav48_silence_trimmed\p268\p268_362_mic1.flac,p268,1,1,0.8075417280197144,0.8075417280197144,0.37137341499328613,0.4361683130264282,4.0573125
base,1,p268_362_mic1,p268,data\VCTK\wav48_silence_trimmed\p268\p268_362_mic1.flac,p268,1,1,0.4618985652923584,0.4618985652923584,0.3941080570220947,0.06779050827026367,4.0573125
base,2,p268_362_mic1,p268,data\VCTK\wav48_silence_trimmed\p268\p268_362_mic1.flac,p268,1,1,0.5660791397094727,0.5660791397094727,0.4298756718635559,0.13620346784591675,4.0573125
base,3,p268_362_mic1,p268,data\VCTK\wav48_silence_trimmed\p268\p268_362_mic1.flac,p268,1,1,0.5809066295623779,0.5809066295623779,0.43338942527770996,0.14751720428466797,4.0573125
lca,1,p268_362_mic1,p268,data\VCTK\wav48_silence_trimmed\p268\p268_362_mic1.flac,p230,0,1,0.3935391902923584,0.2908955216407776,0.3935391902923584,-0.10264366865158081,4.0573125
lca,2,p268_362_mic1,p268,data\VCTK\wav48_silence_trimmed\p268\p268_362_mic1.flac,p268,1,1,0.4429985582828522,0.4429985582828522,0.44024866819381714,0.002749890089035034,4.0573125
lca,3,p268_362_mic1,p268,data\VCTK\wav48_silence_trimmed\p268\p268_362_mic1.flac,p250,0,1,0.5039244294166565,0.4876948595046997,0.5039244294166565,-0.016229569911956787,4.0573125
original,0,p269_085_mic1,p269,data\VCTK\wav48_silence_trimmed\p269\p269_085_mic1.flac,p269,1,1,0.72175532579422,0.72175532579422,0.5229227542877197,0.19883257150650024,3.9683125
base,1,p269_085_mic1,p269,data\VCTK\wav48_silence_trimmed\p269\p269_085_mic1.flac,p233,0,1,0.3310590088367462,0.26814308762550354,0.3310590088367462,-0.06291592121124268,3.9683125
base,2,p269_085_mic1,p269,data\VCTK\wav48_silence_trimmed\p269\p269_085_mic1.flac,p269,1,1,0.3856162428855896,0.3856162428855896,0.37879669666290283,0.006819546222686768,3.9683125
base,3,p269_085_mic1,p269,data\VCTK\wav48_silence_trimmed\p269\p269_085_mic1.flac,p269,1,1,0.42845720052719116,0.42845720052719116,0.39429971575737,0.03415748476982117,3.9683125
lca,1,p269_085_mic1,p269,data\VCTK\wav48_silence_trimmed\p269\p269_085_mic1.flac,p262,0,1,0.4119318127632141,0.29417550563812256,0.4119318127632141,-0.11775630712509155,3.9683125
lca,2,p269_085_mic1,p269,data\VCTK\wav48_silence_trimmed\p269\p269_085_mic1.flac,p280,0,1,0.4570193290710449,0.36691439151763916,0.4570193290710449,-0.09010493755340576,3.9683125
lca,3,p269_085_mic1,p269,data\VCTK\wav48_silence_trimmed\p269\p269_085_mic1.flac,p280,0,1,0.4562428593635559,0.38944604992866516,0.4562428593635559,-0.06679680943489075,3.9683125
original,0,p269_181_mic2,p269,data\VCTK\wav48_silence_trimmed\p269\p269_181_mic2.flac,p269,1,1,0.8583247661590576,0.8583247661590576,0.6085134744644165,0.2498112916946411,3.8086875
base,1,p269_181_mic2,p269,data\VCTK\wav48_silence_trimmed\p269\p269_181_mic2.flac,p249,0,1,0.36895203590393066,0.297664612531662,0.36895203590393066,-0.07128742337226868,3.8086875
base,2,p269_181_mic2,p269,data\VCTK\wav48_silence_trimmed\p269\p269_181_mic2.flac,p269,1,1,0.40529823303222656,0.40529823303222656,0.40324631333351135,0.00205191969871521,3.8086875
base,3,p269_181_mic2,p269,data\VCTK\wav48_silence_trimmed\p269\p269_181_mic2.flac,p269,1,1,0.48684805631637573,0.48684805631637573,0.44054874777793884,0.04629930853843689,3.8086875
lca,1,p269_181_mic2,p269,data\VCTK\wav48_silence_trimmed\p269\p269_181_mic2.flac,p267,0,1,0.3782510459423065,0.3362607955932617,0.3782510459423065,-0.0419902503490448,3.8086875
lca,2,p269_181_mic2,p269,data\VCTK\wav48_silence_trimmed\p269\p269_181_mic2.flac,p280,0,1,0.434232234954834,0.3714984059333801,0.434232234954834,-0.06273382902145386,3.8086875
lca,3,p269_181_mic2,p269,data\VCTK\wav48_silence_trimmed\p269\p269_181_mic2.flac,p280,0,1,0.4987521767616272,0.4188639521598816,0.4987521767616272,-0.0798882246017456,3.8086875
original,0,p269_193_mic1,p269,data\VCTK\wav48_silence_trimmed\p269\p269_193_mic1.flac,p269,1,1,0.8018105626106262,0.8018105626106262,0.5798702239990234,0.22194033861160278,3.1620625
base,1,p269_193_mic1,p269,data\VCTK\wav48_silence_trimmed\p269\p269_193_mic1.flac,p230,0,1,0.3330608010292053,0.2016996145248413,0.3330608010292053,-0.131361186504364,3.1620625
base,2,p269_193_mic1,p269,data\VCTK\wav48_silence_trimmed\p269\p269_193_mic1.flac,p257,0,1,0.40651577711105347,0.3732110857963562,0.40651577711105347,-0.033304691314697266,3.1620625
base,3,p269_193_mic1,p269,data\VCTK\wav48_silence_trimmed\p269\p269_193_mic1.flac,p269,1,1,0.4784473776817322,0.4784473776817322,0.45003727078437805,0.028410106897354126,3.1620625
lca,1,p269_193_mic1,p269,data\VCTK\wav48_silence_trimmed\p269\p269_193_mic1.flac,p280,0,1,0.316723108291626,0.24731405079364777,0.316723108291626,-0.06940905749797821,3.1620625
lca,2,p269_193_mic1,p269,data\VCTK\wav48_silence_trimmed\p269\p269_193_mic1.flac,p262,0,1,0.4044201672077179,0.3120519816875458,0.4044201672077179,-0.09236818552017212,3.1620625
lca,3,p269_193_mic1,p269,data\VCTK\wav48_silence_trimmed\p269\p269_193_mic1.flac,p269,1,1,0.44142329692840576,0.44142329692840576,0.4096764922142029,0.03174680471420288,3.1620625
original,0,p269_221_mic1,p269,data\VCTK\wav48_silence_trimmed\p269\p269_221_mic1.flac,p269,1,1,0.8168491125106812,0.8168491125106812,0.5366089344024658,0.28024017810821533,4.1269375
base,1,p269_221_mic1,p269,data\VCTK\wav48_silence_trimmed\p269\p269_221_mic1.flac,p280,0,1,0.266569584608078,0.12630149722099304,0.266569584608078,-0.14026808738708496,4.1269375
base,2,p269_221_mic1,p269,data\VCTK\wav48_silence_trimmed\p269\p269_221_mic1.flac,p280,0,1,0.3751354217529297,0.3419532775878906,0.3751354217529297,-0.03318214416503906,4.1269375
base,3,p269_221_mic1,p269,data\VCTK\wav48_silence_trimmed\p269\p269_221_mic1.flac,p269,1,1,0.44607967138290405,0.44607967138290405,0.4084661304950714,0.03761354088783264,4.1269375
lca,1,p269_221_mic1,p269,data\VCTK\wav48_silence_trimmed\p269\p269_221_mic1.flac,p280,0,1,0.39065924286842346,0.24587202072143555,0.39065924286842346,-0.14478722214698792,4.1269375
lca,2,p269_221_mic1,p269,data\VCTK\wav48_silence_trimmed\p269\p269_221_mic1.flac,p280,0,1,0.4133615493774414,0.3277319073677063,0.4133615493774414,-0.08562964200973511,4.1269375
lca,3,p269_221_mic1,p269,data\VCTK\wav48_silence_trimmed\p269\p269_221_mic1.flac,p340,0,1,0.4711957275867462,0.36883050203323364,0.4711957275867462,-0.10236522555351257,4.1269375
original,0,p269_323_mic1,p269,data\VCTK\wav48_silence_trimmed\p269\p269_323_mic1.flac,p269,1,1,0.8141068816184998,0.8141068816184998,0.4902615547180176,0.3238453269004822,4.59675
base,1,p269_323_mic1,p269,data\VCTK\wav48_silence_trimmed\p269\p269_323_mic1.flac,p262,0,1,0.2758738398551941,0.2222273200750351,0.2758738398551941,-0.053646519780159,4.59675
base,2,p269_323_mic1,p269,data\VCTK\wav48_silence_trimmed\p269\p269_323_mic1.flac,p269,1,1,0.45354270935058594,0.45354270935058594,0.38416898250579834,0.0693737268447876,4.59675
base,3,p269_323_mic1,p269,data\VCTK\wav48_silence_trimmed\p269\p269_323_mic1.flac,p269,1,1,0.4738917946815491,0.4738917946815491,0.38773179054260254,0.08616000413894653,4.59675
lca,1,p269_323_mic1,p269,data\VCTK\wav48_silence_trimmed\p269\p269_323_mic1.flac,p280,0,1,0.3209039866924286,0.28261327743530273,0.3209039866924286,-0.038290709257125854,4.59675
lca,2,p269_323_mic1,p269,data\VCTK\wav48_silence_trimmed\p269\p269_323_mic1.flac,p280,0,1,0.39996689558029175,0.34225931763648987,0.39996689558029175,-0.05770757794380188,4.59675
lca,3,p269_323_mic1,p269,data\VCTK\wav48_silence_trimmed\p269\p269_323_mic1.flac,p280,0,1,0.47474321722984314,0.43824270367622375,0.47474321722984314,-0.036500513553619385,4.59675
original,0,p270_024_mic2,p270,data\VCTK\wav48_silence_trimmed\p270\p270_024_mic2.flac,p270,1,1,0.8548001050949097,0.8548001050949097,0.42523202300071716,0.4295680820941925,12.3791875
base,1,p270_024_mic2,p270,data\VCTK\wav48_silence_trimmed\p270\p270_024_mic2.flac,p364,0,1,0.3785105347633362,0.21060596406459808,0.3785105347633362,-0.1679045706987381,12.3791875
base,2,p270_024_mic2,p270,data\VCTK\wav48_silence_trimmed\p270\p270_024_mic2.flac,p270,1,1,0.3940606117248535,0.3940606117248535,0.31635230779647827,0.07770830392837524,12.3791875
base,3,p270_024_mic2,p270,data\VCTK\wav48_silence_trimmed\p270\p270_024_mic2.flac,p270,1,1,0.43060582876205444,0.43060582876205444,0.3247503936290741,0.10585543513298035,12.3791875
lca,1,p270_024_mic2,p270,data\VCTK\wav48_silence_trimmed\p270\p270_024_mic2.flac,p364,0,1,0.34894025325775146,0.2979001998901367,0.34894025325775146,-0.051040053367614746,12.3791875
lca,2,p270_024_mic2,p270,data\VCTK\wav48_silence_trimmed\p270\p270_024_mic2.flac,p364,0,1,0.34262722730636597,0.30142006278038025,0.34262722730636597,-0.04120716452598572,12.3791875
lca,3,p270_024_mic2,p270,data\VCTK\wav48_silence_trimmed\p270\p270_024_mic2.flac,p270,1,1,0.3808906674385071,0.3808906674385071,0.36164605617523193,0.019244611263275146,12.3791875
original,0,p270_119_mic2,p270,data\VCTK\wav48_silence_trimmed\p270\p270_119_mic2.flac,p270,1,1,0.7370496988296509,0.7370496988296509,0.40832462906837463,0.32872506976127625,3.11825
base,1,p270_119_mic2,p270,data\VCTK\wav48_silence_trimmed\p270\p270_119_mic2.flac,p364,0,1,0.2830508351325989,0.23006883263587952,0.2830508351325989,-0.05298200249671936,3.11825
base,2,p270_119_mic2,p270,data\VCTK\wav48_silence_trimmed\p270\p270_119_mic2.flac,p270,1,1,0.3684319853782654,0.3684319853782654,0.33220112323760986,0.03623086214065552,3.11825
base,3,p270_119_mic2,p270,data\VCTK\wav48_silence_trimmed\p270\p270_119_mic2.flac,p270,1,1,0.4430691599845886,0.4430691599845886,0.42108428478240967,0.021984875202178955,3.11825
lca,1,p270_119_mic2,p270,data\VCTK\wav48_silence_trimmed\p270\p270_119_mic2.flac,p364,0,1,0.38967347145080566,0.281125009059906,0.38967347145080566,-0.10854846239089966,3.11825
lca,2,p270_119_mic2,p270,data\VCTK\wav48_silence_trimmed\p270\p270_119_mic2.flac,p281,0,1,0.36116349697113037,0.3580244183540344,0.36116349697113037,-0.0031390786170959473,3.11825
lca,3,p270_119_mic2,p270,data\VCTK\wav48_silence_trimmed\p270\p270_119_mic2.flac,p270,1,1,0.36186403036117554,0.36186403036117554,0.35931146144866943,0.0025525689125061035,3.11825
original,0,p270_170_mic2,p270,data\VCTK\wav48_silence_trimmed\p270\p270_170_mic2.flac,p270,1,1,0.5775532722473145,0.5775532722473145,0.3593914806842804,0.21816179156303406,2.349
base,1,p270_170_mic2,p270,data\VCTK\wav48_silence_trimmed\p270\p270_170_mic2.flac,p316,0,1,0.3256199359893799,0.06026278808712959,0.3256199359893799,-0.2653571479022503,2.349
base,2,p270_170_mic2,p270,data\VCTK\wav48_silence_trimmed\p270\p270_170_mic2.flac,p281,0,1,0.30365291237831116,0.15570063889026642,0.30365291237831116,-0.14795227348804474,2.349
base,3,p270_170_mic2,p270,data\VCTK\wav48_silence_trimmed\p270\p270_170_mic2.flac,p347,0,1,0.3612919747829437,0.23679542541503906,0.3612919747829437,-0.12449654936790466,2.349
lca,1,p270_170_mic2,p270,data\VCTK\wav48_silence_trimmed\p270\p270_170_mic2.flac,p364,0,1,0.3131712079048157,0.2305092215538025,0.3131712079048157,-0.08266198635101318,2.349
lca,2,p270_170_mic2,p270,data\VCTK\wav48_silence_trimmed\p270\p270_170_mic2.flac,p281,0,1,0.3609604239463806,0.19190362095832825,0.3609604239463806,-0.16905680298805237,2.349
lca,3,p270_170_mic2,p270,data\VCTK\wav48_silence_trimmed\p270\p270_170_mic2.flac,p364,0,1,0.3387717008590698,0.22006016969680786,0.3387717008590698,-0.11871153116226196,2.349
original,0,p270_380_mic2,p270,data\VCTK\wav48_silence_trimmed\p270\p270_380_mic2.flac,p270,1,1,0.63838791847229,0.63838791847229,0.2537955045700073,0.3845924139022827,1.8383125
base,1,p270_380_mic2,p270,data\VCTK\wav48_silence_trimmed\p270\p270_380_mic2.flac,p258,0,0,0.21093705296516418,0.19718237221240997,0.21093705296516418,-0.013754680752754211,1.8383125
base,2,p270_380_mic2,p270,data\VCTK\wav48_silence_trimmed\p270\p270_380_mic2.flac,p281,0,1,0.287695050239563,0.2794036865234375,0.287695050239563,-0.008291363716125488,1.8383125
base,3,p270_380_mic2,p270,data\VCTK\wav48_silence_trimmed\p270\p270_380_mic2.flac,p270,1,1,0.4153791069984436,0.4153791069984436,0.3871242105960846,0.02825489640235901,1.8383125
lca,1,p270_380_mic2,p270,data\VCTK\wav48_silence_trimmed\p270\p270_380_mic2.flac,p281,0,1,0.34143584966659546,0.2721354365348816,0.34143584966659546,-0.06930041313171387,1.8383125
lca,2,p270_380_mic2,p270,data\VCTK\wav48_silence_trimmed\p270\p270_380_mic2.flac,p281,0,1,0.43753018975257874,0.34651780128479004,0.43753018975257874,-0.0910123884677887,1.8383125
lca,3,p270_380_mic2,p270,data\VCTK\wav48_silence_trimmed\p270\p270_380_mic2.flac,p281,0,1,0.47594910860061646,0.38631314039230347,0.47594910860061646,-0.08963596820831299,1.8383125
original,0,p270_390_mic1,p270,data\VCTK\wav48_silence_trimmed\p270\p270_390_mic1.flac,p270,1,1,0.7248974442481995,0.7248974442481995,0.3910623788833618,0.33383506536483765,3.200625
base,1,p270_390_mic1,p270,data\VCTK\wav48_silence_trimmed\p270\p270_390_mic1.flac,p281,0,1,0.29656195640563965,0.2657059133052826,0.29656195640563965,-0.030856043100357056,3.200625
base,2,p270_390_mic1,p270,data\VCTK\wav48_silence_trimmed\p270\p270_390_mic1.flac,p270,1,1,0.44131016731262207,0.44131016731262207,0.35536113381385803,0.08594903349876404,3.200625
base,3,p270_390_mic1,p270,data\VCTK\wav48_silence_trimmed\p270\p270_390_mic1.flac,p270,1,1,0.5197325944900513,0.5197325944900513,0.38349294662475586,0.1362396478652954,3.200625
lca,1,p270_390_mic1,p270,data\VCTK\wav48_silence_trimmed\p270\p270_390_mic1.flac,p281,0,1,0.3432285189628601,0.2186295986175537,0.3432285189628601,-0.1245989203453064,3.200625
lca,2,p270_390_mic1,p270,data\VCTK\wav48_silence_trimmed\p270\p270_390_mic1.flac,p281,0,1,0.38155442476272583,0.31764885783195496,0.38155442476272583,-0.06390556693077087,3.200625
lca,3,p270_390_mic1,p270,data\VCTK\wav48_silence_trimmed\p270\p270_390_mic1.flac,p281,0,1,0.4333626925945282,0.36715438961982727,0.4333626925945282,-0.06620830297470093,3.200625
original,0,p271_081_mic2,p271,data\VCTK\wav48_silence_trimmed\p271\p271_081_mic2.flac,p271,1,1,0.5754913687705994,0.5754913687705994,0.2684759199619293,0.30701544880867004,2.812
base,1,p271_081_mic2,p271,data\VCTK\wav48_silence_trimmed\p271\p271_081_mic2.flac,p281,0,0,0.21327543258666992,0.09320741891860962,0.21327543258666992,-0.1200680136680603,2.812
base,2,p271_081_mic2,p271,data\VCTK\wav48_silence_trimmed\p271\p271_081_mic2.flac,p271,1,1,0.30185824632644653,0.30185824632644653,0.2831355333328247,0.018722712993621826,2.812
base,3,p271_081_mic2,p271,data\VCTK\wav48_silence_trimmed\p271\p271_081_mic2.flac,p271,1,1,0.3465663492679596,0.3465663492679596,0.2945147156715393,0.05205163359642029,2.812
lca,1,p271_081_mic2,p271,data\VCTK\wav48_silence_trimmed\p271\p271_081_mic2.flac,p281,0,1,0.2863839864730835,0.22148697078227997,0.2863839864730835,-0.06489701569080353,2.812
lca,2,p271_081_mic2,p271,data\VCTK\wav48_silence_trimmed\p271\p271_081_mic2.flac,p347,0,1,0.34011149406433105,0.2937518060207367,0.34011149406433105,-0.04635968804359436,2.812
lca,3,p271_081_mic2,p271,data\VCTK\wav48_silence_trimmed\p271\p271_081_mic2.flac,p347,0,1,0.34171003103256226,0.2934979200363159,0.34171003103256226,-0.04821211099624634,2.812
original,0,p271_141_mic2,p271,data\VCTK\wav48_silence_trimmed\p271\p271_141_mic2.flac,p271,1,1,0.6877554655075073,0.6877554655075073,0.3905426263809204,0.2972128391265869,3.8250625
base,1,p271_141_mic2,p271,data\VCTK\wav48_silence_trimmed\p271\p271_141_mic2.flac,p278,0,1,0.35318654775619507,0.30183154344558716,0.35318654775619507,-0.05135500431060791,3.8250625
base,2,p271_141_mic2,p271,data\VCTK\wav48_silence_trimmed\p271\p271_141_mic2.flac,p271,1,1,0.4019013047218323,0.4019013047218323,0.38060492277145386,0.021296381950378418,3.8250625
base,3,p271_141_mic2,p271,data\VCTK\wav48_silence_trimmed\p271\p271_141_mic2.flac,p271,1,1,0.44165751338005066,0.44165751338005066,0.3937111496925354,0.04794636368751526,3.8250625
lca,1,p271_141_mic2,p271,data\VCTK\wav48_silence_trimmed\p271\p271_141_mic2.flac,p281,0,1,0.3425651788711548,0.2735285758972168,0.3425651788711548,-0.06903660297393799,3.8250625
lca,2,p271_141_mic2,p271,data\VCTK\wav48_silence_trimmed\p271\p271_141_mic2.flac,p271,1,1,0.33855539560317993,0.33855539560317993,0.3121381402015686,0.026417255401611328,3.8250625
lca,3,p271_141_mic2,p271,data\VCTK\wav48_silence_trimmed\p271\p271_141_mic2.flac,p271,1,1,0.392583429813385,0.392583429813385,0.35826629400253296,0.03431713581085205,3.8250625
original,0,p271_161_mic1,p271,data\VCTK\wav48_silence_trimmed\p271\p271_161_mic1.flac,p271,1,1,0.6097399592399597,0.6097399592399597,0.281665563583374,0.3280743956565857,2.4478125
base,1,p271_161_mic1,p271,data\VCTK\wav48_silence_trimmed\p271\p271_161_mic1.flac,p258,0,1,0.26209649443626404,0.152375727891922,0.26209649443626404,-0.10972076654434204,2.4478125
base,2,p271_161_mic1,p271,data\VCTK\wav48_silence_trimmed\p271\p271_161_mic1.flac,p271,1,1,0.2956874966621399,0.2956874966621399,0.2773429751396179,0.018344521522521973,2.4478125
base,3,p271_161_mic1,p271,data\VCTK\wav48_silence_trimmed\p271\p271_161_mic1.flac,p271,1,1,0.34274324774742126,0.34274324774742126,0.301488995552063,0.041254252195358276,2.4478125
lca,1,p271_161_mic1,p271,data\VCTK\wav48_silence_trimmed\p271\p271_161_mic1.flac,p364,0,1,0.2587870955467224,0.2067747265100479,0.2587870955467224,-0.0520123690366745,2.4478125
lca,2,p271_161_mic1,p271,data\VCTK\wav48_silence_trimmed\p271\p271_161_mic1.flac,p271,1,1,0.3369414806365967,0.3369414806365967,0.28441423177719116,0.05252724885940552,2.4478125
lca,3,p271_161_mic1,p271,data\VCTK\wav48_silence_trimmed\p271\p271_161_mic1.flac,p271,1,1,0.32362478971481323,0.32362478971481323,0.3132423162460327,0.010382473468780518,2.4478125
original,0,p271_202_mic2,p271,data\VCTK\wav48_silence_trimmed\p271\p271_202_mic2.flac,p271,1,1,0.6255137920379639,0.6255137920379639,0.3555676341056824,0.2699461579322815,4.4178125
base,1,p271_202_mic2,p271,data\VCTK\wav48_silence_trimmed\p271\p271_202_mic2.flac,p364,0,1,0.2815091609954834,0.20894454419612885,0.2815091609954834,-0.07256461679935455,4.4178125
base,2,p271_202_mic2,p271,data\VCTK\wav48_silence_trimmed\p271\p271_202_mic2.flac,p271,1,1,0.3816075921058655,0.3816075921058655,0.3097231984138489,0.0718843936920166,4.4178125
base,3,p271_202_mic2,p271,data\VCTK\wav48_silence_trimmed\p271\p271_202_mic2.flac,p271,1,1,0.395593523979187,0.395593523979187,0.3368818163871765,0.0587117075920105,4.4178125
lca,1,p271_202_mic2,p271,data\VCTK\wav48_silence_trimmed\p271\p271_202_mic2.flac,p259,0,1,0.2837837338447571,0.22521468997001648,0.2837837338447571,-0.0585690438747406,4.4178125
lca,2,p271_202_mic2,p271,data\VCTK\wav48_silence_trimmed\p271\p271_202_mic2.flac,p364,0,1,0.30715203285217285,0.2992855906486511,0.30715203285217285,-0.007866442203521729,4.4178125
lca,3,p271_202_mic2,p271,data\VCTK\wav48_silence_trimmed\p271\p271_202_mic2.flac,p271,1,1,0.3225409686565399,0.3225409686565399,0.3191879391670227,0.003353029489517212,4.4178125
original,0,p271_219_mic1,p271,data\VCTK\wav48_silence_trimmed\p271\p271_219_mic1.flac,p271,1,1,0.7231659293174744,0.7231659293174744,0.3622344732284546,0.3609314560890198,5.581625
base,1,p271_219_mic1,p271,data\VCTK\wav48_silence_trimmed\p271\p271_219_mic1.flac,p364,0,1,0.33905982971191406,0.26257839798927307,0.33905982971191406,-0.07648143172264099,5.581625
base,2,p271_219_mic1,p271,data\VCTK\wav48_silence_trimmed\p271\p271_219_mic1.flac,p271,1,1,0.3824947774410248,0.3824947774410248,0.33875587582588196,0.04373890161514282,5.581625
base,3,p271_219_mic1,p271,data\VCTK\wav48_silence_trimmed\p271\p271_219_mic1.flac,p271,1,1,0.4634005129337311,0.4634005129337311,0.38821956515312195,0.07518094778060913,5.581625
lca,1,p271_219_mic1,p271,data\VCTK\wav48_silence_trimmed\p271\p271_219_mic1.flac,p281,0,1,0.2950422167778015,0.23034630715847015,0.2950422167778015,-0.06469590961933136,5.581625
lca,2,p271_219_mic1,p271,data\VCTK\wav48_silence_trimmed\p271\p271_219_mic1.flac,p271,1,1,0.3087918758392334,0.3087918758392334,0.26723238825798035,0.04155948758125305,5.581625
lca,3,p271_219_mic1,p271,data\VCTK\wav48_silence_trimmed\p271\p271_219_mic1.flac,p271,1,1,0.3290492594242096,0.3290492594242096,0.26322484016418457,0.06582441926002502,5.581625
original,0,p272_064_mic1,p272,data\VCTK\wav48_silence_trimmed\p272\p272_064_mic1.flac,p272,1,1,0.5715024471282959,0.5715024471282959,0.3440958261489868,0.22740662097930908,1.880625
base,1,p272_064_mic1,p272,data\VCTK\wav48_silence_trimmed\p272\p272_064_mic1.flac,p226,0,1,0.2559477388858795,-0.004752073436975479,0.2559477388858795,-0.260699812322855,1.880625
base,2,p272_064_mic1,p272,data\VCTK\wav48_silence_trimmed\p272\p272_064_mic1.flac,p374,0,1,0.3307195007801056,0.06047645956277847,0.3307195007801056,-0.2702430412173271,1.880625
base,3,p272_064_mic1,p272,data\VCTK\wav48_silence_trimmed\p272\p272_064_mic1.flac,p364,0,1,0.3180435001850128,0.13714593648910522,0.3180435001850128,-0.1808975636959076,1.880625
lca,1,p272_064_mic1,p272,data\VCTK\wav48_silence_trimmed\p272\p272_064_mic1.flac,p270,0,1,0.27330636978149414,-0.041524488478899,0.27330636978149414,-0.31483085826039314,1.880625
lca,2,p272_064_mic1,p272,data\VCTK\wav48_silence_trimmed\p272\p272_064_mic1.flac,p226,0,1,0.4037929177284241,-0.037794291973114014,0.4037929177284241,-0.4415872097015381,1.880625
lca,3,p272_064_mic1,p272,data\VCTK\wav48_silence_trimmed\p272\p272_064_mic1.flac,p226,0,1,0.381913959980011,0.051656197756528854,0.381913959980011,-0.33025776222348213,1.880625
original,0,p272_126_mic2,p272,data\VCTK\wav48_silence_trimmed\p272\p272_126_mic2.flac,p272,1,1,0.6761503219604492,0.6761503219604492,0.27990230917930603,0.3962480127811432,3.0314375
base,1,p272_126_mic2,p272,data\VCTK\wav48_silence_trimmed\p272\p272_126_mic2.flac,p302,0,1,0.35939162969589233,0.07936406135559082,0.35939162969589233,-0.2800275683403015,3.0314375
base,2,p272_126_mic2,p272,data\VCTK\wav48_silence_trimmed\p272\p272_126_mic2.flac,p259,0,1,0.3682516813278198,0.13749368488788605,0.3682516813278198,-0.23075799643993378,3.0314375
base,3,p272_126_mic2,p272,data\VCTK\wav48_silence_trimmed\p272\p272_126_mic2.flac,p298,0,1,0.3510507345199585,0.2753062844276428,0.3510507345199585,-0.07574445009231567,3.0314375
lca,1,p272_126_mic2,p272,data\VCTK\wav48_silence_trimmed\p272\p272_126_mic2.flac,p364,0,1,0.32543063163757324,-0.044846005737781525,0.32543063163757324,-0.37027663737535477,3.0314375
lca,2,p272_126_mic2,p272,data\VCTK\wav48_silence_trimmed\p272\p272_126_mic2.flac,p259,0,1,0.35653597116470337,-0.009354878216981888,0.35653597116470337,-0.36589084938168526,3.0314375
lca,3,p272_126_mic2,p272,data\VCTK\wav48_silence_trimmed\p272\p272_126_mic2.flac,p259,0,1,0.3892122507095337,0.07323016226291656,0.3892122507095337,-0.3159820884466171,3.0314375
original,0,p272_133_mic1,p272,data\VCTK\wav48_silence_trimmed\p272\p272_133_mic1.flac,p272,1,1,0.5847752094268799,0.5847752094268799,0.26430070400238037,0.3204745054244995,2.6058125
base,1,p272_133_mic1,p272,data\VCTK\wav48_silence_trimmed\p272\p272_133_mic1.flac,p247,0,1,0.2547808289527893,0.08326667547225952,0.2547808289527893,-0.17151415348052979,2.6058125
base,2,p272_133_mic1,p272,data\VCTK\wav48_silence_trimmed\p272\p272_133_mic1.flac,p271,0,0,0.24825623631477356,0.171513170003891,0.24825623631477356,-0.07674306631088257,2.6058125
base,3,p272_133_mic1,p272,data\VCTK\wav48_silence_trimmed\p272\p272_133_mic1.flac,p347,0,1,0.27668195962905884,0.1415037214756012,0.27668195962905884,-0.13517823815345764,2.6058125
lca,1,p272_133_mic1,p272,data\VCTK\wav48_silence_trimmed\p272\p272_133_mic1.flac,p270,0,1,0.29370319843292236,-0.0698762983083725,0.29370319843292236,-0.36357949674129486,2.6058125
lca,2,p272_133_mic1,p272,data\VCTK\wav48_silence_trimmed\p272\p272_133_mic1.flac,p281,0,1,0.2535061240196228,-0.047849029302597046,0.2535061240196228,-0.30135515332221985,2.6058125
lca,3,p272_133_mic1,p272,data\VCTK\wav48_silence_trimmed\p272\p272_133_mic1.flac,p281,0,1,0.28423789143562317,-0.006208586506545544,0.28423789143562317,-0.2904464779421687,2.6058125
original,0,p272_303_mic1,p272,data\VCTK\wav48_silence_trimmed\p272\p272_303_mic1.flac,p272,1,1,0.6206049919128418,0.6206049919128418,0.2661926746368408,0.354412317276001,3.6521875
base,1,p272_303_mic1,p272,data\VCTK\wav48_silence_trimmed\p272\p272_303_mic1.flac,p364,0,1,0.2927142381668091,0.18060031533241272,0.2927142381668091,-0.11211392283439636,3.6521875
base,2,p272_303_mic1,p272,data\VCTK\wav48_silence_trimmed\p272\p272_303_mic1.flac,p363,0,1,0.32750827074050903,0.25085756182670593,0.32750827074050903,-0.0766507089138031,3.6521875
base,3,p272_303_mic1,p272,data\VCTK\wav48_silence_trimmed\p272\p272_303_mic1.flac,p298,0,1,0.32606297731399536,0.22749418020248413,0.32606297731399536,-0.09856879711151123,3.6521875
lca,1,p272_303_mic1,p272,data\VCTK\wav48_silence_trimmed\p272\p272_303_mic1.flac,p281,0,1,0.29596883058547974,-0.053938575088977814,0.29596883058547974,-0.34990740567445755,3.6521875
lca,2,p272_303_mic1,p272,data\VCTK\wav48_silence_trimmed\p272\p272_303_mic1.flac,p281,0,1,0.3465462028980255,0.0945262610912323,0.3465462028980255,-0.2520199418067932,3.6521875
lca,3,p272_303_mic1,p272,data\VCTK\wav48_silence_trimmed\p272\p272_303_mic1.flac,p364,0,1,0.34577181935310364,0.1209794282913208,0.34577181935310364,-0.22479239106178284,3.6521875
original,0,p272_327_mic2,p272,data\VCTK\wav48_silence_trimmed\p272\p272_327_mic2.flac,p272,1,1,0.5224377512931824,0.5224377512931824,0.362023264169693,0.16041448712348938,2.52225
base,1,p272_327_mic2,p272,data\VCTK\wav48_silence_trimmed\p272\p272_327_mic2.flac,p316,0,1,0.3406129777431488,0.05949169024825096,0.3406129777431488,-0.28112128749489784,2.52225
base,2,p272_327_mic2,p272,data\VCTK\wav48_silence_trimmed\p272\p272_327_mic2.flac,p281,0,1,0.35096415877342224,0.07319134473800659,0.35096415877342224,-0.27777281403541565,2.52225
base,3,p272_327_mic2,p272,data\VCTK\wav48_silence_trimmed\p272\p272_327_mic2.flac,p298,0,1,0.3347470760345459,0.06845103949308395,0.3347470760345459,-0.26629603654146194,2.52225
lca,1,p272_327_mic2,p272,data\VCTK\wav48_silence_trimmed\p272\p272_327_mic2.flac,p364,0,1,0.328144907951355,-0.07173056900501251,0.328144907951355,-0.3998754769563675,2.52225
lca,2,p272_327_mic2,p272,data\VCTK\wav48_silence_trimmed\p272\p272_327_mic2.flac,p364,0,1,0.3294721841812134,-0.006131565198302269,0.3294721841812134,-0.33560374937951565,2.52225
lca,3,p272_327_mic2,p272,data\VCTK\wav48_silence_trimmed\p272\p272_327_mic2.flac,p281,0,1,0.3366515040397644,-0.018814079463481903,0.3366515040397644,-0.3554655835032463,2.52225
original,0,p273_014_mic1,p273,data\VCTK\wav48_silence_trimmed\p273\p273_014_mic1.flac,p273,1,1,0.684660792350769,0.684660792350769,0.31668394804000854,0.3679768443107605,5.1640625
base,1,p273_014_mic1,p273,data\VCTK\wav48_silence_trimmed\p273\p273_014_mic1.flac,p257,0,1,0.28196990489959717,0.2716836929321289,0.28196990489959717,-0.010286211967468262,5.1640625
base,2,p273_014_mic1,p273,data\VCTK\wav48_silence_trimmed\p273\p273_014_mic1.flac,p273,1,1,0.45422834157943726,0.45422834157943726,0.3127886950969696,0.14143964648246765,5.1640625
base,3,p273_014_mic1,p273,data\VCTK\wav48_silence_trimmed\p273\p273_014_mic1.flac,p273,1,1,0.4738228917121887,0.4738228917121887,0.3371649980545044,0.13665789365768433,5.1640625
lca,1,p273_014_mic1,p273,data\VCTK\wav48_silence_trimmed\p273\p273_014_mic1.flac,p262,0,1,0.31244245171546936,0.12118327617645264,0.31244245171546936,-0.19125917553901672,5.1640625
lca,2,p273_014_mic1,p273,data\VCTK\wav48_silence_trimmed\p273\p273_014_mic1.flac,p262,0,1,0.33432042598724365,0.24033977091312408,0.33432042598724365,-0.09398065507411957,5.1640625
lca,3,p273_014_mic1,p273,data\VCTK\wav48_silence_trimmed\p273\p273_014_mic1.flac,p343,0,1,0.3492887020111084,0.3297967314720154,0.3492887020111084,-0.019491970539093018,5.1640625
original,0,p273_148_mic2,p273,data\VCTK\wav48_silence_trimmed\p273\p273_148_mic2.flac,p273,1,1,0.7308125495910645,0.7308125495910645,0.3633593022823334,0.3674532473087311,3.246125
base,1,p273_148_mic2,p273,data\VCTK\wav48_silence_trimmed\p273\p273_148_mic2.flac,p302,0,1,0.31456032395362854,0.15160758793354034,0.31456032395362854,-0.1629527360200882,3.246125
base,2,p273_148_mic2,p273,data\VCTK\wav48_silence_trimmed\p273\p273_148_mic2.flac,p302,0,1,0.3269723653793335,0.3242606520652771,0.3269723653793335,-0.0027117133140563965,3.246125
base,3,p273_148_mic2,p273,data\VCTK\wav48_silence_trimmed\p273\p273_148_mic2.flac,p343,0,1,0.34588444232940674,0.33766448497772217,0.34588444232940674,-0.00821995735168457,3.246125
lca,1,p273_148_mic2,p273,data\VCTK\wav48_silence_trimmed\p273\p273_148_mic2.flac,p280,0,1,0.31239035725593567,0.13485635817050934,0.31239035725593567,-0.17753399908542633,3.246125
lca,2,p273_148_mic2,p273,data\VCTK\wav48_silence_trimmed\p273\p273_148_mic2.flac,p262,0,1,0.3748072385787964,0.19815781712532043,0.3748072385787964,-0.17664942145347595,3.246125
lca,3,p273_148_mic2,p273,data\VCTK\wav48_silence_trimmed\p273\p273_148_mic2.flac,p262,0,1,0.348865270614624,0.19957168400287628,0.348865270614624,-0.14929358661174774,3.246125
original,0,p273_180_mic1,p273,data\VCTK\wav48_silence_trimmed\p273\p273_180_mic1.flac,p273,1,1,0.6632648706436157,0.6632648706436157,0.30024465918540955,0.3630202114582062,2.43475
base,1,p273_180_mic1,p273,data\VCTK\wav48_silence_trimmed\p273\p273_180_mic1.flac,p233,0,1,0.29208284616470337,0.1911589801311493,0.29208284616470337,-0.10092386603355408,2.43475
base,2,p273_180_mic1,p273,data\VCTK\wav48_silence_trimmed\p273\p273_180_mic1.flac,p255,0,1,0.3370583653450012,0.3243035674095154,0.3370583653450012,-0.01275479793548584,2.43475
base,3,p273_180_mic1,p273,data\VCTK\wav48_silence_trimmed\p273\p273_180_mic1.flac,p273,1,1,0.41794294118881226,0.41794294118881226,0.35998183488845825,0.057961106300354004,2.43475
lca,1,p273_180_mic1,p273,data\VCTK\wav48_silence_trimmed\p273\p273_180_mic1.flac,p313,0,1,0.33834007382392883,0.2886146306991577,0.33834007382392883,-0.04972544312477112,2.43475
lca,2,p273_180_mic1,p273,data\VCTK\wav48_silence_trimmed\p273\p273_180_mic1.flac,p273,1,1,0.3697795271873474,0.3697795271873474,0.3064623475074768,0.0633171796798706,2.43475
lca,3,p273_180_mic1,p273,data\VCTK\wav48_silence_trimmed\p273\p273_180_mic1.flac,p255,0,1,0.3642174303531647,0.2785314917564392,0.3642174303531647,-0.08568593859672546,2.43475
original,0,p273_281_mic2,p273,data\VCTK\wav48_silence_trimmed\p273\p273_281_mic2.flac,p273,1,1,0.6558045744895935,0.6558045744895935,0.5054762959480286,0.15032827854156494,2.7116875
base,1,p273_281_mic2,p273,data\VCTK\wav48_silence_trimmed\p273\p273_281_mic2.flac,p251,0,1,0.2571568489074707,0.15263615548610687,0.2571568489074707,-0.10452069342136383,2.7116875
base,2,p273_281_mic2,p273,data\VCTK\wav48_silence_trimmed\p273\p273_281_mic2.flac,p285,0,1,0.36875617504119873,0.30965322256088257,0.36875617504119873,-0.05910295248031616,2.7116875
base,3,p273_281_mic2,p273,data\VCTK\wav48_silence_trimmed\p273\p273_281_mic2.flac,p258,0,1,0.38846659660339355,0.3869999647140503,0.38846659660339355,-0.0014666318893432617,2.7116875
lca,1,p273_281_mic2,p273,data\VCTK\wav48_silence_trimmed\p273\p273_281_mic2.flac,p262,0,1,0.2756505608558655,0.11932267248630524,0.2756505608558655,-0.15632788836956024,2.7116875
lca,2,p273_281_mic2,p273,data\VCTK\wav48_silence_trimmed\p273\p273_281_mic2.flac,p281,0,1,0.32944220304489136,0.18193763494491577,0.32944220304489136,-0.14750456809997559,2.7116875
lca,3,p273_281_mic2,p273,data\VCTK\wav48_silence_trimmed\p273\p273_281_mic2.flac,p273,1,1,0.3170727491378784,0.3170727491378784,0.29161763191223145,0.025455117225646973,2.7116875
original,0,p273_373_mic2,p273,data\VCTK\wav48_silence_trimmed\p273\p273_373_mic2.flac,p273,1,1,0.6907074451446533,0.6907074451446533,0.371656596660614,0.3190508484840393,2.095125
base,1,p273_373_mic2,p273,data\VCTK\wav48_silence_trimmed\p273\p273_373_mic2.flac,p302,0,1,0.3721439838409424,0.14525601267814636,0.3721439838409424,-0.22688797116279602,2.095125
base,2,p273_373_mic2,p273,data\VCTK\wav48_silence_trimmed\p273\p273_373_mic2.flac,p238,0,1,0.3242802321910858,0.3123900592327118,0.3242802321910858,-0.011890172958374023,2.095125
base,3,p273_373_mic2,p273,data\VCTK\wav48_silence_trimmed\p273\p273_373_mic2.flac,p273,1,1,0.4221065640449524,0.4221065640449524,0.3590956926345825,0.06301087141036987,2.095125
lca,1,p273_373_mic2,p273,data\VCTK\wav48_silence_trimmed\p273\p273_373_mic2.flac,p333,0,1,0.27470603585243225,0.11662714183330536,0.27470603585243225,-0.1580788940191269,2.095125
lca,2,p273_373_mic2,p273,data\VCTK\wav48_silence_trimmed\p273\p273_373_mic2.flac,p314,0,1,0.34932732582092285,0.27555137872695923,0.34932732582092285,-0.07377594709396362,2.095125
lca,3,p273_373_mic2,p273,data\VCTK\wav48_silence_trimmed\p273\p273_373_mic2.flac,p314,0,1,0.35488906502723694,0.2791801691055298,0.35488906502723694,-0.07570889592170715,2.095125
original,0,p274_241_mic2,p274,data\VCTK\wav48_silence_trimmed\p274\p274_241_mic2.flac,p274,1,1,0.7552133798599243,0.7552133798599243,0.31301969289779663,0.4421936869621277,3.8443125
base,1,p274_241_mic2,p274,data\VCTK\wav48_silence_trimmed\p274\p274_241_mic2.flac,p316,0,1,0.29461994767189026,0.06619000434875488,0.29461994767189026,-0.22842994332313538,3.8443125
base,2,p274_241_mic2,p274,data\VCTK\wav48_silence_trimmed\p274\p274_241_mic2.flac,p347,0,1,0.3882385492324829,0.35569220781326294,0.3882385492324829,-0.03254634141921997,3.8443125
base,3,p274_241_mic2,p274,data\VCTK\wav48_silence_trimmed\p274\p274_241_mic2.flac,p274,1,1,0.3911653161048889,0.3911653161048889,0.3649006485939026,0.026264667510986328,3.8443125
lca,1,p274_241_mic2,p274,data\VCTK\wav48_silence_trimmed\p274\p274_241_mic2.flac,p347,0,1,0.3017849624156952,0.16436336934566498,0.3017849624156952,-0.1374215930700302,3.8443125
lca,2,p274_241_mic2,p274,data\VCTK\wav48_silence_trimmed\p274\p274_241_mic2.flac,p281,0,1,0.34851497411727905,0.2847987711429596,0.34851497411727905,-0.06371620297431946,3.8443125
lca,3,p274_241_mic2,p274,data\VCTK\wav48_silence_trimmed\p274\p274_241_mic2.flac,p280,0,1,0.3594246506690979,0.32502198219299316,0.3594246506690979,-0.034402668476104736,3.8443125
original,0,p274_362_mic2,p274,data\VCTK\wav48_silence_trimmed\p274\p274_362_mic2.flac,p274,1,1,0.7293405532836914,0.7293405532836914,0.3347487449645996,0.3945918083190918,2.797625
base,1,p274_362_mic2,p274,data\VCTK\wav48_silence_trimmed\p274\p274_362_mic2.flac,p364,0,1,0.2854470908641815,0.07452336698770523,0.2854470908641815,-0.2109237238764763,2.797625
base,2,p274_362_mic2,p274,data\VCTK\wav48_silence_trimmed\p274\p274_362_mic2.flac,p347,0,1,0.29579970240592957,0.21582791209220886,0.29579970240592957,-0.0799717903137207,2.797625
base,3,p274_362_mic2,p274,data\VCTK\wav48_silence_trimmed\p274\p274_362_mic2.flac,p246,0,1,0.35132551193237305,0.2211747169494629,0.35132551193237305,-0.13015079498291016,2.797625
lca,1,p274_362_mic2,p274,data\VCTK\wav48_silence_trimmed\p274\p274_362_mic2.flac,p281,0,1,0.3024800717830658,0.06315682828426361,0.3024800717830658,-0.23932324349880219,2.797625
lca,2,p274_362_mic2,p274,data\VCTK\wav48_silence_trimmed\p274\p274_362_mic2.flac,p281,0,1,0.34739774465560913,0.06691992282867432,0.34739774465560913,-0.2804778218269348,2.797625
lca,3,p274_362_mic2,p274,data\VCTK\wav48_silence_trimmed\p274\p274_362_mic2.flac,p281,0,1,0.3693501949310303,0.14134247601032257,0.3693501949310303,-0.2280077189207077,2.797625
original,0,p274_367_mic2,p274,data\VCTK\wav48_silence_trimmed\p274\p274_367_mic2.flac,p274,1,1,0.8000580072402954,0.8000580072402954,0.3816114068031311,0.4184466004371643,3.0768125
base,1,p274_367_mic2,p274,data\VCTK\wav48_silence_trimmed\p274\p274_367_mic2.flac,p270,0,1,0.27644041180610657,0.16381296515464783,0.27644041180610657,-0.11262744665145874,3.0768125
base,2,p274_367_mic2,p274,data\VCTK\wav48_silence_trimmed\p274\p274_367_mic2.flac,p281,0,1,0.3899710774421692,0.22539550065994263,0.3899710774421692,-0.16457557678222656,3.0768125
base,3,p274_367_mic2,p274,data\VCTK\wav48_silence_trimmed\p274\p274_367_mic2.flac,p281,0,1,0.4190860092639923,0.2789567708969116,0.4190860092639923,-0.1401292383670807,3.0768125
lca,1,p274_367_mic2,p274,data\VCTK\wav48_silence_trimmed\p274\p274_367_mic2.flac,p347,0,1,0.3344668745994568,0.042857684195041656,0.3344668745994568,-0.29160919040441513,3.0768125
lca,2,p274_367_mic2,p274,data\VCTK\wav48_silence_trimmed\p274\p274_367_mic2.flac,p347,0,1,0.32201147079467773,0.19749124348163605,0.32201147079467773,-0.12452022731304169,3.0768125
lca,3,p274_367_mic2,p274,data\VCTK\wav48_silence_trimmed\p274\p274_367_mic2.flac,p281,0,1,0.44509854912757874,0.31869155168533325,0.44509854912757874,-0.12640699744224548,3.0768125
original,0,p274_410_mic1,p274,data\VCTK\wav48_silence_trimmed\p274\p274_410_mic1.flac,p274,1,1,0.694496750831604,0.694496750831604,0.34397783875465393,0.3505189120769501,3.0743125
base,1,p274_410_mic1,p274,data\VCTK\wav48_silence_trimmed\p274\p274_410_mic1.flac,p347,0,1,0.3424476683139801,0.16588932275772095,0.3424476683139801,-0.17655834555625916,3.0743125
base,2,p274_410_mic1,p274,data\VCTK\wav48_silence_trimmed\p274\p274_410_mic1.flac,p347,0,1,0.40691280364990234,0.1921124905347824,0.40691280364990234,-0.21480031311511993,3.0743125
base,3,p274_410_mic1,p274,data\VCTK\wav48_silence_trimmed\p274\p274_410_mic1.flac,p281,0,1,0.3984638750553131,0.2796088457107544,0.3984638750553131,-0.11885502934455872,3.0743125
lca,1,p274_410_mic1,p274,data\VCTK\wav48_silence_trimmed\p274\p274_410_mic1.flac,p347,0,1,0.3266797661781311,0.08802226930856705,0.3266797661781311,-0.23865749686956406,3.0743125
lca,2,p274_410_mic1,p274,data\VCTK\wav48_silence_trimmed\p274\p274_410_mic1.flac,p347,0,1,0.4343225955963135,0.2191196084022522,0.4343225955963135,-0.21520298719406128,3.0743125
lca,3,p274_410_mic1,p274,data\VCTK\wav48_silence_trimmed\p274\p274_410_mic1.flac,p347,0,1,0.4680991768836975,0.3026593029499054,0.4680991768836975,-0.16543987393379211,3.0743125
original,0,p274_444_mic2,p274,data\VCTK\wav48_silence_trimmed\p274\p274_444_mic2.flac,p274,1,1,0.7587743401527405,0.7587743401527405,0.3413471579551697,0.4174271821975708,4.0273125
base,1,p274_444_mic2,p274,data\VCTK\wav48_silence_trimmed\p274\p274_444_mic2.flac,p316,0,1,0.25139814615249634,0.14154678583145142,0.25139814615249634,-0.10985136032104492,4.0273125
base,2,p274_444_mic2,p274,data\VCTK\wav48_silence_trimmed\p274\p274_444_mic2.flac,p347,0,1,0.36083418130874634,0.2750217020511627,0.36083418130874634,-0.08581247925758362,4.0273125
base,3,p274_444_mic2,p274,data\VCTK\wav48_silence_trimmed\p274\p274_444_mic2.flac,p347,0,1,0.36070334911346436,0.3411868214607239,0.36070334911346436,-0.01951652765274048,4.0273125
lca,1,p274_444_mic2,p274,data\VCTK\wav48_silence_trimmed\p274\p274_444_mic2.flac,p360,0,1,0.30127137899398804,0.04440993070602417,0.30127137899398804,-0.25686144828796387,4.0273125
lca,2,p274_444_mic2,p274,data\VCTK\wav48_silence_trimmed\p274\p274_444_mic2.flac,p347,0,1,0.33709797263145447,0.18033114075660706,0.33709797263145447,-0.1567668318748474,4.0273125
lca,3,p274_444_mic2,p274,data\VCTK\wav48_silence_trimmed\p274\p274_444_mic2.flac,p347,0,1,0.3364205062389374,0.23932097852230072,0.3364205062389374,-0.09709952771663666,4.0273125
original,0,p275_007_mic1,p275,data\VCTK\wav48_silence_trimmed\p275\p275_007_mic1.flac,p275,1,1,0.7232751250267029,0.7232751250267029,0.3524675965309143,0.3708075284957886,4.2241875
base,1,p275_007_mic1,p275,data\VCTK\wav48_silence_trimmed\p275\p275_007_mic1.flac,p364,0,1,0.3156748116016388,0.100966677069664,0.3156748116016388,-0.2147081345319748,4.2241875
base,2,p275_007_mic1,p275,data\VCTK\wav48_silence_trimmed\p275\p275_007_mic1.flac,p364,0,1,0.2603803277015686,0.21992389857769012,0.2603803277015686,-0.04045642912387848,4.2241875
base,3,p275_007_mic1,p275,data\VCTK\wav48_silence_trimmed\p275\p275_007_mic1.flac,p376,0,1,0.29831036925315857,0.29527562856674194,0.29831036925315857,-0.003034740686416626,4.2241875
lca,1,p275_007_mic1,p275,data\VCTK\wav48_silence_trimmed\p275\p275_007_mic1.flac,p313,0,1,0.287894070148468,0.173642098903656,0.287894070148468,-0.11425197124481201,4.2241875
lca,2,p275_007_mic1,p275,data\VCTK\wav48_silence_trimmed\p275\p275_007_mic1.flac,p347,0,1,0.29254263639450073,0.18973147869110107,0.29254263639450073,-0.10281115770339966,4.2241875
lca,3,p275_007_mic1,p275,data\VCTK\wav48_silence_trimmed\p275\p275_007_mic1.flac,p364,0,1,0.30216673016548157,0.22000476717948914,0.30216673016548157,-0.08216196298599243,4.2241875
original,0,p275_033_mic1,p275,data\VCTK\wav48_silence_trimmed\p275\p275_033_mic1.flac,p275,1,1,0.7482922673225403,0.7482922673225403,0.48356592655181885,0.26472634077072144,3.9193125
base,1,p275_033_mic1,p275,data\VCTK\wav48_silence_trimmed\p275\p275_033_mic1.flac,p302,0,1,0.26439598202705383,0.2116422802209854,0.26439598202705383,-0.05275370180606842,3.9193125
base,2,p275_033_mic1,p275,data\VCTK\wav48_silence_trimmed\p275\p275_033_mic1.flac,p298,0,1,0.3469533324241638,0.3452652394771576,0.3469533324241638,-0.0016880929470062256,3.9193125
base,3,p275_033_mic1,p275,data\VCTK\wav48_silence_trimmed\p275\p275_033_mic1.flac,p275,1,1,0.4046621322631836,0.4046621322631836,0.3710996210575104,0.03356251120567322,3.9193125
lca,1,p275_033_mic1,p275,data\VCTK\wav48_silence_trimmed\p275\p275_033_mic1.flac,p281,0,1,0.3098171055316925,0.21908628940582275,0.3098171055316925,-0.09073081612586975,3.9193125
lca,2,p275_033_mic1,p275,data\VCTK\wav48_silence_trimmed\p275\p275_033_mic1.flac,p280,0,1,0.3013002276420593,0.2954796254634857,0.3013002276420593,-0.005820602178573608,3.9193125
lca,3,p275_033_mic1,p275,data\VCTK\wav48_silence_trimmed\p275\p275_033_mic1.flac,p275,1,1,0.3098342716693878,0.3098342716693878,0.301090270280838,0.008744001388549805,3.9193125
original,0,p275_175_mic1,p275,data\VCTK\wav48_silence_trimmed\p275\p275_175_mic1.flac,p275,1,1,0.7453832626342773,0.7453832626342773,0.36083221435546875,0.3845510482788086,2.905125
base,1,p275_175_mic1,p275,data\VCTK\wav48_silence_trimmed\p275\p275_175_mic1.flac,p247,0,1,0.3261885643005371,0.16481199860572815,0.3261885643005371,-0.16137656569480896,2.905125
base,2,p275_175_mic1,p275,data\VCTK\wav48_silence_trimmed\p275\p275_175_mic1.flac,p258,0,1,0.36105459928512573,0.216359943151474,0.36105459928512573,-0.14469465613365173,2.905125
base,3,p275_175_mic1,p275,data\VCTK\wav48_silence_trimmed\p275\p275_175_mic1.flac,p258,0,1,0.36514997482299805,0.2603643834590912,0.36514997482299805,-0.10478559136390686,2.905125
lca,1,p275_175_mic1,p275,data\VCTK\wav48_silence_trimmed\p275\p275_175_mic1.flac,p364,0,1,0.31871211528778076,0.13640721142292023,0.31871211528778076,-0.18230490386486053,2.905125
lca,2,p275_175_mic1,p275,data\VCTK\wav48_silence_trimmed\p275\p275_175_mic1.flac,p347,0,1,0.375832736492157,0.24429750442504883,0.375832736492157,-0.13153523206710815,2.905125
lca,3,p275_175_mic1,p275,data\VCTK\wav48_silence_trimmed\p275\p275_175_mic1.flac,p347,0,1,0.38974618911743164,0.302463173866272,0.38974618911743164,-0.08728301525115967,2.905125
original,0,p275_339_mic1,p275,data\VCTK\wav48_silence_trimmed\p275\p275_339_mic1.flac,p275,1,1,0.7280600666999817,0.7280600666999817,0.3251229524612427,0.402937114238739,4.0429375
base,1,p275_339_mic1,p275,data\VCTK\wav48_silence_trimmed\p275\p275_339_mic1.flac,p316,0,0,0.23286765813827515,0.16522905230522156,0.23286765813827515,-0.06763860583305359,4.0429375
base,2,p275_339_mic1,p275,data\VCTK\wav48_silence_trimmed\p275\p275_339_mic1.flac,p275,1,1,0.3189179301261902,0.3189179301261902,0.31509318947792053,0.0038247406482696533,4.0429375
base,3,p275_339_mic1,p275,data\VCTK\wav48_silence_trimmed\p275\p275_339_mic1.flac,p275,1,1,0.3863309323787689,0.3863309323787689,0.3038631081581116,0.08246782422065735,4.0429375
lca,1,p275_339_mic1,p275,data\VCTK\wav48_silence_trimmed\p275\p275_339_mic1.flac,p281,0,1,0.32144105434417725,0.1928975135087967,0.32144105434417725,-0.12854354083538055,4.0429375
lca,2,p275_339_mic1,p275,data\VCTK\wav48_silence_trimmed\p275\p275_339_mic1.flac,p281,0,1,0.3650743067264557,0.19962379336357117,0.3650743067264557,-0.16545051336288452,4.0429375
lca,3,p275_339_mic1,p275,data\VCTK\wav48_silence_trimmed\p275\p275_339_mic1.flac,p281,0,1,0.3639552593231201,0.2212623655796051,0.3639552593231201,-0.14269289374351501,4.0429375
original,0,p275_384_mic2,p275,data\VCTK\wav48_silence_trimmed\p275\p275_384_mic2.flac,p275,1,1,0.7115267515182495,0.7115267515182495,0.4128773510456085,0.298649400472641,3.4179375
base,1,p275_384_mic2,p275,data\VCTK\wav48_silence_trimmed\p275\p275_384_mic2.flac,p302,0,1,0.28201231360435486,0.14010342955589294,0.28201231360435486,-0.14190888404846191,3.4179375
base,2,p275_384_mic2,p275,data\VCTK\wav48_silence_trimmed\p275\p275_384_mic2.flac,p287,0,1,0.3714446723461151,0.21027320623397827,0.3714446723461151,-0.16117146611213684,3.4179375
base,3,p275_384_mic2,p275,data\VCTK\wav48_silence_trimmed\p275\p275_384_mic2.flac,p287,0,1,0.3891245722770691,0.3081032633781433,0.3891245722770691,-0.08102130889892578,3.4179375
lca,1,p275_384_mic2,p275,data\VCTK\wav48_silence_trimmed\p275\p275_384_mic2.flac,p281,0,1,0.2922079265117645,0.11342818289995193,0.2922079265117645,-0.1787797436118126,3.4179375
lca,2,p275_384_mic2,p275,data\VCTK\wav48_silence_trimmed\p275\p275_384_mic2.flac,p347,0,1,0.339139848947525,0.19878360629081726,0.339139848947525,-0.14035624265670776,3.4179375
lca,3,p275_384_mic2,p275,data\VCTK\wav48_silence_trimmed\p275\p275_384_mic2.flac,p364,0,1,0.3644895553588867,0.2102663218975067,0.3644895553588867,-0.15422323346138,3.4179375
original,0,p276_045_mic2,p276,data\VCTK\wav48_silence_trimmed\p276\p276_045_mic2.flac,p276,1,1,0.6883265376091003,0.6883265376091003,0.6278613805770874,0.06046515703201294,2.92
base,1,p276_045_mic2,p276,data\VCTK\wav48_silence_trimmed\p276\p276_045_mic2.flac,p228,0,1,0.4491812586784363,0.212708979845047,0.4491812586784363,-0.23647227883338928,2.92
base,2,p276_045_mic2,p276,data\VCTK\wav48_silence_trimmed\p276\p276_045_mic2.flac,p228,0,1,0.4137378931045532,0.18603983521461487,0.4137378931045532,-0.22769805788993835,2.92
base,3,p276_045_mic2,p276,data\VCTK\wav48_silence_trimmed\p276\p276_045_mic2.flac,p228,0,1,0.42289045453071594,0.20668357610702515,0.42289045453071594,-0.2162068784236908,2.92
lca,1,p276_045_mic2,p276,data\VCTK\wav48_silence_trimmed\p276\p276_045_mic2.flac,p228,0,1,0.36749210953712463,0.058493852615356445,0.36749210953712463,-0.3089982569217682,2.92
lca,2,p276_045_mic2,p276,data\VCTK\wav48_silence_trimmed\p276\p276_045_mic2.flac,p280,0,1,0.44879621267318726,0.18547683954238892,0.44879621267318726,-0.26331937313079834,2.92
lca,3,p276_045_mic2,p276,data\VCTK\wav48_silence_trimmed\p276\p276_045_mic2.flac,p230,0,1,0.4580092430114746,0.20573733747005463,0.4580092430114746,-0.25227190554142,2.92
original,0,p276_147_mic1,p276,data\VCTK\wav48_silence_trimmed\p276\p276_147_mic1.flac,p276,1,1,0.7739995718002319,0.7739995718002319,0.4989888668060303,0.27501070499420166,2.61
base,1,p276_147_mic1,p276,data\VCTK\wav48_silence_trimmed\p276\p276_147_mic1.flac,p244,0,1,0.4377005100250244,0.2709188163280487,0.4377005100250244,-0.1667816936969757,2.61
base,2,p276_147_mic1,p276,data\VCTK\wav48_silence_trimmed\p276\p276_147_mic1.flac,p233,0,1,0.4325059950351715,0.42320966720581055,0.4325059950351715,-0.009296327829360962,2.61
base,3,p276_147_mic1,p276,data\VCTK\wav48_silence_trimmed\p276\p276_147_mic1.flac,p276,1,1,0.482175350189209,0.482175350189209,0.4604734778404236,0.0217018723487854,2.61
lca,1,p276_147_mic1,p276,data\VCTK\wav48_silence_trimmed\p276\p276_147_mic1.flac,p233,0,1,0.43015584349632263,0.12633326649665833,0.43015584349632263,-0.3038225769996643,2.61
lca,2,p276_147_mic1,p276,data\VCTK\wav48_silence_trimmed\p276\p276_147_mic1.flac,p233,0,1,0.48262321949005127,0.3008386492729187,0.48262321949005127,-0.18178457021713257,2.61
lca,3,p276_147_mic1,p276,data\VCTK\wav48_silence_trimmed\p276\p276_147_mic1.flac,p233,0,1,0.48811864852905273,0.3558086156845093,0.48811864852905273,-0.13231003284454346,2.61
original,0,p276_195_mic1,p276,data\VCTK\wav48_silence_trimmed\p276\p276_195_mic1.flac,p276,1,1,0.8133987188339233,0.8133987188339233,0.49738919734954834,0.316009521484375,3.4998125
base,1,p276_195_mic1,p276,data\VCTK\wav48_silence_trimmed\p276\p276_195_mic1.flac,p249,0,1,0.41138792037963867,0.3549327552318573,0.41138792037963867,-0.05645516514778137,3.4998125
base,2,p276_195_mic1,p276,data\VCTK\wav48_silence_trimmed\p276\p276_195_mic1.flac,p283,0,1,0.5163516998291016,0.3678993880748749,0.5163516998291016,-0.14845231175422668,3.4998125
base,3,p276_195_mic1,p276,data\VCTK\wav48_silence_trimmed\p276\p276_195_mic1.flac,p228,0,1,0.5332616567611694,0.42759767174720764,0.5332616567611694,-0.10566398501396179,3.4998125
lca,1,p276_195_mic1,p276,data\VCTK\wav48_silence_trimmed\p276\p276_195_mic1.flac,p283,0,1,0.3595189154148102,0.1731543242931366,0.3595189154148102,-0.18636459112167358,3.4998125
lca,2,p276_195_mic1,p276,data\VCTK\wav48_silence_trimmed\p276\p276_195_mic1.flac,p283,0,1,0.4771071672439575,0.3128429055213928,0.4771071672439575,-0.1642642617225647,3.4998125
lca,3,p276_195_mic1,p276,data\VCTK\wav48_silence_trimmed\p276\p276_195_mic1.flac,p250,0,1,0.535210371017456,0.3827994167804718,0.535210371017456,-0.15241095423698425,3.4998125
original,0,p276_254_mic1,p276,data\VCTK\wav48_silence_trimmed\p276\p276_254_mic1.flac,p276,1,1,0.7963427901268005,0.7963427901268005,0.4996104836463928,0.2967323064804077,4.0311875
base,1,p276_254_mic1,p276,data\VCTK\wav48_silence_trimmed\p276\p276_254_mic1.flac,p262,0,1,0.4051669239997864,0.24608752131462097,0.4051669239997864,-0.1590794026851654,4.0311875
base,2,p276_254_mic1,p276,data\VCTK\wav48_silence_trimmed\p276\p276_254_mic1.flac,p233,0,1,0.4435241222381592,0.2704477608203888,0.4435241222381592,-0.17307636141777039,4.0311875
base,3,p276_254_mic1,p276,data\VCTK\wav48_silence_trimmed\p276\p276_254_mic1.flac,p283,0,1,0.4889973998069763,0.3595641851425171,0.4889973998069763,-0.12943321466445923,4.0311875
lca,1,p276_254_mic1,p276,data\VCTK\wav48_silence_trimmed\p276\p276_254_mic1.flac,p340,0,1,0.4136471152305603,0.18238019943237305,0.4136471152305603,-0.23126691579818726,4.0311875
lca,2,p276_254_mic1,p276,data\VCTK\wav48_silence_trimmed\p276\p276_254_mic1.flac,p340,0,1,0.4993540644645691,0.19893701374530792,0.4993540644645691,-0.30041705071926117,4.0311875
lca,3,p276_254_mic1,p276,data\VCTK\wav48_silence_trimmed\p276\p276_254_mic1.flac,p340,0,1,0.5471891164779663,0.2704446315765381,0.5471891164779663,-0.2767444849014282,4.0311875
original,0,p276_361_mic1,p276,data\VCTK\wav48_silence_trimmed\p276\p276_361_mic1.flac,p276,1,1,0.7835782766342163,0.7835782766342163,0.5373782515525818,0.24620002508163452,3.4450625
base,1,p276_361_mic1,p276,data\VCTK\wav48_silence_trimmed\p276\p276_361_mic1.flac,p244,0,1,0.39765462279319763,0.23801179230213165,0.39765462279319763,-0.15964283049106598,3.4450625
base,2,p276_361_mic1,p276,data\VCTK\wav48_silence_trimmed\p276\p276_361_mic1.flac,p230,0,1,0.5033442974090576,0.3259027898311615,0.5033442974090576,-0.17744150757789612,3.4450625
base,3,p276_361_mic1,p276,data\VCTK\wav48_silence_trimmed\p276\p276_361_mic1.flac,p230,0,1,0.5084249973297119,0.43434977531433105,0.5084249973297119,-0.07407522201538086,3.4450625
lca,1,p276_361_mic1,p276,data\VCTK\wav48_silence_trimmed\p276\p276_361_mic1.flac,p280,0,1,0.45164766907691956,0.17313577234745026,0.45164766907691956,-0.2785118967294693,3.4450625
lca,2,p276_361_mic1,p276,data\VCTK\wav48_silence_trimmed\p276\p276_361_mic1.flac,p250,0,1,0.4998992681503296,0.24908286333084106,0.4998992681503296,-0.2508164048194885,3.4450625
lca,3,p276_361_mic1,p276,data\VCTK\wav48_silence_trimmed\p276\p276_361_mic1.flac,p250,0,1,0.5411183834075928,0.28847140073776245,0.5411183834075928,-0.2526469826698303,3.4450625
original,0,p277_319_mic2,p277,data\VCTK\wav48_silence_trimmed\p277\p277_319_mic2.flac,p277,1,1,0.7449873685836792,0.7449873685836792,0.40815967321395874,0.33682769536972046,2.2204375
base,1,p277_319_mic2,p277,data\VCTK\wav48_silence_trimmed\p277\p277_319_mic2.flac,p233,0,1,0.30470335483551025,0.1876501739025116,0.30470335483551025,-0.11705318093299866,2.2204375
base,2,p277_319_mic2,p277,data\VCTK\wav48_silence_trimmed\p277\p277_319_mic2.flac,p268,0,1,0.3810982406139374,0.30478590726852417,0.3810982406139374,-0.07631233334541321,2.2204375
base,3,p277_319_mic2,p277,data\VCTK\wav48_silence_trimmed\p277\p277_319_mic2.flac,p277,1,1,0.37530186772346497,0.37530186772346497,0.36005711555480957,0.015244752168655396,2.2204375
lca,1,p277_319_mic2,p277,data\VCTK\wav48_silence_trimmed\p277\p277_319_mic2.flac,p233,0,1,0.33198782801628113,0.08130045980215073,0.33198782801628113,-0.2506873682141304,2.2204375
lca,2,p277_319_mic2,p277,data\VCTK\wav48_silence_trimmed\p277\p277_319_mic2.flac,p280,0,1,0.36682480573654175,0.2117021232843399,0.36682480573654175,-0.15512268245220184,2.2204375
lca,3,p277_319_mic2,p277,data\VCTK\wav48_silence_trimmed\p277\p277_319_mic2.flac,p230,0,1,0.38019299507141113,0.3581429719924927,0.38019299507141113,-0.022050023078918457,2.2204375
original,0,p277_342_mic2,p277,data\VCTK\wav48_silence_trimmed\p277\p277_342_mic2.flac,p277,1,1,0.8723963499069214,0.8723963499069214,0.40491172671318054,0.46748462319374084,5.050125
base,1,p277_342_mic2,p277,data\VCTK\wav48_silence_trimmed\p277\p277_342_mic2.flac,p264,0,1,0.35395190119743347,0.32484930753707886,0.35395190119743347,-0.029102593660354614,5.050125
base,2,p277_342_mic2,p277,data\VCTK\wav48_silence_trimmed\p277\p277_342_mic2.flac,p277,1,1,0.5608021020889282,0.5608021020889282,0.4138972759246826,0.1469048261642456,5.050125
base,3,p277_342_mic2,p277,data\VCTK\wav48_silence_trimmed\p277\p277_342_mic2.flac,p277,1,1,0.6290671825408936,0.6290671825408936,0.44885438680648804,0.18021279573440552,5.050125
lca,1,p277_342_mic2,p277,data\VCTK\wav48_silence_trimmed\p277\p277_342_mic2.flac,p280,0,1,0.39271026849746704,0.30771729350090027,0.39271026849746704,-0.08499297499656677,5.050125
lca,2,p277_342_mic2,p277,data\VCTK\wav48_silence_trimmed\p277\p277_342_mic2.flac,p267,0,1,0.4507215619087219,0.41983598470687866,0.4507215619087219,-0.03088557720184326,5.050125
lca,3,p277_342_mic2,p277,data\VCTK\wav48_silence_trimmed\p277\p277_342_mic2.flac,p277,1,1,0.49135667085647583,0.49135667085647583,0.4659469723701477,0.025409698486328125,5.050125
original,0,p277_366_mic2,p277,data\VCTK\wav48_silence_trimmed\p277\p277_366_mic2.flac,p277,1,1,0.7039458751678467,0.7039458751678467,0.3793468177318573,0.3245990574359894,2.2535625
base,1,p277_366_mic2,p277,data\VCTK\wav48_silence_trimmed\p277\p277_366_mic2.flac,p244,0,1,0.3063502311706543,0.16614629328250885,0.3063502311706543,-0.14020393788814545,2.2535625
base,2,p277_366_mic2,p277,data\VCTK\wav48_silence_trimmed\p277\p277_366_mic2.flac,p257,0,1,0.3839714527130127,0.3321118652820587,0.3839714527130127,-0.05185958743095398,2.2535625
base,3,p277_366_mic2,p277,data\VCTK\wav48_silence_trimmed\p277\p277_366_mic2.flac,p277,1,1,0.4142352342605591,0.4142352342605591,0.4068096876144409,0.007425546646118164,2.2535625
lca,1,p277_366_mic2,p277,data\VCTK\wav48_silence_trimmed\p277\p277_366_mic2.flac,p314,0,1,0.28321167826652527,0.14603745937347412,0.28321167826652527,-0.13717421889305115,2.2535625
lca,2,p277_366_mic2,p277,data\VCTK\wav48_silence_trimmed\p277\p277_366_mic2.flac,p280,0,1,0.40292882919311523,0.3510860204696655,0.40292882919311523,-0.05184280872344971,2.2535625
lca,3,p277_366_mic2,p277,data\VCTK\wav48_silence_trimmed\p277\p277_366_mic2.flac,p277,1,1,0.45168808102607727,0.45168808102607727,0.4189791977405548,0.03270888328552246,2.2535625
original,0,p277_398_mic2,p277,data\VCTK\wav48_silence_trimmed\p277\p277_398_mic2.flac,p277,1,1,0.8673533201217651,0.8673533201217651,0.373060941696167,0.49429237842559814,3.9268125
base,1,p277_398_mic2,p277,data\VCTK\wav48_silence_trimmed\p277\p277_398_mic2.flac,p277,1,1,0.32449138164520264,0.32449138164520264,0.32184821367263794,0.0026431679725646973,3.9268125
base,2,p277_398_mic2,p277,data\VCTK\wav48_silence_trimmed\p277\p277_398_mic2.flac,p277,1,1,0.4701696038246155,0.4701696038246155,0.4208977222442627,0.04927188158035278,3.9268125
base,3,p277_398_mic2,p277,data\VCTK\wav48_silence_trimmed\p277\p277_398_mic2.flac,p277,1,1,0.5544546842575073,0.5544546842575073,0.45424607396125793,0.10020861029624939,3.9268125
lca,1,p277_398_mic2,p277,data\VCTK\wav48_silence_trimmed\p277\p277_398_mic2.flac,p262,0,1,0.3633025586605072,0.2070075273513794,0.3633025586605072,-0.1562950313091278,3.9268125
lca,2,p277_398_mic2,p277,data\VCTK\wav48_silence_trimmed\p277\p277_398_mic2.flac,p340,0,1,0.4172004461288452,0.37282857298851013,0.4172004461288452,-0.04437187314033508,3.9268125
lca,3,p277_398_mic2,p277,data\VCTK\wav48_silence_trimmed\p277\p277_398_mic2.flac,p277,1,1,0.4630422592163086,0.4630422592163086,0.45746976137161255,0.005572497844696045,3.9268125
original,0,p277_401_mic2,p277,data\VCTK\wav48_silence_trimmed\p277\p277_401_mic2.flac,p277,1,1,0.7971223592758179,0.7971223592758179,0.35344216227531433,0.44368019700050354,2.58475
base,1,p277_401_mic2,p277,data\VCTK\wav48_silence_trimmed\p277\p277_401_mic2.flac,p233,0,1,0.3353545665740967,0.2724621295928955,0.3353545665740967,-0.06289243698120117,2.58475
base,2,p277_401_mic2,p277,data\VCTK\wav48_silence_trimmed\p277\p277_401_mic2.flac,p277,1,1,0.4387646019458771,0.4387646019458771,0.3856092095375061,0.05315539240837097,2.58475
base,3,p277_401_mic2,p277,data\VCTK\wav48_silence_trimmed\p277\p277_401_mic2.flac,p277,1,1,0.455646812915802,0.455646812915802,0.4442406892776489,0.011406123638153076,2.58475
lca,1,p277_401_mic2,p277,data\VCTK\wav48_silence_trimmed\p277\p277_401_mic2.flac,p313,0,1,0.3700232207775116,0.18796512484550476,0.3700232207775116,-0.18205809593200684,2.58475
lca,2,p277_401_mic2,p277,data\VCTK\wav48_silence_trimmed\p277\p277_401_mic2.flac,p277,1,1,0.4351155161857605,0.4351155161857605,0.4212822914123535,0.013833224773406982,2.58475
lca,3,p277_401_mic2,p277,data\VCTK\wav48_silence_trimmed\p277\p277_401_mic2.flac,p277,1,1,0.5159148573875427,0.5159148573875427,0.4483238756656647,0.06759098172187805,2.58475
original,0,p278_036_mic2,p278,data\VCTK\wav48_silence_trimmed\p278\p278_036_mic2.flac,p278,1,1,0.8451391458511353,0.8451391458511353,0.3750167787075043,0.470122367143631,3.5466875
base,1,p278_036_mic2,p278,data\VCTK\wav48_silence_trimmed\p278\p278_036_mic2.flac,p360,0,1,0.30701741576194763,0.26809588074684143,0.30701741576194763,-0.0389215350151062,3.5466875
base,2,p278_036_mic2,p278,data\VCTK\wav48_silence_trimmed\p278\p278_036_mic2.flac,p278,1,1,0.4320911169052124,0.4320911169052124,0.39270883798599243,0.03938227891921997,3.5466875
base,3,p278_036_mic2,p278,data\VCTK\wav48_silence_trimmed\p278\p278_036_mic2.flac,p278,1,1,0.5333448648452759,0.5333448648452759,0.398318886756897,0.1350259780883789,3.5466875
lca,1,p278_036_mic2,p278,data\VCTK\wav48_silence_trimmed\p278\p278_036_mic2.flac,p281,0,1,0.37442514300346375,0.20873874425888062,0.37442514300346375,-0.16568639874458313,3.5466875
lca,2,p278_036_mic2,p278,data\VCTK\wav48_silence_trimmed\p278\p278_036_mic2.flac,p360,0,1,0.36645498871803284,0.32467007637023926,0.36645498871803284,-0.04178491234779358,3.5466875
lca,3,p278_036_mic2,p278,data\VCTK\wav48_silence_trimmed\p278\p278_036_mic2.flac,p278,1,1,0.44774606823921204,0.44774606823921204,0.3614610433578491,0.08628502488136292,3.5466875
original,0,p278_129_mic2,p278,data\VCTK\wav48_silence_trimmed\p278\p278_129_mic2.flac,p278,1,1,0.7141565084457397,0.7141565084457397,0.34817570447921753,0.3659808039665222,2.846875
base,1,p278_129_mic2,p278,data\VCTK\wav48_silence_trimmed\p278\p278_129_mic2.flac,p302,0,1,0.2899978756904602,0.26401302218437195,0.2899978756904602,-0.025984853506088257,2.846875
base,2,p278_129_mic2,p278,data\VCTK\wav48_silence_trimmed\p278\p278_129_mic2.flac,p292,0,1,0.41789478063583374,0.34588730335235596,0.41789478063583374,-0.07200747728347778,2.846875
base,3,p278_129_mic2,p278,data\VCTK\wav48_silence_trimmed\p278\p278_129_mic2.flac,p278,1,1,0.4177516996860504,0.4177516996860504,0.3894834816455841,0.02826821804046631,2.846875
lca,1,p278_129_mic2,p278,data\VCTK\wav48_silence_trimmed\p278\p278_129_mic2.flac,p364,0,1,0.31305110454559326,0.11086541414260864,0.31305110454559326,-0.20218569040298462,2.846875
lca,2,p278_129_mic2,p278,data\VCTK\wav48_silence_trimmed\p278\p278_129_mic2.flac,p281,0,1,0.29446494579315186,0.1440507024526596,0.29446494579315186,-0.15041424334049225,2.846875
lca,3,p278_129_mic2,p278,data\VCTK\wav48_silence_trimmed\p278\p278_129_mic2.flac,p247,0,1,0.2929335832595825,0.21827378869056702,0.2929335832595825,-0.0746597945690155,2.846875
original,0,p278_211_mic1,p278,data\VCTK\wav48_silence_trimmed\p278\p278_211_mic1.flac,p278,1,1,0.7211862802505493,0.7211862802505493,0.3883973956108093,0.33278888463974,2.8115
base,1,p278_211_mic1,p278,data\VCTK\wav48_silence_trimmed\p278\p278_211_mic1.flac,p316,0,1,0.2790006399154663,0.261885404586792,0.2790006399154663,-0.017115235328674316,2.8115
base,2,p278_211_mic1,p278,data\VCTK\wav48_silence_trimmed\p278\p278_211_mic1.flac,p278,1,1,0.4327623248100281,0.4327623248100281,0.40032175183296204,0.03244057297706604,2.8115
base,3,p278_211_mic1,p278,data\VCTK\wav48_silence_trimmed\p278\p278_211_mic1.flac,p311,0,1,0.40558815002441406,0.4006025493144989,0.40558815002441406,-0.004985600709915161,2.8115
lca,1,p278_211_mic1,p278,data\VCTK\wav48_silence_trimmed\p278\p278_211_mic1.flac,p364,0,1,0.3274758458137512,0.13579483330249786,0.3274758458137512,-0.19168101251125336,2.8115
lca,2,p278_211_mic1,p278,data\VCTK\wav48_silence_trimmed\p278\p278_211_mic1.flac,p281,0,1,0.35652631521224976,0.2187727391719818,0.35652631521224976,-0.13775357604026794,2.8115
lca,3,p278_211_mic1,p278,data\VCTK\wav48_silence_trimmed\p278\p278_211_mic1.flac,p281,0,1,0.3832278847694397,0.29928526282310486,0.3832278847694397,-0.08394262194633484,2.8115
original,0,p278_231_mic2,p278,data\VCTK\wav48_silence_trimmed\p278\p278_231_mic2.flac,p278,1,1,0.49952197074890137,0.49952197074890137,0.3729391098022461,0.12658286094665527,1.707875
base,1,p278_231_mic2,p278,data\VCTK\wav48_silence_trimmed\p278\p278_231_mic2.flac,p292,0,1,0.25812047719955444,0.07960277795791626,0.25812047719955444,-0.17851769924163818,1.707875
base,2,p278_231_mic2,p278,data\VCTK\wav48_silence_trimmed\p278\p278_231_mic2.flac,p292,0,1,0.31606554985046387,0.1812419891357422,0.31606554985046387,-0.13482356071472168,1.707875
base,3,p278_231_mic2,p278,data\VCTK\wav48_silence_trimmed\p278\p278_231_mic2.flac,p292,0,1,0.2927030324935913,0.2809213101863861,0.2927030324935913,-0.0117817223072052,1.707875
lca,1,p278_231_mic2,p278,data\VCTK\wav48_silence_trimmed\p278\p278_231_mic2.flac,p340,0,0,0.2072235643863678,0.039785005152225494,0.2072235643863678,-0.1674385592341423,1.707875
lca,2,p278_231_mic2,p278,data\VCTK\wav48_silence_trimmed\p278\p278_231_mic2.flac,p339,0,1,0.2669137716293335,0.12619593739509583,0.2669137716293335,-0.14071783423423767,1.707875
lca,3,p278_231_mic2,p278,data\VCTK\wav48_silence_trimmed\p278\p278_231_mic2.flac,p262,0,1,0.30432504415512085,0.1597108095884323,0.30432504415512085,-0.14461423456668854,1.707875
original,0,p278_353_mic1,p278,data\VCTK\wav48_silence_trimmed\p278\p278_353_mic1.flac,p278,1,1,0.688671350479126,0.688671350479126,0.3977612853050232,0.2909100651741028,3.5183125
base,1,p278_353_mic1,p278,data\VCTK\wav48_silence_trimmed\p278\p278_353_mic1.flac,p281,0,0,0.2489108443260193,0.19326408207416534,0.2489108443260193,-0.05564676225185394,3.5183125
base,2,p278_353_mic1,p278,data\VCTK\wav48_silence_trimmed\p278\p278_353_mic1.flac,p247,0,1,0.2882605791091919,0.2654285430908203,0.2882605791091919,-0.022832036018371582,3.5183125
base,3,p278_353_mic1,p278,data\VCTK\wav48_silence_trimmed\p278\p278_353_mic1.flac,p278,1,1,0.3161788582801819,0.3161788582801819,0.25900405645370483,0.05717480182647705,3.5183125
lca,1,p278_353_mic1,p278,data\VCTK\wav48_silence_trimmed\p278\p278_353_mic1.flac,p281,0,1,0.3228693902492523,0.059834279119968414,0.3228693902492523,-0.2630351111292839,3.5183125
lca,2,p278_353_mic1,p278,data\VCTK\wav48_silence_trimmed\p278\p278_353_mic1.flac,p281,0,1,0.35397106409072876,0.20526599884033203,0.35397106409072876,-0.14870506525039673,3.5183125
lca,3,p278_353_mic1,p278,data\VCTK\wav48_silence_trimmed\p278\p278_353_mic1.flac,p364,0,1,0.3294045925140381,0.2571831941604614,0.3294045925140381,-0.07222139835357666,3.5183125
original,0,p279_024_mic2,p279,data\VCTK\wav48_silence_trimmed\p279\p279_024_mic2.flac,p279,1,1,0.7103694677352905,0.7103694677352905,0.3059489130973816,0.40442055463790894,5.7640625
base,1,p279_024_mic2,p279,data\VCTK\wav48_silence_trimmed\p279\p279_024_mic2.flac,p364,0,1,0.29096296429634094,0.19125819206237793,0.29096296429634094,-0.09970477223396301,5.7640625
base,2,p279_024_mic2,p279,data\VCTK\wav48_silence_trimmed\p279\p279_024_mic2.flac,p279,1,1,0.34818917512893677,0.34818917512893677,0.2989877760410309,0.049201399087905884,5.7640625
base,3,p279_024_mic2,p279,data\VCTK\wav48_silence_trimmed\p279\p279_024_mic2.flac,p279,1,1,0.46803387999534607,0.46803387999534607,0.39544180035591125,0.07259207963943481,5.7640625
lca,1,p279_024_mic2,p279,data\VCTK\wav48_silence_trimmed\p279\p279_024_mic2.flac,p281,0,1,0.2655182182788849,0.15762662887573242,0.2655182182788849,-0.10789158940315247,5.7640625
lca,2,p279_024_mic2,p279,data\VCTK\wav48_silence_trimmed\p279\p279_024_mic2.flac,p364,0,1,0.2968100309371948,0.2018732726573944,0.2968100309371948,-0.09493675827980042,5.7640625
lca,3,p279_024_mic2,p279,data\VCTK\wav48_silence_trimmed\p279\p279_024_mic2.flac,p226,0,1,0.3349868059158325,0.27564483880996704,0.3349868059158325,-0.05934196710586548,5.7640625
original,0,p279_154_mic1,p279,data\VCTK\wav48_silence_trimmed\p279\p279_154_mic1.flac,p279,1,1,0.7043986320495605,0.7043986320495605,0.3445711135864258,0.35982751846313477,2.6003125
base,1,p279_154_mic1,p279,data\VCTK\wav48_silence_trimmed\p279\p279_154_mic1.flac,p287,0,1,0.25158125162124634,0.14122775197029114,0.25158125162124634,-0.1103534996509552,2.6003125
base,2,p279_154_mic1,p279,data\VCTK\wav48_silence_trimmed\p279\p279_154_mic1.flac,p279,1,1,0.38662275671958923,0.38662275671958923,0.3503994941711426,0.036223262548446655,2.6003125
base,3,p279_154_mic1,p279,data\VCTK\wav48_silence_trimmed\p279\p279_154_mic1.flac,p279,1,1,0.4676952362060547,0.4676952362060547,0.3934868574142456,0.07420837879180908,2.6003125
lca,1,p279_154_mic1,p279,data\VCTK\wav48_silence_trimmed\p279\p279_154_mic1.flac,p281,0,1,0.3169785439968109,0.23894551396369934,0.3169785439968109,-0.07803303003311157,2.6003125
lca,2,p279_154_mic1,p279,data\VCTK\wav48_silence_trimmed\p279\p279_154_mic1.flac,p226,0,1,0.3662569522857666,0.2644779086112976,0.3662569522857666,-0.101779043674469,2.6003125
lca,3,p279_154_mic1,p279,data\VCTK\wav48_silence_trimmed\p279\p279_154_mic1.flac,p259,0,1,0.36391720175743103,0.31510984897613525,0.36391720175743103,-0.048807352781295776,2.6003125
original,0,p279_180_mic1,p279,data\VCTK\wav48_silence_trimmed\p279\p279_180_mic1.flac,p279,1,1,0.7156631946563721,0.7156631946563721,0.3513040542602539,0.36435914039611816,2.3684375
base,1,p279_180_mic1,p279,data\VCTK\wav48_silence_trimmed\p279\p279_180_mic1.flac,p374,0,0,0.23266634345054626,0.1806746870279312,0.23266634345054626,-0.05199165642261505,2.3684375
base,2,p279_180_mic1,p279,data\VCTK\wav48_silence_trimmed\p279\p279_180_mic1.flac,p226,0,1,0.33807146549224854,0.2837315797805786,0.33807146549224854,-0.05433988571166992,2.3684375
base,3,p279_180_mic1,p279,data\VCTK\wav48_silence_trimmed\p279\p279_180_mic1.flac,p279,1,1,0.34353697299957275,0.34353697299957275,0.34220728278160095,0.0013296902179718018,2.3684375
lca,1,p279_180_mic1,p279,data\VCTK\wav48_silence_trimmed\p279\p279_180_mic1.flac,p281,0,1,0.2584846019744873,0.1240697130560875,0.2584846019744873,-0.1344148889183998,2.3684375
lca,2,p279_180_mic1,p279,data\VCTK\wav48_silence_trimmed\p279\p279_180_mic1.flac,p347,0,1,0.3613061308860779,0.21301515400409698,0.3613061308860779,-0.1482909768819809,2.3684375
lca,3,p279_180_mic1,p279,data\VCTK\wav48_silence_trimmed\p279\p279_180_mic1.flac,p226,0,1,0.35080307722091675,0.24880234897136688,0.35080307722091675,-0.10200072824954987,2.3684375
original,0,p279_214_mic1,p279,data\VCTK\wav48_silence_trimmed\p279\p279_214_mic1.flac,p279,1,1,0.7418815493583679,0.7418815493583679,0.29913681745529175,0.44274473190307617,2.568
base,1,p279_214_mic1,p279,data\VCTK\wav48_silence_trimmed\p279\p279_214_mic1.flac,p316,0,1,0.3059292733669281,0.12969422340393066,0.3059292733669281,-0.17623504996299744,2.568
base,2,p279_214_mic1,p279,data\VCTK\wav48_silence_trimmed\p279\p279_214_mic1.flac,p279,1,1,0.32963699102401733,0.32963699102401733,0.2658403515815735,0.06379663944244385,2.568
base,3,p279_214_mic1,p279,data\VCTK\wav48_silence_trimmed\p279\p279_214_mic1.flac,p247,0,1,0.3278374969959259,0.3001672625541687,0.3278374969959259,-0.027670234441757202,2.568
lca,1,p279_214_mic1,p279,data\VCTK\wav48_silence_trimmed\p279\p279_214_mic1.flac,p259,0,1,0.3560034930706024,0.14125649631023407,0.3560034930706024,-0.21474699676036835,2.568
lca,2,p279_214_mic1,p279,data\VCTK\wav48_silence_trimmed\p279\p279_214_mic1.flac,p259,0,1,0.34338581562042236,0.19583050906658173,0.34338581562042236,-0.14755530655384064,2.568
lca,3,p279_214_mic1,p279,data\VCTK\wav48_silence_trimmed\p279\p279_214_mic1.flac,p259,0,1,0.342457115650177,0.24612945318222046,0.342457115650177,-0.09632766246795654,2.568
original,0,p279_215_mic2,p279,data\VCTK\wav48_silence_trimmed\p279\p279_215_mic2.flac,p279,1,1,0.671198844909668,0.671198844909668,0.343894362449646,0.327304482460022,2.8364375
base,1,p279_215_mic2,p279,data\VCTK\wav48_silence_trimmed\p279\p279_215_mic2.flac,p302,0,1,0.3673384487628937,0.18419469892978668,0.3673384487628937,-0.183143749833107,2.8364375
base,2,p279_215_mic2,p279,data\VCTK\wav48_silence_trimmed\p279\p279_215_mic2.flac,p279,1,1,0.3814004063606262,0.3814004063606262,0.35570621490478516,0.025694191455841064,2.8364375
base,3,p279_215_mic2,p279,data\VCTK\wav48_silence_trimmed\p279\p279_215_mic2.flac,p258,0,1,0.42906081676483154,0.3506995737552643,0.42906081676483154,-0.07836124300956726,2.8364375
lca,1,p279_215_mic2,p279,data\VCTK\wav48_silence_trimmed\p279\p279_215_mic2.flac,p281,0,1,0.3595688045024872,0.13400492072105408,0.3595688045024872,-0.2255638837814331,2.8364375
lca,2,p279_215_mic2,p279,data\VCTK\wav48_silence_trimmed\p279\p279_215_mic2.flac,p281,0,1,0.33714479207992554,0.21186576783657074,0.33714479207992554,-0.1252790242433548,2.8364375
lca,3,p279_215_mic2,p279,data\VCTK\wav48_silence_trimmed\p279\p279_215_mic2.flac,p226,0,1,0.4476257264614105,0.3125652074813843,0.4476257264614105,-0.13506051898002625,2.8364375
original,0,p280_160_mic1,p280,data\VCTK\wav48_silence_trimmed\p280\p280_160_mic1.flac,p280,1,1,0.7525969743728638,0.7525969743728638,0.4589090049266815,0.29368796944618225,3.3879375
base,1,p280_160_mic1,p280,data\VCTK\wav48_silence_trimmed\p280\p280_160_mic1.flac,p257,0,1,0.3587217926979065,0.2357417792081833,0.3587217926979065,-0.1229800134897232,3.3879375
base,2,p280_160_mic1,p280,data\VCTK\wav48_silence_trimmed\p280\p280_160_mic1.flac,p280,1,1,0.49290627241134644,0.49290627241134644,0.43241024017333984,0.06049603223800659,3.3879375
base,3,p280_160_mic1,p280,data\VCTK\wav48_silence_trimmed\p280\p280_160_mic1.flac,p280,1,1,0.4928605556488037,0.4928605556488037,0.45152419805526733,0.04133635759353638,3.3879375
lca,1,p280_160_mic1,p280,data\VCTK\wav48_silence_trimmed\p280\p280_160_mic1.flac,p262,0,1,0.4196428060531616,0.3806295394897461,0.4196428060531616,-0.03901326656341553,3.3879375
lca,2,p280_160_mic1,p280,data\VCTK\wav48_silence_trimmed\p280\p280_160_mic1.flac,p262,0,1,0.45282015204429626,0.4127202033996582,0.45282015204429626,-0.04009994864463806,3.3879375
lca,3,p280_160_mic1,p280,data\VCTK\wav48_silence_trimmed\p280\p280_160_mic1.flac,p280,1,1,0.5191757678985596,0.5191757678985596,0.47973549365997314,0.039440274238586426,3.3879375
original,0,p280_178_mic1,p280,data\VCTK\wav48_silence_trimmed\p280\p280_178_mic1.flac,p280,1,1,0.8439903855323792,0.8439903855323792,0.5494617223739624,0.29452866315841675,3.8435625
base,1,p280_178_mic1,p280,data\VCTK\wav48_silence_trimmed\p280\p280_178_mic1.flac,p283,0,1,0.3452202081680298,0.29951539635658264,0.3452202081680298,-0.045704811811447144,3.8435625
base,2,p280_178_mic1,p280,data\VCTK\wav48_silence_trimmed\p280\p280_178_mic1.flac,p280,1,1,0.40335482358932495,0.40335482358932495,0.3883669376373291,0.01498788595199585,3.8435625
base,3,p280_178_mic1,p280,data\VCTK\wav48_silence_trimmed\p280\p280_178_mic1.flac,p280,1,1,0.5598515272140503,0.5598515272140503,0.4201712906360626,0.13968023657798767,3.8435625
lca,1,p280_178_mic1,p280,data\VCTK\wav48_silence_trimmed\p280\p280_178_mic1.flac,p280,1,1,0.3838314712047577,0.3838314712047577,0.37301820516586304,0.010813266038894653,3.8435625
lca,2,p280_178_mic1,p280,data\VCTK\wav48_silence_trimmed\p280\p280_178_mic1.flac,p280,1,1,0.5136457085609436,0.5136457085609436,0.4706735610961914,0.0429721474647522,3.8435625
lca,3,p280_178_mic1,p280,data\VCTK\wav48_silence_trimmed\p280\p280_178_mic1.flac,p280,1,1,0.5614719986915588,0.5614719986915588,0.48320624232292175,0.07826575636863708,3.8435625
original,0,p280_204_mic1,p280,data\VCTK\wav48_silence_trimmed\p280\p280_204_mic1.flac,p280,1,1,0.8097065687179565,0.8097065687179565,0.5776749849319458,0.23203158378601074,3.372
base,1,p280_204_mic1,p280,data\VCTK\wav48_silence_trimmed\p280\p280_204_mic1.flac,p262,0,1,0.35696983337402344,0.3159336447715759,0.35696983337402344,-0.04103618860244751,3.372
base,2,p280_204_mic1,p280,data\VCTK\wav48_silence_trimmed\p280\p280_204_mic1.flac,p293,0,1,0.4132532477378845,0.4019923806190491,0.4132532477378845,-0.01126086711883545,3.372
base,3,p280_204_mic1,p280,data\VCTK\wav48_silence_trimmed\p280\p280_204_mic1.flac,p280,1,1,0.47569820284843445,0.47569820284843445,0.4518525004386902,0.023845702409744263,3.372
lca,1,p280_204_mic1,p280,data\VCTK\wav48_silence_trimmed\p280\p280_204_mic1.flac,p280,1,1,0.41276121139526367,0.41276121139526367,0.4037829637527466,0.00897824764251709,3.372
lca,2,p280_204_mic1,p280,data\VCTK\wav48_silence_trimmed\p280\p280_204_mic1.flac,p280,1,1,0.531255841255188,0.531255841255188,0.4503306746482849,0.08092516660690308,3.372
lca,3,p280_204_mic1,p280,data\VCTK\wav48_silence_trimmed\p280\p280_204_mic1.flac,p280,1,1,0.511711061000824,0.511711061000824,0.4451504945755005,0.06656056642532349,3.372
original,0,p280_264_mic1,p280,data\VCTK\wav48_silence_trimmed\p280\p280_264_mic1.flac,p280,1,1,0.8470161557197571,0.8470161557197571,0.5480881929397583,0.2989279627799988,3.1499375
base,1,p280_264_mic1,p280,data\VCTK\wav48_silence_trimmed\p280\p280_264_mic1.flac,p262,0,1,0.3706483244895935,0.36717602610588074,0.3706483244895935,-0.0034722983837127686,3.1499375
base,2,p280_264_mic1,p280,data\VCTK\wav48_silence_trimmed\p280\p280_264_mic1.flac,p262,0,1,0.4456084966659546,0.437618613243103,0.4456084966659546,-0.007989883422851562,3.1499375
base,3,p280_264_mic1,p280,data\VCTK\wav48_silence_trimmed\p280\p280_264_mic1.flac,p280,1,1,0.5132402777671814,0.5132402777671814,0.4667291045188904,0.046511173248291016,3.1499375
lca,1,p280_264_mic1,p280,data\VCTK\wav48_silence_trimmed\p280\p280_264_mic1.flac,p280,1,1,0.5522676706314087,0.5522676706314087,0.45446068048477173,0.09780699014663696,3.1499375
lca,2,p280_264_mic1,p280,data\VCTK\wav48_silence_trimmed\p280\p280_264_mic1.flac,p280,1,1,0.6573768854141235,0.6573768854141235,0.48695626854896545,0.17042061686515808,3.1499375
lca,3,p280_264_mic1,p280,data\VCTK\wav48_silence_trimmed\p280\p280_264_mic1.flac,p280,1,1,0.6713804602622986,0.6713804602622986,0.532149076461792,0.1392313838005066,3.1499375
original,0,p280_268_mic1,p280,data\VCTK\wav48_silence_trimmed\p280\p280_268_mic1.flac,p280,1,1,0.8019771575927734,0.8019771575927734,0.5600941181182861,0.2418830394744873,3.0318125
base,1,p280_268_mic1,p280,data\VCTK\wav48_silence_trimmed\p280\p280_268_mic1.flac,p268,0,1,0.36716949939727783,0.2878428101539612,0.36716949939727783,-0.07932668924331665,3.0318125
base,2,p280_268_mic1,p280,data\VCTK\wav48_silence_trimmed\p280\p280_268_mic1.flac,p230,0,1,0.42716312408447266,0.38765186071395874,0.42716312408447266,-0.039511263370513916,3.0318125
base,3,p280_268_mic1,p280,data\VCTK\wav48_silence_trimmed\p280\p280_268_mic1.flac,p230,0,1,0.44498103857040405,0.4236268997192383,0.44498103857040405,-0.02135413885116577,3.0318125
lca,1,p280_268_mic1,p280,data\VCTK\wav48_silence_trimmed\p280\p280_268_mic1.flac,p280,1,1,0.4292811155319214,0.4292811155319214,0.40470582246780396,0.02457529306411743,3.0318125
lca,2,p280_268_mic1,p280,data\VCTK\wav48_silence_trimmed\p280\p280_268_mic1.flac,p280,1,1,0.5685052871704102,0.5685052871704102,0.4775533080101013,0.09095197916030884,3.0318125
lca,3,p280_268_mic1,p280,data\VCTK\wav48_silence_trimmed\p280\p280_268_mic1.flac,p280,1,1,0.5952527523040771,0.5952527523040771,0.5217881202697754,0.07346463203430176,3.0318125
original,0,p281_151_mic1,p281,data\VCTK\wav48_silence_trimmed\p281\p281_151_mic1.flac,p281,1,1,0.6400134563446045,0.6400134563446045,0.3408540189266205,0.299159437417984,2.7236875
base,1,p281_151_mic1,p281,data\VCTK\wav48_silence_trimmed\p281\p281_151_mic1.flac,p281,1,1,0.3276611566543579,0.3276611566543579,0.27145683765411377,0.05620431900024414,2.7236875
base,2,p281_151_mic1,p281,data\VCTK\wav48_silence_trimmed\p281\p281_151_mic1.flac,p281,1,1,0.43069687485694885,0.43069687485694885,0.28820231556892395,0.1424945592880249,2.7236875
base,3,p281_151_mic1,p281,data\VCTK\wav48_silence_trimmed\p281\p281_151_mic1.flac,p281,1,1,0.47903090715408325,0.47903090715408325,0.26454776525497437,0.2144831418991089,2.7236875
lca,1,p281_151_mic1,p281,data\VCTK\wav48_silence_trimmed\p281\p281_151_mic1.flac,p281,1,1,0.4156852960586548,0.4156852960586548,0.2958466410636902,0.1198386549949646,2.7236875
lca,2,p281_151_mic1,p281,data\VCTK\wav48_silence_trimmed\p281\p281_151_mic1.flac,p281,1,1,0.5333976745605469,0.5333976745605469,0.3128715753555298,0.2205260992050171,2.7236875
lca,3,p281_151_mic1,p281,data\VCTK\wav48_silence_trimmed\p281\p281_151_mic1.flac,p281,1,1,0.6085939407348633,0.6085939407348633,0.2998489737510681,0.30874496698379517,2.7236875
original,0,p281_162_mic1,p281,data\VCTK\wav48_silence_trimmed\p281\p281_162_mic1.flac,p281,1,1,0.5462286472320557,0.5462286472320557,0.38021254539489746,0.1660161018371582,2.2205625
base,1,p281_162_mic1,p281,data\VCTK\wav48_silence_trimmed\p281\p281_162_mic1.flac,p233,0,1,0.25946012139320374,0.20167618989944458,0.25946012139320374,-0.057783931493759155,2.2205625
base,2,p281_162_mic1,p281,data\VCTK\wav48_silence_trimmed\p281\p281_162_mic1.flac,p292,0,1,0.37448447942733765,0.3679603934288025,0.37448447942733765,-0.006524085998535156,2.2205625
base,3,p281_162_mic1,p281,data\VCTK\wav48_silence_trimmed\p281\p281_162_mic1.flac,p281,1,1,0.42364823818206787,0.42364823818206787,0.3384404480457306,0.08520779013633728,2.2205625
lca,1,p281_162_mic1,p281,data\VCTK\wav48_silence_trimmed\p281\p281_162_mic1.flac,p364,0,1,0.37194836139678955,0.3486417531967163,0.37194836139678955,-0.023306608200073242,2.2205625
lca,2,p281_162_mic1,p281,data\VCTK\wav48_silence_trimmed\p281\p281_162_mic1.flac,p376,0,1,0.3761296272277832,0.3502957224845886,0.3761296272277832,-0.02583390474319458,2.2205625
lca,3,p281_162_mic1,p281,data\VCTK\wav48_silence_trimmed\p281\p281_162_mic1.flac,p281,1,1,0.42738744616508484,0.42738744616508484,0.3281812071800232,0.09920623898506165,2.2205625
original,0,p281_198_mic2,p281,data\VCTK\wav48_silence_trimmed\p281\p281_198_mic2.flac,p281,1,1,0.732215404510498,0.732215404510498,0.360431432723999,0.371783971786499,3.107375
base,1,p281_198_mic2,p281,data\VCTK\wav48_silence_trimmed\p281\p281_198_mic2.flac,p281,1,1,0.34430956840515137,0.34430956840515137,0.29804527759552,0.04626429080963135,3.107375
base,2,p281_198_mic2,p281,data\VCTK\wav48_silence_trimmed\p281\p281_198_mic2.flac,p281,1,1,0.3471527695655823,0.3471527695655823,0.3096150755882263,0.03753769397735596,3.107375
base,3,p281_198_mic2,p281,data\VCTK\wav48_silence_trimmed\p281\p281_198_mic2.flac,p281,1,1,0.47535213828086853,0.47535213828086853,0.33944886922836304,0.1359032690525055,3.107375
lca,1,p281_198_mic2,p281,data\VCTK\wav48_silence_trimmed\p281\p281_198_mic2.flac,p281,1,1,0.4052422046661377,0.4052422046661377,0.3365713357925415,0.06867086887359619,3.107375
lca,2,p281_198_mic2,p281,data\VCTK\wav48_silence_trimmed\p281\p281_198_mic2.flac,p281,1,1,0.5319520831108093,0.5319520831108093,0.32141369581222534,0.21053838729858398,3.107375
lca,3,p281_198_mic2,p281,data\VCTK\wav48_silence_trimmed\p281\p281_198_mic2.flac,p281,1,1,0.5624648332595825,0.5624648332595825,0.2943156361579895,0.268149197101593,3.107375
original,0,p281_357_mic2,p281,data\VCTK\wav48_silence_trimmed\p281\p281_357_mic2.flac,p281,1,1,0.655078649520874,0.655078649520874,0.3527117371559143,0.3023669123649597,2.427125
base,1,p281_357_mic2,p281,data\VCTK\wav48_silence_trimmed\p281\p281_357_mic2.flac,p302,0,1,0.2928697168827057,0.2233184278011322,0.2928697168827057,-0.06955128908157349,2.427125
base,2,p281_357_mic2,p281,data\VCTK\wav48_silence_trimmed\p281\p281_357_mic2.flac,p298,0,1,0.2933393120765686,0.2544748783111572,0.2933393120765686,-0.03886443376541138,2.427125
base,3,p281_357_mic2,p281,data\VCTK\wav48_silence_trimmed\p281\p281_357_mic2.flac,p281,1,1,0.3699636459350586,0.3699636459350586,0.348613977432251,0.021349668502807617,2.427125
lca,1,p281_357_mic2,p281,data\VCTK\wav48_silence_trimmed\p281\p281_357_mic2.flac,p316,0,1,0.31243014335632324,0.23495493829250336,0.31243014335632324,-0.07747520506381989,2.427125
lca,2,p281_357_mic2,p281,data\VCTK\wav48_silence_trimmed\p281\p281_357_mic2.flac,p281,1,1,0.32409369945526123,0.32409369945526123,0.28764092922210693,0.0364527702331543,2.427125
lca,3,p281_357_mic2,p281,data\VCTK\wav48_silence_trimmed\p281\p281_357_mic2.flac,p281,1,1,0.4116089344024658,0.4116089344024658,0.2884747385978699,0.12313419580459595,2.427125
original,0,p281_366_mic1,p281,data\VCTK\wav48_silence_trimmed\p281\p281_366_mic1.flac,p281,1,1,0.6526161432266235,0.6526161432266235,0.34066805243492126,0.31194809079170227,3.276625
base,1,p281_366_mic1,p281,data\VCTK\wav48_silence_trimmed\p281\p281_366_mic1.flac,p364,0,1,0.3698846697807312,0.25702565908432007,0.3698846697807312,-0.11285901069641113,3.276625
base,2,p281_366_mic1,p281,data\VCTK\wav48_silence_trimmed\p281\p281_366_mic1.flac,p281,1,1,0.4226340055465698,0.4226340055465698,0.33212167024612427,0.09051233530044556,3.276625
base,3,p281_366_mic1,p281,data\VCTK\wav48_silence_trimmed\p281\p281_366_mic1.flac,p281,1,1,0.5509304404258728,0.5509304404258728,0.3360699713230133,0.2148604691028595,3.276625
lca,1,p281_366_mic1,p281,data\VCTK\wav48_silence_trimmed\p281\p281_366_mic1.flac,p281,1,1,0.33268117904663086,0.33268117904663086,0.28539156913757324,0.04728960990905762,3.276625
lca,2,p281_366_mic1,p281,data\VCTK\wav48_silence_trimmed\p281\p281_366_mic1.flac,p281,1,1,0.39872443675994873,0.39872443675994873,0.3069368600845337,0.09178757667541504,3.276625
lca,3,p281_366_mic1,p281,data\VCTK\wav48_silence_trimmed\p281\p281_366_mic1.flac,p281,1,1,0.5486505031585693,0.5486505031585693,0.30079078674316406,0.24785971641540527,3.276625
original,0,p282_026_mic1,p282,data\VCTK\wav48_silence_trimmed\p282\p282_026_mic1.flac,p282,1,1,0.7859259843826294,0.7859259843826294,0.515569269657135,0.2703567147254944,4.580125
base,1,p282_026_mic1,p282,data\VCTK\wav48_silence_trimmed\p282\p282_026_mic1.flac,p301,0,1,0.46797388792037964,0.2479567527770996,0.46797388792037964,-0.22001713514328003,4.580125
base,2,p282_026_mic1,p282,data\VCTK\wav48_silence_trimmed\p282\p282_026_mic1.flac,p301,0,1,0.5082291960716248,0.30321204662323,0.5082291960716248,-0.20501714944839478,4.580125
base,3,p282_026_mic1,p282,data\VCTK\wav48_silence_trimmed\p282\p282_026_mic1.flac,p262,0,1,0.49861228466033936,0.3863058090209961,0.49861228466033936,-0.11230647563934326,4.580125
lca,1,p282_026_mic1,p282,data\VCTK\wav48_silence_trimmed\p282\p282_026_mic1.flac,p280,0,1,0.41268670558929443,0.16621553897857666,0.41268670558929443,-0.24647116661071777,4.580125
lca,2,p282_026_mic1,p282,data\VCTK\wav48_silence_trimmed\p282\p282_026_mic1.flac,p262,0,1,0.4945290982723236,0.2637850344181061,0.4945290982723236,-0.23074406385421753,4.580125
lca,3,p282_026_mic1,p282,data\VCTK\wav48_silence_trimmed\p282\p282_026_mic1.flac,p250,0,1,0.5034791827201843,0.2984939217567444,0.5034791827201843,-0.20498526096343994,4.580125
original,0,p282_083_mic2,p282,data\VCTK\wav48_silence_trimmed\p282\p282_083_mic2.flac,p282,1,1,0.7191272974014282,0.7191272974014282,0.46493518352508545,0.2541921138763428,1.743625
base,1,p282_083_mic2,p282,data\VCTK\wav48_silence_trimmed\p282\p282_083_mic2.flac,p253,0,1,0.37882310152053833,0.18375776708126068,0.37882310152053833,-0.19506533443927765,1.743625
base,2,p282_083_mic2,p282,data\VCTK\wav48_silence_trimmed\p282\p282_083_mic2.flac,p253,0,1,0.4306749999523163,0.27207738161087036,0.4306749999523163,-0.15859761834144592,1.743625
base,3,p282_083_mic2,p282,data\VCTK\wav48_silence_trimmed\p282\p282_083_mic2.flac,p306,0,1,0.3586071729660034,0.27628183364868164,0.3586071729660034,-0.08232533931732178,1.743625
lca,1,p282_083_mic2,p282,data\VCTK\wav48_silence_trimmed\p282\p282_083_mic2.flac,p280,0,1,0.3411758840084076,0.1856018304824829,0.3411758840084076,-0.15557405352592468,1.743625
lca,2,p282_083_mic2,p282,data\VCTK\wav48_silence_trimmed\p282\p282_083_mic2.flac,p280,0,1,0.32448309659957886,0.193296879529953,0.32448309659957886,-0.13118621706962585,1.743625
lca,3,p282_083_mic2,p282,data\VCTK\wav48_silence_trimmed\p282\p282_083_mic2.flac,p280,0,1,0.29907944798469543,0.18186374008655548,0.29907944798469543,-0.11721570789813995,1.743625
original,0,p282_106_mic2,p282,data\VCTK\wav48_silence_trimmed\p282\p282_106_mic2.flac,p282,1,1,0.6844536066055298,0.6844536066055298,0.4026159644126892,0.2818376421928406,2.564375
base,1,p282_106_mic2,p282,data\VCTK\wav48_silence_trimmed\p282\p282_106_mic2.flac,p295,0,1,0.35280245542526245,0.22364197671413422,0.35280245542526245,-0.12916047871112823,2.564375
base,2,p282_106_mic2,p282,data\VCTK\wav48_silence_trimmed\p282\p282_106_mic2.flac,p295,0,1,0.34326040744781494,0.21428337693214417,0.34326040744781494,-0.12897703051567078,2.564375
base,3,p282_106_mic2,p282,data\VCTK\wav48_silence_trimmed\p282\p282_106_mic2.flac,p277,0,1,0.37435638904571533,0.28820160031318665,0.37435638904571533,-0.08615478873252869,2.564375
lca,1,p282_106_mic2,p282,data\VCTK\wav48_silence_trimmed\p282\p282_106_mic2.flac,p262,0,1,0.34792792797088623,0.14593258500099182,0.34792792797088623,-0.2019953429698944,2.564375
lca,2,p282_106_mic2,p282,data\VCTK\wav48_silence_trimmed\p282\p282_106_mic2.flac,p262,0,1,0.36882108449935913,0.235665425658226,0.36882108449935913,-0.13315565884113312,2.564375
lca,3,p282_106_mic2,p282,data\VCTK\wav48_silence_trimmed\p282\p282_106_mic2.flac,p295,0,1,0.3902777433395386,0.3101905286312103,0.3902777433395386,-0.08008721470832825,2.564375
original,0,p282_190_mic1,p282,data\VCTK\wav48_silence_trimmed\p282\p282_190_mic1.flac,p282,1,1,0.7772229909896851,0.7772229909896851,0.46121299266815186,0.3160099983215332,2.5915625
base,1,p282_190_mic1,p282,data\VCTK\wav48_silence_trimmed\p282\p282_190_mic1.flac,p225,0,1,0.36383289098739624,0.23566317558288574,0.36383289098739624,-0.1281697154045105,2.5915625
base,2,p282_190_mic1,p282,data\VCTK\wav48_silence_trimmed\p282\p282_190_mic1.flac,p262,0,1,0.33554184436798096,0.3028271198272705,0.33554184436798096,-0.03271472454071045,2.5915625
base,3,p282_190_mic1,p282,data\VCTK\wav48_silence_trimmed\p282\p282_190_mic1.flac,p262,0,1,0.48644930124282837,0.35487860441207886,0.48644930124282837,-0.1315706968307495,2.5915625
lca,1,p282_190_mic1,p282,data\VCTK\wav48_silence_trimmed\p282\p282_190_mic1.flac,p314,0,1,0.33302193880081177,0.15628954768180847,0.33302193880081177,-0.1767323911190033,2.5915625
lca,2,p282_190_mic1,p282,data\VCTK\wav48_silence_trimmed\p282\p282_190_mic1.flac,p314,0,1,0.4065912961959839,0.1614774465560913,0.4065912961959839,-0.24511384963989258,2.5915625
lca,3,p282_190_mic1,p282,data\VCTK\wav48_silence_trimmed\p282\p282_190_mic1.flac,p314,0,1,0.43519464135169983,0.22815826535224915,0.43519464135169983,-0.20703637599945068,2.5915625
original,0,p282_237_mic1,p282,data\VCTK\wav48_silence_trimmed\p282\p282_237_mic1.flac,p282,1,1,0.8196823596954346,0.8196823596954346,0.42232945561408997,0.3973529040813446,3.8191875
base,1,p282_237_mic1,p282,data\VCTK\wav48_silence_trimmed\p282\p282_237_mic1.flac,p250,0,1,0.3377436697483063,0.12594303488731384,0.3377436697483063,-0.21180063486099243,3.8191875
base,2,p282_237_mic1,p282,data\VCTK\wav48_silence_trimmed\p282\p282_237_mic1.flac,p262,0,1,0.4028526544570923,0.31353485584259033,0.4028526544570923,-0.08931779861450195,3.8191875
base,3,p282_237_mic1,p282,data\VCTK\wav48_silence_trimmed\p282\p282_237_mic1.flac,p262,0,1,0.40854719281196594,0.3937208652496338,0.40854719281196594,-0.014826327562332153,3.8191875
lca,1,p282_237_mic1,p282,data\VCTK\wav48_silence_trimmed\p282\p282_237_mic1.flac,p280,0,1,0.31648942828178406,0.09817329049110413,0.31648942828178406,-0.21831613779067993,3.8191875
lca,2,p282_237_mic1,p282,data\VCTK\wav48_silence_trimmed\p282\p282_237_mic1.flac,p262,0,1,0.4254699945449829,0.2205936312675476,0.4254699945449829,-0.2048763632774353,3.8191875
lca,3,p282_237_mic1,p282,data\VCTK\wav48_silence_trimmed\p282\p282_237_mic1.flac,p262,0,1,0.4499635696411133,0.31028619408607483,0.4499635696411133,-0.13967737555503845,3.8191875
original,0,p283_050_mic1,p283,data\VCTK\wav48_silence_trimmed\p283\p283_050_mic1.flac,p283,1,1,0.7594084739685059,0.7594084739685059,0.519252359867096,0.2401561141014099,2.8639375
base,1,p283_050_mic1,p283,data\VCTK\wav48_silence_trimmed\p283\p283_050_mic1.flac,p283,1,1,0.42589449882507324,0.42589449882507324,0.4248257279396057,0.0010687708854675293,2.8639375
base,2,p283_050_mic1,p283,data\VCTK\wav48_silence_trimmed\p283\p283_050_mic1.flac,p283,1,1,0.5150521993637085,0.5150521993637085,0.40460050106048584,0.11045169830322266,2.8639375
base,3,p283_050_mic1,p283,data\VCTK\wav48_silence_trimmed\p283\p283_050_mic1.flac,p283,1,1,0.5935349464416504,0.5935349464416504,0.4495193362236023,0.1440156102180481,2.8639375
lca,1,p283_050_mic1,p283,data\VCTK\wav48_silence_trimmed\p283\p283_050_mic1.flac,p230,0,1,0.38896024227142334,0.38247981667518616,0.38896024227142334,-0.006480425596237183,2.8639375
lca,2,p283_050_mic1,p283,data\VCTK\wav48_silence_trimmed\p283\p283_050_mic1.flac,p283,1,1,0.49076664447784424,0.49076664447784424,0.46340593695640564,0.0273607075214386,2.8639375
lca,3,p283_050_mic1,p283,data\VCTK\wav48_silence_trimmed\p283\p283_050_mic1.flac,p283,1,1,0.5043269395828247,0.5043269395828247,0.43925976753234863,0.06506717205047607,2.8639375
original,0,p283_196_mic1,p283,data\VCTK\wav48_silence_trimmed\p283\p283_196_mic1.flac,p283,1,1,0.7174793481826782,0.7174793481826782,0.44408875703811646,0.27339059114456177,2.817375
base,1,p283_196_mic1,p283,data\VCTK\wav48_silence_trimmed\p283\p283_196_mic1.flac,p329,0,1,0.32362014055252075,0.296202689409256,0.32362014055252075,-0.02741745114326477,2.817375
base,2,p283_196_mic1,p283,data\VCTK\wav48_silence_trimmed\p283\p283_196_mic1.flac,p305,0,1,0.3549444079399109,0.3465697467327118,0.3549444079399109,-0.008374661207199097,2.817375
base,3,p283_196_mic1,p283,data\VCTK\wav48_silence_trimmed\p283\p283_196_mic1.flac,p283,1,1,0.4145349860191345,0.4145349860191345,0.3423536717891693,0.07218131422996521,2.817375
lca,1,p283_196_mic1,p283,data\VCTK\wav48_silence_trimmed\p283\p283_196_mic1.flac,p250,0,1,0.38683339953422546,0.2893149256706238,0.38683339953422546,-0.09751847386360168,2.817375
lca,2,p283_196_mic1,p283,data\VCTK\wav48_silence_trimmed\p283\p283_196_mic1.flac,p339,0,1,0.39243996143341064,0.3854222297668457,0.39243996143341064,-0.007017731666564941,2.817375
lca,3,p283_196_mic1,p283,data\VCTK\wav48_silence_trimmed\p283\p283_196_mic1.flac,p340,0,1,0.4140368103981018,0.4066072702407837,0.4140368103981018,-0.007429540157318115,2.817375
original,0,p283_233_mic1,p283,data\VCTK\wav48_silence_trimmed\p283\p283_233_mic1.flac,p283,1,1,0.5722309947013855,0.5722309947013855,0.47348636388778687,0.09874463081359863,2.8610625
base,1,p283_233_mic1,p283,data\VCTK\wav48_silence_trimmed\p283\p283_233_mic1.flac,p280,0,1,0.3203558027744293,0.2579851746559143,0.3203558027744293,-0.062370628118515015,2.8610625
base,2,p283_233_mic1,p283,data\VCTK\wav48_silence_trimmed\p283\p283_233_mic1.flac,p283,1,1,0.40596604347229004,0.40596604347229004,0.3507646918296814,0.05520135164260864,2.8610625
base,3,p283_233_mic1,p283,data\VCTK\wav48_silence_trimmed\p283\p283_233_mic1.flac,p283,1,1,0.5010325908660889,0.5010325908660889,0.39121758937835693,0.10981500148773193,2.8610625
lca,1,p283_233_mic1,p283,data\VCTK\wav48_silence_trimmed\p283\p283_233_mic1.flac,p280,0,1,0.3368404507637024,0.2971153259277344,0.3368404507637024,-0.03972512483596802,2.8610625
lca,2,p283_233_mic1,p283,data\VCTK\wav48_silence_trimmed\p283\p283_233_mic1.flac,p283,1,1,0.33017241954803467,0.33017241954803467,0.32952407002449036,0.0006483495235443115,2.8610625
lca,3,p283_233_mic1,p283,data\VCTK\wav48_silence_trimmed\p283\p283_233_mic1.flac,p340,0,1,0.4159224033355713,0.3412632346153259,0.4159224033355713,-0.07465916872024536,2.8610625
original,0,p283_291_mic2,p283,data\VCTK\wav48_silence_trimmed\p283\p283_291_mic2.flac,p283,1,1,0.6879072785377502,0.6879072785377502,0.33728182315826416,0.3506254553794861,2.266
base,1,p283_291_mic2,p283,data\VCTK\wav48_silence_trimmed\p283\p283_291_mic2.flac,p253,0,1,0.3770485520362854,0.3757781982421875,0.3770485520362854,-0.0012703537940979004,2.266
base,2,p283_291_mic2,p283,data\VCTK\wav48_silence_trimmed\p283\p283_291_mic2.flac,p283,1,1,0.4649463891983032,0.4649463891983032,0.37245821952819824,0.09248816967010498,2.266
base,3,p283_291_mic2,p283,data\VCTK\wav48_silence_trimmed\p283\p283_291_mic2.flac,p283,1,1,0.4414260685443878,0.4414260685443878,0.39014118909835815,0.05128487944602966,2.266
lca,1,p283_291_mic2,p283,data\VCTK\wav48_silence_trimmed\p283\p283_291_mic2.flac,p283,1,1,0.37098610401153564,0.37098610401153564,0.3686174154281616,0.0023686885833740234,2.266
lca,2,p283_291_mic2,p283,data\VCTK\wav48_silence_trimmed\p283\p283_291_mic2.flac,p283,1,1,0.4117313623428345,0.4117313623428345,0.3708112835884094,0.04092007875442505,2.266
lca,3,p283_291_mic2,p283,data\VCTK\wav48_silence_trimmed\p283\p283_291_mic2.flac,p248,0,1,0.43462827801704407,0.426774263381958,0.43462827801704407,-0.00785401463508606,2.266
original,0,p283_398_mic2,p283,data\VCTK\wav48_silence_trimmed\p283\p283_398_mic2.flac,p283,1,1,0.7955774664878845,0.7955774664878845,0.3800371587276459,0.41554030776023865,2.608
base,1,p283_398_mic2,p283,data\VCTK\wav48_silence_trimmed\p283\p283_398_mic2.flac,p283,1,1,0.4486757814884186,0.4486757814884186,0.3543747663497925,0.0943010151386261,2.608
base,2,p283_398_mic2,p283,data\VCTK\wav48_silence_trimmed\p283\p283_398_mic2.flac,p283,1,1,0.42940306663513184,0.42940306663513184,0.3813432455062866,0.048059821128845215,2.608
base,3,p283_398_mic2,p283,data\VCTK\wav48_silence_trimmed\p283\p283_398_mic2.flac,p283,1,1,0.46456319093704224,0.46456319093704224,0.3999136686325073,0.06464952230453491,2.608
lca,1,p283_398_mic2,p283,data\VCTK\wav48_silence_trimmed\p283\p283_398_mic2.flac,p314,0,1,0.3750605583190918,0.21914079785346985,0.3750605583190918,-0.15591976046562195,2.608
lca,2,p283_398_mic2,p283,data\VCTK\wav48_silence_trimmed\p283\p283_398_mic2.flac,p283,1,1,0.4358375072479248,0.4358375072479248,0.42236328125,0.013474225997924805,2.608
lca,3,p283_398_mic2,p283,data\VCTK\wav48_silence_trimmed\p283\p283_398_mic2.flac,p283,1,1,0.5116015672683716,0.5116015672683716,0.4405243396759033,0.07107722759246826,2.608
original,0,p284_095_mic1,p284,data\VCTK\wav48_silence_trimmed\p284\p284_095_mic1.flac,p284,1,1,0.5829252004623413,0.5829252004623413,0.3413096070289612,0.24161559343338013,1.8358125
base,1,p284_095_mic1,p284,data\VCTK\wav48_silence_trimmed\p284\p284_095_mic1.flac,p374,0,1,0.26787272095680237,0.16808535158634186,0.26787272095680237,-0.09978736937046051,1.8358125
base,2,p284_095_mic1,p284,data\VCTK\wav48_silence_trimmed\p284\p284_095_mic1.flac,p364,0,1,0.3267902135848999,0.2771487832069397,0.3267902135848999,-0.049641430377960205,1.8358125
base,3,p284_095_mic1,p284,data\VCTK\wav48_silence_trimmed\p284\p284_095_mic1.flac,p364,0,1,0.35336485505104065,0.32479166984558105,0.35336485505104065,-0.028573185205459595,1.8358125
lca,1,p284_095_mic1,p284,data\VCTK\wav48_silence_trimmed\p284\p284_095_mic1.flac,p281,0,1,0.2781449854373932,0.21633780002593994,0.2781449854373932,-0.06180718541145325,1.8358125
lca,2,p284_095_mic1,p284,data\VCTK\wav48_silence_trimmed\p284\p284_095_mic1.flac,p281,0,1,0.367231547832489,0.23108834028244019,0.367231547832489,-0.13614320755004883,1.8358125
lca,3,p284_095_mic1,p284,data\VCTK\wav48_silence_trimmed\p284\p284_095_mic1.flac,p347,0,1,0.3970508277416229,0.22617089748382568,0.3970508277416229,-0.17087993025779724,1.8358125
original,0,p284_100_mic2,p284,data\VCTK\wav48_silence_trimmed\p284\p284_100_mic2.flac,p284,1,1,0.7370080947875977,0.7370080947875977,0.30749183893203735,0.4295162558555603,2.5653125
base,1,p284_100_mic2,p284,data\VCTK\wav48_silence_trimmed\p284\p284_100_mic2.flac,p360,0,1,0.33815112709999084,0.2561224102973938,0.33815112709999084,-0.08202871680259705,2.5653125
base,2,p284_100_mic2,p284,data\VCTK\wav48_silence_trimmed\p284\p284_100_mic2.flac,p284,1,1,0.3673572540283203,0.3673572540283203,0.2984389662742615,0.06891828775405884,2.5653125
base,3,p284_100_mic2,p284,data\VCTK\wav48_silence_trimmed\p284\p284_100_mic2.flac,p284,1,1,0.4543091952800751,0.4543091952800751,0.3379913866519928,0.11631780862808228,2.5653125
lca,1,p284_100_mic2,p284,data\VCTK\wav48_silence_trimmed\p284\p284_100_mic2.flac,p251,0,1,0.28673771023750305,0.2138836681842804,0.28673771023750305,-0.07285404205322266,2.5653125
lca,2,p284_100_mic2,p284,data\VCTK\wav48_silence_trimmed\p284\p284_100_mic2.flac,p284,1,1,0.4201304316520691,0.4201304316520691,0.40387439727783203,0.01625603437423706,2.5653125
lca,3,p284_100_mic2,p284,data\VCTK\wav48_silence_trimmed\p284\p284_100_mic2.flac,p284,1,1,0.40263235569000244,0.40263235569000244,0.3986256420612335,0.004006713628768921,2.5653125
original,0,p284_229_mic1,p284,data\VCTK\wav48_silence_trimmed\p284\p284_229_mic1.flac,p284,1,1,0.5835832357406616,0.5835832357406616,0.36032262444496155,0.22326061129570007,1.7940625
base,1,p284_229_mic1,p284,data\VCTK\wav48_silence_trimmed\p284\p284_229_mic1.flac,p226,0,1,0.2917156219482422,0.001852370798587799,0.2917156219482422,-0.2898632511496544,1.7940625
base,2,p284_229_mic1,p284,data\VCTK\wav48_silence_trimmed\p284\p284_229_mic1.flac,p347,0,1,0.3752342760562897,0.13103178143501282,0.3752342760562897,-0.24420249462127686,1.7940625
base,3,p284_229_mic1,p284,data\VCTK\wav48_silence_trimmed\p284\p284_229_mic1.flac,p347,0,1,0.3843487501144409,0.3341458737850189,0.3843487501144409,-0.050202876329422,1.7940625
lca,1,p284_229_mic1,p284,data\VCTK\wav48_silence_trimmed\p284\p284_229_mic1.flac,p281,0,1,0.32893019914627075,0.17654167115688324,0.32893019914627075,-0.1523885279893875,1.7940625
lca,2,p284_229_mic1,p284,data\VCTK\wav48_silence_trimmed\p284\p284_229_mic1.flac,p281,0,1,0.3546042740345001,0.21392595767974854,0.3546042740345001,-0.1406783163547516,1.7940625
lca,3,p284_229_mic1,p284,data\VCTK\wav48_silence_trimmed\p284\p284_229_mic1.flac,p347,0,1,0.440839946269989,0.22759950160980225,0.440839946269989,-0.21324044466018677,1.7940625
original,0,p284_254_mic1,p284,data\VCTK\wav48_silence_trimmed\p284\p284_254_mic1.flac,p284,1,1,0.7133947610855103,0.7133947610855103,0.342118501663208,0.37127625942230225,2.884
base,1,p284_254_mic1,p284,data\VCTK\wav48_silence_trimmed\p284\p284_254_mic1.flac,p360,0,1,0.35234320163726807,0.18537314236164093,0.35234320163726807,-0.16697005927562714,2.884
base,2,p284_254_mic1,p284,data\VCTK\wav48_silence_trimmed\p284\p284_254_mic1.flac,p284,1,1,0.3988984227180481,0.3988984227180481,0.29785585403442383,0.10104256868362427,2.884
base,3,p284_254_mic1,p284,data\VCTK\wav48_silence_trimmed\p284\p284_254_mic1.flac,p284,1,1,0.515046238899231,0.515046238899231,0.3351452350616455,0.17990100383758545,2.884
lca,1,p284_254_mic1,p284,data\VCTK\wav48_silence_trimmed\p284\p284_254_mic1.flac,p360,0,1,0.31983572244644165,0.28153952956199646,0.31983572244644165,-0.03829619288444519,2.884
lca,2,p284_254_mic1,p284,data\VCTK\wav48_silence_trimmed\p284\p284_254_mic1.flac,p284,1,1,0.40276557207107544,0.40276557207107544,0.35163405537605286,0.05113151669502258,2.884
lca,3,p284_254_mic1,p284,data\VCTK\wav48_silence_trimmed\p284\p284_254_mic1.flac,p284,1,1,0.45317399501800537,0.45317399501800537,0.3281759023666382,0.12499809265136719,2.884
original,0,p284_342_mic2,p284,data\VCTK\wav48_silence_trimmed\p284\p284_342_mic2.flac,p284,1,1,0.7520320415496826,0.7520320415496826,0.29915907979011536,0.45287296175956726,2.990125
base,1,p284_342_mic2,p284,data\VCTK\wav48_silence_trimmed\p284\p284_342_mic2.flac,p360,0,1,0.2912633717060089,0.18475587666034698,0.2912633717060089,-0.10650749504566193,2.990125
base,2,p284_342_mic2,p284,data\VCTK\wav48_silence_trimmed\p284\p284_342_mic2.flac,p347,0,1,0.3640561103820801,0.35947468876838684,0.3640561103820801,-0.004581421613693237,2.990125
base,3,p284_342_mic2,p284,data\VCTK\wav48_silence_trimmed\p284\p284_342_mic2.flac,p284,1,1,0.39351382851600647,0.39351382851600647,0.3340076506137848,0.05950617790222168,2.990125
lca,1,p284_342_mic2,p284,data\VCTK\wav48_silence_trimmed\p284\p284_342_mic2.flac,p281,0,1,0.27157944440841675,0.2125444859266281,0.27157944440841675,-0.059034958481788635,2.990125
lca,2,p284_342_mic2,p284,data\VCTK\wav48_silence_trimmed\p284\p284_342_mic2.flac,p284,1,1,0.4038468301296234,0.4038468301296234,0.330955445766449,0.07289138436317444,2.990125
lca,3,p284_342_mic2,p284,data\VCTK\wav48_silence_trimmed\p284\p284_342_mic2.flac,p284,1,1,0.37262362241744995,0.37262362241744995,0.3548840880393982,0.017739534378051758,2.990125
original,0,p285_100_mic2,p285,data\VCTK\wav48_silence_trimmed\p285\p285_100_mic2.flac,p285,1,1,0.6661334037780762,0.6661334037780762,0.33280283212661743,0.33333057165145874,2.477
base,1,p285_100_mic2,p285,data\VCTK\wav48_silence_trimmed\p285\p285_100_mic2.flac,p374,0,0,0.2400781363248825,0.14175903797149658,0.2400781363248825,-0.09831909835338593,2.477
base,2,p285_100_mic2,p285,data\VCTK\wav48_silence_trimmed\p285\p285_100_mic2.flac,p285,1,1,0.36029231548309326,0.36029231548309326,0.274405837059021,0.08588647842407227,2.477
base,3,p285_100_mic2,p285,data\VCTK\wav48_silence_trimmed\p285\p285_100_mic2.flac,p285,1,1,0.37065404653549194,0.37065404653549194,0.34740567207336426,0.023248374462127686,2.477
lca,1,p285_100_mic2,p285,data\VCTK\wav48_silence_trimmed\p285\p285_100_mic2.flac,p292,0,1,0.2896779477596283,0.16563615202903748,0.2896779477596283,-0.12404179573059082,2.477
lca,2,p285_100_mic2,p285,data\VCTK\wav48_silence_trimmed\p285\p285_100_mic2.flac,p281,0,1,0.37938812375068665,0.34942421317100525,0.37938812375068665,-0.029963910579681396,2.477
lca,3,p285_100_mic2,p285,data\VCTK\wav48_silence_trimmed\p285\p285_100_mic2.flac,p281,0,1,0.36071324348449707,0.3460908532142639,0.36071324348449707,-0.014622390270233154,2.477
original,0,p285_138_mic1,p285,data\VCTK\wav48_silence_trimmed\p285\p285_138_mic1.flac,p285,1,1,0.45380645990371704,0.45380645990371704,0.3759131133556366,0.07789334654808044,1.754
base,1,p285_138_mic1,p285,data\VCTK\wav48_silence_trimmed\p285\p285_138_mic1.flac,p298,0,1,0.3138296604156494,0.19007720053195953,0.3138296604156494,-0.12375245988368988,1.754
base,2,p285_138_mic1,p285,data\VCTK\wav48_silence_trimmed\p285\p285_138_mic1.flac,p374,0,1,0.2845064103603363,0.16864657402038574,0.2845064103603363,-0.11585983633995056,1.754
base,3,p285_138_mic1,p285,data\VCTK\wav48_silence_trimmed\p285\p285_138_mic1.flac,p281,0,1,0.27496016025543213,0.11947280168533325,0.27496016025543213,-0.15548735857009888,1.754
lca,1,p285_138_mic1,p285,data\VCTK\wav48_silence_trimmed\p285\p285_138_mic1.flac,p314,0,1,0.2722654938697815,0.1754198968410492,0.2722654938697815,-0.0968455970287323,1.754
lca,2,p285_138_mic1,p285,data\VCTK\wav48_silence_trimmed\p285\p285_138_mic1.flac,p347,0,1,0.3292350172996521,0.15320588648319244,0.3292350172996521,-0.17602913081645966,1.754
lca,3,p285_138_mic1,p285,data\VCTK\wav48_silence_trimmed\p285\p285_138_mic1.flac,p262,0,1,0.3219297528266907,0.1560816615819931,0.3219297528266907,-0.16584809124469757,1.754
original,0,p285_181_mic1,p285,data\VCTK\wav48_silence_trimmed\p285\p285_181_mic1.flac,p285,1,1,0.6351284980773926,0.6351284980773926,0.3780331015586853,0.2570953965187073,1.6264375
base,1,p285_181_mic1,p285,data\VCTK\wav48_silence_trimmed\p285\p285_181_mic1.flac,p299,0,1,0.26424649357795715,0.18291336297988892,0.26424649357795715,-0.08133313059806824,1.6264375
base,2,p285_181_mic1,p285,data\VCTK\wav48_silence_trimmed\p285\p285_181_mic1.flac,p281,0,1,0.30743229389190674,0.24951907992362976,0.30743229389190674,-0.05791321396827698,1.6264375
base,3,p285_181_mic1,p285,data\VCTK\wav48_silence_trimmed\p285\p285_181_mic1.flac,p281,0,1,0.3158426880836487,0.2443671077489853,0.3158426880836487,-0.07147558033466339,1.6264375
lca,1,p285_181_mic1,p285,data\VCTK\wav48_silence_trimmed\p285\p285_181_mic1.flac,p281,0,1,0.29935064911842346,0.17690853774547577,0.29935064911842346,-0.12244211137294769,1.6264375
lca,2,p285_181_mic1,p285,data\VCTK\wav48_silence_trimmed\p285\p285_181_mic1.flac,p281,0,1,0.34090423583984375,0.255601167678833,0.34090423583984375,-0.08530306816101074,1.6264375
lca,3,p285_181_mic1,p285,data\VCTK\wav48_silence_trimmed\p285\p285_181_mic1.flac,p313,0,1,0.3241885304450989,0.26750120520591736,0.3241885304450989,-0.05668732523918152,1.6264375
original,0,p285_315_mic1,p285,data\VCTK\wav48_silence_trimmed\p285\p285_315_mic1.flac,p285,1,1,0.7272084951400757,0.7272084951400757,0.32971954345703125,0.39748895168304443,2.0511875
base,1,p285_315_mic1,p285,data\VCTK\wav48_silence_trimmed\p285\p285_315_mic1.flac,p364,0,1,0.2818760573863983,0.25890710949897766,0.2818760573863983,-0.022968947887420654,2.0511875
base,2,p285_315_mic1,p285,data\VCTK\wav48_silence_trimmed\p285\p285_315_mic1.flac,p285,1,1,0.4065638482570648,0.4065638482570648,0.3180755376815796,0.08848831057548523,2.0511875
base,3,p285_315_mic1,p285,data\VCTK\wav48_silence_trimmed\p285\p285_315_mic1.flac,p285,1,1,0.3727123737335205,0.3727123737335205,0.3447035849094391,0.02800878882408142,2.0511875
lca,1,p285_315_mic1,p285,data\VCTK\wav48_silence_trimmed\p285\p285_315_mic1.flac,p285,1,1,0.3351824879646301,0.3351824879646301,0.3168278932571411,0.018354594707489014,2.0511875
lca,2,p285_315_mic1,p285,data\VCTK\wav48_silence_trimmed\p285\p285_315_mic1.flac,p285,1,1,0.39959922432899475,0.39959922432899475,0.33867889642715454,0.06092032790184021,2.0511875
lca,3,p285_315_mic1,p285,data\VCTK\wav48_silence_trimmed\p285\p285_315_mic1.flac,p285,1,1,0.339994341135025,0.339994341135025,0.32463523745536804,0.015359103679656982,2.0511875
original,0,p285_346_mic1,p285,data\VCTK\wav48_silence_trimmed\p285\p285_346_mic1.flac,p285,1,1,0.6122325658798218,0.6122325658798218,0.3230651021003723,0.28916746377944946,1.8375625
base,1,p285_346_mic1,p285,data\VCTK\wav48_silence_trimmed\p285\p285_346_mic1.flac,p360,0,1,0.28279781341552734,0.19817322492599487,0.28279781341552734,-0.08462458848953247,1.8375625
base,2,p285_346_mic1,p285,data\VCTK\wav48_silence_trimmed\p285\p285_346_mic1.flac,p347,0,1,0.37636491656303406,0.17492659389972687,0.37636491656303406,-0.2014383226633072,1.8375625
base,3,p285_346_mic1,p285,data\VCTK\wav48_silence_trimmed\p285\p285_346_mic1.flac,p271,0,1,0.33058077096939087,0.20108063519001007,0.33058077096939087,-0.1295001357793808,1.8375625
lca,1,p285_346_mic1,p285,data\VCTK\wav48_silence_trimmed\p285\p285_346_mic1.flac,p281,0,1,0.37109577655792236,0.16672271490097046,0.37109577655792236,-0.2043730616569519,1.8375625
lca,2,p285_346_mic1,p285,data\VCTK\wav48_silence_trimmed\p285\p285_346_mic1.flac,p360,0,1,0.3465631604194641,0.18185526132583618,0.3465631604194641,-0.16470789909362793,1.8375625
lca,3,p285_346_mic1,p285,data\VCTK\wav48_silence_trimmed\p285\p285_346_mic1.flac,p271,0,1,0.3157552480697632,0.21939030289649963,0.3157552480697632,-0.09636494517326355,1.8375625
original,0,p286_171_mic1,p286,data\VCTK\wav48_silence_trimmed\p286\p286_171_mic1.flac,p286,1,1,0.8227468729019165,0.8227468729019165,0.429747998714447,0.3929988741874695,2.6034375
base,1,p286_171_mic1,p286,data\VCTK\wav48_silence_trimmed\p286\p286_171_mic1.flac,p259,0,1,0.38838157057762146,0.25091981887817383,0.38838157057762146,-0.13746175169944763,2.6034375
base,2,p286_171_mic1,p286,data\VCTK\wav48_silence_trimmed\p286\p286_171_mic1.flac,p286,1,1,0.47853314876556396,0.47853314876556396,0.3433242738246918,0.1352088749408722,2.6034375
base,3,p286_171_mic1,p286,data\VCTK\wav48_silence_trimmed\p286\p286_171_mic1.flac,p286,1,1,0.5099369883537292,0.5099369883537292,0.2679092288017273,0.24202775955200195,2.6034375
lca,1,p286_171_mic1,p286,data\VCTK\wav48_silence_trimmed\p286\p286_171_mic1.flac,p275,0,1,0.29365211725234985,0.10405972599983215,0.29365211725234985,-0.1895923912525177,2.6034375
lca,2,p286_171_mic1,p286,data\VCTK\wav48_silence_trimmed\p286\p286_171_mic1.flac,p314,0,1,0.30282062292099,0.2782297730445862,0.30282062292099,-0.02459084987640381,2.6034375
lca,3,p286_171_mic1,p286,data\VCTK\wav48_silence_trimmed\p286\p286_171_mic1.flac,p286,1,1,0.32655149698257446,0.32655149698257446,0.2742220163345337,0.05232948064804077,2.6034375
original,0,p286_218_mic1,p286,data\VCTK\wav48_silence_trimmed\p286\p286_218_mic1.flac,p286,1,1,0.7994406223297119,0.7994406223297119,0.3313662111759186,0.46807441115379333,4.4258125
base,1,p286_218_mic1,p286,data\VCTK\wav48_silence_trimmed\p286\p286_218_mic1.flac,p287,0,1,0.2535579204559326,0.1574811488389969,0.2535579204559326,-0.09607677161693573,4.4258125
base,2,p286_218_mic1,p286,data\VCTK\wav48_silence_trimmed\p286\p286_218_mic1.flac,p374,0,1,0.3011839687824249,0.2933998107910156,0.3011839687824249,-0.007784157991409302,4.4258125
base,3,p286_218_mic1,p286,data\VCTK\wav48_silence_trimmed\p286\p286_218_mic1.flac,p286,1,1,0.367435485124588,0.367435485124588,0.3178307116031647,0.04960477352142334,4.4258125
lca,1,p286_218_mic1,p286,data\VCTK\wav48_silence_trimmed\p286\p286_218_mic1.flac,p364,0,1,0.2826192378997803,0.11269456148147583,0.2826192378997803,-0.16992467641830444,4.4258125
lca,2,p286_218_mic1,p286,data\VCTK\wav48_silence_trimmed\p286\p286_218_mic1.flac,p259,0,1,0.2816368043422699,0.2324666827917099,0.2816368043422699,-0.04917012155056,4.4258125
lca,3,p286_218_mic1,p286,data\VCTK\wav48_silence_trimmed\p286\p286_218_mic1.flac,p286,1,1,0.31140264868736267,0.31140264868736267,0.2916882038116455,0.019714444875717163,4.4258125
original,0,p286_288_mic2,p286,data\VCTK\wav48_silence_trimmed\p286\p286_288_mic2.flac,p286,1,1,0.744583249092102,0.744583249092102,0.3783080279827118,0.36627522110939026,2.6884375
base,1,p286_288_mic2,p286,data\VCTK\wav48_silence_trimmed\p286\p286_288_mic2.flac,p316,0,1,0.3314642012119293,0.19545120000839233,0.3314642012119293,-0.136013001203537,2.6884375
base,2,p286_288_mic2,p286,data\VCTK\wav48_silence_trimmed\p286\p286_288_mic2.flac,p286,1,1,0.45856213569641113,0.45856213569641113,0.3144773244857788,0.14408481121063232,2.6884375
base,3,p286_288_mic2,p286,data\VCTK\wav48_silence_trimmed\p286\p286_288_mic2.flac,p286,1,1,0.5060139298439026,0.5060139298439026,0.34251993894577026,0.16349399089813232,2.6884375
lca,1,p286_288_mic2,p286,data\VCTK\wav48_silence_trimmed\p286\p286_288_mic2.flac,p314,0,1,0.30910682678222656,0.12018422782421112,0.30910682678222656,-0.18892259895801544,2.6884375
lca,2,p286_288_mic2,p286,data\VCTK\wav48_silence_trimmed\p286\p286_288_mic2.flac,p262,0,1,0.3424651026725769,0.2141360342502594,0.3424651026725769,-0.1283290684223175,2.6884375
lca,3,p286_288_mic2,p286,data\VCTK\wav48_silence_trimmed\p286\p286_288_mic2.flac,p286,1,1,0.3670840859413147,0.3670840859413147,0.3493947386741638,0.01768934726715088,2.6884375
original,0,p286_417_mic2,p286,data\VCTK\wav48_silence_trimmed\p286\p286_417_mic2.flac,p286,1,1,0.8340333700180054,0.8340333700180054,0.3679320812225342,0.4661012887954712,3.672
base,1,p286_417_mic2,p286,data\VCTK\wav48_silence_trimmed\p286\p286_417_mic2.flac,p364,0,1,0.33261704444885254,0.23977969586849213,0.33261704444885254,-0.09283734858036041,3.672
base,2,p286_417_mic2,p286,data\VCTK\wav48_silence_trimmed\p286\p286_417_mic2.flac,p259,0,1,0.5093070268630981,0.39445146918296814,0.5093070268630981,-0.11485555768013,3.672
base,3,p286_417_mic2,p286,data\VCTK\wav48_silence_trimmed\p286\p286_417_mic2.flac,p286,1,1,0.5037081241607666,0.5037081241607666,0.4370152950286865,0.06669282913208008,3.672
lca,1,p286_417_mic2,p286,data\VCTK\wav48_silence_trimmed\p286\p286_417_mic2.flac,p259,0,1,0.3504865765571594,0.10302234441041946,0.3504865765571594,-0.24746423214673996,3.672
lca,2,p286_417_mic2,p286,data\VCTK\wav48_silence_trimmed\p286\p286_417_mic2.flac,p259,0,1,0.4139168858528137,0.26151880621910095,0.4139168858528137,-0.15239807963371277,3.672
lca,3,p286_417_mic2,p286,data\VCTK\wav48_silence_trimmed\p286\p286_417_mic2.flac,p267,0,1,0.3607793152332306,0.26109427213668823,0.3607793152332306,-0.09968504309654236,3.672
original,0,p286_464_mic2,p286,data\VCTK\wav48_silence_trimmed\p286\p286_464_mic2.flac,p286,1,1,0.8274521827697754,0.8274521827697754,0.38498643040657043,0.44246575236320496,4.034
base,1,p286_464_mic2,p286,data\VCTK\wav48_silence_trimmed\p286\p286_464_mic2.flac,p374,0,1,0.30071723461151123,0.1994902789592743,0.30071723461151123,-0.10122695565223694,4.034
base,2,p286_464_mic2,p286,data\VCTK\wav48_silence_trimmed\p286\p286_464_mic2.flac,p286,1,1,0.462026983499527,0.462026983499527,0.4267538785934448,0.03527310490608215,4.034
base,3,p286_464_mic2,p286,data\VCTK\wav48_silence_trimmed\p286\p286_464_mic2.flac,p286,1,1,0.4754161834716797,0.4754161834716797,0.38652515411376953,0.08889102935791016,4.034
lca,1,p286_464_mic2,p286,data\VCTK\wav48_silence_trimmed\p286\p286_464_mic2.flac,p313,0,1,0.32158389687538147,0.023182017728686333,0.32158389687538147,-0.29840187914669514,4.034
lca,2,p286_464_mic2,p286,data\VCTK\wav48_silence_trimmed\p286\p286_464_mic2.flac,p262,0,1,0.28595295548439026,0.1918623447418213,0.28595295548439026,-0.09409061074256897,4.034
lca,3,p286_464_mic2,p286,data\VCTK\wav48_silence_trimmed\p286\p286_464_mic2.flac,p286,1,1,0.3188803791999817,0.3188803791999817,0.27930259704589844,0.03957778215408325,4.034
original,0,p287_120_mic1,p287,data\VCTK\wav48_silence_trimmed\p287\p287_120_mic1.flac,p287,1,1,0.639432430267334,0.639432430267334,0.3758825659751892,0.2635498642921448,2.3398125
base,1,p287_120_mic1,p287,data\VCTK\wav48_silence_trimmed\p287\p287_120_mic1.flac,p300,0,1,0.28170090913772583,0.17193126678466797,0.28170090913772583,-0.10976964235305786,2.3398125
base,2,p287_120_mic1,p287,data\VCTK\wav48_silence_trimmed\p287\p287_120_mic1.flac,p292,0,0,0.2485467940568924,0.19120225310325623,0.2485467940568924,-0.05734454095363617,2.3398125
base,3,p287_120_mic1,p287,data\VCTK\wav48_silence_trimmed\p287\p287_120_mic1.flac,p345,0,1,0.2938660681247711,0.27350348234176636,0.2938660681247711,-0.02036258578300476,2.3398125
lca,1,p287_120_mic1,p287,data\VCTK\wav48_silence_trimmed\p287\p287_120_mic1.flac,p339,0,1,0.2724964916706085,0.13478481769561768,0.2724964916706085,-0.13771167397499084,2.3398125
lca,2,p287_120_mic1,p287,data\VCTK\wav48_silence_trimmed\p287\p287_120_mic1.flac,p281,0,1,0.31034740805625916,0.18350282311439514,0.31034740805625916,-0.126844584941864,2.3398125
lca,3,p287_120_mic1,p287,data\VCTK\wav48_silence_trimmed\p287\p287_120_mic1.flac,p287,1,1,0.2909243404865265,0.2909243404865265,0.2851923108100891,0.005732029676437378,2.3398125
original,0,p287_184_mic1,p287,data\VCTK\wav48_silence_trimmed\p287\p287_184_mic1.flac,p287,1,1,0.6789190769195557,0.6789190769195557,0.2885529100894928,0.39036616683006287,2.4833125
base,1,p287_184_mic1,p287,data\VCTK\wav48_silence_trimmed\p287\p287_184_mic1.flac,p360,0,1,0.26935121417045593,0.09839311987161636,0.26935121417045593,-0.17095809429883957,2.4833125
base,2,p287_184_mic1,p287,data\VCTK\wav48_silence_trimmed\p287\p287_184_mic1.flac,p281,0,1,0.3043297529220581,0.20653247833251953,0.3043297529220581,-0.09779727458953857,2.4833125
base,3,p287_184_mic1,p287,data\VCTK\wav48_silence_trimmed\p287\p287_184_mic1.flac,p246,0,1,0.3002597391605377,0.2231360375881195,0.3002597391605377,-0.07712370157241821,2.4833125
lca,1,p287_184_mic1,p287,data\VCTK\wav48_silence_trimmed\p287\p287_184_mic1.flac,p270,0,1,0.31180381774902344,0.07854928076267242,0.31180381774902344,-0.233254536986351,2.4833125
lca,2,p287_184_mic1,p287,data\VCTK\wav48_silence_trimmed\p287\p287_184_mic1.flac,p281,0,1,0.3850822150707245,0.16928550601005554,0.3850822150707245,-0.21579670906066895,2.4833125
lca,3,p287_184_mic1,p287,data\VCTK\wav48_silence_trimmed\p287\p287_184_mic1.flac,p281,0,1,0.3586123585700989,0.20672203600406647,0.3586123585700989,-0.1518903225660324,2.4833125
original,0,p287_221_mic2,p287,data\VCTK\wav48_silence_trimmed\p287\p287_221_mic2.flac,p287,1,1,0.7728223204612732,0.7728223204612732,0.3607931137084961,0.4120292067527771,3.174375
base,1,p287_221_mic2,p287,data\VCTK\wav48_silence_trimmed\p287\p287_221_mic2.flac,p360,0,1,0.32400810718536377,0.09287668764591217,0.32400810718536377,-0.2311314195394516,3.174375
base,2,p287_221_mic2,p287,data\VCTK\wav48_silence_trimmed\p287\p287_221_mic2.flac,p287,1,1,0.4758091866970062,0.4758091866970062,0.26011502742767334,0.21569415926933289,3.174375
base,3,p287_221_mic2,p287,data\VCTK\wav48_silence_trimmed\p287\p287_221_mic2.flac,p287,1,1,0.5246301889419556,0.5246301889419556,0.27790653705596924,0.24672365188598633,3.174375
lca,1,p287_221_mic2,p287,data\VCTK\wav48_silence_trimmed\p287\p287_221_mic2.flac,p281,0,1,0.3008462190628052,0.08274608105421066,0.3008462190628052,-0.2181001380085945,3.174375
lca,2,p287_221_mic2,p287,data\VCTK\wav48_silence_trimmed\p287\p287_221_mic2.flac,p281,0,1,0.31351885199546814,0.19680540263652802,0.31351885199546814,-0.11671344935894012,3.174375
lca,3,p287_221_mic2,p287,data\VCTK\wav48_silence_trimmed\p287\p287_221_mic2.flac,p287,1,1,0.3387228548526764,0.3387228548526764,0.2760360538959503,0.06268680095672607,3.174375
original,0,p287_239_mic2,p287,data\VCTK\wav48_silence_trimmed\p287\p287_239_mic2.flac,p287,1,1,0.6817982792854309,0.6817982792854309,0.3489029109477997,0.3328953683376312,2.798875
base,1,p287_239_mic2,p287,data\VCTK\wav48_silence_trimmed\p287\p287_239_mic2.flac,p360,0,1,0.3173298239707947,0.1775965690612793,0.3173298239707947,-0.13973325490951538,2.798875
base,2,p287_239_mic2,p287,data\VCTK\wav48_silence_trimmed\p287\p287_239_mic2.flac,p287,1,1,0.43198978900909424,0.43198978900909424,0.30807316303253174,0.1239166259765625,2.798875
base,3,p287_239_mic2,p287,data\VCTK\wav48_silence_trimmed\p287\p287_239_mic2.flac,p287,1,1,0.4535022974014282,0.4535022974014282,0.29489362239837646,0.15860867500305176,2.798875
lca,1,p287_239_mic2,p287,data\VCTK\wav48_silence_trimmed\p287\p287_239_mic2.flac,p281,0,1,0.29918965697288513,0.12718066573143005,0.29918965697288513,-0.17200899124145508,2.798875
lca,2,p287_239_mic2,p287,data\VCTK\wav48_silence_trimmed\p287\p287_239_mic2.flac,p347,0,1,0.3523191213607788,0.2814931273460388,0.3523191213607788,-0.07082599401473999,2.798875
lca,3,p287_239_mic2,p287,data\VCTK\wav48_silence_trimmed\p287\p287_239_mic2.flac,p233,0,1,0.33113551139831543,0.31665128469467163,0.33113551139831543,-0.014484226703643799,2.798875
original,0,p287_352_mic1,p287,data\VCTK\wav48_silence_trimmed\p287\p287_352_mic1.flac,p287,1,1,0.7132254242897034,0.7132254242897034,0.3865131437778473,0.3267122805118561,4.667625
base,1,p287_352_mic1,p287,data\VCTK\wav48_silence_trimmed\p287\p287_352_mic1.flac,p364,0,1,0.2708504796028137,0.23918290436267853,0.2708504796028137,-0.03166757524013519,4.667625
base,2,p287_352_mic1,p287,data\VCTK\wav48_silence_trimmed\p287\p287_352_mic1.flac,p287,1,1,0.4453352093696594,0.4453352093696594,0.30011147260665894,0.1452237367630005,4.667625
base,3,p287_352_mic1,p287,data\VCTK\wav48_silence_trimmed\p287\p287_352_mic1.flac,p287,1,1,0.3187713027000427,0.3187713027000427,0.295610636472702,0.023160666227340698,4.667625
lca,1,p287_352_mic1,p287,data\VCTK\wav48_silence_trimmed\p287\p287_352_mic1.flac,p364,0,1,0.31554844975471497,0.14332698285579681,0.31554844975471497,-0.17222146689891815,4.667625
lca,2,p287_352_mic1,p287,data\VCTK\wav48_silence_trimmed\p287\p287_352_mic1.flac,p233,0,1,0.3075100779533386,0.23051989078521729,0.3075100779533386,-0.07699018716812134,4.667625
lca,3,p287_352_mic1,p287,data\VCTK\wav48_silence_trimmed\p287\p287_352_mic1.flac,p233,0,1,0.29931360483169556,0.24678319692611694,0.29931360483169556,-0.05253040790557861,4.667625
original,0,p288_005_mic2,p288,data\VCTK\wav48_silence_trimmed\p288\p288_005_mic2.flac,p288,1,1,0.7821896076202393,0.7821896076202393,0.4945719242095947,0.28761768341064453,6.7963125
base,1,p288_005_mic2,p288,data\VCTK\wav48_silence_trimmed\p288\p288_005_mic2.flac,p230,0,1,0.3657137155532837,0.19534534215927124,0.3657137155532837,-0.17036837339401245,6.7963125
base,2,p288_005_mic2,p288,data\VCTK\wav48_silence_trimmed\p288\p288_005_mic2.flac,p230,0,1,0.392324298620224,0.29832953214645386,0.392324298620224,-0.09399476647377014,6.7963125
base,3,p288_005_mic2,p288,data\VCTK\wav48_silence_trimmed\p288\p288_005_mic2.flac,p280,0,1,0.368056058883667,0.34757643938064575,0.368056058883667,-0.02047961950302124,6.7963125
lca,1,p288_005_mic2,p288,data\VCTK\wav48_silence_trimmed\p288\p288_005_mic2.flac,p280,0,1,0.3859955668449402,0.1933935284614563,0.3859955668449402,-0.1926020383834839,6.7963125
lca,2,p288_005_mic2,p288,data\VCTK\wav48_silence_trimmed\p288\p288_005_mic2.flac,p299,0,1,0.47921937704086304,0.3073824644088745,0.47921937704086304,-0.17183691263198853,6.7963125
lca,3,p288_005_mic2,p288,data\VCTK\wav48_silence_trimmed\p288\p288_005_mic2.flac,p299,0,1,0.4907654821872711,0.33638739585876465,0.4907654821872711,-0.15437808632850647,6.7963125
original,0,p288_022_mic1,p288,data\VCTK\wav48_silence_trimmed\p288\p288_022_mic1.flac,p288,1,1,0.7969986200332642,0.7969986200332642,0.47048190236091614,0.326516717672348,7.2305625
base,1,p288_022_mic1,p288,data\VCTK\wav48_silence_trimmed\p288\p288_022_mic1.flac,p257,0,1,0.37689805030822754,0.19893555343151093,0.37689805030822754,-0.1779624968767166,7.2305625
base,2,p288_022_mic1,p288,data\VCTK\wav48_silence_trimmed\p288\p288_022_mic1.flac,p250,0,1,0.4469682574272156,0.32106083631515503,0.4469682574272156,-0.12590742111206055,7.2305625
base,3,p288_022_mic1,p288,data\VCTK\wav48_silence_trimmed\p288\p288_022_mic1.flac,p280,0,1,0.41937118768692017,0.32587143778800964,0.41937118768692017,-0.09349974989891052,7.2305625
lca,1,p288_022_mic1,p288,data\VCTK\wav48_silence_trimmed\p288\p288_022_mic1.flac,p361,0,1,0.34587955474853516,0.11190490424633026,0.34587955474853516,-0.2339746505022049,7.2305625
lca,2,p288_022_mic1,p288,data\VCTK\wav48_silence_trimmed\p288\p288_022_mic1.flac,p299,0,1,0.4740833044052124,0.21900784969329834,0.4740833044052124,-0.25507545471191406,7.2305625
lca,3,p288_022_mic1,p288,data\VCTK\wav48_silence_trimmed\p288\p288_022_mic1.flac,p299,0,1,0.48304077982902527,0.2444767951965332,0.48304077982902527,-0.23856398463249207,7.2305625
original,0,p288_075_mic2,p288,data\VCTK\wav48_silence_trimmed\p288\p288_075_mic2.flac,p288,1,1,0.8295503854751587,0.8295503854751587,0.5108156800270081,0.31873470544815063,4.5241875
base,1,p288_075_mic2,p288,data\VCTK\wav48_silence_trimmed\p288\p288_075_mic2.flac,p293,0,1,0.4025510549545288,0.22662250697612762,0.4025510549545288,-0.17592854797840118,4.5241875
base,2,p288_075_mic2,p288,data\VCTK\wav48_silence_trimmed\p288\p288_075_mic2.flac,p233,0,1,0.3909505307674408,0.34688055515289307,0.3909505307674408,-0.04406997561454773,4.5241875
base,3,p288_075_mic2,p288,data\VCTK\wav48_silence_trimmed\p288\p288_075_mic2.flac,p238,0,1,0.39013057947158813,0.37991535663604736,0.39013057947158813,-0.010215222835540771,4.5241875
lca,1,p288_075_mic2,p288,data\VCTK\wav48_silence_trimmed\p288\p288_075_mic2.flac,p262,0,1,0.424771785736084,0.30796337127685547,0.424771785736084,-0.11680841445922852,4.5241875
lca,2,p288_075_mic2,p288,data\VCTK\wav48_silence_trimmed\p288\p288_075_mic2.flac,p280,0,1,0.4648395776748657,0.3769908547401428,0.4648395776748657,-0.0878487229347229,4.5241875
lca,3,p288_075_mic2,p288,data\VCTK\wav48_silence_trimmed\p288\p288_075_mic2.flac,p280,0,1,0.42371225357055664,0.34655284881591797,0.42371225357055664,-0.07715940475463867,4.5241875
original,0,p288_264_mic1,p288,data\VCTK\wav48_silence_trimmed\p288\p288_264_mic1.flac,p288,1,1,0.8201079964637756,0.8201079964637756,0.4950256049633026,0.325082391500473,4.1313125
base,1,p288_264_mic1,p288,data\VCTK\wav48_silence_trimmed\p288\p288_264_mic1.flac,p262,0,1,0.37539437413215637,0.19733192026615143,0.37539437413215637,-0.17806245386600494,4.1313125
base,2,p288_264_mic1,p288,data\VCTK\wav48_silence_trimmed\p288\p288_264_mic1.flac,p250,0,1,0.4368160367012024,0.28359177708625793,0.4368160367012024,-0.15322425961494446,4.1313125
base,3,p288_264_mic1,p288,data\VCTK\wav48_silence_trimmed\p288\p288_264_mic1.flac,p314,0,1,0.404532253742218,0.33518022298812866,0.404532253742218,-0.06935203075408936,4.1313125
lca,1,p288_264_mic1,p288,data\VCTK\wav48_silence_trimmed\p288\p288_264_mic1.flac,p262,0,1,0.44815564155578613,0.15690761804580688,0.44815564155578613,-0.29124802350997925,4.1313125
lca,2,p288_264_mic1,p288,data\VCTK\wav48_silence_trimmed\p288\p288_264_mic1.flac,p314,0,1,0.4517117738723755,0.2444857656955719,0.4517117738723755,-0.2072260081768036,4.1313125
lca,3,p288_264_mic1,p288,data\VCTK\wav48_silence_trimmed\p288\p288_264_mic1.flac,p314,0,1,0.459434449672699,0.29223087430000305,0.459434449672699,-0.16720357537269592,4.1313125
original,0,p288_290_mic2,p288,data\VCTK\wav48_silence_trimmed\p288\p288_290_mic2.flac,p288,1,1,0.8114876747131348,0.8114876747131348,0.4961988925933838,0.315288782119751,5.002375
base,1,p288_290_mic2,p288,data\VCTK\wav48_silence_trimmed\p288\p288_290_mic2.flac,p262,0,1,0.4046851098537445,0.2075522094964981,0.4046851098537445,-0.1971329003572464,5.002375
base,2,p288_290_mic2,p288,data\VCTK\wav48_silence_trimmed\p288\p288_290_mic2.flac,p314,0,1,0.4552355408668518,0.2893366813659668,0.4552355408668518,-0.165898859500885,5.002375
base,3,p288_290_mic2,p288,data\VCTK\wav48_silence_trimmed\p288\p288_290_mic2.flac,p233,0,1,0.4724651575088501,0.38229888677597046,0.4724651575088501,-0.09016627073287964,5.002375
lca,1,p288_290_mic2,p288,data\VCTK\wav48_silence_trimmed\p288\p288_290_mic2.flac,p280,0,1,0.40925365686416626,0.19110171496868134,0.40925365686416626,-0.21815194189548492,5.002375
lca,2,p288_290_mic2,p288,data\VCTK\wav48_silence_trimmed\p288\p288_290_mic2.flac,p280,0,1,0.5205576419830322,0.26556673645973206,0.5205576419830322,-0.25499090552330017,5.002375
lca,3,p288_290_mic2,p288,data\VCTK\wav48_silence_trimmed\p288\p288_290_mic2.flac,p280,0,1,0.513066291809082,0.3229939043521881,0.513066291809082,-0.19007238745689392,5.002375
original,0,p292_071_mic1,p292,data\VCTK\wav48_silence_trimmed\p292\p292_071_mic1.flac,p292,1,1,0.6572022438049316,0.6572022438049316,0.3197973966598511,0.33740484714508057,3.217375
base,1,p292_071_mic1,p292,data\VCTK\wav48_silence_trimmed\p292\p292_071_mic1.flac,p364,0,1,0.3171553313732147,0.1454279124736786,0.3171553313732147,-0.17172741889953613,3.217375
base,2,p292_071_mic1,p292,data\VCTK\wav48_silence_trimmed\p292\p292_071_mic1.flac,p364,0,1,0.3111494183540344,0.27998924255371094,0.3111494183540344,-0.031160175800323486,3.217375
base,3,p292_071_mic1,p292,data\VCTK\wav48_silence_trimmed\p292\p292_071_mic1.flac,p292,1,1,0.338849812746048,0.338849812746048,0.28533121943473816,0.053518593311309814,3.217375
lca,1,p292_071_mic1,p292,data\VCTK\wav48_silence_trimmed\p292\p292_071_mic1.flac,p364,0,1,0.30214715003967285,0.2649978995323181,0.30214715003967285,-0.037149250507354736,3.217375
lca,2,p292_071_mic1,p292,data\VCTK\wav48_silence_trimmed\p292\p292_071_mic1.flac,p292,1,1,0.3347245752811432,0.3347245752811432,0.311494916677475,0.023229658603668213,3.217375
lca,3,p292_071_mic1,p292,data\VCTK\wav48_silence_trimmed\p292\p292_071_mic1.flac,p292,1,1,0.35622864961624146,0.35622864961624146,0.29620563983917236,0.06002300977706909,3.217375
original,0,p292_085_mic1,p292,data\VCTK\wav48_silence_trimmed\p292\p292_085_mic1.flac,p292,1,1,0.7759592533111572,0.7759592533111572,0.30088457465171814,0.4750746786594391,3.2896875
base,1,p292_085_mic1,p292,data\VCTK\wav48_silence_trimmed\p292\p292_085_mic1.flac,p364,0,1,0.32074403762817383,0.16612261533737183,0.32074403762817383,-0.154621422290802,3.2896875
base,2,p292_085_mic1,p292,data\VCTK\wav48_silence_trimmed\p292\p292_085_mic1.flac,p292,1,1,0.5174573659896851,0.5174573659896851,0.33129775524139404,0.18615961074829102,3.2896875
base,3,p292_085_mic1,p292,data\VCTK\wav48_silence_trimmed\p292\p292_085_mic1.flac,p292,1,1,0.47422510385513306,0.47422510385513306,0.34299954771995544,0.1312255561351776,3.2896875
lca,1,p292_085_mic1,p292,data\VCTK\wav48_silence_trimmed\p292\p292_085_mic1.flac,p360,0,1,0.3364396393299103,0.18580447137355804,0.3364396393299103,-0.15063516795635223,3.2896875
lca,2,p292_085_mic1,p292,data\VCTK\wav48_silence_trimmed\p292\p292_085_mic1.flac,p292,1,1,0.36947593092918396,0.36947593092918396,0.3424931764602661,0.026982754468917847,3.2896875
lca,3,p292_085_mic1,p292,data\VCTK\wav48_silence_trimmed\p292\p292_085_mic1.flac,p292,1,1,0.4282858073711395,0.4282858073711395,0.30290186405181885,0.12538394331932068,3.2896875
original,0,p292_107_mic2,p292,data\VCTK\wav48_silence_trimmed\p292\p292_107_mic2.flac,p292,1,1,0.6495379209518433,0.6495379209518433,0.4312610924243927,0.21827682852745056,3.37275
base,1,p292_107_mic2,p292,data\VCTK\wav48_silence_trimmed\p292\p292_107_mic2.flac,p302,0,1,0.29954320192337036,0.2620052397251129,0.29954320192337036,-0.037537962198257446,3.37275
base,2,p292_107_mic2,p292,data\VCTK\wav48_silence_trimmed\p292\p292_107_mic2.flac,p360,0,1,0.4402938485145569,0.398639440536499,0.4402938485145569,-0.04165440797805786,3.37275
base,3,p292_107_mic2,p292,data\VCTK\wav48_silence_trimmed\p292\p292_107_mic2.flac,p292,1,1,0.38830289244651794,0.38830289244651794,0.38781893253326416,0.0004839599132537842,3.37275
lca,1,p292_107_mic2,p292,data\VCTK\wav48_silence_trimmed\p292\p292_107_mic2.flac,p364,0,1,0.3388689160346985,0.21812807023525238,0.3388689160346985,-0.1207408457994461,3.37275
lca,2,p292_107_mic2,p292,data\VCTK\wav48_silence_trimmed\p292\p292_107_mic2.flac,p364,0,1,0.45819246768951416,0.37938442826271057,0.45819246768951416,-0.07880803942680359,3.37275
lca,3,p292_107_mic2,p292,data\VCTK\wav48_silence_trimmed\p292\p292_107_mic2.flac,p364,0,1,0.44572722911834717,0.3745397627353668,0.44572722911834717,-0.07118746638298035,3.37275
original,0,p292_261_mic1,p292,data\VCTK\wav48_silence_trimmed\p292\p292_261_mic1.flac,p292,1,1,0.6172422766685486,0.6172422766685486,0.3571785092353821,0.2600637674331665,2.60675
base,1,p292_261_mic1,p292,data\VCTK\wav48_silence_trimmed\p292\p292_261_mic1.flac,p316,0,1,0.2978755831718445,0.23820477724075317,0.2978755831718445,-0.05967080593109131,2.60675
base,2,p292_261_mic1,p292,data\VCTK\wav48_silence_trimmed\p292\p292_261_mic1.flac,p363,0,1,0.40030521154403687,0.31790024042129517,0.40030521154403687,-0.0824049711227417,2.60675
base,3,p292_261_mic1,p292,data\VCTK\wav48_silence_trimmed\p292\p292_261_mic1.flac,p292,1,1,0.38671600818634033,0.38671600818634033,0.32613635063171387,0.060579657554626465,2.60675
lca,1,p292_261_mic1,p292,data\VCTK\wav48_silence_trimmed\p292\p292_261_mic1.flac,p259,0,1,0.2997755706310272,0.16977810859680176,0.2997755706310272,-0.12999746203422546,2.60675
lca,2,p292_261_mic1,p292,data\VCTK\wav48_silence_trimmed\p292\p292_261_mic1.flac,p270,0,1,0.29253262281417847,0.27995604276657104,0.29253262281417847,-0.012576580047607422,2.60675
lca,3,p292_261_mic1,p292,data\VCTK\wav48_silence_trimmed\p292\p292_261_mic1.flac,p292,1,1,0.4139833152294159,0.4139833152294159,0.2940741777420044,0.1199091374874115,2.60675
original,0,p292_286_mic1,p292,data\VCTK\wav48_silence_trimmed\p292\p292_286_mic1.flac,p292,1,1,0.7596293687820435,0.7596293687820435,0.3573880195617676,0.4022413492202759,3.6289375
base,1,p292_286_mic1,p292,data\VCTK\wav48_silence_trimmed\p292\p292_286_mic1.flac,p316,0,1,0.3548099994659424,0.2556491494178772,0.3548099994659424,-0.09916085004806519,3.6289375
base,2,p292_286_mic1,p292,data\VCTK\wav48_silence_trimmed\p292\p292_286_mic1.flac,p292,1,1,0.3604580760002136,0.3604580760002136,0.286083459854126,0.07437461614608765,3.6289375
base,3,p292_286_mic1,p292,data\VCTK\wav48_silence_trimmed\p292\p292_286_mic1.flac,p292,1,1,0.4419679045677185,0.4419679045677185,0.38085371255874634,0.06111419200897217,3.6289375
lca,1,p292_286_mic1,p292,data\VCTK\wav48_silence_trimmed\p292\p292_286_mic1.flac,p281,0,1,0.3269874155521393,0.22918997704982758,0.3269874155521393,-0.0977974385023117,3.6289375
lca,2,p292_286_mic1,p292,data\VCTK\wav48_silence_trimmed\p292\p292_286_mic1.flac,p364,0,1,0.33283746242523193,0.27188682556152344,0.33283746242523193,-0.060950636863708496,3.6289375
lca,3,p292_286_mic1,p292,data\VCTK\wav48_silence_trimmed\p292\p292_286_mic1.flac,p364,0,1,0.413883775472641,0.367735356092453,0.413883775472641,-0.04614841938018799,3.6289375
original,0,p293_164_mic1,p293,data\VCTK\wav48_silence_trimmed\p293\p293_164_mic1.flac,p293,1,1,0.5649818181991577,0.5649818181991577,0.4225957989692688,0.14238601922988892,4.297125
base,1,p293_164_mic1,p293,data\VCTK\wav48_silence_trimmed\p293\p293_164_mic1.flac,p301,0,1,0.44493940472602844,0.3356372117996216,0.44493940472602844,-0.10930219292640686,4.297125
base,2,p293_164_mic1,p293,data\VCTK\wav48_silence_trimmed\p293\p293_164_mic1.flac,p301,0,1,0.5637768507003784,0.3958289623260498,0.5637768507003784,-0.1679478883743286,4.297125
base,3,p293_164_mic1,p293,data\VCTK\wav48_silence_trimmed\p293\p293_164_mic1.flac,p301,0,1,0.5935083627700806,0.40911242365837097,0.5935083627700806,-0.1843959391117096,4.297125
lca,1,p293_164_mic1,p293,data\VCTK\wav48_silence_trimmed\p293\p293_164_mic1.flac,p295,0,1,0.459614634513855,0.3274531960487366,0.459614634513855,-0.1321614384651184,4.297125
lca,2,p293_164_mic1,p293,data\VCTK\wav48_silence_trimmed\p293\p293_164_mic1.flac,p314,0,1,0.43961337208747864,0.3155730962753296,0.43961337208747864,-0.12404027581214905,4.297125
lca,3,p293_164_mic1,p293,data\VCTK\wav48_silence_trimmed\p293\p293_164_mic1.flac,p301,0,1,0.49828898906707764,0.36308354139328003,0.49828898906707764,-0.1352054476737976,4.297125
original,0,p293_229_mic1,p293,data\VCTK\wav48_silence_trimmed\p293\p293_229_mic1.flac,p293,1,1,0.6587116122245789,0.6587116122245789,0.4619823694229126,0.19672924280166626,2.7079375
base,1,p293_229_mic1,p293,data\VCTK\wav48_silence_trimmed\p293\p293_229_mic1.flac,p301,0,1,0.4581200182437897,0.3480232059955597,0.4581200182437897,-0.11009681224822998,2.7079375
base,2,p293_229_mic1,p293,data\VCTK\wav48_silence_trimmed\p293\p293_229_mic1.flac,p293,1,1,0.4912441670894623,0.4912441670894623,0.4912187457084656,2.54213809967041e-05,2.7079375
base,3,p293_229_mic1,p293,data\VCTK\wav48_silence_trimmed\p293\p293_229_mic1.flac,p293,1,1,0.3658062219619751,0.3658062219619751,0.3656772971153259,0.00012892484664916992,2.7079375
lca,1,p293_229_mic1,p293,data\VCTK\wav48_silence_trimmed\p293\p293_229_mic1.flac,p301,0,1,0.38322627544403076,0.2702493965625763,0.38322627544403076,-0.11297687888145447,2.7079375
lca,2,p293_229_mic1,p293,data\VCTK\wav48_silence_trimmed\p293\p293_229_mic1.flac,p280,0,1,0.40939146280288696,0.37535274028778076,0.40939146280288696,-0.0340387225151062,2.7079375
lca,3,p293_229_mic1,p293,data\VCTK\wav48_silence_trimmed\p293\p293_229_mic1.flac,p280,0,1,0.4347839653491974,0.35671815276145935,0.4347839653491974,-0.07806581258773804,2.7079375
original,0,p293_238_mic2,p293,data\VCTK\wav48_silence_trimmed\p293\p293_238_mic2.flac,p293,1,1,0.589224100112915,0.589224100112915,0.41044551134109497,0.17877858877182007,3.5739375
base,1,p293_238_mic2,p293,data\VCTK\wav48_silence_trimmed\p293\p293_238_mic2.flac,p238,0,1,0.3272034525871277,0.302121639251709,0.3272034525871277,-0.0250818133354187,3.5739375
base,2,p293_238_mic2,p293,data\VCTK\wav48_silence_trimmed\p293\p293_238_mic2.flac,p293,1,1,0.42564380168914795,0.42564380168914795,0.38845908641815186,0.037184715270996094,3.5739375
base,3,p293_238_mic2,p293,data\VCTK\wav48_silence_trimmed\p293\p293_238_mic2.flac,p293,1,1,0.4333420991897583,0.4333420991897583,0.3789575695991516,0.05438452959060669,3.5739375
lca,1,p293_238_mic2,p293,data\VCTK\wav48_silence_trimmed\p293\p293_238_mic2.flac,p248,0,1,0.3141598701477051,0.22162050008773804,0.3141598701477051,-0.09253937005996704,3.5739375
lca,2,p293_238_mic2,p293,data\VCTK\wav48_silence_trimmed\p293\p293_238_mic2.flac,p248,0,1,0.4162408709526062,0.3535618484020233,0.4162408709526062,-0.06267902255058289,3.5739375
lca,3,p293_238_mic2,p293,data\VCTK\wav48_silence_trimmed\p293\p293_238_mic2.flac,p248,0,1,0.4170243442058563,0.3138171434402466,0.4170243442058563,-0.10320720076560974,3.5739375
original,0,p293_320_mic1,p293,data\VCTK\wav48_silence_trimmed\p293\p293_320_mic1.flac,p293,1,1,0.6467742919921875,0.6467742919921875,0.41964104771614075,0.22713324427604675,3.8025625
base,1,p293_320_mic1,p293,data\VCTK\wav48_silence_trimmed\p293\p293_320_mic1.flac,p301,0,1,0.3988201320171356,0.33871981501579285,0.3988201320171356,-0.06010031700134277,3.8025625
base,2,p293_320_mic1,p293,data\VCTK\wav48_silence_trimmed\p293\p293_320_mic1.flac,p301,0,1,0.5137984156608582,0.48682713508605957,0.5137984156608582,-0.026971280574798584,3.8025625
base,3,p293_320_mic1,p293,data\VCTK\wav48_silence_trimmed\p293\p293_320_mic1.flac,p293,1,1,0.5186823606491089,0.5186823606491089,0.4654009938240051,0.05328136682510376,3.8025625
lca,1,p293_320_mic1,p293,data\VCTK\wav48_silence_trimmed\p293\p293_320_mic1.flac,p295,0,1,0.4228368103504181,0.26614364981651306,0.4228368103504181,-0.15669316053390503,3.8025625
lca,2,p293_320_mic1,p293,data\VCTK\wav48_silence_trimmed\p293\p293_320_mic1.flac,p314,0,1,0.44406750798225403,0.40874624252319336,0.44406750798225403,-0.03532126545906067,3.8025625
lca,3,p293_320_mic1,p293,data\VCTK\wav48_silence_trimmed\p293\p293_320_mic1.flac,p340,0,1,0.4997836947441101,0.43859195709228516,0.4997836947441101,-0.06119173765182495,3.8025625
original,0,p293_376_mic2,p293,data\VCTK\wav48_silence_trimmed\p293\p293_376_mic2.flac,p293,1,1,0.7214537262916565,0.7214537262916565,0.4303986728191376,0.2910550534725189,3.0275
base,1,p293_376_mic2,p293,data\VCTK\wav48_silence_trimmed\p293\p293_376_mic2.flac,p301,0,1,0.3551366925239563,0.21057289838790894,0.3551366925239563,-0.14456379413604736,3.0275
base,2,p293_376_mic2,p293,data\VCTK\wav48_silence_trimmed\p293\p293_376_mic2.flac,p280,0,1,0.4096680283546448,0.3277099132537842,0.4096680283546448,-0.0819581151008606,3.0275
base,3,p293_376_mic2,p293,data\VCTK\wav48_silence_trimmed\p293\p293_376_mic2.flac,p280,0,1,0.422194242477417,0.40904903411865234,0.422194242477417,-0.013145208358764648,3.0275
lca,1,p293_376_mic2,p293,data\VCTK\wav48_silence_trimmed\p293\p293_376_mic2.flac,p295,0,1,0.341516375541687,0.2976157069206238,0.341516375541687,-0.04390066862106323,3.0275
lca,2,p293_376_mic2,p293,data\VCTK\wav48_silence_trimmed\p293\p293_376_mic2.flac,p295,0,1,0.4296187162399292,0.3837023973464966,0.4296187162399292,-0.04591631889343262,3.0275
lca,3,p293_376_mic2,p293,data\VCTK\wav48_silence_trimmed\p293\p293_376_mic2.flac,p314,0,1,0.42273691296577454,0.36649370193481445,0.42273691296577454,-0.05624321103096008,3.0275
original,0,p294_053_mic1,p294,data\VCTK\wav48_silence_trimmed\p294\p294_053_mic1.flac,p294,1,1,0.6565316915512085,0.6565316915512085,0.3167960047721863,0.3397356867790222,2.444625
base,1,p294_053_mic1,p294,data\VCTK\wav48_silence_trimmed\p294\p294_053_mic1.flac,p248,0,1,0.2507750988006592,0.23210041224956512,0.2507750988006592,-0.018674686551094055,2.444625
base,2,p294_053_mic1,p294,data\VCTK\wav48_silence_trimmed\p294\p294_053_mic1.flac,p294,1,1,0.35973891615867615,0.35973891615867615,0.33548489212989807,0.024254024028778076,2.444625
base,3,p294_053_mic1,p294,data\VCTK\wav48_silence_trimmed\p294\p294_053_mic1.flac,p294,1,1,0.4298705756664276,0.4298705756664276,0.3325590491294861,0.09731152653694153,2.444625
lca,1,p294_053_mic1,p294,data\VCTK\wav48_silence_trimmed\p294\p294_053_mic1.flac,p248,0,1,0.32722651958465576,0.11072100698947906,0.32722651958465576,-0.2165055125951767,2.444625
lca,2,p294_053_mic1,p294,data\VCTK\wav48_silence_trimmed\p294\p294_053_mic1.flac,p313,0,1,0.3081539273262024,0.23807840049266815,0.3081539273262024,-0.07007552683353424,2.444625
lca,3,p294_053_mic1,p294,data\VCTK\wav48_silence_trimmed\p294\p294_053_mic1.flac,p301,0,1,0.3127908706665039,0.2734406292438507,0.3127908706665039,-0.0393502414226532,2.444625
original,0,p294_062_mic1,p294,data\VCTK\wav48_silence_trimmed\p294\p294_062_mic1.flac,p294,1,1,0.6418969631195068,0.6418969631195068,0.34541332721710205,0.2964836359024048,3.27425
base,1,p294_062_mic1,p294,data\VCTK\wav48_silence_trimmed\p294\p294_062_mic1.flac,p262,0,1,0.40972673892974854,0.3835471272468567,0.40972673892974854,-0.026179611682891846,3.27425
base,2,p294_062_mic1,p294,data\VCTK\wav48_silence_trimmed\p294\p294_062_mic1.flac,p294,1,1,0.47561436891555786,0.47561436891555786,0.3956648111343384,0.07994955778121948,3.27425
base,3,p294_062_mic1,p294,data\VCTK\wav48_silence_trimmed\p294\p294_062_mic1.flac,p262,0,1,0.4409465193748474,0.39899182319641113,0.4409465193748474,-0.04195469617843628,3.27425
lca,1,p294_062_mic1,p294,data\VCTK\wav48_silence_trimmed\p294\p294_062_mic1.flac,p262,0,1,0.32685935497283936,0.21858344972133636,0.32685935497283936,-0.10827590525150299,3.27425
lca,2,p294_062_mic1,p294,data\VCTK\wav48_silence_trimmed\p294\p294_062_mic1.flac,p262,0,1,0.40997856855392456,0.2300662100315094,0.40997856855392456,-0.17991235852241516,3.27425
lca,3,p294_062_mic1,p294,data\VCTK\wav48_silence_trimmed\p294\p294_062_mic1.flac,p262,0,1,0.4217098355293274,0.2570209205150604,0.4217098355293274,-0.16468891501426697,3.27425
original,0,p294_224_mic1,p294,data\VCTK\wav48_silence_trimmed\p294\p294_224_mic1.flac,p294,1,1,0.6309300661087036,0.6309300661087036,0.35454386472702026,0.27638620138168335,3.4081875
base,1,p294_224_mic1,p294,data\VCTK\wav48_silence_trimmed\p294\p294_224_mic1.flac,p299,0,1,0.3994259238243103,0.3758982717990875,0.3994259238243103,-0.02352765202522278,3.4081875
base,2,p294_224_mic1,p294,data\VCTK\wav48_silence_trimmed\p294\p294_224_mic1.flac,p301,0,1,0.5314366817474365,0.4746358394622803,0.5314366817474365,-0.05680084228515625,3.4081875
base,3,p294_224_mic1,p294,data\VCTK\wav48_silence_trimmed\p294\p294_224_mic1.flac,p301,0,1,0.5037698745727539,0.45915088057518005,0.5037698745727539,-0.04461899399757385,3.4081875
lca,1,p294_224_mic1,p294,data\VCTK\wav48_silence_trimmed\p294\p294_224_mic1.flac,p301,0,1,0.32800954580307007,0.279196560382843,0.32800954580307007,-0.04881298542022705,3.4081875
lca,2,p294_224_mic1,p294,data\VCTK\wav48_silence_trimmed\p294\p294_224_mic1.flac,p301,0,1,0.4172748327255249,0.37545645236968994,0.4172748327255249,-0.04181838035583496,3.4081875
lca,3,p294_224_mic1,p294,data\VCTK\wav48_silence_trimmed\p294\p294_224_mic1.flac,p299,0,1,0.43039071559906006,0.34610605239868164,0.43039071559906006,-0.08428466320037842,3.4081875
original,0,p294_296_mic1,p294,data\VCTK\wav48_silence_trimmed\p294\p294_296_mic1.flac,p294,1,1,0.65337073802948,0.65337073802948,0.43339797854423523,0.21997275948524475,2.7841875
base,1,p294_296_mic1,p294,data\VCTK\wav48_silence_trimmed\p294\p294_296_mic1.flac,p262,0,1,0.3706788420677185,0.29358619451522827,0.3706788420677185,-0.07709264755249023,2.7841875
base,2,p294_296_mic1,p294,data\VCTK\wav48_silence_trimmed\p294\p294_296_mic1.flac,p281,0,1,0.37588560581207275,0.3170280456542969,0.37588560581207275,-0.05885756015777588,2.7841875
base,3,p294_296_mic1,p294,data\VCTK\wav48_silence_trimmed\p294\p294_296_mic1.flac,p281,0,1,0.34465283155441284,0.30682817101478577,0.34465283155441284,-0.037824660539627075,2.7841875
lca,1,p294_296_mic1,p294,data\VCTK\wav48_silence_trimmed\p294\p294_296_mic1.flac,p360,0,1,0.3508504629135132,0.08447352051734924,0.3508504629135132,-0.26637694239616394,2.7841875
lca,2,p294_296_mic1,p294,data\VCTK\wav48_silence_trimmed\p294\p294_296_mic1.flac,p301,0,1,0.3515056073665619,0.23753619194030762,0.3515056073665619,-0.11396941542625427,2.7841875
lca,3,p294_296_mic1,p294,data\VCTK\wav48_silence_trimmed\p294\p294_296_mic1.flac,p301,0,1,0.43660444021224976,0.3315883278846741,0.43660444021224976,-0.10501611232757568,2.7841875
original,0,p294_367_mic1,p294,data\VCTK\wav48_silence_trimmed\p294\p294_367_mic1.flac,p294,1,1,0.6756932735443115,0.6756932735443115,0.4317984879016876,0.2438947856426239,3.3283125
base,1,p294_367_mic1,p294,data\VCTK\wav48_silence_trimmed\p294\p294_367_mic1.flac,p301,0,1,0.4109792709350586,0.3369443416595459,0.4109792709350586,-0.0740349292755127,3.3283125
base,2,p294_367_mic1,p294,data\VCTK\wav48_silence_trimmed\p294\p294_367_mic1.flac,p301,0,1,0.5267394781112671,0.39685145020484924,0.5267394781112671,-0.12988802790641785,3.3283125
base,3,p294_367_mic1,p294,data\VCTK\wav48_silence_trimmed\p294\p294_367_mic1.flac,p301,0,1,0.46745145320892334,0.3817988634109497,0.46745145320892334,-0.08565258979797363,3.3283125
lca,1,p294_367_mic1,p294,data\VCTK\wav48_silence_trimmed\p294\p294_367_mic1.flac,p301,0,1,0.362374484539032,0.2060684859752655,0.362374484539032,-0.15630599856376648,3.3283125
lca,2,p294_367_mic1,p294,data\VCTK\wav48_silence_trimmed\p294\p294_367_mic1.flac,p301,0,1,0.4278815984725952,0.28737008571624756,0.4278815984725952,-0.14051151275634766,3.3283125
lca,3,p294_367_mic1,p294,data\VCTK\wav48_silence_trimmed\p294\p294_367_mic1.flac,p308,0,1,0.4126223623752594,0.25579315423965454,0.4126223623752594,-0.15682920813560486,3.3283125
original,0,p295_011_mic2,p295,data\VCTK\wav48_silence_trimmed\p295\p295_011_mic2.flac,p295,1,1,0.7319337129592896,0.7319337129592896,0.47411516308784485,0.2578185498714447,7.0188125
base,1,p295_011_mic2,p295,data\VCTK\wav48_silence_trimmed\p295\p295_011_mic2.flac,p295,1,1,0.3601142168045044,0.3601142168045044,0.3336021900177002,0.0265120267868042,7.0188125
base,2,p295_011_mic2,p295,data\VCTK\wav48_silence_trimmed\p295\p295_011_mic2.flac,p295,1,1,0.4464135766029358,0.4464135766029358,0.3936903476715088,0.052723228931427,7.0188125
base,3,p295_011_mic2,p295,data\VCTK\wav48_silence_trimmed\p295\p295_011_mic2.flac,p295,1,1,0.4571324288845062,0.4571324288845062,0.3727812170982361,0.08435121178627014,7.0188125
lca,1,p295_011_mic2,p295,data\VCTK\wav48_silence_trimmed\p295\p295_011_mic2.flac,p295,1,1,0.40462905168533325,0.40462905168533325,0.35188332200050354,0.05274572968482971,7.0188125
lca,2,p295_011_mic2,p295,data\VCTK\wav48_silence_trimmed\p295\p295_011_mic2.flac,p295,1,1,0.4386245012283325,0.4386245012283325,0.42953360080718994,0.009090900421142578,7.0188125
lca,3,p295_011_mic2,p295,data\VCTK\wav48_silence_trimmed\p295\p295_011_mic2.flac,p295,1,1,0.49916529655456543,0.49916529655456543,0.4261186420917511,0.07304665446281433,7.0188125
original,0,p295_087_mic1,p295,data\VCTK\wav48_silence_trimmed\p295\p295_087_mic1.flac,p295,1,1,0.6391144394874573,0.6391144394874573,0.4587276875972748,0.1803867518901825,3.801
base,1,p295_087_mic1,p295,data\VCTK\wav48_silence_trimmed\p295\p295_087_mic1.flac,p225,0,1,0.37752577662467957,0.2985970377922058,0.37752577662467957,-0.07892873883247375,3.801
base,2,p295_087_mic1,p295,data\VCTK\wav48_silence_trimmed\p295\p295_087_mic1.flac,p293,0,1,0.5017995238304138,0.47086745500564575,0.5017995238304138,-0.030932068824768066,3.801
base,3,p295_087_mic1,p295,data\VCTK\wav48_silence_trimmed\p295\p295_087_mic1.flac,p295,1,1,0.4955939054489136,0.4955939054489136,0.457053542137146,0.03854036331176758,3.801
lca,1,p295_087_mic1,p295,data\VCTK\wav48_silence_trimmed\p295\p295_087_mic1.flac,p225,0,1,0.3925313949584961,0.3414963483810425,0.3925313949584961,-0.05103504657745361,3.801
lca,2,p295_087_mic1,p295,data\VCTK\wav48_silence_trimmed\p295\p295_087_mic1.flac,p262,0,1,0.5255736112594604,0.4687362313270569,0.5255736112594604,-0.056837379932403564,3.801
lca,3,p295_087_mic1,p295,data\VCTK\wav48_silence_trimmed\p295\p295_087_mic1.flac,p295,1,1,0.512712836265564,0.512712836265564,0.5048708915710449,0.007841944694519043,3.801
original,0,p295_148_mic1,p295,data\VCTK\wav48_silence_trimmed\p295\p295_148_mic1.flac,p295,1,1,0.6965982913970947,0.6965982913970947,0.45875972509384155,0.23783856630325317,4.225125
base,1,p295_148_mic1,p295,data\VCTK\wav48_silence_trimmed\p295\p295_148_mic1.flac,p295,1,1,0.4229430556297302,0.4229430556297302,0.3733110725879669,0.049631983041763306,4.225125
base,2,p295_148_mic1,p295,data\VCTK\wav48_silence_trimmed\p295\p295_148_mic1.flac,p295,1,1,0.5449058413505554,0.5449058413505554,0.5131591558456421,0.03174668550491333,4.225125
base,3,p295_148_mic1,p295,data\VCTK\wav48_silence_trimmed\p295\p295_148_mic1.flac,p295,1,1,0.551840603351593,0.551840603351593,0.4615245461463928,0.0903160572052002,4.225125
lca,1,p295_148_mic1,p295,data\VCTK\wav48_silence_trimmed\p295\p295_148_mic1.flac,p262,0,1,0.38972175121307373,0.3893062472343445,0.38972175121307373,-0.00041550397872924805,4.225125
lca,2,p295_148_mic1,p295,data\VCTK\wav48_silence_trimmed\p295\p295_148_mic1.flac,p295,1,1,0.5330640077590942,0.5330640077590942,0.47856706380844116,0.054496943950653076,4.225125
lca,3,p295_148_mic1,p295,data\VCTK\wav48_silence_trimmed\p295\p295_148_mic1.flac,p295,1,1,0.5473485589027405,0.5473485589027405,0.4768231511116028,0.0705254077911377,4.225125
original,0,p295_311_mic2,p295,data\VCTK\wav48_silence_trimmed\p295\p295_311_mic2.flac,p295,1,1,0.725502610206604,0.725502610206604,0.42505282163619995,0.30044978857040405,3.923875
base,1,p295_311_mic2,p295,data\VCTK\wav48_silence_trimmed\p295\p295_311_mic2.flac,p295,1,1,0.3169943690299988,0.3169943690299988,0.3160189390182495,0.0009754300117492676,3.923875
base,2,p295_311_mic2,p295,data\VCTK\wav48_silence_trimmed\p295\p295_311_mic2.flac,p262,0,1,0.4161164164543152,0.3756113052368164,0.4161164164543152,-0.04050511121749878,3.923875
base,3,p295_311_mic2,p295,data\VCTK\wav48_silence_trimmed\p295\p295_311_mic2.flac,p262,0,1,0.40384215116500854,0.38671475648880005,0.40384215116500854,-0.017127394676208496,3.923875
lca,1,p295_311_mic2,p295,data\VCTK\wav48_silence_trimmed\p295\p295_311_mic2.flac,p295,1,1,0.3652392029762268,0.3652392029762268,0.324884295463562,0.040354907512664795,3.923875
lca,2,p295_311_mic2,p295,data\VCTK\wav48_silence_trimmed\p295\p295_311_mic2.flac,p295,1,1,0.4338379204273224,0.4338379204273224,0.3961237072944641,0.037714213132858276,3.923875
lca,3,p295_311_mic2,p295,data\VCTK\wav48_silence_trimmed\p295\p295_311_mic2.flac,p295,1,1,0.47201740741729736,0.47201740741729736,0.41192880272865295,0.06008860468864441,3.923875
original,0,p295_323_mic2,p295,data\VCTK\wav48_silence_trimmed\p295\p295_323_mic2.flac,p295,1,1,0.7338851094245911,0.7338851094245911,0.3668064475059509,0.36707866191864014,3.7171875
base,1,p295_323_mic2,p295,data\VCTK\wav48_silence_trimmed\p295\p295_323_mic2.flac,p330,0,1,0.39878207445144653,0.32497137784957886,0.39878207445144653,-0.07381069660186768,3.7171875
base,2,p295_323_mic2,p295,data\VCTK\wav48_silence_trimmed\p295\p295_323_mic2.flac,p295,1,1,0.45903128385543823,0.45903128385543823,0.3993891775608063,0.05964210629463196,3.7171875
base,3,p295_323_mic2,p295,data\VCTK\wav48_silence_trimmed\p295\p295_323_mic2.flac,p295,1,1,0.4480624198913574,0.4480624198913574,0.38115912675857544,0.06690329313278198,3.7171875
lca,1,p295_323_mic2,p295,data\VCTK\wav48_silence_trimmed\p295\p295_323_mic2.flac,p295,1,1,0.4346829354763031,0.4346829354763031,0.4003361165523529,0.034346818923950195,3.7171875
lca,2,p295_323_mic2,p295,data\VCTK\wav48_silence_trimmed\p295\p295_323_mic2.flac,p295,1,1,0.4080827832221985,0.4080827832221985,0.36256521940231323,0.045517563819885254,3.7171875
lca,3,p295_323_mic2,p295,data\VCTK\wav48_silence_trimmed\p295\p295_323_mic2.flac,p340,0,1,0.3926754891872406,0.38001692295074463,0.3926754891872406,-0.012658566236495972,3.7171875
original,0,p297_105_mic1,p297,data\VCTK\wav48_silence_trimmed\p297\p297_105_mic1.flac,p297,1,1,0.6618010997772217,0.6618010997772217,0.4304381012916565,0.23136299848556519,3.504
base,1,p297_105_mic1,p297,data\VCTK\wav48_silence_trimmed\p297\p297_105_mic1.flac,p238,0,1,0.32874077558517456,0.04433417692780495,0.32874077558517456,-0.2844065986573696,3.504
base,2,p297_105_mic1,p297,data\VCTK\wav48_silence_trimmed\p297\p297_105_mic1.flac,p280,0,1,0.39473068714141846,0.23913505673408508,0.39473068714141846,-0.15559563040733337,3.504
base,3,p297_105_mic1,p297,data\VCTK\wav48_silence_trimmed\p297\p297_105_mic1.flac,p280,0,1,0.40154480934143066,0.3035111129283905,0.40154480934143066,-0.09803369641304016,3.504
lca,1,p297_105_mic1,p297,data\VCTK\wav48_silence_trimmed\p297\p297_105_mic1.flac,p262,0,1,0.3792387843132019,0.0970347449183464,0.3792387843132019,-0.2822040393948555,3.504
lca,2,p297_105_mic1,p297,data\VCTK\wav48_silence_trimmed\p297\p297_105_mic1.flac,p280,0,1,0.43855559825897217,0.21877679228782654,0.43855559825897217,-0.21977880597114563,3.504
lca,3,p297_105_mic1,p297,data\VCTK\wav48_silence_trimmed\p297\p297_105_mic1.flac,p340,0,1,0.5068076848983765,0.1784280389547348,0.5068076848983765,-0.32837964594364166,3.504
original,0,p297_283_mic2,p297,data\VCTK\wav48_silence_trimmed\p297\p297_283_mic2.flac,p297,1,1,0.6580390930175781,0.6580390930175781,0.39426225423812866,0.26377683877944946,2.9918125
base,1,p297_283_mic2,p297,data\VCTK\wav48_silence_trimmed\p297\p297_283_mic2.flac,p262,0,1,0.34052544832229614,0.17535515129566193,0.34052544832229614,-0.16517029702663422,2.9918125
base,2,p297_283_mic2,p297,data\VCTK\wav48_silence_trimmed\p297\p297_283_mic2.flac,p297,1,1,0.40336155891418457,0.40336155891418457,0.3928908109664917,0.010470747947692871,2.9918125
base,3,p297_283_mic2,p297,data\VCTK\wav48_silence_trimmed\p297\p297_283_mic2.flac,p297,1,1,0.4588227868080139,0.4588227868080139,0.4134782552719116,0.045344531536102295,2.9918125
lca,1,p297_283_mic2,p297,data\VCTK\wav48_silence_trimmed\p297\p297_283_mic2.flac,p361,0,1,0.37725967168807983,0.17077480256557465,0.37725967168807983,-0.2064848691225052,2.9918125
lca,2,p297_283_mic2,p297,data\VCTK\wav48_silence_trimmed\p297\p297_283_mic2.flac,p333,0,1,0.39312469959259033,0.2720502018928528,0.39312469959259033,-0.12107449769973755,2.9918125
lca,3,p297_283_mic2,p297,data\VCTK\wav48_silence_trimmed\p297\p297_283_mic2.flac,p333,0,1,0.39678138494491577,0.31983068585395813,0.39678138494491577,-0.07695069909095764,2.9918125
original,0,p297_324_mic2,p297,data\VCTK\wav48_silence_trimmed\p297\p297_324_mic2.flac,p297,1,1,0.7076857089996338,0.7076857089996338,0.40644970536231995,0.30123600363731384,3.8026875
base,1,p297_324_mic2,p297,data\VCTK\wav48_silence_trimmed\p297\p297_324_mic2.flac,p339,0,1,0.2899344563484192,0.029333222657442093,0.2899344563484192,-0.2606012336909771,3.8026875
base,2,p297_324_mic2,p297,data\VCTK\wav48_silence_trimmed\p297\p297_324_mic2.flac,p297,1,1,0.346693217754364,0.346693217754364,0.302540123462677,0.04415309429168701,3.8026875
base,3,p297_324_mic2,p297,data\VCTK\wav48_silence_trimmed\p297\p297_324_mic2.flac,p297,1,1,0.3979479670524597,0.3979479670524597,0.3645249605178833,0.033423006534576416,3.8026875
lca,1,p297_324_mic2,p297,data\VCTK\wav48_silence_trimmed\p297\p297_324_mic2.flac,p339,0,1,0.40389856696128845,0.1526167392730713,0.40389856696128845,-0.25128182768821716,3.8026875
lca,2,p297_324_mic2,p297,data\VCTK\wav48_silence_trimmed\p297\p297_324_mic2.flac,p262,0,1,0.35058021545410156,0.26226526498794556,0.35058021545410156,-0.088314950466156,3.8026875
lca,3,p297_324_mic2,p297,data\VCTK\wav48_silence_trimmed\p297\p297_324_mic2.flac,p297,1,1,0.352998822927475,0.352998822927475,0.31979602575302124,0.033202797174453735,3.8026875
original,0,p297_403_mic2,p297,data\VCTK\wav48_silence_trimmed\p297\p297_403_mic2.flac,p297,1,1,0.7246270179748535,0.7246270179748535,0.3948180675506592,0.32980895042419434,3.67175
base,1,p297_403_mic2,p297,data\VCTK\wav48_silence_trimmed\p297\p297_403_mic2.flac,p301,0,1,0.3836413025856018,0.13077622652053833,0.3836413025856018,-0.2528650760650635,3.67175
base,2,p297_403_mic2,p297,data\VCTK\wav48_silence_trimmed\p297\p297_403_mic2.flac,p297,1,1,0.3309614062309265,0.3309614062309265,0.3013957142829895,0.02956569194793701,3.67175
base,3,p297_403_mic2,p297,data\VCTK\wav48_silence_trimmed\p297\p297_403_mic2.flac,p297,1,1,0.43578094244003296,0.43578094244003296,0.3175252079963684,0.11825573444366455,3.67175
lca,1,p297_403_mic2,p297,data\VCTK\wav48_silence_trimmed\p297\p297_403_mic2.flac,p280,0,1,0.32335183024406433,0.030770786106586456,0.32335183024406433,-0.2925810441374779,3.67175
lca,2,p297_403_mic2,p297,data\VCTK\wav48_silence_trimmed\p297\p297_403_mic2.flac,p299,0,1,0.3373095393180847,0.20801903307437897,0.3373095393180847,-0.12929050624370575,3.67175
lca,3,p297_403_mic2,p297,data\VCTK\wav48_silence_trimmed\p297\p297_403_mic2.flac,p340,0,1,0.36398112773895264,0.2218261957168579,0.36398112773895264,-0.14215493202209473,3.67175
original,0,p297_418_mic2,p297,data\VCTK\wav48_silence_trimmed\p297\p297_418_mic2.flac,p297,1,1,0.5924693942070007,0.5924693942070007,0.48041677474975586,0.11205261945724487,2.9910625
base,1,p297_418_mic2,p297,data\VCTK\wav48_silence_trimmed\p297\p297_418_mic2.flac,p262,0,1,0.36125051975250244,0.11204277724027634,0.36125051975250244,-0.2492077425122261,2.9910625
base,2,p297_418_mic2,p297,data\VCTK\wav48_silence_trimmed\p297\p297_418_mic2.flac,p262,0,1,0.45133092999458313,0.23274171352386475,0.45133092999458313,-0.21858921647071838,2.9910625
base,3,p297_418_mic2,p297,data\VCTK\wav48_silence_trimmed\p297\p297_418_mic2.flac,p299,0,1,0.3830077350139618,0.3361694812774658,0.3830077350139618,-0.04683825373649597,2.9910625
lca,1,p297_418_mic2,p297,data\VCTK\wav48_silence_trimmed\p297\p297_418_mic2.flac,p314,0,1,0.3947160243988037,0.10112997889518738,0.3947160243988037,-0.29358604550361633,2.9910625
lca,2,p297_418_mic2,p297,data\VCTK\wav48_silence_trimmed\p297\p297_418_mic2.flac,p339,0,1,0.4405156373977661,0.1906888782978058,0.4405156373977661,-0.24982675909996033,2.9910625
lca,3,p297_418_mic2,p297,data\VCTK\wav48_silence_trimmed\p297\p297_418_mic2.flac,p299,0,1,0.46222859621047974,0.2744740843772888,0.46222859621047974,-0.18775451183319092,2.9910625
original,0,p298_140_mic2,p298,data\VCTK\wav48_silence_trimmed\p298\p298_140_mic2.flac,p298,1,1,0.6753984689712524,0.6753984689712524,0.40384018421173096,0.2715582847595215,3.5028125
base,1,p298_140_mic2,p298,data\VCTK\wav48_silence_trimmed\p298\p298_140_mic2.flac,p360,0,1,0.40550848841667175,0.25276505947113037,0.40550848841667175,-0.15274342894554138,3.5028125
base,2,p298_140_mic2,p298,data\VCTK\wav48_silence_trimmed\p298\p298_140_mic2.flac,p298,1,1,0.4632657468318939,0.4632657468318939,0.4060788154602051,0.05718693137168884,3.5028125
base,3,p298_140_mic2,p298,data\VCTK\wav48_silence_trimmed\p298\p298_140_mic2.flac,p298,1,1,0.48630857467651367,0.48630857467651367,0.4257364869117737,0.06057208776473999,3.5028125
lca,1,p298_140_mic2,p298,data\VCTK\wav48_silence_trimmed\p298\p298_140_mic2.flac,p281,0,1,0.37083491683006287,0.15480709075927734,0.37083491683006287,-0.21602782607078552,3.5028125
lca,2,p298_140_mic2,p298,data\VCTK\wav48_silence_trimmed\p298\p298_140_mic2.flac,p281,0,1,0.42891377210617065,0.2761574983596802,0.42891377210617065,-0.15275627374649048,3.5028125
lca,3,p298_140_mic2,p298,data\VCTK\wav48_silence_trimmed\p298\p298_140_mic2.flac,p298,1,1,0.42222368717193604,0.42222368717193604,0.3856840133666992,0.036539673805236816,3.5028125
original,0,p298_223_mic1,p298,data\VCTK\wav48_silence_trimmed\p298\p298_223_mic1.flac,p298,1,1,0.8267755508422852,0.8267755508422852,0.3655175566673279,0.4612579941749573,4.395125
base,1,p298_223_mic1,p298,data\VCTK\wav48_silence_trimmed\p298\p298_223_mic1.flac,p360,0,1,0.3739199936389923,0.31569164991378784,0.3739199936389923,-0.05822834372520447,4.395125
base,2,p298_223_mic1,p298,data\VCTK\wav48_silence_trimmed\p298\p298_223_mic1.flac,p298,1,1,0.48100024461746216,0.48100024461746216,0.368857741355896,0.11214250326156616,4.395125
base,3,p298_223_mic1,p298,data\VCTK\wav48_silence_trimmed\p298\p298_223_mic1.flac,p298,1,1,0.5237940549850464,0.5237940549850464,0.38447970151901245,0.13931435346603394,4.395125
lca,1,p298_223_mic1,p298,data\VCTK\wav48_silence_trimmed\p298\p298_223_mic1.flac,p270,0,1,0.36204686760902405,0.2233797311782837,0.36204686760902405,-0.13866713643074036,4.395125
lca,2,p298_223_mic1,p298,data\VCTK\wav48_silence_trimmed\p298\p298_223_mic1.flac,p298,1,1,0.3770744800567627,0.3770744800567627,0.3765217959880829,0.0005526840686798096,4.395125
lca,3,p298_223_mic1,p298,data\VCTK\wav48_silence_trimmed\p298\p298_223_mic1.flac,p259,0,1,0.42739009857177734,0.4195801019668579,0.42739009857177734,-0.007809996604919434,4.395125
original,0,p298_277_mic1,p298,data\VCTK\wav48_silence_trimmed\p298\p298_277_mic1.flac,p298,1,1,0.6540061235427856,0.6540061235427856,0.329642653465271,0.32436347007751465,3.7586875
base,1,p298_277_mic1,p298,data\VCTK\wav48_silence_trimmed\p298\p298_277_mic1.flac,p364,0,1,0.28996574878692627,0.19182226061820984,0.28996574878692627,-0.09814348816871643,3.7586875
base,2,p298_277_mic1,p298,data\VCTK\wav48_silence_trimmed\p298\p298_277_mic1.flac,p298,1,1,0.43057212233543396,0.43057212233543396,0.3791502118110657,0.051421910524368286,3.7586875
base,3,p298_277_mic1,p298,data\VCTK\wav48_silence_trimmed\p298\p298_277_mic1.flac,p298,1,1,0.5275148153305054,0.5275148153305054,0.41923198103904724,0.10828283429145813,3.7586875
lca,1,p298_277_mic1,p298,data\VCTK\wav48_silence_trimmed\p298\p298_277_mic1.flac,p281,0,1,0.3608868718147278,0.19545447826385498,0.3608868718147278,-0.1654323935508728,3.7586875
lca,2,p298_277_mic1,p298,data\VCTK\wav48_silence_trimmed\p298\p298_277_mic1.flac,p271,0,1,0.40294602513313293,0.3174912631511688,0.40294602513313293,-0.08545476198196411,3.7586875
lca,3,p298_277_mic1,p298,data\VCTK\wav48_silence_trimmed\p298\p298_277_mic1.flac,p271,0,1,0.38641810417175293,0.3350071609020233,0.38641810417175293,-0.051410943269729614,3.7586875
original,0,p298_316_mic2,p298,data\VCTK\wav48_silence_trimmed\p298\p298_316_mic2.flac,p298,1,1,0.5411842465400696,0.5411842465400696,0.3404780924320221,0.20070615410804749,3.4140625
base,1,p298_316_mic2,p298,data\VCTK\wav48_silence_trimmed\p298\p298_316_mic2.flac,p302,0,1,0.34927958250045776,0.3018035888671875,0.34927958250045776,-0.047475993633270264,3.4140625
base,2,p298_316_mic2,p298,data\VCTK\wav48_silence_trimmed\p298\p298_316_mic2.flac,p298,1,1,0.368024617433548,0.368024617433548,0.3464348316192627,0.02158978581428528,3.4140625
base,3,p298_316_mic2,p298,data\VCTK\wav48_silence_trimmed\p298\p298_316_mic2.flac,p281,0,1,0.3831302523612976,0.3718835115432739,0.3831302523612976,-0.011246740818023682,3.4140625
lca,1,p298_316_mic2,p298,data\VCTK\wav48_silence_trimmed\p298\p298_316_mic2.flac,p313,0,1,0.3211936056613922,0.2837190628051758,0.3211936056613922,-0.03747454285621643,3.4140625
lca,2,p298_316_mic2,p298,data\VCTK\wav48_silence_trimmed\p298\p298_316_mic2.flac,p281,0,1,0.34552741050720215,0.29527539014816284,0.34552741050720215,-0.05025202035903931,3.4140625
lca,3,p298_316_mic2,p298,data\VCTK\wav48_silence_trimmed\p298\p298_316_mic2.flac,p281,0,1,0.37709906697273254,0.3101375997066498,0.37709906697273254,-0.06696146726608276,3.4140625
original,0,p298_346_mic1,p298,data\VCTK\wav48_silence_trimmed\p298\p298_346_mic1.flac,p298,1,1,0.7594431638717651,0.7594431638717651,0.3953281342983246,0.36411502957344055,7.4413125
base,1,p298_346_mic1,p298,data\VCTK\wav48_silence_trimmed\p298\p298_346_mic1.flac,p281,0,1,0.3505472242832184,0.2526545524597168,0.3505472242832184,-0.09789267182350159,7.4413125
base,2,p298_346_mic1,p298,data\VCTK\wav48_silence_trimmed\p298\p298_346_mic1.flac,p298,1,1,0.4223001301288605,0.4223001301288605,0.40195432305336,0.02034580707550049,7.4413125
base,3,p298_346_mic1,p298,data\VCTK\wav48_silence_trimmed\p298\p298_346_mic1.flac,p298,1,1,0.4966985285282135,0.4966985285282135,0.41621410846710205,0.08048442006111145,7.4413125
lca,1,p298_346_mic1,p298,data\VCTK\wav48_silence_trimmed\p298\p298_346_mic1.flac,p281,0,1,0.3933175802230835,0.2380450814962387,0.3933175802230835,-0.1552724987268448,7.4413125
lca,2,p298_346_mic1,p298,data\VCTK\wav48_silence_trimmed\p298\p298_346_mic1.flac,p374,0,1,0.37983542680740356,0.37878403067588806,0.37983542680740356,-0.001051396131515503,7.4413125
lca,3,p298_346_mic1,p298,data\VCTK\wav48_silence_trimmed\p298\p298_346_mic1.flac,p298,1,1,0.4514652490615845,0.4514652490615845,0.43305352330207825,0.018411725759506226,7.4413125
original,0,p299_157_mic2,p299,data\VCTK\wav48_silence_trimmed\p299\p299_157_mic2.flac,p299,1,1,0.7746998071670532,0.7746998071670532,0.4406992197036743,0.3340005874633789,4.0125
base,1,p299_157_mic2,p299,data\VCTK\wav48_silence_trimmed\p299\p299_157_mic2.flac,p294,0,1,0.4100302457809448,0.1917601078748703,0.4100302457809448,-0.21827013790607452,4.0125
base,2,p299_157_mic2,p299,data\VCTK\wav48_silence_trimmed\p299\p299_157_mic2.flac,p299,1,1,0.4450518488883972,0.4450518488883972,0.39499038457870483,0.05006146430969238,4.0125
base,3,p299_157_mic2,p299,data\VCTK\wav48_silence_trimmed\p299\p299_157_mic2.flac,p299,1,1,0.5831210017204285,0.5831210017204285,0.38286495208740234,0.20025604963302612,4.0125
lca,1,p299_157_mic2,p299,data\VCTK\wav48_silence_trimmed\p299\p299_157_mic2.flac,p301,0,1,0.33840295672416687,0.27907487750053406,0.33840295672416687,-0.05932807922363281,4.0125
lca,2,p299_157_mic2,p299,data\VCTK\wav48_silence_trimmed\p299\p299_157_mic2.flac,p299,1,1,0.5301850438117981,0.5301850438117981,0.41710615158081055,0.11307889223098755,4.0125
lca,3,p299_157_mic2,p299,data\VCTK\wav48_silence_trimmed\p299\p299_157_mic2.flac,p299,1,1,0.6345417499542236,0.6345417499542236,0.4551864266395569,0.17935532331466675,4.0125
original,0,p299_189_mic2,p299,data\VCTK\wav48_silence_trimmed\p299\p299_189_mic2.flac,p299,1,1,0.6154655814170837,0.6154655814170837,0.36141496896743774,0.254050612449646,2.7343125
base,1,p299_189_mic2,p299,data\VCTK\wav48_silence_trimmed\p299\p299_189_mic2.flac,p343,0,1,0.3855106830596924,0.250684916973114,0.3855106830596924,-0.13482576608657837,2.7343125
base,2,p299_189_mic2,p299,data\VCTK\wav48_silence_trimmed\p299\p299_189_mic2.flac,p295,0,1,0.41685259342193604,0.3430424928665161,0.41685259342193604,-0.07381010055541992,2.7343125
base,3,p299_189_mic2,p299,data\VCTK\wav48_silence_trimmed\p299\p299_189_mic2.flac,p295,0,1,0.42433393001556396,0.4159815311431885,0.42433393001556396,-0.008352398872375488,2.7343125
lca,1,p299_189_mic2,p299,data\VCTK\wav48_silence_trimmed\p299\p299_189_mic2.flac,p314,0,1,0.33825117349624634,0.251573383808136,0.33825117349624634,-0.08667778968811035,2.7343125
lca,2,p299_189_mic2,p299,data\VCTK\wav48_silence_trimmed\p299\p299_189_mic2.flac,p314,0,1,0.4507059156894684,0.44581717252731323,0.4507059156894684,-0.004888743162155151,2.7343125
lca,3,p299_189_mic2,p299,data\VCTK\wav48_silence_trimmed\p299\p299_189_mic2.flac,p299,1,1,0.5206730365753174,0.5206730365753174,0.46097567677497864,0.059697359800338745,2.7343125
original,0,p299_225_mic1,p299,data\VCTK\wav48_silence_trimmed\p299\p299_225_mic1.flac,p299,1,1,0.6399235725402832,0.6399235725402832,0.4043934643268585,0.23553010821342468,3.1691875
base,1,p299_225_mic1,p299,data\VCTK\wav48_silence_trimmed\p299\p299_225_mic1.flac,p301,0,1,0.3801908493041992,0.27832138538360596,0.3801908493041992,-0.10186946392059326,3.1691875
base,2,p299_225_mic1,p299,data\VCTK\wav48_silence_trimmed\p299\p299_225_mic1.flac,p301,0,1,0.4182424545288086,0.3862277865409851,0.4182424545288086,-0.032014667987823486,3.1691875
base,3,p299_225_mic1,p299,data\VCTK\wav48_silence_trimmed\p299\p299_225_mic1.flac,p299,1,1,0.5118047595024109,0.5118047595024109,0.4483851492404938,0.06341961026191711,3.1691875
lca,1,p299_225_mic1,p299,data\VCTK\wav48_silence_trimmed\p299\p299_225_mic1.flac,p301,0,0,0.23265278339385986,0.14030393958091736,0.23265278339385986,-0.0923488438129425,3.1691875
lca,2,p299_225_mic1,p299,data\VCTK\wav48_silence_trimmed\p299\p299_225_mic1.flac,p299,1,1,0.4941636323928833,0.4941636323928833,0.424241840839386,0.06992179155349731,3.1691875
lca,3,p299_225_mic1,p299,data\VCTK\wav48_silence_trimmed\p299\p299_225_mic1.flac,p299,1,1,0.5403470993041992,0.5403470993041992,0.4589414894580841,0.08140560984611511,3.1691875
original,0,p299_251_mic2,p299,data\VCTK\wav48_silence_trimmed\p299\p299_251_mic2.flac,p299,1,1,0.7588655948638916,0.7588655948638916,0.48212534189224243,0.27674025297164917,3.1625
base,1,p299_251_mic2,p299,data\VCTK\wav48_silence_trimmed\p299\p299_251_mic2.flac,p301,0,1,0.3757753372192383,0.24391140043735504,0.3757753372192383,-0.13186393678188324,3.1625
base,2,p299_251_mic2,p299,data\VCTK\wav48_silence_trimmed\p299\p299_251_mic2.flac,p301,0,1,0.5180841684341431,0.4461428225040436,0.5180841684341431,-0.07194134593009949,3.1625
base,3,p299_251_mic2,p299,data\VCTK\wav48_silence_trimmed\p299\p299_251_mic2.flac,p299,1,1,0.526366651058197,0.526366651058197,0.4444897174835205,0.08187693357467651,3.1625
lca,1,p299_251_mic2,p299,data\VCTK\wav48_silence_trimmed\p299\p299_251_mic2.flac,p314,0,1,0.3008396327495575,0.2767601013183594,0.3008396327495575,-0.02407953143119812,3.1625
lca,2,p299_251_mic2,p299,data\VCTK\wav48_silence_trimmed\p299\p299_251_mic2.flac,p299,1,1,0.4882933795452118,0.4882933795452118,0.46236318349838257,0.025930196046829224,3.1625
lca,3,p299_251_mic2,p299,data\VCTK\wav48_silence_trimmed\p299\p299_251_mic2.flac,p299,1,1,0.5780612826347351,0.5780612826347351,0.46792665123939514,0.11013463139533997,3.1625
original,0,p299_287_mic2,p299,data\VCTK\wav48_silence_trimmed\p299\p299_287_mic2.flac,p299,1,1,0.7750464677810669,0.7750464677810669,0.5139224529266357,0.26112401485443115,3.723625
base,1,p299_287_mic2,p299,data\VCTK\wav48_silence_trimmed\p299\p299_287_mic2.flac,p313,0,1,0.3702276051044464,0.2839943766593933,0.3702276051044464,-0.0862332284450531,3.723625
base,2,p299_287_mic2,p299,data\VCTK\wav48_silence_trimmed\p299\p299_287_mic2.flac,p299,1,1,0.4745061993598938,0.4745061993598938,0.3937314450740814,0.08077475428581238,3.723625
base,3,p299_287_mic2,p299,data\VCTK\wav48_silence_trimmed\p299\p299_287_mic2.flac,p299,1,1,0.5524536371231079,0.5524536371231079,0.40738728642463684,0.14506635069847107,3.723625
lca,1,p299_287_mic2,p299,data\VCTK\wav48_silence_trimmed\p299\p299_287_mic2.flac,p299,1,1,0.45779305696487427,0.45779305696487427,0.41581982374191284,0.041973233222961426,3.723625
lca,2,p299_287_mic2,p299,data\VCTK\wav48_silence_trimmed\p299\p299_287_mic2.flac,p299,1,1,0.5711958408355713,0.5711958408355713,0.48521673679351807,0.08597910404205322,3.723625
lca,3,p299_287_mic2,p299,data\VCTK\wav48_silence_trimmed\p299\p299_287_mic2.flac,p299,1,1,0.6129380464553833,0.6129380464553833,0.5017766952514648,0.11116135120391846,3.723625
original,0,p300_087_mic1,p300,data\VCTK\wav48_silence_trimmed\p300\p300_087_mic1.flac,p300,1,1,0.5899155139923096,0.5899155139923096,0.5474262237548828,0.04248929023742676,5.0915625
base,1,p300_087_mic1,p300,data\VCTK\wav48_silence_trimmed\p300\p300_087_mic1.flac,p339,0,1,0.37301915884017944,0.18501144647598267,0.37301915884017944,-0.18800771236419678,5.0915625
base,2,p300_087_mic1,p300,data\VCTK\wav48_silence_trimmed\p300\p300_087_mic1.flac,p314,0,1,0.47703298926353455,0.36206531524658203,0.47703298926353455,-0.11496767401695251,5.0915625
base,3,p300_087_mic1,p300,data\VCTK\wav48_silence_trimmed\p300\p300_087_mic1.flac,p299,0,1,0.5437629818916321,0.4326746463775635,0.5437629818916321,-0.1110883355140686,5.0915625
lca,1,p300_087_mic1,p300,data\VCTK\wav48_silence_trimmed\p300\p300_087_mic1.flac,p314,0,1,0.4012030363082886,0.24370595812797546,0.4012030363082886,-0.1574970781803131,5.0915625
lca,2,p300_087_mic1,p300,data\VCTK\wav48_silence_trimmed\p300\p300_087_mic1.flac,p299,0,1,0.5864512920379639,0.4326624274253845,0.5864512920379639,-0.15378886461257935,5.0915625
lca,3,p300_087_mic1,p300,data\VCTK\wav48_silence_trimmed\p300\p300_087_mic1.flac,p299,0,1,0.580338716506958,0.43498948216438293,0.580338716506958,-0.14534923434257507,5.0915625
original,0,p300_138_mic1,p300,data\VCTK\wav48_silence_trimmed\p300\p300_138_mic1.flac,p300,1,1,0.7648301124572754,0.7648301124572754,0.5027549862861633,0.26207512617111206,4.43825
base,1,p300_138_mic1,p300,data\VCTK\wav48_silence_trimmed\p300\p300_138_mic1.flac,p314,0,1,0.4208451509475708,0.3655092418193817,0.4208451509475708,-0.05533590912818909,4.43825
base,2,p300_138_mic1,p300,data\VCTK\wav48_silence_trimmed\p300\p300_138_mic1.flac,p339,0,1,0.47321420907974243,0.42270153760910034,0.47321420907974243,-0.05051267147064209,4.43825
base,3,p300_138_mic1,p300,data\VCTK\wav48_silence_trimmed\p300\p300_138_mic1.flac,p300,1,1,0.5185222625732422,0.5185222625732422,0.5023425221443176,0.01617974042892456,4.43825
lca,1,p300_138_mic1,p300,data\VCTK\wav48_silence_trimmed\p300\p300_138_mic1.flac,p314,0,1,0.3797987401485443,0.22847789525985718,0.3797987401485443,-0.15132084488868713,4.43825
lca,2,p300_138_mic1,p300,data\VCTK\wav48_silence_trimmed\p300\p300_138_mic1.flac,p314,0,1,0.5414985418319702,0.5282199382781982,0.5414985418319702,-0.013278603553771973,4.43825
lca,3,p300_138_mic1,p300,data\VCTK\wav48_silence_trimmed\p300\p300_138_mic1.flac,p300,1,1,0.5354195833206177,0.5354195833206177,0.532769501209259,0.0026500821113586426,4.43825
original,0,p300_142_mic1,p300,data\VCTK\wav48_silence_trimmed\p300\p300_142_mic1.flac,p300,1,1,0.7686818838119507,0.7686818838119507,0.40270352363586426,0.3659783601760864,3.7758125
base,1,p300_142_mic1,p300,data\VCTK\wav48_silence_trimmed\p300\p300_142_mic1.flac,p300,1,1,0.405267596244812,0.405267596244812,0.3895884156227112,0.01567918062210083,3.7758125
base,2,p300_142_mic1,p300,data\VCTK\wav48_silence_trimmed\p300\p300_142_mic1.flac,p300,1,1,0.5563086271286011,0.5563086271286011,0.45704326033592224,0.09926536679267883,3.7758125
base,3,p300_142_mic1,p300,data\VCTK\wav48_silence_trimmed\p300\p300_142_mic1.flac,p300,1,1,0.6562538743019104,0.6562538743019104,0.49877408146858215,0.15747979283332825,3.7758125
lca,1,p300_142_mic1,p300,data\VCTK\wav48_silence_trimmed\p300\p300_142_mic1.flac,p295,0,1,0.3354536294937134,0.3316899538040161,0.3354536294937134,-0.0037636756896972656,3.7758125
lca,2,p300_142_mic1,p300,data\VCTK\wav48_silence_trimmed\p300\p300_142_mic1.flac,p300,1,1,0.48793327808380127,0.48793327808380127,0.47895777225494385,0.008975505828857422,3.7758125
lca,3,p300_142_mic1,p300,data\VCTK\wav48_silence_trimmed\p300\p300_142_mic1.flac,p300,1,1,0.550157368183136,0.550157368183136,0.4505242705345154,0.0996330976486206,3.7758125
original,0,p300_254_mic1,p300,data\VCTK\wav48_silence_trimmed\p300\p300_254_mic1.flac,p300,1,1,0.7999844551086426,0.7999844551086426,0.46884095668792725,0.33114349842071533,5.1666875
base,1,p300_254_mic1,p300,data\VCTK\wav48_silence_trimmed\p300\p300_254_mic1.flac,p249,0,1,0.394885778427124,0.32364052534103394,0.394885778427124,-0.07124525308609009,5.1666875
base,2,p300_254_mic1,p300,data\VCTK\wav48_silence_trimmed\p300\p300_254_mic1.flac,p300,1,1,0.5682214498519897,0.5682214498519897,0.49166399240493774,0.076557457447052,5.1666875
base,3,p300_254_mic1,p300,data\VCTK\wav48_silence_trimmed\p300\p300_254_mic1.flac,p300,1,1,0.641995906829834,0.641995906829834,0.5210418701171875,0.12095403671264648,5.1666875
lca,1,p300_254_mic1,p300,data\VCTK\wav48_silence_trimmed\p300\p300_254_mic1.flac,p250,0,1,0.43162643909454346,0.38768184185028076,0.43162643909454346,-0.043944597244262695,5.1666875
lca,2,p300_254_mic1,p300,data\VCTK\wav48_silence_trimmed\p300\p300_254_mic1.flac,p300,1,1,0.6357454061508179,0.6357454061508179,0.6014492511749268,0.03429615497589111,5.1666875
lca,3,p300_254_mic1,p300,data\VCTK\wav48_silence_trimmed\p300\p300_254_mic1.flac,p300,1,1,0.6724270582199097,0.6724270582199097,0.5807780623435974,0.09164899587631226,5.1666875
original,0,p300_384_mic2,p300,data\VCTK\wav48_silence_trimmed\p300\p300_384_mic2.flac,p300,1,1,0.7414226531982422,0.7414226531982422,0.4339708089828491,0.30745184421539307,4.185625
base,1,p300_384_mic2,p300,data\VCTK\wav48_silence_trimmed\p300\p300_384_mic2.flac,p280,0,1,0.3502332270145416,0.2390865981578827,0.3502332270145416,-0.11114662885665894,4.185625
base,2,p300_384_mic2,p300,data\VCTK\wav48_silence_trimmed\p300\p300_384_mic2.flac,p314,0,1,0.4008525013923645,0.366946280002594,0.4008525013923645,-0.03390622138977051,4.185625
base,3,p300_384_mic2,p300,data\VCTK\wav48_silence_trimmed\p300\p300_384_mic2.flac,p314,0,1,0.4236656129360199,0.41997095942497253,0.4236656129360199,-0.0036946535110473633,4.185625
lca,1,p300_384_mic2,p300,data\VCTK\wav48_silence_trimmed\p300\p300_384_mic2.flac,p314,0,1,0.3609197437763214,0.26652324199676514,0.3609197437763214,-0.09439650177955627,4.185625
lca,2,p300_384_mic2,p300,data\VCTK\wav48_silence_trimmed\p300\p300_384_mic2.flac,p300,1,1,0.5309500694274902,0.5309500694274902,0.5051969289779663,0.025753140449523926,4.185625
lca,3,p300_384_mic2,p300,data\VCTK\wav48_silence_trimmed\p300\p300_384_mic2.flac,p299,0,1,0.5540912747383118,0.5451668500900269,0.5540912747383118,-0.008924424648284912,4.185625
original,0,p301_020_mic1,p301,data\VCTK\wav48_silence_trimmed\p301\p301_020_mic1.flac,p301,1,1,0.74723881483078,0.74723881483078,0.4021064341068268,0.34513238072395325,5.293
base,1,p301_020_mic1,p301,data\VCTK\wav48_silence_trimmed\p301\p301_020_mic1.flac,p301,1,1,0.4577592611312866,0.4577592611312866,0.40720558166503906,0.05055367946624756,5.293
base,2,p301_020_mic1,p301,data\VCTK\wav48_silence_trimmed\p301\p301_020_mic1.flac,p301,1,1,0.5560529828071594,0.5560529828071594,0.41365301609039307,0.14239996671676636,5.293
base,3,p301_020_mic1,p301,data\VCTK\wav48_silence_trimmed\p301\p301_020_mic1.flac,p301,1,1,0.5672346949577332,0.5672346949577332,0.41824501752853394,0.14898967742919922,5.293
lca,1,p301_020_mic1,p301,data\VCTK\wav48_silence_trimmed\p301\p301_020_mic1.flac,p262,0,1,0.39293646812438965,0.37414848804473877,0.39293646812438965,-0.01878798007965088,5.293
lca,2,p301_020_mic1,p301,data\VCTK\wav48_silence_trimmed\p301\p301_020_mic1.flac,p301,1,1,0.48780131340026855,0.48780131340026855,0.46522659063339233,0.02257472276687622,5.293
lca,3,p301_020_mic1,p301,data\VCTK\wav48_silence_trimmed\p301\p301_020_mic1.flac,p301,1,1,0.47444838285446167,0.47444838285446167,0.4434545040130615,0.030993878841400146,5.293
original,0,p301_194_mic2,p301,data\VCTK\wav48_silence_trimmed\p301\p301_194_mic2.flac,p301,1,1,0.800926148891449,0.800926148891449,0.4092375636100769,0.39168858528137207,5.1360625
base,1,p301_194_mic2,p301,data\VCTK\wav48_silence_trimmed\p301\p301_194_mic2.flac,p301,1,1,0.3922867178916931,0.3922867178916931,0.3410179615020752,0.05126875638961792,5.1360625
base,2,p301_194_mic2,p301,data\VCTK\wav48_silence_trimmed\p301\p301_194_mic2.flac,p301,1,1,0.5533661246299744,0.5533661246299744,0.3670271039009094,0.18633902072906494,5.1360625
base,3,p301_194_mic2,p301,data\VCTK\wav48_silence_trimmed\p301\p301_194_mic2.flac,p301,1,1,0.5896183848381042,0.5896183848381042,0.39579224586486816,0.19382613897323608,5.1360625
lca,1,p301_194_mic2,p301,data\VCTK\wav48_silence_trimmed\p301\p301_194_mic2.flac,p301,1,1,0.44289690256118774,0.44289690256118774,0.43595391511917114,0.0069429874420166016,5.1360625
lca,2,p301_194_mic2,p301,data\VCTK\wav48_silence_trimmed\p301\p301_194_mic2.flac,p301,1,1,0.5151482224464417,0.5151482224464417,0.4057605266571045,0.10938769578933716,5.1360625
lca,3,p301_194_mic2,p301,data\VCTK\wav48_silence_trimmed\p301\p301_194_mic2.flac,p301,1,1,0.5250992178916931,0.5250992178916931,0.4111163020133972,0.1139829158782959,5.1360625
original,0,p301_254_mic1,p301,data\VCTK\wav48_silence_trimmed\p301\p301_254_mic1.flac,p301,1,1,0.4792293906211853,0.4792293906211853,0.34581083059310913,0.13341856002807617,4.275875
base,1,p301_254_mic1,p301,data\VCTK\wav48_silence_trimmed\p301\p301_254_mic1.flac,p247,0,1,0.35883423686027527,0.16453592479228973,0.35883423686027527,-0.19429831206798553,4.275875
base,2,p301_254_mic1,p301,data\VCTK\wav48_silence_trimmed\p301\p301_254_mic1.flac,p301,1,1,0.4425291121006012,0.4425291121006012,0.359950989484787,0.08257812261581421,4.275875
base,3,p301_254_mic1,p301,data\VCTK\wav48_silence_trimmed\p301\p301_254_mic1.flac,p301,1,1,0.3762475252151489,0.3762475252151489,0.365908682346344,0.010338842868804932,4.275875
lca,1,p301_254_mic1,p301,data\VCTK\wav48_silence_trimmed\p301\p301_254_mic1.flac,p259,0,1,0.3290889859199524,0.20211240649223328,0.3290889859199524,-0.12697657942771912,4.275875
lca,2,p301_254_mic1,p301,data\VCTK\wav48_silence_trimmed\p301\p301_254_mic1.flac,p343,0,1,0.36080121994018555,0.3020428419113159,0.36080121994018555,-0.05875837802886963,4.275875
lca,3,p301_254_mic1,p301,data\VCTK\wav48_silence_trimmed\p301\p301_254_mic1.flac,p343,0,1,0.3871496319770813,0.35557806491851807,0.3871496319770813,-0.03157156705856323,4.275875
original,0,p301_259_mic2,p301,data\VCTK\wav48_silence_trimmed\p301\p301_259_mic2.flac,p301,1,1,0.6917154788970947,0.6917154788970947,0.41662895679473877,0.27508652210235596,5.253875
base,1,p301_259_mic2,p301,data\VCTK\wav48_silence_trimmed\p301\p301_259_mic2.flac,p301,1,1,0.44655826687812805,0.44655826687812805,0.3422815203666687,0.10427674651145935,5.253875
base,2,p301_259_mic2,p301,data\VCTK\wav48_silence_trimmed\p301\p301_259_mic2.flac,p301,1,1,0.47082510590553284,0.47082510590553284,0.3222002685070038,0.14862483739852905,5.253875
base,3,p301_259_mic2,p301,data\VCTK\wav48_silence_trimmed\p301\p301_259_mic2.flac,p301,1,1,0.5446513295173645,0.5446513295173645,0.37623751163482666,0.16841381788253784,5.253875
lca,1,p301_259_mic2,p301,data\VCTK\wav48_silence_trimmed\p301\p301_259_mic2.flac,p301,1,1,0.47484976053237915,0.47484976053237915,0.3873351812362671,0.08751457929611206,5.253875
lca,2,p301_259_mic2,p301,data\VCTK\wav48_silence_trimmed\p301\p301_259_mic2.flac,p301,1,1,0.5279061794281006,0.5279061794281006,0.3824671804904938,0.1454389989376068,5.253875
lca,3,p301_259_mic2,p301,data\VCTK\wav48_silence_trimmed\p301\p301_259_mic2.flac,p301,1,1,0.562613844871521,0.562613844871521,0.4281672239303589,0.1344466209411621,5.253875
original,0,p301_303_mic1,p301,data\VCTK\wav48_silence_trimmed\p301\p301_303_mic1.flac,p301,1,1,0.6649563312530518,0.6649563312530518,0.41565319895744324,0.24930313229560852,4.34725
base,1,p301_303_mic1,p301,data\VCTK\wav48_silence_trimmed\p301\p301_303_mic1.flac,p301,1,1,0.39530667662620544,0.39530667662620544,0.39454740285873413,0.0007592737674713135,4.34725
base,2,p301_303_mic1,p301,data\VCTK\wav48_silence_trimmed\p301\p301_303_mic1.flac,p301,1,1,0.4710107445716858,0.4710107445716858,0.3727497458457947,0.09826099872589111,4.34725
base,3,p301_303_mic1,p301,data\VCTK\wav48_silence_trimmed\p301\p301_303_mic1.flac,p301,1,1,0.6063292622566223,0.6063292622566223,0.4182697832584381,0.1880594789981842,4.34725
lca,1,p301_303_mic1,p301,data\VCTK\wav48_silence_trimmed\p301\p301_303_mic1.flac,p262,0,1,0.47183898091316223,0.4353773593902588,0.47183898091316223,-0.03646162152290344,4.34725
lca,2,p301_303_mic1,p301,data\VCTK\wav48_silence_trimmed\p301\p301_303_mic1.flac,p301,1,1,0.5533541440963745,0.5533541440963745,0.42857587337493896,0.12477827072143555,4.34725
lca,3,p301_303_mic1,p301,data\VCTK\wav48_silence_trimmed\p301\p301_303_mic1.flac,p301,1,1,0.5480942726135254,0.5480942726135254,0.37226760387420654,0.17582666873931885,4.34725
original,0,p302_047_mic1,p302,data\VCTK\wav48_silence_trimmed\p302\p302_047_mic1.flac,p302,1,1,0.6504510641098022,0.6504510641098022,0.3592154383659363,0.29123562574386597,3.1189375
base,1,p302_047_mic1,p302,data\VCTK\wav48_silence_trimmed\p302\p302_047_mic1.flac,p364,0,1,0.3247641324996948,0.23073121905326843,0.3247641324996948,-0.09403291344642639,3.1189375
base,2,p302_047_mic1,p302,data\VCTK\wav48_silence_trimmed\p302\p302_047_mic1.flac,p364,0,1,0.41094356775283813,0.2646428942680359,0.41094356775283813,-0.14630067348480225,3.1189375
base,3,p302_047_mic1,p302,data\VCTK\wav48_silence_trimmed\p302\p302_047_mic1.flac,p364,0,1,0.39973950386047363,0.27679961919784546,0.39973950386047363,-0.12293988466262817,3.1189375
lca,1,p302_047_mic1,p302,data\VCTK\wav48_silence_trimmed\p302\p302_047_mic1.flac,p313,0,1,0.2721908688545227,0.14311036467552185,0.2721908688545227,-0.12908050417900085,3.1189375
lca,2,p302_047_mic1,p302,data\VCTK\wav48_silence_trimmed\p302\p302_047_mic1.flac,p347,0,1,0.37026724219322205,0.28295063972473145,0.37026724219322205,-0.0873166024684906,3.1189375
lca,3,p302_047_mic1,p302,data\VCTK\wav48_silence_trimmed\p302\p302_047_mic1.flac,p347,0,1,0.38224178552627563,0.23964054882526398,0.38224178552627563,-0.14260123670101166,3.1189375
original,0,p302_231_mic1,p302,data\VCTK\wav48_silence_trimmed\p302\p302_231_mic1.flac,p302,1,1,0.7058157324790955,0.7058157324790955,0.3832283020019531,0.32258743047714233,3.5663125
base,1,p302_231_mic1,p302,data\VCTK\wav48_silence_trimmed\p302\p302_231_mic1.flac,p302,1,1,0.3765121400356293,0.3765121400356293,0.3521937131881714,0.024318426847457886,3.5663125
base,2,p302_231_mic1,p302,data\VCTK\wav48_silence_trimmed\p302\p302_231_mic1.flac,p302,1,1,0.4447258412837982,0.4447258412837982,0.36404162645339966,0.08068421483039856,3.5663125
base,3,p302_231_mic1,p302,data\VCTK\wav48_silence_trimmed\p302\p302_231_mic1.flac,p302,1,1,0.44472736120224,0.44472736120224,0.43402546644210815,0.010701894760131836,3.5663125
lca,1,p302_231_mic1,p302,data\VCTK\wav48_silence_trimmed\p302\p302_231_mic1.flac,p364,0,1,0.30335044860839844,0.29453521966934204,0.30335044860839844,-0.008815228939056396,3.5663125
lca,2,p302_231_mic1,p302,data\VCTK\wav48_silence_trimmed\p302\p302_231_mic1.flac,p302,1,1,0.3937431573867798,0.3937431573867798,0.34835442900657654,0.04538872838020325,3.5663125
lca,3,p302_231_mic1,p302,data\VCTK\wav48_silence_trimmed\p302\p302_231_mic1.flac,p364,0,1,0.39078420400619507,0.39054617285728455,0.39078420400619507,-0.00023803114891052246,3.5663125
original,0,p302_271_mic2,p302,data\VCTK\wav48_silence_trimmed\p302\p302_271_mic2.flac,p302,1,1,0.7231181859970093,0.7231181859970093,0.4881848692893982,0.23493331670761108,3.85725
base,1,p302_271_mic2,p302,data\VCTK\wav48_silence_trimmed\p302\p302_271_mic2.flac,p302,1,1,0.40640297532081604,0.40640297532081604,0.37274646759033203,0.03365650773048401,3.85725
base,2,p302_271_mic2,p302,data\VCTK\wav48_silence_trimmed\p302\p302_271_mic2.flac,p302,1,1,0.3820151388645172,0.3820151388645172,0.3742496371269226,0.0077655017375946045,3.85725
base,3,p302_271_mic2,p302,data\VCTK\wav48_silence_trimmed\p302\p302_271_mic2.flac,p302,1,1,0.37387514114379883,0.37387514114379883,0.3578248620033264,0.016050279140472412,3.85725
lca,1,p302_271_mic2,p302,data\VCTK\wav48_silence_trimmed\p302\p302_271_mic2.flac,p302,1,1,0.3325117826461792,0.3325117826461792,0.3286052942276001,0.0039064884185791016,3.85725
lca,2,p302_271_mic2,p302,data\VCTK\wav48_silence_trimmed\p302\p302_271_mic2.flac,p271,0,1,0.3541182577610016,0.33580484986305237,0.3541182577610016,-0.01831340789794922,3.85725
lca,3,p302_271_mic2,p302,data\VCTK\wav48_silence_trimmed\p302\p302_271_mic2.flac,p271,0,1,0.3502979278564453,0.344207227230072,0.3502979278564453,-0.006090700626373291,3.85725
original,0,p302_296_mic2,p302,data\VCTK\wav48_silence_trimmed\p302\p302_296_mic2.flac,p302,1,1,0.6591836214065552,0.6591836214065552,0.4046224355697632,0.254561185836792,3.330375
base,1,p302_296_mic2,p302,data\VCTK\wav48_silence_trimmed\p302\p302_296_mic2.flac,p316,0,1,0.28436243534088135,0.24235761165618896,0.28436243534088135,-0.04200482368469238,3.330375
base,2,p302_296_mic2,p302,data\VCTK\wav48_silence_trimmed\p302\p302_296_mic2.flac,p271,0,1,0.37707796692848206,0.26082858443260193,0.37707796692848206,-0.11624938249588013,3.330375
base,3,p302_296_mic2,p302,data\VCTK\wav48_silence_trimmed\p302\p302_296_mic2.flac,p347,0,1,0.4356290102005005,0.36724767088890076,0.4356290102005005,-0.06838133931159973,3.330375
lca,1,p302_296_mic2,p302,data\VCTK\wav48_silence_trimmed\p302\p302_296_mic2.flac,p281,0,1,0.3573805093765259,0.3554759621620178,0.3573805093765259,-0.0019045472145080566,3.330375
lca,2,p302_296_mic2,p302,data\VCTK\wav48_silence_trimmed\p302\p302_296_mic2.flac,p302,1,1,0.40816575288772583,0.40816575288772583,0.3465246856212616,0.06164106726646423,3.330375
lca,3,p302_296_mic2,p302,data\VCTK\wav48_silence_trimmed\p302\p302_296_mic2.flac,p226,0,1,0.373713880777359,0.3583585023880005,0.373713880777359,-0.01535537838935852,3.330375
original,0,p302_310_mic2,p302,data\VCTK\wav48_silence_trimmed\p302\p302_310_mic2.flac,p302,1,1,0.6450638771057129,0.6450638771057129,0.5184129476547241,0.12665092945098877,3.0751875
base,1,p302_310_mic2,p302,data\VCTK\wav48_silence_trimmed\p302\p302_310_mic2.flac,p302,1,1,0.43040481209754944,0.43040481209754944,0.40710315108299255,0.023301661014556885,3.0751875
base,2,p302_310_mic2,p302,data\VCTK\wav48_silence_trimmed\p302\p302_310_mic2.flac,p302,1,1,0.39850130677223206,0.39850130677223206,0.36259663105010986,0.03590467572212219,3.0751875
base,3,p302_310_mic2,p302,data\VCTK\wav48_silence_trimmed\p302\p302_310_mic2.flac,p298,0,1,0.4513961374759674,0.39683908224105835,0.4513961374759674,-0.05455705523490906,3.0751875
lca,1,p302_310_mic2,p302,data\VCTK\wav48_silence_trimmed\p302\p302_310_mic2.flac,p281,0,1,0.2901890277862549,0.21850305795669556,0.2901890277862549,-0.07168596982955933,3.0751875
lca,2,p302_310_mic2,p302,data\VCTK\wav48_silence_trimmed\p302\p302_310_mic2.flac,p302,1,1,0.36137452721595764,0.36137452721595764,0.32870838046073914,0.032666146755218506,3.0751875
lca,3,p302_310_mic2,p302,data\VCTK\wav48_silence_trimmed\p302\p302_310_mic2.flac,p302,1,1,0.40427061915397644,0.40427061915397644,0.37726402282714844,0.027006596326828003,3.0751875
original,0,p303_039_mic1,p303,data\VCTK\wav48_silence_trimmed\p303\p303_039_mic1.flac,p303,1,1,0.7036484479904175,0.7036484479904175,0.4486403465270996,0.25500810146331787,4.258125
base,1,p303_039_mic1,p303,data\VCTK\wav48_silence_trimmed\p303\p303_039_mic1.flac,p253,0,1,0.4124709963798523,0.1577153205871582,0.4124709963798523,-0.2547556757926941,4.258125
base,2,p303_039_mic1,p303,data\VCTK\wav48_silence_trimmed\p303\p303_039_mic1.flac,p233,0,1,0.3953257203102112,0.3282742202281952,0.3953257203102112,-0.06705150008201599,4.258125
base,3,p303_039_mic1,p303,data\VCTK\wav48_silence_trimmed\p303\p303_039_mic1.flac,p307,0,1,0.4720233082771301,0.4566916227340698,0.4720233082771301,-0.015331685543060303,4.258125
lca,1,p303_039_mic1,p303,data\VCTK\wav48_silence_trimmed\p303\p303_039_mic1.flac,p262,0,1,0.35430923104286194,0.1206551119685173,0.35430923104286194,-0.23365411907434464,4.258125
lca,2,p303_039_mic1,p303,data\VCTK\wav48_silence_trimmed\p303\p303_039_mic1.flac,p300,0,1,0.4702606797218323,0.2842611074447632,0.4702606797218323,-0.1859995722770691,4.258125
lca,3,p303_039_mic1,p303,data\VCTK\wav48_silence_trimmed\p303\p303_039_mic1.flac,p339,0,1,0.5277605652809143,0.41918694972991943,0.5277605652809143,-0.10857361555099487,4.258125
original,0,p303_141_mic1,p303,data\VCTK\wav48_silence_trimmed\p303\p303_141_mic1.flac,p303,1,1,0.7457921504974365,0.7457921504974365,0.3800945580005646,0.36569759249687195,3.664625
base,1,p303_141_mic1,p303,data\VCTK\wav48_silence_trimmed\p303\p303_141_mic1.flac,p230,0,1,0.38662290573120117,0.1726071834564209,0.38662290573120117,-0.21401572227478027,3.664625
base,2,p303_141_mic1,p303,data\VCTK\wav48_silence_trimmed\p303\p303_141_mic1.flac,p339,0,1,0.4505369961261749,0.2969295382499695,0.4505369961261749,-0.15360745787620544,3.664625
base,3,p303_141_mic1,p303,data\VCTK\wav48_silence_trimmed\p303\p303_141_mic1.flac,p310,0,1,0.4288462996482849,0.3737699091434479,0.4288462996482849,-0.055076390504837036,3.664625
lca,1,p303_141_mic1,p303,data\VCTK\wav48_silence_trimmed\p303\p303_141_mic1.flac,p339,0,1,0.30852097272872925,0.10192275792360306,0.30852097272872925,-0.2065982148051262,3.664625
lca,2,p303_141_mic1,p303,data\VCTK\wav48_silence_trimmed\p303\p303_141_mic1.flac,p280,0,1,0.4543852210044861,0.24994409084320068,0.4543852210044861,-0.2044411301612854,3.664625
lca,3,p303_141_mic1,p303,data\VCTK\wav48_silence_trimmed\p303\p303_141_mic1.flac,p339,0,1,0.4991874694824219,0.37394076585769653,0.4991874694824219,-0.12524670362472534,3.664625
original,0,p303_166_mic1,p303,data\VCTK\wav48_silence_trimmed\p303\p303_166_mic1.flac,p303,1,1,0.7765955328941345,0.7765955328941345,0.4310144782066345,0.3455810546875,3.757125
base,1,p303_166_mic1,p303,data\VCTK\wav48_silence_trimmed\p303\p303_166_mic1.flac,p238,0,1,0.3485558032989502,0.2390626072883606,0.3485558032989502,-0.1094931960105896,3.757125
base,2,p303_166_mic1,p303,data\VCTK\wav48_silence_trimmed\p303\p303_166_mic1.flac,p313,0,1,0.4126761555671692,0.38126227259635925,0.4126761555671692,-0.031413882970809937,3.757125
base,3,p303_166_mic1,p303,data\VCTK\wav48_silence_trimmed\p303\p303_166_mic1.flac,p305,0,1,0.39288127422332764,0.3715934157371521,0.39288127422332764,-0.021287858486175537,3.757125
lca,1,p303_166_mic1,p303,data\VCTK\wav48_silence_trimmed\p303\p303_166_mic1.flac,p280,0,1,0.39238718152046204,0.18341830372810364,0.39238718152046204,-0.2089688777923584,3.757125
lca,2,p303_166_mic1,p303,data\VCTK\wav48_silence_trimmed\p303\p303_166_mic1.flac,p250,0,1,0.5106852650642395,0.2853489816188812,0.5106852650642395,-0.22533628344535828,3.757125
lca,3,p303_166_mic1,p303,data\VCTK\wav48_silence_trimmed\p303\p303_166_mic1.flac,p250,0,1,0.495536208152771,0.3003270626068115,0.495536208152771,-0.19520914554595947,3.757125
original,0,p303_192_mic2,p303,data\VCTK\wav48_silence_trimmed\p303\p303_192_mic2.flac,p303,1,1,0.6529979705810547,0.6529979705810547,0.4503503143787384,0.20264765620231628,4.200375
base,1,p303_192_mic2,p303,data\VCTK\wav48_silence_trimmed\p303\p303_192_mic2.flac,p341,0,1,0.27121153473854065,0.07450364530086517,0.27121153473854065,-0.19670788943767548,4.200375
base,2,p303_192_mic2,p303,data\VCTK\wav48_silence_trimmed\p303\p303_192_mic2.flac,p230,0,1,0.3228950798511505,0.1923903226852417,0.3228950798511505,-0.1305047571659088,4.200375
base,3,p303_192_mic2,p303,data\VCTK\wav48_silence_trimmed\p303\p303_192_mic2.flac,p249,0,1,0.3416805863380432,0.22672268748283386,0.3416805863380432,-0.11495789885520935,4.200375
lca,1,p303_192_mic2,p303,data\VCTK\wav48_silence_trimmed\p303\p303_192_mic2.flac,p252,0,1,0.3283465504646301,0.09203845262527466,0.3283465504646301,-0.23630809783935547,4.200375
lca,2,p303_192_mic2,p303,data\VCTK\wav48_silence_trimmed\p303\p303_192_mic2.flac,p280,0,1,0.41773301362991333,0.1140233725309372,0.41773301362991333,-0.30370964109897614,4.200375
lca,3,p303_192_mic2,p303,data\VCTK\wav48_silence_trimmed\p303\p303_192_mic2.flac,p340,0,1,0.4239327311515808,0.158351331949234,0.4239327311515808,-0.2655813992023468,4.200375
original,0,p303_276_mic1,p303,data\VCTK\wav48_silence_trimmed\p303\p303_276_mic1.flac,p303,1,1,0.7363485097885132,0.7363485097885132,0.384490430355072,0.35185807943344116,3.6671875
base,1,p303_276_mic1,p303,data\VCTK\wav48_silence_trimmed\p303\p303_276_mic1.flac,p330,0,1,0.4176486134529114,0.23765988647937775,0.4176486134529114,-0.17998872697353363,3.6671875
base,2,p303_276_mic1,p303,data\VCTK\wav48_silence_trimmed\p303\p303_276_mic1.flac,p339,0,1,0.49328047037124634,0.40248411893844604,0.49328047037124634,-0.09079635143280029,3.6671875
base,3,p303_276_mic1,p303,data\VCTK\wav48_silence_trimmed\p303\p303_276_mic1.flac,p303,1,1,0.5089130401611328,0.5089130401611328,0.4930513799190521,0.01586166024208069,3.6671875
lca,1,p303_276_mic1,p303,data\VCTK\wav48_silence_trimmed\p303\p303_276_mic1.flac,p339,0,1,0.4065898358821869,0.16836482286453247,0.4065898358821869,-0.23822501301765442,3.6671875
lca,2,p303_276_mic1,p303,data\VCTK\wav48_silence_trimmed\p303\p303_276_mic1.flac,p340,0,1,0.5465526580810547,0.29695647954940796,0.5465526580810547,-0.24959617853164673,3.6671875
lca,3,p303_276_mic1,p303,data\VCTK\wav48_silence_trimmed\p303\p303_276_mic1.flac,p340,0,1,0.5093404054641724,0.4118509292602539,0.5093404054641724,-0.09748947620391846,3.6671875
original,0,p304_076_mic1,p304,data\VCTK\wav48_silence_trimmed\p304\p304_076_mic1.flac,p304,1,1,0.5432837605476379,0.5432837605476379,0.39528071880340576,0.14800304174423218,3.2900625
base,1,p304_076_mic1,p304,data\VCTK\wav48_silence_trimmed\p304\p304_076_mic1.flac,p316,0,1,0.3358665704727173,-0.028855644166469574,0.3358665704727173,-0.36472221463918686,3.2900625
base,2,p304_076_mic1,p304,data\VCTK\wav48_silence_trimmed\p304\p304_076_mic1.flac,p347,0,1,0.3148607611656189,0.10022365301847458,0.3148607611656189,-0.21463710814714432,3.2900625
base,3,p304_076_mic1,p304,data\VCTK\wav48_silence_trimmed\p304\p304_076_mic1.flac,p226,0,1,0.3477836549282074,0.177115797996521,0.3477836549282074,-0.1706678569316864,3.2900625
lca,1,p304_076_mic1,p304,data\VCTK\wav48_silence_trimmed\p304\p304_076_mic1.flac,p364,0,1,0.30427974462509155,-0.07474659383296967,0.30427974462509155,-0.3790263384580612,3.2900625
lca,2,p304_076_mic1,p304,data\VCTK\wav48_silence_trimmed\p304\p304_076_mic1.flac,p347,0,1,0.3503340482711792,0.03601352125406265,0.3503340482711792,-0.31432052701711655,3.2900625
lca,3,p304_076_mic1,p304,data\VCTK\wav48_silence_trimmed\p304\p304_076_mic1.flac,p226,0,1,0.3622373342514038,0.041174497455358505,0.3622373342514038,-0.3210628367960453,3.2900625
original,0,p304_080_mic2,p304,data\VCTK\wav48_silence_trimmed\p304\p304_080_mic2.flac,p304,1,1,0.7123067378997803,0.7123067378997803,0.37708500027656555,0.3352217376232147,3.706125
base,1,p304_080_mic2,p304,data\VCTK\wav48_silence_trimmed\p304\p304_080_mic2.flac,p302,0,1,0.32766199111938477,0.09714574366807938,0.32766199111938477,-0.2305162474513054,3.706125
base,2,p304_080_mic2,p304,data\VCTK\wav48_silence_trimmed\p304\p304_080_mic2.flac,p226,0,1,0.2532157897949219,0.22498950362205505,0.2532157897949219,-0.02822628617286682,3.706125
base,3,p304_080_mic2,p304,data\VCTK\wav48_silence_trimmed\p304\p304_080_mic2.flac,p226,0,1,0.3524813652038574,0.2720039188861847,0.3524813652038574,-0.08047744631767273,3.706125
lca,1,p304_080_mic2,p304,data\VCTK\wav48_silence_trimmed\p304\p304_080_mic2.flac,p281,0,1,0.3382706046104431,0.04978596419095993,0.3382706046104431,-0.2884846404194832,3.706125
lca,2,p304_080_mic2,p304,data\VCTK\wav48_silence_trimmed\p304\p304_080_mic2.flac,p347,0,1,0.33851128816604614,0.144007608294487,0.33851128816604614,-0.19450367987155914,3.706125
lca,3,p304_080_mic2,p304,data\VCTK\wav48_silence_trimmed\p304\p304_080_mic2.flac,p347,0,1,0.37578412890434265,0.1342405080795288,0.37578412890434265,-0.24154362082481384,3.706125
original,0,p304_171_mic1,p304,data\VCTK\wav48_silence_trimmed\p304\p304_171_mic1.flac,p304,1,1,0.742695689201355,0.742695689201355,0.40624189376831055,0.33645379543304443,3.5443125
base,1,p304_171_mic1,p304,data\VCTK\wav48_silence_trimmed\p304\p304_171_mic1.flac,p281,0,1,0.27494290471076965,0.06858427822589874,0.27494290471076965,-0.2063586264848709,3.5443125
base,2,p304_171_mic1,p304,data\VCTK\wav48_silence_trimmed\p304\p304_171_mic1.flac,p347,0,1,0.32355648279190063,0.11610075831413269,0.32355648279190063,-0.20745572447776794,3.5443125
base,3,p304_171_mic1,p304,data\VCTK\wav48_silence_trimmed\p304\p304_171_mic1.flac,p347,0,1,0.4117278456687927,0.13070082664489746,0.4117278456687927,-0.28102701902389526,3.5443125
lca,1,p304_171_mic1,p304,data\VCTK\wav48_silence_trimmed\p304\p304_171_mic1.flac,p281,0,1,0.30509835481643677,-0.025438960641622543,0.30509835481643677,-0.3305373154580593,3.5443125
lca,2,p304_171_mic1,p304,data\VCTK\wav48_silence_trimmed\p304\p304_171_mic1.flac,p281,0,1,0.3784044682979584,0.05915230140089989,0.3784044682979584,-0.3192521668970585,3.5443125
lca,3,p304_171_mic1,p304,data\VCTK\wav48_silence_trimmed\p304\p304_171_mic1.flac,p347,0,1,0.3903759717941284,0.07301327586174011,0.3903759717941284,-0.3173626959323883,3.5443125
original,0,p304_285_mic1,p304,data\VCTK\wav48_silence_trimmed\p304\p304_285_mic1.flac,p304,1,1,0.7728679180145264,0.7728679180145264,0.37980616092681885,0.3930617570877075,3.246125
base,1,p304_285_mic1,p304,data\VCTK\wav48_silence_trimmed\p304\p304_285_mic1.flac,p360,0,1,0.28273671865463257,0.05298956111073494,0.28273671865463257,-0.22974715754389763,3.246125
base,2,p304_285_mic1,p304,data\VCTK\wav48_silence_trimmed\p304\p304_285_mic1.flac,p304,1,1,0.3342956304550171,0.3342956304550171,0.32949990034103394,0.004795730113983154,3.246125
base,3,p304_285_mic1,p304,data\VCTK\wav48_silence_trimmed\p304\p304_285_mic1.flac,p304,1,1,0.37865757942199707,0.37865757942199707,0.3209461569786072,0.05771142244338989,3.246125
lca,1,p304_285_mic1,p304,data\VCTK\wav48_silence_trimmed\p304\p304_285_mic1.flac,p313,0,1,0.288989782333374,0.04716062545776367,0.288989782333374,-0.24182915687561035,3.246125
lca,2,p304_285_mic1,p304,data\VCTK\wav48_silence_trimmed\p304\p304_285_mic1.flac,p347,0,1,0.36772310733795166,0.15950699150562286,0.36772310733795166,-0.2082161158323288,3.246125
lca,3,p304_285_mic1,p304,data\VCTK\wav48_silence_trimmed\p304\p304_285_mic1.flac,p347,0,1,0.3996298909187317,0.22152292728424072,0.3996298909187317,-0.17810696363449097,3.246125
original,0,p304_422_mic2,p304,data\VCTK\wav48_silence_trimmed\p304\p304_422_mic2.flac,p304,1,1,0.6808623671531677,0.6808623671531677,0.4326695203781128,0.24819284677505493,2.988375
base,1,p304_422_mic2,p304,data\VCTK\wav48_silence_trimmed\p304\p304_422_mic2.flac,p300,0,0,0.24348057806491852,-0.05700415000319481,0.24348057806491852,-0.3004847280681133,2.988375
base,2,p304_422_mic2,p304,data\VCTK\wav48_silence_trimmed\p304\p304_422_mic2.flac,p364,0,1,0.34352970123291016,0.2580987215042114,0.34352970123291016,-0.08543097972869873,2.988375
base,3,p304_422_mic2,p304,data\VCTK\wav48_silence_trimmed\p304\p304_422_mic2.flac,p347,0,1,0.45099061727523804,0.2938825786113739,0.45099061727523804,-0.15710803866386414,2.988375
lca,1,p304_422_mic2,p304,data\VCTK\wav48_silence_trimmed\p304\p304_422_mic2.flac,p281,0,1,0.34806710481643677,0.08311617374420166,0.34806710481643677,-0.2649509310722351,2.988375
lca,2,p304_422_mic2,p304,data\VCTK\wav48_silence_trimmed\p304\p304_422_mic2.flac,p364,0,1,0.36006760597229004,0.1634945273399353,0.36006760597229004,-0.19657307863235474,2.988375
lca,3,p304_422_mic2,p304,data\VCTK\wav48_silence_trimmed\p304\p304_422_mic2.flac,p347,0,1,0.38554826378822327,0.20563086867332458,0.38554826378822327,-0.17991739511489868,2.988375
original,0,p305_147_mic2,p305,data\VCTK\wav48_silence_trimmed\p305\p305_147_mic2.flac,p305,1,1,0.8445146679878235,0.8445146679878235,0.4309474527835846,0.4135672152042389,3.908625
base,1,p305_147_mic2,p305,data\VCTK\wav48_silence_trimmed\p305\p305_147_mic2.flac,p330,0,1,0.43799889087677,0.299359530210495,0.43799889087677,-0.13863936066627502,3.908625
base,2,p305_147_mic2,p305,data\VCTK\wav48_silence_trimmed\p305\p305_147_mic2.flac,p339,0,1,0.46562886238098145,0.4138372838497162,0.46562886238098145,-0.05179157853126526,3.908625
base,3,p305_147_mic2,p305,data\VCTK\wav48_silence_trimmed\p305\p305_147_mic2.flac,p339,0,1,0.46506232023239136,0.46267053484916687,0.46506232023239136,-0.0023917853832244873,3.908625
lca,1,p305_147_mic2,p305,data\VCTK\wav48_silence_trimmed\p305\p305_147_mic2.flac,p339,0,1,0.3958880305290222,0.2753337323665619,0.3958880305290222,-0.12055429816246033,3.908625
lca,2,p305_147_mic2,p305,data\VCTK\wav48_silence_trimmed\p305\p305_147_mic2.flac,p339,0,1,0.47654014825820923,0.3827964663505554,0.47654014825820923,-0.09374368190765381,3.908625
lca,3,p305_147_mic2,p305,data\VCTK\wav48_silence_trimmed\p305\p305_147_mic2.flac,p339,0,1,0.49295705556869507,0.44149941205978394,0.49295705556869507,-0.05145764350891113,3.908625
original,0,p305_159_mic2,p305,data\VCTK\wav48_silence_trimmed\p305\p305_159_mic2.flac,p305,1,1,0.8427743315696716,0.8427743315696716,0.41182976961135864,0.430944561958313,3.15075
base,1,p305_159_mic2,p305,data\VCTK\wav48_silence_trimmed\p305\p305_159_mic2.flac,p330,0,1,0.3613227903842926,0.33505383133888245,0.3613227903842926,-0.026268959045410156,3.15075
base,2,p305_159_mic2,p305,data\VCTK\wav48_silence_trimmed\p305\p305_159_mic2.flac,p305,1,1,0.45311564207077026,0.45311564207077026,0.3863312304019928,0.06678441166877747,3.15075
base,3,p305_159_mic2,p305,data\VCTK\wav48_silence_trimmed\p305\p305_159_mic2.flac,p305,1,1,0.46948644518852234,0.46948644518852234,0.40160369873046875,0.06788274645805359,3.15075
lca,1,p305_159_mic2,p305,data\VCTK\wav48_silence_trimmed\p305\p305_159_mic2.flac,p280,0,1,0.4149470329284668,0.3446410894393921,0.4149470329284668,-0.07030594348907471,3.15075
lca,2,p305_159_mic2,p305,data\VCTK\wav48_silence_trimmed\p305\p305_159_mic2.flac,p339,0,1,0.44356080889701843,0.3873055875301361,0.44356080889701843,-0.056255221366882324,3.15075
lca,3,p305_159_mic2,p305,data\VCTK\wav48_silence_trimmed\p305\p305_159_mic2.flac,p305,1,1,0.4428781270980835,0.4428781270980835,0.4220454692840576,0.02083265781402588,3.15075
original,0,p305_160_mic1,p305,data\VCTK\wav48_silence_trimmed\p305\p305_160_mic1.flac,p305,1,1,0.7740393877029419,0.7740393877029419,0.4128126800060272,0.3612267076969147,2.56175
base,1,p305_160_mic1,p305,data\VCTK\wav48_silence_trimmed\p305\p305_160_mic1.flac,p351,0,1,0.43138575553894043,0.25886496901512146,0.43138575553894043,-0.17252078652381897,2.56175
base,2,p305_160_mic1,p305,data\VCTK\wav48_silence_trimmed\p305\p305_160_mic1.flac,p310,0,1,0.47270071506500244,0.43809789419174194,0.47270071506500244,-0.0346028208732605,2.56175
base,3,p305_160_mic1,p305,data\VCTK\wav48_silence_trimmed\p305\p305_160_mic1.flac,p310,0,1,0.4807508587837219,0.4557225704193115,0.4807508587837219,-0.0250282883644104,2.56175
lca,1,p305_160_mic1,p305,data\VCTK\wav48_silence_trimmed\p305\p305_160_mic1.flac,p283,0,1,0.3614093065261841,0.12084919214248657,0.3614093065261841,-0.2405601143836975,2.56175
lca,2,p305_160_mic1,p305,data\VCTK\wav48_silence_trimmed\p305\p305_160_mic1.flac,p340,0,1,0.3819335699081421,0.25305038690567017,0.3819335699081421,-0.12888318300247192,2.56175
lca,3,p305_160_mic1,p305,data\VCTK\wav48_silence_trimmed\p305\p305_160_mic1.flac,p340,0,1,0.4934334456920624,0.4028499126434326,0.4934334456920624,-0.09058353304862976,2.56175
original,0,p305_170_mic2,p305,data\VCTK\wav48_silence_trimmed\p305\p305_170_mic2.flac,p305,1,1,0.7906234264373779,0.7906234264373779,0.4670649766921997,0.3235584497451782,2.8274375
base,1,p305_170_mic2,p305,data\VCTK\wav48_silence_trimmed\p305\p305_170_mic2.flac,p283,0,1,0.4162727892398834,0.3259061276912689,0.4162727892398834,-0.0903666615486145,2.8274375
base,2,p305_170_mic2,p305,data\VCTK\wav48_silence_trimmed\p305\p305_170_mic2.flac,p283,0,1,0.43760982155799866,0.374642014503479,0.43760982155799866,-0.06296780705451965,2.8274375
base,3,p305_170_mic2,p305,data\VCTK\wav48_silence_trimmed\p305\p305_170_mic2.flac,p283,0,1,0.3518957495689392,0.32893797755241394,0.3518957495689392,-0.02295777201652527,2.8274375
lca,1,p305_170_mic2,p305,data\VCTK\wav48_silence_trimmed\p305\p305_170_mic2.flac,p250,0,1,0.42691487073898315,0.23188772797584534,0.42691487073898315,-0.19502714276313782,2.8274375
lca,2,p305_170_mic2,p305,data\VCTK\wav48_silence_trimmed\p305\p305_170_mic2.flac,p330,0,1,0.3988652229309082,0.3066125810146332,0.3988652229309082,-0.09225264191627502,2.8274375
lca,3,p305_170_mic2,p305,data\VCTK\wav48_silence_trimmed\p305\p305_170_mic2.flac,p233,0,1,0.42840301990509033,0.34000861644744873,0.42840301990509033,-0.0883944034576416,2.8274375
original,0,p305_339_mic1,p305,data\VCTK\wav48_silence_trimmed\p305\p305_339_mic1.flac,p305,1,1,0.8546022772789001,0.8546022772789001,0.3871855139732361,0.46741676330566406,2.9049375
base,1,p305_339_mic1,p305,data\VCTK\wav48_silence_trimmed\p305\p305_339_mic1.flac,p283,0,1,0.3361407518386841,0.2923031449317932,0.3361407518386841,-0.04383760690689087,2.9049375
base,2,p305_339_mic1,p305,data\VCTK\wav48_silence_trimmed\p305\p305_339_mic1.flac,p283,0,1,0.4152870774269104,0.4088849127292633,0.4152870774269104,-0.006402164697647095,2.9049375
base,3,p305_339_mic1,p305,data\VCTK\wav48_silence_trimmed\p305\p305_339_mic1.flac,p305,1,1,0.5031456351280212,0.5031456351280212,0.42580896615982056,0.07733666896820068,2.9049375
lca,1,p305_339_mic1,p305,data\VCTK\wav48_silence_trimmed\p305\p305_339_mic1.flac,p300,0,1,0.32243213057518005,0.321963906288147,0.32243213057518005,-0.00046822428703308105,2.9049375
lca,2,p305_339_mic1,p305,data\VCTK\wav48_silence_trimmed\p305\p305_339_mic1.flac,p305,1,1,0.44705769419670105,0.44705769419670105,0.4016959071159363,0.04536178708076477,2.9049375
lca,3,p305_339_mic1,p305,data\VCTK\wav48_silence_trimmed\p305\p305_339_mic1.flac,p305,1,1,0.48949703574180603,0.48949703574180603,0.4309285283088684,0.05856850743293762,2.9049375
original,0,p306_111_mic2,p306,data\VCTK\wav48_silence_trimmed\p306\p306_111_mic2.flac,p306,1,1,0.5928446054458618,0.5928446054458618,0.44868001341819763,0.14416459202766418,6.1028125
base,1,p306_111_mic2,p306,data\VCTK\wav48_silence_trimmed\p306\p306_111_mic2.flac,p301,0,1,0.3041262626647949,0.23619809746742249,0.3041262626647949,-0.06792816519737244,6.1028125
base,2,p306_111_mic2,p306,data\VCTK\wav48_silence_trimmed\p306\p306_111_mic2.flac,p306,1,1,0.4504179358482361,0.4504179358482361,0.4147372245788574,0.03568071126937866,6.1028125
base,3,p306_111_mic2,p306,data\VCTK\wav48_silence_trimmed\p306\p306_111_mic2.flac,p306,1,1,0.4765634536743164,0.4765634536743164,0.4459382891654968,0.03062516450881958,6.1028125
lca,1,p306_111_mic2,p306,data\VCTK\wav48_silence_trimmed\p306\p306_111_mic2.flac,p314,0,1,0.35299137234687805,0.1855272352695465,0.35299137234687805,-0.16746413707733154,6.1028125
lca,2,p306_111_mic2,p306,data\VCTK\wav48_silence_trimmed\p306\p306_111_mic2.flac,p306,1,1,0.39002424478530884,0.39002424478530884,0.3299487233161926,0.06007552146911621,6.1028125
lca,3,p306_111_mic2,p306,data\VCTK\wav48_silence_trimmed\p306\p306_111_mic2.flac,p306,1,1,0.45560064911842346,0.45560064911842346,0.34857529401779175,0.10702535510063171,6.1028125
original,0,p306_155_mic1,p306,data\VCTK\wav48_silence_trimmed\p306\p306_155_mic1.flac,p306,1,1,0.6818201541900635,0.6818201541900635,0.5661810636520386,0.1156390905380249,4.3904375
base,1,p306_155_mic1,p306,data\VCTK\wav48_silence_trimmed\p306\p306_155_mic1.flac,p330,0,1,0.4270927906036377,0.22670160233974457,0.4270927906036377,-0.20039118826389313,4.3904375
base,2,p306_155_mic1,p306,data\VCTK\wav48_silence_trimmed\p306\p306_155_mic1.flac,p301,0,1,0.40802890062332153,0.40409767627716064,0.40802890062332153,-0.003931224346160889,4.3904375
base,3,p306_155_mic1,p306,data\VCTK\wav48_silence_trimmed\p306\p306_155_mic1.flac,p306,1,1,0.48816829919815063,0.48816829919815063,0.4122738242149353,0.07589447498321533,4.3904375
lca,1,p306_155_mic1,p306,data\VCTK\wav48_silence_trimmed\p306\p306_155_mic1.flac,p262,0,1,0.4094499945640564,0.305228590965271,0.4094499945640564,-0.1042214035987854,4.3904375
lca,2,p306_155_mic1,p306,data\VCTK\wav48_silence_trimmed\p306\p306_155_mic1.flac,p262,0,1,0.4826338291168213,0.40100282430648804,0.4826338291168213,-0.08163100481033325,4.3904375
lca,3,p306_155_mic1,p306,data\VCTK\wav48_silence_trimmed\p306\p306_155_mic1.flac,p280,0,1,0.4884999394416809,0.4727783799171448,0.4884999394416809,-0.015721559524536133,4.3904375
original,0,p306_261_mic1,p306,data\VCTK\wav48_silence_trimmed\p306\p306_261_mic1.flac,p306,1,1,0.7819018363952637,0.7819018363952637,0.50789475440979,0.27400708198547363,4.2556875
base,1,p306_261_mic1,p306,data\VCTK\wav48_silence_trimmed\p306\p306_261_mic1.flac,p262,0,1,0.33365321159362793,0.2093459963798523,0.33365321159362793,-0.12430721521377563,4.2556875
base,2,p306_261_mic1,p306,data\VCTK\wav48_silence_trimmed\p306\p306_261_mic1.flac,p301,0,1,0.4524369239807129,0.36180227994918823,0.4524369239807129,-0.09063464403152466,4.2556875
base,3,p306_261_mic1,p306,data\VCTK\wav48_silence_trimmed\p306\p306_261_mic1.flac,p308,0,1,0.4546492099761963,0.4461155831813812,0.4546492099761963,-0.008533626794815063,4.2556875
lca,1,p306_261_mic1,p306,data\VCTK\wav48_silence_trimmed\p306\p306_261_mic1.flac,p280,0,1,0.4165230989456177,0.29105252027511597,0.4165230989456177,-0.1254705786705017,4.2556875
lca,2,p306_261_mic1,p306,data\VCTK\wav48_silence_trimmed\p306\p306_261_mic1.flac,p280,0,1,0.4660813510417938,0.40480026602745056,0.4660813510417938,-0.06128108501434326,4.2556875
lca,3,p306_261_mic1,p306,data\VCTK\wav48_silence_trimmed\p306\p306_261_mic1.flac,p280,0,1,0.5017871260643005,0.44238442182540894,0.5017871260643005,-0.0594027042388916,4.2556875
original,0,p306_274_mic2,p306,data\VCTK\wav48_silence_trimmed\p306\p306_274_mic2.flac,p306,1,1,0.7107049226760864,0.7107049226760864,0.5508748888969421,0.1598300337791443,5.2666875
base,1,p306_274_mic2,p306,data\VCTK\wav48_silence_trimmed\p306\p306_274_mic2.flac,p306,1,1,0.3421577513217926,0.3421577513217926,0.34055250883102417,0.0016052424907684326,5.2666875
base,2,p306_274_mic2,p306,data\VCTK\wav48_silence_trimmed\p306\p306_274_mic2.flac,p306,1,1,0.5250211358070374,0.5250211358070374,0.45192015171051025,0.0731009840965271,5.2666875
base,3,p306_274_mic2,p306,data\VCTK\wav48_silence_trimmed\p306\p306_274_mic2.flac,p306,1,1,0.5471891164779663,0.5471891164779663,0.40550997853279114,0.14167913794517517,5.2666875
lca,1,p306_274_mic2,p306,data\VCTK\wav48_silence_trimmed\p306\p306_274_mic2.flac,p280,0,1,0.3812187910079956,0.287613183259964,0.3812187910079956,-0.09360560774803162,5.2666875
lca,2,p306_274_mic2,p306,data\VCTK\wav48_silence_trimmed\p306\p306_274_mic2.flac,p306,1,1,0.46844911575317383,0.46844911575317383,0.443767786026001,0.02468132972717285,5.2666875
lca,3,p306_274_mic2,p306,data\VCTK\wav48_silence_trimmed\p306\p306_274_mic2.flac,p306,1,1,0.5231965780258179,0.5231965780258179,0.4421357810497284,0.08106079697608948,5.2666875
original,0,p306_359_mic1,p306,data\VCTK\wav48_silence_trimmed\p306\p306_359_mic1.flac,p306,1,1,0.7206342816352844,0.7206342816352844,0.5048851370811462,0.21574914455413818,4.0125
base,1,p306_359_mic1,p306,data\VCTK\wav48_silence_trimmed\p306\p306_359_mic1.flac,p300,0,1,0.3788103461265564,0.22325296700000763,0.3788103461265564,-0.15555737912654877,4.0125
base,2,p306_359_mic1,p306,data\VCTK\wav48_silence_trimmed\p306\p306_359_mic1.flac,p262,0,1,0.4624600410461426,0.3829672932624817,0.4624600410461426,-0.07949274778366089,4.0125
base,3,p306_359_mic1,p306,data\VCTK\wav48_silence_trimmed\p306\p306_359_mic1.flac,p306,1,1,0.4792898893356323,0.4792898893356323,0.4545009136199951,0.024788975715637207,4.0125
lca,1,p306_359_mic1,p306,data\VCTK\wav48_silence_trimmed\p306\p306_359_mic1.flac,p295,0,1,0.38302260637283325,0.29937228560447693,0.38302260637283325,-0.08365032076835632,4.0125
lca,2,p306_359_mic1,p306,data\VCTK\wav48_silence_trimmed\p306\p306_359_mic1.flac,p340,0,1,0.44195979833602905,0.32186535000801086,0.44195979833602905,-0.12009444832801819,4.0125
lca,3,p306_359_mic1,p306,data\VCTK\wav48_silence_trimmed\p306\p306_359_mic1.flac,p340,0,1,0.5251582264900208,0.3596569299697876,0.5251582264900208,-0.16550129652023315,4.0125
original,0,p307_191_mic2,p307,data\VCTK\wav48_silence_trimmed\p307\p307_191_mic2.flac,p307,1,1,0.8102383017539978,0.8102383017539978,0.47218912839889526,0.33804917335510254,4.7508125
base,1,p307_191_mic2,p307,data\VCTK\wav48_silence_trimmed\p307\p307_191_mic2.flac,p238,0,1,0.35021260380744934,0.08762362599372864,0.35021260380744934,-0.2625889778137207,4.7508125
base,2,p307_191_mic2,p307,data\VCTK\wav48_silence_trimmed\p307\p307_191_mic2.flac,p339,0,1,0.49472683668136597,0.37878286838531494,0.49472683668136597,-0.11594396829605103,4.7508125
base,3,p307_191_mic2,p307,data\VCTK\wav48_silence_trimmed\p307\p307_191_mic2.flac,p300,0,1,0.5329017639160156,0.5176211595535278,0.5329017639160156,-0.015280604362487793,4.7508125
lca,1,p307_191_mic2,p307,data\VCTK\wav48_silence_trimmed\p307\p307_191_mic2.flac,p262,0,1,0.33096936345100403,0.16822154819965363,0.33096936345100403,-0.1627478152513504,4.7508125
lca,2,p307_191_mic2,p307,data\VCTK\wav48_silence_trimmed\p307\p307_191_mic2.flac,p300,0,1,0.49047237634658813,0.38031908869743347,0.49047237634658813,-0.11015328764915466,4.7508125
lca,3,p307_191_mic2,p307,data\VCTK\wav48_silence_trimmed\p307\p307_191_mic2.flac,p300,0,1,0.5083597302436829,0.49435317516326904,0.5083597302436829,-0.014006555080413818,4.7508125
original,0,p307_198_mic1,p307,data\VCTK\wav48_silence_trimmed\p307\p307_198_mic1.flac,p307,1,1,0.8068013191223145,0.8068013191223145,0.5352365970611572,0.2715647220611572,6.6091875
base,1,p307_198_mic1,p307,data\VCTK\wav48_silence_trimmed\p307\p307_198_mic1.flac,p330,0,1,0.4050939679145813,0.13120298087596893,0.4050939679145813,-0.27389098703861237,6.6091875
base,2,p307_198_mic1,p307,data\VCTK\wav48_silence_trimmed\p307\p307_198_mic1.flac,p339,0,1,0.44455212354660034,0.40420693159103394,0.44455212354660034,-0.040345191955566406,6.6091875
base,3,p307_198_mic1,p307,data\VCTK\wav48_silence_trimmed\p307\p307_198_mic1.flac,p317,0,1,0.4746764898300171,0.46178585290908813,0.4746764898300171,-0.012890636920928955,6.6091875
lca,1,p307_198_mic1,p307,data\VCTK\wav48_silence_trimmed\p307\p307_198_mic1.flac,p314,0,1,0.3526914119720459,0.07613764703273773,0.3526914119720459,-0.27655376493930817,6.6091875
lca,2,p307_198_mic1,p307,data\VCTK\wav48_silence_trimmed\p307\p307_198_mic1.flac,p340,0,1,0.48252248764038086,0.3987972140312195,0.48252248764038086,-0.08372527360916138,6.6091875
lca,3,p307_198_mic1,p307,data\VCTK\wav48_silence_trimmed\p307\p307_198_mic1.flac,p340,0,1,0.5118823647499084,0.47339755296707153,0.5118823647499084,-0.038484811782836914,6.6091875
original,0,p307_274_mic1,p307,data\VCTK\wav48_silence_trimmed\p307\p307_274_mic1.flac,p307,1,1,0.8125971555709839,0.8125971555709839,0.5264899730682373,0.2861071825027466,3.911625
base,1,p307_274_mic1,p307,data\VCTK\wav48_silence_trimmed\p307\p307_274_mic1.flac,p301,0,1,0.3626202940940857,0.09397289156913757,0.3626202940940857,-0.2686474025249481,3.911625
base,2,p307_274_mic1,p307,data\VCTK\wav48_silence_trimmed\p307\p307_274_mic1.flac,p300,0,1,0.4966217279434204,0.43984758853912354,0.4966217279434204,-0.056774139404296875,3.911625
base,3,p307_274_mic1,p307,data\VCTK\wav48_silence_trimmed\p307\p307_274_mic1.flac,p317,0,1,0.5715203285217285,0.4874897599220276,0.5715203285217285,-0.08403056859970093,3.911625
lca,1,p307_274_mic1,p307,data\VCTK\wav48_silence_trimmed\p307\p307_274_mic1.flac,p314,0,1,0.3784913420677185,0.22306965291500092,0.3784913420677185,-0.1554216891527176,3.911625
lca,2,p307_274_mic1,p307,data\VCTK\wav48_silence_trimmed\p307\p307_274_mic1.flac,p340,0,1,0.5297234654426575,0.4395298957824707,0.5297234654426575,-0.09019356966018677,3.911625
lca,3,p307_274_mic1,p307,data\VCTK\wav48_silence_trimmed\p307\p307_274_mic1.flac,p340,0,1,0.5377339124679565,0.46506649255752563,0.5377339124679565,-0.07266741991043091,3.911625
original,0,p307_351_mic2,p307,data\VCTK\wav48_silence_trimmed\p307\p307_351_mic2.flac,p307,1,1,0.8181425333023071,0.8181425333023071,0.39480680227279663,0.4233357310295105,3.1123125
base,1,p307_351_mic2,p307,data\VCTK\wav48_silence_trimmed\p307\p307_351_mic2.flac,p339,0,1,0.3245875835418701,0.1456083059310913,0.3245875835418701,-0.1789792776107788,3.1123125
base,2,p307_351_mic2,p307,data\VCTK\wav48_silence_trimmed\p307\p307_351_mic2.flac,p339,0,1,0.3696373999118805,0.3300003409385681,0.3696373999118805,-0.03963705897331238,3.1123125
base,3,p307_351_mic2,p307,data\VCTK\wav48_silence_trimmed\p307\p307_351_mic2.flac,p340,0,1,0.4413146376609802,0.36275243759155273,0.4413146376609802,-0.07856220006942749,3.1123125
lca,1,p307_351_mic2,p307,data\VCTK\wav48_silence_trimmed\p307\p307_351_mic2.flac,p339,0,1,0.4277116358280182,0.200907900929451,0.4277116358280182,-0.2268037348985672,3.1123125
lca,2,p307_351_mic2,p307,data\VCTK\wav48_silence_trimmed\p307\p307_351_mic2.flac,p250,0,1,0.4321659803390503,0.2688044607639313,0.4321659803390503,-0.16336151957511902,3.1123125
lca,3,p307_351_mic2,p307,data\VCTK\wav48_silence_trimmed\p307\p307_351_mic2.flac,p340,0,1,0.5082448124885559,0.34353432059288025,0.5082448124885559,-0.16471049189567566,3.1123125
original,0,p307_403_mic1,p307,data\VCTK\wav48_silence_trimmed\p307\p307_403_mic1.flac,p307,1,1,0.7939609289169312,0.7939609289169312,0.4809197187423706,0.31304121017456055,2.9745
base,1,p307_403_mic1,p307,data\VCTK\wav48_silence_trimmed\p307\p307_403_mic1.flac,p314,0,1,0.33363667130470276,0.14115862548351288,0.33363667130470276,-0.19247804582118988,2.9745
base,2,p307_403_mic1,p307,data\VCTK\wav48_silence_trimmed\p307\p307_403_mic1.flac,p307,1,1,0.5471318960189819,0.5471318960189819,0.4664744734764099,0.08065742254257202,2.9745
base,3,p307_403_mic1,p307,data\VCTK\wav48_silence_trimmed\p307\p307_403_mic1.flac,p307,1,1,0.6311957836151123,0.6311957836151123,0.4981817603111267,0.1330140233039856,2.9745
lca,1,p307_403_mic1,p307,data\VCTK\wav48_silence_trimmed\p307\p307_403_mic1.flac,p314,0,1,0.3087691366672516,0.1403270959854126,0.3087691366672516,-0.168442040681839,2.9745
lca,2,p307_403_mic1,p307,data\VCTK\wav48_silence_trimmed\p307\p307_403_mic1.flac,p307,1,1,0.4500545859336853,0.4500545859336853,0.4317406415939331,0.018313944339752197,2.9745
lca,3,p307_403_mic1,p307,data\VCTK\wav48_silence_trimmed\p307\p307_403_mic1.flac,p300,0,1,0.4891943335533142,0.4848245680332184,0.4891943335533142,-0.004369765520095825,2.9745
original,0,p308_075_mic2,p308,data\VCTK\wav48_silence_trimmed\p308\p308_075_mic2.flac,p308,1,1,0.7122670412063599,0.7122670412063599,0.3671163320541382,0.3451507091522217,3.8848125
base,1,p308_075_mic2,p308,data\VCTK\wav48_silence_trimmed\p308\p308_075_mic2.flac,p301,0,1,0.3561898171901703,0.2843545973300934,0.3561898171901703,-0.0718352198600769,3.8848125
base,2,p308_075_mic2,p308,data\VCTK\wav48_silence_trimmed\p308\p308_075_mic2.flac,p301,0,1,0.36847084760665894,0.35938331484794617,0.36847084760665894,-0.009087532758712769,3.8848125
base,3,p308_075_mic2,p308,data\VCTK\wav48_silence_trimmed\p308\p308_075_mic2.flac,p308,1,1,0.40438252687454224,0.40438252687454224,0.4036933183670044,0.0006892085075378418,3.8848125
lca,1,p308_075_mic2,p308,data\VCTK\wav48_silence_trimmed\p308\p308_075_mic2.flac,p295,0,1,0.37646982073783875,0.31181007623672485,0.37646982073783875,-0.06465974450111389,3.8848125
lca,2,p308_075_mic2,p308,data\VCTK\wav48_silence_trimmed\p308\p308_075_mic2.flac,p280,0,1,0.4218493700027466,0.37505507469177246,0.4218493700027466,-0.04679429531097412,3.8848125
lca,3,p308_075_mic2,p308,data\VCTK\wav48_silence_trimmed\p308\p308_075_mic2.flac,p340,0,1,0.4494630694389343,0.41618454456329346,0.4494630694389343,-0.03327852487564087,3.8848125
original,0,p308_126_mic2,p308,data\VCTK\wav48_silence_trimmed\p308\p308_126_mic2.flac,p308,1,1,0.7013720870018005,0.7013720870018005,0.43069279193878174,0.2706792950630188,3.2015
base,1,p308_126_mic2,p308,data\VCTK\wav48_silence_trimmed\p308\p308_126_mic2.flac,p233,0,1,0.30007481575012207,0.0008383095264434814,0.30007481575012207,-0.2992365062236786,3.2015
base,2,p308_126_mic2,p308,data\VCTK\wav48_silence_trimmed\p308\p308_126_mic2.flac,p269,0,1,0.38229823112487793,0.2779676020145416,0.38229823112487793,-0.1043306291103363,3.2015
base,3,p308_126_mic2,p308,data\VCTK\wav48_silence_trimmed\p308\p308_126_mic2.flac,p269,0,1,0.4231307804584503,0.3464241027832031,0.4231307804584503,-0.07670667767524719,3.2015
lca,1,p308_126_mic2,p308,data\VCTK\wav48_silence_trimmed\p308\p308_126_mic2.flac,p233,0,1,0.35198724269866943,0.1649542599916458,0.35198724269866943,-0.18703298270702362,3.2015
lca,2,p308_126_mic2,p308,data\VCTK\wav48_silence_trimmed\p308\p308_126_mic2.flac,p308,1,1,0.43231531977653503,0.43231531977653503,0.39431437849998474,0.03800094127655029,3.2015
lca,3,p308_126_mic2,p308,data\VCTK\wav48_silence_trimmed\p308\p308_126_mic2.flac,p308,1,1,0.5251224040985107,0.5251224040985107,0.4116453528404236,0.11347705125808716,3.2015
original,0,p308_227_mic1,p308,data\VCTK\wav48_silence_trimmed\p308\p308_227_mic1.flac,p308,1,1,0.7503434419631958,0.7503434419631958,0.38764774799346924,0.36269569396972656,2.2645
base,1,p308_227_mic1,p308,data\VCTK\wav48_silence_trimmed\p308\p308_227_mic1.flac,p330,0,1,0.3120611310005188,0.2468971312046051,0.3120611310005188,-0.0651639997959137,2.2645
base,2,p308_227_mic1,p308,data\VCTK\wav48_silence_trimmed\p308\p308_227_mic1.flac,p308,1,1,0.5140535831451416,0.5140535831451416,0.4403955340385437,0.0736580491065979,2.2645
base,3,p308_227_mic1,p308,data\VCTK\wav48_silence_trimmed\p308\p308_227_mic1.flac,p308,1,1,0.6149957180023193,0.6149957180023193,0.4020259976387024,0.21296972036361694,2.2645
lca,1,p308_227_mic1,p308,data\VCTK\wav48_silence_trimmed\p308\p308_227_mic1.flac,p301,0,1,0.32928788661956787,0.29796040058135986,0.32928788661956787,-0.03132748603820801,2.2645
lca,2,p308_227_mic1,p308,data\VCTK\wav48_silence_trimmed\p308\p308_227_mic1.flac,p301,0,1,0.3846336007118225,0.361930251121521,0.3846336007118225,-0.022703349590301514,2.2645
lca,3,p308_227_mic1,p308,data\VCTK\wav48_silence_trimmed\p308\p308_227_mic1.flac,p308,1,1,0.42722564935684204,0.42722564935684204,0.3913143575191498,0.03591129183769226,2.2645
original,0,p308_335_mic1,p308,data\VCTK\wav48_silence_trimmed\p308\p308_335_mic1.flac,p308,1,1,0.7115509510040283,0.7115509510040283,0.5331490635871887,0.1784018874168396,3.461125
base,1,p308_335_mic1,p308,data\VCTK\wav48_silence_trimmed\p308\p308_335_mic1.flac,p301,0,1,0.3776044249534607,0.2204214632511139,0.3776044249534607,-0.1571829617023468,3.461125
base,2,p308_335_mic1,p308,data\VCTK\wav48_silence_trimmed\p308\p308_335_mic1.flac,p308,1,1,0.4701578617095947,0.4701578617095947,0.4513261318206787,0.018831729888916016,3.461125
base,3,p308_335_mic1,p308,data\VCTK\wav48_silence_trimmed\p308\p308_335_mic1.flac,p308,1,1,0.57094407081604,0.57094407081604,0.42685800790786743,0.1440860629081726,3.461125
lca,1,p308_335_mic1,p308,data\VCTK\wav48_silence_trimmed\p308\p308_335_mic1.flac,p262,0,1,0.46826618909835815,0.2867886424064636,0.46826618909835815,-0.18147754669189453,3.461125
lca,2,p308_335_mic1,p308,data\VCTK\wav48_silence_trimmed\p308\p308_335_mic1.flac,p308,1,1,0.4968641400337219,0.4968641400337219,0.4964744448661804,0.0003896951675415039,3.461125
lca,3,p308_335_mic1,p308,data\VCTK\wav48_silence_trimmed\p308\p308_335_mic1.flac,p308,1,1,0.5633138418197632,0.5633138418197632,0.4624943733215332,0.10081946849822998,3.461125
original,0,p308_406_mic2,p308,data\VCTK\wav48_silence_trimmed\p308\p308_406_mic2.flac,p308,1,1,0.7495918273925781,0.7495918273925781,0.39011430740356445,0.35947751998901367,4.268625
base,1,p308_406_mic2,p308,data\VCTK\wav48_silence_trimmed\p308\p308_406_mic2.flac,p361,0,1,0.3875974416732788,0.3429313600063324,0.3875974416732788,-0.04466608166694641,4.268625
base,2,p308_406_mic2,p308,data\VCTK\wav48_silence_trimmed\p308\p308_406_mic2.flac,p308,1,1,0.5278936624526978,0.5278936624526978,0.368887335062027,0.15900632739067078,4.268625
base,3,p308_406_mic2,p308,data\VCTK\wav48_silence_trimmed\p308\p308_406_mic2.flac,p308,1,1,0.5457496643066406,0.5457496643066406,0.36328133940696716,0.18246832489967346,4.268625
lca,1,p308_406_mic2,p308,data\VCTK\wav48_silence_trimmed\p308\p308_406_mic2.flac,p280,0,1,0.3407308757305145,0.24732139706611633,0.3407308757305145,-0.0934094786643982,4.268625
lca,2,p308_406_mic2,p308,data\VCTK\wav48_silence_trimmed\p308\p308_406_mic2.flac,p314,0,1,0.4574611186981201,0.4236682057380676,0.4574611186981201,-0.03379291296005249,4.268625
lca,3,p308_406_mic2,p308,data\VCTK\wav48_silence_trimmed\p308\p308_406_mic2.flac,p308,1,1,0.5061622858047485,0.5061622858047485,0.43464234471321106,0.07151994109153748,4.268625
original,0,p310_126_mic1,p310,data\VCTK\wav48_silence_trimmed\p310\p310_126_mic1.flac,p310,1,1,0.6965910196304321,0.6965910196304321,0.4396153390407562,0.2569756805896759,3.2633125
base,1,p310_126_mic1,p310,data\VCTK\wav48_silence_trimmed\p310\p310_126_mic1.flac,p283,0,1,0.2936895787715912,0.06516364961862564,0.2936895787715912,-0.22852592915296555,3.2633125
base,2,p310_126_mic1,p310,data\VCTK\wav48_silence_trimmed\p310\p310_126_mic1.flac,p330,0,1,0.40872591733932495,0.20588696002960205,0.40872591733932495,-0.2028389573097229,3.2633125
base,3,p310_126_mic1,p310,data\VCTK\wav48_silence_trimmed\p310\p310_126_mic1.flac,p301,0,1,0.3982054591178894,0.372530072927475,0.3982054591178894,-0.02567538619041443,3.2633125
lca,1,p310_126_mic1,p310,data\VCTK\wav48_silence_trimmed\p310\p310_126_mic1.flac,p314,0,1,0.338168203830719,0.13459932804107666,0.338168203830719,-0.20356887578964233,3.2633125
lca,2,p310_126_mic1,p310,data\VCTK\wav48_silence_trimmed\p310\p310_126_mic1.flac,p308,0,1,0.38009387254714966,0.22380000352859497,0.38009387254714966,-0.1562938690185547,3.2633125
lca,3,p310_126_mic1,p310,data\VCTK\wav48_silence_trimmed\p310\p310_126_mic1.flac,p308,0,1,0.4343680739402771,0.3126623034477234,0.4343680739402771,-0.12170577049255371,3.2633125
original,0,p310_189_mic2,p310,data\VCTK\wav48_silence_trimmed\p310\p310_189_mic2.flac,p310,1,1,0.7949110865592957,0.7949110865592957,0.44176775217056274,0.3531433343887329,4.203375
base,1,p310_189_mic2,p310,data\VCTK\wav48_silence_trimmed\p310\p310_189_mic2.flac,p283,0,1,0.4388620853424072,0.23578867316246033,0.4388620853424072,-0.2030734121799469,4.203375
base,2,p310_189_mic2,p310,data\VCTK\wav48_silence_trimmed\p310\p310_189_mic2.flac,p283,0,1,0.4560702443122864,0.3963356614112854,0.4560702443122864,-0.05973458290100098,4.203375
base,3,p310_189_mic2,p310,data\VCTK\wav48_silence_trimmed\p310\p310_189_mic2.flac,p340,0,1,0.4955454468727112,0.4915338158607483,0.4955454468727112,-0.004011631011962891,4.203375
lca,1,p310_189_mic2,p310,data\VCTK\wav48_silence_trimmed\p310\p310_189_mic2.flac,p280,0,1,0.39412227272987366,0.2949565052986145,0.39412227272987366,-0.09916576743125916,4.203375
lca,2,p310_189_mic2,p310,data\VCTK\wav48_silence_trimmed\p310\p310_189_mic2.flac,p340,0,1,0.5101473331451416,0.4332893490791321,0.5101473331451416,-0.07685798406600952,4.203375
lca,3,p310_189_mic2,p310,data\VCTK\wav48_silence_trimmed\p310\p310_189_mic2.flac,p340,0,1,0.5608168840408325,0.4576939344406128,0.5608168840408325,-0.10312294960021973,4.203375
original,0,p310_230_mic1,p310,data\VCTK\wav48_silence_trimmed\p310\p310_230_mic1.flac,p310,1,1,0.8237006664276123,0.8237006664276123,0.43017578125,0.3935248851776123,3.670625
base,1,p310_230_mic1,p310,data\VCTK\wav48_silence_trimmed\p310\p310_230_mic1.flac,p293,0,1,0.4018740653991699,0.2811635732650757,0.4018740653991699,-0.12071049213409424,3.670625
base,2,p310_230_mic1,p310,data\VCTK\wav48_silence_trimmed\p310\p310_230_mic1.flac,p310,1,1,0.4373857080936432,0.4373857080936432,0.43631526827812195,0.0010704398155212402,3.670625
base,3,p310_230_mic1,p310,data\VCTK\wav48_silence_trimmed\p310\p310_230_mic1.flac,p310,1,1,0.4820926785469055,0.4820926785469055,0.43247899413108826,0.04961368441581726,3.670625
lca,1,p310_230_mic1,p310,data\VCTK\wav48_silence_trimmed\p310\p310_230_mic1.flac,p340,0,1,0.41840261220932007,0.33219510316848755,0.41840261220932007,-0.08620750904083252,3.670625
lca,2,p310_230_mic1,p310,data\VCTK\wav48_silence_trimmed\p310\p310_230_mic1.flac,p340,0,1,0.43854156136512756,0.4111803472042084,0.43854156136512756,-0.02736121416091919,3.670625
lca,3,p310_230_mic1,p310,data\VCTK\wav48_silence_trimmed\p310\p310_230_mic1.flac,p340,0,1,0.49456652998924255,0.46738702058792114,0.49456652998924255,-0.02717950940132141,3.670625
original,0,p310_274_mic1,p310,data\VCTK\wav48_silence_trimmed\p310\p310_274_mic1.flac,p310,1,1,0.6102190613746643,0.6102190613746643,0.3569086790084839,0.2533103823661804,2.60425
base,1,p310_274_mic1,p310,data\VCTK\wav48_silence_trimmed\p310\p310_274_mic1.flac,p330,0,1,0.37989962100982666,0.1827118843793869,0.37989962100982666,-0.19718773663043976,2.60425
base,2,p310_274_mic1,p310,data\VCTK\wav48_silence_trimmed\p310\p310_274_mic1.flac,p310,1,1,0.389326810836792,0.389326810836792,0.3498207926750183,0.03950601816177368,2.60425
base,3,p310_274_mic1,p310,data\VCTK\wav48_silence_trimmed\p310\p310_274_mic1.flac,p310,1,1,0.4476051330566406,0.4476051330566406,0.3297521770000458,0.11785295605659485,2.60425
lca,1,p310_274_mic1,p310,data\VCTK\wav48_silence_trimmed\p310\p310_274_mic1.flac,p250,0,1,0.386688768863678,0.24323363602161407,0.386688768863678,-0.1434551328420639,2.60425
lca,2,p310_274_mic1,p310,data\VCTK\wav48_silence_trimmed\p310\p310_274_mic1.flac,p340,0,1,0.39333319664001465,0.34578925371170044,0.39333319664001465,-0.04754394292831421,2.60425
lca,3,p310_274_mic1,p310,data\VCTK\wav48_silence_trimmed\p310\p310_274_mic1.flac,p310,1,1,0.4114226996898651,0.4114226996898651,0.38618871569633484,0.025233983993530273,2.60425
original,0,p310_420_mic1,p310,data\VCTK\wav48_silence_trimmed\p310\p310_420_mic1.flac,p310,1,1,0.6788661479949951,0.6788661479949951,0.3970361053943634,0.2818300426006317,3.075625
base,1,p310_420_mic1,p310,data\VCTK\wav48_silence_trimmed\p310\p310_420_mic1.flac,p230,0,1,0.3324778974056244,0.2378872036933899,0.3324778974056244,-0.0945906937122345,3.075625
base,2,p310_420_mic1,p310,data\VCTK\wav48_silence_trimmed\p310\p310_420_mic1.flac,p310,1,1,0.4336124062538147,0.4336124062538147,0.4058963358402252,0.027716070413589478,3.075625
base,3,p310_420_mic1,p310,data\VCTK\wav48_silence_trimmed\p310\p310_420_mic1.flac,p310,1,1,0.5007995963096619,0.5007995963096619,0.36921602487564087,0.131583571434021,3.075625
lca,1,p310_420_mic1,p310,data\VCTK\wav48_silence_trimmed\p310\p310_420_mic1.flac,p250,0,1,0.46674227714538574,0.3044931888580322,0.46674227714538574,-0.16224908828735352,3.075625
lca,2,p310_420_mic1,p310,data\VCTK\wav48_silence_trimmed\p310\p310_420_mic1.flac,p340,0,1,0.44030308723449707,0.38379520177841187,0.44030308723449707,-0.056507885456085205,3.075625
lca,3,p310_420_mic1,p310,data\VCTK\wav48_silence_trimmed\p310\p310_420_mic1.flac,p340,0,1,0.49202728271484375,0.4643089771270752,0.49202728271484375,-0.027718305587768555,3.075625
original,0,p311_109_mic2,p311,data\VCTK\wav48_silence_trimmed\p311\p311_109_mic2.flac,p311,1,1,0.7714732885360718,0.7714732885360718,0.297305703163147,0.4741675853729248,3.2455
base,1,p311_109_mic2,p311,data\VCTK\wav48_silence_trimmed\p311\p311_109_mic2.flac,p292,0,1,0.27627620100975037,0.18361099064350128,0.27627620100975037,-0.09266521036624908,3.2455
base,2,p311_109_mic2,p311,data\VCTK\wav48_silence_trimmed\p311\p311_109_mic2.flac,p374,0,1,0.3170548677444458,0.27671849727630615,0.3170548677444458,-0.04033637046813965,3.2455
base,3,p311_109_mic2,p311,data\VCTK\wav48_silence_trimmed\p311\p311_109_mic2.flac,p281,0,1,0.37614190578460693,0.3600740432739258,0.37614190578460693,-0.016067862510681152,3.2455
lca,1,p311_109_mic2,p311,data\VCTK\wav48_silence_trimmed\p311\p311_109_mic2.flac,p281,0,1,0.3598249554634094,0.22740088403224945,0.3598249554634094,-0.13242407143115997,3.2455
lca,2,p311_109_mic2,p311,data\VCTK\wav48_silence_trimmed\p311\p311_109_mic2.flac,p281,0,1,0.4072476327419281,0.29073604941368103,0.4072476327419281,-0.11651158332824707,3.2455
lca,3,p311_109_mic2,p311,data\VCTK\wav48_silence_trimmed\p311\p311_109_mic2.flac,p281,0,1,0.41880813241004944,0.30642759799957275,0.41880813241004944,-0.11238053441047668,3.2455
original,0,p311_114_mic2,p311,data\VCTK\wav48_silence_trimmed\p311\p311_114_mic2.flac,p311,1,1,0.615545392036438,0.615545392036438,0.37501680850982666,0.24052858352661133,3.1063125
base,1,p311_114_mic2,p311,data\VCTK\wav48_silence_trimmed\p311\p311_114_mic2.flac,p364,0,1,0.2509148120880127,0.12699386477470398,0.2509148120880127,-0.12392094731330872,3.1063125
base,2,p311_114_mic2,p311,data\VCTK\wav48_silence_trimmed\p311\p311_114_mic2.flac,p347,0,1,0.3990681767463684,0.3808954358100891,0.3990681767463684,-0.018172740936279297,3.1063125
base,3,p311_114_mic2,p311,data\VCTK\wav48_silence_trimmed\p311\p311_114_mic2.flac,p311,1,1,0.4383358359336853,0.4383358359336853,0.3322412967681885,0.10609453916549683,3.1063125
lca,1,p311_114_mic2,p311,data\VCTK\wav48_silence_trimmed\p311\p311_114_mic2.flac,p281,0,1,0.34904050827026367,0.15725767612457275,0.34904050827026367,-0.19178283214569092,3.1063125
lca,2,p311_114_mic2,p311,data\VCTK\wav48_silence_trimmed\p311\p311_114_mic2.flac,p281,0,1,0.3768807649612427,0.3578639626502991,0.3768807649612427,-0.019016802310943604,3.1063125
lca,3,p311_114_mic2,p311,data\VCTK\wav48_silence_trimmed\p311\p311_114_mic2.flac,p311,1,1,0.39112892746925354,0.39112892746925354,0.38537976145744324,0.005749166011810303,3.1063125
original,0,p311_282_mic1,p311,data\VCTK\wav48_silence_trimmed\p311\p311_282_mic1.flac,p311,1,1,0.7277116775512695,0.7277116775512695,0.303926944732666,0.4237847328186035,3.7850625
base,1,p311_282_mic1,p311,data\VCTK\wav48_silence_trimmed\p311\p311_282_mic1.flac,p364,0,1,0.29261019825935364,0.28368544578552246,0.29261019825935364,-0.008924752473831177,3.7850625
base,2,p311_282_mic1,p311,data\VCTK\wav48_silence_trimmed\p311\p311_282_mic1.flac,p311,1,1,0.4098359942436218,0.4098359942436218,0.346329003572464,0.06350699067115784,3.7850625
base,3,p311_282_mic1,p311,data\VCTK\wav48_silence_trimmed\p311\p311_282_mic1.flac,p311,1,1,0.4911370575428009,0.4911370575428009,0.3284277319908142,0.1627093255519867,3.7850625
lca,1,p311_282_mic1,p311,data\VCTK\wav48_silence_trimmed\p311\p311_282_mic1.flac,p364,0,1,0.3473818898200989,0.22438828647136688,0.3473818898200989,-0.122993603348732,3.7850625
lca,2,p311_282_mic1,p311,data\VCTK\wav48_silence_trimmed\p311\p311_282_mic1.flac,p311,1,1,0.37587907910346985,0.37587907910346985,0.35203632712364197,0.02384275197982788,3.7850625
lca,3,p311_282_mic1,p311,data\VCTK\wav48_silence_trimmed\p311\p311_282_mic1.flac,p311,1,1,0.40647655725479126,0.40647655725479126,0.3702423870563507,0.03623417019844055,3.7850625
original,0,p311_332_mic2,p311,data\VCTK\wav48_silence_trimmed\p311\p311_332_mic2.flac,p311,1,1,0.739782452583313,0.739782452583313,0.3382706642150879,0.4015117883682251,4.2264375
base,1,p311_332_mic2,p311,data\VCTK\wav48_silence_trimmed\p311\p311_332_mic2.flac,p364,0,1,0.3391873240470886,0.20650973916053772,0.3391873240470886,-0.1326775848865509,4.2264375
base,2,p311_332_mic2,p311,data\VCTK\wav48_silence_trimmed\p311\p311_332_mic2.flac,p281,0,1,0.395990788936615,0.3495945930480957,0.395990788936615,-0.04639619588851929,4.2264375
base,3,p311_332_mic2,p311,data\VCTK\wav48_silence_trimmed\p311\p311_332_mic2.flac,p311,1,1,0.3552691340446472,0.3552691340446472,0.35161739587783813,0.003651738166809082,4.2264375
lca,1,p311_332_mic2,p311,data\VCTK\wav48_silence_trimmed\p311\p311_332_mic2.flac,p281,0,1,0.3434096574783325,0.21095436811447144,0.3434096574783325,-0.13245528936386108,4.2264375
lca,2,p311_332_mic2,p311,data\VCTK\wav48_silence_trimmed\p311\p311_332_mic2.flac,p281,0,1,0.3988185524940491,0.2664158344268799,0.3988185524940491,-0.1324027180671692,4.2264375
lca,3,p311_332_mic2,p311,data\VCTK\wav48_silence_trimmed\p311\p311_332_mic2.flac,p281,0,1,0.4020034074783325,0.37103092670440674,0.4020034074783325,-0.03097248077392578,4.2264375
original,0,p311_376_mic1,p311,data\VCTK\wav48_silence_trimmed\p311\p311_376_mic1.flac,p311,1,1,0.7365838289260864,0.7365838289260864,0.35663944482803345,0.379944384098053,3.0983125
base,1,p311_376_mic1,p311,data\VCTK\wav48_silence_trimmed\p311\p311_376_mic1.flac,p281,0,1,0.2602630853652954,0.1358056664466858,0.2602630853652954,-0.12445741891860962,3.0983125
base,2,p311_376_mic1,p311,data\VCTK\wav48_silence_trimmed\p311\p311_376_mic1.flac,p311,1,1,0.35864531993865967,0.35864531993865967,0.3541199266910553,0.00452539324760437,3.0983125
base,3,p311_376_mic1,p311,data\VCTK\wav48_silence_trimmed\p311\p311_376_mic1.flac,p311,1,1,0.4676022529602051,0.4676022529602051,0.3755607604980469,0.0920414924621582,3.0983125
lca,1,p311_376_mic1,p311,data\VCTK\wav48_silence_trimmed\p311\p311_376_mic1.flac,p281,0,1,0.34574875235557556,0.19921141862869263,0.34574875235557556,-0.14653733372688293,3.0983125
lca,2,p311_376_mic1,p311,data\VCTK\wav48_silence_trimmed\p311\p311_376_mic1.flac,p364,0,1,0.37993568181991577,0.2985306978225708,0.37993568181991577,-0.08140498399734497,3.0983125
lca,3,p311_376_mic1,p311,data\VCTK\wav48_silence_trimmed\p311\p311_376_mic1.flac,p281,0,1,0.38476377725601196,0.3719860911369324,0.38476377725601196,-0.01277768611907959,3.0983125
original,0,p312_117_mic2,p312,data\VCTK\wav48_silence_trimmed\p312\p312_117_mic2.flac,p312,1,1,0.619471549987793,0.619471549987793,0.45026156306266785,0.16920998692512512,3.872625
base,1,p312_117_mic2,p312,data\VCTK\wav48_silence_trimmed\p312\p312_117_mic2.flac,p301,0,1,0.346524178981781,0.2222912758588791,0.346524178981781,-0.12423290312290192,3.872625
base,2,p312_117_mic2,p312,data\VCTK\wav48_silence_trimmed\p312\p312_117_mic2.flac,p230,0,1,0.4472254812717438,0.2059946358203888,0.4472254812717438,-0.24123084545135498,3.872625
base,3,p312_117_mic2,p312,data\VCTK\wav48_silence_trimmed\p312\p312_117_mic2.flac,p314,0,1,0.4444432556629181,0.2539821267127991,0.4444432556629181,-0.19046112895011902,3.872625
lca,1,p312_117_mic2,p312,data\VCTK\wav48_silence_trimmed\p312\p312_117_mic2.flac,p314,0,1,0.4130677282810211,0.22613275051116943,0.4130677282810211,-0.18693497776985168,3.872625
lca,2,p312_117_mic2,p312,data\VCTK\wav48_silence_trimmed\p312\p312_117_mic2.flac,p280,0,1,0.3650674819946289,0.21302619576454163,0.3650674819946289,-0.15204128623008728,3.872625
lca,3,p312_117_mic2,p312,data\VCTK\wav48_silence_trimmed\p312\p312_117_mic2.flac,p314,0,1,0.4320133626461029,0.24411499500274658,0.4320133626461029,-0.18789836764335632,3.872625
original,0,p312_157_mic2,p312,data\VCTK\wav48_silence_trimmed\p312\p312_157_mic2.flac,p312,1,1,0.6344941258430481,0.6344941258430481,0.39396363496780396,0.24053049087524414,2.7765625
base,1,p312_157_mic2,p312,data\VCTK\wav48_silence_trimmed\p312\p312_157_mic2.flac,p280,0,1,0.35727986693382263,0.13066139817237854,0.35727986693382263,-0.2266184687614441,2.7765625
base,2,p312_157_mic2,p312,data\VCTK\wav48_silence_trimmed\p312\p312_157_mic2.flac,p314,0,1,0.39601626992225647,0.29019176959991455,0.39601626992225647,-0.10582450032234192,2.7765625
base,3,p312_157_mic2,p312,data\VCTK\wav48_silence_trimmed\p312\p312_157_mic2.flac,p314,0,1,0.38619476556777954,0.378537654876709,0.38619476556777954,-0.007657110691070557,2.7765625
lca,1,p312_157_mic2,p312,data\VCTK\wav48_silence_trimmed\p312\p312_157_mic2.flac,p250,0,1,0.4146786630153656,0.1929359883069992,0.4146786630153656,-0.2217426747083664,2.7765625
lca,2,p312_157_mic2,p312,data\VCTK\wav48_silence_trimmed\p312\p312_157_mic2.flac,p250,0,1,0.47647953033447266,0.3122364282608032,0.47647953033447266,-0.16424310207366943,2.7765625
lca,3,p312_157_mic2,p312,data\VCTK\wav48_silence_trimmed\p312\p312_157_mic2.flac,p250,0,1,0.4589456617832184,0.3883633315563202,0.4589456617832184,-0.0705823302268982,2.7765625
original,0,p312_163_mic2,p312,data\VCTK\wav48_silence_trimmed\p312\p312_163_mic2.flac,p312,1,1,0.7414309978485107,0.7414309978485107,0.4238199293613434,0.31761106848716736,1.7544375
base,1,p312_163_mic2,p312,data\VCTK\wav48_silence_trimmed\p312\p312_163_mic2.flac,p225,0,1,0.36140382289886475,0.2911715507507324,0.36140382289886475,-0.07023227214813232,1.7544375
base,2,p312_163_mic2,p312,data\VCTK\wav48_silence_trimmed\p312\p312_163_mic2.flac,p312,1,1,0.3806687593460083,0.3806687593460083,0.365113765001297,0.015554994344711304,1.7544375
base,3,p312_163_mic2,p312,data\VCTK\wav48_silence_trimmed\p312\p312_163_mic2.flac,p312,1,1,0.43897587060928345,0.43897587060928345,0.3855488896369934,0.05342698097229004,1.7544375
lca,1,p312_163_mic2,p312,data\VCTK\wav48_silence_trimmed\p312\p312_163_mic2.flac,p250,0,1,0.38019758462905884,0.2689259350299835,0.38019758462905884,-0.11127164959907532,1.7544375
lca,2,p312_163_mic2,p312,data\VCTK\wav48_silence_trimmed\p312\p312_163_mic2.flac,p283,0,1,0.3836532235145569,0.3358389735221863,0.3836532235145569,-0.047814249992370605,1.7544375
lca,3,p312_163_mic2,p312,data\VCTK\wav48_silence_trimmed\p312\p312_163_mic2.flac,p312,1,1,0.42789900302886963,0.42789900302886963,0.37448394298553467,0.05341506004333496,1.7544375
original,0,p312_243_mic1,p312,data\VCTK\wav48_silence_trimmed\p312\p312_243_mic1.flac,p312,1,1,0.7049820423126221,0.7049820423126221,0.41931986808776855,0.2856621742248535,2.3510625
base,1,p312_243_mic1,p312,data\VCTK\wav48_silence_trimmed\p312\p312_243_mic1.flac,p230,0,1,0.3611321449279785,0.16518917679786682,0.3611321449279785,-0.1959429681301117,2.3510625
base,2,p312_243_mic1,p312,data\VCTK\wav48_silence_trimmed\p312\p312_243_mic1.flac,p230,0,1,0.40930992364883423,0.26828330755233765,0.40930992364883423,-0.14102661609649658,2.3510625
base,3,p312_243_mic1,p312,data\VCTK\wav48_silence_trimmed\p312\p312_243_mic1.flac,p262,0,1,0.42067599296569824,0.36863842606544495,0.42067599296569824,-0.052037566900253296,2.3510625
lca,1,p312_243_mic1,p312,data\VCTK\wav48_silence_trimmed\p312\p312_243_mic1.flac,p295,0,1,0.36285698413848877,0.07990959286689758,0.36285698413848877,-0.2829473912715912,2.3510625
lca,2,p312_243_mic1,p312,data\VCTK\wav48_silence_trimmed\p312\p312_243_mic1.flac,p314,0,1,0.4244154691696167,0.185516357421875,0.4244154691696167,-0.2388991117477417,2.3510625
lca,3,p312_243_mic1,p312,data\VCTK\wav48_silence_trimmed\p312\p312_243_mic1.flac,p330,0,1,0.401154100894928,0.3073408901691437,0.401154100894928,-0.0938132107257843,2.3510625
original,0,p312_398_mic1,p312,data\VCTK\wav48_silence_trimmed\p312\p312_398_mic1.flac,p312,1,1,0.6516973376274109,0.6516973376274109,0.39430543780326843,0.25739189982414246,2.7739375
base,1,p312_398_mic1,p312,data\VCTK\wav48_silence_trimmed\p312\p312_398_mic1.flac,p230,0,1,0.3204115331172943,0.24917751550674438,0.3204115331172943,-0.07123401761054993,2.7739375
base,2,p312_398_mic1,p312,data\VCTK\wav48_silence_trimmed\p312\p312_398_mic1.flac,p233,0,1,0.3644489645957947,0.35179758071899414,0.3644489645957947,-0.012651383876800537,2.7739375
base,3,p312_398_mic1,p312,data\VCTK\wav48_silence_trimmed\p312\p312_398_mic1.flac,p233,0,1,0.43249616026878357,0.4055479168891907,0.43249616026878357,-0.026948243379592896,2.7739375
lca,1,p312_398_mic1,p312,data\VCTK\wav48_silence_trimmed\p312\p312_398_mic1.flac,p280,0,1,0.407511830329895,0.21231669187545776,0.407511830329895,-0.19519513845443726,2.7739375
lca,2,p312_398_mic1,p312,data\VCTK\wav48_silence_trimmed\p312\p312_398_mic1.flac,p280,0,1,0.4513605833053589,0.25166255235671997,0.4513605833053589,-0.19969803094863892,2.7739375
lca,3,p312_398_mic1,p312,data\VCTK\wav48_silence_trimmed\p312\p312_398_mic1.flac,p280,0,1,0.44239264726638794,0.2925304174423218,0.44239264726638794,-0.14986222982406616,2.7739375
original,0,p313_150_mic2,p313,data\VCTK\wav48_silence_trimmed\p313\p313_150_mic2.flac,p313,1,1,0.7787436246871948,0.7787436246871948,0.3506447672843933,0.4280988574028015,3.928
base,1,p313_150_mic2,p313,data\VCTK\wav48_silence_trimmed\p313\p313_150_mic2.flac,p280,0,1,0.3851168751716614,0.3317786753177643,0.3851168751716614,-0.053338199853897095,3.928
base,2,p313_150_mic2,p313,data\VCTK\wav48_silence_trimmed\p313\p313_150_mic2.flac,p313,1,1,0.49691757559776306,0.49691757559776306,0.392609566450119,0.10430800914764404,3.928
base,3,p313_150_mic2,p313,data\VCTK\wav48_silence_trimmed\p313\p313_150_mic2.flac,p313,1,1,0.4849630892276764,0.4849630892276764,0.4049340486526489,0.08002904057502747,3.928
lca,1,p313_150_mic2,p313,data\VCTK\wav48_silence_trimmed\p313\p313_150_mic2.flac,p295,0,1,0.3289152979850769,0.23282921314239502,0.3289152979850769,-0.09608608484268188,3.928
lca,2,p313_150_mic2,p313,data\VCTK\wav48_silence_trimmed\p313\p313_150_mic2.flac,p314,0,1,0.4233439266681671,0.42187583446502686,0.4233439266681671,-0.0014680922031402588,3.928
lca,3,p313_150_mic2,p313,data\VCTK\wav48_silence_trimmed\p313\p313_150_mic2.flac,p280,0,1,0.4892052114009857,0.4873439073562622,0.4892052114009857,-0.0018613040447235107,3.928
original,0,p313_203_mic2,p313,data\VCTK\wav48_silence_trimmed\p313\p313_203_mic2.flac,p313,1,1,0.7202228307723999,0.7202228307723999,0.29881539940834045,0.42140743136405945,3.8874375
base,1,p313_203_mic2,p313,data\VCTK\wav48_silence_trimmed\p313\p313_203_mic2.flac,p313,1,1,0.3436299264431,0.3436299264431,0.2570258378982544,0.08660408854484558,3.8874375
base,2,p313_203_mic2,p313,data\VCTK\wav48_silence_trimmed\p313\p313_203_mic2.flac,p231,0,1,0.3461645543575287,0.34488359093666077,0.3461645543575287,-0.00128096342086792,3.8874375
base,3,p313_203_mic2,p313,data\VCTK\wav48_silence_trimmed\p313\p313_203_mic2.flac,p313,1,1,0.42750251293182373,0.42750251293182373,0.30436432361602783,0.1231381893157959,3.8874375
lca,1,p313_203_mic2,p313,data\VCTK\wav48_silence_trimmed\p313\p313_203_mic2.flac,p262,0,1,0.3527563214302063,0.3220256567001343,0.3527563214302063,-0.03073066473007202,3.8874375
lca,2,p313_203_mic2,p313,data\VCTK\wav48_silence_trimmed\p313\p313_203_mic2.flac,p299,0,1,0.4458167254924774,0.42196598649024963,0.4458167254924774,-0.023850739002227783,3.8874375
lca,3,p313_203_mic2,p313,data\VCTK\wav48_silence_trimmed\p313\p313_203_mic2.flac,p314,0,1,0.45817872881889343,0.44506722688674927,0.45817872881889343,-0.013111501932144165,3.8874375
original,0,p313_206_mic2,p313,data\VCTK\wav48_silence_trimmed\p313\p313_206_mic2.flac,p313,1,1,0.7417726516723633,0.7417726516723633,0.3827527165412903,0.359019935131073,4.1414375
base,1,p313_206_mic2,p313,data\VCTK\wav48_silence_trimmed\p313\p313_206_mic2.flac,p280,0,1,0.41836413741111755,0.3197421133518219,0.41836413741111755,-0.09862202405929565,4.1414375
base,2,p313_206_mic2,p313,data\VCTK\wav48_silence_trimmed\p313\p313_206_mic2.flac,p280,0,1,0.4922882914543152,0.33889833092689514,0.4922882914543152,-0.15338996052742004,4.1414375
base,3,p313_206_mic2,p313,data\VCTK\wav48_silence_trimmed\p313\p313_206_mic2.flac,p313,1,1,0.5148772597312927,0.5148772597312927,0.4749617576599121,0.039915502071380615,4.1414375
lca,1,p313_206_mic2,p313,data\VCTK\wav48_silence_trimmed\p313\p313_206_mic2.flac,p280,0,1,0.4520948529243469,0.31231802701950073,0.4520948529243469,-0.1397768259048462,4.1414375
lca,2,p313_206_mic2,p313,data\VCTK\wav48_silence_trimmed\p313\p313_206_mic2.flac,p280,0,1,0.520910382270813,0.42779427766799927,0.520910382270813,-0.09311610460281372,4.1414375
lca,3,p313_206_mic2,p313,data\VCTK\wav48_silence_trimmed\p313\p313_206_mic2.flac,p280,0,1,0.544930100440979,0.4601670503616333,0.544930100440979,-0.0847630500793457,4.1414375
original,0,p313_207_mic1,p313,data\VCTK\wav48_silence_trimmed\p313\p313_207_mic1.flac,p313,1,1,0.7737884521484375,0.7737884521484375,0.3924209177494049,0.3813675343990326,2.862375
base,1,p313_207_mic1,p313,data\VCTK\wav48_silence_trimmed\p313\p313_207_mic1.flac,p313,1,1,0.3358039855957031,0.3358039855957031,0.3107955753803253,0.025008410215377808,2.862375
base,2,p313_207_mic1,p313,data\VCTK\wav48_silence_trimmed\p313\p313_207_mic1.flac,p262,0,1,0.4215710759162903,0.3621419668197632,0.4215710759162903,-0.0594291090965271,2.862375
base,3,p313_207_mic1,p313,data\VCTK\wav48_silence_trimmed\p313\p313_207_mic1.flac,p313,1,1,0.4692085087299347,0.4692085087299347,0.3977939784526825,0.0714145302772522,2.862375
lca,1,p313_207_mic1,p313,data\VCTK\wav48_silence_trimmed\p313\p313_207_mic1.flac,p313,1,1,0.37517204880714417,0.37517204880714417,0.3524538278579712,0.022718220949172974,2.862375
lca,2,p313_207_mic1,p313,data\VCTK\wav48_silence_trimmed\p313\p313_207_mic1.flac,p313,1,1,0.5026994347572327,0.5026994347572327,0.45894765853881836,0.04375177621841431,2.862375
lca,3,p313_207_mic1,p313,data\VCTK\wav48_silence_trimmed\p313\p313_207_mic1.flac,p313,1,1,0.49039244651794434,0.49039244651794434,0.450769305229187,0.039623141288757324,2.862375
original,0,p313_257_mic2,p313,data\VCTK\wav48_silence_trimmed\p313\p313_257_mic2.flac,p313,1,1,0.7513549327850342,0.7513549327850342,0.4122448265552521,0.3391101062297821,3.30225
base,1,p313_257_mic2,p313,data\VCTK\wav48_silence_trimmed\p313\p313_257_mic2.flac,p301,0,1,0.36938101053237915,0.3333151042461395,0.36938101053237915,-0.036065906286239624,3.30225
base,2,p313_257_mic2,p313,data\VCTK\wav48_silence_trimmed\p313\p313_257_mic2.flac,p313,1,1,0.4757428765296936,0.4757428765296936,0.4147443175315857,0.06099855899810791,3.30225
base,3,p313_257_mic2,p313,data\VCTK\wav48_silence_trimmed\p313\p313_257_mic2.flac,p313,1,1,0.4952095150947571,0.4952095150947571,0.3819919228553772,0.11321759223937988,3.30225
lca,1,p313_257_mic2,p313,data\VCTK\wav48_silence_trimmed\p313\p313_257_mic2.flac,p280,0,1,0.3755188584327698,0.33370232582092285,0.3755188584327698,-0.041816532611846924,3.30225
lca,2,p313_257_mic2,p313,data\VCTK\wav48_silence_trimmed\p313\p313_257_mic2.flac,p313,1,1,0.4764009714126587,0.4764009714126587,0.46912822127342224,0.00727275013923645,3.30225
lca,3,p313_257_mic2,p313,data\VCTK\wav48_silence_trimmed\p313\p313_257_mic2.flac,p280,0,1,0.522559404373169,0.5105889439582825,0.522559404373169,-0.011970460414886475,3.30225
original,0,p314_088_mic2,p314,data\VCTK\wav48_silence_trimmed\p314\p314_088_mic2.flac,p314,1,1,0.7612863183021545,0.7612863183021545,0.476905882358551,0.2843804359436035,3.6020625
base,1,p314_088_mic2,p314,data\VCTK\wav48_silence_trimmed\p314\p314_088_mic2.flac,p301,0,1,0.37474149465560913,0.308939129114151,0.37474149465560913,-0.06580236554145813,3.6020625
base,2,p314_088_mic2,p314,data\VCTK\wav48_silence_trimmed\p314\p314_088_mic2.flac,p314,1,1,0.5156761407852173,0.5156761407852173,0.44409680366516113,0.07157933712005615,3.6020625
base,3,p314_088_mic2,p314,data\VCTK\wav48_silence_trimmed\p314\p314_088_mic2.flac,p314,1,1,0.6102315187454224,0.6102315187454224,0.5158089399337769,0.09442257881164551,3.6020625
lca,1,p314_088_mic2,p314,data\VCTK\wav48_silence_trimmed\p314\p314_088_mic2.flac,p314,1,1,0.40143126249313354,0.40143126249313354,0.384838730096817,0.01659253239631653,3.6020625
lca,2,p314_088_mic2,p314,data\VCTK\wav48_silence_trimmed\p314\p314_088_mic2.flac,p314,1,1,0.501681923866272,0.501681923866272,0.44984400272369385,0.051837921142578125,3.6020625
lca,3,p314_088_mic2,p314,data\VCTK\wav48_silence_trimmed\p314\p314_088_mic2.flac,p314,1,1,0.560075044631958,0.560075044631958,0.4532417058944702,0.10683333873748779,3.6020625
original,0,p314_097_mic1,p314,data\VCTK\wav48_silence_trimmed\p314\p314_097_mic1.flac,p314,1,1,0.6603970527648926,0.6603970527648926,0.521249532699585,0.13914752006530762,3.921875
base,1,p314_097_mic1,p314,data\VCTK\wav48_silence_trimmed\p314\p314_097_mic1.flac,p249,0,1,0.3532271683216095,0.29418885707855225,0.3532271683216095,-0.05903831124305725,3.921875
base,2,p314_097_mic1,p314,data\VCTK\wav48_silence_trimmed\p314\p314_097_mic1.flac,p262,0,1,0.5477132797241211,0.5212603807449341,0.5477132797241211,-0.02645289897918701,3.921875
base,3,p314_097_mic1,p314,data\VCTK\wav48_silence_trimmed\p314\p314_097_mic1.flac,p314,1,1,0.626320481300354,0.626320481300354,0.5866341590881348,0.03968632221221924,3.921875
lca,1,p314_097_mic1,p314,data\VCTK\wav48_silence_trimmed\p314\p314_097_mic1.flac,p314,1,1,0.3294363021850586,0.3294363021850586,0.2958626449108124,0.033573657274246216,3.921875
lca,2,p314_097_mic1,p314,data\VCTK\wav48_silence_trimmed\p314\p314_097_mic1.flac,p314,1,1,0.5322821140289307,0.5322821140289307,0.4354017972946167,0.09688031673431396,3.921875
lca,3,p314_097_mic1,p314,data\VCTK\wav48_silence_trimmed\p314\p314_097_mic1.flac,p314,1,1,0.5462026596069336,0.5462026596069336,0.466692715883255,0.07950994372367859,3.921875
original,0,p314_232_mic1,p314,data\VCTK\wav48_silence_trimmed\p314\p314_232_mic1.flac,p314,1,1,0.6887116432189941,0.6887116432189941,0.4162411093711853,0.27247053384780884,2.51775
base,1,p314_232_mic1,p314,data\VCTK\wav48_silence_trimmed\p314\p314_232_mic1.flac,p249,0,1,0.3647248148918152,0.3068367838859558,0.3647248148918152,-0.057888031005859375,2.51775
base,2,p314_232_mic1,p314,data\VCTK\wav48_silence_trimmed\p314\p314_232_mic1.flac,p262,0,1,0.46600693464279175,0.38602882623672485,0.46600693464279175,-0.0799781084060669,2.51775
base,3,p314_232_mic1,p314,data\VCTK\wav48_silence_trimmed\p314\p314_232_mic1.flac,p314,1,1,0.5040955543518066,0.5040955543518066,0.48447445034980774,0.0196211040019989,2.51775
lca,1,p314_232_mic1,p314,data\VCTK\wav48_silence_trimmed\p314\p314_232_mic1.flac,p262,0,1,0.3376055657863617,0.26793456077575684,0.3376055657863617,-0.06967100501060486,2.51775
lca,2,p314_232_mic1,p314,data\VCTK\wav48_silence_trimmed\p314\p314_232_mic1.flac,p314,1,1,0.5080236792564392,0.5080236792564392,0.4910432696342468,0.016980409622192383,2.51775
lca,3,p314_232_mic1,p314,data\VCTK\wav48_silence_trimmed\p314\p314_232_mic1.flac,p314,1,1,0.5681954622268677,0.5681954622268677,0.49398255348205566,0.07421290874481201,2.51775
original,0,p314_253_mic1,p314,data\VCTK\wav48_silence_trimmed\p314\p314_253_mic1.flac,p314,1,1,0.67630934715271,0.67630934715271,0.48073261976242065,0.1955767273902893,3.318625
base,1,p314_253_mic1,p314,data\VCTK\wav48_silence_trimmed\p314\p314_253_mic1.flac,p301,0,1,0.406309574842453,0.23914256691932678,0.406309574842453,-0.16716700792312622,3.318625
base,2,p314_253_mic1,p314,data\VCTK\wav48_silence_trimmed\p314\p314_253_mic1.flac,p314,1,1,0.42123427987098694,0.42123427987098694,0.39972755312919617,0.02150672674179077,3.318625
base,3,p314_253_mic1,p314,data\VCTK\wav48_silence_trimmed\p314\p314_253_mic1.flac,p314,1,1,0.4441387355327606,0.4441387355327606,0.4378930330276489,0.006245702505111694,3.318625
lca,1,p314_253_mic1,p314,data\VCTK\wav48_silence_trimmed\p314\p314_253_mic1.flac,p262,0,1,0.37883681058883667,0.3701022267341614,0.37883681058883667,-0.008734583854675293,3.318625
lca,2,p314_253_mic1,p314,data\VCTK\wav48_silence_trimmed\p314\p314_253_mic1.flac,p340,0,1,0.4077852964401245,0.36730554699897766,0.4077852964401245,-0.04047974944114685,3.318625
lca,3,p314_253_mic1,p314,data\VCTK\wav48_silence_trimmed\p314\p314_253_mic1.flac,p340,0,1,0.47471070289611816,0.42195090651512146,0.47471070289611816,-0.052759796380996704,3.318625
original,0,p314_283_mic2,p314,data\VCTK\wav48_silence_trimmed\p314\p314_283_mic2.flac,p314,1,1,0.7205859422683716,0.7205859422683716,0.43853914737701416,0.2820467948913574,2.9535625
base,1,p314_283_mic2,p314,data\VCTK\wav48_silence_trimmed\p314\p314_283_mic2.flac,p261,0,1,0.34962379932403564,0.2652233839035034,0.34962379932403564,-0.08440041542053223,2.9535625
base,2,p314_283_mic2,p314,data\VCTK\wav48_silence_trimmed\p314\p314_283_mic2.flac,p301,0,1,0.3639103174209595,0.3107128441333771,0.3639103174209595,-0.0531974732875824,2.9535625
base,3,p314_283_mic2,p314,data\VCTK\wav48_silence_trimmed\p314\p314_283_mic2.flac,p301,0,1,0.43035581707954407,0.3930259644985199,0.43035581707954407,-0.03732985258102417,2.9535625
lca,1,p314_283_mic2,p314,data\VCTK\wav48_silence_trimmed\p314\p314_283_mic2.flac,p314,1,1,0.41035088896751404,0.41035088896751404,0.3345848321914673,0.07576605677604675,2.9535625
lca,2,p314_283_mic2,p314,data\VCTK\wav48_silence_trimmed\p314\p314_283_mic2.flac,p314,1,1,0.4107920527458191,0.4107920527458191,0.3725242018699646,0.03826785087585449,2.9535625
lca,3,p314_283_mic2,p314,data\VCTK\wav48_silence_trimmed\p314\p314_283_mic2.flac,p314,1,1,0.452261358499527,0.452261358499527,0.4269196391105652,0.025341719388961792,2.9535625
original,0,p315_013_mic1,p315,data\VCTK\wav48_silence_trimmed\p315\p315_013_mic1.flac,p315,1,1,0.6889510154724121,0.6889510154724121,0.40681734681129456,0.28213366866111755,4.6111875
base,1,p315_013_mic1,p315,data\VCTK\wav48_silence_trimmed\p315\p315_013_mic1.flac,p339,0,1,0.3144826889038086,0.2654420733451843,0.3144826889038086,-0.04904061555862427,4.6111875
base,2,p315_013_mic1,p315,data\VCTK\wav48_silence_trimmed\p315\p315_013_mic1.flac,p315,1,1,0.4396398067474365,0.4396398067474365,0.2779156267642975,0.16172417998313904,4.6111875
base,3,p315_013_mic1,p315,data\VCTK\wav48_silence_trimmed\p315\p315_013_mic1.flac,p315,1,1,0.4522876739501953,0.4522876739501953,0.28905391693115234,0.16323375701904297,4.6111875
lca,1,p315_013_mic1,p315,data\VCTK\wav48_silence_trimmed\p315\p315_013_mic1.flac,p233,0,1,0.2842447757720947,0.24294044077396393,0.2842447757720947,-0.0413043349981308,4.6111875
lca,2,p315_013_mic1,p315,data\VCTK\wav48_silence_trimmed\p315\p315_013_mic1.flac,p315,1,1,0.3522298336029053,0.3522298336029053,0.3464387059211731,0.005791127681732178,4.6111875
lca,3,p315_013_mic1,p315,data\VCTK\wav48_silence_trimmed\p315\p315_013_mic1.flac,p315,1,1,0.39186733961105347,0.39186733961105347,0.3466746211051941,0.045192718505859375,4.6111875
original,0,p315_149_mic1,p315,data\VCTK\wav48_silence_trimmed\p315\p315_149_mic1.flac,p315,1,1,0.6622099876403809,0.6622099876403809,0.4524151682853699,0.209794819355011,2.635
base,1,p315_149_mic1,p315,data\VCTK\wav48_silence_trimmed\p315\p315_149_mic1.flac,p360,0,1,0.2906786799430847,0.14724361896514893,0.2906786799430847,-0.1434350609779358,2.635
base,2,p315_149_mic1,p315,data\VCTK\wav48_silence_trimmed\p315\p315_149_mic1.flac,p261,0,1,0.34161555767059326,0.30420854687690735,0.34161555767059326,-0.03740701079368591,2.635
base,3,p315_149_mic1,p315,data\VCTK\wav48_silence_trimmed\p315\p315_149_mic1.flac,p315,1,1,0.3526933193206787,0.3526933193206787,0.34425294399261475,0.008440375328063965,2.635
lca,1,p315_149_mic1,p315,data\VCTK\wav48_silence_trimmed\p315\p315_149_mic1.flac,p281,0,1,0.27238768339157104,0.1153901070356369,0.27238768339157104,-0.15699757635593414,2.635
lca,2,p315_149_mic1,p315,data\VCTK\wav48_silence_trimmed\p315\p315_149_mic1.flac,p315,1,1,0.29745012521743774,0.29745012521743774,0.29292353987693787,0.004526585340499878,2.635
lca,3,p315_149_mic1,p315,data\VCTK\wav48_silence_trimmed\p315\p315_149_mic1.flac,p315,1,1,0.3195532560348511,0.3195532560348511,0.2906957268714905,0.028857529163360596,2.635
original,0,p315_257_mic1,p315,data\VCTK\wav48_silence_trimmed\p315\p315_257_mic1.flac,p315,1,1,0.7324367165565491,0.7324367165565491,0.3090302348136902,0.4234064817428589,3.99075
base,1,p315_257_mic1,p315,data\VCTK\wav48_silence_trimmed\p315\p315_257_mic1.flac,p232,0,1,0.2916582226753235,0.25605177879333496,0.2916582226753235,-0.035606443881988525,3.99075
base,2,p315_257_mic1,p315,data\VCTK\wav48_silence_trimmed\p315\p315_257_mic1.flac,p315,1,1,0.37906965613365173,0.37906965613365173,0.2975040674209595,0.08156558871269226,3.99075
base,3,p315_257_mic1,p315,data\VCTK\wav48_silence_trimmed\p315\p315_257_mic1.flac,p315,1,1,0.425132691860199,0.425132691860199,0.2729201018810272,0.15221258997917175,3.99075
lca,1,p315_257_mic1,p315,data\VCTK\wav48_silence_trimmed\p315\p315_257_mic1.flac,p313,0,1,0.32156509160995483,0.13480547070503235,0.32156509160995483,-0.18675962090492249,3.99075
lca,2,p315_257_mic1,p315,data\VCTK\wav48_silence_trimmed\p315\p315_257_mic1.flac,p315,1,1,0.2995072603225708,0.2995072603225708,0.27905893325805664,0.02044832706451416,3.99075
lca,3,p315_257_mic1,p315,data\VCTK\wav48_silence_trimmed\p315\p315_257_mic1.flac,p315,1,1,0.40392863750457764,0.40392863750457764,0.2678137421607971,0.13611489534378052,3.99075
original,0,p315_266_mic1,p315,data\VCTK\wav48_silence_trimmed\p315\p315_266_mic1.flac,p315,1,1,0.7180547118186951,0.7180547118186951,0.3605491518974304,0.35750555992126465,2.65025
base,1,p315_266_mic1,p315,data\VCTK\wav48_silence_trimmed\p315\p315_266_mic1.flac,p313,0,1,0.27307724952697754,0.26556825637817383,0.27307724952697754,-0.007508993148803711,2.65025
base,2,p315_266_mic1,p315,data\VCTK\wav48_silence_trimmed\p315\p315_266_mic1.flac,p315,1,1,0.3149804472923279,0.3149804472923279,0.2894860506057739,0.025494396686553955,2.65025
base,3,p315_266_mic1,p315,data\VCTK\wav48_silence_trimmed\p315\p315_266_mic1.flac,p315,1,1,0.302163690328598,0.302163690328598,0.2842569053173065,0.017906785011291504,2.65025
lca,1,p315_266_mic1,p315,data\VCTK\wav48_silence_trimmed\p315\p315_266_mic1.flac,p313,0,1,0.29297930002212524,0.1884017437696457,0.29297930002212524,-0.10457755625247955,2.65025
lca,2,p315_266_mic1,p315,data\VCTK\wav48_silence_trimmed\p315\p315_266_mic1.flac,p233,0,1,0.29658907651901245,0.26785215735435486,0.29658907651901245,-0.028736919164657593,2.65025
lca,3,p315_266_mic1,p315,data\VCTK\wav48_silence_trimmed\p315\p315_266_mic1.flac,p313,0,1,0.370126873254776,0.29604819416999817,0.370126873254776,-0.07407867908477783,2.65025
original,0,p315_366_mic1,p315,data\VCTK\wav48_silence_trimmed\p315\p315_366_mic1.flac,p315,1,1,0.5835468769073486,0.5835468769073486,0.37333381175994873,0.2102130651473999,2.6489375
base,1,p315_366_mic1,p315,data\VCTK\wav48_silence_trimmed\p315\p315_366_mic1.flac,p285,0,1,0.29913216829299927,0.24112792313098907,0.29913216829299927,-0.05800424516201019,2.6489375
base,2,p315_366_mic1,p315,data\VCTK\wav48_silence_trimmed\p315\p315_366_mic1.flac,p374,0,1,0.3436123728752136,0.24772730469703674,0.3436123728752136,-0.09588506817817688,2.6489375
base,3,p315_366_mic1,p315,data\VCTK\wav48_silence_trimmed\p315\p315_366_mic1.flac,p259,0,1,0.3657560348510742,0.24191221594810486,0.3657560348510742,-0.12384381890296936,2.6489375
lca,1,p315_366_mic1,p315,data\VCTK\wav48_silence_trimmed\p315\p315_366_mic1.flac,p347,0,1,0.3180201053619385,0.17276689410209656,0.3180201053619385,-0.14525321125984192,2.6489375
lca,2,p315_366_mic1,p315,data\VCTK\wav48_silence_trimmed\p315\p315_366_mic1.flac,p281,0,1,0.3743296265602112,0.2875833809375763,0.3743296265602112,-0.08674624562263489,2.6489375
lca,3,p315_366_mic1,p315,data\VCTK\wav48_silence_trimmed\p315\p315_366_mic1.flac,p347,0,1,0.35939544439315796,0.284432590007782,0.35939544439315796,-0.07496285438537598,2.6489375
original,0,p316_051_mic2,p316,data\VCTK\wav48_silence_trimmed\p316\p316_051_mic2.flac,p316,1,1,0.7049585580825806,0.7049585580825806,0.3937886655330658,0.31116989254951477,3.5430625
base,1,p316_051_mic2,p316,data\VCTK\wav48_silence_trimmed\p316\p316_051_mic2.flac,p316,1,1,0.313826322555542,0.313826322555542,0.26783713698387146,0.04598918557167053,3.5430625
base,2,p316_051_mic2,p316,data\VCTK\wav48_silence_trimmed\p316\p316_051_mic2.flac,p316,1,1,0.37210243940353394,0.37210243940353394,0.3302040696144104,0.041898369789123535,3.5430625
base,3,p316_051_mic2,p316,data\VCTK\wav48_silence_trimmed\p316\p316_051_mic2.flac,p316,1,1,0.46834468841552734,0.46834468841552734,0.37381529808044434,0.09452939033508301,3.5430625
lca,1,p316_051_mic2,p316,data\VCTK\wav48_silence_trimmed\p316\p316_051_mic2.flac,p316,1,1,0.27676188945770264,0.27676188945770264,0.26882344484329224,0.0079384446144104,3.5430625
lca,2,p316_051_mic2,p316,data\VCTK\wav48_silence_trimmed\p316\p316_051_mic2.flac,p316,1,1,0.3142990469932556,0.3142990469932556,0.294175922870636,0.02012312412261963,3.5430625
lca,3,p316_051_mic2,p316,data\VCTK\wav48_silence_trimmed\p316\p316_051_mic2.flac,p316,1,1,0.3945263624191284,0.3945263624191284,0.2896939814090729,0.10483238101005554,3.5430625
original,0,p316_119_mic2,p316,data\VCTK\wav48_silence_trimmed\p316\p316_119_mic2.flac,p316,1,1,0.6522586941719055,0.6522586941719055,0.3785056471824646,0.2737530469894409,2.87375
base,1,p316_119_mic2,p316,data\VCTK\wav48_silence_trimmed\p316\p316_119_mic2.flac,p360,0,1,0.2863580286502838,0.27975594997406006,0.2863580286502838,-0.006602078676223755,2.87375
base,2,p316_119_mic2,p316,data\VCTK\wav48_silence_trimmed\p316\p316_119_mic2.flac,p364,0,1,0.2901155948638916,0.23242589831352234,0.2901155948638916,-0.05768969655036926,2.87375
base,3,p316_119_mic2,p316,data\VCTK\wav48_silence_trimmed\p316\p316_119_mic2.flac,p316,1,1,0.3045053482055664,0.3045053482055664,0.28161296248435974,0.022892385721206665,2.87375
lca,1,p316_119_mic2,p316,data\VCTK\wav48_silence_trimmed\p316\p316_119_mic2.flac,p281,0,1,0.298391193151474,0.23729878664016724,0.298391193151474,-0.06109240651130676,2.87375
lca,2,p316_119_mic2,p316,data\VCTK\wav48_silence_trimmed\p316\p316_119_mic2.flac,p281,0,1,0.323276162147522,0.24867749214172363,0.323276162147522,-0.07459867000579834,2.87375
lca,3,p316_119_mic2,p316,data\VCTK\wav48_silence_trimmed\p316\p316_119_mic2.flac,p281,0,1,0.3160758912563324,0.24535995721817017,0.3160758912563324,-0.07071593403816223,2.87375
original,0,p316_148_mic2,p316,data\VCTK\wav48_silence_trimmed\p316\p316_148_mic2.flac,p316,1,1,0.7220603823661804,0.7220603823661804,0.39085695147514343,0.331203430891037,2.9388125
base,1,p316_148_mic2,p316,data\VCTK\wav48_silence_trimmed\p316\p316_148_mic2.flac,p316,1,1,0.2931176424026489,0.2931176424026489,0.25191062688827515,0.04120701551437378,2.9388125
base,2,p316_148_mic2,p316,data\VCTK\wav48_silence_trimmed\p316\p316_148_mic2.flac,p292,0,1,0.33029431104660034,0.2916377782821655,0.33029431104660034,-0.038656532764434814,2.9388125
base,3,p316_148_mic2,p316,data\VCTK\wav48_silence_trimmed\p316\p316_148_mic2.flac,p298,0,1,0.29012513160705566,0.27475035190582275,0.29012513160705566,-0.01537477970123291,2.9388125
lca,1,p316_148_mic2,p316,data\VCTK\wav48_silence_trimmed\p316\p316_148_mic2.flac,p281,0,1,0.27680084109306335,0.1220407485961914,0.27680084109306335,-0.15476009249687195,2.9388125
lca,2,p316_148_mic2,p316,data\VCTK\wav48_silence_trimmed\p316\p316_148_mic2.flac,p316,1,1,0.2841194272041321,0.2841194272041321,0.27577996253967285,0.008339464664459229,2.9388125
lca,3,p316_148_mic2,p316,data\VCTK\wav48_silence_trimmed\p316\p316_148_mic2.flac,p316,1,1,0.32738053798675537,0.32738053798675537,0.32555657625198364,0.0018239617347717285,2.9388125
original,0,p316_161_mic1,p316,data\VCTK\wav48_silence_trimmed\p316\p316_161_mic1.flac,p316,1,1,0.7081403732299805,0.7081403732299805,0.3966497480869293,0.31149062514305115,4.031875
base,1,p316_161_mic1,p316,data\VCTK\wav48_silence_trimmed\p316\p316_161_mic1.flac,p316,1,1,0.35375088453292847,0.35375088453292847,0.2924475371837616,0.06130334734916687,4.031875
base,2,p316_161_mic1,p316,data\VCTK\wav48_silence_trimmed\p316\p316_161_mic1.flac,p302,0,1,0.33447378873825073,0.33228009939193726,0.33447378873825073,-0.0021936893463134766,4.031875
base,3,p316_161_mic1,p316,data\VCTK\wav48_silence_trimmed\p316\p316_161_mic1.flac,p316,1,1,0.40364381670951843,0.40364381670951843,0.34687647223472595,0.05676734447479248,4.031875
lca,1,p316_161_mic1,p316,data\VCTK\wav48_silence_trimmed\p316\p316_161_mic1.flac,p364,0,1,0.35609933733940125,0.21249331533908844,0.35609933733940125,-0.1436060220003128,4.031875
lca,2,p316_161_mic1,p316,data\VCTK\wav48_silence_trimmed\p316\p316_161_mic1.flac,p364,0,1,0.39422574639320374,0.2744554877281189,0.39422574639320374,-0.11977025866508484,4.031875
lca,3,p316_161_mic1,p316,data\VCTK\wav48_silence_trimmed\p316\p316_161_mic1.flac,p364,0,1,0.40507081151008606,0.2666899561882019,0.40507081151008606,-0.13838085532188416,4.031875
original,0,p316_370_mic2,p316,data\VCTK\wav48_silence_trimmed\p316\p316_370_mic2.flac,p316,1,1,0.6643924713134766,0.6643924713134766,0.34403157234191895,0.3203608989715576,3.094875
base,1,p316_370_mic2,p316,data\VCTK\wav48_silence_trimmed\p316\p316_370_mic2.flac,p316,1,1,0.4672882556915283,0.4672882556915283,0.34932616353034973,0.11796209216117859,3.094875
base,2,p316_370_mic2,p316,data\VCTK\wav48_silence_trimmed\p316\p316_370_mic2.flac,p364,0,1,0.3446298837661743,0.3237518072128296,0.3446298837661743,-0.020878076553344727,3.094875
base,3,p316_370_mic2,p316,data\VCTK\wav48_silence_trimmed\p316\p316_370_mic2.flac,p298,0,1,0.43386077880859375,0.2701165974140167,0.43386077880859375,-0.16374418139457703,3.094875
lca,1,p316_370_mic2,p316,data\VCTK\wav48_silence_trimmed\p316\p316_370_mic2.flac,p316,1,1,0.30696845054626465,0.30696845054626465,0.259556382894516,0.04741206765174866,3.094875
lca,2,p316_370_mic2,p316,data\VCTK\wav48_silence_trimmed\p316\p316_370_mic2.flac,p302,0,1,0.3500627279281616,0.25303056836128235,0.3500627279281616,-0.09703215956687927,3.094875
lca,3,p316_370_mic2,p316,data\VCTK\wav48_silence_trimmed\p316\p316_370_mic2.flac,p302,0,1,0.372146874666214,0.27377647161483765,0.372146874666214,-0.09837040305137634,3.094875
original,0,p317_018_mic1,p317,data\VCTK\wav48_silence_trimmed\p317\p317_018_mic1.flac,p317,1,1,0.8814751505851746,0.8814751505851746,0.4316079020500183,0.44986724853515625,5.709625
base,1,p317_018_mic1,p317,data\VCTK\wav48_silence_trimmed\p317\p317_018_mic1.flac,p305,0,1,0.38892972469329834,0.19819998741149902,0.38892972469329834,-0.19072973728179932,5.709625
base,2,p317_018_mic1,p317,data\VCTK\wav48_silence_trimmed\p317\p317_018_mic1.flac,p317,1,1,0.5008033514022827,0.5008033514022827,0.41101276874542236,0.08979058265686035,5.709625
base,3,p317_018_mic1,p317,data\VCTK\wav48_silence_trimmed\p317\p317_018_mic1.flac,p317,1,1,0.5549423694610596,0.5549423694610596,0.43034666776657104,0.12459570169448853,5.709625
lca,1,p317_018_mic1,p317,data\VCTK\wav48_silence_trimmed\p317\p317_018_mic1.flac,p339,0,1,0.3821420967578888,0.30911144614219666,0.3821420967578888,-0.07303065061569214,5.709625
lca,2,p317_018_mic1,p317,data\VCTK\wav48_silence_trimmed\p317\p317_018_mic1.flac,p340,0,1,0.4989630877971649,0.45961713790893555,0.4989630877971649,-0.03934594988822937,5.709625
lca,3,p317_018_mic1,p317,data\VCTK\wav48_silence_trimmed\p317\p317_018_mic1.flac,p340,0,1,0.4964655041694641,0.4885992407798767,0.4964655041694641,-0.007866263389587402,5.709625
original,0,p317_036_mic1,p317,data\VCTK\wav48_silence_trimmed\p317\p317_036_mic1.flac,p317,1,1,0.8193408846855164,0.8193408846855164,0.500235915184021,0.31910496950149536,2.7751875
base,1,p317_036_mic1,p317,data\VCTK\wav48_silence_trimmed\p317\p317_036_mic1.flac,p330,0,1,0.3896511197090149,0.20152464509010315,0.3896511197090149,-0.18812647461891174,2.7751875
base,2,p317_036_mic1,p317,data\VCTK\wav48_silence_trimmed\p317\p317_036_mic1.flac,p317,1,1,0.52229243516922,0.52229243516922,0.3922397494316101,0.13005268573760986,2.7751875
base,3,p317_036_mic1,p317,data\VCTK\wav48_silence_trimmed\p317\p317_036_mic1.flac,p317,1,1,0.5892564058303833,0.5892564058303833,0.42823153734207153,0.16102486848831177,2.7751875
lca,1,p317_036_mic1,p317,data\VCTK\wav48_silence_trimmed\p317\p317_036_mic1.flac,p262,0,1,0.33762216567993164,0.1729630082845688,0.33762216567993164,-0.16465915739536285,2.7751875
lca,2,p317_036_mic1,p317,data\VCTK\wav48_silence_trimmed\p317\p317_036_mic1.flac,p340,0,1,0.4581010043621063,0.34926193952560425,0.4581010043621063,-0.10883906483650208,2.7751875
lca,3,p317_036_mic1,p317,data\VCTK\wav48_silence_trimmed\p317\p317_036_mic1.flac,p250,0,1,0.4816555678844452,0.3361150622367859,0.4816555678844452,-0.1455405056476593,2.7751875
original,0,p317_176_mic2,p317,data\VCTK\wav48_silence_trimmed\p317\p317_176_mic2.flac,p317,1,1,0.8231344819068909,0.8231344819068909,0.5051870346069336,0.3179474472999573,2.900875
base,1,p317_176_mic2,p317,data\VCTK\wav48_silence_trimmed\p317\p317_176_mic2.flac,p248,0,1,0.29644858837127686,0.014071721583604813,0.29644858837127686,-0.28237686678767204,2.900875
base,2,p317_176_mic2,p317,data\VCTK\wav48_silence_trimmed\p317\p317_176_mic2.flac,p339,0,1,0.3876405954360962,0.3378695547580719,0.3876405954360962,-0.04977104067802429,2.900875
base,3,p317_176_mic2,p317,data\VCTK\wav48_silence_trimmed\p317\p317_176_mic2.flac,p317,1,1,0.45610788464546204,0.45610788464546204,0.42976734042167664,0.0263405442237854,2.900875
lca,1,p317_176_mic2,p317,data\VCTK\wav48_silence_trimmed\p317\p317_176_mic2.flac,p280,0,1,0.3403698801994324,0.11349684745073318,0.3403698801994324,-0.2268730327486992,2.900875
lca,2,p317_176_mic2,p317,data\VCTK\wav48_silence_trimmed\p317\p317_176_mic2.flac,p339,0,1,0.4191829562187195,0.31758227944374084,0.4191829562187195,-0.10160067677497864,2.900875
lca,3,p317_176_mic2,p317,data\VCTK\wav48_silence_trimmed\p317\p317_176_mic2.flac,p340,0,1,0.4264748692512512,0.339800089597702,0.4264748692512512,-0.0866747796535492,2.900875
original,0,p317_263_mic1,p317,data\VCTK\wav48_silence_trimmed\p317\p317_263_mic1.flac,p317,1,1,0.7571325302124023,0.7571325302124023,0.3972509801387787,0.35988155007362366,3.2246875
base,1,p317_263_mic1,p317,data\VCTK\wav48_silence_trimmed\p317\p317_263_mic1.flac,p330,0,1,0.4128350615501404,0.1629028022289276,0.4128350615501404,-0.24993225932121277,3.2246875
base,2,p317_263_mic1,p317,data\VCTK\wav48_silence_trimmed\p317\p317_263_mic1.flac,p340,0,1,0.47979217767715454,0.4516910910606384,0.47979217767715454,-0.028101086616516113,3.2246875
base,3,p317_263_mic1,p317,data\VCTK\wav48_silence_trimmed\p317\p317_263_mic1.flac,p317,1,1,0.516387939453125,0.516387939453125,0.49999409914016724,0.016393840312957764,3.2246875
lca,1,p317_263_mic1,p317,data\VCTK\wav48_silence_trimmed\p317\p317_263_mic1.flac,p339,0,1,0.38351157307624817,0.21741646528244019,0.38351157307624817,-0.16609510779380798,3.2246875
lca,2,p317_263_mic1,p317,data\VCTK\wav48_silence_trimmed\p317\p317_263_mic1.flac,p340,0,1,0.44050413370132446,0.3562963306903839,0.44050413370132446,-0.08420780301094055,3.2246875
lca,3,p317_263_mic1,p317,data\VCTK\wav48_silence_trimmed\p317\p317_263_mic1.flac,p340,0,1,0.4361940622329712,0.3980529308319092,0.4361940622329712,-0.03814113140106201,3.2246875
original,0,p317_336_mic2,p317,data\VCTK\wav48_silence_trimmed\p317\p317_336_mic2.flac,p317,1,1,0.7662674784660339,0.7662674784660339,0.4952313005924225,0.27103617787361145,2.8645625
base,1,p317_336_mic2,p317,data\VCTK\wav48_silence_trimmed\p317\p317_336_mic2.flac,p339,0,1,0.32691097259521484,0.0980314314365387,0.32691097259521484,-0.22887954115867615,2.8645625
base,2,p317_336_mic2,p317,data\VCTK\wav48_silence_trimmed\p317\p317_336_mic2.flac,p339,0,1,0.41295865178108215,0.37489640712738037,0.41295865178108215,-0.03806224465370178,2.8645625
base,3,p317_336_mic2,p317,data\VCTK\wav48_silence_trimmed\p317\p317_336_mic2.flac,p317,1,1,0.4716549813747406,0.4716549813747406,0.41340306401252747,0.058251917362213135,2.8645625
lca,1,p317_336_mic2,p317,data\VCTK\wav48_silence_trimmed\p317\p317_336_mic2.flac,p314,0,1,0.37540775537490845,0.159038707613945,0.37540775537490845,-0.21636904776096344,2.8645625
lca,2,p317_336_mic2,p317,data\VCTK\wav48_silence_trimmed\p317\p317_336_mic2.flac,p340,0,1,0.4638080596923828,0.3710366189479828,0.4638080596923828,-0.09277144074440002,2.8645625
lca,3,p317_336_mic2,p317,data\VCTK\wav48_silence_trimmed\p317\p317_336_mic2.flac,p317,1,1,0.5121855735778809,0.5121855735778809,0.49077701568603516,0.021408557891845703,2.8645625
original,0,p318_020_mic1,p318,data\VCTK\wav48_silence_trimmed\p318\p318_020_mic1.flac,p318,1,1,0.7935991883277893,0.7935991883277893,0.4714115560054779,0.3221876323223114,4.5939375
base,1,p318_020_mic1,p318,data\VCTK\wav48_silence_trimmed\p318\p318_020_mic1.flac,p262,0,1,0.3890213072299957,0.28766509890556335,0.3890213072299957,-0.10135620832443237,4.5939375
base,2,p318_020_mic1,p318,data\VCTK\wav48_silence_trimmed\p318\p318_020_mic1.flac,p318,1,1,0.4237367510795593,0.4237367510795593,0.3385707139968872,0.08516603708267212,4.5939375
base,3,p318_020_mic1,p318,data\VCTK\wav48_silence_trimmed\p318\p318_020_mic1.flac,p318,1,1,0.4656505286693573,0.4656505286693573,0.34346747398376465,0.12218305468559265,4.5939375
lca,1,p318_020_mic1,p318,data\VCTK\wav48_silence_trimmed\p318\p318_020_mic1.flac,p339,0,1,0.396417498588562,0.15877950191497803,0.396417498588562,-0.23763799667358398,4.5939375
lca,2,p318_020_mic1,p318,data\VCTK\wav48_silence_trimmed\p318\p318_020_mic1.flac,p339,0,1,0.40122494101524353,0.31003689765930176,0.40122494101524353,-0.09118804335594177,4.5939375
lca,3,p318_020_mic1,p318,data\VCTK\wav48_silence_trimmed\p318\p318_020_mic1.flac,p340,0,1,0.3951517343521118,0.3279682993888855,0.3951517343521118,-0.06718343496322632,4.5939375
original,0,p318_153_mic2,p318,data\VCTK\wav48_silence_trimmed\p318\p318_153_mic2.flac,p318,1,1,0.8131970763206482,0.8131970763206482,0.43918681144714355,0.37401026487350464,3.503
base,1,p318_153_mic2,p318,data\VCTK\wav48_silence_trimmed\p318\p318_153_mic2.flac,p269,0,1,0.3473818302154541,0.24168838560581207,0.3473818302154541,-0.10569344460964203,3.503
base,2,p318_153_mic2,p318,data\VCTK\wav48_silence_trimmed\p318\p318_153_mic2.flac,p306,0,1,0.37755975127220154,0.36108726263046265,0.37755975127220154,-0.01647248864173889,3.503
base,3,p318_153_mic2,p318,data\VCTK\wav48_silence_trimmed\p318\p318_153_mic2.flac,p318,1,1,0.4725228548049927,0.4725228548049927,0.37617889046669006,0.09634396433830261,3.503
lca,1,p318_153_mic2,p318,data\VCTK\wav48_silence_trimmed\p318\p318_153_mic2.flac,p314,0,1,0.4046628177165985,0.09952062368392944,0.4046628177165985,-0.30514219403266907,3.503
lca,2,p318_153_mic2,p318,data\VCTK\wav48_silence_trimmed\p318\p318_153_mic2.flac,p314,0,1,0.39454054832458496,0.2195674479007721,0.39454054832458496,-0.17497310042381287,3.503
lca,3,p318_153_mic2,p318,data\VCTK\wav48_silence_trimmed\p318\p318_153_mic2.flac,p262,0,1,0.4053151309490204,0.27840787172317505,0.4053151309490204,-0.12690725922584534,3.503
original,0,p318_241_mic2,p318,data\VCTK\wav48_silence_trimmed\p318\p318_241_mic2.flac,p318,1,1,0.7658044099807739,0.7658044099807739,0.4935709238052368,0.2722334861755371,4.14025
base,1,p318_241_mic2,p318,data\VCTK\wav48_silence_trimmed\p318\p318_241_mic2.flac,p262,0,1,0.38898569345474243,0.32969725131988525,0.38898569345474243,-0.05928844213485718,4.14025
base,2,p318_241_mic2,p318,data\VCTK\wav48_silence_trimmed\p318\p318_241_mic2.flac,p318,1,1,0.49187687039375305,0.49187687039375305,0.39214855432510376,0.09972831606864929,4.14025
base,3,p318_241_mic2,p318,data\VCTK\wav48_silence_trimmed\p318\p318_241_mic2.flac,p318,1,1,0.4945567548274994,0.4945567548274994,0.4462360143661499,0.04832074046134949,4.14025
lca,1,p318_241_mic2,p318,data\VCTK\wav48_silence_trimmed\p318\p318_241_mic2.flac,p262,0,1,0.40101200342178345,0.19190502166748047,0.40101200342178345,-0.20910698175430298,4.14025
lca,2,p318_241_mic2,p318,data\VCTK\wav48_silence_trimmed\p318\p318_241_mic2.flac,p339,0,1,0.47997400164604187,0.28842148184776306,0.47997400164604187,-0.1915525197982788,4.14025
lca,3,p318_241_mic2,p318,data\VCTK\wav48_silence_trimmed\p318\p318_241_mic2.flac,p339,0,1,0.48799556493759155,0.2888637185096741,0.48799556493759155,-0.19913184642791748,4.14025
original,0,p318_310_mic1,p318,data\VCTK\wav48_silence_trimmed\p318\p318_310_mic1.flac,p318,1,1,0.7297317981719971,0.7297317981719971,0.43993496894836426,0.2897968292236328,2.8206875
base,1,p318_310_mic1,p318,data\VCTK\wav48_silence_trimmed\p318\p318_310_mic1.flac,p280,0,1,0.27165931463241577,0.1728023737668991,0.27165931463241577,-0.09885694086551666,2.8206875
base,2,p318_310_mic1,p318,data\VCTK\wav48_silence_trimmed\p318\p318_310_mic1.flac,p301,0,1,0.35383009910583496,0.32137253880500793,0.35383009910583496,-0.032457560300827026,2.8206875
base,3,p318_310_mic1,p318,data\VCTK\wav48_silence_trimmed\p318\p318_310_mic1.flac,p301,0,1,0.3741133511066437,0.33605948090553284,0.3741133511066437,-0.03805387020111084,2.8206875
lca,1,p318_310_mic1,p318,data\VCTK\wav48_silence_trimmed\p318\p318_310_mic1.flac,p262,0,1,0.3358722925186157,0.08577301353216171,0.3358722925186157,-0.250099278986454,2.8206875
lca,2,p318_310_mic1,p318,data\VCTK\wav48_silence_trimmed\p318\p318_310_mic1.flac,p262,0,1,0.34530848264694214,0.19665047526359558,0.34530848264694214,-0.14865800738334656,2.8206875
lca,3,p318_310_mic1,p318,data\VCTK\wav48_silence_trimmed\p318\p318_310_mic1.flac,p280,0,1,0.3660215735435486,0.17228299379348755,0.3660215735435486,-0.19373857975006104,2.8206875
original,0,p318_379_mic1,p318,data\VCTK\wav48_silence_trimmed\p318\p318_379_mic1.flac,p318,1,1,0.79506516456604,0.79506516456604,0.4178120493888855,0.37725311517715454,3.0296875
base,1,p318_379_mic1,p318,data\VCTK\wav48_silence_trimmed\p318\p318_379_mic1.flac,p262,0,1,0.40206748247146606,0.2833635210990906,0.40206748247146606,-0.11870396137237549,3.0296875
base,2,p318_379_mic1,p318,data\VCTK\wav48_silence_trimmed\p318\p318_379_mic1.flac,p318,1,1,0.4842792749404907,0.4842792749404907,0.4315195381641388,0.05275973677635193,3.0296875
base,3,p318_379_mic1,p318,data\VCTK\wav48_silence_trimmed\p318\p318_379_mic1.flac,p318,1,1,0.45561903715133667,0.45561903715133667,0.38873571157455444,0.06688332557678223,3.0296875
lca,1,p318_379_mic1,p318,data\VCTK\wav48_silence_trimmed\p318\p318_379_mic1.flac,p262,0,1,0.39051705598831177,0.15087071061134338,0.39051705598831177,-0.23964634537696838,3.0296875
lca,2,p318_379_mic1,p318,data\VCTK\wav48_silence_trimmed\p318\p318_379_mic1.flac,p262,0,1,0.45289573073387146,0.2393747717142105,0.45289573073387146,-0.21352095901966095,3.0296875
lca,3,p318_379_mic1,p318,data\VCTK\wav48_silence_trimmed\p318\p318_379_mic1.flac,p314,0,1,0.39506685733795166,0.2938976287841797,0.39506685733795166,-0.10116922855377197,3.0296875
original,0,p323_091_mic2,p323,data\VCTK\wav48_silence_trimmed\p323\p323_091_mic2.flac,p323,1,1,0.4562530517578125,0.4562530517578125,0.4137352705001831,0.042517781257629395,4.271375
base,1,p323_091_mic2,p323,data\VCTK\wav48_silence_trimmed\p323\p323_091_mic2.flac,p233,0,1,0.321378618478775,0.15770718455314636,0.321378618478775,-0.16367143392562866,4.271375
base,2,p323_091_mic2,p323,data\VCTK\wav48_silence_trimmed\p323\p323_091_mic2.flac,p250,0,1,0.43090254068374634,0.28407883644104004,0.43090254068374634,-0.1468237042427063,4.271375
base,3,p323_091_mic2,p323,data\VCTK\wav48_silence_trimmed\p323\p323_091_mic2.flac,p250,0,1,0.5312067866325378,0.3047025501728058,0.5312067866325378,-0.22650423645973206,4.271375
lca,1,p323_091_mic2,p323,data\VCTK\wav48_silence_trimmed\p323\p323_091_mic2.flac,p281,0,1,0.3573658764362335,0.10279123485088348,0.3573658764362335,-0.25457464158535004,4.271375
lca,2,p323_091_mic2,p323,data\VCTK\wav48_silence_trimmed\p323\p323_091_mic2.flac,p250,0,1,0.42953816056251526,0.24950763583183289,0.42953816056251526,-0.18003052473068237,4.271375
lca,3,p323_091_mic2,p323,data\VCTK\wav48_silence_trimmed\p323\p323_091_mic2.flac,p280,0,1,0.49737346172332764,0.3557378053665161,0.49737346172332764,-0.14163565635681152,4.271375
original,0,p323_092_mic2,p323,data\VCTK\wav48_silence_trimmed\p323\p323_092_mic2.flac,p323,1,1,0.631618857383728,0.631618857383728,0.48178863525390625,0.14983022212982178,2.3918125
base,1,p323_092_mic2,p323,data\VCTK\wav48_silence_trimmed\p323\p323_092_mic2.flac,p230,0,1,0.38669919967651367,0.11102814227342606,0.38669919967651367,-0.2756710574030876,2.3918125
base,2,p323_092_mic2,p323,data\VCTK\wav48_silence_trimmed\p323\p323_092_mic2.flac,p262,0,1,0.4158678650856018,0.14231927692890167,0.4158678650856018,-0.27354858815670013,2.3918125
base,3,p323_092_mic2,p323,data\VCTK\wav48_silence_trimmed\p323\p323_092_mic2.flac,p340,0,1,0.4885874390602112,0.2441961169242859,0.4885874390602112,-0.2443913221359253,2.3918125
lca,1,p323_092_mic2,p323,data\VCTK\wav48_silence_trimmed\p323\p323_092_mic2.flac,p264,0,1,0.3282882571220398,0.0682891234755516,0.3282882571220398,-0.2599991336464882,2.3918125
lca,2,p323_092_mic2,p323,data\VCTK\wav48_silence_trimmed\p323\p323_092_mic2.flac,p340,0,1,0.416225790977478,0.21981020271778107,0.416225790977478,-0.19641558825969696,2.3918125
lca,3,p323_092_mic2,p323,data\VCTK\wav48_silence_trimmed\p323\p323_092_mic2.flac,p340,0,1,0.4567261338233948,0.2951182723045349,0.4567261338233948,-0.16160786151885986,2.3918125
original,0,p323_182_mic1,p323,data\VCTK\wav48_silence_trimmed\p323\p323_182_mic1.flac,p323,1,1,0.6552573442459106,0.6552573442459106,0.441067636013031,0.21418970823287964,3.7158125
base,1,p323_182_mic1,p323,data\VCTK\wav48_silence_trimmed\p323\p323_182_mic1.flac,p249,0,1,0.38621920347213745,0.1600000411272049,0.38621920347213745,-0.22621916234493256,3.7158125
base,2,p323_182_mic1,p323,data\VCTK\wav48_silence_trimmed\p323\p323_182_mic1.flac,p314,0,1,0.44955718517303467,0.27860739827156067,0.44955718517303467,-0.170949786901474,3.7158125
base,3,p323_182_mic1,p323,data\VCTK\wav48_silence_trimmed\p323\p323_182_mic1.flac,p339,0,1,0.4613949656486511,0.4311997592449188,0.4613949656486511,-0.0301952064037323,3.7158125
lca,1,p323_182_mic1,p323,data\VCTK\wav48_silence_trimmed\p323\p323_182_mic1.flac,p306,0,1,0.35320359468460083,0.13199670612812042,0.35320359468460083,-0.2212068885564804,3.7158125
lca,2,p323_182_mic1,p323,data\VCTK\wav48_silence_trimmed\p323\p323_182_mic1.flac,p314,0,1,0.4980567693710327,0.34810301661491394,0.4980567693710327,-0.14995375275611877,3.7158125
lca,3,p323_182_mic1,p323,data\VCTK\wav48_silence_trimmed\p323\p323_182_mic1.flac,p299,0,1,0.4854314625263214,0.39608216285705566,0.4854314625263214,-0.08934929966926575,3.7158125
original,0,p323_371_mic2,p323,data\VCTK\wav48_silence_trimmed\p323\p323_371_mic2.flac,p323,1,1,0.6182993650436401,0.6182993650436401,0.5015997886657715,0.11669957637786865,4.5656875
base,1,p323_371_mic2,p323,data\VCTK\wav48_silence_trimmed\p323\p323_371_mic2.flac,p280,0,1,0.37749865651130676,0.1448056995868683,0.37749865651130676,-0.23269295692443848,4.5656875
base,2,p323_371_mic2,p323,data\VCTK\wav48_silence_trimmed\p323\p323_371_mic2.flac,p340,0,1,0.4592049717903137,0.3065706491470337,0.4592049717903137,-0.15263432264328003,4.5656875
base,3,p323_371_mic2,p323,data\VCTK\wav48_silence_trimmed\p323\p323_371_mic2.flac,p340,0,1,0.4980974793434143,0.33676213026046753,0.4980974793434143,-0.16133534908294678,4.5656875
lca,1,p323_371_mic2,p323,data\VCTK\wav48_silence_trimmed\p323\p323_371_mic2.flac,p339,0,1,0.38657453656196594,0.19264081120491028,0.38657453656196594,-0.19393372535705566,4.5656875
lca,2,p323_371_mic2,p323,data\VCTK\wav48_silence_trimmed\p323\p323_371_mic2.flac,p262,0,1,0.4394550025463104,0.2342943251132965,0.4394550025463104,-0.20516067743301392,4.5656875
lca,3,p323_371_mic2,p323,data\VCTK\wav48_silence_trimmed\p323\p323_371_mic2.flac,p280,0,1,0.49890145659446716,0.2750120162963867,0.49890145659446716,-0.22388944029808044,4.5656875
original,0,p323_416_mic2,p323,data\VCTK\wav48_silence_trimmed\p323\p323_416_mic2.flac,p323,1,1,0.5837864875793457,0.5837864875793457,0.36877772212028503,0.21500876545906067,2.8594375
base,1,p323_416_mic2,p323,data\VCTK\wav48_silence_trimmed\p323\p323_416_mic2.flac,p295,0,1,0.3601773977279663,0.004959016107022762,0.3601773977279663,-0.35521838162094355,2.8594375
base,2,p323_416_mic2,p323,data\VCTK\wav48_silence_trimmed\p323\p323_416_mic2.flac,p339,0,1,0.35354065895080566,0.08067384362220764,0.35354065895080566,-0.272866815328598,2.8594375
base,3,p323_416_mic2,p323,data\VCTK\wav48_silence_trimmed\p323\p323_416_mic2.flac,p339,0,1,0.3624146580696106,0.1626228392124176,0.3624146580696106,-0.199791818857193,2.8594375
lca,1,p323_416_mic2,p323,data\VCTK\wav48_silence_trimmed\p323\p323_416_mic2.flac,p301,0,1,0.2983056306838989,0.007438765838742256,0.2983056306838989,-0.29086686484515667,2.8594375
lca,2,p323_416_mic2,p323,data\VCTK\wav48_silence_trimmed\p323\p323_416_mic2.flac,p339,0,1,0.3214226961135864,0.08307431638240814,0.3214226961135864,-0.23834837973117828,2.8594375
lca,3,p323_416_mic2,p323,data\VCTK\wav48_silence_trimmed\p323\p323_416_mic2.flac,p339,0,1,0.3865587115287781,0.17266219854354858,0.3865587115287781,-0.2138965129852295,2.8594375
original,0,p326_083_mic2,p326,data\VCTK\wav48_silence_trimmed\p326\p326_083_mic2.flac,p326,1,1,0.8430079221725464,0.8430079221725464,0.360132098197937,0.4828758239746094,3.5011875
base,1,p326_083_mic2,p326,data\VCTK\wav48_silence_trimmed\p326\p326_083_mic2.flac,p374,0,1,0.2527726888656616,0.09694314748048782,0.2527726888656616,-0.1558295413851738,3.5011875
base,2,p326_083_mic2,p326,data\VCTK\wav48_silence_trimmed\p326\p326_083_mic2.flac,p347,0,1,0.45642009377479553,0.3594711422920227,0.45642009377479553,-0.09694895148277283,3.5011875
base,3,p326_083_mic2,p326,data\VCTK\wav48_silence_trimmed\p326\p326_083_mic2.flac,p347,0,1,0.4080839157104492,0.33191829919815063,0.4080839157104492,-0.07616561651229858,3.5011875
lca,1,p326_083_mic2,p326,data\VCTK\wav48_silence_trimmed\p326\p326_083_mic2.flac,p281,0,1,0.33340105414390564,0.12255175411701202,0.33340105414390564,-0.21084930002689362,3.5011875
lca,2,p326_083_mic2,p326,data\VCTK\wav48_silence_trimmed\p326\p326_083_mic2.flac,p364,0,1,0.3403104245662689,0.22966086864471436,0.3403104245662689,-0.11064955592155457,3.5011875
lca,3,p326_083_mic2,p326,data\VCTK\wav48_silence_trimmed\p326\p326_083_mic2.flac,p347,0,1,0.396066814661026,0.3061608672142029,0.396066814661026,-0.08990594744682312,3.5011875
original,0,p326_131_mic2,p326,data\VCTK\wav48_silence_trimmed\p326\p326_131_mic2.flac,p326,1,1,0.870734453201294,0.870734453201294,0.32899948954582214,0.5417349636554718,3.709375
base,1,p326_131_mic2,p326,data\VCTK\wav48_silence_trimmed\p326\p326_131_mic2.flac,p347,0,1,0.2869548201560974,0.16642054915428162,0.2869548201560974,-0.1205342710018158,3.709375
base,2,p326_131_mic2,p326,data\VCTK\wav48_silence_trimmed\p326\p326_131_mic2.flac,p347,0,1,0.44054850935935974,0.37989330291748047,0.44054850935935974,-0.06065520644187927,3.709375
base,3,p326_131_mic2,p326,data\VCTK\wav48_silence_trimmed\p326\p326_131_mic2.flac,p347,0,1,0.4293985366821289,0.3529566824436188,0.4293985366821289,-0.07644185423851013,3.709375
lca,1,p326_131_mic2,p326,data\VCTK\wav48_silence_trimmed\p326\p326_131_mic2.flac,p281,0,1,0.3770843744277954,0.09043318033218384,0.3770843744277954,-0.2866511940956116,3.709375
lca,2,p326_131_mic2,p326,data\VCTK\wav48_silence_trimmed\p326\p326_131_mic2.flac,p347,0,1,0.4154241681098938,0.24806922674179077,0.4154241681098938,-0.16735494136810303,3.709375
lca,3,p326_131_mic2,p326,data\VCTK\wav48_silence_trimmed\p326\p326_131_mic2.flac,p347,0,1,0.44940972328186035,0.27459707856178284,0.44940972328186035,-0.17481264472007751,3.709375
original,0,p326_273_mic1,p326,data\VCTK\wav48_silence_trimmed\p326\p326_273_mic1.flac,p326,1,1,0.8614314794540405,0.8614314794540405,0.32330143451690674,0.5381300449371338,4.182375
base,1,p326_273_mic1,p326,data\VCTK\wav48_silence_trimmed\p326\p326_273_mic1.flac,p326,1,1,0.279970645904541,0.279970645904541,0.24721993505954742,0.03275071084499359,4.182375
base,2,p326_273_mic1,p326,data\VCTK\wav48_silence_trimmed\p326\p326_273_mic1.flac,p326,1,1,0.5071803331375122,0.5071803331375122,0.32846352458000183,0.17871680855751038,4.182375
base,3,p326_273_mic1,p326,data\VCTK\wav48_silence_trimmed\p326\p326_273_mic1.flac,p326,1,1,0.5720378160476685,0.5720378160476685,0.34461936354637146,0.227418452501297,4.182375
lca,1,p326_273_mic1,p326,data\VCTK\wav48_silence_trimmed\p326\p326_273_mic1.flac,p281,0,1,0.30277299880981445,0.17406810820102692,0.30277299880981445,-0.12870489060878754,4.182375
lca,2,p326_273_mic1,p326,data\VCTK\wav48_silence_trimmed\p326\p326_273_mic1.flac,p326,1,1,0.34382063150405884,0.34382063150405884,0.2921377122402191,0.05168291926383972,4.182375
lca,3,p326_273_mic1,p326,data\VCTK\wav48_silence_trimmed\p326\p326_273_mic1.flac,p326,1,1,0.3991612195968628,0.3991612195968628,0.3275262713432312,0.07163494825363159,4.182375
original,0,p326_310_mic1,p326,data\VCTK\wav48_silence_trimmed\p326\p326_310_mic1.flac,p326,1,1,0.6810937523841858,0.6810937523841858,0.3426777124404907,0.33841603994369507,2.7829375
base,1,p326_310_mic1,p326,data\VCTK\wav48_silence_trimmed\p326\p326_310_mic1.flac,p374,0,0,0.24182696640491486,0.13773047924041748,0.24182696640491486,-0.10409648716449738,2.7829375
base,2,p326_310_mic1,p326,data\VCTK\wav48_silence_trimmed\p326\p326_310_mic1.flac,p347,0,1,0.35195931792259216,0.2767049968242645,0.35195931792259216,-0.07525432109832764,2.7829375
base,3,p326_310_mic1,p326,data\VCTK\wav48_silence_trimmed\p326\p326_310_mic1.flac,p347,0,1,0.33545100688934326,0.24346543848514557,0.33545100688934326,-0.09198556840419769,2.7829375
lca,1,p326_310_mic1,p326,data\VCTK\wav48_silence_trimmed\p326\p326_310_mic1.flac,p298,0,0,0.22347572445869446,0.1052095890045166,0.22347572445869446,-0.11826613545417786,2.7829375
lca,2,p326_310_mic1,p326,data\VCTK\wav48_silence_trimmed\p326\p326_310_mic1.flac,p347,0,1,0.3029424548149109,0.14794065058231354,0.3029424548149109,-0.15500180423259735,2.7829375
lca,3,p326_310_mic1,p326,data\VCTK\wav48_silence_trimmed\p326\p326_310_mic1.flac,p347,0,1,0.3066089153289795,0.17072032392024994,0.3066089153289795,-0.13588859140872955,2.7829375
original,0,p326_316_mic1,p326,data\VCTK\wav48_silence_trimmed\p326\p326_316_mic1.flac,p326,1,1,0.7920347452163696,0.7920347452163696,0.39036810398101807,0.40166664123535156,3.1244375
base,1,p326_316_mic1,p326,data\VCTK\wav48_silence_trimmed\p326\p326_316_mic1.flac,p364,0,1,0.2765963077545166,0.11441528052091599,0.2765963077545166,-0.16218102723360062,3.1244375
base,2,p326_316_mic1,p326,data\VCTK\wav48_silence_trimmed\p326\p326_316_mic1.flac,p364,0,1,0.3845796585083008,0.36162111163139343,0.3845796585083008,-0.02295854687690735,3.1244375
base,3,p326_316_mic1,p326,data\VCTK\wav48_silence_trimmed\p326\p326_316_mic1.flac,p326,1,1,0.41169920563697815,0.41169920563697815,0.41051462292671204,0.0011845827102661133,3.1244375
lca,1,p326_316_mic1,p326,data\VCTK\wav48_silence_trimmed\p326\p326_316_mic1.flac,p364,0,1,0.32544195652008057,0.03263743966817856,0.32544195652008057,-0.292804516851902,3.1244375
lca,2,p326_316_mic1,p326,data\VCTK\wav48_silence_trimmed\p326\p326_316_mic1.flac,p347,0,1,0.392858624458313,0.2401566505432129,0.392858624458313,-0.1527019739151001,3.1244375
lca,3,p326_316_mic1,p326,data\VCTK\wav48_silence_trimmed\p326\p326_316_mic1.flac,p347,0,1,0.4012914299964905,0.312480628490448,0.4012914299964905,-0.08881080150604248,3.1244375
original,0,p329_071_mic1,p329,data\VCTK\wav48_silence_trimmed\p329\p329_071_mic1.flac,p329,1,1,0.7556611895561218,0.7556611895561218,0.42227137088775635,0.3333898186683655,3.717375
base,1,p329_071_mic1,p329,data\VCTK\wav48_silence_trimmed\p329\p329_071_mic1.flac,p339,0,1,0.39015433192253113,0.3675634264945984,0.39015433192253113,-0.02259090542793274,3.717375
base,2,p329_071_mic1,p329,data\VCTK\wav48_silence_trimmed\p329\p329_071_mic1.flac,p329,1,1,0.5281714200973511,0.5281714200973511,0.3755922317504883,0.1525791883468628,3.717375
base,3,p329_071_mic1,p329,data\VCTK\wav48_silence_trimmed\p329\p329_071_mic1.flac,p329,1,1,0.5595333576202393,0.5595333576202393,0.41512176394462585,0.1444115936756134,3.717375
lca,1,p329_071_mic1,p329,data\VCTK\wav48_silence_trimmed\p329\p329_071_mic1.flac,p339,0,1,0.3771446943283081,0.2850049138069153,0.3771446943283081,-0.09213978052139282,3.717375
lca,2,p329_071_mic1,p329,data\VCTK\wav48_silence_trimmed\p329\p329_071_mic1.flac,p300,0,1,0.40415114164352417,0.37436598539352417,0.40415114164352417,-0.02978515625,3.717375
lca,3,p329_071_mic1,p329,data\VCTK\wav48_silence_trimmed\p329\p329_071_mic1.flac,p329,1,1,0.4142577648162842,0.4142577648162842,0.38292282819747925,0.03133493661880493,3.717375
original,0,p329_178_mic2,p329,data\VCTK\wav48_silence_trimmed\p329\p329_178_mic2.flac,p329,1,1,0.7978814840316772,0.7978814840316772,0.4548725485801697,0.34300893545150757,5.5443125
base,1,p329_178_mic2,p329,data\VCTK\wav48_silence_trimmed\p329\p329_178_mic2.flac,p295,0,1,0.3988580107688904,0.37067538499832153,0.3988580107688904,-0.028182625770568848,5.5443125
base,2,p329_178_mic2,p329,data\VCTK\wav48_silence_trimmed\p329\p329_178_mic2.flac,p329,1,1,0.5113284587860107,0.5113284587860107,0.3783108592033386,0.13301759958267212,5.5443125
base,3,p329_178_mic2,p329,data\VCTK\wav48_silence_trimmed\p329\p329_178_mic2.flac,p329,1,1,0.5330390930175781,0.5330390930175781,0.38402581214904785,0.14901328086853027,5.5443125
lca,1,p329_178_mic2,p329,data\VCTK\wav48_silence_trimmed\p329\p329_178_mic2.flac,p339,0,1,0.37268179655075073,0.2432747483253479,0.37268179655075073,-0.12940704822540283,5.5443125
lca,2,p329_178_mic2,p329,data\VCTK\wav48_silence_trimmed\p329\p329_178_mic2.flac,p329,1,1,0.42068707942962646,0.42068707942962646,0.4098796844482422,0.010807394981384277,5.5443125
lca,3,p329_178_mic2,p329,data\VCTK\wav48_silence_trimmed\p329\p329_178_mic2.flac,p329,1,1,0.4882688522338867,0.4882688522338867,0.41846853494644165,0.06980031728744507,5.5443125
original,0,p329_217_mic1,p329,data\VCTK\wav48_silence_trimmed\p329\p329_217_mic1.flac,p329,1,1,0.7485306262969971,0.7485306262969971,0.41852134466171265,0.3300092816352844,3.125
base,1,p329_217_mic1,p329,data\VCTK\wav48_silence_trimmed\p329\p329_217_mic1.flac,p233,0,1,0.4243636727333069,0.3701901435852051,0.4243636727333069,-0.05417352914810181,3.125
base,2,p329_217_mic1,p329,data\VCTK\wav48_silence_trimmed\p329\p329_217_mic1.flac,p329,1,1,0.45903053879737854,0.45903053879737854,0.4268234968185425,0.03220704197883606,3.125
base,3,p329_217_mic1,p329,data\VCTK\wav48_silence_trimmed\p329\p329_217_mic1.flac,p329,1,1,0.5695788264274597,0.5695788264274597,0.3875886797904968,0.1819901466369629,3.125
lca,1,p329_217_mic1,p329,data\VCTK\wav48_silence_trimmed\p329\p329_217_mic1.flac,p339,0,1,0.4271159768104553,0.36211562156677246,0.4271159768104553,-0.06500035524368286,3.125
lca,2,p329_217_mic1,p329,data\VCTK\wav48_silence_trimmed\p329\p329_217_mic1.flac,p329,1,1,0.4375900328159332,0.4375900328159332,0.4271719753742218,0.010418057441711426,3.125
lca,3,p329_217_mic1,p329,data\VCTK\wav48_silence_trimmed\p329\p329_217_mic1.flac,p329,1,1,0.4396817088127136,0.4396817088127136,0.4191787838935852,0.020502924919128418,3.125
original,0,p329_249_mic2,p329,data\VCTK\wav48_silence_trimmed\p329\p329_249_mic2.flac,p329,1,1,0.7421620488166809,0.7421620488166809,0.4841572046279907,0.2580048441886902,2.80425
base,1,p329_249_mic2,p329,data\VCTK\wav48_silence_trimmed\p329\p329_249_mic2.flac,p295,0,1,0.41105034947395325,0.3330917954444885,0.41105034947395325,-0.07795855402946472,2.80425
base,2,p329_249_mic2,p329,data\VCTK\wav48_silence_trimmed\p329\p329_249_mic2.flac,p329,1,1,0.4938713610172272,0.4938713610172272,0.419439435005188,0.07443192601203918,2.80425
base,3,p329_249_mic2,p329,data\VCTK\wav48_silence_trimmed\p329\p329_249_mic2.flac,p329,1,1,0.532012939453125,0.532012939453125,0.433625727891922,0.098387211561203,2.80425
lca,1,p329_249_mic2,p329,data\VCTK\wav48_silence_trimmed\p329\p329_249_mic2.flac,p330,0,1,0.3444144129753113,0.25324922800064087,0.3444144129753113,-0.09116518497467041,2.80425
lca,2,p329_249_mic2,p329,data\VCTK\wav48_silence_trimmed\p329\p329_249_mic2.flac,p329,1,1,0.46155914664268494,0.46155914664268494,0.45022863149642944,0.011330515146255493,2.80425
lca,3,p329_249_mic2,p329,data\VCTK\wav48_silence_trimmed\p329\p329_249_mic2.flac,p295,0,1,0.483991801738739,0.4830806851387024,0.483991801738739,-0.0009111166000366211,2.80425
original,0,p329_415_mic2,p329,data\VCTK\wav48_silence_trimmed\p329\p329_415_mic2.flac,p329,1,1,0.7811503410339355,0.7811503410339355,0.5192193984985352,0.2619309425354004,2.972125
base,1,p329_415_mic2,p329,data\VCTK\wav48_silence_trimmed\p329\p329_415_mic2.flac,p329,1,1,0.4059228301048279,0.4059228301048279,0.3997878134250641,0.006135016679763794,2.972125
base,2,p329_415_mic2,p329,data\VCTK\wav48_silence_trimmed\p329\p329_415_mic2.flac,p329,1,1,0.5117882490158081,0.5117882490158081,0.3879500925540924,0.1238381564617157,2.972125
base,3,p329_415_mic2,p329,data\VCTK\wav48_silence_trimmed\p329\p329_415_mic2.flac,p329,1,1,0.505996584892273,0.505996584892273,0.36211517453193665,0.1438814103603363,2.972125
lca,1,p329_415_mic2,p329,data\VCTK\wav48_silence_trimmed\p329\p329_415_mic2.flac,p339,0,1,0.36911189556121826,0.27173668146133423,0.36911189556121826,-0.09737521409988403,2.972125
lca,2,p329_415_mic2,p329,data\VCTK\wav48_silence_trimmed\p329\p329_415_mic2.flac,p329,1,1,0.4318031668663025,0.4318031668663025,0.3762575387954712,0.0555456280708313,2.972125
lca,3,p329_415_mic2,p329,data\VCTK\wav48_silence_trimmed\p329\p329_415_mic2.flac,p329,1,1,0.47076719999313354,0.47076719999313354,0.3875058889389038,0.08326131105422974,2.972125
original,0,p330_027_mic2,p330,data\VCTK\wav48_silence_trimmed\p330\p330_027_mic2.flac,p330,1,1,0.7428244352340698,0.7428244352340698,0.3604431748390198,0.38238126039505005,4.132875
base,1,p330_027_mic2,p330,data\VCTK\wav48_silence_trimmed\p330\p330_027_mic2.flac,p330,1,1,0.42927247285842896,0.42927247285842896,0.40271541476249695,0.026557058095932007,4.132875
base,2,p330_027_mic2,p330,data\VCTK\wav48_silence_trimmed\p330\p330_027_mic2.flac,p330,1,1,0.47417426109313965,0.47417426109313965,0.3488346338272095,0.12533962726593018,4.132875
base,3,p330_027_mic2,p330,data\VCTK\wav48_silence_trimmed\p330\p330_027_mic2.flac,p330,1,1,0.44690006971359253,0.44690006971359253,0.3386387825012207,0.10826128721237183,4.132875
lca,1,p330_027_mic2,p330,data\VCTK\wav48_silence_trimmed\p330\p330_027_mic2.flac,p330,1,1,0.3717958927154541,0.3717958927154541,0.3535727858543396,0.018223106861114502,4.132875
lca,2,p330_027_mic2,p330,data\VCTK\wav48_silence_trimmed\p330\p330_027_mic2.flac,p330,1,1,0.526138186454773,0.526138186454773,0.3881303369998932,0.13800784945487976,4.132875
lca,3,p330_027_mic2,p330,data\VCTK\wav48_silence_trimmed\p330\p330_027_mic2.flac,p330,1,1,0.49499136209487915,0.49499136209487915,0.40506836771965027,0.08992299437522888,4.132875
original,0,p330_101_mic1,p330,data\VCTK\wav48_silence_trimmed\p330\p330_101_mic1.flac,p330,1,1,0.7654732465744019,0.7654732465744019,0.37989336252212524,0.3855798840522766,4.6044375
base,1,p330_101_mic1,p330,data\VCTK\wav48_silence_trimmed\p330\p330_101_mic1.flac,p313,0,1,0.2962769865989685,0.2800482511520386,0.2962769865989685,-0.01622873544692993,4.6044375
base,2,p330_101_mic1,p330,data\VCTK\wav48_silence_trimmed\p330\p330_101_mic1.flac,p313,0,1,0.42272695899009705,0.3544483184814453,0.42272695899009705,-0.06827864050865173,4.6044375
base,3,p330_101_mic1,p330,data\VCTK\wav48_silence_trimmed\p330\p330_101_mic1.flac,p330,1,1,0.4593642055988312,0.4593642055988312,0.44038447737693787,0.01897972822189331,4.6044375
lca,1,p330_101_mic1,p330,data\VCTK\wav48_silence_trimmed\p330\p330_101_mic1.flac,p280,0,1,0.3404220938682556,0.30011773109436035,0.3404220938682556,-0.040304362773895264,4.6044375
lca,2,p330_101_mic1,p330,data\VCTK\wav48_silence_trimmed\p330\p330_101_mic1.flac,p313,0,1,0.4513775706291199,0.3956398665904999,0.4513775706291199,-0.055737704038619995,4.6044375
lca,3,p330_101_mic1,p330,data\VCTK\wav48_silence_trimmed\p330\p330_101_mic1.flac,p313,0,1,0.4508117139339447,0.4171823561191559,0.4508117139339447,-0.03362935781478882,4.6044375
original,0,p330_171_mic1,p330,data\VCTK\wav48_silence_trimmed\p330\p330_171_mic1.flac,p330,1,1,0.8037360906600952,0.8037360906600952,0.4397268295288086,0.3640092611312866,5.2216875
base,1,p330_171_mic1,p330,data\VCTK\wav48_silence_trimmed\p330\p330_171_mic1.flac,p238,0,1,0.35412654280662537,0.340709924697876,0.35412654280662537,-0.01341661810874939,5.2216875
base,2,p330_171_mic1,p330,data\VCTK\wav48_silence_trimmed\p330\p330_171_mic1.flac,p330,1,1,0.44195765256881714,0.44195765256881714,0.3423517942428589,0.09960585832595825,5.2216875
base,3,p330_171_mic1,p330,data\VCTK\wav48_silence_trimmed\p330\p330_171_mic1.flac,p330,1,1,0.5098421573638916,0.5098421573638916,0.3531854748725891,0.1566566824913025,5.2216875
lca,1,p330_171_mic1,p330,data\VCTK\wav48_silence_trimmed\p330\p330_171_mic1.flac,p330,1,1,0.37853822112083435,0.37853822112083435,0.34619075059890747,0.03234747052192688,5.2216875
lca,2,p330_171_mic1,p330,data\VCTK\wav48_silence_trimmed\p330\p330_171_mic1.flac,p330,1,1,0.5068725943565369,0.5068725943565369,0.3960120975971222,0.11086049675941467,5.2216875
lca,3,p330_171_mic1,p330,data\VCTK\wav48_silence_trimmed\p330\p330_171_mic1.flac,p330,1,1,0.5182284116744995,0.5182284116744995,0.38652878999710083,0.13169962167739868,5.2216875
original,0,p330_199_mic2,p330,data\VCTK\wav48_silence_trimmed\p330\p330_199_mic2.flac,p330,1,1,0.8372491002082825,0.8372491002082825,0.3601016700267792,0.4771474301815033,4.62375
base,1,p330_199_mic2,p330,data\VCTK\wav48_silence_trimmed\p330\p330_199_mic2.flac,p244,0,1,0.35597777366638184,0.3514760434627533,0.35597777366638184,-0.00450173020362854,4.62375
base,2,p330_199_mic2,p330,data\VCTK\wav48_silence_trimmed\p330\p330_199_mic2.flac,p330,1,1,0.4976842701435089,0.4976842701435089,0.34838858246803284,0.14929568767547607,4.62375
base,3,p330_199_mic2,p330,data\VCTK\wav48_silence_trimmed\p330\p330_199_mic2.flac,p330,1,1,0.5699781775474548,0.5699781775474548,0.38253504037857056,0.18744313716888428,4.62375
lca,1,p330_199_mic2,p330,data\VCTK\wav48_silence_trimmed\p330\p330_199_mic2.flac,p313,0,1,0.3317722678184509,0.31897491216659546,0.3317722678184509,-0.012797355651855469,4.62375
lca,2,p330_199_mic2,p330,data\VCTK\wav48_silence_trimmed\p330\p330_199_mic2.flac,p330,1,1,0.5235708951950073,0.5235708951950073,0.40780776739120483,0.11576312780380249,4.62375
lca,3,p330_199_mic2,p330,data\VCTK\wav48_silence_trimmed\p330\p330_199_mic2.flac,p330,1,1,0.5525891780853271,0.5525891780853271,0.41736164689064026,0.1352275311946869,4.62375
original,0,p330_312_mic1,p330,data\VCTK\wav48_silence_trimmed\p330\p330_312_mic1.flac,p330,1,1,0.7778544425964355,0.7778544425964355,0.4090133309364319,0.36884111166000366,3.342625
base,1,p330_312_mic1,p330,data\VCTK\wav48_silence_trimmed\p330\p330_312_mic1.flac,p301,0,1,0.4364420771598816,0.34964150190353394,0.4364420771598816,-0.08680057525634766,3.342625
base,2,p330_312_mic1,p330,data\VCTK\wav48_silence_trimmed\p330\p330_312_mic1.flac,p330,1,1,0.47717973589897156,0.47717973589897156,0.4067606031894684,0.07041913270950317,3.342625
base,3,p330_312_mic1,p330,data\VCTK\wav48_silence_trimmed\p330\p330_312_mic1.flac,p330,1,1,0.5174550414085388,0.5174550414085388,0.45213836431503296,0.06531667709350586,3.342625
lca,1,p330_312_mic1,p330,data\VCTK\wav48_silence_trimmed\p330\p330_312_mic1.flac,p314,0,1,0.3362800180912018,0.3181907534599304,0.3362800180912018,-0.018089264631271362,3.342625
lca,2,p330_312_mic1,p330,data\VCTK\wav48_silence_trimmed\p330\p330_312_mic1.flac,p330,1,1,0.4402514398097992,0.4402514398097992,0.40957149863243103,0.030679941177368164,3.342625
lca,3,p330_312_mic1,p330,data\VCTK\wav48_silence_trimmed\p330\p330_312_mic1.flac,p340,0,1,0.4760615825653076,0.4627307951450348,0.4760615825653076,-0.013330787420272827,3.342625
original,0,p333_093_mic1,p333,data\VCTK\wav48_silence_trimmed\p333\p333_093_mic1.flac,p333,1,1,0.7144612669944763,0.7144612669944763,0.5474948287010193,0.16696643829345703,3.074875
base,1,p333_093_mic1,p333,data\VCTK\wav48_silence_trimmed\p333\p333_093_mic1.flac,p301,0,1,0.41577720642089844,0.19797375798225403,0.41577720642089844,-0.2178034484386444,3.074875
base,2,p333_093_mic1,p333,data\VCTK\wav48_silence_trimmed\p333\p333_093_mic1.flac,p301,0,1,0.44665735960006714,0.3056064248085022,0.44665735960006714,-0.14105093479156494,3.074875
base,3,p333_093_mic1,p333,data\VCTK\wav48_silence_trimmed\p333\p333_093_mic1.flac,p333,1,1,0.46236488223075867,0.46236488223075867,0.4069785475730896,0.05538633465766907,3.074875
lca,1,p333_093_mic1,p333,data\VCTK\wav48_silence_trimmed\p333\p333_093_mic1.flac,p262,0,1,0.35909900069236755,0.1980094611644745,0.35909900069236755,-0.16108953952789307,3.074875
lca,2,p333_093_mic1,p333,data\VCTK\wav48_silence_trimmed\p333\p333_093_mic1.flac,p262,0,1,0.49029678106307983,0.37041130661964417,0.49029678106307983,-0.11988547444343567,3.074875
lca,3,p333_093_mic1,p333,data\VCTK\wav48_silence_trimmed\p333\p333_093_mic1.flac,p262,0,1,0.4755145311355591,0.39304929971694946,0.4755145311355591,-0.08246523141860962,3.074875
original,0,p333_190_mic2,p333,data\VCTK\wav48_silence_trimmed\p333\p333_190_mic2.flac,p333,1,1,0.6664608716964722,0.6664608716964722,0.4311216473579407,0.2353392243385315,2.8629375
base,1,p333_190_mic2,p333,data\VCTK\wav48_silence_trimmed\p333\p333_190_mic2.flac,p313,0,1,0.3356339633464813,0.2872369587421417,0.3356339633464813,-0.0483970046043396,2.8629375
base,2,p333_190_mic2,p333,data\VCTK\wav48_silence_trimmed\p333\p333_190_mic2.flac,p333,1,1,0.4042389392852783,0.4042389392852783,0.3778116703033447,0.026427268981933594,2.8629375
base,3,p333_190_mic2,p333,data\VCTK\wav48_silence_trimmed\p333\p333_190_mic2.flac,p333,1,1,0.5273224115371704,0.5273224115371704,0.4910324811935425,0.03628993034362793,2.8629375
lca,1,p333_190_mic2,p333,data\VCTK\wav48_silence_trimmed\p333\p333_190_mic2.flac,p314,0,1,0.3430944085121155,0.3035667836666107,0.3430944085121155,-0.03952762484550476,2.8629375
lca,2,p333_190_mic2,p333,data\VCTK\wav48_silence_trimmed\p333\p333_190_mic2.flac,p333,1,1,0.4470059275627136,0.4470059275627136,0.4405475854873657,0.0064583420753479,2.8629375
lca,3,p333_190_mic2,p333,data\VCTK\wav48_silence_trimmed\p333\p333_190_mic2.flac,p340,0,1,0.48209911584854126,0.412481427192688,0.48209911584854126,-0.06961768865585327,2.8629375
original,0,p333_337_mic2,p333,data\VCTK\wav48_silence_trimmed\p333\p333_337_mic2.flac,p333,1,1,0.7627953290939331,0.7627953290939331,0.36562198400497437,0.39717334508895874,2.647375
base,1,p333_337_mic2,p333,data\VCTK\wav48_silence_trimmed\p333\p333_337_mic2.flac,p238,0,1,0.32502272725105286,0.19301863014698029,0.32502272725105286,-0.13200409710407257,2.647375
base,2,p333_337_mic2,p333,data\VCTK\wav48_silence_trimmed\p333\p333_337_mic2.flac,p333,1,1,0.3422952890396118,0.3422952890396118,0.3126039505004883,0.029691338539123535,2.647375
base,3,p333_337_mic2,p333,data\VCTK\wav48_silence_trimmed\p333\p333_337_mic2.flac,p333,1,1,0.5170144438743591,0.5170144438743591,0.32068872451782227,0.19632571935653687,2.647375
lca,1,p333_337_mic2,p333,data\VCTK\wav48_silence_trimmed\p333\p333_337_mic2.flac,p339,0,1,0.4216427206993103,0.32766878604888916,0.4216427206993103,-0.09397393465042114,2.647375
lca,2,p333_337_mic2,p333,data\VCTK\wav48_silence_trimmed\p333\p333_337_mic2.flac,p333,1,1,0.4945783317089081,0.4945783317089081,0.4708639979362488,0.023714333772659302,2.647375
lca,3,p333_337_mic2,p333,data\VCTK\wav48_silence_trimmed\p333\p333_337_mic2.flac,p333,1,1,0.5539705157279968,0.5539705157279968,0.433582067489624,0.1203884482383728,2.647375
original,0,p333_366_mic2,p333,data\VCTK\wav48_silence_trimmed\p333\p333_366_mic2.flac,p333,1,1,0.7166261672973633,0.7166261672973633,0.3880825340747833,0.32854363322257996,2.30575
base,1,p333_366_mic2,p333,data\VCTK\wav48_silence_trimmed\p333\p333_366_mic2.flac,p280,0,1,0.3562862277030945,0.18478167057037354,0.3562862277030945,-0.17150455713272095,2.30575
base,2,p333_366_mic2,p333,data\VCTK\wav48_silence_trimmed\p333\p333_366_mic2.flac,p308,0,1,0.4070926904678345,0.33324629068374634,0.4070926904678345,-0.07384639978408813,2.30575
base,3,p333_366_mic2,p333,data\VCTK\wav48_silence_trimmed\p333\p333_366_mic2.flac,p299,0,1,0.3923199772834778,0.3894670903682709,0.3923199772834778,-0.002852886915206909,2.30575
lca,1,p333_366_mic2,p333,data\VCTK\wav48_silence_trimmed\p333\p333_366_mic2.flac,p280,0,1,0.35334038734436035,0.26228782534599304,0.35334038734436035,-0.09105256199836731,2.30575
lca,2,p333_366_mic2,p333,data\VCTK\wav48_silence_trimmed\p333\p333_366_mic2.flac,p340,0,1,0.4070053696632385,0.40441420674324036,0.4070053696632385,-0.002591162919998169,2.30575
lca,3,p333_366_mic2,p333,data\VCTK\wav48_silence_trimmed\p333\p333_366_mic2.flac,p333,1,1,0.4650323987007141,0.4650323987007141,0.4345671236515045,0.030465275049209595,2.30575
original,0,p333_384_mic2,p333,data\VCTK\wav48_silence_trimmed\p333\p333_384_mic2.flac,p333,1,1,0.6817232370376587,0.6817232370376587,0.45793163776397705,0.22379159927368164,2.6889375
base,1,p333_384_mic2,p333,data\VCTK\wav48_silence_trimmed\p333\p333_384_mic2.flac,p301,0,1,0.3651406466960907,0.22334407269954681,0.3651406466960907,-0.14179657399654388,2.6889375
base,2,p333_384_mic2,p333,data\VCTK\wav48_silence_trimmed\p333\p333_384_mic2.flac,p299,0,1,0.42061084508895874,0.2816215753555298,0.42061084508895874,-0.13898926973342896,2.6889375
base,3,p333_384_mic2,p333,data\VCTK\wav48_silence_trimmed\p333\p333_384_mic2.flac,p299,0,1,0.43704935908317566,0.40367811918258667,0.43704935908317566,-0.03337123990058899,2.6889375
lca,1,p333_384_mic2,p333,data\VCTK\wav48_silence_trimmed\p333\p333_384_mic2.flac,p299,0,1,0.4091004431247711,0.2814638614654541,0.4091004431247711,-0.12763658165931702,2.6889375
lca,2,p333_384_mic2,p333,data\VCTK\wav48_silence_trimmed\p333\p333_384_mic2.flac,p280,0,1,0.502894401550293,0.4032967686653137,0.502894401550293,-0.09959763288497925,2.6889375
lca,3,p333_384_mic2,p333,data\VCTK\wav48_silence_trimmed\p333\p333_384_mic2.flac,p299,0,1,0.5130877494812012,0.3998137414455414,0.5130877494812012,-0.11327400803565979,2.6889375
original,0,p334_004_mic1,p334,data\VCTK\wav48_silence_trimmed\p334\p334_004_mic1.flac,p334,1,1,0.809754490852356,0.809754490852356,0.2948395609855652,0.5149149298667908,4.699875
base,1,p334_004_mic1,p334,data\VCTK\wav48_silence_trimmed\p334\p334_004_mic1.flac,p374,0,1,0.4142412543296814,0.0988503098487854,0.4142412543296814,-0.315390944480896,4.699875
base,2,p334_004_mic1,p334,data\VCTK\wav48_silence_trimmed\p334\p334_004_mic1.flac,p364,0,1,0.42466121912002563,0.3319416344165802,0.42466121912002563,-0.09271958470344543,4.699875
base,3,p334_004_mic1,p334,data\VCTK\wav48_silence_trimmed\p334\p334_004_mic1.flac,p347,0,1,0.43085724115371704,0.37706172466278076,0.43085724115371704,-0.05379551649093628,4.699875
lca,1,p334_004_mic1,p334,data\VCTK\wav48_silence_trimmed\p334\p334_004_mic1.flac,p364,0,1,0.34590619802474976,0.14541029930114746,0.34590619802474976,-0.2004958987236023,4.699875
lca,2,p334_004_mic1,p334,data\VCTK\wav48_silence_trimmed\p334\p334_004_mic1.flac,p364,0,1,0.3649289309978485,0.2672344446182251,0.3649289309978485,-0.09769448637962341,4.699875
lca,3,p334_004_mic1,p334,data\VCTK\wav48_silence_trimmed\p334\p334_004_mic1.flac,p347,0,1,0.377365380525589,0.325052946805954,0.377365380525589,-0.05231243371963501,4.699875
original,0,p334_013_mic2,p334,data\VCTK\wav48_silence_trimmed\p334\p334_013_mic2.flac,p334,1,1,0.7840250730514526,0.7840250730514526,0.43286681175231934,0.3511582612991333,10.2674375
base,1,p334_013_mic2,p334,data\VCTK\wav48_silence_trimmed\p334\p334_013_mic2.flac,p302,0,1,0.26939743757247925,0.07036110758781433,0.26939743757247925,-0.19903632998466492,10.2674375
base,2,p334_013_mic2,p334,data\VCTK\wav48_silence_trimmed\p334\p334_013_mic2.flac,p347,0,1,0.42373499274253845,0.20332157611846924,0.42373499274253845,-0.2204134166240692,10.2674375
base,3,p334_013_mic2,p334,data\VCTK\wav48_silence_trimmed\p334\p334_013_mic2.flac,p347,0,1,0.4834105968475342,0.32573577761650085,0.4834105968475342,-0.15767481923103333,10.2674375
lca,1,p334_013_mic2,p334,data\VCTK\wav48_silence_trimmed\p334\p334_013_mic2.flac,p281,0,1,0.3770362436771393,0.04647325351834297,0.3770362436771393,-0.3305629901587963,10.2674375
lca,2,p334_013_mic2,p334,data\VCTK\wav48_silence_trimmed\p334\p334_013_mic2.flac,p281,0,1,0.40313947200775146,0.1653927117586136,0.40313947200775146,-0.23774676024913788,10.2674375
lca,3,p334_013_mic2,p334,data\VCTK\wav48_silence_trimmed\p334\p334_013_mic2.flac,p347,0,1,0.46505165100097656,0.2716975510120392,0.46505165100097656,-0.19335409998893738,10.2674375
original,0,p334_143_mic2,p334,data\VCTK\wav48_silence_trimmed\p334\p334_143_mic2.flac,p334,1,1,0.7050015330314636,0.7050015330314636,0.37314727902412415,0.3318542540073395,2.8193125
base,1,p334_143_mic2,p334,data\VCTK\wav48_silence_trimmed\p334\p334_143_mic2.flac,p347,0,1,0.3482282757759094,0.20319783687591553,0.3482282757759094,-0.1450304388999939,2.8193125
base,2,p334_143_mic2,p334,data\VCTK\wav48_silence_trimmed\p334\p334_143_mic2.flac,p347,0,1,0.43989092111587524,0.3474903702735901,0.43989092111587524,-0.09240055084228516,2.8193125
base,3,p334_143_mic2,p334,data\VCTK\wav48_silence_trimmed\p334\p334_143_mic2.flac,p347,0,1,0.40680861473083496,0.38112446665763855,0.40680861473083496,-0.02568414807319641,2.8193125
lca,1,p334_143_mic2,p334,data\VCTK\wav48_silence_trimmed\p334\p334_143_mic2.flac,p347,0,1,0.3632386326789856,0.21420596539974213,0.3632386326789856,-0.14903266727924347,2.8193125
lca,2,p334_143_mic2,p334,data\VCTK\wav48_silence_trimmed\p334\p334_143_mic2.flac,p347,0,1,0.404710590839386,0.33026713132858276,0.404710590839386,-0.07444345951080322,2.8193125
lca,3,p334_143_mic2,p334,data\VCTK\wav48_silence_trimmed\p334\p334_143_mic2.flac,p347,0,1,0.3553403913974762,0.2968919277191162,0.3553403913974762,-0.058448463678359985,2.8193125
original,0,p334_212_mic1,p334,data\VCTK\wav48_silence_trimmed\p334\p334_212_mic1.flac,p334,1,1,0.6481313705444336,0.6481313705444336,0.3632105588912964,0.2849208116531372,3.245625
base,1,p334_212_mic1,p334,data\VCTK\wav48_silence_trimmed\p334\p334_212_mic1.flac,p339,0,0,0.24754568934440613,0.04807955026626587,0.24754568934440613,-0.19946613907814026,3.245625
base,2,p334_212_mic1,p334,data\VCTK\wav48_silence_trimmed\p334\p334_212_mic1.flac,p298,0,1,0.37986356019973755,0.24498553574085236,0.37986356019973755,-0.1348780244588852,3.245625
base,3,p334_212_mic1,p334,data\VCTK\wav48_silence_trimmed\p334\p334_212_mic1.flac,p298,0,1,0.35485637187957764,0.2533499598503113,0.35485637187957764,-0.10150641202926636,3.245625
lca,1,p334_212_mic1,p334,data\VCTK\wav48_silence_trimmed\p334\p334_212_mic1.flac,p360,0,0,0.20233970880508423,0.06198494881391525,0.20233970880508423,-0.14035475999116898,3.245625
lca,2,p334_212_mic1,p334,data\VCTK\wav48_silence_trimmed\p334\p334_212_mic1.flac,p252,0,1,0.31263870000839233,0.26579833030700684,0.31263870000839233,-0.0468403697013855,3.245625
lca,3,p334_212_mic1,p334,data\VCTK\wav48_silence_trimmed\p334\p334_212_mic1.flac,p252,0,1,0.3646552860736847,0.3526061177253723,0.3646552860736847,-0.012049168348312378,3.245625
original,0,p334_283_mic2,p334,data\VCTK\wav48_silence_trimmed\p334\p334_283_mic2.flac,p334,1,1,0.5110198259353638,0.5110198259353638,0.28920304775238037,0.2218167781829834,2.062375
base,1,p334_283_mic2,p334,data\VCTK\wav48_silence_trimmed\p334\p334_283_mic2.flac,p364,0,1,0.2641173005104065,-0.013114076107740402,0.2641173005104065,-0.2772313766181469,2.062375
base,2,p334_283_mic2,p334,data\VCTK\wav48_silence_trimmed\p334\p334_283_mic2.flac,p374,0,1,0.35923662781715393,0.16186049580574036,0.35923662781715393,-0.19737613201141357,2.062375
base,3,p334_283_mic2,p334,data\VCTK\wav48_silence_trimmed\p334\p334_283_mic2.flac,p347,0,1,0.3438757061958313,0.2551470398902893,0.3438757061958313,-0.08872866630554199,2.062375
lca,1,p334_283_mic2,p334,data\VCTK\wav48_silence_trimmed\p334\p334_283_mic2.flac,p364,0,1,0.29596906900405884,0.03439299017190933,0.29596906900405884,-0.2615760788321495,2.062375
lca,2,p334_283_mic2,p334,data\VCTK\wav48_silence_trimmed\p334\p334_283_mic2.flac,p347,0,1,0.4393720030784607,0.1684642732143402,0.4393720030784607,-0.2709077298641205,2.062375
lca,3,p334_283_mic2,p334,data\VCTK\wav48_silence_trimmed\p334\p334_283_mic2.flac,p364,0,1,0.3469882607460022,0.18278515338897705,0.3469882607460022,-0.16420310735702515,2.062375
original,0,p335_045_mic1,p335,data\VCTK\wav48_silence_trimmed\p335\p335_045_mic1.flac,p335,1,1,0.6210747957229614,0.6210747957229614,0.38640373945236206,0.23467105627059937,3.3814375
base,1,p335_045_mic1,p335,data\VCTK\wav48_silence_trimmed\p335\p335_045_mic1.flac,p262,0,1,0.38024210929870605,0.1726575791835785,0.38024210929870605,-0.20758453011512756,3.3814375
base,2,p335_045_mic1,p335,data\VCTK\wav48_silence_trimmed\p335\p335_045_mic1.flac,p233,0,1,0.3561649024486542,0.24143026769161224,0.3561649024486542,-0.11473463475704193,3.3814375
base,3,p335_045_mic1,p335,data\VCTK\wav48_silence_trimmed\p335\p335_045_mic1.flac,p230,0,1,0.3857594132423401,0.32296139001846313,0.3857594132423401,-0.06279802322387695,3.3814375
lca,1,p335_045_mic1,p335,data\VCTK\wav48_silence_trimmed\p335\p335_045_mic1.flac,p314,0,1,0.376062273979187,0.16468659043312073,0.376062273979187,-0.21137568354606628,3.3814375
lca,2,p335_045_mic1,p335,data\VCTK\wav48_silence_trimmed\p335\p335_045_mic1.flac,p314,0,1,0.42837557196617126,0.24644231796264648,0.42837557196617126,-0.18193325400352478,3.3814375
lca,3,p335_045_mic1,p335,data\VCTK\wav48_silence_trimmed\p335\p335_045_mic1.flac,p314,0,1,0.41538190841674805,0.2389708161354065,0.41538190841674805,-0.17641109228134155,3.3814375
original,0,p335_105_mic1,p335,data\VCTK\wav48_silence_trimmed\p335\p335_105_mic1.flac,p335,1,1,0.584088921546936,0.584088921546936,0.323913037776947,0.260175883769989,3.0735625
base,1,p335_105_mic1,p335,data\VCTK\wav48_silence_trimmed\p335\p335_105_mic1.flac,p230,0,1,0.3455001711845398,0.2547823488712311,0.3455001711845398,-0.09071782231330872,3.0735625
base,2,p335_105_mic1,p335,data\VCTK\wav48_silence_trimmed\p335\p335_105_mic1.flac,p233,0,1,0.3903444707393646,0.3480379581451416,0.3903444707393646,-0.04230651259422302,3.0735625
base,3,p335_105_mic1,p335,data\VCTK\wav48_silence_trimmed\p335\p335_105_mic1.flac,p335,1,1,0.3712449073791504,0.3712449073791504,0.3581143319606781,0.01313057541847229,3.0735625
lca,1,p335_105_mic1,p335,data\VCTK\wav48_silence_trimmed\p335\p335_105_mic1.flac,p233,0,1,0.4179036617279053,0.13535946607589722,0.4179036617279053,-0.28254419565200806,3.0735625
lca,2,p335_105_mic1,p335,data\VCTK\wav48_silence_trimmed\p335\p335_105_mic1.flac,p280,0,1,0.4489796757698059,0.23406687378883362,0.4489796757698059,-0.2149128019809723,3.0735625
lca,3,p335_105_mic1,p335,data\VCTK\wav48_silence_trimmed\p335\p335_105_mic1.flac,p340,0,1,0.4502602219581604,0.29259395599365234,0.4502602219581604,-0.15766626596450806,3.0735625
original,0,p335_327_mic2,p335,data\VCTK\wav48_silence_trimmed\p335\p335_327_mic2.flac,p335,1,1,0.7563220858573914,0.7563220858573914,0.37793847918510437,0.378383606672287,3.9764375
base,1,p335_327_mic2,p335,data\VCTK\wav48_silence_trimmed\p335\p335_327_mic2.flac,p230,0,1,0.33239561319351196,0.22177353501319885,0.33239561319351196,-0.11062207818031311,3.9764375
base,2,p335_327_mic2,p335,data\VCTK\wav48_silence_trimmed\p335\p335_327_mic2.flac,p230,0,1,0.43234407901763916,0.2864333391189575,0.43234407901763916,-0.14591073989868164,3.9764375
base,3,p335_327_mic2,p335,data\VCTK\wav48_silence_trimmed\p335\p335_327_mic2.flac,p230,0,1,0.3919437527656555,0.3156878352165222,0.3919437527656555,-0.0762559175491333,3.9764375
lca,1,p335_327_mic2,p335,data\VCTK\wav48_silence_trimmed\p335\p335_327_mic2.flac,p313,0,1,0.3877708911895752,0.16676759719848633,0.3877708911895752,-0.22100329399108887,3.9764375
lca,2,p335_327_mic2,p335,data\VCTK\wav48_silence_trimmed\p335\p335_327_mic2.flac,p264,0,1,0.4212040603160858,0.19040045142173767,0.4212040603160858,-0.23080360889434814,3.9764375
lca,3,p335_327_mic2,p335,data\VCTK\wav48_silence_trimmed\p335\p335_327_mic2.flac,p264,0,1,0.4251570701599121,0.19104480743408203,0.4251570701599121,-0.23411226272583008,3.9764375
original,0,p335_349_mic2,p335,data\VCTK\wav48_silence_trimmed\p335\p335_349_mic2.flac,p335,1,1,0.6746314167976379,0.6746314167976379,0.35605186223983765,0.3185795545578003,4.0786875
base,1,p335_349_mic2,p335,data\VCTK\wav48_silence_trimmed\p335\p335_349_mic2.flac,p230,0,1,0.4562508761882782,0.27609074115753174,0.4562508761882782,-0.18016013503074646,4.0786875
base,2,p335_349_mic2,p335,data\VCTK\wav48_silence_trimmed\p335\p335_349_mic2.flac,p230,0,1,0.48075294494628906,0.3220987915992737,0.48075294494628906,-0.15865415334701538,4.0786875
base,3,p335_349_mic2,p335,data\VCTK\wav48_silence_trimmed\p335\p335_349_mic2.flac,p230,0,1,0.446006715297699,0.31232962012290955,0.446006715297699,-0.13367709517478943,4.0786875
lca,1,p335_349_mic2,p335,data\VCTK\wav48_silence_trimmed\p335\p335_349_mic2.flac,p230,0,1,0.3601188361644745,0.11575619131326675,0.3601188361644745,-0.24436264485120773,4.0786875
lca,2,p335_349_mic2,p335,data\VCTK\wav48_silence_trimmed\p335\p335_349_mic2.flac,p264,0,1,0.3864726126194,0.12036795914173126,0.3864726126194,-0.26610465347766876,4.0786875
lca,3,p335_349_mic2,p335,data\VCTK\wav48_silence_trimmed\p335\p335_349_mic2.flac,p233,0,1,0.4058600962162018,0.14554184675216675,0.4058600962162018,-0.26031824946403503,4.0786875
original,0,p335_408_mic1,p335,data\VCTK\wav48_silence_trimmed\p335\p335_408_mic1.flac,p335,1,1,0.6242814660072327,0.6242814660072327,0.2854005694389343,0.33888089656829834,2.603875
base,1,p335_408_mic1,p335,data\VCTK\wav48_silence_trimmed\p335\p335_408_mic1.flac,p329,0,1,0.3798081576824188,0.20600470900535583,0.3798081576824188,-0.173803448677063,2.603875
base,2,p335_408_mic1,p335,data\VCTK\wav48_silence_trimmed\p335\p335_408_mic1.flac,p314,0,1,0.408610463142395,0.31845131516456604,0.408610463142395,-0.09015914797782898,2.603875
base,3,p335_408_mic1,p335,data\VCTK\wav48_silence_trimmed\p335\p335_408_mic1.flac,p339,0,1,0.37973952293395996,0.2981807291507721,0.37973952293395996,-0.08155879378318787,2.603875
lca,1,p335_408_mic1,p335,data\VCTK\wav48_silence_trimmed\p335\p335_408_mic1.flac,p230,0,1,0.3452291488647461,0.13988624513149261,0.3452291488647461,-0.20534290373325348,2.603875
lca,2,p335_408_mic1,p335,data\VCTK\wav48_silence_trimmed\p335\p335_408_mic1.flac,p314,0,1,0.41932785511016846,0.24686378240585327,0.41932785511016846,-0.17246407270431519,2.603875
lca,3,p335_408_mic1,p335,data\VCTK\wav48_silence_trimmed\p335\p335_408_mic1.flac,p314,0,1,0.44042426347732544,0.27473998069763184,0.44042426347732544,-0.1656842827796936,2.603875
original,0,p336_123_mic1,p336,data\VCTK\wav48_silence_trimmed\p336\p336_123_mic1.flac,p336,1,1,0.5786567330360413,0.5786567330360413,0.388019323348999,0.19063740968704224,2.8484375
base,1,p336_123_mic1,p336,data\VCTK\wav48_silence_trimmed\p336\p336_123_mic1.flac,p336,1,0,0.22374498844146729,0.22374498844146729,0.18525464832782745,0.03849034011363983,2.8484375
base,2,p336_123_mic1,p336,data\VCTK\wav48_silence_trimmed\p336\p336_123_mic1.flac,p248,0,1,0.3797457218170166,0.3370514512062073,0.3797457218170166,-0.042694270610809326,2.8484375
base,3,p336_123_mic1,p336,data\VCTK\wav48_silence_trimmed\p336\p336_123_mic1.flac,p265,0,1,0.3718429207801819,0.3360292911529541,0.3718429207801819,-0.03581362962722778,2.8484375
lca,1,p336_123_mic1,p336,data\VCTK\wav48_silence_trimmed\p336\p336_123_mic1.flac,p306,0,1,0.28454509377479553,0.08715234696865082,0.28454509377479553,-0.19739274680614471,2.8484375
lca,2,p336_123_mic1,p336,data\VCTK\wav48_silence_trimmed\p336\p336_123_mic1.flac,p340,0,1,0.38184669613838196,0.24624425172805786,0.38184669613838196,-0.1356024444103241,2.8484375
lca,3,p336_123_mic1,p336,data\VCTK\wav48_silence_trimmed\p336\p336_123_mic1.flac,p361,0,1,0.4250238239765167,0.2658957839012146,0.4250238239765167,-0.15912804007530212,2.8484375
original,0,p336_162_mic2,p336,data\VCTK\wav48_silence_trimmed\p336\p336_162_mic2.flac,p336,1,1,0.5832764506340027,0.5832764506340027,0.32223260402679443,0.26104384660720825,2.3501875
base,1,p336_162_mic2,p336,data\VCTK\wav48_silence_trimmed\p336\p336_162_mic2.flac,p230,0,1,0.3725934624671936,0.1788170486688614,0.3725934624671936,-0.19377641379833221,2.3501875
base,2,p336_162_mic2,p336,data\VCTK\wav48_silence_trimmed\p336\p336_162_mic2.flac,p283,0,1,0.35513973236083984,0.27473747730255127,0.35513973236083984,-0.08040225505828857,2.3501875
base,3,p336_162_mic2,p336,data\VCTK\wav48_silence_trimmed\p336\p336_162_mic2.flac,p333,0,1,0.4049495458602905,0.2882283329963684,0.4049495458602905,-0.11672121286392212,2.3501875
lca,1,p336_162_mic2,p336,data\VCTK\wav48_silence_trimmed\p336\p336_162_mic2.flac,p253,0,1,0.3536316454410553,0.0945405587553978,0.3536316454410553,-0.2590910866856575,2.3501875
lca,2,p336_162_mic2,p336,data\VCTK\wav48_silence_trimmed\p336\p336_162_mic2.flac,p313,0,1,0.3679802417755127,0.28610551357269287,0.3679802417755127,-0.08187472820281982,2.3501875
lca,3,p336_162_mic2,p336,data\VCTK\wav48_silence_trimmed\p336\p336_162_mic2.flac,p313,0,1,0.37228667736053467,0.3091048300266266,0.37228667736053467,-0.06318184733390808,2.3501875
original,0,p336_193_mic2,p336,data\VCTK\wav48_silence_trimmed\p336\p336_193_mic2.flac,p336,1,1,0.6527975797653198,0.6527975797653198,0.3421788215637207,0.3106187582015991,3.1169375
base,1,p336_193_mic2,p336,data\VCTK\wav48_silence_trimmed\p336\p336_193_mic2.flac,p330,0,1,0.3675679862499237,0.2429242581129074,0.3675679862499237,-0.1246437281370163,3.1169375
base,2,p336_193_mic2,p336,data\VCTK\wav48_silence_trimmed\p336\p336_193_mic2.flac,p336,1,1,0.44361382722854614,0.44361382722854614,0.364694744348526,0.07891908288002014,3.1169375
base,3,p336_193_mic2,p336,data\VCTK\wav48_silence_trimmed\p336\p336_193_mic2.flac,p336,1,1,0.47334712743759155,0.47334712743759155,0.38137710094451904,0.09197002649307251,3.1169375
lca,1,p336_193_mic2,p336,data\VCTK\wav48_silence_trimmed\p336\p336_193_mic2.flac,p314,0,1,0.3783339858055115,0.14868441224098206,0.3783339858055115,-0.22964957356452942,3.1169375
lca,2,p336_193_mic2,p336,data\VCTK\wav48_silence_trimmed\p336\p336_193_mic2.flac,p314,0,1,0.42303481698036194,0.2550313472747803,0.42303481698036194,-0.16800346970558167,3.1169375
lca,3,p336_193_mic2,p336,data\VCTK\wav48_silence_trimmed\p336\p336_193_mic2.flac,p340,0,1,0.3992701768875122,0.3106759786605835,0.3992701768875122,-0.08859419822692871,3.1169375
original,0,p336_227_mic1,p336,data\VCTK\wav48_silence_trimmed\p336\p336_227_mic1.flac,p336,1,1,0.6316121816635132,0.6316121816635132,0.3851562738418579,0.24645590782165527,2.1348125
base,1,p336_227_mic1,p336,data\VCTK\wav48_silence_trimmed\p336\p336_227_mic1.flac,p339,0,1,0.3655867874622345,0.16780424118041992,0.3655867874622345,-0.19778254628181458,2.1348125
base,2,p336_227_mic1,p336,data\VCTK\wav48_silence_trimmed\p336\p336_227_mic1.flac,p280,0,1,0.3891856074333191,0.3011108636856079,0.3891856074333191,-0.08807474374771118,2.1348125
base,3,p336_227_mic1,p336,data\VCTK\wav48_silence_trimmed\p336\p336_227_mic1.flac,p308,0,1,0.42417752742767334,0.35764241218566895,0.42417752742767334,-0.0665351152420044,2.1348125
lca,1,p336_227_mic1,p336,data\VCTK\wav48_silence_trimmed\p336\p336_227_mic1.flac,p306,0,1,0.3580564856529236,0.10576704889535904,0.3580564856529236,-0.25228943675756454,2.1348125
lca,2,p336_227_mic1,p336,data\VCTK\wav48_silence_trimmed\p336\p336_227_mic1.flac,p280,0,1,0.4178768992424011,0.2250872105360031,0.4178768992424011,-0.192789688706398,2.1348125
lca,3,p336_227_mic1,p336,data\VCTK\wav48_silence_trimmed\p336\p336_227_mic1.flac,p308,0,1,0.4796387553215027,0.2806096076965332,0.4796387553215027,-0.19902914762496948,2.1348125
original,0,p336_362_mic2,p336,data\VCTK\wav48_silence_trimmed\p336\p336_362_mic2.flac,p336,1,1,0.5403740406036377,0.5403740406036377,0.36002254486083984,0.18035149574279785,1.581375
base,1,p336_362_mic2,p336,data\VCTK\wav48_silence_trimmed\p336\p336_362_mic2.flac,p340,0,1,0.33251717686653137,0.12981382012367249,0.33251717686653137,-0.2027033567428589,1.581375
base,2,p336_362_mic2,p336,data\VCTK\wav48_silence_trimmed\p336\p336_362_mic2.flac,p340,0,1,0.3273020386695862,0.2767660915851593,0.3273020386695862,-0.05053594708442688,1.581375
base,3,p336_362_mic2,p336,data\VCTK\wav48_silence_trimmed\p336\p336_362_mic2.flac,p313,0,1,0.35134318470954895,0.2527815103530884,0.35134318470954895,-0.09856167435646057,1.581375
lca,1,p336_362_mic2,p336,data\VCTK\wav48_silence_trimmed\p336\p336_362_mic2.flac,p300,0,1,0.3829909563064575,0.1583845168352127,0.3829909563064575,-0.2246064394712448,1.581375
lca,2,p336_362_mic2,p336,data\VCTK\wav48_silence_trimmed\p336\p336_362_mic2.flac,p313,0,1,0.36311331391334534,0.19516775012016296,0.36311331391334534,-0.16794556379318237,1.581375
lca,3,p336_362_mic2,p336,data\VCTK\wav48_silence_trimmed\p336\p336_362_mic2.flac,p340,0,1,0.40702489018440247,0.20608949661254883,0.40702489018440247,-0.20093539357185364,1.581375
original,0,p339_057_mic1,p339,data\VCTK\wav48_silence_trimmed\p339\p339_057_mic1.flac,p339,1,1,0.5557231903076172,0.5557231903076172,0.3386181890964508,0.21710500121116638,2.648375
base,1,p339_057_mic1,p339,data\VCTK\wav48_silence_trimmed\p339\p339_057_mic1.flac,p262,0,1,0.3599497377872467,0.2576867341995239,0.3599497377872467,-0.10226300358772278,2.648375
base,2,p339_057_mic1,p339,data\VCTK\wav48_silence_trimmed\p339\p339_057_mic1.flac,p339,1,1,0.4687228202819824,0.4687228202819824,0.39695507287979126,0.07176774740219116,2.648375
base,3,p339_057_mic1,p339,data\VCTK\wav48_silence_trimmed\p339\p339_057_mic1.flac,p339,1,1,0.4953935444355011,0.4953935444355011,0.41646456718444824,0.07892897725105286,2.648375
lca,1,p339_057_mic1,p339,data\VCTK\wav48_silence_trimmed\p339\p339_057_mic1.flac,p295,0,1,0.3971569538116455,0.3340901732444763,0.3971569538116455,-0.06306678056716919,2.648375
lca,2,p339_057_mic1,p339,data\VCTK\wav48_silence_trimmed\p339\p339_057_mic1.flac,p340,0,1,0.40851908922195435,0.3492785394191742,0.40851908922195435,-0.05924054980278015,2.648375
lca,3,p339_057_mic1,p339,data\VCTK\wav48_silence_trimmed\p339\p339_057_mic1.flac,p340,0,1,0.40451890230178833,0.38895606994628906,0.40451890230178833,-0.015562832355499268,2.648375
original,0,p339_059_mic1,p339,data\VCTK\wav48_silence_trimmed\p339\p339_059_mic1.flac,p339,1,1,0.6688932180404663,0.6688932180404663,0.3782438337802887,0.2906493842601776,2.6364375
base,1,p339_059_mic1,p339,data\VCTK\wav48_silence_trimmed\p339\p339_059_mic1.flac,p330,0,1,0.37892213463783264,0.3364582061767578,0.37892213463783264,-0.04246392846107483,2.6364375
base,2,p339_059_mic1,p339,data\VCTK\wav48_silence_trimmed\p339\p339_059_mic1.flac,p339,1,1,0.4650847911834717,0.4650847911834717,0.40693753957748413,0.05814725160598755,2.6364375
base,3,p339_059_mic1,p339,data\VCTK\wav48_silence_trimmed\p339\p339_059_mic1.flac,p339,1,1,0.49914538860321045,0.49914538860321045,0.37636083364486694,0.1227845549583435,2.6364375
lca,1,p339_059_mic1,p339,data\VCTK\wav48_silence_trimmed\p339\p339_059_mic1.flac,p308,0,1,0.3264358937740326,0.28826338052749634,0.3264358937740326,-0.038172513246536255,2.6364375
lca,2,p339_059_mic1,p339,data\VCTK\wav48_silence_trimmed\p339\p339_059_mic1.flac,p308,0,1,0.41085055470466614,0.3874489665031433,0.41085055470466614,-0.023401588201522827,2.6364375
lca,3,p339_059_mic1,p339,data\VCTK\wav48_silence_trimmed\p339\p339_059_mic1.flac,p339,1,1,0.4435844421386719,0.4435844421386719,0.4407694339752197,0.0028150081634521484,2.6364375
original,0,p339_128_mic2,p339,data\VCTK\wav48_silence_trimmed\p339\p339_128_mic2.flac,p339,1,1,0.6672336459159851,0.6672336459159851,0.39965617656707764,0.26757746934890747,2.514
base,1,p339_128_mic2,p339,data\VCTK\wav48_silence_trimmed\p339\p339_128_mic2.flac,p295,0,1,0.3820950984954834,0.369049608707428,0.3820950984954834,-0.01304548978805542,2.514
base,2,p339_128_mic2,p339,data\VCTK\wav48_silence_trimmed\p339\p339_128_mic2.flac,p339,1,1,0.4877856373786926,0.4877856373786926,0.39842528104782104,0.08936035633087158,2.514
base,3,p339_128_mic2,p339,data\VCTK\wav48_silence_trimmed\p339\p339_128_mic2.flac,p339,1,1,0.5372449159622192,0.5372449159622192,0.39509904384613037,0.14214587211608887,2.514
lca,1,p339_128_mic2,p339,data\VCTK\wav48_silence_trimmed\p339\p339_128_mic2.flac,p262,0,1,0.3436911106109619,0.29408958554267883,0.3436911106109619,-0.04960152506828308,2.514
lca,2,p339_128_mic2,p339,data\VCTK\wav48_silence_trimmed\p339\p339_128_mic2.flac,p314,0,1,0.4632633328437805,0.4259534478187561,0.4632633328437805,-0.037309885025024414,2.514
lca,3,p339_128_mic2,p339,data\VCTK\wav48_silence_trimmed\p339\p339_128_mic2.flac,p339,1,1,0.48352161049842834,0.48352161049842834,0.4613279104232788,0.022193700075149536,2.514
original,0,p339_240_mic2,p339,data\VCTK\wav48_silence_trimmed\p339\p339_240_mic2.flac,p339,1,1,0.7166532278060913,0.7166532278060913,0.5025582313537598,0.21409499645233154,2.41575
base,1,p339_240_mic2,p339,data\VCTK\wav48_silence_trimmed\p339\p339_240_mic2.flac,p301,0,1,0.3554648756980896,0.21198034286499023,0.3554648756980896,-0.14348453283309937,2.41575
base,2,p339_240_mic2,p339,data\VCTK\wav48_silence_trimmed\p339\p339_240_mic2.flac,p253,0,1,0.4077049493789673,0.34673914313316345,0.4077049493789673,-0.06096580624580383,2.41575
base,3,p339_240_mic2,p339,data\VCTK\wav48_silence_trimmed\p339\p339_240_mic2.flac,p233,0,1,0.45536863803863525,0.4200994372367859,0.45536863803863525,-0.035269200801849365,2.41575
lca,1,p339_240_mic2,p339,data\VCTK\wav48_silence_trimmed\p339\p339_240_mic2.flac,p262,0,1,0.383436381816864,0.28195056319236755,0.383436381816864,-0.10148581862449646,2.41575
lca,2,p339_240_mic2,p339,data\VCTK\wav48_silence_trimmed\p339\p339_240_mic2.flac,p339,1,1,0.4518853724002838,0.4518853724002838,0.36072003841400146,0.09116533398628235,2.41575
lca,3,p339_240_mic2,p339,data\VCTK\wav48_silence_trimmed\p339\p339_240_mic2.flac,p339,1,1,0.48615628480911255,0.48615628480911255,0.38332873582839966,0.10282754898071289,2.41575
original,0,p339_272_mic1,p339,data\VCTK\wav48_silence_trimmed\p339\p339_272_mic1.flac,p339,1,1,0.3831857740879059,0.3831857740879059,0.33580800890922546,0.04737776517868042,2.3855625
base,1,p339_272_mic1,p339,data\VCTK\wav48_silence_trimmed\p339\p339_272_mic1.flac,p262,0,1,0.4396432042121887,0.2689587473869324,0.4396432042121887,-0.17068445682525635,2.3855625
base,2,p339_272_mic1,p339,data\VCTK\wav48_silence_trimmed\p339\p339_272_mic1.flac,p294,0,1,0.42744556069374084,0.09128260612487793,0.42744556069374084,-0.3361629545688629,2.3855625
base,3,p339_272_mic1,p339,data\VCTK\wav48_silence_trimmed\p339\p339_272_mic1.flac,p262,0,1,0.38509660959243774,0.1922936737537384,0.38509660959243774,-0.19280293583869934,2.3855625
lca,1,p339_272_mic1,p339,data\VCTK\wav48_silence_trimmed\p339\p339_272_mic1.flac,p314,0,1,0.2659391462802887,0.15494310855865479,0.2659391462802887,-0.11099603772163391,2.3855625
lca,2,p339_272_mic1,p339,data\VCTK\wav48_silence_trimmed\p339\p339_272_mic1.flac,p314,0,1,0.32363706827163696,0.22817401587963104,0.32363706827163696,-0.09546305239200592,2.3855625
lca,3,p339_272_mic1,p339,data\VCTK\wav48_silence_trimmed\p339\p339_272_mic1.flac,p314,0,1,0.3371853828430176,0.22627326846122742,0.3371853828430176,-0.11091211438179016,2.3855625
original,0,p340_083_mic1,p340,data\VCTK\wav48_silence_trimmed\p340\p340_083_mic1.flac,p340,1,1,0.7097148299217224,0.7097148299217224,0.4617454409599304,0.247969388961792,2.3929375
base,1,p340_083_mic1,p340,data\VCTK\wav48_silence_trimmed\p340\p340_083_mic1.flac,p283,0,1,0.442366361618042,0.2567436695098877,0.442366361618042,-0.1856226921081543,2.3929375
base,2,p340_083_mic1,p340,data\VCTK\wav48_silence_trimmed\p340\p340_083_mic1.flac,p340,1,1,0.4475715756416321,0.4475715756416321,0.41837170720100403,0.029199868440628052,2.3929375
base,3,p340_083_mic1,p340,data\VCTK\wav48_silence_trimmed\p340\p340_083_mic1.flac,p340,1,1,0.5534650087356567,0.5534650087356567,0.4089180827140808,0.14454692602157593,2.3929375
lca,1,p340_083_mic1,p340,data\VCTK\wav48_silence_trimmed\p340\p340_083_mic1.flac,p314,0,1,0.2864888608455658,0.2721269726753235,0.2864888608455658,-0.01436188817024231,2.3929375
lca,2,p340_083_mic1,p340,data\VCTK\wav48_silence_trimmed\p340\p340_083_mic1.flac,p340,1,1,0.5157027840614319,0.5157027840614319,0.41480106115341187,0.10090172290802002,2.3929375
lca,3,p340_083_mic1,p340,data\VCTK\wav48_silence_trimmed\p340\p340_083_mic1.flac,p340,1,1,0.5710985660552979,0.5710985660552979,0.4296134114265442,0.14148515462875366,2.3929375
original,0,p340_119_mic1,p340,data\VCTK\wav48_silence_trimmed\p340\p340_119_mic1.flac,p340,1,1,0.6918855905532837,0.6918855905532837,0.5166784524917603,0.17520713806152344,2.606
base,1,p340_119_mic1,p340,data\VCTK\wav48_silence_trimmed\p340\p340_119_mic1.flac,p283,0,1,0.35876625776290894,0.13966915011405945,0.35876625776290894,-0.2190971076488495,2.606
base,2,p340_119_mic1,p340,data\VCTK\wav48_silence_trimmed\p340\p340_119_mic1.flac,p250,0,1,0.39079195261001587,0.2597820460796356,0.39079195261001587,-0.13100990653038025,2.606
base,3,p340_119_mic1,p340,data\VCTK\wav48_silence_trimmed\p340\p340_119_mic1.flac,p250,0,1,0.46610161662101746,0.32365676760673523,0.46610161662101746,-0.14244484901428223,2.606
lca,1,p340_119_mic1,p340,data\VCTK\wav48_silence_trimmed\p340\p340_119_mic1.flac,p280,0,1,0.3605057895183563,0.31275850534439087,0.3605057895183563,-0.047747284173965454,2.606
lca,2,p340_119_mic1,p340,data\VCTK\wav48_silence_trimmed\p340\p340_119_mic1.flac,p250,0,1,0.43766576051712036,0.4322971701622009,0.43766576051712036,-0.005368590354919434,2.606
lca,3,p340_119_mic1,p340,data\VCTK\wav48_silence_trimmed\p340\p340_119_mic1.flac,p250,0,1,0.47269922494888306,0.46758633852005005,0.47269922494888306,-0.005112886428833008,2.606
original,0,p340_180_mic2,p340,data\VCTK\wav48_silence_trimmed\p340\p340_180_mic2.flac,p340,1,1,0.731462299823761,0.731462299823761,0.44098788499832153,0.29047441482543945,2.1378125
base,1,p340_180_mic2,p340,data\VCTK\wav48_silence_trimmed\p340\p340_180_mic2.flac,p230,0,1,0.38473886251449585,0.15259933471679688,0.38473886251449585,-0.23213952779769897,2.1378125
base,2,p340_180_mic2,p340,data\VCTK\wav48_silence_trimmed\p340\p340_180_mic2.flac,p340,1,1,0.32991522550582886,0.32991522550582886,0.30750715732574463,0.02240806818008423,2.1378125
base,3,p340_180_mic2,p340,data\VCTK\wav48_silence_trimmed\p340\p340_180_mic2.flac,p231,0,1,0.4646705985069275,0.4624781608581543,0.4646705985069275,-0.0021924376487731934,2.1378125
lca,1,p340_180_mic2,p340,data\VCTK\wav48_silence_trimmed\p340\p340_180_mic2.flac,p250,0,1,0.3598971962928772,0.31293267011642456,0.3598971962928772,-0.04696452617645264,2.1378125
lca,2,p340_180_mic2,p340,data\VCTK\wav48_silence_trimmed\p340\p340_180_mic2.flac,p250,0,1,0.45678192377090454,0.4337906837463379,0.45678192377090454,-0.02299124002456665,2.1378125
lca,3,p340_180_mic2,p340,data\VCTK\wav48_silence_trimmed\p340\p340_180_mic2.flac,p340,1,1,0.4759005010128021,0.4759005010128021,0.41382870078086853,0.062071800231933594,2.1378125
original,0,p340_191_mic1,p340,data\VCTK\wav48_silence_trimmed\p340\p340_191_mic1.flac,p340,1,1,0.7823743224143982,0.7823743224143982,0.5327818393707275,0.24959248304367065,3.461
base,1,p340_191_mic1,p340,data\VCTK\wav48_silence_trimmed\p340\p340_191_mic1.flac,p301,0,1,0.38195687532424927,0.12817056477069855,0.38195687532424927,-0.2537863105535507,3.461
base,2,p340_191_mic1,p340,data\VCTK\wav48_silence_trimmed\p340\p340_191_mic1.flac,p280,0,1,0.51494300365448,0.43251314759254456,0.51494300365448,-0.08242985606193542,3.461
base,3,p340_191_mic1,p340,data\VCTK\wav48_silence_trimmed\p340\p340_191_mic1.flac,p340,1,1,0.5245481729507446,0.5245481729507446,0.5167964696884155,0.0077517032623291016,3.461
lca,1,p340_191_mic1,p340,data\VCTK\wav48_silence_trimmed\p340\p340_191_mic1.flac,p262,0,1,0.43548139929771423,0.340547114610672,0.43548139929771423,-0.09493428468704224,3.461
lca,2,p340_191_mic1,p340,data\VCTK\wav48_silence_trimmed\p340\p340_191_mic1.flac,p340,1,1,0.5312591791152954,0.5312591791152954,0.5036818385124207,0.027577340602874756,3.461
lca,3,p340_191_mic1,p340,data\VCTK\wav48_silence_trimmed\p340\p340_191_mic1.flac,p340,1,1,0.5691413879394531,0.5691413879394531,0.5084582567214966,0.06068313121795654,3.461
original,0,p340_240_mic2,p340,data\VCTK\wav48_silence_trimmed\p340\p340_240_mic2.flac,p340,1,1,0.7962197065353394,0.7962197065353394,0.5043824315071106,0.29183727502822876,2.9443125
base,1,p340_240_mic2,p340,data\VCTK\wav48_silence_trimmed\p340\p340_240_mic2.flac,p293,0,1,0.43482398986816406,0.3586554527282715,0.43482398986816406,-0.07616853713989258,2.9443125
base,2,p340_240_mic2,p340,data\VCTK\wav48_silence_trimmed\p340\p340_240_mic2.flac,p339,0,1,0.42757949233055115,0.4207225441932678,0.42757949233055115,-0.006856948137283325,2.9443125
base,3,p340_240_mic2,p340,data\VCTK\wav48_silence_trimmed\p340\p340_240_mic2.flac,p340,1,1,0.4346489906311035,0.4346489906311035,0.37730419635772705,0.057344794273376465,2.9443125
lca,1,p340_240_mic2,p340,data\VCTK\wav48_silence_trimmed\p340\p340_240_mic2.flac,p250,0,1,0.41906842589378357,0.40789204835891724,0.41906842589378357,-0.011176377534866333,2.9443125
lca,2,p340_240_mic2,p340,data\VCTK\wav48_silence_trimmed\p340\p340_240_mic2.flac,p340,1,1,0.4916260540485382,0.4916260540485382,0.4159713387489319,0.07565471529960632,2.9443125
lca,3,p340_240_mic2,p340,data\VCTK\wav48_silence_trimmed\p340\p340_240_mic2.flac,p340,1,1,0.5712512135505676,0.5712512135505676,0.4211023449897766,0.15014886856079102,2.9443125
original,0,p341_028_mic2,p341,data\VCTK\wav48_silence_trimmed\p341\p341_028_mic2.flac,p341,1,1,0.7338864207267761,0.7338864207267761,0.3668842613697052,0.3670021593570709,3.7883125
base,1,p341_028_mic2,p341,data\VCTK\wav48_silence_trimmed\p341\p341_028_mic2.flac,p249,0,1,0.3288407623767853,0.2587054669857025,0.3288407623767853,-0.07013529539108276,3.7883125
base,2,p341_028_mic2,p341,data\VCTK\wav48_silence_trimmed\p341\p341_028_mic2.flac,p301,0,1,0.35595062375068665,0.28004151582717896,0.35595062375068665,-0.07590910792350769,3.7883125
base,3,p341_028_mic2,p341,data\VCTK\wav48_silence_trimmed\p341\p341_028_mic2.flac,p333,0,1,0.41046231985092163,0.3248582184314728,0.41046231985092163,-0.08560410141944885,3.7883125
lca,1,p341_028_mic2,p341,data\VCTK\wav48_silence_trimmed\p341\p341_028_mic2.flac,p280,0,1,0.3005450665950775,0.11976811289787292,0.3005450665950775,-0.1807769536972046,3.7883125
lca,2,p341_028_mic2,p341,data\VCTK\wav48_silence_trimmed\p341\p341_028_mic2.flac,p333,0,1,0.3467482328414917,0.2537517249584198,0.3467482328414917,-0.0929965078830719,3.7883125
lca,3,p341_028_mic2,p341,data\VCTK\wav48_silence_trimmed\p341\p341_028_mic2.flac,p333,0,1,0.39646077156066895,0.3087533712387085,0.39646077156066895,-0.08770740032196045,3.7883125
original,0,p341_054_mic2,p341,data\VCTK\wav48_silence_trimmed\p341\p341_054_mic2.flac,p341,1,1,0.7975414395332336,0.7975414395332336,0.2303801029920578,0.5671613365411758,4.8729375
base,1,p341_054_mic2,p341,data\VCTK\wav48_silence_trimmed\p341\p341_054_mic2.flac,p301,0,1,0.32099035382270813,0.149767205119133,0.32099035382270813,-0.17122314870357513,4.8729375
base,2,p341_054_mic2,p341,data\VCTK\wav48_silence_trimmed\p341\p341_054_mic2.flac,p333,0,1,0.3777753710746765,0.32609179615974426,0.3777753710746765,-0.05168357491493225,4.8729375
base,3,p341_054_mic2,p341,data\VCTK\wav48_silence_trimmed\p341\p341_054_mic2.flac,p341,1,1,0.35758018493652344,0.35758018493652344,0.3545350432395935,0.0030451416969299316,4.8729375
lca,1,p341_054_mic2,p341,data\VCTK\wav48_silence_trimmed\p341\p341_054_mic2.flac,p262,0,1,0.39495426416397095,0.08186864852905273,0.39495426416397095,-0.3130856156349182,4.8729375
lca,2,p341_054_mic2,p341,data\VCTK\wav48_silence_trimmed\p341\p341_054_mic2.flac,p299,0,1,0.4126799702644348,0.20752979815006256,0.4126799702644348,-0.20515017211437225,4.8729375
lca,3,p341_054_mic2,p341,data\VCTK\wav48_silence_trimmed\p341\p341_054_mic2.flac,p340,0,1,0.3811506927013397,0.2399972528219223,0.3811506927013397,-0.14115343987941742,4.8729375
original,0,p341_163_mic1,p341,data\VCTK\wav48_silence_trimmed\p341\p341_163_mic1.flac,p341,1,1,0.8311410546302795,0.8311410546302795,0.3286272883415222,0.5025137662887573,4.304375
base,1,p341_163_mic1,p341,data\VCTK\wav48_silence_trimmed\p341\p341_163_mic1.flac,p301,0,1,0.4035770297050476,0.12626613676548004,0.4035770297050476,-0.27731089293956757,4.304375
base,2,p341_163_mic1,p341,data\VCTK\wav48_silence_trimmed\p341\p341_163_mic1.flac,p301,0,1,0.473957896232605,0.32580479979515076,0.473957896232605,-0.14815309643745422,4.304375
base,3,p341_163_mic1,p341,data\VCTK\wav48_silence_trimmed\p341\p341_163_mic1.flac,p301,0,1,0.413122296333313,0.3100469708442688,0.413122296333313,-0.10307532548904419,4.304375
lca,1,p341_163_mic1,p341,data\VCTK\wav48_silence_trimmed\p341\p341_163_mic1.flac,p314,0,1,0.34049907326698303,0.02066538855433464,0.34049907326698303,-0.3198336847126484,4.304375
lca,2,p341_163_mic1,p341,data\VCTK\wav48_silence_trimmed\p341\p341_163_mic1.flac,p314,0,1,0.4355647563934326,0.18764008581638336,0.4355647563934326,-0.24792467057704926,4.304375
lca,3,p341_163_mic1,p341,data\VCTK\wav48_silence_trimmed\p341\p341_163_mic1.flac,p262,0,1,0.4088870882987976,0.2441590130329132,0.4088870882987976,-0.1647280752658844,4.304375
original,0,p341_326_mic1,p341,data\VCTK\wav48_silence_trimmed\p341\p341_326_mic1.flac,p341,1,1,0.8391226530075073,0.8391226530075073,0.35564205050468445,0.4834806025028229,3.8874375
base,1,p341_326_mic1,p341,data\VCTK\wav48_silence_trimmed\p341\p341_326_mic1.flac,p249,0,1,0.3663179576396942,0.20325005054473877,0.3663179576396942,-0.16306790709495544,3.8874375
base,2,p341_326_mic1,p341,data\VCTK\wav48_silence_trimmed\p341\p341_326_mic1.flac,p314,0,1,0.4079998731613159,0.3287666141986847,0.4079998731613159,-0.07923325896263123,3.8874375
base,3,p341_326_mic1,p341,data\VCTK\wav48_silence_trimmed\p341\p341_326_mic1.flac,p341,1,1,0.4258737564086914,0.4258737564086914,0.4009259045124054,0.02494785189628601,3.8874375
lca,1,p341_326_mic1,p341,data\VCTK\wav48_silence_trimmed\p341\p341_326_mic1.flac,p262,0,1,0.34007617831230164,0.03359900414943695,0.34007617831230164,-0.3064771741628647,3.8874375
lca,2,p341_326_mic1,p341,data\VCTK\wav48_silence_trimmed\p341\p341_326_mic1.flac,p314,0,1,0.4302421510219574,0.1784249097108841,0.4302421510219574,-0.2518172413110733,3.8874375
lca,3,p341_326_mic1,p341,data\VCTK\wav48_silence_trimmed\p341\p341_326_mic1.flac,p314,0,1,0.4506080150604248,0.24641543626785278,0.4506080150604248,-0.20419257879257202,3.8874375
original,0,p341_389_mic2,p341,data\VCTK\wav48_silence_trimmed\p341\p341_389_mic2.flac,p341,1,1,0.6728564500808716,0.6728564500808716,0.3161907494068146,0.356665700674057,3.273875
base,1,p341_389_mic2,p341,data\VCTK\wav48_silence_trimmed\p341\p341_389_mic2.flac,p330,0,1,0.3745819330215454,0.22767680883407593,0.3745819330215454,-0.14690512418746948,3.273875
base,2,p341_389_mic2,p341,data\VCTK\wav48_silence_trimmed\p341\p341_389_mic2.flac,p339,0,1,0.36385586857795715,0.23660673201084137,0.36385586857795715,-0.12724913656711578,3.273875
base,3,p341_389_mic2,p341,data\VCTK\wav48_silence_trimmed\p341\p341_389_mic2.flac,p339,0,1,0.4013373851776123,0.32284867763519287,0.4013373851776123,-0.07848870754241943,3.273875
lca,1,p341_389_mic2,p341,data\VCTK\wav48_silence_trimmed\p341\p341_389_mic2.flac,p295,0,1,0.3860933184623718,0.10324306041002274,0.3860933184623718,-0.2828502580523491,3.273875
lca,2,p341_389_mic2,p341,data\VCTK\wav48_silence_trimmed\p341\p341_389_mic2.flac,p339,0,1,0.41460955142974854,0.20872165262699127,0.41460955142974854,-0.20588789880275726,3.273875
lca,3,p341_389_mic2,p341,data\VCTK\wav48_silence_trimmed\p341\p341_389_mic2.flac,p339,0,1,0.4303129315376282,0.23147353529930115,0.4303129315376282,-0.19883939623832703,3.273875
original,0,p343_090_mic1,p343,data\VCTK\wav48_silence_trimmed\p343\p343_090_mic1.flac,p343,1,1,0.6617867946624756,0.6617867946624756,0.30533987283706665,0.35644692182540894,3.896
base,1,p343_090_mic1,p343,data\VCTK\wav48_silence_trimmed\p343\p343_090_mic1.flac,p294,0,1,0.27166682481765747,0.260288268327713,0.27166682481765747,-0.011378556489944458,3.896
base,2,p343_090_mic1,p343,data\VCTK\wav48_silence_trimmed\p343\p343_090_mic1.flac,p343,1,1,0.4411708414554596,0.4411708414554596,0.3114433288574219,0.12972751259803772,3.896
base,3,p343_090_mic1,p343,data\VCTK\wav48_silence_trimmed\p343\p343_090_mic1.flac,p343,1,1,0.4819795489311218,0.4819795489311218,0.37356698513031006,0.10841256380081177,3.896
lca,1,p343_090_mic1,p343,data\VCTK\wav48_silence_trimmed\p343\p343_090_mic1.flac,p262,0,1,0.2943660020828247,0.20363187789916992,0.2943660020828247,-0.09073412418365479,3.896
lca,2,p343_090_mic1,p343,data\VCTK\wav48_silence_trimmed\p343\p343_090_mic1.flac,p301,0,1,0.37351131439208984,0.32686787843704224,0.37351131439208984,-0.04664343595504761,3.896
lca,3,p343_090_mic1,p343,data\VCTK\wav48_silence_trimmed\p343\p343_090_mic1.flac,p301,0,1,0.3814586400985718,0.3125132918357849,0.3814586400985718,-0.06894534826278687,3.896
original,0,p343_099_mic2,p343,data\VCTK\wav48_silence_trimmed\p343\p343_099_mic2.flac,p343,1,1,0.6639498472213745,0.6639498472213745,0.3472667932510376,0.3166830539703369,2.35725
base,1,p343_099_mic2,p343,data\VCTK\wav48_silence_trimmed\p343\p343_099_mic2.flac,p301,0,1,0.35765308141708374,0.284206360578537,0.35765308141708374,-0.07344672083854675,2.35725
base,2,p343_099_mic2,p343,data\VCTK\wav48_silence_trimmed\p343\p343_099_mic2.flac,p294,0,1,0.36266183853149414,0.2967926263809204,0.36266183853149414,-0.06586921215057373,2.35725
base,3,p343_099_mic2,p343,data\VCTK\wav48_silence_trimmed\p343\p343_099_mic2.flac,p301,0,1,0.39012160897254944,0.34023916721343994,0.39012160897254944,-0.0498824417591095,2.35725
lca,1,p343_099_mic2,p343,data\VCTK\wav48_silence_trimmed\p343\p343_099_mic2.flac,p314,0,1,0.30277711153030396,0.217283234000206,0.30277711153030396,-0.08549387753009796,2.35725
lca,2,p343_099_mic2,p343,data\VCTK\wav48_silence_trimmed\p343\p343_099_mic2.flac,p343,1,1,0.3667515516281128,0.3667515516281128,0.3617355525493622,0.00501599907875061,2.35725
lca,3,p343_099_mic2,p343,data\VCTK\wav48_silence_trimmed\p343\p343_099_mic2.flac,p343,1,1,0.3476952910423279,0.3476952910423279,0.296323299407959,0.051371991634368896,2.35725
original,0,p343_149_mic2,p343,data\VCTK\wav48_silence_trimmed\p343\p343_149_mic2.flac,p343,1,1,0.7394654154777527,0.7394654154777527,0.42900702357292175,0.31045839190483093,3.0755
base,1,p343_149_mic2,p343,data\VCTK\wav48_silence_trimmed\p343\p343_149_mic2.flac,p301,0,1,0.4613286852836609,0.31607967615127563,0.4613286852836609,-0.14524900913238525,3.0755
base,2,p343_149_mic2,p343,data\VCTK\wav48_silence_trimmed\p343\p343_149_mic2.flac,p301,0,1,0.5284682512283325,0.4047117829322815,0.5284682512283325,-0.12375646829605103,3.0755
base,3,p343_149_mic2,p343,data\VCTK\wav48_silence_trimmed\p343\p343_149_mic2.flac,p301,0,1,0.5333934426307678,0.41651925444602966,0.5333934426307678,-0.11687418818473816,3.0755
lca,1,p343_149_mic2,p343,data\VCTK\wav48_silence_trimmed\p343\p343_149_mic2.flac,p301,0,1,0.4422425329685211,0.3034394383430481,0.4422425329685211,-0.13880309462547302,3.0755
lca,2,p343_149_mic2,p343,data\VCTK\wav48_silence_trimmed\p343\p343_149_mic2.flac,p301,0,1,0.4131247401237488,0.384410560131073,0.4131247401237488,-0.02871417999267578,3.0755
lca,3,p343_149_mic2,p343,data\VCTK\wav48_silence_trimmed\p343\p343_149_mic2.flac,p301,0,1,0.4207340180873871,0.3687448501586914,0.4207340180873871,-0.05198916792869568,3.0755
original,0,p343_258_mic1,p343,data\VCTK\wav48_silence_trimmed\p343\p343_258_mic1.flac,p343,1,1,0.5309864282608032,0.5309864282608032,0.31569185853004456,0.21529456973075867,2.608
base,1,p343_258_mic1,p343,data\VCTK\wav48_silence_trimmed\p343\p343_258_mic1.flac,p301,0,1,0.34973567724227905,0.3185862898826599,0.34973567724227905,-0.03114938735961914,2.608
base,2,p343_258_mic1,p343,data\VCTK\wav48_silence_trimmed\p343\p343_258_mic1.flac,p343,1,1,0.45882150530815125,0.45882150530815125,0.3591216206550598,0.09969988465309143,2.608
base,3,p343_258_mic1,p343,data\VCTK\wav48_silence_trimmed\p343\p343_258_mic1.flac,p343,1,1,0.5573168396949768,0.5573168396949768,0.3848671317100525,0.17244970798492432,2.608
lca,1,p343_258_mic1,p343,data\VCTK\wav48_silence_trimmed\p343\p343_258_mic1.flac,p343,1,1,0.3230780363082886,0.3230780363082886,0.3032929003238678,0.019785135984420776,2.608
lca,2,p343_258_mic1,p343,data\VCTK\wav48_silence_trimmed\p343\p343_258_mic1.flac,p343,1,1,0.39220893383026123,0.39220893383026123,0.3168620765209198,0.07534685730934143,2.608
lca,3,p343_258_mic1,p343,data\VCTK\wav48_silence_trimmed\p343\p343_258_mic1.flac,p343,1,1,0.41429150104522705,0.41429150104522705,0.3437919616699219,0.07049953937530518,2.608
original,0,p343_327_mic2,p343,data\VCTK\wav48_silence_trimmed\p343\p343_327_mic2.flac,p343,1,1,0.551827609539032,0.551827609539032,0.3668253421783447,0.18500226736068726,3.24425
base,1,p343_327_mic2,p343,data\VCTK\wav48_silence_trimmed\p343\p343_327_mic2.flac,p301,0,1,0.4326722025871277,0.25256532430648804,0.4326722025871277,-0.18010687828063965,3.24425
base,2,p343_327_mic2,p343,data\VCTK\wav48_silence_trimmed\p343\p343_327_mic2.flac,p301,0,1,0.5355431437492371,0.5153441429138184,0.5355431437492371,-0.0201990008354187,3.24425
base,3,p343_327_mic2,p343,data\VCTK\wav48_silence_trimmed\p343\p343_327_mic2.flac,p301,0,1,0.4764356017112732,0.46285805106163025,0.4764356017112732,-0.013577550649642944,3.24425
lca,1,p343_327_mic2,p343,data\VCTK\wav48_silence_trimmed\p343\p343_327_mic2.flac,p280,0,1,0.3383883237838745,0.20021402835845947,0.3383883237838745,-0.13817429542541504,3.24425
lca,2,p343_327_mic2,p343,data\VCTK\wav48_silence_trimmed\p343\p343_327_mic2.flac,p301,0,1,0.3857307434082031,0.33598047494888306,0.3857307434082031,-0.04975026845932007,3.24425
lca,3,p343_327_mic2,p343,data\VCTK\wav48_silence_trimmed\p343\p343_327_mic2.flac,p308,0,1,0.3661436140537262,0.34671446681022644,0.3661436140537262,-0.019429147243499756,3.24425
original,0,p345_055_mic2,p345,data\VCTK\wav48_silence_trimmed\p345\p345_055_mic2.flac,p345,1,1,0.7924450635910034,0.7924450635910034,0.3400459885597229,0.4523990750312805,3.231
base,1,p345_055_mic2,p345,data\VCTK\wav48_silence_trimmed\p345\p345_055_mic2.flac,p316,0,1,0.3251989483833313,0.2630350887775421,0.3251989483833313,-0.062163859605789185,3.231
base,2,p345_055_mic2,p345,data\VCTK\wav48_silence_trimmed\p345\p345_055_mic2.flac,p345,1,1,0.45238804817199707,0.45238804817199707,0.2841896414756775,0.16819840669631958,3.231
base,3,p345_055_mic2,p345,data\VCTK\wav48_silence_trimmed\p345\p345_055_mic2.flac,p345,1,1,0.47038978338241577,0.47038978338241577,0.3308490812778473,0.13954070210456848,3.231
lca,1,p345_055_mic2,p345,data\VCTK\wav48_silence_trimmed\p345\p345_055_mic2.flac,p364,0,1,0.3303532898426056,0.13600683212280273,0.3303532898426056,-0.19434645771980286,3.231
lca,2,p345_055_mic2,p345,data\VCTK\wav48_silence_trimmed\p345\p345_055_mic2.flac,p345,1,1,0.3466840088367462,0.3466840088367462,0.30987319350242615,0.03681081533432007,3.231
lca,3,p345_055_mic2,p345,data\VCTK\wav48_silence_trimmed\p345\p345_055_mic2.flac,p345,1,1,0.34463027119636536,0.34463027119636536,0.32028597593307495,0.024344295263290405,3.231
original,0,p345_155_mic2,p345,data\VCTK\wav48_silence_trimmed\p345\p345_155_mic2.flac,p345,1,1,0.6751101016998291,0.6751101016998291,0.23182794451713562,0.4432821571826935,2.9474375
base,1,p345_155_mic2,p345,data\VCTK\wav48_silence_trimmed\p345\p345_155_mic2.flac,p364,0,1,0.3550800085067749,0.11673320084810257,0.3550800085067749,-0.23834680765867233,2.9474375
base,2,p345_155_mic2,p345,data\VCTK\wav48_silence_trimmed\p345\p345_155_mic2.flac,p281,0,1,0.3482305407524109,0.266261488199234,0.3482305407524109,-0.08196905255317688,2.9474375
base,3,p345_155_mic2,p345,data\VCTK\wav48_silence_trimmed\p345\p345_155_mic2.flac,p281,0,1,0.33033764362335205,0.29034754633903503,0.33033764362335205,-0.03999009728431702,2.9474375
lca,1,p345_155_mic2,p345,data\VCTK\wav48_silence_trimmed\p345\p345_155_mic2.flac,p364,0,1,0.31245285272598267,0.07200610637664795,0.31245285272598267,-0.24044674634933472,2.9474375
lca,2,p345_155_mic2,p345,data\VCTK\wav48_silence_trimmed\p345\p345_155_mic2.flac,p281,0,1,0.37075144052505493,0.15622936189174652,0.37075144052505493,-0.2145220786333084,2.9474375
lca,3,p345_155_mic2,p345,data\VCTK\wav48_silence_trimmed\p345\p345_155_mic2.flac,p281,0,1,0.32909753918647766,0.2584703266620636,0.32909753918647766,-0.07062721252441406,2.9474375
original,0,p345_184_mic2,p345,data\VCTK\wav48_silence_trimmed\p345\p345_184_mic2.flac,p345,1,1,0.7795144319534302,0.7795144319534302,0.3225746154785156,0.45693981647491455,3.447875
base,1,p345_184_mic2,p345,data\VCTK\wav48_silence_trimmed\p345\p345_184_mic2.flac,p360,0,1,0.4183119237422943,0.24667039513587952,0.4183119237422943,-0.1716415286064148,3.447875
base,2,p345_184_mic2,p345,data\VCTK\wav48_silence_trimmed\p345\p345_184_mic2.flac,p345,1,1,0.3523978590965271,0.3523978590965271,0.3012087047100067,0.051189154386520386,3.447875
base,3,p345_184_mic2,p345,data\VCTK\wav48_silence_trimmed\p345\p345_184_mic2.flac,p345,1,1,0.44265827536582947,0.44265827536582947,0.3329393267631531,0.10971894860267639,3.447875
lca,1,p345_184_mic2,p345,data\VCTK\wav48_silence_trimmed\p345\p345_184_mic2.flac,p281,0,1,0.3300929367542267,0.12792395055294037,0.3300929367542267,-0.20216898620128632,3.447875
lca,2,p345_184_mic2,p345,data\VCTK\wav48_silence_trimmed\p345\p345_184_mic2.flac,p281,0,1,0.33686691522598267,0.2597154378890991,0.33686691522598267,-0.07715147733688354,3.447875
lca,3,p345_184_mic2,p345,data\VCTK\wav48_silence_trimmed\p345\p345_184_mic2.flac,p311,0,1,0.382519006729126,0.31682923436164856,0.382519006729126,-0.06568977236747742,3.447875
original,0,p345_286_mic1,p345,data\VCTK\wav48_silence_trimmed\p345\p345_286_mic1.flac,p345,1,1,0.6794519424438477,0.6794519424438477,0.31738370656967163,0.362068235874176,2.5661875
base,1,p345_286_mic1,p345,data\VCTK\wav48_silence_trimmed\p345\p345_286_mic1.flac,p316,0,1,0.3456214964389801,0.2814313471317291,0.3456214964389801,-0.06419014930725098,2.5661875
base,2,p345_286_mic1,p345,data\VCTK\wav48_silence_trimmed\p345\p345_286_mic1.flac,p345,1,1,0.3654845058917999,0.3654845058917999,0.31050407886505127,0.05498042702674866,2.5661875
base,3,p345_286_mic1,p345,data\VCTK\wav48_silence_trimmed\p345\p345_286_mic1.flac,p345,1,1,0.38196057081222534,0.38196057081222534,0.3097619414329529,0.07219862937927246,2.5661875
lca,1,p345_286_mic1,p345,data\VCTK\wav48_silence_trimmed\p345\p345_286_mic1.flac,p360,0,1,0.3344918191432953,0.2128971517086029,0.3344918191432953,-0.12159466743469238,2.5661875
lca,2,p345_286_mic1,p345,data\VCTK\wav48_silence_trimmed\p345\p345_286_mic1.flac,p345,1,1,0.3143117129802704,0.3143117129802704,0.2802567481994629,0.034054964780807495,2.5661875
lca,3,p345_286_mic1,p345,data\VCTK\wav48_silence_trimmed\p345\p345_286_mic1.flac,p345,1,1,0.29343244433403015,0.29343244433403015,0.29118162393569946,0.0022508203983306885,2.5661875
original,0,p345_308_mic1,p345,data\VCTK\wav48_silence_trimmed\p345\p345_308_mic1.flac,p345,1,1,0.746012270450592,0.746012270450592,0.33033430576324463,0.4156779646873474,3.145
base,1,p345_308_mic1,p345,data\VCTK\wav48_silence_trimmed\p345\p345_308_mic1.flac,p302,0,1,0.3318637013435364,0.16672265529632568,0.3318637013435364,-0.1651410460472107,3.145
base,2,p345_308_mic1,p345,data\VCTK\wav48_silence_trimmed\p345\p345_308_mic1.flac,p345,1,1,0.33787083625793457,0.33787083625793457,0.2753909230232239,0.06247991323471069,3.145
base,3,p345_308_mic1,p345,data\VCTK\wav48_silence_trimmed\p345\p345_308_mic1.flac,p345,1,1,0.45444729924201965,0.45444729924201965,0.3446182906627655,0.10982900857925415,3.145
lca,1,p345_308_mic1,p345,data\VCTK\wav48_silence_trimmed\p345\p345_308_mic1.flac,p281,0,1,0.2880972921848297,0.14646689593791962,0.2880972921848297,-0.1416303962469101,3.145
lca,2,p345_308_mic1,p345,data\VCTK\wav48_silence_trimmed\p345\p345_308_mic1.flac,p347,0,1,0.3162534832954407,0.28453487157821655,0.3162534832954407,-0.03171861171722412,3.145
lca,3,p345_308_mic1,p345,data\VCTK\wav48_silence_trimmed\p345\p345_308_mic1.flac,p347,0,1,0.3345496356487274,0.3311459422111511,0.3345496356487274,-0.003403693437576294,3.145
original,0,p347_015_mic1,p347,data\VCTK\wav48_silence_trimmed\p347\p347_015_mic1.flac,p347,1,1,0.8022364377975464,0.8022364377975464,0.3183949291706085,0.48384150862693787,6.190875
base,1,p347_015_mic1,p347,data\VCTK\wav48_silence_trimmed\p347\p347_015_mic1.flac,p347,1,1,0.29323115944862366,0.29323115944862366,0.2924937307834625,0.0007374286651611328,6.190875
base,2,p347_015_mic1,p347,data\VCTK\wav48_silence_trimmed\p347\p347_015_mic1.flac,p347,1,1,0.5587462186813354,0.5587462186813354,0.3695182800292969,0.18922793865203857,6.190875
base,3,p347_015_mic1,p347,data\VCTK\wav48_silence_trimmed\p347\p347_015_mic1.flac,p347,1,1,0.6621314287185669,0.6621314287185669,0.33421552181243896,0.32791590690612793,6.190875
lca,1,p347_015_mic1,p347,data\VCTK\wav48_silence_trimmed\p347\p347_015_mic1.flac,p313,0,1,0.3039248585700989,0.28042805194854736,0.3039248585700989,-0.023496806621551514,6.190875
lca,2,p347_015_mic1,p347,data\VCTK\wav48_silence_trimmed\p347\p347_015_mic1.flac,p347,1,1,0.4881547689437866,0.4881547689437866,0.3298638164997101,0.15829095244407654,6.190875
lca,3,p347_015_mic1,p347,data\VCTK\wav48_silence_trimmed\p347\p347_015_mic1.flac,p347,1,1,0.5842751264572144,0.5842751264572144,0.31472158432006836,0.269553542137146,6.190875
original,0,p347_257_mic1,p347,data\VCTK\wav48_silence_trimmed\p347\p347_257_mic1.flac,p347,1,1,0.7680561542510986,0.7680561542510986,0.3394889831542969,0.42856717109680176,2.7735625
base,1,p347_257_mic1,p347,data\VCTK\wav48_silence_trimmed\p347\p347_257_mic1.flac,p364,0,1,0.3973807394504547,0.2797926664352417,0.3973807394504547,-0.11758807301521301,2.7735625
base,2,p347_257_mic1,p347,data\VCTK\wav48_silence_trimmed\p347\p347_257_mic1.flac,p347,1,1,0.5131083726882935,0.5131083726882935,0.3803211450576782,0.13278722763061523,2.7735625
base,3,p347_257_mic1,p347,data\VCTK\wav48_silence_trimmed\p347\p347_257_mic1.flac,p347,1,1,0.6022802591323853,0.6022802591323853,0.36687028408050537,0.23540997505187988,2.7735625
lca,1,p347_257_mic1,p347,data\VCTK\wav48_silence_trimmed\p347\p347_257_mic1.flac,p313,0,1,0.3002994954586029,0.2491244673728943,0.3002994954586029,-0.05117502808570862,2.7735625
lca,2,p347_257_mic1,p347,data\VCTK\wav48_silence_trimmed\p347\p347_257_mic1.flac,p347,1,1,0.45356637239456177,0.45356637239456177,0.3603101372718811,0.09325623512268066,2.7735625
lca,3,p347_257_mic1,p347,data\VCTK\wav48_silence_trimmed\p347\p347_257_mic1.flac,p347,1,1,0.6240454912185669,0.6240454912185669,0.35706454515457153,0.26698094606399536,2.7735625
original,0,p347_261_mic2,p347,data\VCTK\wav48_silence_trimmed\p347\p347_261_mic2.flac,p347,1,1,0.7720317840576172,0.7720317840576172,0.3009820580482483,0.4710497260093689,3.075625
base,1,p347_261_mic2,p347,data\VCTK\wav48_silence_trimmed\p347\p347_261_mic2.flac,p360,0,1,0.339250385761261,0.31012770533561707,0.339250385761261,-0.02912268042564392,3.075625
base,2,p347_261_mic2,p347,data\VCTK\wav48_silence_trimmed\p347\p347_261_mic2.flac,p347,1,1,0.5377033352851868,0.5377033352851868,0.3583109378814697,0.17939239740371704,3.075625
base,3,p347_261_mic2,p347,data\VCTK\wav48_silence_trimmed\p347\p347_261_mic2.flac,p347,1,1,0.5542932152748108,0.5542932152748108,0.37451085448265076,0.17978236079216003,3.075625
lca,1,p347_261_mic2,p347,data\VCTK\wav48_silence_trimmed\p347\p347_261_mic2.flac,p347,1,1,0.3485018014907837,0.3485018014907837,0.3364427387714386,0.012059062719345093,3.075625
lca,2,p347_261_mic2,p347,data\VCTK\wav48_silence_trimmed\p347\p347_261_mic2.flac,p347,1,1,0.445032000541687,0.445032000541687,0.33499622344970703,0.11003577709197998,3.075625
lca,3,p347_261_mic2,p347,data\VCTK\wav48_silence_trimmed\p347\p347_261_mic2.flac,p347,1,1,0.5230764746665955,0.5230764746665955,0.34344998002052307,0.1796264946460724,3.075625
original,0,p347_299_mic1,p347,data\VCTK\wav48_silence_trimmed\p347\p347_299_mic1.flac,p347,1,1,0.8127714395523071,0.8127714395523071,0.3107890784740448,0.5019823610782623,3.0325
base,1,p347_299_mic1,p347,data\VCTK\wav48_silence_trimmed\p347\p347_299_mic1.flac,p347,1,1,0.3573802709579468,0.3573802709579468,0.2889171242713928,0.06846314668655396,3.0325
base,2,p347_299_mic1,p347,data\VCTK\wav48_silence_trimmed\p347\p347_299_mic1.flac,p347,1,1,0.5830515623092651,0.5830515623092651,0.30726000666618347,0.27579155564308167,3.0325
base,3,p347_299_mic1,p347,data\VCTK\wav48_silence_trimmed\p347\p347_299_mic1.flac,p347,1,1,0.6886119842529297,0.6886119842529297,0.30975091457366943,0.37886106967926025,3.0325
lca,1,p347_299_mic1,p347,data\VCTK\wav48_silence_trimmed\p347\p347_299_mic1.flac,p281,0,1,0.38048121333122253,0.3102792501449585,0.38048121333122253,-0.07020196318626404,3.0325
lca,2,p347_299_mic1,p347,data\VCTK\wav48_silence_trimmed\p347\p347_299_mic1.flac,p347,1,1,0.5132187604904175,0.5132187604904175,0.3116542100906372,0.20156455039978027,3.0325
lca,3,p347_299_mic1,p347,data\VCTK\wav48_silence_trimmed\p347\p347_299_mic1.flac,p347,1,1,0.5930271148681641,0.5930271148681641,0.3353983163833618,0.25762879848480225,3.0325
original,0,p347_421_mic1,p347,data\VCTK\wav48_silence_trimmed\p347\p347_421_mic1.flac,p347,1,1,0.8007004261016846,0.8007004261016846,0.3556898832321167,0.44501054286956787,3.3734375
base,1,p347_421_mic1,p347,data\VCTK\wav48_silence_trimmed\p347\p347_421_mic1.flac,p347,1,1,0.3294561803340912,0.3294561803340912,0.24298712611198425,0.08646905422210693,3.3734375
base,2,p347_421_mic1,p347,data\VCTK\wav48_silence_trimmed\p347\p347_421_mic1.flac,p347,1,1,0.5199248790740967,0.5199248790740967,0.2807939648628235,0.2391309142112732,3.3734375
base,3,p347_421_mic1,p347,data\VCTK\wav48_silence_trimmed\p347\p347_421_mic1.flac,p347,1,1,0.5422364473342896,0.5422364473342896,0.30284151434898376,0.2393949329853058,3.3734375
lca,1,p347_421_mic1,p347,data\VCTK\wav48_silence_trimmed\p347\p347_421_mic1.flac,p281,0,1,0.377519816160202,0.37207719683647156,0.377519816160202,-0.005442619323730469,3.3734375
lca,2,p347_421_mic1,p347,data\VCTK\wav48_silence_trimmed\p347\p347_421_mic1.flac,p347,1,1,0.5563237071037292,0.5563237071037292,0.33224061131477356,0.2240830957889557,3.3734375
lca,3,p347_421_mic1,p347,data\VCTK\wav48_silence_trimmed\p347\p347_421_mic1.flac,p347,1,1,0.5880612134933472,0.5880612134933472,0.34192633628845215,0.24613487720489502,3.3734375
original,0,p351_186_mic1,p351,data\VCTK\wav48_silence_trimmed\p351\p351_186_mic1.flac,p351,1,1,0.7350237369537354,0.7350237369537354,0.49126583337783813,0.24375790357589722,2.6705625
base,1,p351_186_mic1,p351,data\VCTK\wav48_silence_trimmed\p351\p351_186_mic1.flac,p283,0,1,0.31206488609313965,0.26394549012184143,0.31206488609313965,-0.04811939597129822,2.6705625
base,2,p351_186_mic1,p351,data\VCTK\wav48_silence_trimmed\p351\p351_186_mic1.flac,p351,1,1,0.36250925064086914,0.36250925064086914,0.32878851890563965,0.03372073173522949,2.6705625
base,3,p351_186_mic1,p351,data\VCTK\wav48_silence_trimmed\p351\p351_186_mic1.flac,p351,1,1,0.4011956453323364,0.4011956453323364,0.3542805314064026,0.04691511392593384,2.6705625
lca,1,p351_186_mic1,p351,data\VCTK\wav48_silence_trimmed\p351\p351_186_mic1.flac,p264,0,1,0.3405379354953766,0.20923733711242676,0.3405379354953766,-0.13130059838294983,2.6705625
lca,2,p351_186_mic1,p351,data\VCTK\wav48_silence_trimmed\p351\p351_186_mic1.flac,p340,0,1,0.3806946873664856,0.31556564569473267,0.3806946873664856,-0.06512904167175293,2.6705625
lca,3,p351_186_mic1,p351,data\VCTK\wav48_silence_trimmed\p351\p351_186_mic1.flac,p340,0,1,0.4292437434196472,0.3117663562297821,0.4292437434196472,-0.11747738718986511,2.6705625
original,0,p351_203_mic2,p351,data\VCTK\wav48_silence_trimmed\p351\p351_203_mic2.flac,p351,1,1,0.7330408096313477,0.7330408096313477,0.4051198959350586,0.32792091369628906,2.610625
base,1,p351_203_mic2,p351,data\VCTK\wav48_silence_trimmed\p351\p351_203_mic2.flac,p230,0,1,0.4343603849411011,0.37329286336898804,0.4343603849411011,-0.06106752157211304,2.610625
base,2,p351_203_mic2,p351,data\VCTK\wav48_silence_trimmed\p351\p351_203_mic2.flac,p262,0,1,0.4477638602256775,0.354536235332489,0.4477638602256775,-0.09322762489318848,2.610625
base,3,p351_203_mic2,p351,data\VCTK\wav48_silence_trimmed\p351\p351_203_mic2.flac,p231,0,1,0.4227410554885864,0.35369154810905457,0.4227410554885864,-0.06904950737953186,2.610625
lca,1,p351_203_mic2,p351,data\VCTK\wav48_silence_trimmed\p351\p351_203_mic2.flac,p280,0,1,0.37088096141815186,0.32963812351226807,0.37088096141815186,-0.04124283790588379,2.610625
lca,2,p351_203_mic2,p351,data\VCTK\wav48_silence_trimmed\p351\p351_203_mic2.flac,p330,0,1,0.40721988677978516,0.25592097640037537,0.40721988677978516,-0.1512989103794098,2.610625
lca,3,p351_203_mic2,p351,data\VCTK\wav48_silence_trimmed\p351\p351_203_mic2.flac,p280,0,1,0.4331815242767334,0.24591903388500214,0.4331815242767334,-0.18726249039173126,2.610625
original,0,p351_294_mic1,p351,data\VCTK\wav48_silence_trimmed\p351\p351_294_mic1.flac,p351,1,1,0.7116369605064392,0.7116369605064392,0.4549254775047302,0.256711483001709,1.88075
base,1,p351_294_mic1,p351,data\VCTK\wav48_silence_trimmed\p351\p351_294_mic1.flac,p266,0,1,0.3328954577445984,0.20906899869441986,0.3328954577445984,-0.12382645905017853,1.88075
base,2,p351_294_mic1,p351,data\VCTK\wav48_silence_trimmed\p351\p351_294_mic1.flac,p233,0,1,0.38861775398254395,0.3425244092941284,0.38861775398254395,-0.04609334468841553,1.88075
base,3,p351_294_mic1,p351,data\VCTK\wav48_silence_trimmed\p351\p351_294_mic1.flac,p233,0,1,0.42952147126197815,0.4060504734516144,0.42952147126197815,-0.02347099781036377,1.88075
lca,1,p351_294_mic1,p351,data\VCTK\wav48_silence_trimmed\p351\p351_294_mic1.flac,p233,0,1,0.34496885538101196,0.18155348300933838,0.34496885538101196,-0.16341537237167358,1.88075
lca,2,p351_294_mic1,p351,data\VCTK\wav48_silence_trimmed\p351\p351_294_mic1.flac,p314,0,1,0.4357686936855316,0.2508428990840912,0.4357686936855316,-0.18492579460144043,1.88075
lca,3,p351_294_mic1,p351,data\VCTK\wav48_silence_trimmed\p351\p351_294_mic1.flac,p233,0,1,0.5031436085700989,0.3088403642177582,0.5031436085700989,-0.1943032443523407,1.88075
original,0,p351_342_mic2,p351,data\VCTK\wav48_silence_trimmed\p351\p351_342_mic2.flac,p351,1,1,0.6752005219459534,0.6752005219459534,0.4725450873374939,0.20265543460845947,1.98975
base,1,p351_342_mic2,p351,data\VCTK\wav48_silence_trimmed\p351\p351_342_mic2.flac,p339,0,1,0.3961050510406494,0.34278884530067444,0.3961050510406494,-0.053316205739974976,1.98975
base,2,p351_342_mic2,p351,data\VCTK\wav48_silence_trimmed\p351\p351_342_mic2.flac,p340,0,1,0.43654027581214905,0.32795798778533936,0.43654027581214905,-0.10858228802680969,1.98975
base,3,p351_342_mic2,p351,data\VCTK\wav48_silence_trimmed\p351\p351_342_mic2.flac,p329,0,1,0.44551628828048706,0.3125353157520294,0.44551628828048706,-0.13298097252845764,1.98975
lca,1,p351_342_mic2,p351,data\VCTK\wav48_silence_trimmed\p351\p351_342_mic2.flac,p295,0,1,0.382902592420578,0.2540968060493469,0.382902592420578,-0.12880578637123108,1.98975
lca,2,p351_342_mic2,p351,data\VCTK\wav48_silence_trimmed\p351\p351_342_mic2.flac,p340,0,1,0.49652910232543945,0.2614035904407501,0.49652910232543945,-0.23512551188468933,1.98975
lca,3,p351_342_mic2,p351,data\VCTK\wav48_silence_trimmed\p351\p351_342_mic2.flac,p300,0,1,0.4688712954521179,0.2574444115161896,0.4688712954521179,-0.21142688393592834,1.98975
original,0,p351_376_mic2,p351,data\VCTK\wav48_silence_trimmed\p351\p351_376_mic2.flac,p351,1,1,0.6841182708740234,0.6841182708740234,0.40467479825019836,0.2794434726238251,2.2506875
base,1,p351_376_mic2,p351,data\VCTK\wav48_silence_trimmed\p351\p351_376_mic2.flac,p330,0,1,0.34334564208984375,0.27570730447769165,0.34334564208984375,-0.0676383376121521,2.2506875
base,2,p351_376_mic2,p351,data\VCTK\wav48_silence_trimmed\p351\p351_376_mic2.flac,p329,0,1,0.36917513608932495,0.2497287392616272,0.36917513608932495,-0.11944639682769775,2.2506875
base,3,p351_376_mic2,p351,data\VCTK\wav48_silence_trimmed\p351\p351_376_mic2.flac,p330,0,1,0.36507585644721985,0.270058274269104,0.36507585644721985,-0.09501758217811584,2.2506875
lca,1,p351_376_mic2,p351,data\VCTK\wav48_silence_trimmed\p351\p351_376_mic2.flac,p330,0,1,0.36531952023506165,0.28190937638282776,0.36531952023506165,-0.08341014385223389,2.2506875
lca,2,p351_376_mic2,p351,data\VCTK\wav48_silence_trimmed\p351\p351_376_mic2.flac,p280,0,1,0.4271353483200073,0.24409380555152893,0.4271353483200073,-0.1830415427684784,2.2506875
lca,3,p351_376_mic2,p351,data\VCTK\wav48_silence_trimmed\p351\p351_376_mic2.flac,p280,0,1,0.42518967390060425,0.2457350194454193,0.42518967390060425,-0.17945465445518494,2.2506875
original,0,p360_013_mic1,p360,data\VCTK\wav48_silence_trimmed\p360\p360_013_mic1.flac,p360,1,1,0.723488450050354,0.723488450050354,0.39675652980804443,0.32673192024230957,4.5410625
base,1,p360_013_mic1,p360,data\VCTK\wav48_silence_trimmed\p360\p360_013_mic1.flac,p316,0,1,0.2738596200942993,0.2572128176689148,0.2738596200942993,-0.01664680242538452,4.5410625
base,2,p360_013_mic1,p360,data\VCTK\wav48_silence_trimmed\p360\p360_013_mic1.flac,p281,0,1,0.3535727262496948,0.34387797117233276,0.3535727262496948,-0.00969475507736206,4.5410625
base,3,p360_013_mic1,p360,data\VCTK\wav48_silence_trimmed\p360\p360_013_mic1.flac,p360,1,1,0.46143680810928345,0.46143680810928345,0.3505156338214874,0.11092117428779602,4.5410625
lca,1,p360_013_mic1,p360,data\VCTK\wav48_silence_trimmed\p360\p360_013_mic1.flac,p360,1,1,0.31995725631713867,0.31995725631713867,0.28609132766723633,0.033865928649902344,4.5410625
lca,2,p360_013_mic1,p360,data\VCTK\wav48_silence_trimmed\p360\p360_013_mic1.flac,p360,1,1,0.43892306089401245,0.43892306089401245,0.3060316741466522,0.13289138674736023,4.5410625
lca,3,p360_013_mic1,p360,data\VCTK\wav48_silence_trimmed\p360\p360_013_mic1.flac,p360,1,1,0.4186595380306244,0.4186595380306244,0.35372811555862427,0.06493142247200012,4.5410625
original,0,p360_032_mic1,p360,data\VCTK\wav48_silence_trimmed\p360\p360_032_mic1.flac,p360,1,1,0.6976618766784668,0.6976618766784668,0.4407413899898529,0.2569204866886139,2.83175
base,1,p360_032_mic1,p360,data\VCTK\wav48_silence_trimmed\p360\p360_032_mic1.flac,p281,0,1,0.26019608974456787,0.24756944179534912,0.26019608974456787,-0.01262664794921875,2.83175
base,2,p360_032_mic1,p360,data\VCTK\wav48_silence_trimmed\p360\p360_032_mic1.flac,p281,0,1,0.33295738697052,0.3274044990539551,0.33295738697052,-0.005552887916564941,2.83175
base,3,p360_032_mic1,p360,data\VCTK\wav48_silence_trimmed\p360\p360_032_mic1.flac,p281,0,1,0.36005568504333496,0.3382877707481384,0.36005568504333496,-0.021767914295196533,2.83175
lca,1,p360_032_mic1,p360,data\VCTK\wav48_silence_trimmed\p360\p360_032_mic1.flac,p364,0,1,0.2945754826068878,0.28049787878990173,0.2945754826068878,-0.014077603816986084,2.83175
lca,2,p360_032_mic1,p360,data\VCTK\wav48_silence_trimmed\p360\p360_032_mic1.flac,p281,0,1,0.3489110469818115,0.2431676685810089,0.3489110469818115,-0.10574337840080261,2.83175
lca,3,p360_032_mic1,p360,data\VCTK\wav48_silence_trimmed\p360\p360_032_mic1.flac,p281,0,1,0.4319928288459778,0.3442995548248291,0.4319928288459778,-0.08769327402114868,2.83175
original,0,p360_077_mic1,p360,data\VCTK\wav48_silence_trimmed\p360\p360_077_mic1.flac,p360,1,1,0.6142475008964539,0.6142475008964539,0.41685473918914795,0.1973927617073059,2.707875
base,1,p360_077_mic1,p360,data\VCTK\wav48_silence_trimmed\p360\p360_077_mic1.flac,p360,1,1,0.3223326802253723,0.3223326802253723,0.29942768812179565,0.02290499210357666,2.707875
base,2,p360_077_mic1,p360,data\VCTK\wav48_silence_trimmed\p360\p360_077_mic1.flac,p360,1,1,0.36296141147613525,0.36296141147613525,0.3622795343399048,0.0006818771362304688,2.707875
base,3,p360_077_mic1,p360,data\VCTK\wav48_silence_trimmed\p360\p360_077_mic1.flac,p360,1,1,0.412420392036438,0.412420392036438,0.2995237112045288,0.11289668083190918,2.707875
lca,1,p360_077_mic1,p360,data\VCTK\wav48_silence_trimmed\p360\p360_077_mic1.flac,p251,0,1,0.2981233596801758,0.24602879583835602,0.2981233596801758,-0.05209456384181976,2.707875
lca,2,p360_077_mic1,p360,data\VCTK\wav48_silence_trimmed\p360\p360_077_mic1.flac,p281,0,1,0.3392900228500366,0.3241942822933197,0.3392900228500366,-0.015095740556716919,2.707875
lca,3,p360_077_mic1,p360,data\VCTK\wav48_silence_trimmed\p360\p360_077_mic1.flac,p360,1,1,0.3160148859024048,0.3160148859024048,0.29865917563438416,0.01735571026802063,2.707875
original,0,p360_181_mic2,p360,data\VCTK\wav48_silence_trimmed\p360\p360_181_mic2.flac,p360,1,1,0.7642316818237305,0.7642316818237305,0.41141796112060547,0.352813720703125,2.2616875
base,1,p360_181_mic2,p360,data\VCTK\wav48_silence_trimmed\p360\p360_181_mic2.flac,p360,1,1,0.28890126943588257,0.28890126943588257,0.27818310260772705,0.010718166828155518,2.2616875
base,2,p360_181_mic2,p360,data\VCTK\wav48_silence_trimmed\p360\p360_181_mic2.flac,p241,0,1,0.3627517819404602,0.333028107881546,0.3627517819404602,-0.029723674058914185,2.2616875
base,3,p360_181_mic2,p360,data\VCTK\wav48_silence_trimmed\p360\p360_181_mic2.flac,p360,1,1,0.3529132902622223,0.3529132902622223,0.32267940044403076,0.03023388981819153,2.2616875
lca,1,p360_181_mic2,p360,data\VCTK\wav48_silence_trimmed\p360\p360_181_mic2.flac,p360,1,1,0.2761342525482178,0.2761342525482178,0.2599833905696869,0.016150861978530884,2.2616875
lca,2,p360_181_mic2,p360,data\VCTK\wav48_silence_trimmed\p360\p360_181_mic2.flac,p360,1,1,0.38424474000930786,0.38424474000930786,0.3758678436279297,0.008376896381378174,2.2616875
lca,3,p360_181_mic2,p360,data\VCTK\wav48_silence_trimmed\p360\p360_181_mic2.flac,p360,1,1,0.3577619791030884,0.3577619791030884,0.33801591396331787,0.019746065139770508,2.2616875
original,0,p360_186_mic2,p360,data\VCTK\wav48_silence_trimmed\p360\p360_186_mic2.flac,p360,1,1,0.7582559585571289,0.7582559585571289,0.39090704917907715,0.36734890937805176,2.7775
base,1,p360_186_mic2,p360,data\VCTK\wav48_silence_trimmed\p360\p360_186_mic2.flac,p249,0,1,0.252212256193161,0.20564338564872742,0.252212256193161,-0.046568870544433594,2.7775
base,2,p360_186_mic2,p360,data\VCTK\wav48_silence_trimmed\p360\p360_186_mic2.flac,p364,0,1,0.3856574296951294,0.34286609292030334,0.3856574296951294,-0.04279133677482605,2.7775
base,3,p360_186_mic2,p360,data\VCTK\wav48_silence_trimmed\p360\p360_186_mic2.flac,p347,0,1,0.3089428246021271,0.2699005603790283,0.3089428246021271,-0.039042264223098755,2.7775
lca,1,p360_186_mic2,p360,data\VCTK\wav48_silence_trimmed\p360\p360_186_mic2.flac,p313,0,1,0.3244299590587616,0.2232254147529602,0.3244299590587616,-0.10120454430580139,2.7775
lca,2,p360_186_mic2,p360,data\VCTK\wav48_silence_trimmed\p360\p360_186_mic2.flac,p281,0,1,0.3120800852775574,0.3012574017047882,0.3120800852775574,-0.010822683572769165,2.7775
lca,3,p360_186_mic2,p360,data\VCTK\wav48_silence_trimmed\p360\p360_186_mic2.flac,p360,1,1,0.36598914861679077,0.36598914861679077,0.35576093196868896,0.010228216648101807,2.7775
original,0,p361_048_mic1,p361,data\VCTK\wav48_silence_trimmed\p361\p361_048_mic1.flac,p361,1,1,0.5818511843681335,0.5818511843681335,0.26757609844207764,0.3142750859260559,2.9454375
base,1,p361_048_mic1,p361,data\VCTK\wav48_silence_trimmed\p361\p361_048_mic1.flac,p330,0,1,0.36981767416000366,0.23760589957237244,0.36981767416000366,-0.13221177458763123,2.9454375
base,2,p361_048_mic1,p361,data\VCTK\wav48_silence_trimmed\p361\p361_048_mic1.flac,p361,1,1,0.42268502712249756,0.42268502712249756,0.3595290184020996,0.06315600872039795,2.9454375
base,3,p361_048_mic1,p361,data\VCTK\wav48_silence_trimmed\p361\p361_048_mic1.flac,p361,1,1,0.5105652809143066,0.5105652809143066,0.3645697832107544,0.14599549770355225,2.9454375
lca,1,p361_048_mic1,p361,data\VCTK\wav48_silence_trimmed\p361\p361_048_mic1.flac,p262,0,1,0.30071529746055603,0.283623069524765,0.30071529746055603,-0.017092227935791016,2.9454375
lca,2,p361_048_mic1,p361,data\VCTK\wav48_silence_trimmed\p361\p361_048_mic1.flac,p361,1,1,0.49169909954071045,0.49169909954071045,0.3855423927307129,0.10615670680999756,2.9454375
lca,3,p361_048_mic1,p361,data\VCTK\wav48_silence_trimmed\p361\p361_048_mic1.flac,p361,1,1,0.5172886252403259,0.5172886252403259,0.4193621575832367,0.09792646765708923,2.9454375
original,0,p361_185_mic1,p361,data\VCTK\wav48_silence_trimmed\p361\p361_185_mic1.flac,p361,1,1,0.5282282829284668,0.5282282829284668,0.2955159544944763,0.23271232843399048,2.26475
base,1,p361_185_mic1,p361,data\VCTK\wav48_silence_trimmed\p361\p361_185_mic1.flac,p262,0,1,0.36123085021972656,0.2826725244522095,0.36123085021972656,-0.07855832576751709,2.26475
base,2,p361_185_mic1,p361,data\VCTK\wav48_silence_trimmed\p361\p361_185_mic1.flac,p361,1,1,0.4087551236152649,0.4087551236152649,0.3227018713951111,0.08605325222015381,2.26475
base,3,p361_185_mic1,p361,data\VCTK\wav48_silence_trimmed\p361\p361_185_mic1.flac,p361,1,1,0.4183511734008789,0.4183511734008789,0.3023263216018677,0.11602485179901123,2.26475
lca,1,p361_185_mic1,p361,data\VCTK\wav48_silence_trimmed\p361\p361_185_mic1.flac,p262,0,1,0.3368932902812958,0.16680151224136353,0.3368932902812958,-0.17009177803993225,2.26475
lca,2,p361_185_mic1,p361,data\VCTK\wav48_silence_trimmed\p361\p361_185_mic1.flac,p361,1,1,0.4225466847419739,0.4225466847419739,0.41263917088508606,0.009907513856887817,2.26475
lca,3,p361_185_mic1,p361,data\VCTK\wav48_silence_trimmed\p361\p361_185_mic1.flac,p299,0,1,0.4390276074409485,0.4326734244823456,0.4390276074409485,-0.006354182958602905,2.26475
original,0,p361_194_mic2,p361,data\VCTK\wav48_silence_trimmed\p361\p361_194_mic2.flac,p361,1,1,0.6680051684379578,0.6680051684379578,0.2749389111995697,0.39306625723838806,3.28625
base,1,p361_194_mic2,p361,data\VCTK\wav48_silence_trimmed\p361\p361_194_mic2.flac,p301,0,1,0.39253517985343933,0.32638368010520935,0.39253517985343933,-0.06615149974822998,3.28625
base,2,p361_194_mic2,p361,data\VCTK\wav48_silence_trimmed\p361\p361_194_mic2.flac,p361,1,1,0.4407019317150116,0.4407019317150116,0.35278210043907166,0.08791983127593994,3.28625
base,3,p361_194_mic2,p361,data\VCTK\wav48_silence_trimmed\p361\p361_194_mic2.flac,p361,1,1,0.4441952109336853,0.4441952109336853,0.37908509373664856,0.06511011719703674,3.28625
lca,1,p361_194_mic2,p361,data\VCTK\wav48_silence_trimmed\p361\p361_194_mic2.flac,p262,0,1,0.34172627329826355,0.2933588922023773,0.34172627329826355,-0.04836738109588623,3.28625
lca,2,p361_194_mic2,p361,data\VCTK\wav48_silence_trimmed\p361\p361_194_mic2.flac,p361,1,1,0.47908908128738403,0.47908908128738403,0.4315211772918701,0.047567903995513916,3.28625
lca,3,p361_194_mic2,p361,data\VCTK\wav48_silence_trimmed\p361\p361_194_mic2.flac,p361,1,1,0.5541486740112305,0.5541486740112305,0.4496205449104309,0.10452812910079956,3.28625
original,0,p361_327_mic2,p361,data\VCTK\wav48_silence_trimmed\p361\p361_327_mic2.flac,p361,1,1,0.628878116607666,0.628878116607666,0.3013337254524231,0.3275443911552429,2.7906875
base,1,p361_327_mic2,p361,data\VCTK\wav48_silence_trimmed\p361\p361_327_mic2.flac,p306,0,1,0.37883806228637695,0.3222290873527527,0.37883806228637695,-0.05660897493362427,2.7906875
base,2,p361_327_mic2,p361,data\VCTK\wav48_silence_trimmed\p361\p361_327_mic2.flac,p248,0,1,0.39787757396698,0.34898531436920166,0.39787757396698,-0.04889225959777832,2.7906875
base,3,p361_327_mic2,p361,data\VCTK\wav48_silence_trimmed\p361\p361_327_mic2.flac,p265,0,1,0.3681861460208893,0.3557581305503845,0.3681861460208893,-0.01242801547050476,2.7906875
lca,1,p361_327_mic2,p361,data\VCTK\wav48_silence_trimmed\p361\p361_327_mic2.flac,p253,0,1,0.353255033493042,0.34703078866004944,0.353255033493042,-0.006224244832992554,2.7906875
lca,2,p361_327_mic2,p361,data\VCTK\wav48_silence_trimmed\p361\p361_327_mic2.flac,p295,0,1,0.47489726543426514,0.37373828887939453,0.47489726543426514,-0.1011589765548706,2.7906875
lca,3,p361_327_mic2,p361,data\VCTK\wav48_silence_trimmed\p361\p361_327_mic2.flac,p295,0,1,0.4752976894378662,0.4603574872016907,0.4752976894378662,-0.014940202236175537,2.7906875
original,0,p361_339_mic1,p361,data\VCTK\wav48_silence_trimmed\p361\p361_339_mic1.flac,p361,1,1,0.5894486904144287,0.5894486904144287,0.3770102560520172,0.2124384343624115,4.2991875
base,1,p361_339_mic1,p361,data\VCTK\wav48_silence_trimmed\p361\p361_339_mic1.flac,p330,0,1,0.39137524366378784,0.30092740058898926,0.39137524366378784,-0.09044784307479858,4.2991875
base,2,p361_339_mic1,p361,data\VCTK\wav48_silence_trimmed\p361\p361_339_mic1.flac,p361,1,1,0.3664441406726837,0.3664441406726837,0.3517877161502838,0.014656424522399902,4.2991875
base,3,p361_339_mic1,p361,data\VCTK\wav48_silence_trimmed\p361\p361_339_mic1.flac,p361,1,1,0.510404646396637,0.510404646396637,0.43887728452682495,0.07152736186981201,4.2991875
lca,1,p361_339_mic1,p361,data\VCTK\wav48_silence_trimmed\p361\p361_339_mic1.flac,p343,0,1,0.37081554532051086,0.26191776990890503,0.37081554532051086,-0.10889777541160583,4.2991875
lca,2,p361_339_mic1,p361,data\VCTK\wav48_silence_trimmed\p361\p361_339_mic1.flac,p339,0,1,0.45872676372528076,0.45847582817077637,0.45872676372528076,-0.00025093555450439453,4.2991875
lca,3,p361_339_mic1,p361,data\VCTK\wav48_silence_trimmed\p361\p361_339_mic1.flac,p361,1,1,0.5166991949081421,0.5166991949081421,0.4451139271259308,0.0715852677822113,4.2991875
original,0,p362_012_mic2,p362,data\VCTK\wav48_silence_trimmed\p362\p362_012_mic2.flac,p362,1,1,0.7114711999893188,0.7114711999893188,0.4199071526527405,0.29156404733657837,4.76375
base,1,p362_012_mic2,p362,data\VCTK\wav48_silence_trimmed\p362\p362_012_mic2.flac,p330,0,1,0.3045058250427246,0.27183568477630615,0.3045058250427246,-0.03267014026641846,4.76375
base,2,p362_012_mic2,p362,data\VCTK\wav48_silence_trimmed\p362\p362_012_mic2.flac,p301,0,1,0.39187145233154297,0.3203372061252594,0.39187145233154297,-0.07153424620628357,4.76375
base,3,p362_012_mic2,p362,data\VCTK\wav48_silence_trimmed\p362\p362_012_mic2.flac,p333,0,1,0.30413997173309326,0.2691192626953125,0.30413997173309326,-0.03502070903778076,4.76375
lca,1,p362_012_mic2,p362,data\VCTK\wav48_silence_trimmed\p362\p362_012_mic2.flac,p262,0,1,0.3398172855377197,0.15002822875976562,0.3398172855377197,-0.1897890567779541,4.76375
lca,2,p362_012_mic2,p362,data\VCTK\wav48_silence_trimmed\p362\p362_012_mic2.flac,p262,0,1,0.3608746826648712,0.20258887112140656,0.3608746826648712,-0.15828581154346466,4.76375
lca,3,p362_012_mic2,p362,data\VCTK\wav48_silence_trimmed\p362\p362_012_mic2.flac,p333,0,1,0.39668548107147217,0.24613073468208313,0.39668548107147217,-0.15055474638938904,4.76375
original,0,p362_022_mic1,p362,data\VCTK\wav48_silence_trimmed\p362\p362_022_mic1.flac,p362,1,1,0.7038720846176147,0.7038720846176147,0.533973753452301,0.16989833116531372,8.3418125
base,1,p362_022_mic1,p362,data\VCTK\wav48_silence_trimmed\p362\p362_022_mic1.flac,p330,0,1,0.3718698024749756,0.2793452739715576,0.3718698024749756,-0.09252452850341797,8.3418125
base,2,p362_022_mic1,p362,data\VCTK\wav48_silence_trimmed\p362\p362_022_mic1.flac,p362,1,1,0.3578944206237793,0.3578944206237793,0.3331472873687744,0.024747133255004883,8.3418125
base,3,p362_022_mic1,p362,data\VCTK\wav48_silence_trimmed\p362\p362_022_mic1.flac,p362,1,1,0.35781025886535645,0.35781025886535645,0.3060627281665802,0.051747530698776245,8.3418125
lca,1,p362_022_mic1,p362,data\VCTK\wav48_silence_trimmed\p362\p362_022_mic1.flac,p339,0,1,0.3532596230506897,0.12444944679737091,0.3532596230506897,-0.2288101762533188,8.3418125
lca,2,p362_022_mic1,p362,data\VCTK\wav48_silence_trimmed\p362\p362_022_mic1.flac,p339,0,1,0.36100244522094727,0.19939975440502167,0.36100244522094727,-0.1616026908159256,8.3418125
lca,3,p362_022_mic1,p362,data\VCTK\wav48_silence_trimmed\p362\p362_022_mic1.flac,p333,0,1,0.37054723501205444,0.2352675497531891,0.37054723501205444,-0.13527968525886536,8.3418125
original,0,p362_121_mic2,p362,data\VCTK\wav48_silence_trimmed\p362\p362_121_mic2.flac,p362,1,1,0.5813745260238647,0.5813745260238647,0.47526291012763977,0.10611161589622498,1.922
base,1,p362_121_mic2,p362,data\VCTK\wav48_silence_trimmed\p362\p362_121_mic2.flac,p301,0,1,0.3041095733642578,0.007031954824924469,0.3041095733642578,-0.29707761853933334,1.922
base,2,p362_121_mic2,p362,data\VCTK\wav48_silence_trimmed\p362\p362_121_mic2.flac,p306,0,1,0.287392258644104,0.1873018443584442,0.287392258644104,-0.10009041428565979,1.922
base,3,p362_121_mic2,p362,data\VCTK\wav48_silence_trimmed\p362\p362_121_mic2.flac,p301,0,1,0.28104278445243835,0.2429032176733017,0.28104278445243835,-0.03813956677913666,1.922
lca,1,p362_121_mic2,p362,data\VCTK\wav48_silence_trimmed\p362\p362_121_mic2.flac,p280,0,1,0.36207079887390137,-0.04901355504989624,0.36207079887390137,-0.4110843539237976,1.922
lca,2,p362_121_mic2,p362,data\VCTK\wav48_silence_trimmed\p362\p362_121_mic2.flac,p230,0,1,0.33969539403915405,0.1100253015756607,0.33969539403915405,-0.22967009246349335,1.922
lca,3,p362_121_mic2,p362,data\VCTK\wav48_silence_trimmed\p362\p362_121_mic2.flac,p230,0,1,0.3124372959136963,0.194055438041687,0.3124372959136963,-0.11838185787200928,1.922
original,0,p362_282_mic1,p362,data\VCTK\wav48_silence_trimmed\p362\p362_282_mic1.flac,p362,1,1,0.7306591272354126,0.7306591272354126,0.4545555114746094,0.2761036157608032,5.4235
base,1,p362_282_mic1,p362,data\VCTK\wav48_silence_trimmed\p362\p362_282_mic1.flac,p301,0,1,0.37777188420295715,0.35019052028656006,0.37777188420295715,-0.027581363916397095,5.4235
base,2,p362_282_mic1,p362,data\VCTK\wav48_silence_trimmed\p362\p362_282_mic1.flac,p301,0,1,0.3646697402000427,0.3158265948295593,0.3646697402000427,-0.0488431453704834,5.4235
base,3,p362_282_mic1,p362,data\VCTK\wav48_silence_trimmed\p362\p362_282_mic1.flac,p306,0,1,0.3768235445022583,0.28949597477912903,0.3768235445022583,-0.08732756972312927,5.4235
lca,1,p362_282_mic1,p362,data\VCTK\wav48_silence_trimmed\p362\p362_282_mic1.flac,p339,0,1,0.30284079909324646,0.2738753855228424,0.30284079909324646,-0.028965413570404053,5.4235
lca,2,p362_282_mic1,p362,data\VCTK\wav48_silence_trimmed\p362\p362_282_mic1.flac,p262,0,1,0.4248174726963043,0.3039550185203552,0.4248174726963043,-0.1208624541759491,5.4235
lca,3,p362_282_mic1,p362,data\VCTK\wav48_silence_trimmed\p362\p362_282_mic1.flac,p339,0,1,0.3873595595359802,0.2617114782333374,0.3873595595359802,-0.12564808130264282,5.4235
original,0,p362_317_mic1,p362,data\VCTK\wav48_silence_trimmed\p362\p362_317_mic1.flac,p362,1,1,0.717747688293457,0.717747688293457,0.4247790575027466,0.29296863079071045,3.1604375
base,1,p362_317_mic1,p362,data\VCTK\wav48_silence_trimmed\p362\p362_317_mic1.flac,p330,0,1,0.3346732258796692,0.3190951943397522,0.3346732258796692,-0.015578031539916992,3.1604375
base,2,p362_317_mic1,p362,data\VCTK\wav48_silence_trimmed\p362\p362_317_mic1.flac,p318,0,1,0.31634512543678284,0.29076340794563293,0.31634512543678284,-0.025581717491149902,3.1604375
base,3,p362_317_mic1,p362,data\VCTK\wav48_silence_trimmed\p362\p362_317_mic1.flac,p362,1,1,0.3760659992694855,0.3760659992694855,0.3609837293624878,0.01508226990699768,3.1604375
lca,1,p362_317_mic1,p362,data\VCTK\wav48_silence_trimmed\p362\p362_317_mic1.flac,p339,0,1,0.33574020862579346,0.21101270616054535,0.33574020862579346,-0.12472750246524811,3.1604375
lca,2,p362_317_mic1,p362,data\VCTK\wav48_silence_trimmed\p362\p362_317_mic1.flac,p333,0,1,0.3665473759174347,0.24302031099796295,0.3665473759174347,-0.12352706491947174,3.1604375
lca,3,p362_317_mic1,p362,data\VCTK\wav48_silence_trimmed\p362\p362_317_mic1.flac,p333,0,1,0.35353517532348633,0.27273204922676086,0.35353517532348633,-0.08080312609672546,3.1604375
original,0,p363_127_mic1,p363,data\VCTK\wav48_silence_trimmed\p363\p363_127_mic1.flac,p363,1,1,0.6017265319824219,0.6017265319824219,0.2965150475502014,0.30521148443222046,2.6473125
base,1,p363_127_mic1,p363,data\VCTK\wav48_silence_trimmed\p363\p363_127_mic1.flac,p316,0,1,0.2834053933620453,0.055515654385089874,0.2834053933620453,-0.2278897389769554,2.6473125
base,2,p363_127_mic1,p363,data\VCTK\wav48_silence_trimmed\p363\p363_127_mic1.flac,p316,0,1,0.34813275933265686,0.25468382239341736,0.34813275933265686,-0.0934489369392395,2.6473125
base,3,p363_127_mic1,p363,data\VCTK\wav48_silence_trimmed\p363\p363_127_mic1.flac,p364,0,1,0.328158974647522,0.28740954399108887,0.328158974647522,-0.040749430656433105,2.6473125
lca,1,p363_127_mic1,p363,data\VCTK\wav48_silence_trimmed\p363\p363_127_mic1.flac,p347,0,1,0.26614147424697876,0.0538334921002388,0.26614147424697876,-0.21230798214673996,2.6473125
lca,2,p363_127_mic1,p363,data\VCTK\wav48_silence_trimmed\p363\p363_127_mic1.flac,p364,0,1,0.3400318920612335,0.30094093084335327,0.3400318920612335,-0.03909096121788025,2.6473125
lca,3,p363_127_mic1,p363,data\VCTK\wav48_silence_trimmed\p363\p363_127_mic1.flac,p364,0,1,0.3884298801422119,0.24442613124847412,0.3884298801422119,-0.1440037488937378,2.6473125
original,0,p363_271_mic2,p363,data\VCTK\wav48_silence_trimmed\p363\p363_271_mic2.flac,p363,1,1,0.687114953994751,0.687114953994751,0.35254061222076416,0.3345743417739868,2.7460625
base,1,p363_271_mic2,p363,data\VCTK\wav48_silence_trimmed\p363\p363_271_mic2.flac,p313,0,1,0.25359949469566345,0.08267177641391754,0.25359949469566345,-0.1709277182817459,2.7460625
base,2,p363_271_mic2,p363,data\VCTK\wav48_silence_trimmed\p363\p363_271_mic2.flac,p363,1,1,0.2977100610733032,0.2977100610733032,0.2665202021598816,0.03118985891342163,2.7460625
base,3,p363_271_mic2,p363,data\VCTK\wav48_silence_trimmed\p363\p363_271_mic2.flac,p363,1,1,0.3198418915271759,0.3198418915271759,0.3149472773075104,0.004894614219665527,2.7460625
lca,1,p363_271_mic2,p363,data\VCTK\wav48_silence_trimmed\p363\p363_271_mic2.flac,p313,0,1,0.3071562945842743,0.15676987171173096,0.3071562945842743,-0.15038642287254333,2.7460625
lca,2,p363_271_mic2,p363,data\VCTK\wav48_silence_trimmed\p363\p363_271_mic2.flac,p364,0,1,0.3244428336620331,0.2715868353843689,0.3244428336620331,-0.052855998277664185,2.7460625
lca,3,p363_271_mic2,p363,data\VCTK\wav48_silence_trimmed\p363\p363_271_mic2.flac,p347,0,1,0.33660778403282166,0.21586205065250397,0.33660778403282166,-0.12074573338031769,2.7460625
original,0,p363_294_mic1,p363,data\VCTK\wav48_silence_trimmed\p363\p363_294_mic1.flac,p363,1,1,0.6597987413406372,0.6597987413406372,0.3601474165916443,0.2996513247489929,2.7760625
base,1,p363_294_mic1,p363,data\VCTK\wav48_silence_trimmed\p363\p363_294_mic1.flac,p316,0,1,0.38568222522735596,0.1784057915210724,0.38568222522735596,-0.20727643370628357,2.7760625
base,2,p363_294_mic1,p363,data\VCTK\wav48_silence_trimmed\p363\p363_294_mic1.flac,p316,0,1,0.3298828899860382,0.310759961605072,0.3298828899860382,-0.019122928380966187,2.7760625
base,3,p363_294_mic1,p363,data\VCTK\wav48_silence_trimmed\p363\p363_294_mic1.flac,p363,1,1,0.393662691116333,0.393662691116333,0.33976873755455017,0.05389395356178284,2.7760625
lca,1,p363_294_mic1,p363,data\VCTK\wav48_silence_trimmed\p363\p363_294_mic1.flac,p364,0,1,0.2780265212059021,0.12130310386419296,0.2780265212059021,-0.15672341734170914,2.7760625
lca,2,p363_294_mic1,p363,data\VCTK\wav48_silence_trimmed\p363\p363_294_mic1.flac,p364,0,1,0.2787381410598755,0.24476855993270874,0.2787381410598755,-0.03396958112716675,2.7760625
lca,3,p363_294_mic1,p363,data\VCTK\wav48_silence_trimmed\p363\p363_294_mic1.flac,p364,0,1,0.30245834589004517,0.297894150018692,0.30245834589004517,-0.004564195871353149,2.7760625
original,0,p363_399_mic1,p363,data\VCTK\wav48_silence_trimmed\p363\p363_399_mic1.flac,p363,1,1,0.6690071225166321,0.6690071225166321,0.4383609890937805,0.23064613342285156,2.4265
base,1,p363_399_mic1,p363,data\VCTK\wav48_silence_trimmed\p363\p363_399_mic1.flac,p316,0,1,0.3361775279045105,0.10135660320520401,0.3361775279045105,-0.2348209246993065,2.4265
base,2,p363_399_mic1,p363,data\VCTK\wav48_silence_trimmed\p363\p363_399_mic1.flac,p364,0,1,0.35958948731422424,0.35481345653533936,0.35958948731422424,-0.004776030778884888,2.4265
base,3,p363_399_mic1,p363,data\VCTK\wav48_silence_trimmed\p363\p363_399_mic1.flac,p363,1,1,0.43076634407043457,0.43076634407043457,0.37758779525756836,0.05317854881286621,2.4265
lca,1,p363_399_mic1,p363,data\VCTK\wav48_silence_trimmed\p363\p363_399_mic1.flac,p314,0,1,0.2950055003166199,0.17057949304580688,0.2950055003166199,-0.12442600727081299,2.4265
lca,2,p363_399_mic1,p363,data\VCTK\wav48_silence_trimmed\p363\p363_399_mic1.flac,p364,0,1,0.3779895305633545,0.3335988223552704,0.3779895305633545,-0.044390708208084106,2.4265
lca,3,p363_399_mic1,p363,data\VCTK\wav48_silence_trimmed\p363\p363_399_mic1.flac,p364,0,1,0.4479275345802307,0.3378666043281555,0.4479275345802307,-0.1100609302520752,2.4265
original,0,p363_417_mic1,p363,data\VCTK\wav48_silence_trimmed\p363\p363_417_mic1.flac,p363,1,1,0.6129032373428345,0.6129032373428345,0.30223748087882996,0.3106657564640045,3.0758125
base,1,p363_417_mic1,p363,data\VCTK\wav48_silence_trimmed\p363\p363_417_mic1.flac,p374,0,1,0.32658278942108154,0.15523041784763336,0.32658278942108154,-0.17135237157344818,3.0758125
base,2,p363_417_mic1,p363,data\VCTK\wav48_silence_trimmed\p363\p363_417_mic1.flac,p374,0,1,0.31683388352394104,0.23535361886024475,0.31683388352394104,-0.08148026466369629,3.0758125
base,3,p363_417_mic1,p363,data\VCTK\wav48_silence_trimmed\p363\p363_417_mic1.flac,p374,0,1,0.30033665895462036,0.28710034489631653,0.30033665895462036,-0.013236314058303833,3.0758125
lca,1,p363_417_mic1,p363,data\VCTK\wav48_silence_trimmed\p363\p363_417_mic1.flac,p364,0,1,0.26929354667663574,0.12164057791233063,0.26929354667663574,-0.14765296876430511,3.0758125
lca,2,p363_417_mic1,p363,data\VCTK\wav48_silence_trimmed\p363\p363_417_mic1.flac,p364,0,1,0.2899717688560486,0.20286545157432556,0.2899717688560486,-0.08710631728172302,3.0758125
lca,3,p363_417_mic1,p363,data\VCTK\wav48_silence_trimmed\p363\p363_417_mic1.flac,p364,0,1,0.2580566108226776,0.2071416825056076,0.2580566108226776,-0.05091492831707001,3.0758125
original,0,p364_071_mic1,p364,data\VCTK\wav48_silence_trimmed\p364\p364_071_mic1.flac,p364,1,1,0.6729751229286194,0.6729751229286194,0.33449721336364746,0.3384779095649719,2.979375
base,1,p364_071_mic1,p364,data\VCTK\wav48_silence_trimmed\p364\p364_071_mic1.flac,p364,1,1,0.2876734137535095,0.2876734137535095,0.2697613835334778,0.01791203022003174,2.979375
base,2,p364_071_mic1,p364,data\VCTK\wav48_silence_trimmed\p364\p364_071_mic1.flac,p364,1,1,0.4609149098396301,0.4609149098396301,0.28872543573379517,0.17218947410583496,2.979375
base,3,p364_071_mic1,p364,data\VCTK\wav48_silence_trimmed\p364\p364_071_mic1.flac,p364,1,1,0.5014187097549438,0.5014187097549438,0.31759652495384216,0.18382218480110168,2.979375
lca,1,p364_071_mic1,p364,data\VCTK\wav48_silence_trimmed\p364\p364_071_mic1.flac,p281,0,1,0.34501659870147705,0.3323396146297455,0.34501659870147705,-0.012676984071731567,2.979375
lca,2,p364_071_mic1,p364,data\VCTK\wav48_silence_trimmed\p364\p364_071_mic1.flac,p364,1,1,0.43648505210876465,0.43648505210876465,0.33223283290863037,0.10425221920013428,2.979375
lca,3,p364_071_mic1,p364,data\VCTK\wav48_silence_trimmed\p364\p364_071_mic1.flac,p364,1,1,0.46960699558258057,0.46960699558258057,0.32986390590667725,0.13974308967590332,2.979375
original,0,p364_071_mic2,p364,data\VCTK\wav48_silence_trimmed\p364\p364_071_mic2.flac,p364,1,1,0.7232537865638733,0.7232537865638733,0.33803653717041016,0.38521724939346313,2.979375
base,1,p364_071_mic2,p364,data\VCTK\wav48_silence_trimmed\p364\p364_071_mic2.flac,p270,0,1,0.3478362560272217,0.2898638844490051,0.3478362560272217,-0.05797237157821655,2.979375
base,2,p364_071_mic2,p364,data\VCTK\wav48_silence_trimmed\p364\p364_071_mic2.flac,p364,1,1,0.3846493363380432,0.3846493363380432,0.3684200048446655,0.016229331493377686,2.979375
base,3,p364_071_mic2,p364,data\VCTK\wav48_silence_trimmed\p364\p364_071_mic2.flac,p364,1,1,0.42774713039398193,0.42774713039398193,0.3171738386154175,0.11057329177856445,2.979375
lca,1,p364_071_mic2,p364,data\VCTK\wav48_silence_trimmed\p364\p364_071_mic2.flac,p281,0,1,0.355827659368515,0.24052143096923828,0.355827659368515,-0.11530622839927673,2.979375
lca,2,p364_071_mic2,p364,data\VCTK\wav48_silence_trimmed\p364\p364_071_mic2.flac,p364,1,1,0.38698887825012207,0.38698887825012207,0.3733023405075073,0.013686537742614746,2.979375
lca,3,p364_071_mic2,p364,data\VCTK\wav48_silence_trimmed\p364\p364_071_mic2.flac,p364,1,1,0.43193507194519043,0.43193507194519043,0.2890474200248718,0.1428876519203186,2.979375
original,0,p364_072_mic1,p364,data\VCTK\wav48_silence_trimmed\p364\p364_072_mic1.flac,p364,1,1,0.718750536441803,0.718750536441803,0.33879220485687256,0.3799583315849304,2.4694375
base,1,p364_072_mic1,p364,data\VCTK\wav48_silence_trimmed\p364\p364_072_mic1.flac,p364,1,1,0.3912513852119446,0.3912513852119446,0.28825628757476807,0.10299509763717651,2.4694375
base,2,p364_072_mic1,p364,data\VCTK\wav48_silence_trimmed\p364\p364_072_mic1.flac,p364,1,1,0.55372154712677,0.55372154712677,0.3234776258468628,0.23024392127990723,2.4694375
base,3,p364_072_mic1,p364,data\VCTK\wav48_silence_trimmed\p364\p364_072_mic1.flac,p364,1,1,0.5733159780502319,0.5733159780502319,0.3846304416656494,0.18868553638458252,2.4694375
lca,1,p364_072_mic1,p364,data\VCTK\wav48_silence_trimmed\p364\p364_072_mic1.flac,p314,0,0,0.24700361490249634,0.22725100815296173,0.24700361490249634,-0.019752606749534607,2.4694375
lca,2,p364_072_mic1,p364,data\VCTK\wav48_silence_trimmed\p364\p364_072_mic1.flac,p364,1,1,0.4247881770133972,0.4247881770133972,0.28142040967941284,0.14336776733398438,2.4694375
lca,3,p364_072_mic1,p364,data\VCTK\wav48_silence_trimmed\p364\p364_072_mic1.flac,p364,1,1,0.4822227954864502,0.4822227954864502,0.3478659391403198,0.13435685634613037,2.4694375
original,0,p364_091_mic2,p364,data\VCTK\wav48_silence_trimmed\p364\p364_091_mic2.flac,p364,1,1,0.7312661409378052,0.7312661409378052,0.3359438180923462,0.395322322845459,2.596875
base,1,p364_091_mic2,p364,data\VCTK\wav48_silence_trimmed\p364\p364_091_mic2.flac,p364,1,1,0.3257073163986206,0.3257073163986206,0.31894317269325256,0.006764143705368042,2.596875
base,2,p364_091_mic2,p364,data\VCTK\wav48_silence_trimmed\p364\p364_091_mic2.flac,p364,1,1,0.511261522769928,0.511261522769928,0.3207281827926636,0.1905333399772644,2.596875
base,3,p364_091_mic2,p364,data\VCTK\wav48_silence_trimmed\p364\p364_091_mic2.flac,p364,1,1,0.46286359429359436,0.46286359429359436,0.37888574600219727,0.0839778482913971,2.596875
lca,1,p364_091_mic2,p364,data\VCTK\wav48_silence_trimmed\p364\p364_091_mic2.flac,p281,0,1,0.3192048966884613,0.21788829565048218,0.3192048966884613,-0.10131660103797913,2.596875
lca,2,p364_091_mic2,p364,data\VCTK\wav48_silence_trimmed\p364\p364_091_mic2.flac,p364,1,1,0.4239715337753296,0.4239715337753296,0.3666940927505493,0.05727744102478027,2.596875
lca,3,p364_091_mic2,p364,data\VCTK\wav48_silence_trimmed\p364\p364_091_mic2.flac,p364,1,1,0.4739302396774292,0.4739302396774292,0.4040715992450714,0.06985864043235779,2.596875
original,0,p364_259_mic1,p364,data\VCTK\wav48_silence_trimmed\p364\p364_259_mic1.flac,p364,1,1,0.7394077777862549,0.7394077777862549,0.3958057761192322,0.3436020016670227,2.66025
base,1,p364_259_mic1,p364,data\VCTK\wav48_silence_trimmed\p364\p364_259_mic1.flac,p364,1,1,0.3350067138671875,0.3350067138671875,0.25525009632110596,0.07975661754608154,2.66025
base,2,p364_259_mic1,p364,data\VCTK\wav48_silence_trimmed\p364\p364_259_mic1.flac,p364,1,1,0.48791348934173584,0.48791348934173584,0.2914549708366394,0.19645851850509644,2.66025
base,3,p364_259_mic1,p364,data\VCTK\wav48_silence_trimmed\p364\p364_259_mic1.flac,p364,1,1,0.5227302312850952,0.5227302312850952,0.35831478238105774,0.16441544890403748,2.66025
lca,1,p364_259_mic1,p364,data\VCTK\wav48_silence_trimmed\p364\p364_259_mic1.flac,p364,1,1,0.3879667818546295,0.3879667818546295,0.3447384238243103,0.043228358030319214,2.66025
lca,2,p364_259_mic1,p364,data\VCTK\wav48_silence_trimmed\p364\p364_259_mic1.flac,p364,1,1,0.5273594260215759,0.5273594260215759,0.4281739890575409,0.09918543696403503,2.66025
lca,3,p364_259_mic1,p364,data\VCTK\wav48_silence_trimmed\p364\p364_259_mic1.flac,p364,1,1,0.5833557844161987,0.5833557844161987,0.366219162940979,0.21713662147521973,2.66025
original,0,p374_110_mic2,p374,data\VCTK\wav48_silence_trimmed\p374\p374_110_mic2.flac,p374,1,1,0.7087071537971497,0.7087071537971497,0.37091881036758423,0.33778834342956543,3.6311875
base,1,p374_110_mic2,p374,data\VCTK\wav48_silence_trimmed\p374\p374_110_mic2.flac,p374,1,1,0.3657722771167755,0.3657722771167755,0.35806846618652344,0.007703810930252075,3.6311875
base,2,p374_110_mic2,p374,data\VCTK\wav48_silence_trimmed\p374\p374_110_mic2.flac,p374,1,1,0.44638514518737793,0.44638514518737793,0.3362378180027008,0.11014732718467712,3.6311875
base,3,p374_110_mic2,p374,data\VCTK\wav48_silence_trimmed\p374\p374_110_mic2.flac,p374,1,1,0.4865869879722595,0.4865869879722595,0.312948077917099,0.17363891005516052,3.6311875
lca,1,p374_110_mic2,p374,data\VCTK\wav48_silence_trimmed\p374\p374_110_mic2.flac,p281,0,1,0.27508941292762756,0.1907617449760437,0.27508941292762756,-0.08432766795158386,3.6311875
lca,2,p374_110_mic2,p374,data\VCTK\wav48_silence_trimmed\p374\p374_110_mic2.flac,p374,1,1,0.3126637935638428,0.3126637935638428,0.3106191158294678,0.002044677734375,3.6311875
lca,3,p374_110_mic2,p374,data\VCTK\wav48_silence_trimmed\p374\p374_110_mic2.flac,p374,1,1,0.3364962637424469,0.3364962637424469,0.3336997628211975,0.0027965009212493896,3.6311875
original,0,p374_160_mic1,p374,data\VCTK\wav48_silence_trimmed\p374\p374_160_mic1.flac,p374,1,1,0.7602334022521973,0.7602334022521973,0.38158589601516724,0.37864750623703003,2.9878125
base,1,p374_160_mic1,p374,data\VCTK\wav48_silence_trimmed\p374\p374_160_mic1.flac,p374,1,1,0.3375369608402252,0.3375369608402252,0.2740527391433716,0.06348422169685364,2.9878125
base,2,p374_160_mic1,p374,data\VCTK\wav48_silence_trimmed\p374\p374_160_mic1.flac,p374,1,1,0.5282995700836182,0.5282995700836182,0.33351683616638184,0.19478273391723633,2.9878125
base,3,p374_160_mic1,p374,data\VCTK\wav48_silence_trimmed\p374\p374_160_mic1.flac,p374,1,1,0.42653897404670715,0.42653897404670715,0.3189351558685303,0.10760381817817688,2.9878125
lca,1,p374_160_mic1,p374,data\VCTK\wav48_silence_trimmed\p374\p374_160_mic1.flac,p313,0,1,0.28142812848091125,0.21735964715480804,0.28142812848091125,-0.06406848132610321,2.9878125
lca,2,p374_160_mic1,p374,data\VCTK\wav48_silence_trimmed\p374\p374_160_mic1.flac,p313,0,1,0.3011680245399475,0.24700477719306946,0.3011680245399475,-0.05416324734687805,2.9878125
lca,3,p374_160_mic1,p374,data\VCTK\wav48_silence_trimmed\p374\p374_160_mic1.flac,p374,1,1,0.34662872552871704,0.34662872552871704,0.33430537581443787,0.012323349714279175,2.9878125
original,0,p374_214_mic1,p374,data\VCTK\wav48_silence_trimmed\p374\p374_214_mic1.flac,p374,1,1,0.6774353981018066,0.6774353981018066,0.25869160890579224,0.4187437891960144,3.24675
base,1,p374_214_mic1,p374,data\VCTK\wav48_silence_trimmed\p374\p374_214_mic1.flac,p374,1,1,0.383979856967926,0.383979856967926,0.2882169783115387,0.09576287865638733,3.24675
base,2,p374_214_mic1,p374,data\VCTK\wav48_silence_trimmed\p374\p374_214_mic1.flac,p374,1,1,0.4196951687335968,0.4196951687335968,0.36773622035980225,0.051958948373794556,3.24675
base,3,p374_214_mic1,p374,data\VCTK\wav48_silence_trimmed\p374\p374_214_mic1.flac,p226,0,1,0.3961988091468811,0.3855772912502289,0.3961988091468811,-0.010621517896652222,3.24675
lca,1,p374_214_mic1,p374,data\VCTK\wav48_silence_trimmed\p374\p374_214_mic1.flac,p281,0,1,0.3437402844429016,0.26522520184516907,0.3437402844429016,-0.07851508259773254,3.24675
lca,2,p374_214_mic1,p374,data\VCTK\wav48_silence_trimmed\p374\p374_214_mic1.flac,p281,0,1,0.37600570917129517,0.30547261238098145,0.37600570917129517,-0.07053309679031372,3.24675
lca,3,p374_214_mic1,p374,data\VCTK\wav48_silence_trimmed\p374\p374_214_mic1.flac,p281,0,1,0.37025028467178345,0.3312215805053711,0.37025028467178345,-0.039028704166412354,3.24675
original,0,p374_274_mic1,p374,data\VCTK\wav48_silence_trimmed\p374\p374_274_mic1.flac,p374,1,1,0.7045592069625854,0.7045592069625854,0.3124561607837677,0.39210304617881775,2.5176875
base,1,p374_274_mic1,p374,data\VCTK\wav48_silence_trimmed\p374\p374_274_mic1.flac,p225,0,1,0.3559766709804535,0.21856620907783508,0.3559766709804535,-0.1374104619026184,2.5176875
base,2,p374_274_mic1,p374,data\VCTK\wav48_silence_trimmed\p374\p374_274_mic1.flac,p374,1,1,0.44237399101257324,0.44237399101257324,0.3034908175468445,0.13888317346572876,2.5176875
base,3,p374_274_mic1,p374,data\VCTK\wav48_silence_trimmed\p374\p374_274_mic1.flac,p374,1,1,0.5102939605712891,0.5102939605712891,0.320682555437088,0.18961140513420105,2.5176875
lca,1,p374_274_mic1,p374,data\VCTK\wav48_silence_trimmed\p374\p374_274_mic1.flac,p314,0,1,0.34976309537887573,0.24527738988399506,0.34976309537887573,-0.10448570549488068,2.5176875
lca,2,p374_274_mic1,p374,data\VCTK\wav48_silence_trimmed\p374\p374_274_mic1.flac,p313,0,1,0.37212973833084106,0.28849077224731445,0.37212973833084106,-0.08363896608352661,2.5176875
lca,3,p374_274_mic1,p374,data\VCTK\wav48_silence_trimmed\p374\p374_274_mic1.flac,p313,0,1,0.37829333543777466,0.2605006694793701,0.37829333543777466,-0.11779266595840454,2.5176875
original,0,p374_376_mic2,p374,data\VCTK\wav48_silence_trimmed\p374\p374_376_mic2.flac,p374,1,1,0.7225972414016724,0.7225972414016724,0.39737439155578613,0.32522284984588623,3.01475
base,1,p374_376_mic2,p374,data\VCTK\wav48_silence_trimmed\p374\p374_376_mic2.flac,p292,0,1,0.33769237995147705,0.29715514183044434,0.33769237995147705,-0.040537238121032715,3.01475
base,2,p374_376_mic2,p374,data\VCTK\wav48_silence_trimmed\p374\p374_376_mic2.flac,p374,1,1,0.48252564668655396,0.48252564668655396,0.3774297833442688,0.10509586334228516,3.01475
base,3,p374_376_mic2,p374,data\VCTK\wav48_silence_trimmed\p374\p374_376_mic2.flac,p374,1,1,0.5055704116821289,0.5055704116821289,0.4109000563621521,0.0946703553199768,3.01475
lca,1,p374_376_mic2,p374,data\VCTK\wav48_silence_trimmed\p374\p374_376_mic2.flac,p281,0,1,0.3365408778190613,0.2613280117511749,0.3365408778190613,-0.07521286606788635,3.01475
lca,2,p374_376_mic2,p374,data\VCTK\wav48_silence_trimmed\p374\p374_376_mic2.flac,p364,0,1,0.4027133882045746,0.3796735405921936,0.4027133882045746,-0.02303984761238098,3.01475
lca,3,p374_376_mic2,p374,data\VCTK\wav48_silence_trimmed\p374\p374_376_mic2.flac,p374,1,1,0.41049471497535706,0.41049471497535706,0.3646087050437927,0.04588600993156433,3.01475
original,0,p376_142_mic2,p376,data\VCTK\wav48_silence_trimmed\p376\p376_142_mic2.flac,p376,1,1,0.850522518157959,0.850522518157959,0.42300087213516235,0.42752164602279663,3.0745625
base,1,p376_142_mic2,p376,data\VCTK\wav48_silence_trimmed\p376\p376_142_mic2.flac,p262,0,1,0.2752830982208252,0.037002693861722946,0.2752830982208252,-0.23828040435910225,3.0745625
base,2,p376_142_mic2,p376,data\VCTK\wav48_silence_trimmed\p376\p376_142_mic2.flac,p376,1,1,0.3215409219264984,0.3215409219264984,0.2887098491191864,0.03283107280731201,3.0745625
base,3,p376_142_mic2,p376,data\VCTK\wav48_silence_trimmed\p376\p376_142_mic2.flac,p376,1,1,0.4368906617164612,0.4368906617164612,0.29416149854660034,0.14272916316986084,3.0745625
lca,1,p376_142_mic2,p376,data\VCTK\wav48_silence_trimmed\p376\p376_142_mic2.flac,p281,0,1,0.3517913818359375,0.17913588881492615,0.3517913818359375,-0.17265549302101135,3.0745625
lca,2,p376_142_mic2,p376,data\VCTK\wav48_silence_trimmed\p376\p376_142_mic2.flac,p376,1,1,0.34416842460632324,0.34416842460632324,0.3184249997138977,0.025743424892425537,3.0745625
lca,3,p376_142_mic2,p376,data\VCTK\wav48_silence_trimmed\p376\p376_142_mic2.flac,p376,1,1,0.4256465435028076,0.4256465435028076,0.3446515202522278,0.08099502325057983,3.0745625
original,0,p376_294_mic1,p376,data\VCTK\wav48_silence_trimmed\p376\p376_294_mic1.flac,p376,1,1,0.8024929761886597,0.8024929761886597,0.4263113737106323,0.37618160247802734,3.247625
base,1,p376_294_mic1,p376,data\VCTK\wav48_silence_trimmed\p376\p376_294_mic1.flac,p316,0,1,0.34869542717933655,0.20311293005943298,0.34869542717933655,-0.14558249711990356,3.247625
base,2,p376_294_mic1,p376,data\VCTK\wav48_silence_trimmed\p376\p376_294_mic1.flac,p376,1,1,0.3861261010169983,0.3861261010169983,0.33809512853622437,0.048030972480773926,3.247625
base,3,p376_294_mic1,p376,data\VCTK\wav48_silence_trimmed\p376\p376_294_mic1.flac,p376,1,1,0.4678012728691101,0.4678012728691101,0.33100417256355286,0.13679710030555725,3.247625
lca,1,p376_294_mic1,p376,data\VCTK\wav48_silence_trimmed\p376\p376_294_mic1.flac,p281,0,1,0.33226627111434937,0.2022026926279068,0.33226627111434937,-0.13006357848644257,3.247625
lca,2,p376_294_mic1,p376,data\VCTK\wav48_silence_trimmed\p376\p376_294_mic1.flac,p360,0,1,0.36063507199287415,0.327483206987381,0.36063507199287415,-0.033151865005493164,3.247625
lca,3,p376_294_mic1,p376,data\VCTK\wav48_silence_trimmed\p376\p376_294_mic1.flac,p376,1,1,0.3831841051578522,0.3831841051578522,0.3819558024406433,0.0012283027172088623,3.247625
original,0,p376_305_mic1,p376,data\VCTK\wav48_silence_trimmed\p376\p376_305_mic1.flac,p376,1,1,0.7758278250694275,0.7758278250694275,0.3601256310939789,0.4157021939754486,2.7954375
base,1,p376_305_mic1,p376,data\VCTK\wav48_silence_trimmed\p376\p376_305_mic1.flac,p360,0,1,0.38516896963119507,0.20127055048942566,0.38516896963119507,-0.1838984191417694,2.7954375
base,2,p376_305_mic1,p376,data\VCTK\wav48_silence_trimmed\p376\p376_305_mic1.flac,p364,0,1,0.3869921565055847,0.3684939742088318,0.3869921565055847,-0.01849818229675293,2.7954375
base,3,p376_305_mic1,p376,data\VCTK\wav48_silence_trimmed\p376\p376_305_mic1.flac,p376,1,1,0.4314171075820923,0.4314171075820923,0.3525344133377075,0.07888269424438477,2.7954375
lca,1,p376_305_mic1,p376,data\VCTK\wav48_silence_trimmed\p376\p376_305_mic1.flac,p281,0,1,0.31772926449775696,0.21282702684402466,0.31772926449775696,-0.1049022376537323,2.7954375
lca,2,p376_305_mic1,p376,data\VCTK\wav48_silence_trimmed\p376\p376_305_mic1.flac,p376,1,1,0.3740777373313904,0.3740777373313904,0.33140987157821655,0.04266786575317383,2.7954375
lca,3,p376_305_mic1,p376,data\VCTK\wav48_silence_trimmed\p376\p376_305_mic1.flac,p376,1,1,0.3920553922653198,0.3920553922653198,0.3047451376914978,0.08731025457382202,2.7954375
original,0,p376_306_mic1,p376,data\VCTK\wav48_silence_trimmed\p376\p376_306_mic1.flac,p376,1,1,0.7902078032493591,0.7902078032493591,0.3974187970161438,0.39278900623321533,2.780125
base,1,p376_306_mic1,p376,data\VCTK\wav48_silence_trimmed\p376\p376_306_mic1.flac,p364,0,1,0.34413444995880127,0.1398516297340393,0.34413444995880127,-0.20428282022476196,2.780125
base,2,p376_306_mic1,p376,data\VCTK\wav48_silence_trimmed\p376\p376_306_mic1.flac,p226,0,1,0.3274020552635193,0.2999388575553894,0.3274020552635193,-0.027463197708129883,2.780125
base,3,p376_306_mic1,p376,data\VCTK\wav48_silence_trimmed\p376\p376_306_mic1.flac,p376,1,1,0.3724132180213928,0.3724132180213928,0.32786163687705994,0.044551581144332886,2.780125
lca,1,p376_306_mic1,p376,data\VCTK\wav48_silence_trimmed\p376\p376_306_mic1.flac,p281,0,1,0.2974138855934143,0.23236298561096191,0.2974138855934143,-0.06505089998245239,2.780125
lca,2,p376_306_mic1,p376,data\VCTK\wav48_silence_trimmed\p376\p376_306_mic1.flac,p376,1,1,0.33108916878700256,0.33108916878700256,0.3071550726890564,0.023934096097946167,2.780125
lca,3,p376_306_mic1,p376,data\VCTK\wav48_silence_trimmed\p376\p376_306_mic1.flac,p376,1,1,0.409281849861145,0.409281849861145,0.3013857901096344,0.10789605975151062,2.780125
original,0,p376_325_mic2,p376,data\VCTK\wav48_silence_trimmed\p376\p376_325_mic2.flac,p376,1,1,0.7826066017150879,0.7826066017150879,0.41297978162765503,0.36962682008743286,3.121875
base,1,p376_325_mic2,p376,data\VCTK\wav48_silence_trimmed\p376\p376_325_mic2.flac,p360,0,1,0.3246897757053375,0.10771003365516663,0.3246897757053375,-0.2169797420501709,3.121875
base,2,p376_325_mic2,p376,data\VCTK\wav48_silence_trimmed\p376\p376_325_mic2.flac,p376,1,1,0.28154730796813965,0.28154730796813965,0.2473125010728836,0.03423480689525604,3.121875
base,3,p376_325_mic2,p376,data\VCTK\wav48_silence_trimmed\p376\p376_325_mic2.flac,p376,1,1,0.3273340165615082,0.3273340165615082,0.2698655128479004,0.05746850371360779,3.121875
lca,1,p376_325_mic2,p376,data\VCTK\wav48_silence_trimmed\p376\p376_325_mic2.flac,p281,0,1,0.36730098724365234,0.1578834354877472,0.36730098724365234,-0.20941755175590515,3.121875
lca,2,p376_325_mic2,p376,data\VCTK\wav48_silence_trimmed\p376\p376_325_mic2.flac,p347,0,1,0.34255170822143555,0.295613169670105,0.34255170822143555,-0.046938538551330566,3.121875
lca,3,p376_325_mic2,p376,data\VCTK\wav48_silence_trimmed\p376\p376_325_mic2.flac,p376,1,1,0.40023165941238403,0.40023165941238403,0.3812369108200073,0.01899474859237671,3.121875
original,0,s5_091_mic2,s5,data\VCTK\wav48_silence_trimmed\s5\s5_091_mic2.flac,s5,1,1,0.7781481146812439,0.7781481146812439,0.33642464876174927,0.44172346591949463,3.4595625
base,1,s5_091_mic2,s5,data\VCTK\wav48_silence_trimmed\s5\s5_091_mic2.flac,p283,0,1,0.35453829169273376,0.18307046592235565,0.35453829169273376,-0.1714678257703781,3.4595625
base,2,s5_091_mic2,s5,data\VCTK\wav48_silence_trimmed\s5\s5_091_mic2.flac,p244,0,1,0.33662521839141846,0.26230838894844055,0.33662521839141846,-0.0743168294429779,3.4595625
base,3,s5_091_mic2,s5,data\VCTK\wav48_silence_trimmed\s5\s5_091_mic2.flac,p283,0,1,0.4120767414569855,0.3079148530960083,0.4120767414569855,-0.10416188836097717,3.4595625
lca,1,s5_091_mic2,s5,data\VCTK\wav48_silence_trimmed\s5\s5_091_mic2.flac,p253,0,1,0.38212287425994873,0.2604575753211975,0.38212287425994873,-0.12166529893875122,3.4595625
lca,2,s5_091_mic2,s5,data\VCTK\wav48_silence_trimmed\s5\s5_091_mic2.flac,p233,0,1,0.40205204486846924,0.2917162775993347,0.40205204486846924,-0.11033576726913452,3.4595625
lca,3,s5_091_mic2,s5,data\VCTK\wav48_silence_trimmed\s5\s5_091_mic2.flac,p280,0,1,0.3940664529800415,0.3679068982601166,0.3940664529800415,-0.026159554719924927,3.4595625
original,0,s5_158_mic2,s5,data\VCTK\wav48_silence_trimmed\s5\s5_158_mic2.flac,s5,1,1,0.797198474407196,0.797198474407196,0.37030065059661865,0.4268978238105774,4.394375
base,1,s5_158_mic2,s5,data\VCTK\wav48_silence_trimmed\s5\s5_158_mic2.flac,p330,0,1,0.39461708068847656,0.251018762588501,0.39461708068847656,-0.14359831809997559,4.394375
base,2,s5_158_mic2,s5,data\VCTK\wav48_silence_trimmed\s5\s5_158_mic2.flac,s5,1,1,0.358737587928772,0.358737587928772,0.35690444707870483,0.0018331408500671387,4.394375
base,3,s5_158_mic2,s5,data\VCTK\wav48_silence_trimmed\s5\s5_158_mic2.flac,s5,1,1,0.41415858268737793,0.41415858268737793,0.36405298113822937,0.05010560154914856,4.394375
lca,1,s5_158_mic2,s5,data\VCTK\wav48_silence_trimmed\s5\s5_158_mic2.flac,p280,0,1,0.3790174722671509,0.2735234498977661,0.3790174722671509,-0.10549402236938477,4.394375
lca,2,s5_158_mic2,s5,data\VCTK\wav48_silence_trimmed\s5\s5_158_mic2.flac,p314,0,1,0.4288080632686615,0.36765193939208984,0.4288080632686615,-0.061156123876571655,4.394375
lca,3,s5_158_mic2,s5,data\VCTK\wav48_silence_trimmed\s5\s5_158_mic2.flac,p280,0,1,0.43544697761535645,0.4210186302661896,0.43544697761535645,-0.01442834734916687,4.394375
original,0,s5_178_mic1,s5,data\VCTK\wav48_silence_trimmed\s5\s5_178_mic1.flac,s5,1,1,0.8650907874107361,0.8650907874107361,0.3822382390499115,0.4828525483608246,6.684375
base,1,s5_178_mic1,s5,data\VCTK\wav48_silence_trimmed\s5\s5_178_mic1.flac,p230,0,1,0.40256673097610474,0.3427693843841553,0.40256673097610474,-0.05979734659194946,6.684375
base,2,s5_178_mic1,s5,data\VCTK\wav48_silence_trimmed\s5\s5_178_mic1.flac,s5,1,1,0.4564526081085205,0.4564526081085205,0.3812139332294464,0.0752386748790741,6.684375
base,3,s5_178_mic1,s5,data\VCTK\wav48_silence_trimmed\s5\s5_178_mic1.flac,s5,1,1,0.49280932545661926,0.49280932545661926,0.3735850155353546,0.11922430992126465,6.684375
lca,1,s5_178_mic1,s5,data\VCTK\wav48_silence_trimmed\s5\s5_178_mic1.flac,p280,0,1,0.42343613505363464,0.36181244254112244,0.42343613505363464,-0.06162369251251221,6.684375
lca,2,s5_178_mic1,s5,data\VCTK\wav48_silence_trimmed\s5\s5_178_mic1.flac,s5,1,1,0.46809935569763184,0.46809935569763184,0.45646095275878906,0.011638402938842773,6.684375
lca,3,s5_178_mic1,s5,data\VCTK\wav48_silence_trimmed\s5\s5_178_mic1.flac,s5,1,1,0.4982456564903259,0.4982456564903259,0.45295220613479614,0.045293450355529785,6.684375
original,0,s5_262_mic2,s5,data\VCTK\wav48_silence_trimmed\s5\s5_262_mic2.flac,s5,1,1,0.8328260183334351,0.8328260183334351,0.37841469049453735,0.4544113278388977,3.4440625
base,1,s5_262_mic2,s5,data\VCTK\wav48_silence_trimmed\s5\s5_262_mic2.flac,p230,0,1,0.33472928404808044,0.15069743990898132,0.33472928404808044,-0.18403184413909912,3.4440625
base,2,s5_262_mic2,s5,data\VCTK\wav48_silence_trimmed\s5\s5_262_mic2.flac,s5,1,1,0.3369005024433136,0.3369005024433136,0.333674818277359,0.00322568416595459,3.4440625
base,3,s5_262_mic2,s5,data\VCTK\wav48_silence_trimmed\s5\s5_262_mic2.flac,s5,1,1,0.4339774250984192,0.4339774250984192,0.38686954975128174,0.04710787534713745,3.4440625
lca,1,s5_262_mic2,s5,data\VCTK\wav48_silence_trimmed\s5\s5_262_mic2.flac,p330,0,1,0.3505224287509918,0.28856924176216125,0.3505224287509918,-0.061953186988830566,3.4440625
lca,2,s5_262_mic2,s5,data\VCTK\wav48_silence_trimmed\s5\s5_262_mic2.flac,p280,0,1,0.4358071982860565,0.4206601679325104,0.4358071982860565,-0.015147030353546143,3.4440625
lca,3,s5_262_mic2,s5,data\VCTK\wav48_silence_trimmed\s5\s5_262_mic2.flac,s5,1,1,0.4746209383010864,0.4746209383010864,0.43775951862335205,0.036861419677734375,3.4440625
original,0,s5_327_mic1,s5,data\VCTK\wav48_silence_trimmed\s5\s5_327_mic1.flac,s5,1,1,0.8032251000404358,0.8032251000404358,0.4262903928756714,0.3769347071647644,4.0975625
base,1,s5_327_mic1,s5,data\VCTK\wav48_silence_trimmed\s5\s5_327_mic1.flac,p339,0,1,0.3747127056121826,0.31225329637527466,0.3747127056121826,-0.06245940923690796,4.0975625
base,2,s5_327_mic1,s5,data\VCTK\wav48_silence_trimmed\s5\s5_327_mic1.flac,p295,0,1,0.4121721386909485,0.3987772762775421,0.4121721386909485,-0.013394862413406372,4.0975625
base,3,s5_327_mic1,s5,data\VCTK\wav48_silence_trimmed\s5\s5_327_mic1.flac,s5,1,1,0.46946343779563904,0.46946343779563904,0.4229692220687866,0.04649421572685242,4.0975625
lca,1,s5_327_mic1,s5,data\VCTK\wav48_silence_trimmed\s5\s5_327_mic1.flac,p280,0,1,0.3460482656955719,0.26107215881347656,0.3460482656955719,-0.08497610688209534,4.0975625
lca,2,s5_327_mic1,s5,data\VCTK\wav48_silence_trimmed\s5\s5_327_mic1.flac,p280,0,1,0.4535561203956604,0.3792808949947357,0.4535561203956604,-0.07427522540092468,4.0975625
lca,3,s5_327_mic1,s5,data\VCTK\wav48_silence_trimmed\s5\s5_327_mic1.flac,p280,0,1,0.45857587456703186,0.4402744770050049,0.45857587456703186,-0.018301397562026978,4.0975625
